Date,Close,pred_top,pred_bot,top_score_label,bottom_score_label
2012-06-11,2809.72998046875,0.9068327368113719,5.476762016317339,0.0,0.0
2012-06-12,2843.070068359375,0.3197115904256376,3.341626320299037,0.0,0.0
2012-06-13,2818.610107421875,0.2909024834156412,4.17004497922013,0.0,0.0
2012-06-14,2836.330078125,0.61734050864567,4.471111857030296,0.0,0.0
2012-06-15,2872.800048828125,0.793916107404453,1.970249472735013,0.0,0.0
2012-06-18,2895.330078125,1.1795094989814472,1.7203926384203245,0.0,0.0
2012-06-19,2929.760009765625,3.270418978149425,1.2852763650787333,0.0,0.0
2012-06-20,2930.449951171875,2.3598439668121123,1.2445586405762044,0.0,0.0
2012-06-21,2859.090087890625,1.9612363804237403,2.0262776343791686,0.0,0.0
2012-06-22,2892.419921875,0.9228919681841753,1.2896263131063175,0.0,0.0
2012-06-25,2836.159912109375,0.3215337689719707,3.469710942694096,0.0,0.0
2012-06-26,2854.06005859375,0.43602716214575865,2.440637461284536,0.0,0.0
2012-06-27,2875.320068359375,0.757659438234232,1.6400265668643548,0.0,0.0
2012-06-28,2849.489990234375,0.7355977122147929,2.3181580223554903,0.0,0.0
2012-06-29,2935.050048828125,2.886711303231411,1.0674618211747102,0.0,0.0
2012-07-02,2951.22998046875,3.754673603163003,0.8842933386529555,0.0,0.0
2012-07-03,2976.080078125,4.975655981601704,0.9477176559912257,0.0,0.0
2012-07-05,2976.1201171875,2.9863547445398537,0.9076258746180476,0.0,0.0
2012-07-06,2937.330078125,1.2212675063169838,0.6906678131404519,0.0,0.0
2012-07-09,2931.77001953125,1.1860562865543476,0.5589576823350477,0.0,0.0
2012-07-10,2902.330078125,0.8183575384203603,0.7008869732151124,0.0,0.0
2012-07-11,2887.97998046875,0.6186067847065893,0.7080310957822299,0.0,0.0
2012-07-12,2866.18994140625,1.085671527214913,2.8937396108403735,0.0,0.0
2012-07-13,2908.469970703125,0.9891532281723957,0.5215794924007314,0.0,0.0
2012-07-16,2896.93994140625,1.8180472372973873,0.985287101665837,0.0,0.0
2012-07-17,2910.0400390625,2.175017863411498,0.7658826223381696,0.0,0.0
2012-07-18,2942.60009765625,1.6736446587275662,0.5368857736309222,0.0,0.0
2012-07-19,2965.89990234375,3.468395098740526,0.5034971520326986,0.0,0.0
2012-07-20,2925.300048828125,2.8282113812722436,0.5414121264494998,0.0,0.0
2012-07-23,2890.14990234375,2.1177392629878193,1.7728343530443065,0.0,0.0
2012-07-24,2862.989990234375,2.5321803122653765,5.591956014196624,0.0,0.0
2012-07-25,2854.239990234375,2.560768211828514,8.021815296950246,0.0,0.0
2012-07-26,2893.25,2.531260200741711,1.0226160355508749,0.0,0.0
2012-07-27,2958.090087890625,5.604236232679883,0.3541501045286743,0.0,0.0
2012-07-30,2945.840087890625,7.167074763969641,0.4492909593832433,0.0,0.0
2012-07-31,2939.52001953125,7.954161365701135,0.7649557620725396,0.0,0.0
2012-08-01,2920.2099609375,4.61884771031009,0.9657965493454505,0.0,0.0
2012-08-02,2909.77001953125,6.828944122258133,1.449938517963543,13.886858824614645,0.0
2012-08-03,2967.89990234375,22.3523484778595,0.4670171060213078,32.144018548844876,0.0
2012-08-06,2989.909912109375,28.52763127720886,0.38710058035212,39.05681871943929,0.0
2012-08-07,3015.860107421875,40.436342037231825,0.3999544504708124,47.207133803050716,0.0
2012-08-08,3011.25,36.9135973753925,0.35210219504850937,45.75921298376202,0.0
2012-08-09,3018.639892578125,42.253319109371084,0.331764334062692,48.080195628418565,0.0
2012-08-10,3020.860107421875,40.22092898973356,0.33209192166358725,48.777510246361246,0.0
2012-08-13,3022.52001953125,45.241857080963946,0.147218199813244,49.29884762126691,0.0
2012-08-14,3016.97998046875,42.69555898371966,0.20545084760129853,47.558858253512895,0.0
2012-08-15,3030.929931640625,46.49026203644556,0.19127433947464273,51.94019319464179,0.0
2012-08-16,3062.389892578125,49.96782295613285,0.1240441845170764,61.82098950738564,0.0
2012-08-17,3076.590087890625,55.56339207965585,0.11874188045220331,66.28091994921735,0.0
2012-08-20,3076.2099609375,55.54265836512175,0.08663076388157047,66.16153146668637,0.0
2012-08-21,3067.260009765625,53.02064973040204,0.07681776655297369,63.350572968867965,0.0
2012-08-22,3073.669921875,56.58924145264995,0.029646134591110103,65.36376796491865,0.0
2012-08-23,3053.39990234375,49.86884498365824,0.4085926003899417,58.997455729454806,0.0
2012-08-24,3069.7900390625,56.078706365625315,0.031667882676088686,64.14519265060757,0.0
2012-08-27,3073.18994140625,56.40840838108275,0.02323946351627608,65.21301796064382,0.0
2012-08-28,3077.139892578125,57.02553477972021,0.0329181950011022,66.45360001515168,0.0
2012-08-29,3081.18994140625,56.77332696015572,0.039610659676650437,67.72562026994066,0.0
2012-08-30,3048.7099609375,43.524050330266135,0.11471716316248437,57.52446102847848,0.0
2012-08-31,3066.9599609375,51.92354678525802,0.10370759613373229,63.256335046561894,0.0
2012-09-04,3075.06005859375,53.776198489817745,0.21031944897122395,65.80037555613984,0.0
2012-09-05,3069.27001953125,51.44803256653419,0.1331388458758017,63.98186736622029,0.0
2012-09-06,3135.81005859375,64.93251663607819,0.11222567538141211,84.8804493423627,0.0
2012-09-07,3136.419921875,64.60594271362595,0.03795914852573237,85.0719923284657,0.0
2012-09-10,3104.02001953125,55.20810366998111,0.0368385657611611,74.89598364722842,0.0
2012-09-11,3104.530029296875,56.20129623622697,0.06582076419614032,75.05616511158759,0.0
2012-09-12,3114.31005859375,56.00888778754621,0.07681143949417929,78.12783063612744,0.0
2012-09-13,3155.830078125,64.41260050558931,0.12549716725940704,91.168242755661,0.0
2012-09-14,3183.949951171875,60.68270641791127,0.08553542565715753,100.0,0.0
2012-09-17,3178.669921875,45.60486612142124,0.030089718425351752,0.0,0.0
2012-09-18,3177.800048828125,42.530696662524534,0.033216638867414966,0.0,0.0
2012-09-19,3182.6201171875,50.010446918734466,0.032391970703445225,0.0,0.0
2012-09-20,3175.9599609375,40.35918767820096,0.029896072432530597,0.0,0.0
2012-09-21,3179.9599609375,41.94961150254582,0.1230095197616897,0.0,0.0
2012-09-24,3160.780029296875,31.11690208077618,0.020636836674005628,0.0,0.0
2012-09-25,3117.72998046875,11.924217990137654,0.1273275591271399,0.0,0.0
2012-09-26,3093.699951171875,5.593351161856664,1.1194520161908255,0.0,0.0
2012-09-27,3136.60009765625,10.805130253772903,0.11559167431029327,0.0,0.0
2012-09-28,3116.22998046875,5.521567252046505,0.7553566670953156,0.0,0.0
2012-10-01,3113.530029296875,5.023169222995852,0.7324472148469248,0.0,0.0
2012-10-02,3120.0400390625,4.752728139857861,0.4880110457347831,0.0,0.10467202278533483
2012-10-03,3135.22998046875,9.666619045723104,0.37546078728516796,0.0,0.0
2012-10-04,3149.4599609375,15.185953941072109,0.353178782296221,0.0,0.0
2012-10-05,3136.18994140625,9.10230738140105,0.7493530905724459,0.0,0.0
2012-10-08,3112.35009765625,4.6000823963806345,1.500585166547217,0.0,1.4599952874784439
2012-10-09,3065.02001953125,2.237282904072115,7.289999994546417,0.0,9.801743632975468
2012-10-10,3051.780029296875,1.8829851876759076,9.03204470195579,0.0,12.13524213978771
2012-10-11,3049.409912109375,1.9304719801736947,13.562849630678176,0.0,12.552966384299758
2012-10-12,3044.110107421875,1.7781278652107642,14.702279954184256,0.0,13.48703703735577
2012-10-15,3064.179931640625,1.1581432611031568,10.188992143778327,0.0,9.94980596562544
2012-10-16,3101.169921875,3.0899415345746597,1.539649346012517,0.0,3.430459240216921
2012-10-17,3104.1201171875,2.631515321224118,1.8539460525795546,0.0,2.9104984068131556
2012-10-18,3072.8701171875,1.7742649835071418,11.075265390417963,0.0,16.836386862563902
2012-10-19,3005.6201171875,2.4052467155582864,30.205677435790115,0.0,40.5415062478776
2012-10-22,3016.9599609375,1.7838663072573884,27.05992160604867,0.0,36.54429658386936
2012-10-23,2990.4599609375,1.6548011902618625,36.522622176939365,0.0,45.885347345368444
2012-10-24,2981.699951171875,1.4349382465742286,36.87951103224418,0.0,48.973184926196026
2012-10-25,2986.1201171875,1.328885038730818,38.03138808311875,0.0,47.41510963841466
2012-10-26,2987.949951171875,1.8731861309745863,37.18971190341061,0.0,46.77010691640851
2012-10-31,2977.22998046875,1.928302749501207,44.49182754792011,0.0,50.54881599186789
2012-11-01,3020.06005859375,2.0326903623393053,21.949351812825665,0.0,35.451535467920856
2012-11-02,2982.1298828125,1.501652885117569,39.73566605852242,0.0,48.82163725528837
2012-11-05,2999.659912109375,1.3954319702701,34.93259671033942,0.0,42.64243372650818
2012-11-06,3011.929931640625,1.8291808465527932,26.234971113505715,0.0,38.31734409307453
2012-11-07,2937.2900390625,0.5869299959342434,54.9900146384388,0.0,64.62734505175771
2012-11-08,2895.580078125,0.5669784633798565,66.81456781885251,0.0,79.32979268863812
2012-11-09,2904.8701171875,0.7493692880996253,68.3920646710412,0.0,76.0551237656524
2012-11-12,2904.25,0.6080681525527272,66.48112988289964,0.0,76.27371041193601
2012-11-13,2883.889892578125,0.6298570514577366,73.29304847636874,0.0,83.4504952020231
2012-11-14,2846.81005859375,1.1320486101528913,78.36350699462955,0.0,96.52085789923088
2012-11-15,2836.93994140625,1.1818642634227716,77.33388784229187,0.0,100.0
2012-11-16,2853.1298828125,0.42034088220979515,55.83538713840204,0.0,0.0
2012-11-19,2916.070068359375,0.2965003447864466,18.07713154258728,0.0,0.0
2012-11-20,2916.679931640625,0.3308177597901985,5.144569457128651,0.0,0.0
2012-11-21,2926.550048828125,0.5156408227180125,3.3279644490318825,0.0,0.0
2012-11-23,2966.85009765625,0.6824695987163565,0.8850687058783993,0.0,0.0
2012-11-26,2976.780029296875,0.5160670933805341,0.6731964317855454,0.0,0.0
2012-11-27,2967.7900390625,0.5270059745397173,0.8203625762139543,0.0,0.0
2012-11-28,2991.780029296875,0.7857277919672964,0.38287085776128427,0.0,0.0
2012-11-29,3012.030029296875,1.3096993903768344,0.2735724401875765,0.0,0.0
2012-11-30,3010.239990234375,1.2994068022158576,0.3290884421750493,0.0,0.0
2012-12-03,3002.199951171875,1.1105736101018193,0.25401741876698963,0.0,0.0
2012-12-04,2996.68994140625,1.0661458055246842,0.3174967842760345,0.0,0.0
2012-12-05,2973.699951171875,1.352297841484078,0.7237321991664729,0.0,0.0
2012-12-06,2989.27001953125,1.1829566124640625,0.30527830615309454,0.0,0.0
2012-12-07,2978.0400390625,1.5375387788312538,0.4426205239064272,0.0,0.0
2012-12-10,2986.9599609375,1.9766401071577544,0.46102643602939947,0.0,0.0
2012-12-11,3022.300048828125,2.222017974617797,0.23591459045710783,0.0,0.0
2012-12-12,3013.81005859375,1.8967265561399773,0.27429181298167404,0.0,0.0
2012-12-13,2992.159912109375,2.318736362905213,0.38193430297797415,0.0,0.0
2012-12-14,2971.330078125,2.3090033071578984,0.5101327326311552,0.0,0.0
2012-12-17,3010.60009765625,2.0891065715523616,0.23789549844395042,0.0,0.0
2012-12-18,3054.530029296875,3.387377048081821,0.05834365250610832,0.0,0.0
2012-12-19,3044.360107421875,2.9476722986285417,0.08144776617226318,0.0,0.0
2012-12-20,3050.389892578125,3.117677839438132,0.08001924382203217,0.0,0.0
2012-12-21,3021.010009765625,1.6358731211945254,0.5214321837251253,0.0,0.0
2012-12-24,3012.60009765625,2.095400026492673,0.4674035907336018,0.0,0.0
2012-12-26,2990.159912109375,1.8936796858802236,1.3081304077032596,0.0,0.0
2012-12-27,2985.909912109375,1.959794972180218,1.5451983955627966,0.0,0.0
2012-12-28,2960.31005859375,3.200587773748575,5.02080398411834,0.0,0.0
2012-12-31,3019.510009765625,1.7142579609021809,1.3845739295763884,0.0,0.0
2013-01-02,3112.260009765625,5.717376958223187,0.06120170623672537,0.0,0.0
2013-01-03,3100.570068359375,4.590971640524056,0.1676444656878464,0.0,0.0
2013-01-04,3101.659912109375,6.183546557179607,0.10941743383637599,0.0,0.0
2013-01-07,3098.81005859375,5.3980220542260176,0.22984659363210527,0.0,0.0
2013-01-08,3091.81005859375,5.85359867189709,0.16905211740967083,0.0,0.0
2013-01-09,3105.81005859375,5.514958802389316,0.059982602309110455,0.0,0.0
2013-01-10,3121.760009765625,6.162704854441967,0.022607376858172892,0.0,0.0
2013-01-11,3125.6298828125,6.883044752884596,0.019069940551339457,0.0,0.0
2013-01-14,3117.5,6.590876427870238,0.018689300267865437,0.0,0.0
2013-01-15,3110.780029296875,5.8637764340091,0.022005125361015936,0.0,0.0
2013-01-16,3117.5400390625,6.134232065191872,0.0202489663640498,0.0,0.0
2013-01-17,3136.0,7.8995016152629605,0.018951407707590885,0.0,0.0
2013-01-18,3134.7099609375,7.116150093897069,0.03498355848613175,0.0,0.0
2013-01-22,3143.179931640625,8.329591694783755,0.019280386997325132,0.0,0.0
2013-01-23,3153.669921875,10.218419210412343,0.08181995359247443,0.0,0.0
2013-01-24,3130.3798828125,6.229917362111682,0.03609871056588067,0.0,0.0
2013-01-25,3149.7099609375,5.338158151640675,0.027208795418389924,0.0,0.0
2013-01-28,3154.300048828125,6.125033115891966,0.035061051162692466,0.0,0.0
2013-01-29,3153.659912109375,6.147376717524648,0.03098062989211439,0.0,0.0
2013-01-30,3142.31005859375,6.561044309251926,0.03376759961272438,0.0,0.0
2013-01-31,3142.1298828125,5.0432417487321946,0.1871226638617892,0.0,0.0
2013-02-01,3179.10009765625,5.008219330042259,0.1331667982183969,0.0,0.0
2013-02-04,3131.169921875,3.260203693961254,0.06525066780927233,0.0,0.0
2013-02-05,3171.580078125,4.292122983238266,0.0262517944969175,0.0,0.0
2013-02-06,3168.47998046875,3.9346077430257766,0.12932023773151308,0.0,0.0
2013-02-07,3165.1298828125,2.4375650444100456,0.24362893974336366,0.0,0.0
2013-02-08,3193.8701171875,4.689160025931178,0.1476474674219034,0.0,0.0
2013-02-11,3192.0,3.1523228629538242,0.16273245682173096,0.0,0.0
2013-02-12,3186.489990234375,2.09159340699689,0.16251278264512795,0.0,0.0
2013-02-13,3196.8798828125,2.2783734804162363,0.08218466383016786,0.0,0.0
2013-02-14,3198.659912109375,1.8884751536897153,0.020020245959175488,0.0,0.0
2013-02-15,3192.030029296875,1.8758874961951872,0.16424226090513608,0.0,0.0
2013-02-19,3213.590087890625,2.240826695015141,0.021153302678399225,0.0,0.0
2013-02-20,3164.409912109375,3.6760998141238623,0.29710869299276677,0.0,0.0
2013-02-21,3131.489990234375,2.919585255688819,1.489599245873459,0.0,0.0
2013-02-22,3161.820068359375,2.463864842734635,0.15631016763466474,0.0,0.0
2013-02-25,3116.25,6.375982483100055,3.031971304052518,0.0,0.0
2013-02-26,3129.64990234375,4.971651324452417,2.069453133751442,0.0,0.0
2013-02-27,3162.260009765625,4.159645213626463,0.23823189146578086,0.0,0.0
2013-02-28,3160.18994140625,2.3606849624990787,0.14729932505079754,0.0,0.0
2013-03-01,3169.739990234375,2.7440903901962455,0.1476671174740983,0.0,0.0
2013-03-04,3182.030029296875,3.375244421827068,0.16738165994692542,0.0,0.0
2013-03-05,3224.1298828125,2.5697954540917216,0.01783392990294672,0.0,0.0
2013-03-06,3222.3701171875,2.108666574476288,0.018288410819093527,0.0,0.0
2013-03-07,3232.090087890625,1.88874791100054,0.01687260758872031,0.0,0.0
2013-03-08,3244.3701171875,2.8608192819707607,0.017899793053197964,0.0,0.0
2013-03-11,3252.8701171875,3.7242225372805393,0.017910115746161498,0.0,0.0
2013-03-12,3242.320068359375,2.5600194145444943,0.018379511319316286,0.0,0.0
2013-03-13,3245.1201171875,3.384250684401057,0.01829080877343117,0.0,0.0
2013-03-14,3258.929931640625,3.4634150943467743,0.019269840451174265,0.0,0.0
2013-03-15,3249.070068359375,3.58678401284699,0.024003205799480117,0.0,0.0
2013-03-18,3237.590087890625,3.567282735745684,0.02048491839346569,0.0,0.0
2013-03-19,3229.10009765625,3.190298261581775,0.03443307442689561,0.0,0.0
2013-03-20,3254.18994140625,3.533150479199098,0.020409919172854753,0.0,0.0
2013-03-21,3222.60009765625,4.340023026029283,0.09312173789510282,0.0,0.0
2013-03-22,3245.0,3.4349479314680416,0.06901817729293513,0.0,0.0
2013-03-25,3235.300048828125,3.786758683831019,0.1514294444994656,0.0,0.0
2013-03-26,3252.47998046875,3.2159915004404085,0.031640472087121896,0.0,0.0
2013-03-27,3256.52001953125,3.59772719134453,0.03034390544163774,0.0,0.0
2013-03-28,3267.52001953125,3.0224563617294953,0.024162605763802778,0.0,0.0
2013-04-01,3239.169921875,6.263961352540499,0.10018186895329204,0.0,0.0
2013-04-02,3254.860107421875,3.2528647227863736,0.02499708095898529,0.0,0.0
2013-04-03,3218.60009765625,5.386753938021479,0.7659553107296571,0.0,0.0
2013-04-04,3224.97998046875,6.021484945175034,1.0574490872531561,0.0,0.0
2013-04-05,3203.860107421875,5.297157432661335,3.658661944072405,0.0,0.0
2013-04-08,3222.25,5.231197246123275,0.5799761197572225,0.0,0.0
2013-04-09,3237.860107421875,6.242611196711371,0.09662125213283415,0.0,0.0
2013-04-10,3297.25,6.987170757518108,0.03319736675532996,0.0,0.0
2013-04-11,3300.159912109375,7.123426478647069,0.026417466766688914,0.0,0.0
2013-04-12,3294.949951171875,7.130557060262237,0.03137274985802965,0.0,0.0
2013-04-15,3216.489990234375,5.6761585053861054,1.008617777144441,0.0,0.0
2013-04-16,3264.6298828125,4.819806660689375,0.150374739317723,0.0,0.0
2013-04-17,3204.669921875,4.500855157497643,1.210459866282444,0.0,0.0
2013-04-18,3166.360107421875,4.378110703183521,3.5811957676199944,0.0,0.0
2013-04-19,3206.06005859375,3.803293266405954,0.8875006604711886,0.0,0.0
2013-04-22,3233.550048828125,2.70840082679066,0.17762230141243726,0.0,0.0
2013-04-23,3269.330078125,3.0948992864541562,0.032290934522916946,0.0,0.0
2013-04-24,3269.64990234375,4.374286832789495,0.053640807571428716,0.0,0.0
2013-04-25,3289.989990234375,5.0306937301210075,0.06193558466409779,0.0,0.0
2013-04-26,3279.260009765625,3.5801050805645174,0.03350078643494548,0.0,0.0
2013-04-29,3307.02001953125,3.6365800133606534,0.023977073867226945,0.0,0.0
2013-04-30,3328.7900390625,4.340016674975765,0.03112736704562875,0.0,0.0
2013-05-01,3299.1298828125,4.287609580525376,0.026059160847287405,0.0,0.0
2013-05-02,3340.6201171875,8.578131459877845,0.03506011174228949,0.0,0.0
2013-05-03,3378.6298828125,15.033145990431862,0.019126083216797256,0.0,0.0
2013-05-06,3392.969970703125,12.277776663386671,0.018294199169446943,0.0,0.0
2013-05-07,3396.6298828125,11.358929426810572,0.017493258139327696,0.0,0.0
2013-05-08,3413.27001953125,13.9258841932458,0.044029761663596616,0.0,0.0
2013-05-09,3409.169921875,10.471718091770818,0.018358243824970293,0.0,0.0
2013-05-10,3436.580078125,11.307710626409989,0.02023652826886549,0.0,0.0
2013-05-13,3438.7900390625,9.207843204636713,0.019418715796061012,0.0,0.0
2013-05-14,3462.610107421875,10.574170700721572,0.025159476324809516,0.0,0.0
2013-05-15,3471.6201171875,14.152477905836577,0.030713768990774964,0.0,0.0
2013-05-16,3465.239990234375,12.904001610523165,0.10953701766860936,0.0,0.0
2013-05-17,3498.969970703125,15.960838956028805,0.10443880526490365,0.0,0.0
2013-05-20,3496.429931640625,17.179432199427893,0.023782221563033872,0.0,0.0
2013-05-21,3502.1201171875,18.5385073643381,0.020669391490545832,0.0,0.0
2013-05-22,3463.300048828125,9.476023766106145,0.06592480537442096,0.0,0.0
2013-05-23,3459.419921875,7.8106630966468495,0.028378566899821534,0.0,0.0
2013-05-24,3459.139892578125,6.471996839712812,0.07832763410373837,0.0,0.0
2013-05-28,3488.889892578125,9.412008817562935,0.25849678120282826,0.0,0.0
2013-05-29,3467.52001953125,5.3208063661905225,0.2177906331598897,0.0,0.0
2013-05-30,3491.300048828125,6.429747678238205,0.06964958476703285,0.0,0.0
2013-05-31,3455.909912109375,4.125484021236824,0.10321592551568125,0.0,0.0
2013-06-03,3465.3701171875,6.015888686458192,0.35722892934570566,0.0,0.0
2013-06-04,3445.260009765625,3.779964530658984,0.5020056438674992,0.0,0.0
2013-06-05,3401.47998046875,2.194735256666147,2.689028032331454,0.0,0.0
2013-06-06,3424.050048828125,2.4329138343883883,1.0073774239295796,0.0,0.0
2013-06-07,3469.219970703125,3.53934956897413,0.09998682261974254,0.0,0.0
2013-06-10,3473.77001953125,3.8759218803146887,0.05146076662126148,0.0,0.0
2013-06-11,3436.949951171875,2.176178143867464,0.5874474712902773,0.0,0.0
2013-06-12,3400.429931640625,1.846419452180813,1.5413094148393534,0.0,0.0
2013-06-13,3445.360107421875,1.962364010767926,0.34647498767205775,0.0,0.0
2013-06-14,3423.56005859375,1.1141920011629742,0.34380344880880725,0.0,0.0
2013-06-17,3452.1298828125,1.6959354045162502,0.05787164153690379,0.0,0.0
2013-06-18,3482.179931640625,3.7962150851867853,0.09161619430354653,0.0,0.0
2013-06-19,3443.199951171875,2.789364835906164,0.16560713306105967,0.0,0.0
2013-06-20,3364.639892578125,1.4456651355973218,1.962015218837905,0.0,0.0
2013-06-21,3357.25,1.0156628069363327,2.885276205907884,0.0,0.0
2013-06-24,3320.760009765625,1.2389975237928255,7.643622656712746,0.0,0.0
2013-06-25,3347.889892578125,1.085788344553041,5.837104381133422,0.0,0.0
2013-06-26,3376.219970703125,1.0561351511358645,0.7282546063920433,0.0,0.0
2013-06-27,3401.860107421875,1.2366256273892962,0.382198152853274,0.0,0.0
2013-06-28,3403.25,1.8868254969799194,0.2581590854303063,0.0,0.0
2013-07-01,3434.489990234375,2.194502147759202,0.18996644150316366,0.0,0.0
2013-07-02,3433.39990234375,1.2958673431796024,0.07595585181601999,0.0,0.0
2013-07-03,3443.669921875,1.8102997596143098,0.2394306774969936,0.0,0.0
2013-07-05,3479.3798828125,1.5201751195681912,0.04112788642742467,0.0,0.0
2013-07-08,3484.830078125,1.2307194657114258,0.03359478756588381,0.0,0.0
2013-07-09,3504.260009765625,1.9154342409196448,0.02347383149293936,0.0,0.0
2013-07-10,3520.760009765625,2.837976920510684,0.021182846210472374,0.0,0.0
2013-07-11,3578.300048828125,6.532718143497326,0.021852249235602778,0.0,0.0
2013-07-12,3600.080078125,8.428055928319386,0.025624358251878362,0.0,0.0
2013-07-15,3607.489990234375,7.58459068533589,0.029503962147452416,0.0,0.0
2013-07-16,3598.5,5.469528812209733,0.018712583370255317,0.0,0.0
2013-07-17,3610.0,4.424546009601597,0.021197926881626087,0.0,0.0
2013-07-18,3611.280029296875,2.941002401644066,0.034729719730574087,0.0,0.0
2013-07-19,3587.610107421875,1.6895180519962905,0.12176170458082858,0.0,0.0
2013-07-22,3600.389892578125,1.9836055983404157,0.16832514580924757,0.0,0.0
2013-07-23,3579.27001953125,2.657136170999398,0.158338057027588,0.0,0.0
2013-07-24,3579.60009765625,1.848736984567027,0.047306281702271746,0.0,0.0
2013-07-25,3605.18994140625,1.9309056697012184,0.06243770030239078,0.0,0.0
2013-07-26,3613.159912109375,1.8020081414768363,0.05312194865971733,0.0,0.0
2013-07-29,3599.139892578125,1.1229071780858868,0.05323564489739573,0.0,0.0
2013-07-30,3616.469970703125,1.2835508480183964,0.03176860923322382,0.0,0.0
2013-07-31,3626.3701171875,1.6467424036106246,0.13945475501737695,0.0,0.0
2013-08-01,3675.739990234375,7.623389430482487,0.048629620628899715,0.0,0.0
2013-08-02,3689.590087890625,12.035728993817747,0.027333760995478,0.0,0.0
2013-08-05,3692.949951171875,14.394152979081055,0.024714018756702358,0.0,0.0
2013-08-06,3665.77001953125,5.2669271469976575,0.016785373972703292,0.0,0.0
2013-08-07,3654.010009765625,3.6905149989991406,0.017564008535066015,0.0,0.0
2013-08-08,3669.1201171875,4.444717266198472,0.01753961718805797,0.0,0.0
2013-08-09,3660.110107421875,2.1527232165737664,0.031198846349727083,0.0,0.0
2013-08-12,3669.949951171875,3.77683102814878,0.05595607326310233,0.0,0.0
2013-08-13,3684.43994140625,5.345999854400536,0.030774225174275745,0.0,0.0
2013-08-14,3669.27001953125,4.007371554247535,0.02594094796160299,0.0,0.0
2013-08-15,3606.1201171875,2.236460533526124,0.6607723811149094,0.0,0.0
2013-08-16,3602.780029296875,1.4446531240122948,0.7030045509422604,0.0,0.0
2013-08-19,3589.090087890625,2.083612866567658,1.2685265928786837,0.0,0.0
2013-08-20,3613.590087890625,2.455989327003282,0.12678577700000856,0.0,0.0
2013-08-21,3599.7900390625,3.1684208003747925,1.1874925285353934,0.0,0.0
2013-08-22,3638.7099609375,2.206943368067739,0.23633090860609188,0.0,0.0
2013-08-23,3657.7900390625,1.8544949843938145,0.05002376763429601,0.0,0.0
2013-08-26,3657.570068359375,2.542324132042599,0.029115360394197418,0.0,0.0
2013-08-27,3578.52001953125,2.995285795958225,1.6626379997635738,0.0,0.0
2013-08-28,3593.35009765625,2.674357369474131,0.958512955671788,0.0,0.0
2013-08-29,3620.300048828125,2.8147451316776597,0.15627010436752398,0.0,0.0
2013-08-30,3589.8701171875,2.707925945178057,1.1675126068563288,0.0,0.0
2013-09-03,3612.610107421875,2.4224265456406133,0.39657718955716115,0.0,0.0
2013-09-04,3649.0400390625,2.491226569669362,0.06452981637526085,0.0,0.0
2013-09-05,3658.780029296875,1.7941818169846628,0.019947573139123147,0.0,0.0
2013-09-06,3660.010009765625,1.8779016354846214,0.019407520415932526,0.0,0.0
2013-09-09,3706.179931640625,3.420031835219937,0.017969105376505843,0.0,0.0
2013-09-10,3729.02001953125,2.9893446684122416,0.017389597146384467,0.0,0.0
2013-09-11,3725.010009765625,1.9340212567815183,0.016206415311648778,0.0,0.0
2013-09-12,3715.969970703125,2.2684559497943946,0.01644485050297153,0.0,0.0
2013-09-13,3722.179931640625,0.9335478672041866,0.18678030919511304,0.0,0.0
2013-09-16,3717.85009765625,1.4097769079931088,0.017193802081632792,0.0,0.0
2013-09-17,3745.699951171875,1.5567580722542746,0.018798491628043625,0.0,0.0
2013-09-18,3783.639892578125,3.199999395949681,0.11212913191176466,0.0,0.0
2013-09-19,3789.3798828125,2.3910071732154496,0.0381876158941562,0.0,0.0
2013-09-20,3774.72998046875,1.0494039971296139,0.051372168516981835,0.0,0.0
2013-09-23,3765.2900390625,0.8470527616516126,0.046349717370672304,0.0,0.0
2013-09-24,3768.25,0.6154608715333124,0.023895168619808255,0.0,0.0
2013-09-25,3761.10009765625,1.3429257577686682,0.12217878261535352,0.0,0.0
2013-09-26,3787.429931640625,1.0053486697897056,0.04722325085890111,0.0,0.0
2013-09-27,3781.590087890625,1.3292929829918458,0.08721519363247071,0.0,0.0
2013-09-30,3771.47998046875,2.457055383089908,0.4660902811427234,0.0,0.0
2013-10-01,3817.97998046875,2.3353646421590106,0.18982133184778566,0.0,0.0
2013-10-02,3815.02001953125,2.1381505983842612,0.05660956006981479,0.0,0.0
2013-10-03,3774.340087890625,2.5746734411262135,0.12237916251743398,0.0,0.0
2013-10-04,3807.75,2.294841063591229,0.18566602585289924,0.0,0.0
2013-10-07,3770.3798828125,2.8234111419700407,0.12883976674290348,0.0,0.0
2013-10-08,3694.830078125,3.4087024861073805,1.6478867785869982,0.0,0.0
2013-10-09,3677.780029296875,2.6597252636205586,2.295120316902876,0.0,0.0
2013-10-10,3760.75,2.329044909090886,0.23763979748223063,0.0,0.0
2013-10-11,3791.8701171875,2.075660847128972,0.08784077662695382,0.0,0.0
2013-10-14,3815.280029296875,3.155013275730829,0.1903190854108082,0.0,0.0
2013-10-15,3794.010009765625,2.9666951692343035,0.4484333802580835,0.0,0.0
2013-10-16,3839.429931640625,3.185111226533362,0.19114533847585172,0.0,0.0
2013-10-17,3863.14990234375,2.0467969936585,0.028329811645300233,0.0,0.0
2013-10-18,3914.280029296875,6.190847363856963,0.01791255574207382,0.0,0.0
2013-10-21,3920.050048828125,5.597234793524674,0.017959968445444563,0.0,0.0
2013-10-22,3929.570068359375,6.392880329602168,0.028983047976810384,0.0,0.0
2013-10-23,3907.070068359375,3.0471997397527564,0.01595831641169542,0.0,0.0
2013-10-24,3928.9599609375,3.4530302945874793,0.01682914758190089,0.0,0.0
2013-10-25,3943.360107421875,3.681555847879045,0.017794000109868754,0.0,0.0
2013-10-28,3940.1298828125,2.788213594383522,0.03967041677984951,0.0,0.0
2013-10-29,3952.340087890625,3.3444263659296007,0.031442161297995874,0.0,0.0
2013-10-30,3930.6201171875,1.081007649225445,0.020566764404373147,0.0,0.0
2013-10-31,3919.7099609375,1.0265678404505199,0.027977715420746483,0.0,0.0
2013-11-01,3922.0400390625,0.9742424171838626,0.023296988244315274,0.0,0.0
2013-11-04,3936.590087890625,1.685574487320324,0.059872647990525975,0.0,0.0
2013-11-05,3939.860107421875,3.136352991537571,0.0508589498060675,0.0,0.0
2013-11-06,3931.949951171875,2.64684058808486,0.1559859363547673,0.0,0.0
2013-11-07,3857.330078125,3.0008440383910844,0.8126029697820477,0.0,0.0
2013-11-08,3919.22998046875,2.0639533287405576,0.08169836626009841,0.0,0.0
2013-11-11,3919.7900390625,1.8510920503402686,0.05340008779932966,0.0,0.0
2013-11-12,3919.919921875,1.6508937441355813,0.05143891418754451,0.0,0.0
2013-11-13,3965.580078125,3.4890993799413863,0.03473817917635487,0.0,0.0
2013-11-14,3972.739990234375,2.9997849432089874,0.021171162983309438,0.0,0.0
2013-11-15,3985.969970703125,4.492822892009143,0.01600674406338444,0.0,0.0
2013-11-18,3949.070068359375,1.3854247180743053,0.022648315317414184,0.0,0.0
2013-11-19,3931.550048828125,1.2158173922398547,0.025575096407586786,0.0,0.0
2013-11-20,3921.27001953125,1.0838575958170813,0.11681755333119208,0.0,0.0
2013-11-21,3969.159912109375,1.0654248239074606,0.13449480246481654,0.0,0.0
2013-11-22,3991.64990234375,1.6229868342349834,0.033808151680114924,0.0,0.0
2013-11-25,3994.570068359375,0.8813704198601487,0.020321675385351564,0.0,0.0
2013-11-26,4017.75,1.4670657201125983,0.025948059808920548,0.0,0.0
2013-11-27,4044.75,2.9611134230487246,0.023298946590733356,0.0,0.0
2013-11-29,4059.889892578125,3.7836037837425938,0.11351850241112302,0.0,0.0
2013-12-02,4045.260009765625,1.458151234905856,0.08307285921408737,0.0,0.0
2013-12-03,4037.199951171875,0.9523015351214623,0.04533452795155666,0.0,0.0
2013-12-04,4038.0,1.1546884499339063,0.04819968324536129,0.0,0.0
2013-12-05,4033.169921875,1.2664239484975617,0.10214765764516846,0.0,0.0
2013-12-06,4062.52001953125,2.100044293459919,0.0674849452426468,0.0,0.0
2013-12-09,4068.75,1.9774048788093692,0.09552384728604697,0.0,0.0
2013-12-10,4060.489990234375,1.4972738815626572,0.11996702859432276,0.0,0.0
2013-12-11,4003.81005859375,2.140379129102613,0.09371954458368476,0.0,0.0
2013-12-12,3998.39990234375,2.1879644273392933,0.13667201288164227,0.0,0.0
2013-12-13,4000.97998046875,1.6109898820026471,0.2034719447271408,0.0,0.0
2013-12-16,4029.52001953125,1.5397651031717283,0.043454604291141646,0.0,0.0
2013-12-17,4023.679931640625,1.745697564453618,0.17299258947455382,0.0,0.0
2013-12-18,4070.06005859375,2.4566092792648395,0.3544532807647051,0.0,0.0
2013-12-19,4058.139892578125,1.2604419653989158,0.1480162761976854,0.0,0.0
2013-12-20,4104.740234375,6.2485057780177655,0.11643239297408108,0.0,0.0
2013-12-23,4148.89990234375,8.707262902586942,0.08125529604886839,0.0,0.0
2013-12-24,4155.419921875,8.455513867991776,0.06747649607552925,0.0,0.0
2013-12-26,4167.18017578125,8.79919590503826,0.03969924840569944,0.0,0.0
2013-12-27,4156.58984375,3.7553436505139866,0.021380294580039903,0.0,0.0
2013-12-30,4154.2001953125,2.796305170263977,0.015891219283030708,0.0,0.0
2013-12-31,4176.58984375,4.640152081825525,0.0257831858975771,0.0,0.0
2014-01-02,4143.06982421875,1.761594317330964,0.03535146887958523,0.0,0.0
2014-01-03,4131.91015625,1.6801191126728472,0.03989490037974671,0.0,0.0
2014-01-06,4113.68017578125,1.2480977090638083,0.053102665472111475,0.0,0.0
2014-01-07,4153.18017578125,1.4936437207836912,0.02340139189261444,0.0,0.0
2014-01-08,4165.60986328125,1.331046369073165,0.04572143741949457,0.0,0.0
2014-01-09,4156.18994140625,1.0483990676651578,0.02865997483507601,0.0,0.0
2014-01-10,4174.669921875,2.095180029251486,0.04043236810967479,0.0,0.0
2014-01-13,4113.2998046875,2.441684056265624,0.18208216685637033,0.0,0.0
2014-01-14,4183.02001953125,2.1067792882038203,0.03322775841798822,0.0,0.0
2014-01-15,4214.8798828125,4.256042064402249,0.03529169604517866,0.0,0.0
2014-01-16,4218.68994140625,4.993784972852706,0.018424957340970875,0.0,0.0
2014-01-17,4197.580078125,2.9015350741797508,0.017854602803515605,0.0,0.0
2014-01-21,4225.759765625,6.292916211677068,0.0379547658922436,0.0,0.0
2014-01-22,4243.0,7.111452208334775,0.01568157774106338,0.0,0.0
2014-01-23,4218.8798828125,2.756927921665443,0.08144461880041774,0.0,0.0
2014-01-24,4128.169921875,3.827930257999156,0.9616649174013056,0.0,0.0
2014-01-27,4083.610107421875,1.935266002034363,1.1055714601329856,0.0,0.0
2014-01-28,4097.9599609375,2.3951998035233872,1.5449644017242832,0.0,0.0
2014-01-29,4051.429931640625,1.4472839461932188,2.1893843083687945,0.0,0.0
2014-01-30,4123.1298828125,2.37252520266077,0.35676990946919,0.0,0.0
2014-01-31,4103.8798828125,1.3927540017729085,0.8988305582992936,0.0,0.0
2014-02-03,3996.9599609375,0.870305238337585,5.362395003848533,0.0,0.0
2014-02-04,4031.52001953125,0.642526874313312,2.498713291708503,0.0,0.0
2014-02-05,4011.550048828125,0.5048592099067463,4.446426025166322,0.0,0.0
2014-02-06,4057.1201171875,0.6036100580716431,2.3401675391216905,0.0,0.0
2014-02-07,4125.85986328125,0.926466450150611,0.15954062505666497,0.0,0.0
2014-02-10,4148.169921875,1.4131710642474296,0.14333709183286927,0.0,0.0
2014-02-11,4191.0498046875,3.0464489264193673,0.05450013209296824,0.0,0.0
2014-02-12,4201.2900390625,3.961050971391872,0.025975635288939765,0.0,0.0
2014-02-13,4240.669921875,2.94670205982466,0.06247683080065942,0.0,0.0
2014-02-14,4244.02001953125,1.7551423671841928,0.031735493009307635,0.0,0.0
2014-02-18,4272.77978515625,2.381812946895701,0.03805689429540879,0.0,0.0
2014-02-19,4237.9501953125,2.5366751188695535,0.02169002053951796,0.0,0.0
2014-02-20,4267.5498046875,1.915856299969019,0.040685835583537784,0.0,0.0
2014-02-21,4263.41015625,1.304000102007897,0.016334488095434457,0.0,0.0
2014-02-24,4292.97021484375,1.2589673932849625,0.019755673608447922,0.0,0.0
2014-02-25,4287.58984375,0.5654836832377114,0.019707707896169532,0.0,0.0
2014-02-26,4292.06005859375,0.6524762119295586,0.01650301535927559,0.0,0.0
2014-02-27,4318.93017578125,1.2673437943612473,0.016219511841453656,0.0,0.0
2014-02-28,4308.1201171875,1.3025284585322845,0.017358716734227137,0.0,0.0
2014-03-03,4277.2998046875,2.1477981908067214,0.02580741019908454,0.0,0.0
2014-03-04,4351.97021484375,3.699039449099019,0.01822397542420312,0.0,0.0
2014-03-05,4357.97021484375,3.65498553202025,0.0164253568893221,0.0,0.0
2014-03-06,4352.1298828125,2.1466113308991233,0.018100693056285297,0.0,0.0
2014-03-07,4336.22021484375,3.147983671139579,0.01878608842836053,0.0,0.0
2014-03-10,4334.4501953125,2.3914715055052955,0.01943881395906361,0.0,0.0
2014-03-11,4307.18994140625,2.2212109027576146,0.04548511307737014,0.0,0.0
2014-03-12,4323.330078125,1.7511707299537926,0.025058840551772626,0.0,0.0
2014-03-13,4260.419921875,1.903242367567242,0.1366574551646706,0.0,0.0
2014-03-14,4245.39990234375,2.0607413919691564,2.7345008310064833,0.0,0.0
2014-03-17,4279.9501953125,2.3074286154650263,0.11830695463981886,0.0,0.0
2014-03-18,4333.31005859375,1.2465741868108449,0.02945476934186496,0.0,0.0
2014-03-19,4307.60009765625,1.1795914123938944,0.037499156561296494,0.0,0.0
2014-03-20,4319.2900390625,0.9799748724470678,0.0530280270248629,0.0,0.0
2014-03-21,4276.7900390625,1.0302845489942596,0.3853479359426938,0.0,0.0
2014-03-24,4226.39013671875,0.7712363694707526,1.8140265543568743,0.0,0.0
2014-03-25,4234.27001953125,0.779013791408579,1.2817493779955822,0.0,0.0
2014-03-26,4173.580078125,1.0900481841154748,4.2965235465769664,0.0,0.0
2014-03-27,4151.22998046875,0.7769475101897444,8.987286409464694,0.0,0.0
2014-03-28,4155.759765625,0.417321819831407,5.783125721240926,0.0,0.0
2014-03-31,4198.990234375,0.46177717316625094,1.1258032641957358,0.0,0.0
2014-04-01,4268.0400390625,0.6042804251808581,0.08923468391183839,0.0,0.0
2014-04-02,4276.4599609375,0.7909693837081424,0.0649748042738255,0.0,0.0
2014-04-03,4237.740234375,0.45761922976869507,0.2986071770888102,0.0,0.0
2014-04-04,4127.72998046875,0.5748756318562067,10.21467295887122,0.0,0.0
2014-04-07,4079.75,0.4508438201016733,14.751243625888906,0.0,0.0
2014-04-08,4112.990234375,0.2923924333290246,6.573937500811456,0.0,0.0
2014-04-09,4183.89990234375,0.4894663933500717,0.9747681561821978,0.0,0.0
2014-04-10,4054.110107421875,0.8249189812235741,10.25573227628914,0.0,0.0
2014-04-11,3999.72998046875,0.42295513323869643,17.01741136243741,0.0,0.0
2014-04-14,4022.68994140625,0.35643268053980365,14.719102837060491,0.0,0.0
2014-04-15,4034.159912109375,0.34527867201072315,10.888891353642768,0.0,0.0
2014-04-16,4086.22998046875,0.09137461373521175,5.157738518400782,0.0,0.0
2014-04-17,4095.52001953125,0.2800638950377238,4.805306744172424,0.0,0.0
2014-04-21,4121.5498046875,0.5900877935933666,0.9787994569394931,0.0,0.0
2014-04-22,4161.4599609375,0.6117954735652585,0.2847482768358838,0.0,0.0
2014-04-23,4126.97021484375,0.3499212138057455,0.6321926682100906,0.0,0.0
2014-04-24,4148.33984375,0.24598542493660622,0.23197065306562167,0.0,0.0
2014-04-25,4075.56005859375,0.26386522830876435,1.2566501339928116,0.0,0.0
2014-04-28,4074.39990234375,0.32025431275392996,1.12037359668888,0.0,0.0
2014-04-29,4103.5400390625,0.3867432837647378,0.35157932668557346,0.0,0.0
2014-04-30,4114.56005859375,0.28188695141433284,0.5936288250946065,0.0,0.0
2014-05-01,4127.4501953125,0.33801293782810454,0.26642420195130345,0.0,0.0
2014-05-02,4123.89990234375,0.7631351489721439,0.40779265312999086,0.0,0.0
2014-05-05,4138.06005859375,0.8700946728395917,0.12229739536985947,0.0,0.0
2014-05-06,4080.760009765625,0.6377754714111983,0.7925841085938581,0.0,0.0
2014-05-07,4067.669921875,0.3788158041543557,1.1139194208914165,0.0,0.0
2014-05-08,4051.5,0.5226425281480603,3.0856654292605277,0.0,0.0
2014-05-09,4071.8701171875,1.79973175919133,1.1704382701473321,0.0,0.0
2014-05-12,4143.85986328125,1.9265973093833617,0.08841275697838336,0.0,0.0
2014-05-13,4130.169921875,1.7276939552654833,0.07965500638785107,0.0,0.0
2014-05-14,4100.6298828125,1.4562916705481654,0.31147722517907944,0.0,0.0
2014-05-15,4069.2900390625,1.4247176393194059,0.8608175606983016,0.0,0.0
2014-05-16,4090.590087890625,0.8550377588280836,0.35031080626436367,0.0,0.0
2014-05-19,4125.81005859375,0.7732267371554478,0.04098287964022129,0.0,0.0
2014-05-20,4096.89013671875,0.5760991966257578,0.25564638350482954,0.0,0.0
2014-05-21,4131.5400390625,0.5261210543482316,0.07439344748932383,0.0,0.0
2014-05-22,4154.33984375,1.0971488473558169,0.038903432853499204,0.0,0.0
2014-05-23,4185.81005859375,1.6028869237027596,0.03127829640133093,0.0,0.0
2014-05-27,4237.06982421875,2.218713697743988,0.019770375903573948,0.0,0.0
2014-05-28,4225.080078125,1.6360588885058032,0.020354243780738596,0.0,0.0
2014-05-29,4247.9501953125,2.147142577623462,0.0178887688920231,0.0,0.0
2014-05-30,4242.6201171875,1.477033365453391,0.018540851869593464,0.0,0.0
2014-06-02,4237.2001953125,1.490685957652511,0.01867205788981987,0.0,0.0
2014-06-03,4234.080078125,1.337041880743272,0.02018088459981027,0.0,0.0
2014-06-04,4251.64013671875,1.7516893594095366,0.018484007025463975,0.0,0.0
2014-06-05,4296.22998046875,1.3277546077272957,0.019951729715075035,0.0,0.0
2014-06-06,4321.39990234375,1.3101245614032537,0.019576520783576613,0.0,0.0
2014-06-09,4336.240234375,1.3133228855476384,0.017863998916817725,0.0,0.0
2014-06-10,4338.0,1.450503328578114,0.016708690220228587,0.0,0.0
2014-06-11,4331.93017578125,0.6425500959274011,0.0181408934671971,0.0,0.0
2014-06-12,4297.6298828125,1.1439857990221722,0.02206516738851754,0.0,0.0
2014-06-13,4310.64990234375,0.8708309878051204,0.0233571190396687,0.0,0.0
2014-06-16,4321.10009765625,1.7126267133117683,0.020693500849850503,0.0,0.0
2014-06-17,4337.22998046875,0.9884280834447511,0.025402862658736106,0.0,0.0
2014-06-18,4362.83984375,1.049661692946126,0.020460491266061268,0.0,0.0
2014-06-19,4359.330078125,1.351369401134233,0.04854045345415649,0.0,0.0
2014-06-20,4368.0400390625,2.3023939513149094,0.023476729822000005,0.0,0.0
2014-06-23,4368.68017578125,1.0067828053491623,0.024190236162230993,0.0,0.0
2014-06-24,4350.35009765625,1.5117168534416314,0.03710670667742032,0.0,0.0
2014-06-25,4379.759765625,1.7379809381471183,0.024736135522293784,0.0,0.0
2014-06-26,4379.0498046875,1.6557256408217045,0.20300855560735256,0.0,0.0
2014-06-27,4397.93017578125,2.7666226430969796,0.07376409242875528,0.0,0.0
2014-06-30,4408.18017578125,3.7635605521581,0.022692723436808396,0.0,0.0
2014-07-01,4458.64990234375,7.700863307097159,0.033025547092271096,0.0,0.0
2014-07-02,4457.72998046875,9.078162790693892,0.042044269200198915,0.0,0.0
2014-07-03,4485.93017578125,14.814232818095569,0.042952153264321724,0.0,0.0
2014-07-07,4451.52978515625,8.38911750663093,0.036564420046111365,0.0,0.0
2014-07-08,4391.4599609375,3.4438146001130536,0.03981610799381368,0.0,0.0
2014-07-09,4419.02978515625,2.935033933813341,0.030390642621672712,0.0,0.0
2014-07-10,4396.2001953125,3.603339479696627,0.04204474953204701,0.0,0.0
2014-07-11,4415.490234375,3.3652643986281188,0.03746059366162856,0.0,0.0
2014-07-14,4440.419921875,3.4043530344043176,0.0280242624488246,0.0,0.0
2014-07-15,4416.39013671875,2.0266964354910644,0.027724808181619973,0.0,0.0
2014-07-16,4425.97021484375,2.252449927098339,0.03230025886755939,0.0,0.0
2014-07-17,4363.4501953125,3.2392677591846555,0.7356007189485352,0.0,0.0
2014-07-18,4432.14990234375,3.472841497543158,0.08387739116462471,0.0,0.0
2014-07-21,4424.7001953125,3.683654329662471,0.03569149556088685,0.0,0.0
2014-07-22,4456.02001953125,3.9592027232757183,0.036937464703381155,0.0,0.0
2014-07-23,4473.7001953125,5.96226966048105,0.020279396109432607,0.0,0.0
2014-07-24,4472.10986328125,4.367202168602951,0.02117989183715248,0.0,0.0
2014-07-25,4449.56005859375,5.029442255964082,0.023156792397685904,0.0,0.0
2014-07-28,4444.91015625,4.741988267881106,0.029521522886148975,0.0,0.0
2014-07-29,4442.7001953125,5.94394064267891,0.06745655449122245,0.0,0.0
2014-07-30,4462.89990234375,4.085151256752409,0.02432459265055335,0.0,0.0
2014-07-31,4369.77001953125,4.191874769033136,0.7845952734796071,0.0,0.0
2014-08-01,4352.64013671875,3.1323250997977357,1.2285547296070065,0.0,0.0
2014-08-04,4383.89013671875,2.1445936169549022,0.2605889825646831,0.0,0.0
2014-08-05,4352.83984375,3.12138702871443,0.42345171359875583,0.0,0.0
2014-08-06,4355.0498046875,3.2902159989567785,0.7300973573831807,0.0,0.0
2014-08-07,4334.97021484375,2.669321998824299,1.5609261468047158,0.0,0.0
2014-08-08,4370.89990234375,1.5291920013982707,0.6429194326979214,0.0,0.0
2014-08-11,4401.330078125,1.6479294910954136,0.12370913403415712,0.0,0.0
2014-08-12,4389.25,1.0571514468320573,0.3567793396448256,0.0,0.0
2014-08-13,4434.1298828125,3.7301917042281882,0.03429001477155648,0.0,0.0
2014-08-14,4453.0,3.269171395666292,0.01737951408348541,0.0,0.0
2014-08-15,4464.93017578125,7.093927118323826,0.02919405224649037,0.0,0.0
2014-08-18,4508.31005859375,5.705036357515157,0.015342088610862836,0.0,0.0
2014-08-19,4527.509765625,5.769525061502609,0.01801350951731522,0.0,0.0
2014-08-20,4526.47998046875,2.580807197464231,0.020129572532036087,0.0,0.0
2014-08-21,4532.10009765625,2.762680143661312,0.019761607813590217,0.0,0.0
2014-08-22,4538.5498046875,1.4835309599672772,0.020047773896332065,0.0,0.0
2014-08-25,4557.35009765625,1.5214821067760655,0.04181550495158292,0.0,0.0
2014-08-26,4570.64013671875,1.5149329063320638,0.09195857359339453,0.0,0.0
2014-08-27,4569.6201171875,1.9221979611487872,0.10061625926195543,0.0,0.0
2014-08-28,4557.7001953125,2.271154287122606,0.03310322540991651,0.0,0.0
2014-08-29,4580.27001953125,2.19438857937593,0.02496183058898788,0.0,0.0
2014-09-02,4598.18994140625,2.3144842020398433,0.029662596111242223,0.0,0.0
2014-09-03,4572.56005859375,2.8604045160960263,0.05236572630093846,0.0,0.0
2014-09-04,4562.2900390625,2.5727844688151538,0.050583820950658005,0.0,0.0
2014-09-05,4582.89990234375,2.463902763378475,0.026153454251841415,0.0,0.0
2014-09-08,4592.2900390625,2.805797830673373,0.033033526898244715,0.0,0.0
2014-09-09,4552.2900390625,2.7925124099172876,0.07253769878094021,0.0,0.0
2014-09-10,4586.52001953125,3.279746562574177,0.0419897363686944,0.0,0.0
2014-09-11,4591.81005859375,3.438641884969239,0.03645781468756092,0.0,0.0
2014-09-12,4567.60009765625,4.827829619720033,0.06125716678050196,0.0,0.0
2014-09-15,4518.89990234375,3.898963956486669,0.3878372239945254,0.0,0.0
2014-09-16,4552.759765625,2.5352672461252697,0.04426388698377105,0.0,0.0
2014-09-17,4562.18994140625,5.035851018524193,0.03481872636136826,0.0,0.0
2014-09-18,4593.43017578125,6.267525835313647,0.03486533608479018,0.0,0.0
2014-09-19,4579.7900390625,7.841519730721122,0.09947383008539697,0.0,0.0
2014-09-22,4527.68994140625,7.320463735210548,0.6309776514170776,0.0,0.0
2014-09-23,4508.68994140625,5.694486846582205,0.6096497638380554,0.0,0.0
2014-09-24,4555.22021484375,10.101820366068084,0.04757580730904751,0.0,0.0
2014-09-25,4466.75,4.116929363177112,1.1748959062342803,0.0,0.0
2014-09-26,4512.18994140625,4.950194254847691,0.5325170488180915,0.0,0.0
2014-09-29,4505.85009765625,4.744597108364847,0.5514424562229467,0.0,0.0
2014-09-30,4493.39013671875,3.293513032160557,0.6880771464984756,0.0,0.0
2014-10-01,4422.08984375,3.438064578871208,9.062163800184079,0.0,0.0
2014-10-02,4430.2001953125,2.574011810828912,2.472126625968713,0.0,0.0
2014-10-03,4475.6201171875,2.296520718654143,0.5779831506020514,0.0,0.0
2014-10-06,4454.7998046875,2.337111437901511,0.8451599294991815,0.0,0.0
2014-10-07,4385.2001953125,3.3381275672128523,8.51499605937838,0.0,0.0
2014-10-08,4468.58984375,1.7892572667174558,0.8557276233616457,0.0,0.0
2014-10-09,4378.33984375,2.171621618946773,9.190457837196737,0.0,0.0
2014-10-10,4276.240234375,2.0416504650084333,19.49103617573428,0.0,0.0
2014-10-13,4213.66015625,3.0656993850142373,22.244339227108007,0.0,0.0
2014-10-14,4227.169921875,1.1379232946274336,28.87874991510512,0.0,0.0
2014-10-15,4215.31982421875,1.1185760757502525,32.32395140970388,0.0,0.0
2014-10-16,4217.39013671875,0.9721221806398718,25.65278445478092,0.0,0.0
2014-10-17,4258.43994140625,0.2485078747028517,14.13092326074518,0.0,0.0
2014-10-20,4316.06982421875,0.35531248677674404,6.599605332384749,0.0,0.0
2014-10-21,4419.47998046875,0.5384125226874484,0.11745768658091124,0.0,0.0
2014-10-22,4382.85009765625,1.4090371867047495,0.5788125897054465,0.0,0.0
2014-10-23,4452.7900390625,2.0535277773541964,0.06209936213941256,0.0,0.0
2014-10-24,4483.72021484375,2.569155937552576,0.04307017902707013,0.0,0.0
2014-10-27,4485.93017578125,1.8550666942605094,0.07294618965856364,0.0,0.0
2014-10-28,4564.2900390625,2.8802018809138827,0.03936660382670889,0.0,0.0
2014-10-29,4549.22998046875,3.5742029275762626,0.02591284639155254,0.0,0.0
2014-10-30,4566.14013671875,3.5298558898061403,0.05926035781687056,0.0,0.0
2014-10-31,4630.740234375,5.850579596216464,0.026909830950639636,0.0,0.0
2014-11-03,4638.91015625,5.558168869734056,0.022824865257357115,0.0,0.0
2014-11-04,4623.64013671875,3.3219792175107496,0.019788131465720924,0.0,0.0
2014-11-05,4620.72021484375,3.3791314381772843,0.020797944433516777,0.0,0.0
2014-11-06,4638.47021484375,4.504880429198453,0.019399957430203715,0.0,0.0
2014-11-07,4632.52978515625,2.8684554762686547,0.018352811902395672,0.0,0.0
2014-11-10,4651.6201171875,3.6894716488023733,0.025789129501030673,0.0,0.0
2014-11-11,4660.56005859375,4.831280118108975,0.02316439784644528,0.0,0.0
2014-11-12,4675.14013671875,4.22488572065475,0.07750768544791097,0.0,0.0
2014-11-13,4680.14013671875,5.622254614454807,0.0466174391114596,0.0,0.0
2014-11-14,4688.5400390625,4.511048674352116,0.10967597993379866,0.0,0.0
2014-11-17,4671.0,4.943004456948227,0.026104216032721943,0.0,0.0
2014-11-18,4702.43994140625,3.426617107153903,0.01866584079481152,0.0,0.0
2014-11-19,4675.7099609375,4.545048434151228,0.02094230035216731,0.0,0.0
2014-11-20,4701.8701171875,2.663095144826642,0.030394024144208515,0.0,0.0
2014-11-21,4712.97021484375,2.786315508584925,0.02215244698327246,0.0,0.0
2014-11-24,4754.89013671875,4.257145533423294,0.023341791868114588,0.0,0.0
2014-11-25,4758.25,4.560331868321127,0.029073236714207203,0.0,0.0
2014-11-26,4787.31982421875,7.442685315868709,0.04310501306424907,0.0,0.0
2014-11-28,4791.6298828125,8.01531958909169,0.05708917712119181,0.0,0.0
2014-12-01,4727.35009765625,6.080007223892162,0.023025996325940337,0.0,0.0
2014-12-02,4755.81005859375,8.85642973457408,0.029639772329909105,0.0,0.0
2014-12-03,4774.47021484375,9.787242957408816,0.021511969050602698,0.0,0.0
2014-12-04,4769.43994140625,9.656027808501747,0.035987463724153214,0.0,0.0
2014-12-05,4780.759765625,9.530307432556388,0.03200741841671542,0.0,0.0
2014-12-08,4740.68994140625,9.854383836261789,0.04761288702667478,0.0,0.0
2014-12-09,4766.47021484375,11.220273851908011,0.045693925565683115,0.0,0.0
2014-12-10,4684.02001953125,7.188605028601002,0.8576046658118032,0.0,0.0
2014-12-11,4708.16015625,9.478337607241258,1.3710107281618276,0.0,0.0
2014-12-12,4653.60009765625,6.359723820371523,2.8857930548253967,0.0,0.0
2014-12-15,4605.16015625,4.500419980185989,3.3546547081872027,0.0,0.0
2014-12-16,4547.830078125,4.084749846954848,7.3297875414099245,0.0,0.0
2014-12-17,4644.31005859375,3.597050137743101,2.9506497247728216,0.0,0.0
2014-12-18,4748.39990234375,7.691962976963305,0.08694309201342111,0.0,0.0
2014-12-19,4765.3798828125,10.479762346029363,0.16409766585160876,0.0,0.0
2014-12-22,4781.419921875,11.799279654454073,0.04241080174226229,0.0,0.0
2014-12-23,4765.419921875,10.961874999376667,0.07610869306530112,0.0,0.0
2014-12-24,4773.47021484375,11.21385273828873,0.04790347074824046,0.0,0.0
2014-12-26,4806.85986328125,11.71354467966053,0.026678540993962368,0.0,0.0
2014-12-29,4806.91015625,10.1989682542263,0.03001861972541872,0.0,0.0
2014-12-30,4777.43994140625,8.060611716818869,0.01936634638512806,0.0,0.0
2014-12-31,4736.0498046875,8.336053250241905,0.3031065394062988,0.0,0.0
2015-01-02,4726.81005859375,5.389647312531512,0.09989309895295194,0.0,0.0
2015-01-05,4652.56982421875,2.7839619473600354,0.9458383123759011,0.0,0.0
2015-01-06,4592.740234375,2.2204355353363816,3.736691617877282,0.0,0.0
2015-01-07,4650.47021484375,3.362951000013332,0.8643238550420717,0.0,0.0
2015-01-08,4736.18994140625,5.906020465169456,0.20024330839397972,0.0,0.0
2015-01-09,4704.06982421875,4.283272600994509,0.4311739240838116,0.0,0.0
2015-01-12,4664.7099609375,3.6346876469331773,1.3835683229518976,0.0,0.0
2015-01-13,4661.5,2.978680010026989,1.4999503939551753,0.0,0.0
2015-01-14,4639.31982421875,3.062295159358153,2.2309055892855922,0.0,0.0
2015-01-15,4570.81982421875,1.8449153164362033,6.0840119502300976,0.0,0.0
2015-01-16,4634.3798828125,1.4157564563877576,2.2086528109951504,0.0,0.0
2015-01-20,4654.85009765625,1.8050899668191385,1.2625478148291922,0.0,0.0
2015-01-21,4667.419921875,1.1799801973827482,0.48221391451402934,0.0,0.0
2015-01-22,4750.39990234375,2.565716284014778,0.08819537872758275,0.0,0.0
2015-01-23,4757.8798828125,3.0619706482364593,0.05605811995314873,0.0,0.0
2015-01-26,4771.759765625,3.4031358242567937,0.039061270033658065,0.0,0.0
2015-01-27,4681.5,0.7985597964437458,0.21252955842907836,0.0,0.0
2015-01-28,4637.990234375,2.0218097565872353,2.5964526459192308,0.0,0.0
2015-01-29,4683.41015625,1.2103267304251535,0.4238560067263329,0.0,0.0
2015-01-30,4635.240234375,1.8356930588372697,3.3461686349561672,0.0,0.0
2015-02-02,4676.68994140625,2.06414981559826,0.7990886711140738,0.0,0.0
2015-02-03,4727.740234375,2.942967874784182,0.04753018761499462,0.0,0.0
2015-02-04,4716.7001953125,2.042107502434265,0.04309569583222958,0.0,0.0
2015-02-05,4765.10009765625,3.5150796197049736,0.020092351269472758,0.0,0.0
2015-02-06,4744.39990234375,3.5608245187074354,0.07729979255004454,0.0,0.0
2015-02-09,4726.009765625,3.056052059224221,0.07141888665898531,0.0,0.0
2015-02-10,4787.64013671875,4.556175724557228,0.02079609707905072,0.0,0.0
2015-02-11,4801.18017578125,4.666196764143738,0.019265385285736136,0.0,0.0
2015-02-12,4857.60986328125,8.572590371770842,0.024421385833598562,0.0,0.0
2015-02-13,4893.83984375,10.446837976923305,0.02338628181774344,0.0,0.0
2015-02-17,4899.27001953125,8.349739188058226,0.0224048101199038,0.0,0.0
2015-02-18,4906.35986328125,7.225807170691094,0.028589033604253723,0.0,0.0
2015-02-19,4924.7001953125,7.244035110765446,0.029549503939581674,0.0,0.0
2015-02-20,4955.97021484375,9.44462283936517,0.035095780067547065,0.0,0.0
2015-02-23,4960.97021484375,9.30603762354922,0.05621688140246467,0.0,0.0
2015-02-24,4968.1201171875,8.883535844628613,0.06818955428738153,0.0,0.0
2015-02-25,4967.14013671875,7.814636599877158,0.02585333143557791,0.0,0.0
2015-02-26,4987.89013671875,11.790271461160744,0.02983270202521007,0.0,0.0
2015-02-27,4963.52978515625,7.407823766931205,0.03468799637446807,0.0,0.0
2015-03-02,5008.10009765625,11.748354771619132,0.03546262426110185,0.0,0.0
2015-03-03,4979.89990234375,7.623957357138208,0.029446174838156442,0.0,0.0
2015-03-04,4967.14013671875,6.9150424567166455,0.02398599843547408,0.0,0.0
2015-03-05,4982.81005859375,7.55870536499898,0.021022330835407867,0.0,0.0
2015-03-06,4927.3701171875,6.742989789216869,0.06404485937952502,0.0,0.0
2015-03-09,4942.43994140625,8.069259263616347,0.09748742395874474,0.0,0.0
2015-03-10,4859.7900390625,5.98951729970242,0.46285728628821887,0.0,0.0
2015-03-11,4849.93994140625,4.6778354363765615,0.5999689019038916,0.0,0.0
2015-03-12,4893.2900390625,4.488841236222245,0.29129699609993465,0.0,0.0
2015-03-13,4871.759765625,3.9948681290839296,0.8257900506551374,0.0,0.0
2015-03-16,4929.509765625,7.520912769951716,0.06156381702605339,0.0,0.0
2015-03-17,4937.43017578125,6.456033409062955,0.038851222395159486,0.0,0.0
2015-03-18,4982.830078125,8.385196789398483,0.06194674508644015,0.0,0.0
2015-03-19,4992.3798828125,6.755358944314537,0.0829678761409253,0.0,0.0
2015-03-20,5026.419921875,7.760136467744416,0.41222328105626616,0.0,0.0
2015-03-23,5010.97021484375,7.885511239885808,0.19266461782222144,0.0,0.0
2015-03-24,4994.72998046875,5.695340999588286,0.08256592467155904,0.0,0.0
2015-03-25,4876.52001953125,2.9919983275847746,0.690354743838368,0.0,0.0
2015-03-26,4863.35986328125,1.4169890214678746,0.803971840050308,0.0,0.0
2015-03-27,4891.22021484375,2.3386944725246566,0.18895025568402346,0.0,0.0
2015-03-30,4947.43994140625,5.157068605846237,0.047173689606935076,0.0,0.0
2015-03-31,4900.8798828125,1.8816362468195906,0.15458718473678792,0.0,0.0
2015-04-01,4880.22998046875,1.5989392605044004,0.38752603190676255,0.0,0.0
2015-04-02,4886.93994140625,1.7012402521263688,0.4054588099272324,0.0,0.0
2015-04-06,4917.31982421875,2.432363056633646,0.2896812026971724,0.0,0.0
2015-04-07,4910.22998046875,1.8045855459390838,0.15361462379275578,0.0,0.0
2015-04-08,4950.81982421875,3.6012851089629736,0.037371284663317954,0.0,0.0
2015-04-09,4974.56005859375,4.183392098102584,0.030642293228070605,0.0,0.0
2015-04-10,4995.97998046875,5.382285619674992,0.020746123746482013,0.0,0.0
2015-04-13,4988.25,5.051839578760368,0.03268539728217547,0.0,0.0
2015-04-14,4977.2900390625,4.452634924039508,0.019433651845786583,0.0,0.0
2015-04-15,5011.02001953125,5.885281835157043,0.0209060747934273,0.0,0.0
2015-04-16,5007.7900390625,4.9678457470411574,0.020784052046020088,0.0,0.0
2015-04-17,4931.81005859375,2.8446114268249265,0.048209332792030164,0.0,0.0
2015-04-20,4994.60009765625,5.713180881674744,0.022904959601836646,0.0,0.0
2015-04-21,5014.10009765625,7.667927759895973,0.0407515270088175,0.0,0.0
2015-04-22,5035.169921875,6.7595612914225365,0.01745113193479158,0.0,0.0
2015-04-23,5056.06005859375,8.160454160429085,0.018848029379206287,0.0,0.0
2015-04-24,5092.080078125,9.400573293441639,0.030506633917356307,0.0,0.0
2015-04-27,5060.25,5.852278323056832,0.01892822593468056,0.0,0.0
2015-04-28,5055.419921875,6.2007894683088995,0.019465292215761258,0.0,0.0
2015-04-29,5023.64013671875,5.249239325927835,0.04344771900680225,0.0,0.0
2015-04-30,4941.419921875,4.693991563904339,0.8667821596116804,0.0,0.0
2015-05-01,5005.39013671875,5.474054776826628,0.05095337781536116,0.0,0.0
2015-05-04,5016.93017578125,8.334138925737753,0.0878742126819021,0.0,0.0
2015-05-05,4939.330078125,5.370141471872703,0.3920528719732102,0.0,0.0
2015-05-06,4919.64013671875,5.8061217362321,0.9805344698122723,0.0,0.0
2015-05-07,4945.5400390625,2.7613898748931303,0.4893634771678392,0.0,0.0
2015-05-08,5003.5498046875,3.602073436674825,0.13845890009579848,0.0,0.0
2015-05-11,4993.56982421875,6.706805244391897,0.1838544494708954,0.0,0.0
2015-05-12,4976.18994140625,4.336261256474091,0.14792646236828233,0.0,0.0
2015-05-13,4981.68994140625,5.695802308849705,0.13870987076215438,0.0,0.0
2015-05-14,5050.7998046875,10.091892356036874,0.04559823461728686,0.0,0.0
2015-05-15,5048.2900390625,7.408404518116956,0.017352107969653672,0.0,0.0
2015-05-18,5078.43994140625,9.964802834293433,0.017148375282669596,0.0,0.0
2015-05-19,5070.02978515625,11.260594981700777,0.017262575704094243,0.0,0.0
2015-05-20,5071.740234375,7.950527954538225,0.018182561637773705,0.0,0.0
2015-05-21,5090.7900390625,6.855494888844889,0.023316080073079743,0.0,0.0
2015-05-22,5089.35986328125,7.051906986205713,0.032859790384995057,0.0,0.0
2015-05-26,5032.75,6.355567382919601,0.058184172602549634,0.0,0.0
2015-05-27,5106.58984375,7.1913090088038185,0.02738139500346381,0.0,0.0
2015-05-28,5097.97998046875,4.761045983692651,0.025439654859341573,0.0,0.0
2015-05-29,5070.02978515625,7.562498785363035,0.05269230651493844,0.0,0.0
2015-06-01,5082.93017578125,9.369050922427238,0.05953239999479072,0.0,0.0
2015-06-02,5076.52001953125,14.428492396992034,0.0484874196207887,0.0,0.0
2015-06-03,5099.22998046875,17.410429073313946,0.030939593962550915,0.0,0.0
2015-06-04,5059.1201171875,23.849085123648123,0.08919199688669538,0.0,0.0
2015-06-05,5068.4599609375,50.27520316065531,0.07287058894626326,71.18146371357264,0.0
2015-06-08,5021.6298828125,52.74357787493173,1.0135843619277776,62.20822447132242,0.0
2015-06-09,5013.8701171875,48.77276387720759,0.9298174869980749,60.721354574777386,0.0
2015-06-10,5076.68994140625,61.095244409633594,0.07995921005573589,72.75843276128637,0.0
2015-06-11,5082.509765625,57.730626649622444,0.057773981643029854,73.87358518369514,0.0
2015-06-12,5051.10009765625,56.29155329414086,0.2602349060441848,67.85509287089297,0.0
2015-06-15,5029.97021484375,54.941354267297264,0.879435049399493,63.80633828348486,0.0
2015-06-16,5055.5498046875,58.29204952125536,0.20182692946054237,68.70771339488081,0.0
2015-06-17,5064.8798828125,61.790534916863955,0.09242565251810816,70.49547516074934,0.0
2015-06-18,5132.9501953125,64.39045110100325,0.027174788519051155,83.5386137548564,0.0
2015-06-19,5117.0,61.57258133278412,0.04277157945713847,80.48235324387352,0.0
2015-06-22,5153.97021484375,64.84546955736077,0.026573635840695057,87.56631713872042,0.0
2015-06-23,5160.08984375,61.335085673564045,0.0920266472895181,88.73891595657838,0.0
2015-06-24,5122.41015625,61.528478480579736,0.0486989149272711,81.51900806728901,0.0
2015-06-25,5112.18994140625,62.33825743959725,0.03259201189953246,79.56068477226106,0.0
2015-06-26,5080.509765625,52.98276349409369,0.11285942710812245,73.49035971828812,0.0
2015-06-29,4958.47021484375,31.903082147256523,2.5058041675466933,50.10602789518372,0.0
2015-06-30,4986.8701171875,41.172586812688124,2.235496920526544,55.547810791782545,0.0
2015-07-01,5013.1201171875,43.70857208153383,0.8368961078466408,60.57764502524975,0.0
2015-07-02,5009.2099609375,42.489084114213654,1.0462466969252622,59.82840930088953,0.0
2015-07-06,4991.93994140625,37.41764451669389,2.1344923429292173,56.51925366466368,0.0
2015-07-07,4997.4599609375,34.65318273774026,2.370076448133746,57.57695969162325,0.0
2015-07-08,4909.759765625,13.410113063248152,10.094327030939906,20.386242804581677,0.0
2015-07-09,4922.39990234375,17.920922452784314,7.0969459620444715,21.597248373794525,0.0
2015-07-10,4997.7001953125,24.382135760248367,1.552764610646411,28.811495828353163,0.0
2015-07-13,5071.509765625,31.621919740425646,0.12404912138755952,35.882922561978255,0.0
2015-07-14,5104.89013671875,35.44812427892096,0.038577225362003524,39.080974623943646,0.0
2015-07-15,5098.93994140625,36.14645863193761,0.060573918805450405,38.51090803196976,0.0
2015-07-16,5163.18017578125,38.1745100537415,0.08361139827794459,44.6655314610237,0.0
2015-07-17,5210.14013671875,37.12909270501904,0.06367578673304904,49.16459468246598,0.0
2015-07-20,5218.85986328125,36.30315300118097,0.0271648396073796,50.0,0.0
2015-07-21,5208.1201171875,20.91424677285798,0.02847187127503642,0.0,0.0
2015-07-22,5171.77001953125,16.161621074839104,0.03384548697522613,0.0,0.0
2015-07-23,5146.41015625,13.055680878535213,0.06678430728972957,0.0,0.0
2015-07-24,5088.6298828125,5.376708330651099,1.4238175933602164,0.0,0.0
2015-07-27,5039.77978515625,4.517381510620208,2.3915556012598076,0.0,0.0
2015-07-28,5089.2099609375,4.222865665086765,1.259979774320077,0.0,0.0
2015-07-29,5111.72998046875,5.655514181209852,0.09235742426653551,0.0,0.0
2015-07-30,5128.77978515625,7.971685578992808,0.09966805467410958,0.0,0.0
2015-07-31,5128.27978515625,7.577927218800425,0.11880564598628775,0.0,0.0
2015-08-03,5115.3798828125,5.824806271043095,1.1692960970988875,0.0,0.0
2015-08-04,5105.5498046875,4.609555673673838,0.4353971356819117,0.0,0.0
2015-08-05,5139.93994140625,9.278908069403403,0.15798987164737208,0.0,0.0
2015-08-06,5056.43994140625,4.611946924825838,2.0537601682381443,0.0,0.0
2015-08-07,5043.5400390625,3.7951202400588033,3.3505504144375426,0.0,0.0
2015-08-10,5101.7998046875,4.243121033927848,0.4740964376634538,0.0,0.0
2015-08-11,5036.7900390625,2.96082088145761,1.531689209195611,0.0,0.0
2015-08-12,5044.39013671875,3.23997948235161,0.9788576019293849,0.0,0.0
2015-08-13,5033.56005859375,2.19198328340247,1.226722264496959,0.0,0.0
2015-08-14,5048.240234375,2.0991472469028243,5.17512397127981,0.0,0.0
2015-08-17,5091.7001953125,2.0451223657888695,0.24279745449924098,0.0,0.0
2015-08-18,5059.35009765625,1.5483664203116936,1.6904016497369252,0.0,0.0
2015-08-19,5019.0498046875,1.3024960876561706,3.424798962104519,0.0,0.0
2015-08-20,4877.490234375,1.6056915646508902,21.944633444894038,0.0,0.0
2015-08-21,4706.0400390625,1.5314211284346086,24.407757242183067,0.0,0.0
2015-08-24,4526.25,2.2028369840564554,34.14028822409337,0.0,0.0
2015-08-25,4506.490234375,0.9631435165085469,23.254076074587076,0.0,0.0
2015-08-26,4697.5400390625,1.206383975441707,11.176013672480849,0.0,0.0
2015-08-27,4812.7099609375,0.8997301025345245,3.4025678951156717,0.0,0.0
2015-08-28,4828.31982421875,0.6031200685121543,2.742052479439051,0.0,0.0
2015-08-31,4776.509765625,0.9867843479893899,4.054667899662621,0.0,0.0
2015-09-01,4636.10009765625,0.4908355730364689,11.170597228627782,0.0,0.0
2015-09-02,4749.97998046875,0.6160307297461125,4.053487077424581,0.0,0.0
2015-09-03,4733.5,0.2942148243753824,3.420496754625813,0.0,0.0
2015-09-04,4683.919921875,0.46800099915924026,6.748216966624254,0.0,0.0
2015-09-08,4811.93017578125,0.3466582425447401,1.1277264232291306,0.0,0.0
2015-09-09,4756.52978515625,0.5668723436793585,1.5618870563832024,0.0,0.0
2015-09-10,4796.25,0.3514328833736358,0.9030403550345574,0.0,0.0
2015-09-11,4822.33984375,0.38070765550851615,1.2530466141850791,0.0,0.0
2015-09-14,4805.759765625,0.7110998692439205,1.0626305008394277,0.0,0.0
2015-09-15,4860.52001953125,0.9582126399176314,0.4995839050258969,0.0,0.0
2015-09-16,4889.240234375,1.4512232022061407,0.4405005739942865,0.0,0.0
2015-09-17,4893.9501953125,1.2154524294421922,0.35192560764609776,0.0,0.0
2015-09-18,4827.22998046875,0.4171910076703833,1.3058826170914166,0.0,0.0
2015-09-21,4828.9501953125,0.46591747959203256,0.36441951765592684,0.0,0.0
2015-09-22,4756.72021484375,0.4385708960004315,0.911699453700159,0.0,0.0
2015-09-23,4752.740234375,0.7185328353250002,1.1779724645160432,0.0,0.0
2015-09-24,4734.47998046875,1.0630155389140177,2.236770330633024,0.0,0.0
2015-09-25,4686.5,0.5193672046503428,5.436706601993929,0.0,0.0
2015-09-28,4543.97021484375,0.6942640776399527,23.260232283515517,0.0,0.0
2015-09-29,4517.31982421875,0.8304256794569573,25.34436449765465,0.0,0.0
2015-09-30,4620.16015625,0.49157434707120085,9.469327662235532,0.0,0.0
2015-10-01,4627.080078125,0.6874548029731455,7.7959224065988035,0.0,0.0
2015-10-02,4707.77978515625,0.4833548355878667,3.6834549797988725,0.0,0.0
2015-10-05,4781.259765625,0.4855715406217574,0.5717494244236198,0.0,0.0
2015-10-06,4748.35986328125,0.371248292014673,0.8651440418249887,0.0,0.0
2015-10-07,4791.14990234375,0.6615806091881332,0.34847514690629655,0.0,0.0
2015-10-08,4810.7900390625,1.0519978675847408,0.07339696881777168,0.0,0.0
2015-10-09,4830.47021484375,1.3865956907347297,0.07514890700250079,0.0,0.0
2015-10-12,4838.64013671875,1.6032826525847976,0.12190907428031152,0.0,0.0
2015-10-13,4796.60986328125,0.9434145575910563,0.14662919583406167,0.0,0.0
2015-10-14,4782.85009765625,0.9214402511934238,0.09838885219931173,0.0,0.0
2015-10-15,4870.10009765625,1.401612528271014,0.12073008145024537,0.0,0.0
2015-10-16,4886.68994140625,2.0335196317361306,0.04980918931811621,0.0,0.0
2015-10-19,4905.47021484375,1.8656515217683352,0.0413136338509427,0.0,0.0
2015-10-20,4880.97021484375,1.4791589629284903,0.03728557475938496,0.0,0.0
2015-10-21,4840.1201171875,1.3620047907579074,0.06733311629797452,0.0,0.0
2015-10-22,4920.0498046875,2.320916679889044,0.3728745287332998,0.0,0.0
2015-10-23,5031.85986328125,3.6096611864741996,0.03321370095659826,0.0,0.0
2015-10-26,5034.7001953125,4.001580888017505,0.03735625055212743,0.0,0.0
2015-10-27,5030.14990234375,3.2732736525376778,0.029552470946405226,0.0,0.0
2015-10-28,5095.68994140625,10.071721412510753,0.04375721029528592,0.0,0.0
2015-10-29,5074.27001953125,7.039319987430868,0.023863082718929098,0.0,0.0
2015-10-30,5053.75,7.524799481997919,0.03476865130101043,0.0,0.0
2015-11-02,5127.14990234375,14.621028048581824,0.028795430496336583,0.0,0.0
2015-11-03,5145.1298828125,16.773271454435402,0.027120075926416905,0.0,0.0
2015-11-04,5142.47998046875,16.332961882028915,0.029659154443175417,0.0,0.0
2015-11-05,5127.740234375,11.801293903921016,0.024699745139057868,0.0,0.0
2015-11-06,5147.1201171875,14.467429281562673,0.025072426517555604,0.0,0.0
2015-11-09,5095.2998046875,10.181315796055861,0.04724272166861709,0.0,0.0
2015-11-10,5083.240234375,9.605149325241182,0.07901862319057712,0.0,0.0
2015-11-11,5067.02001953125,7.84446422278353,0.19689620546849881,0.0,0.0
2015-11-12,5005.080078125,4.294809984911115,0.655783319261205,0.0,0.0
2015-11-13,4927.8798828125,3.0004769565868017,2.936140458905159,0.0,0.0
2015-11-16,4984.6201171875,2.9317217633012436,1.3421488440112816,0.0,0.0
2015-11-17,4986.02001953125,3.4684137343393244,1.4642392296654236,0.0,0.0
2015-11-18,5075.2001953125,7.209294692619143,0.15013165365770748,0.0,0.0
2015-11-19,5073.64013671875,6.54356307143901,0.0893884187255843,0.0,0.0
2015-11-20,5104.919921875,9.324154532694525,0.10813075600331017,0.0,0.0
2015-11-23,5102.47998046875,7.764150468773093,0.09226565489795513,0.0,0.0
2015-11-24,5102.81005859375,6.8799595938305655,0.09933973108158989,0.0,0.0
2015-11-25,5116.14013671875,9.897874604356849,0.09953885858009179,0.0,0.0
2015-11-27,5127.52001953125,11.26191110725729,0.09113760614959349,0.0,0.0
2015-11-30,5108.669921875,10.186060914203235,0.09660952000740543,0.0,0.0
2015-12-01,5156.31005859375,14.142857350404794,0.04308185930069147,0.0,0.0
2015-12-02,5123.22021484375,9.253457365120632,0.06133585446113257,0.0,0.0
2015-12-03,5037.52978515625,2.310044504557509,0.3971796598121883,0.0,0.0
2015-12-04,5142.27001953125,9.425860926343146,0.11086250365337429,0.0,0.0
2015-12-07,5101.81005859375,3.627395610647517,0.11657926752562602,0.0,0.0
2015-12-08,5098.240234375,4.9817890249531676,0.23304649957509244,0.0,0.0
2015-12-09,5022.8701171875,2.8126882676279985,0.9668621289192671,0.0,0.0
2015-12-10,5045.169921875,2.2461964201084688,0.47016836648510824,0.0,0.0
2015-12-11,4933.47021484375,2.3677945461868255,3.840921055785387,0.0,0.0
2015-12-14,4952.22998046875,2.252637133017366,3.907932463566107,0.0,0.0
2015-12-15,4995.35986328125,1.3207572659631164,1.636357597337101,0.0,0.0
2015-12-16,5071.1298828125,2.5770788402351856,0.1508313713080417,0.0,0.0
2015-12-17,5002.5498046875,0.9077075094683561,1.3357105052887799,0.0,0.0
2015-12-18,4923.080078125,0.5416934486762325,4.979494902878651,0.0,0.0
2015-12-21,4968.919921875,0.5352727679647222,3.3162641585112107,0.0,0.0
2015-12-22,5001.10986328125,1.3541544676622972,0.7457916486104064,0.0,0.0
2015-12-23,5045.93017578125,2.9852168253133167,0.07159767503900812,0.0,0.0
2015-12-24,5048.490234375,3.4532124928438486,0.3614575407033568,0.0,0.0
2015-12-28,5040.990234375,1.4240570993154833,0.10549510059717904,0.0,0.0
2015-12-29,5107.93994140625,6.640163828866768,0.05798147322730149,0.0,0.0
2015-12-30,5065.85009765625,1.8881835116647856,0.10573464443220384,0.0,0.0
2015-12-31,5007.41015625,1.2934680609229487,0.605599286093145,0.0,0.0
2016-01-04,4903.08984375,1.4261002036589046,4.162302523044225,0.0,0.0
2016-01-05,4891.43017578125,0.5270404562728601,8.812205089188689,0.0,0.0
2016-01-06,4835.759765625,1.0633920231506067,11.650485048349434,0.0,0.0
2016-01-07,4689.43017578125,1.156197657736439,11.9222279248569,0.0,0.9594108271362201
2016-01-08,4643.6298828125,1.128057247156574,15.020144013241534,0.0,11.693418815703572
2016-01-11,4637.990234375,1.036910761763552,15.794810536356668,0.0,13.015157771001128
2016-01-12,4685.919921875,0.46466500895482893,9.378489806762216,0.0,1.7820931950699004
2016-01-13,4526.06005859375,0.41318451730023237,40.38596309815949,0.0,39.24772798223217
2016-01-14,4615.0,0.058688206624442005,27.29342112255255,0.0,18.4032752576876
2016-01-15,4488.419921875,0.20433409437662658,48.42870436109521,0.0,48.069276973316214
2016-01-19,4476.9501953125,0.06933396522840998,47.18234511159546,0.0,50.75738503045378
2016-01-20,4471.68994140625,0.15005665111977723,46.03057351245462,0.0,51.990207001485835
2016-01-21,4472.06005859375,0.023391817258615735,43.39954851879607,0.0,51.903464306410896
2016-01-22,4591.18017578125,0.07298801119829006,26.16835751054802,0.0,23.985819972516985
2016-01-25,4518.490234375,0.017312232688290973,36.33654716033203,0.0,41.02183352543369
2016-01-26,4567.669921875,0.018720190808189565,32.71835724066873,0.0,29.49581209014649
2016-01-27,4468.169921875,0.0191276920017865,36.94071831288758,0.0,52.81517809488323
2016-01-28,4506.68017578125,0.015326540448673036,33.10838188423483,0.0,43.78970366498186
2016-01-29,4613.9501953125,0.03328948440342945,21.933793948977435,0.0,18.64931324503736
2016-02-01,4620.3701171875,0.10822290654545962,17.115145894317113,0.0,17.144705125188707
2016-02-02,4516.9501953125,0.03230590118064203,31.840201930047392,0.0,41.38276553106211
2016-02-03,4504.240234375,0.02271228900224279,30.569504284322868,0.0,44.36154172209197
2016-02-04,4509.56005859375,0.0257631178952164,27.427108161039214,0.0,43.11475852573123
2016-02-05,4363.14013671875,0.05040452362924057,54.41283622712695,0.0,77.43053489345067
2016-02-08,4283.75,0.1772232907356824,75.70891467634183,0.0,96.03684298702476
2016-02-09,4268.759765625,0.11993238431692134,81.07533653907853,0.0,99.55003657383291
2016-02-10,4283.58984375,0.031115798447873762,75.48305405964174,0.0,96.07437808462974
2016-02-11,4266.83984375,0.04370661972638035,67.80888183185483,0.0,100.0
2016-02-12,4337.509765625,0.1355136320421412,28.35503730412233,0.0,0.0
2016-02-16,4435.9599609375,0.0741703957505685,5.8884692427877185,0.0,0.0
2016-02-17,4534.06005859375,0.08599462615839149,1.1944852272089395,0.0,0.0
2016-02-18,4487.5400390625,0.1163617509001802,2.1318834465536773,0.0,0.0
2016-02-19,4504.43017578125,0.28632414282073526,2.2313352903630315,0.0,0.0
2016-02-22,4570.60986328125,0.11047298186854404,1.9222581020489278,0.0,0.0
2016-02-23,4503.580078125,0.07112099297690715,1.8674905797838244,0.0,0.0
2016-02-24,4542.60986328125,0.049596034936126965,1.5434968295773304,0.0,0.0
2016-02-25,4582.2001953125,0.22276084980497307,0.7020189696943204,0.0,0.0
2016-02-26,4590.47021484375,0.3040790746860743,0.9377898232016199,0.0,0.0
2016-02-29,4557.9501953125,0.23753757848457716,1.4753867231062217,0.0,0.0
2016-03-01,4689.60009765625,0.6055589384383033,0.18096483968907742,0.0,0.0
2016-03-02,4703.419921875,0.7051626717167968,0.12917185268117873,0.0,0.0
2016-03-03,4707.419921875,0.7211471390895834,0.13835779248507457,0.0,0.0
2016-03-04,4717.02001953125,0.6858490594637603,0.11443542760668116,0.0,0.0
2016-03-07,4708.25,0.7389175200225018,0.09896891740549944,0.0,0.0
2016-03-08,4648.81982421875,0.615232017891485,0.24303196798177165,0.0,0.0
2016-03-09,4674.3798828125,0.6604289459315345,0.1963097275185642,0.0,0.0
2016-03-10,4662.16015625,0.5439792455902207,0.10647831103990676,0.0,0.0
2016-03-11,4748.47021484375,1.2321661975738756,0.029110583762330382,0.0,0.0
2016-03-14,4750.27978515625,0.7555100730310087,0.04324741055339062,0.0,0.0
2016-03-15,4728.669921875,0.6150909082477592,0.05844933762226771,0.0,0.0
2016-03-16,4763.97021484375,0.7851994042352264,0.04345781395390941,0.0,0.0
2016-03-17,4774.990234375,1.231216598805295,0.05307701387019199,0.0,0.0
2016-03-18,4795.64990234375,1.8948643541171255,0.060381418474017644,0.0,0.0
2016-03-21,4808.8701171875,3.0524346607683195,0.0704560501896599,0.0,0.0
2016-03-22,4821.66015625,4.55865355077722,0.10241391577447033,0.0,0.0
2016-03-23,4768.85986328125,2.0557490637543134,0.07168245146230637,0.0,0.0
2016-03-24,4773.5,3.4831039962339814,0.2552608850251543,0.0,0.0
2016-03-28,4766.7900390625,2.3215362966121234,0.19379438798228218,0.0,0.0
2016-03-29,4846.6201171875,5.335421816013526,0.13586000166492387,0.0,0.0
2016-03-30,4869.2900390625,7.240537239009909,0.03026655268644031,0.0,0.0
2016-03-31,4869.85009765625,7.643739548355593,0.0792611583641069,0.0,0.0
2016-04-01,4914.5400390625,10.427313301940927,0.09823773514372672,0.0,0.0
2016-04-04,4891.7998046875,8.195337249791885,0.05138005313662346,0.0,0.0
2016-04-05,4843.93017578125,8.496841966704094,0.2461171033338775,0.0,0.0
2016-04-06,4920.72021484375,10.393542183299909,0.07011420179753867,0.0,0.0
2016-04-07,4848.3701171875,6.790584186748624,0.41232566564113143,0.0,0.0
2016-04-08,4850.68994140625,8.305661412811862,0.7702331669544865,0.0,0.0
2016-04-11,4833.39990234375,6.5996096398511614,0.4280453767822292,0.0,0.0
2016-04-12,4872.08984375,4.8394793790923885,0.037579555630453204,0.0,0.0
2016-04-13,4947.419921875,10.107050325013358,0.04338473004911483,0.0,0.0
2016-04-14,4945.89013671875,8.230074329919985,0.04287138534769152,0.0,0.0
2016-04-15,4938.22021484375,7.1628573771925925,0.06201328819555008,0.0,0.0
2016-04-18,4960.02001953125,11.200659881793971,0.040732852946044576,0.0,0.0
2016-04-19,4940.330078125,6.308106359244693,0.04783844850245785,0.0,0.0
2016-04-20,4948.1298828125,6.808503738159019,0.04585817691874538,0.0,0.0
2016-04-21,4945.89013671875,6.668402456592236,0.07737766777902094,0.0,0.0
2016-04-22,4906.22998046875,5.358047103011202,0.06152896310201538,0.0,0.0
2016-04-25,4895.7900390625,3.886073609625332,0.1265642132543093,0.0,0.0
2016-04-26,4888.27978515625,3.0606664747496835,0.20583384079665673,0.0,0.0
2016-04-27,4863.14013671875,2.571403904201601,0.7143561247709111,0.0,0.0
2016-04-28,4805.2900390625,1.7190620537702288,2.653236660559364,0.0,0.0
2016-04-29,4775.35986328125,1.8278794422729512,3.671280603949495,0.0,0.0
2016-05-02,4817.58984375,1.6921716068627368,1.5305422636532948,0.0,0.0
2016-05-03,4763.22021484375,1.6583152673200499,4.866191904560958,0.0,0.0
2016-05-04,4725.64013671875,1.4876517324748113,11.278521217831353,0.0,0.0
2016-05-05,4717.08984375,1.0734102440129614,8.983614125655944,0.0,0.0
2016-05-06,4736.16015625,1.2566075325986197,6.309610838196418,0.0,0.0
2016-05-09,4750.2099609375,1.1948671792430776,3.6830238343022708,0.0,0.0
2016-05-10,4809.8798828125,1.4874091313603979,1.3312894881123543,0.0,0.0
2016-05-11,4760.68994140625,1.433657962763204,6.560671794873923,0.0,0.0
2016-05-12,4737.330078125,0.9491462185066079,6.897060665018122,0.0,0.0
2016-05-13,4717.68017578125,1.1219361973009285,8.709768541716544,0.0,0.0
2016-05-16,4775.4599609375,0.7974714074805462,4.481503933451454,0.0,0.0
2016-05-17,4715.72998046875,0.8676266527360077,6.119168476809169,0.0,0.0
2016-05-18,4739.1201171875,0.7604320657689282,4.9950769971677405,0.0,0.0
2016-05-19,4712.52978515625,0.854403400148518,6.571053046097134,0.0,0.0
2016-05-20,4769.56005859375,0.9057644299040613,0.39460194532393766,0.0,0.0
2016-05-23,4765.77978515625,0.7906431200943088,0.36406330559536293,0.0,0.0
2016-05-24,4861.06005859375,1.9035095901843921,0.05900944249824631,0.0,0.0
2016-05-25,4894.89013671875,2.489789606776552,0.03428352297275919,0.0,0.0
2016-05-26,4901.77001953125,3.1118930171399475,0.027698456411350506,0.0,0.0
2016-05-27,4933.5,4.486523714863987,0.024596281915472973,0.0,0.0
2016-05-31,4948.0498046875,2.9801362426726117,0.019619386999208538,0.0,0.0
2016-06-01,4952.25,2.6745131409000287,0.02208359557037962,0.0,0.0
2016-06-02,4971.35986328125,4.643725380402049,0.08909422969834799,0.0,0.0
2016-06-03,4942.52001953125,2.8391639580117336,0.025133496440442007,0.0,0.0
2016-06-06,4968.7099609375,2.901640337228354,0.016644929596906402,0.0,0.0
2016-06-07,4961.75,3.6654439820764195,0.03165944593242618,0.0,0.0
2016-06-08,4974.64013671875,3.9582061596232827,0.023566957945549628,0.0,0.0
2016-06-09,4958.6201171875,3.618101314807233,0.025059856231023497,0.0,0.0
2016-06-10,4894.5498046875,3.937309000015277,0.12026949420815669,0.0,0.0
2016-06-13,4848.43994140625,5.049590649519806,1.5927993980567015,0.0,0.0
2016-06-14,4843.5498046875,4.039230653940637,2.448489225986266,0.0,0.0
2016-06-15,4834.93017578125,3.9134234706769373,2.2420138255968975,0.0,0.0
2016-06-16,4844.919921875,3.9970873468611807,1.9508739374293234,0.0,0.0
2016-06-17,4800.33984375,2.560871618418768,3.0221726246377507,0.0,0.0
2016-06-20,4837.2099609375,2.808064319303831,1.6226471303671368,0.0,0.0
2016-06-21,4843.759765625,2.674937691737381,1.4763886236789616,0.0,0.0
2016-06-22,4833.31982421875,2.797423867363448,2.624862636353172,0.0,0.0
2016-06-23,4910.0400390625,3.617567995924549,0.27794808693089706,0.0,0.0
2016-06-24,4707.97998046875,3.3393700122835606,11.025554549733735,0.0,0.0
2016-06-27,4594.43994140625,1.5029268629859804,27.249558471712547,0.0,0.0
2016-06-28,4691.8701171875,1.3546817093621109,13.540267608756809,0.0,0.0
2016-06-29,4779.25,1.6763981597938782,2.3200511087758033,0.0,0.0
2016-06-30,4842.669921875,1.9472921445499503,0.6644873400130619,0.0,0.0
2016-07-01,4862.56982421875,2.6205274269435144,0.9641961668745859,0.0,0.0
2016-07-05,4822.89990234375,1.898418922058689,1.6105226796739929,0.0,0.0
2016-07-06,4859.16015625,1.8155522108514566,1.5530524492095534,0.0,0.0
2016-07-07,4876.81005859375,1.853633691670582,1.4834645676480644,0.0,0.0
2016-07-08,4956.759765625,3.4626090763683757,1.062272358176174,0.0,0.0
2016-07-11,4988.64013671875,3.93139347111488,0.6846924989404262,0.0,0.0
2016-07-12,5022.81982421875,4.231459145435178,0.40232545486407706,0.0,0.0
2016-07-13,5005.72998046875,2.768508463766691,0.4658342815769214,0.0,0.0
2016-07-14,5034.06005859375,4.29329245396858,0.223066054974179,0.0,0.0
2016-07-15,5029.58984375,2.7819681853871625,0.047701243798019356,0.0,0.0
2016-07-18,5055.77978515625,5.337883126888479,0.03095830598191468,0.0,0.0
2016-07-19,5036.3701171875,3.2362197740337293,0.0957151251762028,0.0,0.0
2016-07-20,5089.93017578125,5.985093746062671,0.04683300491284593,0.0,0.0
2016-07-21,5073.89990234375,4.961049446155851,0.473961624319714,0.0,0.0
2016-07-22,5100.16015625,6.447364073971502,0.03168599527664393,0.0,0.0
2016-07-25,5097.6298828125,5.719006421284313,0.03193544476456761,0.0,0.0
2016-07-26,5110.0498046875,7.441537596766872,0.16731161787952442,0.0,0.0
2016-07-27,5139.81005859375,8.35304639176934,0.3965280138444073,0.0,0.0
2016-07-28,5154.97998046875,8.126670821177758,0.36253131244135434,0.0,0.0
2016-07-29,5162.1298828125,7.716108558552933,0.5689475872880508,0.0,0.0
2016-08-01,5184.2001953125,7.010851833463837,0.42487793457644035,0.0,0.0
2016-08-02,5137.72998046875,10.026908444327123,0.11875674676490021,0.0,0.0
2016-08-03,5159.740234375,14.213250304297775,0.10089809347472524,0.0,0.0
2016-08-04,5166.25,15.53991936899454,0.3283662833684137,0.0,0.0
2016-08-05,5221.1201171875,22.892842203166143,0.040762786891115815,0.0,0.0
2016-08-08,5213.14013671875,16.569508830430927,0.05118125635196131,0.0,0.0
2016-08-09,5225.47998046875,18.83781167905644,0.07152177728166709,0.0,0.0
2016-08-10,5204.580078125,10.274781773997239,0.1948036110376951,0.0,0.0
2016-08-11,5228.39990234375,13.345563731765731,0.05078071274604546,0.0,0.0
2016-08-12,5232.89013671875,9.911449834896967,0.08474142174235252,0.0,0.0
2016-08-15,5262.02001953125,16.47440838145868,0.06286713880245948,0.0,0.0
2016-08-16,5227.10986328125,9.52892876114182,0.07285736664340044,0.0,0.0
2016-08-17,5228.66015625,8.26514621521618,0.23582837592445385,0.0,0.0
2016-08-18,5240.14990234375,8.083813152263762,0.05033003108149411,0.0,0.0
2016-08-19,5238.3798828125,5.835173783633316,0.053820211689893656,0.0,0.0
2016-08-22,5244.60009765625,8.666400946953203,0.05298571937880786,0.0,0.0
2016-08-23,5260.080078125,9.839742083777123,0.1777821055734069,0.0,0.0
2016-08-24,5217.68994140625,4.775935244621251,0.07145045112859806,0.0,0.0
2016-08-25,5212.2001953125,4.313239133053045,0.20161755819455354,0.0,0.0
2016-08-26,5218.919921875,4.380435695798049,0.08770422536504349,0.0,0.0
2016-08-29,5232.330078125,4.953531986846252,0.20624430211171488,0.0,0.0
2016-08-30,5222.990234375,4.999480259706733,0.0717256589548244,0.0,0.0
2016-08-31,5213.22021484375,3.0197264032587445,0.2439863749423458,0.0,0.0
2016-09-01,5227.2099609375,2.6753214914111516,0.17899573211020064,0.0,0.0
2016-09-02,5249.89990234375,6.571457140767112,0.06667359238444953,0.0,0.0
2016-09-06,5275.91015625,10.092185010079586,0.042110592968410646,0.0,0.0
2016-09-07,5283.93017578125,8.913381259284975,0.048586259937938234,0.0,0.0
2016-09-08,5259.47998046875,4.7913872451944854,0.41947203395272376,0.0,0.0
2016-09-09,5125.91015625,4.82095100696967,1.851140664500597,0.0,0.0
2016-09-12,5211.89013671875,6.6926268869846695,1.0668206724779865,0.0,0.0
2016-09-13,5155.25,4.467774039378851,0.9521213357473473,0.0,0.0
2016-09-14,5173.77001953125,5.622641716909111,1.2475983596144273,0.0,0.0
2016-09-15,5249.68994140625,7.719362462218111,0.6605055591650462,0.0,0.0
2016-09-16,5244.56982421875,5.984425422132358,0.11147855117457821,0.0,0.0
2016-09-19,5235.02978515625,4.6699280102635266,0.049948522077564075,0.0,0.0
2016-09-20,5241.35009765625,4.926387898275025,0.050348291398885636,0.0,0.0
2016-09-21,5295.18017578125,7.84393014368572,0.053495182009145194,0.0,0.0
2016-09-22,5339.52001953125,11.007609675018093,0.04450908853314382,0.0,0.0
2016-09-23,5305.75,6.519322409738144,0.3735450332736861,0.0,0.0
2016-09-26,5257.490234375,3.632445169715241,0.1342458115774944,0.0,0.0
2016-09-27,5305.7099609375,5.445601430015826,0.11699827233902675,0.0,0.0
2016-09-28,5318.5498046875,4.802215777388482,0.05285117151941681,0.0,0.0
2016-09-29,5269.14990234375,4.095007543242714,0.4915809630518136,0.0,0.0
2016-09-30,5312.0,5.802590622457799,0.08761718595061634,0.0,0.0
2016-10-03,5300.8701171875,5.383972759337943,0.06321127312006085,0.0,0.0
2016-10-04,5289.66015625,5.365282084306304,0.024873341635400923,0.0,0.0
2016-10-05,5316.02001953125,4.382696058515619,0.043184791358595855,0.0,0.0
2016-10-06,5306.85009765625,3.4084034576122626,0.037777576137308186,0.0,0.0
2016-10-07,5292.39990234375,5.430879372535767,0.038029479413271096,0.0,0.0
2016-10-10,5328.669921875,6.361405695760309,0.04509971347015347,0.0,0.0
2016-10-11,5246.7900390625,4.6409015579635415,0.7278051102166968,0.0,0.0
2016-10-12,5239.02001953125,3.661455120722736,1.1162083151276438,0.0,0.0
2016-10-13,5213.330078125,2.985684640350819,0.6950109018893036,0.0,0.0
2016-10-14,5214.16015625,2.3568305827188,0.5558750700461603,0.0,0.0
2016-10-17,5199.81982421875,3.328494509995423,0.9617358441946964,0.0,0.0
2016-10-18,5243.83984375,2.8413029868500823,0.2561929779723853,0.0,0.0
2016-10-19,5246.41015625,2.60226179436277,0.30943498052228396,0.0,0.0
2016-10-20,5241.830078125,2.1656094681925198,0.6895875553886937,0.0,0.0
2016-10-21,5257.39990234375,2.5897602683377783,0.13084476320227695,0.0,0.0
2016-10-24,5309.830078125,3.878588402858366,0.07939724409802869,0.0,0.0
2016-10-25,5283.39990234375,3.1053743874302944,0.03776102366707508,0.0,0.0
2016-10-26,5250.27001953125,2.2129139668837285,0.17643702285492718,0.0,0.0
2016-10-27,5215.97021484375,2.9039096010466854,0.4763360559859354,0.0,0.0
2016-10-28,5190.10009765625,3.8233171327014825,3.9396879004436327,0.0,0.0
2016-10-31,5189.14013671875,5.2005314728412175,2.8273259847465098,0.0,0.0
2016-11-01,5153.580078125,4.950148948449838,4.921111222769653,0.0,0.0
2016-11-02,5105.56982421875,3.6248532301583305,7.400529288742422,0.0,0.0
2016-11-03,5058.41015625,3.640814019783387,9.679095388748893,0.0,0.0
2016-11-04,5046.3701171875,3.0922501027978577,11.030876706322074,0.0,0.0
2016-11-07,5166.169921875,5.242130434866891,1.9704571528998982,0.0,0.0
2016-11-08,5193.490234375,4.267579843464512,0.4696467022578735,0.0,0.0
2016-11-09,5251.06982421875,5.526113988564257,0.5341069530659253,0.0,0.0
2016-11-10,5208.7998046875,2.553163807099592,0.21548896799474604,0.0,0.0
2016-11-11,5237.10986328125,3.334978985077388,0.1530258665334988,0.0,0.0
2016-11-14,5218.39990234375,2.109922646234613,0.09605636901997809,0.0,0.0
2016-11-15,5275.6201171875,3.7292441500571427,0.06530949299185358,0.0,0.0
2016-11-16,5294.580078125,4.019739460434396,0.034804708982086416,0.0,0.0
2016-11-17,5333.97021484375,4.467042799496298,0.022560025529615814,0.0,0.0
2016-11-18,5321.509765625,3.928215679408658,0.02561315678536343,0.0,0.0
2016-11-21,5368.85986328125,4.733324378817631,0.02426127253458937,0.0,0.0
2016-11-22,5386.35009765625,4.702862792704331,0.01827618992619512,0.0,0.0
2016-11-23,5380.68017578125,3.5142387069336536,0.020380592094384958,0.0,0.0
2016-11-25,5398.919921875,4.755263073429586,0.023263033410245392,0.0,0.0
2016-11-28,5368.81005859375,2.232822177015934,0.049040391623114715,0.0,0.0
2016-11-29,5379.919921875,2.4535230939230384,0.015560795990696957,0.0,0.0
2016-11-30,5323.68017578125,2.7117240691457787,0.022646507595927356,0.0,0.0
2016-12-01,5251.10986328125,3.091585155945233,0.08972590340271232,0.0,0.0
2016-12-02,5255.64990234375,3.44404436892673,0.09030037741725237,0.0,0.0
2016-12-05,5308.89013671875,3.0796187799158963,0.028176509489948747,0.0,0.0
2016-12-06,5333.0,2.793808292601728,0.037385375235776334,0.0,0.0
2016-12-07,5393.759765625,2.028366692929942,0.23932471085219031,0.0,0.0
2016-12-08,5417.35986328125,4.1140234630041554,0.017497002251490392,0.0,0.0
2016-12-09,5444.5,4.490570683930263,0.017362591887893554,0.0,0.0
2016-12-12,5412.5400390625,3.320920636543095,0.018550274237425352,0.0,0.0
2016-12-13,5463.830078125,4.712136810116373,0.016849029045071382,0.0,0.0
2016-12-14,5436.669921875,2.961526572392041,0.015256942768370583,0.0,0.0
2016-12-15,5456.85009765625,3.095927689676099,0.016054803224991566,0.0,0.0
2016-12-16,5437.16015625,3.57915017326797,0.0449954402856626,0.0,0.0
2016-12-19,5457.43994140625,3.5360035903355915,0.015779645307568785,0.0,0.0
2016-12-20,5483.93994140625,2.3381296568380314,0.01882525382393427,0.0,0.0
2016-12-21,5471.43017578125,2.7015730161700087,0.03426915236653599,0.0,0.0
2016-12-22,5447.419921875,2.950236890189243,0.3518867372068676,0.0,0.0
2016-12-23,5462.68994140625,3.1928444599040984,0.3228606033830095,0.0,0.0
2016-12-27,5487.43994140625,2.558300005784265,0.02301637249060107,0.0,0.0
2016-12-28,5438.56005859375,2.1920025947783537,0.35934361052909397,0.0,0.0
2016-12-29,5432.08984375,1.9183537350920308,0.05569612034612101,0.0,0.0
2016-12-30,5383.1201171875,2.2219850640734795,0.2790016565070965,0.0,0.0
2017-01-03,5429.080078125,2.534778528166268,0.0320616225040904,0.0,0.0
2017-01-04,5477.0,2.4736043370495397,0.026131113479683967,0.0,0.0
2017-01-05,5487.93994140625,1.3661263869949791,0.02390623087724201,0.0,0.0
2017-01-06,5521.06005859375,2.2644095763803556,0.02789679137620415,0.0,0.0
2017-01-09,5531.81982421875,2.921963481739172,0.020875630787723868,0.0,0.0
2017-01-10,5551.81982421875,2.9028209852072195,0.03742951708726496,0.0,0.0
2017-01-11,5563.64990234375,2.760887700525834,0.09889737919730453,0.0,0.0
2017-01-12,5547.490234375,1.7577653581354455,0.02394414116906817,0.0,0.0
2017-01-13,5574.1201171875,1.9475581570513307,0.01682124763021708,0.0,0.0
2017-01-17,5538.72998046875,2.590184225354378,0.016833605631157034,0.0,0.0
2017-01-18,5555.64990234375,2.815077529440948,0.016921950476454985,0.0,0.0
2017-01-19,5540.080078125,2.017122469690137,0.01646800592949915,0.0,0.0
2017-01-20,5555.330078125,3.576118535045989,0.019647990206758288,0.0,0.0
2017-01-23,5552.93994140625,1.5368066802945135,0.04065695425140753,0.0,0.0
2017-01-24,5600.9599609375,0.857032980256679,0.01810998479343379,0.0,0.0
2017-01-25,5656.33984375,3.036637918370705,0.016494861119161812,0.0,0.0
2017-01-26,5655.18017578125,3.0966835381773925,0.01591523870078194,0.0,0.0
2017-01-27,5660.77978515625,2.325493892618856,0.015587474018349649,0.0,0.0
2017-01-30,5613.7099609375,2.300446250493693,0.015745831577970073,0.0,0.0
2017-01-31,5614.7900390625,2.9692066946181077,0.017644265852170327,0.0,0.0
2017-02-01,5642.64990234375,2.632854290907246,0.02495310651606686,0.0,0.0
2017-02-02,5636.2001953125,2.0025224559074712,0.023514972426969205,0.0,0.0
2017-02-03,5666.77001953125,1.893158039422626,0.01950326419935021,0.0,0.0
2017-02-06,5663.5498046875,0.790056453063523,0.018099835192872223,0.0,0.0
2017-02-07,5674.22021484375,0.8023579777134024,0.018561143220331523,0.0,0.0
2017-02-08,5682.4501953125,1.302500703802723,0.040904547186794885,0.0,0.0
2017-02-09,5715.18017578125,1.2273526530360597,0.02571594460932496,0.0,0.0
2017-02-10,5734.1298828125,1.113182175147009,0.04376578587694149,0.0,0.0
2017-02-13,5763.9599609375,1.7520813077228163,0.04197643518024323,0.0,0.0
2017-02-14,5782.56982421875,2.4792771385845604,0.09183908826103995,0.0,0.0
2017-02-15,5819.43994140625,3.553754762600474,0.10075688143714168,0.0,0.0
2017-02-16,5814.89990234375,4.346971210604771,0.022228645493115443,0.0,0.0
2017-02-17,5838.580078125,5.82669411599193,0.030555067809280946,0.0,0.0
2017-02-21,5865.9501953125,7.820179388497502,0.023754394342120212,0.0,0.0
2017-02-22,5860.6298828125,5.38930484377619,0.024148165309251988,0.0,0.0
2017-02-23,5835.509765625,3.1455699451225865,0.022190973989030395,0.0,0.0
2017-02-24,5845.31005859375,3.254781811640124,0.021932395128466717,0.0,0.0
2017-02-27,5861.89990234375,3.964591889840116,0.025458683872622123,0.0,0.0
2017-02-28,5825.43994140625,4.0355407028642825,0.04933965212424889,0.0,0.0
2017-03-01,5904.02978515625,12.163474792637587,0.022488679980296647,0.0,0.0
2017-03-02,5861.22021484375,7.083231967330321,0.04186137607760032,0.0,0.0
2017-03-03,5870.75,7.617569497974333,0.028726676890680668,0.0,0.0
2017-03-06,5849.18017578125,4.26305449304167,0.04020083314598072,0.0,0.0
2017-03-07,5833.93017578125,2.904240971615777,0.05519237726812745,0.0,0.0
2017-03-08,5837.5498046875,2.252484567548379,0.06945296168082149,0.0,0.0
2017-03-09,5838.81005859375,3.298474846098638,0.12442924485879829,0.0,0.0
2017-03-10,5861.72998046875,3.454403617974897,0.0603946442488476,0.0,0.0
2017-03-13,5875.77978515625,4.703099455348189,0.12953891750266877,0.0,0.0
2017-03-14,5856.81982421875,3.8698026024849588,0.2186132209342502,0.0,0.0
2017-03-15,5900.0498046875,5.648009950592147,0.026819514257434653,0.0,0.0
2017-03-16,5900.759765625,3.35527988574074,0.021616495505343912,0.0,0.0
2017-03-17,5901.0,3.648308541868864,0.06316063541531441,0.0,0.0
2017-03-20,5901.52978515625,4.0757987989961375,0.032477647748803,0.0,0.0
2017-03-21,5793.830078125,4.195648247642779,2.071742880271188,0.0,0.0
2017-03-22,5821.64013671875,3.583877562739192,0.30253979902340195,0.0,0.0
2017-03-23,5817.68994140625,3.741077169547213,0.541605906072146,0.0,0.0
2017-03-24,5828.740234375,3.8600599913697473,0.12511681355976131,0.0,0.0
2017-03-27,5840.3701171875,5.4743634842709,0.12811878518393754,0.0,0.0
2017-03-28,5875.14013671875,6.604685586997862,0.03285354064449639,0.0,0.0
2017-03-29,5897.5498046875,5.676104241164285,0.049268177880254116,0.0,0.0
2017-03-30,5914.33984375,5.735494430659453,0.1389584787016567,0.0,0.0
2017-03-31,5911.740234375,4.6466912398413625,0.09890220720761143,0.0,0.0
2017-04-03,5894.68017578125,5.955086570569174,0.0809389064450618,0.0,0.0
2017-04-04,5898.60986328125,5.210777294151341,0.08110593991013634,0.0,0.0
2017-04-05,5864.47998046875,3.861617452106648,0.1284260689448311,0.0,0.0
2017-04-06,5878.9501953125,4.6841626178714675,0.06147506959276348,0.0,0.0
2017-04-07,5877.81005859375,5.411552318385951,0.048536178122677784,0.0,0.0
2017-04-10,5880.93017578125,5.064608372611996,0.09831990636676333,0.0,0.0
2017-04-11,5866.77001953125,5.276045839843741,0.064630643927749,0.0,0.0
2017-04-12,5836.16015625,3.5110365036523703,0.18094548515121153,0.0,0.0
2017-04-13,5805.14990234375,2.928730153728483,0.7711617287035468,0.0,0.0
2017-04-17,5856.7900390625,2.724648610010694,0.16618555111508443,0.0,0.0
2017-04-18,5849.47021484375,1.755168594777868,0.07452389694569625,0.0,0.0
2017-04-19,5863.02978515625,2.247355718174953,0.16838017075670722,0.0,0.0
2017-04-20,5916.77978515625,3.4791984835130654,0.10013583661970142,0.0,0.0
2017-04-21,5910.52001953125,3.23720411194915,0.12156566780974391,0.0,0.0
2017-04-24,5983.81982421875,4.430690120270983,0.01974181478142757,0.0,0.0
2017-04-25,6025.490234375,4.297509260864137,0.016745433820366414,0.0,0.0
2017-04-26,6025.22998046875,4.138831301406124,0.01976115395238813,0.0,0.0
2017-04-27,6048.93994140625,3.9695516388062244,0.018580956800637257,0.0,0.0
2017-04-28,6047.60986328125,3.8075173413837367,0.01990400108874817,0.0,0.0
2017-05-01,6091.60009765625,1.97194668254506,0.034884133165458596,0.0,0.0
2017-05-02,6095.3701171875,1.9799871098715716,0.03697385106617508,0.0,0.0
2017-05-03,6072.5498046875,0.8874143752237315,0.01778650598911371,0.0,0.0
2017-05-04,6075.33984375,0.8972372064954799,0.01703075918439837,0.0,0.0
2017-05-05,6100.759765625,1.3621669572585358,0.017311777883243867,0.0,0.0
2017-05-08,6102.66015625,1.399955364233294,0.035521005261637074,0.0,0.0
2017-05-09,6120.58984375,1.2882987439633766,0.016182904031653737,0.0,0.0
2017-05-10,6129.14013671875,1.810203165429317,0.12596967758735556,0.0,0.0
2017-05-11,6115.9599609375,1.4285205827698892,0.0699988463102913,0.0,0.0
2017-05-12,6121.22998046875,2.3768828055045446,0.05483404928562323,0.0,0.0
2017-05-15,6149.669921875,1.7895055592569484,0.023466117687080228,0.0,0.0
2017-05-16,6169.8701171875,2.3940038907562946,0.02189737680139527,0.0,0.0
2017-05-17,6011.240234375,6.429444185483291,0.9633431785694181,0.0,0.0
2017-05-18,6055.1298828125,4.938388909258971,0.3020476416813279,0.0,0.0
2017-05-19,6083.7001953125,4.544338278920792,0.19684815752909504,0.0,0.0
2017-05-22,6133.6201171875,3.5876392691069046,0.12878427569453574,0.0,0.0
2017-05-23,6138.7099609375,2.753704295017602,0.15281754605696946,0.0,0.0
2017-05-24,6163.02001953125,2.647215237815974,0.06347560602836083,0.0,0.0
2017-05-25,6205.259765625,3.2222894835789964,0.05136003713445279,0.0,0.0
2017-05-26,6210.18994140625,2.5289396585399033,0.02840516492056404,0.0,0.0
2017-05-30,6203.18994140625,1.8268213842748342,0.028733563924012145,0.0,0.0
2017-05-31,6198.52001953125,1.5738195296566482,0.01801754282363622,0.0,0.0
2017-06-01,6246.830078125,3.0823582416514417,0.016754296401665557,0.0,0.0
2017-06-02,6305.7998046875,6.231771461463943,0.019447156994680585,0.0,0.0
2017-06-05,6295.68017578125,2.990148058008741,0.017773824823990276,0.0,0.0
2017-06-06,6275.06005859375,2.60497869121801,0.01786504693625428,0.0,0.0
2017-06-07,6297.3798828125,2.3569793876477414,0.019847587940742952,0.0,0.0
2017-06-08,6321.759765625,2.8846266058661896,0.01981506528903751,0.0,0.0
2017-06-09,6207.919921875,2.9404407385659037,0.18028388191649303,0.0,0.0
2017-06-12,6175.4599609375,3.0753782778306924,0.05230618095553061,0.0,0.0
2017-06-13,6220.3701171875,2.792869548049576,0.028894302242097054,0.0,0.0
2017-06-14,6194.89013671875,2.5143722421992347,0.05000810342607725,0.0,0.0
2017-06-15,6165.5,2.812282013480747,0.16944197792851187,0.0,0.0
2017-06-16,6151.759765625,3.7755480599761233,1.239645472437149,0.0,0.0
2017-06-19,6239.009765625,2.5287507850234547,0.030038354567041334,0.0,0.0
2017-06-20,6188.02978515625,2.181645691639109,0.10076628087503621,0.0,0.0
2017-06-21,6233.9501953125,2.3631697077855844,0.029898424288776843,0.0,0.0
2017-06-22,6236.68994140625,2.1565741849156725,0.15587070308483755,0.0,0.0
2017-06-23,6265.25,2.4952273189979737,0.09169123607449331,0.0,0.0
2017-06-26,6247.14990234375,2.223494388949855,0.04429037861136592,0.0,0.0
2017-06-27,6146.6201171875,1.7836625041937342,0.8741367336270467,0.0,0.0
2017-06-28,6234.41015625,2.7031280541638045,0.09648608849607543,0.0,0.0
2017-06-29,6144.35009765625,2.2108323579793003,0.8384894980191919,0.0,0.0
2017-06-30,6140.419921875,2.320795126892187,0.4718955422639658,0.0,0.0
2017-07-03,6110.06005859375,2.268394967628892,1.2715559011118167,0.0,0.0
2017-07-05,6150.85986328125,2.1582828057690175,0.2100553505766796,0.0,0.0
2017-07-06,6089.4599609375,2.7440800499875095,2.017673645394245,0.0,0.0
2017-07-07,6153.080078125,2.799584227758927,0.3065783777410869,0.0,0.0
2017-07-10,6176.39013671875,2.483649355971105,0.08160251258363826,0.0,0.0
2017-07-11,6193.2998046875,2.6719193465287012,0.04533839127729384,0.0,0.0
2017-07-12,6261.169921875,4.491028200578161,0.02011519197998174,0.0,0.0
2017-07-13,6274.43994140625,5.11193325541024,0.02400486232828357,0.0,0.0
2017-07-14,6312.47021484375,6.135798299478561,0.02927680107671173,0.0,0.0
2017-07-17,6314.43017578125,6.552329938782313,0.027247031875960094,0.0,0.0
2017-07-18,6344.31005859375,6.432278847645946,0.02822294389759534,0.0,0.0
2017-07-19,6385.0400390625,6.608639483354444,0.027922788719649462,0.0,0.0
2017-07-20,6390.0,5.821522694375475,0.017226542680087324,0.0,0.0
2017-07-21,6387.75,4.026439213881336,0.020942642012196585,0.0,0.0
2017-07-24,6410.81005859375,4.5139006905096215,0.03163990120373674,0.0,0.0
2017-07-25,6412.169921875,3.35638516201514,0.026050367253661895,0.0,0.0
2017-07-26,6422.75,5.296220324905973,0.10491602755665502,0.0,0.0
2017-07-27,6382.18994140625,5.012395353508397,0.05622554568354097,0.0,0.0
2017-07-28,6374.68017578125,6.09943091356689,0.02145065000637887,0.0,0.0
2017-07-31,6348.1201171875,4.500290579670057,0.02876946498698607,0.0,0.0
2017-08-01,6362.93994140625,5.432527661423243,0.025814081236169937,0.0,0.0
2017-08-02,6362.64990234375,4.414529324010597,0.034048141528261786,0.0,0.0
2017-08-03,6340.33984375,4.353456773605692,0.06749549200416531,0.0,0.0
2017-08-04,6351.56005859375,3.7451944024122525,0.04262946804241124,0.0,0.0
2017-08-07,6383.77001953125,4.390128442326273,0.04978353844622636,0.0,0.0
2017-08-08,6370.4599609375,3.5517185482110927,0.08623299417665084,0.0,0.0
2017-08-09,6352.330078125,4.17846583201703,0.14243214954741287,0.0,0.0
2017-08-10,6216.8701171875,4.740611726982135,2.7358060830439475,0.0,0.0
2017-08-11,6256.56005859375,4.027848573585384,2.2255228229805195,0.0,0.0
2017-08-14,6340.22998046875,5.088452135716026,0.35968799787560146,0.0,0.0
2017-08-15,6333.009765625,4.217302227656062,0.27843680748265426,0.0,0.0
2017-08-16,6345.10986328125,4.358519693293644,0.18084305501524614,0.0,0.0
2017-08-17,6221.91015625,4.182478974210066,1.5655680026125176,0.0,0.0
2017-08-18,6216.52978515625,2.7551677637473584,1.7586616420119372,0.0,0.0
2017-08-21,6213.1298828125,3.0059074432903974,2.6954232225946155,0.0,0.0
2017-08-22,6297.47998046875,1.5441607776198198,0.08179066875592658,0.0,0.0
2017-08-23,6278.41015625,1.4172640049190968,0.12106958621483933,0.0,0.0
2017-08-24,6271.330078125,1.1443558954999113,0.21583468827397462,0.0,0.0
2017-08-25,6265.64013671875,1.4108529397294927,0.4026587034585998,0.0,0.0
2017-08-28,6283.02001953125,1.6394304452242683,0.13542004167724497,0.0,0.0
2017-08-29,6301.89013671875,2.0360634526639236,0.06829028750743052,0.0,0.0
2017-08-30,6368.31005859375,1.800157474159911,0.029900167071905168,0.0,0.0
2017-08-31,6428.66015625,2.5732195370819104,0.016814797116765333,0.0,0.0
2017-09-01,6435.330078125,2.8554333084507757,0.028976107187647253,0.0,0.0
2017-09-05,6375.56982421875,2.0516623157599936,0.018468104852842535,0.0,0.0
2017-09-06,6393.31005859375,2.478014213936918,0.016153884262545545,0.0,0.0
2017-09-07,6397.8701171875,2.6295606815764767,0.015975339461164577,0.0,0.0
2017-09-08,6360.18994140625,3.0663125641478928,0.022621055340699178,0.0,0.0
2017-09-11,6432.259765625,1.5897841671941193,0.016317903063152228,0.0,0.0
2017-09-12,6454.27978515625,1.87267358048083,0.015561761810892975,0.0,0.0
2017-09-13,6460.18994140625,2.8825115498172758,0.015147613537771162,0.0,0.0
2017-09-14,6429.080078125,1.602251808472028,0.015327523729227358,0.0,0.0
2017-09-15,6448.47021484375,2.6250500241066805,0.05004549016971283,0.0,0.0
2017-09-18,6454.64013671875,2.0326040385182016,0.01564670436215655,0.0,0.0
2017-09-19,6461.31982421875,1.68145325539833,0.015213769793959529,0.0,0.0
2017-09-20,6456.0400390625,1.0095639052356051,0.016289378850490883,0.0,0.0
2017-09-21,6422.68994140625,1.2756243258594582,0.024515186120100837,0.0,0.0
2017-09-22,6426.919921875,1.5180407281989063,0.018743097809709616,0.0,0.0
2017-09-25,6370.58984375,2.302114578664347,0.09467899772028439,0.0,0.0
2017-09-26,6380.16015625,2.264768280622678,0.08940100167933832,0.0,0.0
2017-09-27,6453.259765625,2.1075545498181656,0.04276428680623524,0.0,0.0
2017-09-28,6453.4501953125,1.879192373273966,0.05831293192883557,0.0,0.0
2017-09-29,6495.9599609375,1.8531267260687807,0.0282715887204387,0.0,0.0
2017-10-02,6516.72021484375,1.6691923809502793,0.015219733193800962,0.0,0.0
2017-10-03,6531.7099609375,1.8183401554156335,0.015494651223028372,0.0,0.0
2017-10-04,6534.6298828125,2.121971344236668,0.015249551736033727,0.0,0.0
2017-10-05,6585.35986328125,2.9485764925623315,0.01826893028075754,0.0,0.0
2017-10-06,6590.18017578125,2.641152599426633,0.3019025444930369,0.0,0.0
2017-10-09,6579.72998046875,1.134337737321166,0.022509988448433986,0.0,0.0
2017-10-10,6587.25,0.7146729400069326,0.01822173357322615,0.0,0.0
2017-10-11,6603.5498046875,0.7594445494645706,0.018164262782446195,0.0,0.0
2017-10-12,6591.509765625,0.8471536415026936,0.050687378806703556,0.0,0.0
2017-10-13,6605.7998046875,1.0642253556805592,0.03434369052259239,0.0,0.0
2017-10-16,6624.0,1.7548527609104507,0.030301355056700653,0.0,0.0
2017-10-17,6623.66015625,2.039079621698949,0.03055592814551988,0.0,0.0
2017-10-18,6624.22021484375,1.4098155921345474,0.13610251047514052,0.0,0.0
2017-10-19,6605.06982421875,1.5337897307019872,0.050249424751183325,0.0,0.0
2017-10-20,6629.0498046875,1.3389997360857142,0.021468701280043766,0.0,0.0
2017-10-23,6586.830078125,2.0972898872904358,0.038239676006049564,0.0,0.0
2017-10-24,6598.43017578125,2.0714098141370236,0.03631997104628779,0.0,0.0
2017-10-25,6563.89013671875,1.8328860503250446,0.1398626852298345,0.0,0.0
2017-10-26,6556.77001953125,2.004812520375914,0.10967540923815641,0.0,0.0
2017-10-27,6701.259765625,3.180018922642444,0.03188715791375741,0.0,0.0
2017-10-30,6698.9599609375,2.512296073746488,0.029849020376936274,0.0,0.0
2017-10-31,6727.669921875,2.5724543464602068,0.038660845357295325,0.0,0.0
2017-11-01,6716.52978515625,1.7525658323369655,0.1543955921733705,0.0,0.0
2017-11-02,6714.93994140625,1.8370567926652546,0.13324893779354224,0.0,0.0
2017-11-03,6764.43994140625,2.5512492428930162,0.016187988457768754,0.0,0.0
2017-11-06,6786.43994140625,2.522839406999793,0.016761498073872283,0.0,0.0
2017-11-07,6767.77978515625,1.9852934821215273,0.416844372862453,0.0,0.0
2017-11-08,6789.1201171875,2.485138010366581,0.04458919386815311,0.0,0.0
2017-11-09,6750.0498046875,2.455017350757813,0.10603453134024347,0.0,0.0
2017-11-10,6750.93994140625,1.6547811372076182,0.017715031996529,0.0,0.0
2017-11-13,6757.60009765625,2.1600420128337836,0.0191684505841465,0.0,0.0
2017-11-14,6737.8701171875,2.0831841186929814,0.037871840386680004,0.0,0.0
2017-11-15,6706.2099609375,3.6062690763998075,0.08589379838062064,0.0,0.0
2017-11-16,6793.2900390625,3.3125816549544065,0.06534524102972168,0.0,0.0
2017-11-17,6782.7900390625,1.47597548519033,0.027013341408226404,0.0,0.0
2017-11-20,6790.7099609375,2.224095826602149,0.04246031378528175,0.0,0.0
2017-11-21,6862.47998046875,3.6802406070959397,0.021601469887016465,0.0,0.0
2017-11-22,6867.35986328125,3.2319756418213657,0.01973848336310417,0.0,0.0
2017-11-24,6889.16015625,4.001535370851414,0.023615078034531625,0.0,0.0
2017-11-27,6878.52001953125,1.4316523945864708,0.02659380517456957,0.0,0.0
2017-11-28,6912.35986328125,3.243693364994414,0.04914040740178832,0.0,0.0
2017-11-29,6824.39013671875,1.7728225252126784,0.04796665465925437,0.0,0.0
2017-11-30,6873.97021484375,1.1962769896830592,0.026614009056377817,0.0,0.0
2017-12-01,6847.58984375,2.4961480731995302,0.04574344960835554,0.0,0.0
2017-12-04,6775.3701171875,3.409496816031294,0.06249966266096094,0.0,0.0
2017-12-05,6762.2099609375,3.2331266511872663,0.288087534672271,0.0,0.0
2017-12-06,6776.3798828125,3.2648945782715417,0.07032201647862545,0.0,0.0
2017-12-07,6812.83984375,2.89806682863735,0.039877502678032424,0.0,0.0
2017-12-08,6840.080078125,2.909035931285672,0.036268497099128806,0.0,0.0
2017-12-11,6875.080078125,4.49722797028065,0.024831638233204743,0.0,0.0
2017-12-12,6862.31982421875,4.133558973166184,0.09661062950222588,0.0,0.0
2017-12-13,6875.7998046875,3.4261370974682523,0.03223324453032822,0.0,0.0
2017-12-14,6856.52978515625,2.73157572531301,0.09552982430279043,0.0,0.0
2017-12-15,6936.580078125,3.7528703267467916,0.06841574621966046,0.0,0.0
2017-12-18,6994.759765625,5.320608356604506,0.024136059552733045,0.0,0.0
2017-12-19,6963.85009765625,3.085668300010016,0.022714001881074086,0.0,0.0
2017-12-20,6960.9599609375,2.661834180033378,0.01661402293176966,0.0,0.0
2017-12-21,6965.35986328125,2.440171395027235,0.017038721259065418,0.0,0.0
2017-12-22,6959.9599609375,2.212864302453092,0.05125062725730874,0.0,0.0
2017-12-26,6936.25,2.472999990647209,0.07656842687848174,0.0,0.0
2017-12-27,6939.33984375,3.8777311486212764,0.11902649814867428,0.0,0.0
2017-12-28,6950.16015625,2.0215650418430586,0.10294482477971194,0.0,0.0
2017-12-29,6903.39013671875,3.208354849834442,0.11637910062666242,0.0,0.0
2018-01-02,7006.89990234375,2.753210320614463,0.05022465231150396,0.0,0.0
2018-01-03,7065.52978515625,5.767176900969164,0.036284701277568235,0.0,0.0
2018-01-04,7077.91015625,7.173245265460866,0.38648672626846536,0.0,0.0
2018-01-05,7136.56005859375,11.459258327545639,0.0403654842425505,0.0,0.0
2018-01-08,7157.39013671875,11.746876341257652,0.019605993909288345,0.0,0.0
2018-01-09,7163.580078125,9.725323738047877,0.03198549712482856,0.0,0.0
2018-01-10,7153.56982421875,7.447208941019125,0.01665202526518358,0.0,0.0
2018-01-11,7211.77978515625,11.754397202589896,0.02495017782681109,0.0,0.0
2018-01-12,7261.06005859375,14.262221889015251,0.020961158137562816,0.0,0.0
2018-01-16,7223.68994140625,11.52084323227695,0.03074994223453281,0.0,0.0
2018-01-17,7298.27978515625,19.24828763597858,0.021727055016103003,0.0,0.0
2018-01-18,7296.0498046875,18.68065220486031,0.14947234773397816,0.0,0.0
2018-01-19,7336.3798828125,26.715299583452452,0.09047112460344545,0.0,0.0
2018-01-22,7408.02978515625,24.2535398251644,0.03358321384232688,0.0,0.0
2018-01-23,7460.2900390625,28.014470392799527,0.02680928413243903,0.0,0.0
2018-01-24,7415.06005859375,21.746294266945927,0.06990954195892703,0.0,0.0
2018-01-25,7411.16015625,19.765366582353376,0.03614543851860608,0.0,0.0
2018-01-26,7505.77001953125,31.273604612529773,0.08545257055146681,0.0,0.0
2018-01-29,7466.509765625,21.499343852958567,0.18256538605577544,0.0,0.0
2018-01-30,7402.47998046875,16.84573779272123,0.3699319798590753,0.0,0.0
2018-01-31,7411.47998046875,17.467870355583713,0.16330744547373735,0.0,0.0
2018-02-01,7385.85986328125,13.324452105615281,0.12757568796296814,0.0,0.0
2018-02-02,7240.9501953125,6.951056948054588,1.1881032418545823,0.0,0.0
2018-02-05,6967.52978515625,3.7669864639860524,9.331855158099724,0.0,0.0
2018-02-06,7115.8798828125,3.2128366137051265,7.094743793782228,0.0,0.0
2018-02-07,7051.97998046875,2.6173280842060493,7.250715538304822,0.0,0.0
2018-02-08,6777.16015625,1.660791978482334,21.48735666360434,0.0,0.0
2018-02-09,6874.490234375,1.2154470921973224,12.607650124208723,0.0,0.0
2018-02-12,6981.9599609375,0.7639435060301336,8.108687272286,0.0,0.0
2018-02-13,7013.509765625,0.5235200915181585,6.448918616258453,0.0,0.0
2018-02-14,7143.6201171875,0.6171824995105022,2.572841169351921,0.0,0.0
2018-02-15,7256.43017578125,2.080229344034639,0.616535041331474,0.0,0.0
2018-02-16,7239.47021484375,1.1088596338585488,0.3599328934180766,0.0,0.0
2018-02-20,7234.31005859375,0.7464550237092412,0.22874725885059066,0.0,0.0
2018-02-21,7218.22998046875,0.3721551672254634,0.31168935909342166,0.0,0.0
2018-02-22,7210.08984375,0.28016026526019505,0.25727962060609055,0.0,0.0
2018-02-23,7337.39013671875,2.279958312401162,0.09435034691987852,0.0,0.0
2018-02-26,7421.4599609375,9.796818438033142,0.07529319778475005,0.0,0.0
2018-02-27,7330.35009765625,1.5440810961048594,0.0482204596616848,0.0,0.0
2018-02-28,7273.009765625,0.4420817952967028,0.07420427614226426,0.0,0.0
2018-03-01,7180.56005859375,0.5875479979119694,0.5959540380473767,0.0,0.0
2018-03-02,7257.8701171875,1.3720018157803107,1.2622390274692428,0.0,0.0
2018-03-05,7330.7099609375,2.109635283919525,0.6306088779260259,0.0,0.0
2018-03-06,7372.009765625,3.6617419167163,0.07893568894593647,0.0,0.0
2018-03-07,7396.64990234375,4.705002772541877,0.08355216724048273,0.0,0.0
2018-03-08,7427.9501953125,8.906666881968484,0.02549640574970555,0.0,0.0
2018-03-09,7560.81005859375,25.665690406338495,0.11639608463720834,0.0,0.0
2018-03-12,7588.31982421875,34.90622560253083,0.10518410939224924,0.0,0.0
2018-03-13,7511.009765625,16.00501909626472,0.034365590672829995,0.0,0.0
2018-03-14,7496.81005859375,12.988183712245625,0.05219798220887386,0.0,0.0
2018-03-15,7481.740234375,11.886221984466001,0.04279836681724179,0.0,0.0
2018-03-16,7481.990234375,10.690635375830059,0.061349228951096506,0.0,0.0
2018-03-19,7344.240234375,4.652958990518683,0.48121896447220486,0.0,0.0
2018-03-20,7364.2998046875,3.3317035461547646,0.10662467130435348,0.0,0.0
2018-03-21,7345.2900390625,3.298460412024995,0.16924377575370664,0.0,0.0
2018-03-22,7166.68017578125,1.6626739347310997,1.971641802467202,0.0,0.0
2018-03-23,6992.669921875,1.2139657490095606,8.669720641212507,0.0,0.0
2018-03-26,7220.5400390625,0.7490182481868299,3.1188828404348574,0.0,0.0
2018-03-27,7008.81005859375,0.1627797390209522,5.1830257517553955,0.0,0.0
2018-03-28,6949.22998046875,0.08969132894351856,6.190648028190204,0.0,0.0
2018-03-29,7063.4501953125,0.1762764800944879,6.413040279328374,0.0,0.0
2018-04-02,6870.1201171875,0.16210098777567922,12.608252734230074,0.0,0.0
2018-04-03,6941.27978515625,0.041291723619640404,7.3246642253867575,0.0,0.0
2018-04-04,7042.10986328125,0.053437585616260594,3.4611514399469674,0.0,0.0
2018-04-05,7076.5498046875,0.030078806209249596,3.1606157528428325,0.0,0.0
2018-04-06,6915.10986328125,0.004199894268906846,5.877334846213891,0.0,0.0
2018-04-09,6950.33984375,0.1527682914845213,6.70126056820477,0.0,0.0
2018-04-10,7094.2998046875,0.10736899157642464,2.5812887627913152,0.0,0.0
2018-04-11,7069.02978515625,0.08932496138028569,1.3788516812839056,0.0,0.0
2018-04-12,7140.25,0.19548212620935546,0.5592971944275615,0.0,0.0
2018-04-13,7106.64990234375,0.0703790200462399,0.5289090959913254,0.0,0.0
2018-04-16,7156.27978515625,0.34500203342900554,0.47669093219693326,0.0,0.0
2018-04-17,7281.10009765625,0.6600964603073228,0.04777460204813031,0.0,0.0
2018-04-18,7295.240234375,1.2948873730914607,0.056257061937019216,0.0,0.0
2018-04-19,7238.06005859375,0.5737828232153119,0.06511400296605131,0.0,0.0
2018-04-20,7146.1298828125,0.13214109606893895,0.024838465830558907,0.0,0.0
2018-04-23,7128.60009765625,0.27063203512485007,0.08204229128904669,0.0,0.0
2018-04-24,7007.35009765625,0.2502441121782807,0.8671772134318664,0.0,0.0
2018-04-25,7003.740234375,0.2529349392831784,0.7963455762670195,0.0,0.0
2018-04-26,7118.68017578125,0.29928162482965365,0.10820598174269383,0.0,0.0
2018-04-27,7119.7998046875,0.299570966645105,0.052073287634366666,0.0,0.0
2018-04-30,7066.27001953125,0.5742961904475872,0.1400468355894658,0.0,0.0
2018-05-01,7130.7001953125,0.5549187850222352,0.15125804465568354,0.0,0.0
2018-05-02,7100.89990234375,0.5698061253025775,0.8551688553965847,0.0,0.0
2018-05-03,7088.14990234375,0.5542995552295429,0.19207224663697223,0.0,0.0
2018-05-04,7209.6201171875,0.8290820283251211,0.048705754774963445,0.0,0.0
2018-05-07,7265.2099609375,1.6136828502422502,0.02404176066578436,0.0,0.0
2018-05-08,7266.89990234375,1.9063997025616333,0.026742944550535143,0.0,0.0
2018-05-09,7339.91015625,4.6605526429201545,0.027822590510424208,0.0,0.0
2018-05-10,7404.97021484375,5.5614448710845465,0.02658334251304679,0.0,0.0
2018-05-11,7402.8798828125,4.506820932087346,0.01844955581863461,0.0,0.0
2018-05-14,7411.31982421875,4.770150986729651,0.019839460141209967,0.0,0.0
2018-05-15,7351.6298828125,2.74992613222075,0.0427086983852011,0.0,0.0
2018-05-16,7398.2998046875,2.069627895222194,0.019750145881551683,0.0,0.0
2018-05-17,7382.47021484375,1.6815346174014427,0.019425576371379445,0.0,0.0
2018-05-18,7354.33984375,2.4936879225159454,0.020081609249680384,0.0,0.0
2018-05-21,7394.0400390625,3.1594605149583948,0.021577904162831483,0.0,0.0
2018-05-22,7378.4599609375,2.755533880916311,0.038875499870891665,0.0,0.0
2018-05-23,7425.9599609375,4.395865909883619,0.025649070370706895,0.0,0.0
2018-05-24,7424.43017578125,3.567885194803909,0.03296256293287927,0.0,0.0
2018-05-25,7433.85009765625,5.721100309217163,0.02450875778551982,0.0,0.0
2018-05-29,7396.58984375,8.77222301909766,0.1294736646483305,0.0,0.0
2018-05-30,7462.4501953125,10.426688318034243,0.05620351792236224,0.0,0.0
2018-05-31,7442.1201171875,8.945014940462677,0.03516120646755799,0.0,0.0
2018-06-01,7554.330078125,18.29001505017974,0.03547713764284519,0.0,0.0
2018-06-04,7606.4599609375,30.190105232980795,0.01668489376487169,0.0,0.0
2018-06-05,7637.85986328125,28.69077230133891,0.01888746272804651,0.0,0.0
2018-06-06,7689.240234375,30.76223361264599,0.02100184806068642,0.0,0.0
2018-06-07,7635.06982421875,19.58089196205836,0.021068239886307714,0.0,0.0
2018-06-08,7645.509765625,22.87335585183936,0.019343550466294178,0.0,0.0
2018-06-11,7659.93017578125,25.009994208568447,0.022074924536320893,0.0,0.0
2018-06-12,7703.7900390625,30.020767549579062,0.02422692780716301,0.0,0.0
2018-06-13,7695.7001953125,25.34378099171637,0.021935822374953715,0.0,0.0
2018-06-14,7761.0400390625,35.13690017329537,0.02973343770806871,0.0,0.0
2018-06-15,7746.3798828125,28.448107711289353,0.02698786913444959,0.0,0.0
2018-06-18,7747.02978515625,29.71274195944108,0.02407035889953453,0.0,0.0
2018-06-19,7725.58984375,31.18549049025112,0.033624942960338,0.0,0.0
2018-06-20,7781.509765625,32.93399763076976,0.02718109902790922,0.0,0.0
2018-06-21,7712.9501953125,22.754662413816003,0.04450767273704095,0.0,0.0
2018-06-22,7692.81982421875,16.854354681029065,0.12381325649339732,0.0,0.0
2018-06-25,7532.009765625,8.616452402037226,0.5499400933838959,0.0,0.0
2018-06-26,7561.6298828125,9.236015769697104,0.4658996915688837,0.0,0.0
2018-06-27,7445.080078125,4.7732126837392315,2.0486819654218515,0.0,0.0
2018-06-28,7503.68017578125,5.171054382586427,1.111087426594233,0.0,0.0
2018-06-29,7510.2998046875,3.471142509262551,0.884631140332583,0.0,0.0
2018-07-02,7567.68994140625,4.34543128151027,0.8292127400868562,0.0,0.0
2018-07-03,7502.669921875,2.6879244500942656,1.3569237704487627,0.0,0.0
2018-07-05,7586.43017578125,4.48727100991181,1.2127376145414936,0.0,0.0
2018-07-06,7688.39013671875,15.106432890828515,0.03285233859755465,0.0,0.0
2018-07-09,7756.2001953125,24.64003093150926,0.020293835696823168,0.0,0.0
2018-07-10,7759.2001953125,24.245544429991774,0.018349167689778633,0.0,0.0
2018-07-11,7716.60986328125,19.455140733490296,0.0217125156480247,0.0,0.0
2018-07-12,7823.919921875,29.67291126859336,0.01712884583255289,0.0,0.0
2018-07-13,7825.97998046875,31.28284879936397,0.016929173844610016,0.0,0.0
2018-07-16,7805.72021484375,34.3045958951043,0.016060192681472265,0.0,0.0
2018-07-17,7855.1201171875,35.87841552192417,0.01730078925987353,0.0,0.0
2018-07-18,7854.43994140625,50.97452143446834,0.017529125129918693,68.52530715178752,0.0
2018-07-19,7825.2998046875,51.73731741053907,0.0161469368090588,64.93205797342287,0.0
2018-07-20,7820.2001953125,56.3489196733353,0.030559594416670825,64.30322883052771,0.0
2018-07-23,7841.8701171875,55.16473802162737,0.017546586879737133,66.9753312205782,0.0
2018-07-24,7840.77001953125,56.09281306588099,0.07225632729294461,66.83967897441363,0.0
2018-07-25,7932.240234375,57.77771848312344,0.017546223799406204,78.118804995832,0.0
2018-07-26,7852.18017578125,53.540900907793656,0.028420805409710634,68.24665708731807,0.0
2018-07-27,7737.419921875,38.08754355911784,0.26449147938111683,54.09565319747638,0.0
2018-07-30,7630.0,28.346330690488628,0.507103932345996,40.84978034029868,0.0
2018-07-31,7671.7900390625,33.040774804754214,0.4360644906757054,46.00287982553664,0.0
2018-08-01,7707.2900390625,35.67701743612746,0.3307812659461662,50.38035914428901,0.0
2018-08-02,7802.68994140625,45.95119725317204,0.04985895511664626,62.144052088535815,0.0
2018-08-03,7812.009765625,52.58147325468138,0.031947833021404956,63.29327287084527,0.0
2018-08-06,7859.68017578125,58.65054073973429,0.023974747164783334,69.17147666170239,0.0
2018-08-07,7883.66015625,56.615028481169894,0.020530427164693204,72.12843070581616,0.0
2018-08-08,7888.330078125,59.060536059290264,0.02121161621333422,72.70427539392888,0.0
2018-08-09,7891.77978515625,58.583530001469065,0.060649091621511046,73.12965627238104,0.0
2018-08-10,7839.10986328125,59.24122658987278,0.018741828468222803,66.63496630820876,0.0
2018-08-13,7819.7099609375,54.51997937958864,0.06961180845513687,64.24277838438958,0.0
2018-08-14,7870.89013671875,58.97136072215286,0.03109588385734104,70.55376883544685,0.0
2018-08-15,7774.1201171875,43.54604396823363,0.31891649486013324,58.621127731973324,0.0
2018-08-16,7806.52001953125,55.18460301077014,0.02952857188173161,62.61633625139197,0.0
2018-08-17,7816.330078125,58.556852282767075,0.029490839069994966,63.82600747983956,0.0
2018-08-20,7821.009765625,59.27616984794695,0.036518275732787424,64.40305636010643,0.0
2018-08-21,7859.169921875,61.74907187636575,0.024948315215170686,69.10855762164825,0.0
2018-08-22,7889.10009765625,59.80168313533906,0.10950989131481477,72.79922594528333,0.0
2018-08-23,7878.4599609375,58.0420704388764,0.04360975316329756,71.4871983837333,0.0
2018-08-24,7945.97998046875,60.53491653282981,0.017542924629287318,79.81304314710803,0.0
2018-08-27,8017.89990234375,65.44302230040087,0.016275295740623467,88.68143668553334,0.0
2018-08-28,8030.0400390625,62.70946638144838,0.015515981201646262,90.17842816196023,0.0
2018-08-29,8109.68994140625,62.659214050490924,0.01727151212560372,100.0,0.0
2018-08-30,8088.35986328125,37.939614967221154,0.017897143670014083,0.0,0.0
2018-08-31,8109.5400390625,35.017852845453596,0.017253152833728993,0.0,0.0
2018-09-04,8091.25,29.992161545928024,0.015868696235457582,0.0,0.0
2018-09-05,7995.169921875,22.413603037088347,0.021758122017844866,0.0,0.0
2018-09-06,7922.72998046875,11.638085978542652,0.06578519057738211,0.0,0.0
2018-09-07,7902.5400390625,10.3515897536141,0.1039488330920049,0.0,0.0
2018-09-10,7924.16015625,8.600038059461777,0.07663934701658333,0.0,0.0
2018-09-11,7972.47021484375,12.158677311846537,0.035876943481366684,0.0,0.0
2018-09-12,7954.22998046875,9.30754993888267,0.12241027443664339,0.0,0.0
2018-09-13,8013.7099609375,15.884222258927956,0.041160520824624056,0.0,0.0
2018-09-14,8010.0400390625,14.03649098145826,0.040478568037091045,0.0,0.0
2018-09-17,7895.7900390625,6.788782055322512,1.149469038982344,0.0,0.0
2018-09-18,7956.10986328125,5.415407647334968,0.17815361974101082,0.0,0.0
2018-09-19,7950.0400390625,6.26090460627748,0.6300203104725384,0.0,0.0
2018-09-20,8028.22998046875,11.424172814482212,0.05520103837001941,0.0,0.0
2018-09-21,7986.9599609375,8.892528568301383,0.23999335549452344,0.0,0.0
2018-09-24,7993.25,10.053020030565232,0.11703760304539705,0.0,0.0
2018-09-25,8007.47021484375,11.016458854397975,0.06020044355606966,0.0,0.0
2018-09-26,7990.3701171875,9.125176788253711,0.07462908464334148,0.0,0.0
2018-09-27,8041.97021484375,12.197081290062034,0.0842725901605505,0.0,0.0
2018-09-28,8046.35009765625,16.898722213354226,0.09137612209052116,0.0,0.0
2018-10-01,8037.2998046875,14.58000960691068,0.1236759116584993,0.0,0.0
2018-10-02,7999.5498046875,10.332377686049503,0.13306976007475618,0.0,0.0
2018-10-03,8025.08984375,12.348798738098694,0.175319818134518,0.0,0.0
2018-10-04,7879.509765625,5.21493393701529,1.3938754819840367,0.0,0.0
2018-10-05,7788.4501953125,4.430227185158772,1.8895638749065298,0.0,0.0
2018-10-08,7735.9501953125,4.730931289804456,3.8270010314810765,0.0,0.0
2018-10-09,7738.02001953125,3.709486776725725,4.845802963163934,0.0,0.0
2018-10-10,7422.0498046875,2.6819656111256434,11.11452183449344,0.0,0.0
2018-10-11,7329.06005859375,0.837577516066452,14.101964012514694,0.0,0.0
2018-10-12,7496.89013671875,0.6072413960572914,5.03694202914554,0.0,0.0
2018-10-15,7430.740234375,0.3061259707134716,5.685699227233593,0.0,0.0
2018-10-16,7645.490234375,0.6907670507492758,2.4879032253151374,0.0,0.0
2018-10-17,7642.7001953125,0.7926242385753614,3.4387905676623998,0.0,0.0
2018-10-18,7485.14013671875,0.4965522579632504,4.823699713494182,0.0,0.0
2018-10-19,7449.02978515625,0.14311024421833038,4.23348453528857,0.0,0.0
2018-10-22,7468.6298828125,0.049393099855666464,4.1608334398179,0.0,0.0
2018-10-23,7437.5400390625,0.03338393520781239,5.159151425812935,0.0,0.0
2018-10-24,7108.39990234375,0.33564625017194216,12.488718739150062,0.0,0.0
2018-10-25,7318.33984375,0.15563423909297328,4.2043657905718455,0.0,0.0
2018-10-26,7167.2099609375,0.012764560172003678,6.476551106117609,0.0,0.0
2018-10-29,7050.2900390625,0.01813417030465713,9.366133405051173,0.0,0.0
2018-10-30,7161.64990234375,0.01993540481343186,5.606622779364633,0.0,0.0
2018-10-31,7305.89990234375,0.04148229450176695,4.629674880354955,0.0,0.0
2018-11-01,7434.06005859375,0.019171043219259543,0.6970645595977087,0.0,0.0
2018-11-02,7356.990234375,0.026357833342970892,1.255484592042645,0.0,0.0
2018-11-05,7328.85009765625,0.059603449687437346,1.3721962949382696,0.0,0.0
2018-11-06,7375.9599609375,0.014415497731961402,0.6207827541180434,0.0,0.0
2018-11-07,7570.75,0.36638225514939937,0.19190349510640833,0.0,0.0
2018-11-08,7530.8798828125,0.2553815324396721,0.17433020423669487,0.0,0.0
2018-11-09,7406.89990234375,0.18476581890072122,0.17971242057073247,0.0,0.0
2018-11-12,7200.8701171875,0.22593584019010923,1.593276109381632,0.0,0.0
2018-11-13,7200.8701171875,0.01910246550459361,1.3634019633108967,0.0,0.0
2018-11-14,7136.39013671875,0.0025901644496295847,3.0759885358890164,0.0,0.0
2018-11-15,7259.02978515625,0.09648716504147939,0.7837677609635527,0.0,0.0
2018-11-16,7247.8701171875,0.056554591468746654,0.8647501112353951,0.0,0.0
2018-11-19,7028.47998046875,0.051906426074600005,13.670679608074135,0.0,0.0
2018-11-20,6908.81982421875,0.044745017545105154,19.988167885765737,0.0,0.0
2018-11-21,6972.25,0.06241371818096178,10.928419660342396,0.0,0.0
2018-11-23,6938.97998046875,0.1140378303006334,17.268253450719136,0.0,0.0
2018-11-26,7081.85009765625,0.02277804384721405,2.2651057907684486,0.0,0.0
2018-11-27,7082.7001953125,0.29782911035469406,2.414600932065999,0.0,0.0
2018-11-28,7291.58984375,0.26800531052046356,0.8172002720134415,0.0,0.0
2018-11-29,7273.080078125,0.1705892862391205,1.0088420930648283,0.0,0.0
2018-11-30,7330.5400390625,0.023659484645948668,0.49564755840748465,0.0,0.0
2018-12-03,7441.509765625,0.3998487798763218,0.14600310869624766,0.0,0.0
2018-12-04,7158.43017578125,0.6007753934865032,1.4675420389796154,0.0,0.0
2018-12-06,7188.259765625,0.21220634293385224,1.7693195800443853,0.0,0.0
2018-12-07,6969.25,0.31787942485778153,11.694970197013582,0.0,0.0
2018-12-10,7020.52001953125,0.2714234399196195,5.134631046775358,0.0,0.0
2018-12-11,7031.830078125,0.27515144815947384,4.918509659612651,0.0,0.0
2018-12-12,7098.31005859375,0.14940974575682542,1.4794064419567212,0.0,0.0
2018-12-13,7070.330078125,0.13120262144699926,1.537068546801198,0.0,0.0
2018-12-14,6910.66015625,0.14183023859281388,9.176948753556749,0.0,0.0
2018-12-17,6753.72998046875,0.06914559089139732,16.603135312525755,0.0,9.443353754208362
2018-12-18,6783.91015625,0.021718572551058586,16.566346524861906,0.0,4.570018370903006
2018-12-19,6636.830078125,0.07668102401995348,29.71736390543189,0.0,28.31973255749778
2018-12-20,6528.41015625,0.08071088142865533,36.61754327706007,0.0,45.82680890318612
2018-12-21,6332.990234375,0.18220106984452442,60.506114403779094,0.0,77.38218574323312
2018-12-24,6192.919921875,0.3746627170504764,69.76386903387315,0.0,100.0
2018-12-26,6554.35986328125,0.06669240403098066,9.683485208689502,0.0,0.0
2018-12-27,6579.490234375,0.012111591264234408,9.75459651472173,0.0,0.0
2018-12-28,6584.52001953125,0.02117702563264204,12.962495205867238,0.0,0.0
2018-12-31,6635.27978515625,0.07113891924935932,7.699829275704726,0.0,0.0
2019-01-02,6665.93994140625,0.31662834580668636,6.8256350302903686,0.0,0.0
2019-01-03,6463.5,0.07335073734954352,25.594278864386936,0.0,0.0
2019-01-04,6738.85986328125,0.10321158851790371,2.387390851560485,0.0,0.0
2019-01-07,6823.47021484375,0.048942925863089924,1.2565782683445796,0.0,0.0
2019-01-08,6897.0,0.46990239054869987,0.5243698685163364,0.0,0.0
2019-01-09,6957.080078125,0.11198347785946816,0.34790142683901376,0.0,0.0
2019-01-10,6986.06982421875,0.3148102237917689,0.2066065460789422,0.0,0.0
2019-01-11,6971.47998046875,0.2707227750941363,0.2511984267988652,0.0,0.0
2019-01-14,6905.919921875,0.23724315155931117,0.37174923496350054,0.0,0.0
2019-01-15,7023.830078125,0.22654292948896537,0.1538922108202216,0.0,0.0
2019-01-16,7034.68994140625,0.28626992525680783,0.22508667017295172,0.0,0.0
2019-01-17,7084.4599609375,0.28095337171025586,0.16081444133428344,0.0,0.0
2019-01-18,7157.22998046875,0.3218083308005032,0.10202647233471013,0.0,0.0
2019-01-22,7020.35986328125,0.1917295400936596,0.15399035009077056,0.0,0.0
2019-01-23,7025.77001953125,0.35543498533512813,0.18390999861737645,0.0,0.0
2019-01-24,7073.4599609375,0.43091381501372816,0.13905017043721501,0.0,0.0
2019-01-25,7164.85986328125,0.27941197208195606,0.0912573924606106,0.0,0.0
2019-01-28,7085.68017578125,0.530373712567111,0.1510475007468703,0.0,0.0
2019-01-29,7028.2900390625,0.7963213297900786,0.13777047844074536,0.0,0.0
2019-01-30,7183.080078125,0.3208039506973968,0.06858370218685755,0.0,0.0
2019-01-31,7281.740234375,0.6927393964208017,0.05628957040559201,0.0,0.0
2019-02-01,7263.8701171875,0.9246245300439208,0.11122292828793182,0.0,0.0
2019-02-04,7347.5400390625,2.939337822265358,0.07875855218581002,0.0,0.0
2019-02-05,7402.080078125,4.293728974273774,0.09703835340743987,0.0,0.0
2019-02-06,7375.27978515625,4.120420756033717,0.056179339827216165,0.0,0.0
2019-02-07,7288.35009765625,1.7528774791777217,0.05469961366161168,0.0,0.0
2019-02-08,7298.2001953125,2.0556212611236346,0.0456080225505837,0.0,0.0
2019-02-11,7307.89990234375,2.7379935288277975,0.049291689134993544,0.0,0.0
2019-02-12,7414.6201171875,4.715692910634418,0.04073606160304159,0.0,0.0
2019-02-13,7420.3798828125,5.074209255291236,0.041955183296953205,0.0,0.0
2019-02-14,7426.9501953125,7.075221268136629,0.03341110845392994,0.0,0.0
2019-02-15,7472.41015625,9.22167420006072,0.13217265020986288,0.0,0.0
2019-02-19,7486.77001953125,9.8955066978777,0.04045535235833774,0.0,0.0
2019-02-20,7489.06982421875,9.146214966457828,0.17490855617553663,0.0,0.0
2019-02-21,7459.7099609375,8.656145653731791,0.0821300814489477,0.0,0.0
2019-02-22,7527.5400390625,10.397626839001143,0.09260151683809054,0.0,0.0
2019-02-25,7554.4599609375,8.266007214997376,0.0490572519928251,0.0,0.0
2019-02-26,7549.2998046875,9.236729139856454,0.05602030949820931,0.0,0.0
2019-02-27,7554.509765625,10.55271010924653,0.05888442702542189,0.0,0.0
2019-02-28,7532.52978515625,8.182917513835662,0.1452784682168883,0.0,0.0
2019-03-01,7595.35009765625,9.45212574599299,0.1333399170977217,0.0,0.0
2019-03-04,7577.56982421875,9.380368216984541,0.14355797794000516,0.0,0.0
2019-03-05,7576.35986328125,8.89516674416354,0.1148808930503597,0.0,0.0
2019-03-06,7505.919921875,8.57604390413796,0.14683659705913518,0.0,0.0
2019-03-07,7421.4599609375,8.064329391032139,0.7847960533650534,0.0,0.0
2019-03-08,7408.14013671875,7.266577279845978,1.1104784685532632,0.0,0.0
2019-03-11,7558.06005859375,7.307928062436916,0.1612505464091844,0.0,0.0
2019-03-12,7591.02978515625,8.951360167945252,0.1290513264186412,0.0,0.0
2019-03-13,7643.41015625,10.264234453067811,0.10965586132439308,0.0,0.0
2019-03-14,7630.91015625,11.214984856110425,0.06339201362803176,0.0,0.0
2019-03-15,7688.52978515625,15.520393603733329,0.13246571189813808,0.0,0.0
2019-03-18,7714.47998046875,17.031070305697728,0.06038151990902095,0.0,0.0
2019-03-19,7723.9501953125,19.68851279650361,0.07615620947994793,0.0,0.0
2019-03-20,7728.97021484375,21.92224879725807,0.06335409959860405,0.0,0.0
2019-03-21,7838.9599609375,50.73334680999929,0.08673956860158102,60.18617845878246,0.0
2019-03-22,7642.669921875,30.247024666776564,0.5544328213354931,36.142812576555606,0.0
2019-03-25,7637.5400390625,30.61693839572127,0.4839320853425219,35.514458483892696,0.0
2019-03-26,7691.52001953125,32.86084466158817,0.15756530710820374,42.12641101558672,0.0
2019-03-27,7643.3798828125,30.747782072987285,0.3469076980210685,36.229774964784426,0.0
2019-03-28,7669.169921875,31.797184159903317,0.22176245304081135,39.388770440347876,0.0
2019-03-29,7729.31982421875,35.3935504427303,0.1570495858375054,46.75647038446227,0.0
2019-04-01,7828.91015625,47.46542778926758,0.07019093486135047,58.955188173689365,0.0
2019-04-02,7848.68994140625,54.87026221432751,0.06562874417115294,61.37799380282337,0.0
2019-04-03,7895.5498046875,59.2629819522166,0.03199344397364165,67.11781047127633,0.0
2019-04-04,7891.77978515625,58.94733451922085,0.0671618731303752,66.65602463942308,0.0
2019-04-05,7938.68994140625,62.83005390302643,0.042273110809055756,72.40200164211782,0.0
2019-04-08,7953.8798828125,63.30752086376544,0.057608036094554026,74.26260201035032,0.0
2019-04-09,7909.27978515625,61.803697956595045,0.03980488404698492,68.79958171928588,0.0
2019-04-10,7964.240234375,68.60004835387376,0.10501615681805924,75.53163086415972,0.0
2019-04-11,7947.35986328125,69.07820353554342,0.04168243487022617,73.46397149451862,0.0
2019-04-12,7984.16015625,70.07130874221207,0.08989075908466417,77.97160169647232,0.0
2019-04-15,7976.009765625,67.12363322995844,0.05963942523916499,76.97326869487996,0.0
2019-04-16,8000.22998046875,68.60789103762126,0.07294446096497254,79.93997800940103,0.0
2019-04-17,7996.080078125,64.63710436640812,0.13611160073145623,79.43166072084762,0.0
2019-04-18,7998.06005859375,62.304858751610794,0.8862946383473405,79.67418650094929,4.654423600972829
2019-04-22,8015.27001953125,68.08250439848821,0.9087606615437336,81.78221699304875,3.480967037942734
2019-04-23,8120.81982421875,78.51048356601169,0.2382110701843865,94.71090448539319,0.0
2019-04-24,8102.009765625,73.97132340235086,0.25837224291052274,92.4068796698922,0.0
2019-04-25,8118.68017578125,78.04758120264454,0.29169852656279316,94.44882113930059,0.0
2019-04-26,8146.39990234375,80.74017906408997,0.2382166440586043,97.84418206072391,0.0
2019-04-29,8161.85009765625,79.27121899731264,0.22053455022775165,99.73666066343092,0.0
2019-04-30,8095.39013671875,66.72121024158069,0.2051044748333582,91.59604810371754,0.0
2019-05-01,8049.64013671875,56.95957276777163,0.4327890389963132,85.99217745207619,1.1374498311196024
2019-05-02,8036.77001953125,53.09456400466949,0.4880862162791429,84.4157299768802,2.0149953139643797
2019-05-03,8164.0,70.40283189403624,0.1893881083734567,100.0,0.0
2019-05-06,8123.2900390625,38.840337297869,0.23539480148434408,0.0,0.0
2019-05-07,7963.759765625,11.285798485672684,4.688825028672301,0.0,6.9931798621989225
2019-05-08,7943.31982421875,10.29669999130186,5.801039175549542,0.0,8.386871775749471
2019-05-09,7910.58984375,7.4315523607104765,7.7478785979514,0.0,10.618556701030924
2019-05-10,7916.93994140625,6.451094694259618,7.112957105398722,0.0,10.185576998307033
2019-05-13,7647.02001953125,0.8158559533645613,21.977008522656163,0.0,28.58999435678127
2019-05-14,7734.490234375,0.39109517262578775,15.28857785808725,0.0,22.625861256723173
2019-05-15,7822.14990234375,0.8622097347226383,11.136633274009862,0.0,16.648810346233944
2019-05-16,7898.0498046875,3.09348828567903,6.664847077529825,0.0,11.473595895598788
2019-05-17,7816.27978515625,1.3430637156354288,12.04307768050803,0.0,17.049062709643913
2019-05-20,7702.3798828125,1.2157885369268755,20.31419357596617,0.0,24.815296951496617
2019-05-21,7785.72021484375,0.8172009650437314,11.995780383003119,0.0,19.132758801506856
2019-05-22,7750.83984375,1.434479009797936,14.458975410054503,0.0,21.511067533846827
2019-05-23,7628.27978515625,0.4451793435438543,47.079633022642696,0.0,59.73558440607204
2019-05-24,7637.009765625,0.4095500268582057,47.75041622652702,0.0,58.54508166020499
2019-05-28,7607.35009765625,0.2551182389181126,47.24850830002868,0.0,62.58975464483512
2019-05-29,7547.31005859375,0.1556241795563143,55.14089153415777,0.0,70.77738251201473
2019-05-30,7567.72021484375,0.1921921155700065,49.49459558407799,0.0,67.99406047066773
2019-05-31,7453.14990234375,0.7126018303797811,69.7506659645702,0.0,83.61795242716668
2019-06-03,7333.02001953125,0.5351035757578685,74.96715549436455,0.0,100.0
2019-06-04,7527.1201171875,0.16379831481062104,17.155402658158557,0.0,0.0
2019-06-05,7575.47998046875,0.795488929820349,7.962597338699835,0.0,0.0
2019-06-06,7615.5498046875,0.23852307380829707,2.8495933873571198,0.0,0.0
2019-06-07,7742.10009765625,0.334089027931844,0.19985343753426293,0.0,0.0
2019-06-10,7823.169921875,0.7483729396571213,0.15461064081555714,0.0,0.0
2019-06-11,7822.56982421875,0.8435096977912423,0.14823088984322613,0.0,0.0
2019-06-12,7792.72021484375,0.7064285014436432,0.08054088858008673,0.0,0.0
2019-06-13,7837.1298828125,0.8935397254592482,0.1925552694832749,0.0,0.0
2019-06-14,7796.66015625,0.6329962764896232,0.25015550374953466,0.0,0.0
2019-06-17,7845.02001953125,1.0038885594132914,0.060770071458396975,0.0,0.0
2019-06-18,7953.8798828125,2.2198362866309194,0.041112450191592556,0.0,0.0
2019-06-19,7987.31982421875,2.8852141357263057,0.03512371416619867,0.0,0.0
2019-06-20,8051.33984375,7.639482884275195,0.025208283852814393,0.0,0.0
2019-06-21,8031.7099609375,6.720916501785902,0.031406673832172,0.0,0.0
2019-06-24,8005.7001953125,3.95244876472653,0.02953718986024643,0.0,0.0
2019-06-25,7884.72021484375,1.5393279483369173,0.059926432545943376,0.0,0.0
2019-06-26,7909.97021484375,2.7146628871040255,0.05440044399321303,0.0,0.0
2019-06-27,7967.759765625,3.4830430374644386,0.03442505584409983,0.0,0.0
2019-06-28,8006.240234375,5.472627433609242,0.08359256718981302,0.0,0.0
2019-07-01,8091.16015625,8.10265514315508,0.025375744751230396,0.0,0.0
2019-07-02,8109.08984375,8.746400966610212,0.030599572605755146,0.0,0.0
2019-07-03,8170.22998046875,14.124909520143081,0.032267062055760076,0.0,0.0
2019-07-08,8098.3798828125,9.207604317739644,0.0246032600532658,0.0,0.0
2019-07-09,8141.72998046875,13.02181670320677,0.031388592042220206,0.0,0.0
2019-07-10,8202.5302734375,15.028887002861193,0.031238223584310422,0.0,0.0
2019-07-11,8196.0400390625,18.435048051537795,0.03920794171004957,0.0,0.0
2019-07-12,8244.1396484375,22.89487763155991,0.03900887118526062,0.0,0.0
2019-07-15,8258.1904296875,26.040125415268097,0.04340265511219156,0.0,0.0
2019-07-16,8222.7998046875,21.040681935479313,0.03950456327961975,0.0,0.0
2019-07-17,8185.2099609375,16.039867352310054,0.06424108377112867,0.0,0.0
2019-07-18,8207.240234375,16.92401781647815,0.060982541017400416,0.0,0.0
2019-07-19,8146.490234375,12.653117883187882,0.11128101587916628,0.0,0.0
2019-07-22,8204.1396484375,16.75566459002945,0.12299221268000204,0.0,0.0
2019-07-23,8251.400390625,20.169862055340506,0.15817168475085508,0.0,0.0
2019-07-24,8321.5,27.76153988535921,0.11121775460296107,0.0,0.0
2019-07-25,8238.5400390625,21.40529472593623,0.09820873858389541,0.0,0.0
2019-07-26,8330.2099609375,41.50511547678283,0.08569639427119564,0.0,0.0
2019-07-29,8293.330078125,27.916538868397783,0.09555637893479335,0.0,0.0
2019-07-30,8273.6103515625,21.927195260233514,0.0948814522286177,0.0,0.0
2019-07-31,8175.419921875,11.293851130763246,0.7049820956226494,0.0,0.0
2019-08-01,8111.1201171875,5.742173554732117,1.722644321185922,0.0,0.0
2019-08-02,8004.06982421875,2.728707592516027,3.8496974457623208,0.0,0.0
2019-08-05,7726.0400390625,1.2537017162993775,21.516439612504172,0.0,0.0
2019-08-06,7833.27001953125,0.8689773258605594,11.410255894750176,0.0,0.0
2019-08-07,7862.830078125,0.5030447348991596,12.497609829380526,0.0,0.0
2019-08-08,8039.16015625,1.6289096630236222,3.316179444905763,0.0,0.0
2019-08-09,7959.14013671875,0.3943076225212986,4.492032750959188,0.0,0.0
2019-08-12,7863.41015625,0.712491372142671,14.642331303817482,0.0,0.0
2019-08-13,8016.35986328125,1.1478550422195584,3.269410074520922,0.0,0.0
2019-08-14,7773.93994140625,0.6342300435074683,16.116776826575475,0.0,0.0
2019-08-15,7766.6201171875,0.47652005934887004,22.171834212162086,0.0,0.0
2019-08-16,7895.990234375,0.6338931068374642,4.666456896209024,0.0,0.0
2019-08-19,8002.81005859375,0.843955142579137,0.7017043408191082,0.0,0.0
2019-08-20,7948.56005859375,0.7702163610657408,1.0311946476090539,0.0,0.0
2019-08-21,8020.2099609375,1.1853942380584659,0.5026512957784849,0.0,0.0
2019-08-22,7991.39013671875,0.7602736386654438,0.294049024986634,0.0,0.0
2019-08-23,7751.77001953125,1.3110503518665637,15.873520013467646,0.0,0.0
2019-08-26,7853.740234375,0.7212842655475803,2.8384977804970335,0.0,0.0
2019-08-27,7826.9501953125,0.44317916018483516,4.857139447900167,0.0,0.0
2019-08-28,7856.8798828125,0.5309232482365213,1.4902020643938036,0.0,0.0
2019-08-29,7973.39013671875,0.9005541660270592,0.21889180355789575,0.0,0.0
2019-08-30,7962.8798828125,0.5973992809700165,0.17007821526976713,0.0,0.0
2019-09-03,7874.16015625,0.8894267931119819,1.533797902889886,0.0,0.0
2019-09-04,7976.8798828125,1.0760900002315406,0.09829973937511126,0.0,0.0
2019-09-05,8116.830078125,2.7782058335191384,0.05655308681317409,0.0,0.0
2019-09-06,8103.06982421875,2.60034988053802,0.04611659030517592,0.0,0.0
2019-09-09,8087.43994140625,2.5409019625331175,0.038295924400021025,0.0,0.0
2019-09-10,8084.16015625,2.6519339975077743,0.06522899063224788,0.0,0.0
2019-09-11,8169.68017578125,4.964171893702463,0.035468657692433604,0.0,0.0
2019-09-12,8194.4697265625,8.48805335785138,0.04133537212615993,0.0,0.0
2019-09-13,8176.7099609375,6.229853858119829,0.04049799126935597,0.0,0.0
2019-09-16,8153.5400390625,3.3995069368721924,0.04135301896274879,0.0,0.0
2019-09-17,8186.02001953125,7.023679594002994,0.035923629893392914,0.0,0.0
2019-09-18,8177.39013671875,5.949134552974931,0.25518271139533066,0.0,0.0
2019-09-19,8182.8798828125,6.781820761438269,0.07530428858455843,0.0,0.0
2019-09-20,8117.669921875,4.003968028461213,0.10811204118412428,0.0,0.0
2019-09-23,8112.4599609375,7.590027722805108,0.12287546999241511,0.0,0.0
2019-09-24,7993.6298828125,3.3321198936657073,0.8980701729689439,0.0,0.0
2019-09-25,8077.3798828125,6.081042481721595,0.17271929221225568,0.0,0.0
2019-09-26,8030.66015625,3.083168169511938,0.4652474597208709,0.0,0.0
2019-09-27,7939.6298828125,2.1134778137629113,3.203829273962088,0.0,0.0
2019-09-30,7999.33984375,2.170622668174722,0.8742654964760406,0.0,0.0
2019-10-01,7908.68017578125,1.9957997067496545,4.770371079914718,0.0,0.0
2019-10-02,7785.25,1.1190242651906106,18.726266156735978,0.0,0.0
2019-10-03,7872.259765625,1.0666317142674326,13.693898139272147,0.0,0.0
2019-10-04,7982.47021484375,0.7666636760990991,1.3287180062670236,0.0,0.0
2019-10-07,7956.2900390625,0.751527988959936,1.7682482558845316,0.0,0.0
2019-10-08,7823.77978515625,0.7049034661618663,8.099170411692139,0.0,0.0
2019-10-09,7903.740234375,0.7106704052982967,2.5682576116036886,0.0,0.0
2019-10-10,7950.77978515625,0.5404024669626715,0.5996954136959529,0.0,0.0
2019-10-11,8057.0400390625,1.340614199248049,0.20602302694152694,0.0,0.0
2019-10-14,8048.64990234375,1.595380872370277,0.10100118022688968,0.0,0.0
2019-10-15,8148.7099609375,3.5556833406666053,0.03197813914487254,0.0,0.0
2019-10-16,8124.18017578125,2.682126886391984,0.05141204050291811,0.0,0.0
2019-10-17,8156.85009765625,4.235327482729676,0.03531514458208018,0.0,0.0
2019-10-18,8089.5400390625,1.8079231126092457,0.04751334016682281,0.0,0.0
2019-10-21,8162.990234375,2.850905535574915,0.030457430380575468,0.0,0.0
2019-10-22,8104.2998046875,1.809622976364635,0.03082118925484595,0.0,0.0
2019-10-23,8119.7900390625,1.755749538321798,0.022885995350911372,0.0,0.0
2019-10-24,8185.7998046875,5.199740782467652,0.029547900584125354,0.0,0.0
2019-10-25,8243.1201171875,9.205844940354888,0.025829143999476063,0.0,0.0
2019-10-28,8325.990234375,10.385727792242815,0.017245493615985857,0.0,0.0
2019-10-29,8276.849609375,7.776623575801016,0.017095658337304878,0.0,0.0
2019-10-30,8303.98046875,8.681767698170528,0.01993274840882158,0.0,0.0
2019-10-31,8292.3603515625,8.4105660757099,0.022020869334886943,0.0,0.0
2019-11-01,8386.400390625,15.308216122296164,0.018052692819559023,0.0,0.0
2019-11-04,8433.2001953125,15.905473671811063,0.016320933054624013,0.0,0.0
2019-11-05,8434.6796875,15.938512744760562,0.01620004884959184,0.0,0.0
2019-11-06,8410.6298828125,11.65850804320982,0.018681365735264795,0.0,0.0
2019-11-07,8434.51953125,13.431859897713254,0.018345938545028348,0.0,0.0
2019-11-08,8475.3095703125,12.759268543317138,0.020190118869767543,0.0,0.0
2019-11-11,8464.2802734375,11.913821624476666,0.02008971628981602,0.0,0.0
2019-11-12,8486.08984375,10.979400099273871,0.01970705382320801,0.0,0.0
2019-11-13,8482.099609375,10.073508201909043,0.020481778437366125,0.0,0.0
2019-11-14,8479.01953125,9.625631005831353,0.021640905021194323,0.0,0.0
2019-11-15,8540.830078125,12.01717661772762,0.01802388673497068,0.0,0.0
2019-11-18,8549.9404296875,8.216726365510452,0.016672863492113266,0.0,0.0
2019-11-19,8570.66015625,7.409843798015642,0.022037422619166424,0.0,0.0
2019-11-20,8526.73046875,7.924428602966517,0.03697165939057299,0.0,0.0
2019-11-21,8506.2099609375,6.876394190266986,0.050905434443376,0.0,0.0
2019-11-22,8519.8798828125,7.46834298867029,0.06857333889349573,0.0,0.0
2019-11-25,8632.490234375,11.392860265266366,0.05239458860266659,0.0,0.0
2019-11-26,8647.9296875,9.620163401634237,0.0569247474173947,0.0,0.0
2019-11-27,8705.1796875,12.692509555799047,0.048623015774028125,0.0,0.0
2019-11-29,8665.4697265625,10.721273009490085,0.029040725560297426,0.0,0.0
2019-12-02,8567.990234375,7.0805038113786845,0.3048999577802713,0.0,0.0
2019-12-03,8520.6396484375,7.593778688919627,0.34897229822090836,0.0,0.0
2019-12-04,8566.669921875,7.627119064257,0.1692918169916475,0.0,0.0
2019-12-05,8570.7001953125,8.124256631849958,0.061253199654758804,0.0,0.0
2019-12-06,8656.5302734375,7.983526615488082,0.02351234033017416,0.0,0.0
2019-12-09,8621.830078125,6.094947134465044,0.030703425739024376,0.0,0.0
2019-12-10,8616.1796875,5.476215190827903,0.02993271087391049,0.0,0.0
2019-12-11,8654.0498046875,6.20595898972719,0.03159240638692669,0.0,0.0
2019-12-12,8717.3203125,8.99613825701779,0.028715225035885663,0.0,0.0
2019-12-13,8734.8798828125,10.68198565982424,0.020607486296289702,0.0,0.0
2019-12-16,8814.23046875,12.254022407704984,0.027930376442447117,0.0,0.0
2019-12-17,8823.3603515625,11.469922098470063,0.024513361882846852,0.0,0.0
2019-12-18,8827.740234375,10.20957274436557,0.03211028789738759,0.0,0.0
2019-12-19,8887.2197265625,13.851028591686925,0.029711416934066717,0.0,0.0
2019-12-20,8924.9599609375,13.459895615692668,0.09714628858428508,0.0,0.0
2019-12-23,8945.650390625,11.719189690428315,0.04646518430178349,0.0,0.0
2019-12-24,8952.8798828125,11.495759060729874,0.07263005840585472,0.0,0.0
2019-12-26,9022.3896484375,13.1533800545949,0.059646715859701716,0.0,0.0
2019-12-27,9006.6201171875,10.91570760658612,0.09895109574112931,0.0,0.0
2019-12-30,8945.990234375,10.538217093753747,0.11905387582061222,0.0,0.0
2019-12-31,8972.599609375,13.136538972373003,0.19028007006122183,0.0,0.0
2020-01-02,9092.1904296875,17.420288488946778,0.08172259455258123,0.0,0.0
2020-01-03,9020.76953125,24.211427153998404,0.08584116575602056,0.0,0.0
2020-01-06,9071.4697265625,32.82855121574557,0.08706011821257376,24.04030641437722,0.0
2020-01-07,9068.580078125,32.06647116631686,0.07293676841254382,23.745960326245697,0.0
2020-01-08,9129.240234375,35.3783959256759,0.08830641572718251,29.924940255403676,0.0
2020-01-09,9203.4296875,41.04756443922784,0.04300793088956285,37.48204478914913,0.0
2020-01-10,9178.8603515625,38.47155839041369,0.10905379066149985,34.97935697863838,0.0
2020-01-13,9273.9296875,45.49392530207081,0.041317268159811946,44.663333330680665,0.0
2020-01-14,9251.330078125,45.56878930448521,0.061863067949471516,42.361286297378875,0.0
2020-01-15,9258.7001953125,45.975576436795976,0.0649124660903967,43.11202300813546,0.0
2020-01-16,9357.1298828125,48.658442382187715,0.0583437219681009,53.13829232714653,0.0
2020-01-17,9388.9404296875,49.64039055516098,0.2358752867527205,56.37858616790241,0.0
2020-01-21,9370.8095703125,47.437074612612534,0.1107642927732216,54.531736058997346,0.0
2020-01-22,9383.76953125,49.01759233610819,0.11490302312929965,55.851866824659254,0.0
2020-01-23,9402.48046875,50.14174630053699,0.09883829629377533,57.757804995865826,0.0
2020-01-24,9314.91015625,41.75241415923339,0.2959113695853398,48.83769603509154,0.0
2020-01-27,9139.3095703125,24.818891692760744,1.6292764243265725,30.950625458081692,0.0
2020-01-28,9269.6796875,37.74209793019759,0.37341676178009325,44.230418773212456,0.0
2020-01-29,9275.16015625,39.233628127548165,0.4080342156976401,44.78867164465355,0.0
2020-01-30,9298.9296875,39.15786046475265,0.4848775685309371,47.20988955108193,0.0
2020-01-31,9150.9404296875,21.441373661819853,1.9942741665300927,32.13537094968244,0.0
2020-02-03,9273.400390625,31.213532902280495,0.8806044535105457,44.60941796070187,0.0
2020-02-04,9467.9697265625,56.263670657788666,0.18619354475966657,64.42868806994116,0.0
2020-02-05,9508.6796875,57.58996810486904,0.11899019627133973,68.57549624024848,0.0
2020-02-06,9572.150390625,64.02966672033443,0.11824908439208436,75.0407647944969,0.0
2020-02-07,9520.509765625,57.61768927299274,0.2537092972809876,69.78053460173055,0.0
2020-02-10,9628.3896484375,72.91735654518763,0.1664672114939624,80.76942206702377,0.0
2020-02-11,9638.9404296875,73.61781019827262,0.09952970844938926,81.84414837191498,0.0
2020-02-12,9725.9599609375,77.94025624959235,0.13810099812556492,90.70815351595856,0.0
2020-02-13,9711.9697265625,75.25217613227368,0.12211107869372334,89.28307678105745,0.0
2020-02-14,9731.1796875,77.36361966698574,0.11534859707081273,91.23984660181968,0.0
2020-02-18,9732.740234375,73.51119699029614,0.1261856851969482,91.39880741589003,0.0
2020-02-19,9817.1796875,73.75692285131008,0.14174260434260624,100.0,0.0
2020-02-20,9750.9697265625,48.018008916532885,0.19410938398992675,0.0,0.0
2020-02-21,9576.58984375,17.297691734425033,0.4548026162399646,0.0,0.0
2020-02-24,9221.2802734375,4.1862284533110605,6.188753325597881,0.0,0.0
2020-02-25,8965.6103515625,1.6326279836847726,12.892532751550192,0.0,0.0
2020-02-26,8980.7802734375,1.3563175214923306,13.393473298050555,0.0,0.0
2020-02-27,8566.48046875,0.7418417938799663,43.45794550902411,0.0,0.0
2020-02-28,8567.3701171875,1.0344335200155692,41.32711206455766,0.0,0.0
2020-03-02,8952.169921875,0.9043137928756494,11.815577506689738,0.0,0.0
2020-03-03,8684.08984375,0.2228763064279375,24.314035700211026,0.0,0.0
2020-03-04,9018.08984375,0.3781132549116321,10.413770962759264,0.0,0.0
2020-03-05,8738.58984375,0.2184943684401696,20.58404699656123,0.0,0.0
2020-03-06,8575.6201171875,0.22477544922192358,38.58035504334837,0.0,0.0
2020-03-09,7950.68017578125,0.3025521537588821,56.79550719379395,0.0,0.0
2020-03-10,8344.25,0.13162925917423632,34.63222789548977,0.0,0.0
2020-03-11,7952.0498046875,0.10903852454501486,55.03985379303806,0.0,0.0
2020-03-12,7201.7998046875,0.36110223832152805,66.38754838702803,0.0,50.27746755097201
2020-03-13,7874.8798828125,0.19756508563976163,36.30318083942199,0.0,0.0
2020-03-16,6904.58984375,0.42202438793803326,77.4875315819089,0.0,93.59830419257412
2020-03-17,7334.77978515625,0.18205937449771054,54.653907503309725,0.0,30.894523613566115
2020-03-18,6989.83984375,0.23787128071984903,72.9796628314598,0.0,81.17240395677013
2020-03-19,7150.580078125,0.07775390709833985,60.31599557053287,0.0,57.74317092189032
2020-03-20,6879.52001953125,0.054081949016516084,77.36259703689173,0.0,97.25244066965718
2020-03-23,6860.669921875,0.025543981198066723,71.81814629745956,0.0,100.0
2020-03-24,7417.85986328125,0.1827631874583511,25.621879285533453,0.0,0.0
2020-03-25,7384.2998046875,0.17262677735034684,24.431671701889734,0.0,0.0
2020-03-26,7797.5400390625,0.327937370756156,4.674004843790737,0.0,0.0
2020-03-27,7502.3798828125,0.14282845397845476,15.546693485113174,0.0,0.0
2020-03-30,7774.14990234375,0.14652345806580086,3.5959616713297953,0.0,0.0
2020-03-31,7700.10009765625,0.2546873801497546,4.872262837379127,0.0,0.0
2020-04-01,7360.580078125,0.1475065256879642,11.708465784156436,0.0,0.0
2020-04-02,7487.31005859375,0.13740279315503237,5.637101721459836,0.0,0.0
2020-04-03,7373.080078125,0.3050268727514535,4.256772586795337,0.0,0.0
2020-04-06,7913.240234375,0.6732646870051169,1.6559963365716635,0.0,0.0
2020-04-07,7887.259765625,0.36876621404502785,2.2792607703431202,0.0,0.0
2020-04-08,8090.89990234375,0.6034149216667836,1.1573724769017217,0.0,0.0
2020-04-09,8153.580078125,0.49738371435798245,0.8169429582342788,0.0,0.0
2020-04-13,8192.419921875,0.46565249317467655,0.676191698934707,0.0,0.0
2020-04-14,8515.740234375,0.8518415638497578,0.5829531636828001,0.0,0.0
2020-04-15,8393.1796875,0.35280401950853113,0.3832901361976175,0.0,0.0
2020-04-16,8532.3603515625,0.35265334401879994,0.43163592926411315,0.0,0.0
2020-04-17,8650.1396484375,0.766797158515861,0.5642818036806965,0.0,0.0
2020-04-20,8560.73046875,0.6688869061453565,0.5684921257864396,0.0,0.0
2020-04-21,8263.23046875,0.8088925454029027,1.1592257107945974,0.0,0.0
2020-04-22,8495.3798828125,0.6351531705028394,0.5669647630841246,0.0,0.0
2020-04-23,8494.75,0.3426301905172846,0.5121717363973999,0.0,0.0
2020-04-24,8634.51953125,0.55250841189568,1.7617396238294996,0.0,0.0
2020-04-27,8730.16015625,0.9387221933427842,1.1915353420753898,0.0,0.0
2020-04-28,8607.73046875,0.804904021895535,1.4265563533242502,0.0,0.0
2020-04-29,8914.7099609375,1.8423879876878448,0.2896226981073733,0.0,0.0
2020-04-30,8889.5498046875,1.5428079455866972,0.4231401310733762,0.0,0.0
2020-05-01,8604.9501953125,1.1041962677037502,1.1655466724420727,0.0,0.0
2020-05-04,8710.7099609375,1.8691198107610465,0.8288684937869747,0.0,0.0
2020-05-05,8809.1201171875,1.7190160992715058,0.5226866984879511,0.0,0.0
2020-05-06,8854.3896484375,1.711588176152423,0.6748862782403003,0.0,0.0
2020-05-07,8979.66015625,2.4682691228872766,0.44934714130611936,0.0,0.0
2020-05-08,9121.3203125,4.751899255770719,0.7224496120088467,0.0,0.0
2020-05-11,9192.33984375,4.059819843970203,0.7001337856339981,0.0,0.0
2020-05-12,9002.5498046875,2.729034324374017,1.0133557621268623,0.0,0.0
2020-05-13,8863.169921875,3.0615709083072664,2.011878029751799,0.0,0.0
2020-05-14,8943.7197265625,4.028855003579455,2.3139934510523976,0.0,0.0
2020-05-15,9014.5595703125,3.1195825992137745,2.1292527593866417,0.0,0.0
2020-05-18,9234.830078125,5.3410162072948895,0.9639102082487898,0.0,0.0
2020-05-19,9185.099609375,2.6496599594280927,1.1588750206451663,0.0,0.0
2020-05-20,9375.7802734375,3.892215732801708,0.755852075464833,0.0,0.0
2020-05-21,9284.8798828125,2.0381188009021876,1.5560805896903702,0.0,0.0
2020-05-22,9324.58984375,3.6988554832476,1.1636145122051578,0.0,0.0
2020-05-26,9340.2197265625,1.3812160688202035,0.6461614114445051,0.0,0.0
2020-05-27,9412.3603515625,2.3837956099368287,0.623315667805859,0.0,0.0
2020-05-28,9368.990234375,2.3850380084650262,0.8003200452080481,0.0,0.0
2020-05-29,9489.8701171875,4.368724492476198,0.33946526732390503,0.0,0.0
2020-06-01,9552.0498046875,7.022314839308565,0.5983811636242192,0.0,0.0
2020-06-02,9608.3798828125,7.895755080580202,0.880094354245828,0.0,0.0
2020-06-03,9682.91015625,7.830674880842519,0.976044435185065,0.0,0.0
2020-06-04,9615.8095703125,6.255233409884843,0.8417357266173444,0.0,0.0
2020-06-05,9814.080078125,9.093960757526881,0.6301059872179482,0.0,0.0
2020-06-08,9924.75,13.788719264522213,0.9619371056487082,0.0,0.0
2020-06-09,9953.75,12.435183774333316,0.930834304367616,0.0,0.0
2020-06-10,10020.349609375,14.967556772930962,1.4355385969638492,0.0,0.0
2020-06-12,9588.8095703125,5.3195768547539295,3.1883325608728024,0.0,0.0
2020-06-15,9726.01953125,6.311217335055548,3.089676967769623,0.0,0.0
2020-06-16,9895.8701171875,6.422394452351924,1.8382427464049675,0.0,0.0
2020-06-17,9910.5302734375,6.247503842305683,1.6898715269124946,0.0,0.0
2020-06-18,9943.0498046875,5.650540250811242,0.8100523152510747,0.0,0.0
2020-06-19,9946.1201171875,4.604363745879018,0.7956266318224389,0.0,0.0
2020-06-22,10056.48046875,6.470553555299714,1.084593877942221,0.0,0.0
2020-06-23,10131.3701171875,5.935236317696405,1.0447099833643378,0.0,0.0
2020-06-24,9909.169921875,4.206900860340433,2.0574527222668015,0.0,0.0
2020-06-25,10017.0,5.2233198747969345,1.491489480916578,0.0,0.0
2020-06-26,9757.2197265625,4.504747282368622,4.575250258039836,0.0,0.0
2020-06-29,9874.150390625,5.022122592914776,3.309943194156151,0.0,0.0
2020-06-30,10058.76953125,7.245744389926443,2.3885092249285944,0.0,0.0
2020-07-01,10154.6298828125,6.865519207109243,1.0454905272747315,0.0,0.0
2020-07-02,10207.6298828125,6.943091196989554,1.262498912696228,0.0,0.0
2020-07-06,10433.650390625,8.11944945742093,1.441362154696548,0.0,0.0
2020-07-07,10343.8896484375,5.060991345846971,0.8518869164240346,0.0,0.0
2020-07-08,10492.5,8.99123363145186,1.5948020451430296,0.0,0.0
2020-07-09,10547.75,7.802648808342907,1.2089179122266693,0.0,0.0
2020-07-10,10617.4404296875,16.07445924365245,2.9275800844262347,0.0,0.0
2020-07-13,10390.83984375,4.587743608557205,3.2353385410869318,0.0,0.0
2020-07-14,10488.580078125,5.350111926677965,3.5674489237873246,0.0,0.0
2020-07-15,10550.490234375,5.3714044331779585,1.9309045805464329,0.0,0.0
2020-07-16,10473.830078125,4.989549600242342,1.4216752881599632,0.0,0.0
2020-07-17,10503.1904296875,5.590164784673635,2.3998600632964937,0.0,0.0
2020-07-20,10767.08984375,10.22507562332584,3.0183609659195194,0.0,0.0
2020-07-21,10680.3603515625,7.49238650875322,5.188397323588225,0.0,0.0
2020-07-22,10706.1298828125,7.905510589921837,3.7195349707173766,0.0,0.0
2020-07-23,10461.419921875,4.5899369972812725,5.625051422918853,0.0,0.0
2020-07-24,10363.1796875,3.0171059457895515,8.50020223688114,0.0,0.0
2020-07-27,10536.26953125,4.876673456793907,4.37580450943895,0.0,0.0
2020-07-28,10402.08984375,3.802099767860777,6.605825870496019,0.0,0.0
2020-07-29,10542.9404296875,4.85574008279613,5.689507904206719,0.0,0.0
2020-07-30,10587.8095703125,6.652873997432068,5.39551970505153,0.0,0.0
2020-07-31,10745.26953125,10.049654199207591,6.040057672767592,0.0,0.0
2020-08-03,10902.7998046875,10.396666758965608,5.806402238375667,4.31333097625547,0.0
2020-08-04,10941.169921875,14.331730519884644,5.6757215102122025,7.495872076281829,0.0
2020-08-05,10998.400390625,21.288179178786642,7.99667902432836,12.242751479349856,0.0
2020-08-06,11108.0703125,21.59314850916249,5.915631229590497,21.33912801889226,0.0
2020-08-07,11010.98046875,19.424652584984216,7.45788483505593,13.286183676304365,0.0
2020-08-10,10968.3603515625,16.136171793885314,9.78658870835651,9.751133888097119,0.0
2020-08-11,10782.8203125,7.577293216249508,20.613956097282482,0.0,42.95447118720095
2020-08-12,11012.240234375,17.402251486191222,22.13823981020711,13.390672694630034,32.16635247280033
2020-08-13,11042.5,21.271041655637614,21.87643561935334,15.900515114660507,30.743433568615952
2020-08-14,11019.2998046875,21.264869855349964,22.334868627653705,13.976216193448854,31.83438704459569
2020-08-17,11129.73046875,25.954086658916086,21.418999670961398,23.135691140181734,26.64155503646063
2020-08-18,11210.83984375,29.268431612766445,19.682479475699303,29.86316393557482,22.827511516614983
2020-08-19,11146.4599609375,24.257864489553146,19.97531698603225,24.523289103698865,25.854876415548528
2020-08-20,11264.9501953125,33.1724547124368,16.329400794170567,34.35125076999902,20.283055518359262
2020-08-21,11311.7998046875,39.68071260269329,15.445799021925229,38.23710826236788,18.080024746096274
2020-08-24,11379.7197265625,42.85911310246331,12.363293166929278,43.87060533566287,14.886194958901305
2020-08-25,11466.4697265625,55.951755471112335,9.652834923555824,51.065929735590146,10.806909730201053
2020-08-26,11665.0595703125,63.85219655530561,5.752493011109846,67.5376109841448,1.468527987500573
2020-08-27,11625.33984375,62.46169046478678,4.375506111434101,64.24312893580365,3.3362869944679465
2020-08-28,11695.6298828125,68.23052209670905,3.457236961506668,70.07321116218112,0.031006094497687542
2020-08-31,11775.4599609375,69.6671202303345,4.559980198212611,76.6945749544683,0.0
2020-09-01,11939.669921875,72.19671904007608,4.846138340948619,90.31467799360024,0.0
2020-09-02,12056.4404296875,69.21343087169477,7.047376079209946,100.0,0.0
2020-09-03,11458.099609375,11.51891658726866,12.873112321094089,0.0,11.200501608073788
2020-09-04,11313.1298828125,8.452563662459683,14.580785448487823,0.0,18.017479869458462
2020-09-08,10847.6904296875,2.7502581962142965,32.78083549154189,0.0,39.90405377132748
2020-09-09,11141.5595703125,4.024833566165437,23.645785909340493,0.0,26.085309742250818
2020-09-10,10919.58984375,1.8837661459945714,33.43728977066879,0.0,36.52309448905244
2020-09-11,10853.5498046875,1.0593342383605928,34.50145175611662,0.0,39.62852568041203
2020-09-14,11056.650390625,1.7974521578792024,27.87215668076696,0.0,30.078033229055134
2020-09-15,11190.3203125,2.3401698770531394,23.171936927349137,0.0,23.792410891000905
2020-09-16,11050.4697265625,0.5799085163399644,27.9627697107398,0.0,30.368669443622455
2020-09-17,10910.2802734375,0.4468353156315141,32.45849226556486,0.0,36.96086270416861
2020-09-18,10793.2802734375,0.594883949653929,34.875088276714386,0.0,42.46260762356838
2020-09-21,10778.7998046875,0.6480431632714745,34.8831505090924,0.0,43.143529378917435
2020-09-22,10963.6396484375,0.8324527349379277,25.07844032266895,0.0,34.45172022289855
2020-09-23,10632.990234375,0.4375982710181194,39.968524085870946,0.0,50.0
2020-09-24,10672.26953125,0.3042426244551048,25.825394987941003,0.0,0.0
2020-09-25,10913.5595703125,0.5869925382641261,10.834775775731522,0.0,0.0
2020-09-28,11117.5302734375,0.8632932526358933,6.371701913045486,0.0,0.0
2020-09-29,11085.25,0.863788978636134,6.643922610825318,0.0,0.0
2020-09-30,11167.509765625,0.7189483567382285,5.782097835614152,0.0,0.0
2020-10-01,11326.509765625,1.263412542224123,5.433792568405552,0.0,0.0
2020-10-02,11075.01953125,0.6841291425586273,4.361938294611789,0.0,0.0
2020-10-05,11332.490234375,1.5743232354475378,2.0431441345373975,0.0,0.0
2020-10-06,11154.599609375,0.7835166539221224,1.8714501609909693,0.0,0.0
2020-10-07,11364.599609375,2.1406866990836235,1.7095608082652027,0.0,0.0
2020-10-08,11420.98046875,3.0223996697505,2.1232552192842236,0.0,0.0
2020-10-09,11579.9404296875,5.007328322936215,1.9170186568268903,0.0,0.0
2020-10-12,11876.259765625,10.43966933732388,1.397872967381293,0.0,0.0
2020-10-13,11863.900390625,8.241972295680318,1.2631042418328768,0.0,0.0
2020-10-14,11768.73046875,6.021123884627251,1.6747082428713127,0.0,0.0
2020-10-15,11713.8701171875,4.297909294119885,1.6966092295782762,0.0,0.0
2020-10-16,11671.5595703125,3.9661195113112115,1.4701040658216953,0.0,0.0
2020-10-19,11478.8798828125,2.0276559819232842,2.510588998228076,0.0,0.0
2020-10-20,11516.490234375,1.776800449788429,1.7245651518473044,0.0,0.0
2020-10-21,11484.6904296875,2.090950890635776,2.258398108043534,0.0,0.0
2020-10-22,11506.009765625,2.4826985761442586,2.364266720984194,0.0,0.0
2020-10-23,11548.2802734375,2.2372301757694384,1.9839083314901178,0.0,0.0
2020-10-26,11358.9404296875,1.747996617884792,6.3149218163250955,0.0,0.0
2020-10-27,11431.349609375,2.596858156850343,5.062281801259235,0.0,0.0
2020-10-28,11004.8701171875,1.5224452689612462,15.436901070161733,0.0,0.0
2020-10-29,11185.58984375,1.8229227430606842,10.344934782660038,0.0,0.0
2020-10-30,10911.58984375,1.951123388167757,18.4980903319728,0.0,0.0
2020-11-02,10957.6103515625,1.6919676788322022,16.893279331307088,0.0,0.0
2020-11-03,11160.5703125,1.389890585306864,9.15111612353442,0.0,0.0
2020-11-04,11590.7802734375,3.0166256413983272,3.023625630992073,0.0,0.0
2020-11-05,11890.9296875,7.748058868057469,1.4549427879607022,0.0,0.0
2020-11-06,11895.23046875,7.404353758330035,0.9799309760409727,0.0,0.0
2020-11-09,11713.7802734375,3.455562931222716,1.4752136330513246,0.0,0.0
2020-11-10,11553.8603515625,1.9665168500513472,1.5601771138266973,0.0,0.0
2020-11-11,11786.4296875,3.2249139755879894,1.2362337588380623,0.0,0.0
2020-11-12,11709.58984375,1.892527003077939,1.162228111495838,0.0,0.0
2020-11-13,11829.2900390625,3.0615474642488802,1.012962214769515,0.0,0.0
2020-11-16,11924.1298828125,5.907520722422279,0.9210519970682222,0.0,0.0
2020-11-17,11899.33984375,4.4295637710407805,1.1130630077939658,0.0,0.0
2020-11-18,11801.599609375,3.0123545358526718,1.388892617678851,0.0,0.0
2020-11-19,11904.7099609375,4.933774180914344,1.3073007148368458,0.0,0.0
2020-11-20,11854.9697265625,3.965715028514629,1.5253068066038162,0.0,0.0
2020-11-23,11880.6298828125,4.882292728653759,1.484995257103613,0.0,0.0
2020-11-24,12036.7900390625,9.22989483904575,1.2732819615118964,0.0,0.0
2020-11-25,12094.400390625,10.114085491581676,1.3120559582097782,0.0,0.0
2020-11-27,12205.849609375,10.248067045019088,1.338005624395011,0.0,0.0
2020-11-30,12198.740234375,10.242194517614225,1.4055285037962697,0.0,0.0
2020-12-01,12355.1103515625,12.224776873852065,1.091097171144294,0.0,0.0
2020-12-02,12349.3701171875,12.609337187079046,1.2296734494326822,0.0,0.0
2020-12-03,12377.1796875,13.758473547706636,1.043633380536237,0.0,0.0
2020-12-04,12464.23046875,17.940992252847632,1.1260056090349628,0.0,0.0
2020-12-07,12519.9501953125,18.71962847001386,1.474203668600577,0.0,0.0
2020-12-08,12582.76953125,18.369544588578172,1.1378000287080428,0.0,0.0
2020-12-09,12338.9501953125,8.25114114374533,1.2192213644028866,0.0,0.0
2020-12-10,12405.8095703125,9.170513581203892,1.571223237014868,0.0,0.0
2020-12-11,12377.8701171875,9.540687041168425,1.8243914694149934,0.0,0.0
2020-12-14,12440.0400390625,10.413902200075542,2.098684773451621,0.0,0.0
2020-12-15,12595.0595703125,12.331339674025616,1.97503832512651,0.0,0.0
2020-12-16,12658.1904296875,12.784111903721787,1.5335031346833532,0.0,0.0
2020-12-17,12764.75,19.619183793584217,1.5040651935209615,0.0,0.0
2020-12-18,12755.6396484375,15.431770857640075,1.6584154026161695,0.0,0.0
2020-12-21,12742.51953125,13.634209096281504,2.1703811883703183,0.0,0.0
2020-12-22,12807.919921875,15.863300077882059,2.1919260148454627,0.0,0.0
2020-12-23,12771.1103515625,13.03722337048245,1.996672113951989,0.0,0.0
2020-12-24,12804.73046875,12.998555634002887,1.925353286361596,0.0,0.0
2020-12-28,12899.419921875,15.920261862041569,1.5987468297014262,0.0,0.0
2020-12-29,12850.2197265625,12.738556428622426,1.8545496324786246,0.0,0.0
2020-12-30,12870.0,13.570902478264097,1.8677366246322868,13.059319743481957,0.0
2020-12-31,12888.2802734375,13.704612308532889,1.9748428486749932,14.356209722469426,0.0
2021-01-04,12698.4501953125,8.786815807269228,4.419990154155362,0.8887565756423355,0.0
2021-01-05,12818.9599609375,13.037234319537315,4.165550201633734,9.438295396466657,0.0
2021-01-06,12740.7900390625,11.261156519883679,4.717601156423583,3.892547479482311,0.0
2021-01-07,13067.48046875,28.486495273388947,4.21872938175221,27.06952817079347,0.0
2021-01-08,13201.98046875,34.640256186541016,3.076926987127254,36.611601092743605,0.0
2021-01-11,13036.4296875,26.828526987893746,3.6543237513005247,24.866637323425266,0.0
2021-01-12,13072.4296875,28.534460250590808,3.653888331705989,27.42064940662382,0.0
2021-01-13,13128.9501953125,31.315708457528668,3.0778109392317066,31.43048440389169,0.0
2021-01-14,13112.6396484375,28.065318278909672,2.869630009042997,30.273336242715953,0.0
2021-01-15,12998.5,20.798361079954027,4.964300397424803,22.175723984899008,0.0
2021-01-19,13197.1796875,31.224372452943847,4.014337184838944,36.271010722707686,0.0
2021-01-20,13457.25,48.080690956142355,3.6202903150987633,54.72164185065833,0.0
2021-01-21,13530.91015625,52.68156577604903,2.6599311559052095,59.9474454371248,0.0
2021-01-25,13635.990234375,55.702143474319676,5.839850670425932,67.40232847142197,9.282376248665953
2021-01-26,13626.0595703125,55.6242113773354,5.797477750543819,66.69779969337168,9.676163937117888
2021-01-27,13270.599609375,30.077428729491444,13.312062225724524,41.47977093427001,23.771470703497116
2021-01-28,13337.16015625,33.69330489435897,14.30707716471302,46.20189429491038,21.132097975647046
2021-01-29,13070.6904296875,18.828721491203133,16.120879197517134,27.297258143598192,31.698611655403052
2021-02-01,13403.3896484375,34.93616829730073,12.749543600128298,50.90053105354869,18.505852794889627
2021-02-02,13612.7802734375,49.679321398832855,8.322159913030388,65.75570289684026,10.202737345276947
2021-02-03,13610.5400390625,52.330202229179314,6.9499491081923175,65.59676996175841,10.291570953036683
2021-02-04,13777.740234375,61.49323300569919,4.633640207067041,77.45875104901626,3.6614626333472233
2021-02-05,13856.2998046875,70.82312777106166,2.573702305463401,83.03214248871103,0.5462840909619016
2021-02-08,13987.6396484375,77.95753556370678,2.617675702057042,92.3500188204585,0.0
2021-02-09,14007.7001953125,78.75846714754707,2.8914801955137586,93.77320990696742,0.0
2021-02-10,13972.5302734375,75.8069960298562,3.2584552621460174,91.27808753380356,0.0
2021-02-11,14025.76953125,79.63194406492832,3.371750909067986,95.05513497140488,0.0
2021-02-12,14095.4697265625,77.21729998509281,2.5651040359816815,100.0,0.0
2021-02-16,14047.5,47.51612003429048,2.0892864483750917,0.0,0.0
2021-02-18,13865.3603515625,20.741995968095797,3.0059947951658894,0.0,0.18699977849684357
2021-02-19,13874.4599609375,22.26347922682393,3.8053664686339945,0.0,0.0
2021-02-22,13533.0498046875,5.213795814199344,10.741913835211182,0.0,13.364346356582907
2021-02-23,13465.2001953125,2.4515876317131435,11.671582107387774,0.0,16.054835197006152
2021-02-24,13597.9697265625,4.872427069228055,10.28812189882519,0.0,10.790030499280501
2021-02-25,13119.4296875,1.8401136769674291,23.186926493797152,0.0,29.76591918387705
2021-02-26,13192.349609375,1.9160630961051057,22.35753376743683,0.0,26.874373633999337
2021-03-01,13588.830078125,3.9510005540645556,10.1275213702698,0.0,11.152451482289816
2021-03-02,13358.7900390625,1.2672432619089988,15.067298060381578,0.0,20.274392841265882
2021-03-03,12997.75,1.154198116576009,25.741245976003697,0.0,34.590970416162605
2021-03-04,12723.4697265625,0.6045188385471765,35.61206932621775,0.0,45.46720126891877
2021-03-05,12920.150390625,0.6719590407728536,28.818955591439853,0.0,37.668082944412
2021-03-08,12609.16015625,0.27422581511894356,39.595716420456554,0.0,50.0
2021-03-09,13073.8203125,0.17474288125855572,9.937419724220437,0.0,0.0
2021-03-10,13068.830078125,0.2622046486842769,8.719094823611211,0.0,0.0
2021-03-11,13398.669921875,0.9375335608640161,2.040159530806961,0.0,0.0
2021-03-12,13319.8603515625,0.6885209150283486,2.3722655004199082,0.0,0.0
2021-03-15,13459.7099609375,0.7471300802419629,1.376121860649496,0.0,0.0
2021-03-16,13471.5703125,0.7025157883241234,0.5924187886288226,0.0,0.0
2021-03-17,13525.2001953125,1.0049462949190648,0.46871123257535774,0.0,0.0
2021-03-18,13116.169921875,1.0641651564851808,2.146633124888668,0.0,0.0
2021-03-19,13215.240234375,0.8593051285632147,1.512606480509137,0.0,0.0
2021-03-22,13377.5400390625,0.6548916590374109,0.8790005791295715,0.0,0.0
2021-03-23,13227.7001953125,0.8396719003790822,0.4549250743717152,0.0,0.0
2021-03-24,12961.8896484375,0.7147180264473257,2.3634106907249177,0.0,0.0
2021-03-25,12977.6796875,0.3948892028489472,2.18767608714476,0.0,0.0
2021-03-26,13138.73046875,0.8631246936345403,0.4914314764672803,0.0,0.0
2021-03-29,13059.650390625,0.729233851724003,1.8131687007575668,0.0,0.0
2021-03-30,13045.3896484375,0.5304033557375604,1.7866409132324845,0.0,0.0
2021-03-31,13246.8701171875,1.2774601404116277,0.5968664270933645,0.0,0.0
2021-04-01,13480.1103515625,2.1950270117429382,0.14839117094450757,0.0,0.0
2021-04-05,13705.58984375,3.53785136466875,0.11653999109975847,0.0,0.0
2021-04-06,13698.3798828125,3.679440071039412,0.1277374497675887,0.0,0.0
2021-04-07,13688.83984375,3.720392656172331,0.09808794782009533,0.0,0.0
2021-04-08,13829.3095703125,8.256066760265638,0.04835332186367731,0.0,0.0
2021-04-09,13900.1904296875,9.447725608745387,0.08802180636522938,0.0,0.0
2021-04-12,13850.0,6.79186022323656,0.07877910913318652,0.0,0.0
2021-04-13,13996.099609375,12.6066379946399,0.06056389532868052,0.0,0.0
2021-04-14,13857.83984375,6.790545644286754,0.06867875130739148,0.0,0.0
2021-04-15,14038.759765625,15.936241562640197,0.06782796335935068,0.0,0.0
2021-04-16,14052.33984375,21.058458951121548,0.23451369438014796,0.0,0.0
2021-04-19,13914.76953125,8.998281674474837,0.060434803426769254,0.0,0.0
2021-04-20,13786.26953125,5.271413314877917,0.17875039332727705,0.0,0.0
2021-04-21,13950.2197265625,11.776888645011791,0.15492575454029364,0.0,0.0
2021-04-22,13818.41015625,8.422719442387843,0.19484067939692762,0.0,0.0
2021-04-23,14016.8095703125,16.21896057741277,0.13888255209301464,0.0,0.0
2021-04-26,14138.7802734375,26.546800192598567,0.092707665092498,0.0,0.0
2021-04-27,14090.2197265625,16.858029092831824,0.035765938973452024,0.0,0.0
2021-04-28,14051.0302734375,13.372490471403102,0.04512895125585113,0.0,0.0
2021-04-29,14082.5498046875,15.458991289982905,0.0671352882781234,0.0,0.0
2021-04-30,13962.6796875,7.126007481967498,0.07586919678981235,0.0,0.0
2021-05-03,13895.1201171875,5.209836076183866,0.1452876503865343,0.0,0.0
2021-05-04,13633.5,2.2310839910629885,1.829742263913568,0.0,0.0
2021-05-06,13632.83984375,1.364287446276585,1.7458179225177826,0.0,0.0
2021-05-07,13752.240234375,2.5289282215436675,0.6636699003875354,0.0,0.0
2021-05-10,13401.8603515625,1.637581342380968,6.44877114207168,0.0,0.0
2021-05-12,13031.6796875,0.7230242696922484,14.460203796828338,0.0,0.0
2021-05-13,13124.990234375,0.9724912461256946,15.110969181800373,0.0,0.0
2021-05-14,13429.98046875,0.40995610048677367,3.6855024495449213,0.0,0.0
2021-05-17,13379.0498046875,0.40276300155332473,3.029825285366231,0.0,0.0
2021-05-18,13303.6396484375,0.48048012938156875,3.7310578222809534,0.0,0.0
2021-05-19,13299.740234375,0.5491374887411153,5.34128052200598,0.0,0.0
2021-05-21,13470.990234375,0.5753941754343377,0.8228047355949013,0.0,0.0
2021-05-24,13661.169921875,1.005081823781465,0.20642073645116935,0.0,0.0
2021-05-26,13738.0,2.2943281979760264,0.07517282818839155,0.0,0.0
2021-05-27,13736.2802734375,2.457163630789276,0.10576545086250891,0.0,0.0
2021-05-28,13748.740234375,3.0486452895066187,0.05387323416769509,0.0,0.0
2021-06-01,13736.48046875,2.7596209629138895,0.0395513241577872,0.0,0.0
2021-06-02,13756.330078125,4.089878115113995,0.05700726806430256,0.0,0.0
2021-06-03,13614.509765625,2.879963141026802,0.06290806671659739,0.0,0.0
2021-06-04,13814.490234375,3.1477670368145008,0.05297987377453351,0.0,0.0
2021-06-07,13881.7197265625,4.477264046354702,0.045280863702270795,0.0,0.0
2021-06-08,13924.91015625,6.428051985086677,0.06510093563229268,0.0,0.0
2021-06-09,13911.75,6.151826947476601,0.06537104563263411,0.0,0.0
2021-06-10,14020.330078125,10.985130009011517,0.06696290255647336,0.0,0.0
2021-06-11,14069.419921875,12.181939644526548,0.0878316715437805,0.0,0.0
2021-06-14,14174.1396484375,10.915639779942765,0.12455455422236242,0.0,0.0
2021-06-15,14072.8603515625,6.9970281803259455,0.07499342188799273,0.0,0.0
2021-06-16,14039.6796875,7.4756182038000585,0.05649063580132976,0.0,0.0
2021-06-17,14161.349609375,11.144433019245099,0.10575570044590524,0.0,0.0
2021-06-18,14030.3798828125,9.140765444427533,0.7532694519998715,0.0,0.0
2021-06-21,14141.48046875,8.058856899646441,0.761825802946197,0.0,0.0
2021-06-22,14253.26953125,7.35843499396011,0.1039187652797601,0.0,0.0
2021-06-23,14271.73046875,7.332041491463322,0.06159443503810109,0.0,0.0
2021-06-24,14369.7099609375,8.453626251254239,0.04900824400184736,0.0,0.0
2021-06-25,14360.3896484375,8.38668939867551,0.04656705160952019,0.0,0.0
2021-06-28,14500.509765625,13.890585393154193,0.02624646270415314,0.0,0.0
2021-06-29,14528.330078125,15.903532247493509,0.04362945291351404,0.0,0.0
2021-06-30,14503.9501953125,12.358576050808576,0.03895278628821594,0.0,0.0
2021-07-01,14522.3798828125,13.56660851333898,0.06405273255453073,0.0,0.0
2021-07-02,14639.330078125,24.291550776420866,0.17233403556136506,0.0,0.0
2021-07-06,14663.6396484375,22.11762957634017,0.06954499849500854,0.0,0.0
2021-07-07,14665.0595703125,20.967534656994907,0.08434666461788987,0.0,0.0
2021-07-08,14559.7802734375,14.94181193392415,0.14688650336481834,0.0,0.0
2021-07-09,14701.919921875,23.277452941430884,0.10238950389933447,0.0,0.0
2021-07-12,14733.240234375,21.785836850876102,0.1014482355767366,0.0,0.0
2021-07-13,14677.650390625,17.276306844255416,0.05626463554822089,0.0,0.0
2021-07-14,14644.9501953125,15.303677878617195,0.07365431489021411,0.0,0.0
2021-07-15,14543.1298828125,10.11332220127293,0.09250543671055263,0.0,0.0
2021-07-16,14427.240234375,6.2726038980784224,0.47395420343693007,0.0,0.0
2021-07-19,14274.98046875,6.343548627546662,2.180440436737667,0.0,0.0
2021-07-20,14498.8798828125,9.71150301504318,0.5562397260312348,0.0,0.0
2021-07-21,14631.9501953125,10.043111006073518,0.29870221852220563,0.0,0.0
2021-07-22,14684.599609375,11.87277856145983,0.08374482674644125,0.0,0.0
2021-07-23,14836.990234375,20.196491649148662,0.12655088456411415,0.0,0.0
2021-07-26,14840.7099609375,20.478654174006667,0.10022882295251895,0.0,0.0
2021-07-27,14660.580078125,8.184442086444859,0.06492587896215858,0.0,0.0
2021-07-28,14762.580078125,13.034757855181429,0.05381341656829946,0.0,0.0
2021-07-29,14778.259765625,12.228775313156198,0.06507387729024469,0.0,0.0
2021-07-30,14672.6796875,8.19481761873021,0.06765879627080941,0.0,0.0
2021-08-02,14681.0703125,8.333139482969342,0.04862362911562866,0.0,0.0
2021-08-03,14761.2900390625,11.617535418261042,0.05328679140434535,0.0,0.0
2021-08-04,14780.5302734375,13.701355564669406,0.04380917542598586,0.0,0.0
2021-08-05,14895.1201171875,22.018290701198943,0.06943377806264146,0.0,0.0
2021-08-06,14835.759765625,19.722951417370624,0.6784795363616455,0.0,0.0
2021-08-09,14860.1796875,15.570324931733934,0.056420013781492404,0.0,0.0
2021-08-10,14788.08984375,10.577177597658952,0.029211505253168,0.0,0.0
2021-08-11,14765.1396484375,11.34577712535686,0.26320478726782504,0.0,0.0
2021-08-12,14816.259765625,11.259146528075581,0.08442867578076746,0.0,0.0
2021-08-13,14822.900390625,14.138552897318002,0.4192187227575086,0.0,0.0
2021-08-16,14793.759765625,14.19677344489026,0.19421664740257502,0.0,0.0
2021-08-17,14656.1796875,6.631861461462025,0.6379194509974192,0.0,0.0
2021-08-18,14525.91015625,4.487448278934033,1.2459667341639469,0.0,0.0
2021-08-19,14541.7900390625,5.041211923358041,2.0420885157170443,0.0,0.0
2021-08-20,14714.66015625,8.49488749026497,1.49561232903881,0.0,0.0
2021-08-23,14942.650390625,11.131607865239765,0.06496864247340908,0.0,0.0
2021-08-24,15019.7998046875,16.66118631841258,0.03741736886306081,0.0,0.0
2021-08-25,15041.8603515625,12.657468644750972,0.03995660632399253,0.0,0.0
2021-08-26,14945.8095703125,12.689355950814429,0.018732051862591716,0.0,0.0
2021-08-27,15129.5,16.595619575380347,0.045620334097439486,0.0,0.0
2021-08-30,15265.8896484375,27.18166431886603,0.02508468051948833,0.0,0.0
2021-08-31,15259.240234375,23.16163622154868,0.05629410822714308,0.0,0.0
2021-09-01,15309.3798828125,26.132844030804772,0.1219231908686365,0.0,0.0
2021-09-02,15331.1796875,24.72070688752695,0.01648461052463963,0.0,0.0
2021-09-03,15363.51953125,26.116141767509617,0.033077936017969364,0.0,0.0
2021-09-07,15374.330078125,20.440399427869977,0.09996729371033282,0.0,0.0
2021-09-08,15286.6396484375,14.114273868401694,0.13791053952279414,0.0,0.0
2021-09-09,15248.25,12.76150137895656,0.1784041618816207,0.0,0.0
2021-09-10,15115.490234375,10.596424771991646,0.4655051917304556,0.0,0.0
2021-09-13,15105.580078125,6.522652208282336,0.4755967946221058,0.0,0.0
2021-09-14,15037.759765625,4.159806636846805,0.4331955062251503,0.0,0.0
2021-09-15,15161.5302734375,8.041271033958886,0.066932239566419,0.0,0.0
2021-09-16,15181.919921875,9.326167913524435,0.04543738548171346,0.0,0.0
2021-09-17,15043.9697265625,5.848830741035225,0.6066663977878541,0.0,0.0
2021-09-20,14713.900390625,3.99168335504918,3.9768012465715854,0.0,0.0
2021-09-21,14746.400390625,2.484744720152235,3.3333174359628504,0.0,0.0
2021-09-22,14896.849609375,3.5578161298625566,2.4148296528872293,0.0,0.0
2021-09-23,15052.240234375,4.5755779229515925,0.3731856795511539,0.0,0.0
2021-09-24,15047.7001953125,4.657165075553708,0.416781140590252,0.0,0.0
2021-09-27,14969.9697265625,4.457845574367157,0.8688076678389234,0.0,0.0
2021-09-28,14546.6796875,1.760819270305334,6.793607252180442,0.0,0.0
2021-09-29,14512.4404296875,1.5462595998175488,7.937787958744689,0.0,0.0
2021-09-30,14448.580078125,1.69951136176206,8.751358973709117,0.0,0.0
2021-10-01,14566.7001953125,1.2975264336741736,6.945959189307224,0.0,0.0
2021-10-04,14255.48046875,0.32322182096832314,13.036279916213633,0.0,0.0
2021-10-05,14433.830078125,0.2901343352235819,8.861454610812814,0.0,0.0
2021-10-06,14501.91015625,0.3253272155813035,4.736632298817368,0.0,0.0
2021-10-07,14654.01953125,0.5722546888750579,1.3816125064551168,0.0,0.0
2021-10-08,14579.5400390625,1.6804993225520426,1.0977151615094591,3.980822874715101,0.0
2021-10-11,14486.2001953125,1.0775147099350095,2.5236900187898974,1.074386940584826,0.0
2021-10-12,14465.919921875,1.1356348207076055,2.8218680395810085,0.44289546701207216,0.0
2021-10-13,14571.6396484375,2.0629998635952695,1.2074002849016598,3.7348188288151785,0.0
2021-10-14,14823.4296875,5.914270600081322,0.11090152680369351,11.57511069117771,0.0
2021-10-15,14897.33984375,9.724066489682553,0.04149076697186802,13.876540877814197,0.0
2021-10-18,15021.8095703125,13.576153796709024,0.031455860123443896,17.752305732976808,0.0
2021-10-19,15129.08984375,18.660218724288967,0.020137686292654493,21.092821735737648,0.0
2021-10-20,15121.6796875,17.78353841375527,0.01558790469504276,20.8620827122162,0.0
2021-10-21,15215.7001953125,19.908674490492068,0.020953949616448263,23.78971330889187,0.0
2021-10-22,15090.2001953125,16.259009873289752,0.04950476113676519,19.881867580005597,0.0
2021-10-25,15226.7099609375,21.202789310276476,0.03628742112095098,24.132537735773894,0.0
2021-10-26,15235.7099609375,23.2306844579514,0.3209337216866544,24.412781652586457,0.0
2021-10-27,15235.83984375,23.701269425370114,0.046906127455677016,24.416825971264416,0.0
2021-10-28,15448.1201171875,31.5465245158062,0.04610015439948782,31.026854336838472,0.0
2021-10-29,15498.3896484375,32.93358545930525,0.04674777153636061,32.592157707264185,0.0
2021-11-01,15595.919921875,47.63216028285367,0.03146078575078558,71.25815226695617,0.0
2021-11-02,15649.599609375,56.507011040365065,0.020579042842014426,74.60113135101713,0.0
2021-11-03,15811.580078125,68.71871013308609,0.020857561706431663,84.68869601982483,0.0
2021-11-04,15940.3095703125,76.65193959859107,0.025053810408555373,92.70550870869528,0.0
2021-11-05,15971.58984375,79.69691354275112,0.06894934321765386,94.65353234138259,0.0
2021-11-08,15982.3603515625,78.0227577970397,0.05439436787038098,95.32428107370153,0.0
2021-11-09,15886.5400390625,71.72606206096613,0.03465813628500759,89.35693447698962,0.0
2021-11-10,15622.7099609375,43.20732453258938,0.059317358412479135,72.92654015105317,0.0
2021-11-11,15704.2802734375,47.814358392885346,0.06046564958258926,78.00644767785865,0.0
2021-11-12,15860.9599609375,68.11096325793024,0.04219888230515731,87.76389863562932,0.0
2021-11-15,15853.849609375,64.95081390920531,0.044032329684877414,87.32109135300948,0.0
2021-11-16,15973.8603515625,73.61640728794589,0.20646079634538594,94.79493145305558,0.0
2021-11-17,15921.5703125,69.87759256855081,0.6759257832587933,91.53849470702073,0.0
2021-11-18,15993.7099609375,75.56248826711479,0.5822573655940997,96.03109418159988,0.0
2021-11-19,16057.4404296875,75.0737481823972,0.5932934068294802,100.0,0.0
2021-11-22,15854.759765625,14.856198493155011,0.12246848021238482,0.0,0.0
2021-11-23,15775.1396484375,10.31285316094032,0.13207393805085338,0.0,0.0
2021-11-24,15845.23046875,15.166353113180131,0.10218065136249936,0.0,0.0
2021-11-26,15491.66015625,6.189586433737315,3.9963720885154266,0.0,0.0
2021-11-29,15782.830078125,12.50209675193558,2.55712558358227,0.0,0.0
2021-11-30,15537.6904296875,5.639705423259396,3.649684611654601,0.0,0.0
2021-12-01,15254.0498046875,3.1219696865451034,6.656100382094947,0.0,0.0
2021-12-02,15381.3203125,2.3187242980159457,4.60802463812359,0.0,0.0
2021-12-03,15085.4697265625,1.0886351000780097,19.211773404994695,0.0,0.0
2021-12-06,15225.150390625,1.0223027225843642,5.754588466592512,0.0,0.0
2021-12-07,15686.919921875,2.7894858235868365,1.2981565033411486,0.0,0.0
2021-12-08,15786.990234375,6.644871544773336,0.503671648190341,0.0,0.0
2021-12-09,15517.3701171875,1.1202849078750972,0.7606977465016115,0.0,0.0
2021-12-10,15630.599609375,2.3839518814630596,0.2938353552523298,0.0,0.0
2021-12-13,15413.2802734375,0.876646618293287,1.3073428814729737,0.0,0.0
2021-12-14,15237.6396484375,0.6295214451371886,2.970941173251397,0.0,0.0
2021-12-15,15565.580078125,1.8307324190556464,1.0045674065590464,0.0,0.0
2021-12-16,15180.4296875,0.5797832314845724,3.187336420539878,0.0,0.0
2021-12-17,15169.6796875,0.6698951213985487,3.4997383174939998,0.0,0.0
2021-12-20,14980.9404296875,0.2837962129113562,10.038329103545296,0.0,0.0
2021-12-21,15341.08984375,0.3285236467133285,1.5491599514686616,0.0,0.0
2021-12-22,15521.8896484375,1.5696328406716842,0.5465794764736617,0.0,0.0
2021-12-23,15653.3701171875,3.1112359772921536,0.6657127982457501,0.0,0.0
2021-12-27,15871.259765625,5.5193965758545245,0.10313782762842055,0.0,0.0
2021-12-28,15781.7197265625,3.6613123512124615,0.1202787974910443,0.0,0.0
2021-12-29,15766.2197265625,4.109995160466867,0.33704576495418664,0.0,0.0
2021-12-30,15741.5595703125,2.852873333795089,0.17545300504871783,0.0,0.0
2021-12-31,15644.9697265625,1.9875778964546524,0.15631821484571481,0.0,0.0
2022-01-03,15832.7998046875,5.96878764115116,0.08745919177015571,0.0,0.0
2022-01-04,15622.7197265625,2.637931813392159,0.25129839241242335,0.0,0.0
2022-01-05,15100.169921875,0.7860546820891723,4.069804808082417,0.0,0.0
2022-01-06,15080.8603515625,0.3520938979107324,3.8182085614730337,0.0,0.0
2022-01-07,14935.900390625,0.523428283530796,6.6193126811286565,0.0,0.0
2022-01-10,14942.830078125,0.4244725696507319,5.438540938245653,0.0,0.0
2022-01-11,15153.4501953125,0.24917413598966906,1.7877832109140923,0.0,0.0
2022-01-12,15188.3896484375,1.1453354100922961,2.187890789878703,0.0,0.0
2022-01-13,14806.8095703125,0.663082922516742,7.9389074065838106,0.0,0.0
2022-01-14,14893.75,0.7144850434495394,5.205666173521511,0.0,0.0
2022-01-18,14506.900390625,0.20537966602759808,9.60635568062336,0.0,0.0
2022-01-19,14340.259765625,0.08213172406833362,10.372453789027109,0.0,0.0
2022-01-20,14154.01953125,0.1959357311589399,14.34791784012405,0.0,0.0
2022-01-21,13768.919921875,0.11874773716037329,21.681705200142456,0.0,0.0
2022-01-24,13855.1298828125,0.39940642272469096,18.36565787817213,0.0,0.0
2022-01-25,13539.2900390625,0.08490371913337805,22.120965972032327,0.0,0.0
2022-01-26,13542.1201171875,0.0839948821523722,21.466112588958417,0.0,0.0
2022-01-27,13352.7802734375,0.04601809313817442,28.295572747852997,0.0,0.0
2022-01-28,13770.5703125,0.04439582519938053,9.385658399743727,0.0,0.0
2022-01-31,14239.8798828125,0.0192414172301288,5.7547203518295404,0.0,0.0
2022-02-01,14346.0,0.4079994564887691,5.280634171175813,0.0,0.0
2022-02-02,14417.5498046875,0.6386729951014259,3.7389626234058353,0.0,0.0
2022-02-03,13878.8203125,0.407909681906965,5.260223233863875,0.0,0.0
2022-02-04,14098.009765625,0.26963755087897767,1.3404465848547948,0.0,0.0
2022-02-07,14015.669921875,0.16661528669200876,0.9865914593576188,0.0,0.0
2022-02-08,14194.4501953125,0.26086219441567693,1.0472308156346382,0.0,0.0
2022-02-09,14490.3701171875,0.7165053187440225,0.616523862437964,0.0,0.0
2022-02-10,14185.6396484375,1.3171141051394046,1.1693548346420726,0.0,0.0
2022-02-11,13791.150390625,0.30774489532741717,2.208264270800777,0.0,0.0
2022-02-14,13790.919921875,0.08969681874359138,2.3742834240235737,0.0,0.0
2022-02-15,14139.759765625,0.32535970918794554,0.6389883041705814,0.0,0.0
2022-02-16,14124.08984375,0.32543913552089593,0.6532056444878847,0.0,0.0
2022-02-17,13716.7197265625,0.1146668640400305,2.3208764990984827,0.0,0.0
2022-02-18,13548.0703125,0.037228810785794215,3.273465938725411,0.0,0.0
2022-02-22,13381.51953125,0.23884734569295293,6.385729016175042,0.0,0.0
2022-02-23,13037.490234375,0.1259779702180184,11.991787093305538,0.0,0.0
2022-02-24,13473.58984375,0.3835829244256284,3.9329355104770185,0.0,0.0
2022-02-25,13694.6201171875,0.3960460945513301,1.1012373071012258,0.0,0.0
2022-02-28,13751.400390625,0.1866215359737174,1.2243221360290406,0.0,0.0
2022-03-01,13532.4599609375,0.009329340370703319,2.3001635603297235,0.0,0.0
2022-03-02,13752.01953125,0.08458442568542547,1.4586968099327642,0.0,0.0
2022-03-03,13537.9404296875,0.01413466864450527,1.3284084450355782,0.0,0.0
2022-03-04,13313.4404296875,0.034059450311775485,3.713227048043529,0.0,0.0
2022-03-07,12830.9599609375,0.08200177783285323,16.631132148124458,0.0,0.0
2022-03-08,12795.5498046875,0.05274124703892424,14.934852054635567,0.0,0.0
2022-03-09,13255.5498046875,0.03941124979960279,2.17750463271936,0.0,0.0
2022-03-10,13129.9599609375,0.019583125934913587,4.4890894235712375,0.0,0.0
2022-03-11,12843.8095703125,0.025286505058891375,8.69644371360832,0.0,0.0
2022-03-14,12581.2197265625,0.10004438409733891,13.56425262213463,0.0,0.0
2022-03-15,12948.6201171875,0.02705299222348249,2.9155323806419795,0.0,0.0
2022-03-16,13436.5498046875,0.03249584656473723,0.6882533619196726,0.0,0.0
2022-03-17,13614.7802734375,0.05006547570351411,0.3157004143803381,0.0,0.0
2022-03-18,13893.83984375,0.5415389580235191,0.3652332611502958,0.0,0.0
2022-03-21,13838.4599609375,0.45182533775509826,0.20963863345038009,0.0,0.0
2022-03-22,14108.8203125,0.6614191074867407,0.2783193820895446,0.0,0.0
2022-03-23,13922.599609375,0.257686243941957,0.20597130600172317,0.0,0.0
2022-03-24,14191.83984375,0.3332960966775075,0.2041894217641061,0.0,0.0
2022-03-25,14169.2998046875,0.45552410080941036,0.2039011218028757,0.0,0.0
2022-03-28,14354.900390625,0.5566891442489886,0.22547531595345283,0.0,0.0
2022-03-29,14619.6396484375,1.2787012412771102,0.056567701271136445,0.0,0.0
2022-03-30,14442.26953125,0.4472763073979799,0.09514900880517135,0.0,0.0
2022-03-31,14220.51953125,0.5654167487893357,0.0720573187538627,0.0,0.0
2022-04-01,14261.5,0.6399832671618879,0.12112219766777241,0.0,0.0
2022-04-04,14532.5498046875,1.804775428297255,0.15288014786634602,0.0,0.0
2022-04-05,14204.169921875,1.3480319494811805,0.2607950749650488,0.0,0.0
2022-04-06,13888.8203125,0.7034990795430739,0.766726933406837,0.0,0.0
2022-04-07,13897.2998046875,0.46856648044295146,1.103881658592956,0.0,0.0
2022-04-08,13711.0,1.1691188012945055,2.0391473813594687,0.0,0.0
2022-04-11,13411.9599609375,1.2341750875043884,3.828370724135816,0.0,0.0
2022-04-12,13371.5703125,0.9998069939307105,4.955208681335188,0.0,0.0
2022-04-13,13643.58984375,0.8529746721720332,2.456603490556187,0.0,0.0
2022-04-14,13351.080078125,0.309745590566331,4.589352496875285,0.0,0.0
2022-04-18,13332.3603515625,0.29637380721979273,5.262360148178473,0.0,0.0
2022-04-19,13619.66015625,0.16015784082717624,3.865710063526131,0.0,0.0
2022-04-20,13453.0703125,0.11260393831127198,4.428523241103717,0.0,0.0
2022-04-21,13174.650390625,0.3206815439409044,6.685915842004074,0.0,0.0
2022-04-22,12839.2900390625,0.3392105407415107,9.13098294193971,0.0,0.0
2022-04-25,13004.849609375,0.019570775770107157,6.2948505464148985,0.0,0.0
2022-04-26,12490.740234375,0.3745466850841624,14.104353053724811,0.0,0.0
2022-04-27,12488.9296875,0.20489949883114786,12.217546550435669,0.0,0.0
2022-04-28,12871.5302734375,0.05456440285540377,3.6833771668076927,0.0,0.0
2022-04-29,12334.6396484375,0.04219828695746701,10.56000749950876,0.0,0.0
2022-05-02,12536.01953125,0.2819266377892645,3.6806651678610076,0.0,0.0
2022-05-03,12563.759765625,0.009355924779196155,4.2813068555921365,0.0,0.0
2022-05-04,12964.8603515625,0.0501615755427488,3.2212875602938067,0.0,0.0
2022-05-05,12317.6904296875,0.5629275391951192,7.385043363370064,0.0,0.0
2022-05-06,12144.66015625,0.7668792869260246,5.648732004570346,0.0,0.0
2022-05-09,11623.25,0.7291396926236644,14.88452643978482,0.0,0.0
2022-05-10,11737.669921875,0.02922310815621321,7.950052549169613,0.0,0.0
2022-05-11,11364.240234375,0.030973460865745168,16.675543562016678,0.0,0.0
2022-05-12,11370.9599609375,0.028738774624628743,16.744471135566847,0.0,0.0
2022-05-13,11805.0,0.0938707136928048,3.580698291961633,0.0,0.0
2022-05-16,11662.7900390625,0.02314379831349797,4.836806548952417,0.0,0.0
2022-05-17,11984.51953125,0.014168552501619119,4.2816320010784406,0.0,0.0
2022-05-18,11418.150390625,0.07044344588760622,11.970778413428452,0.0,0.0
2022-05-19,11388.5,0.013711445823672895,10.74456658631537,0.0,0.0
2022-05-20,11354.6201171875,0.048115839373794295,17.612156606275757,0.0,0.0
2022-05-23,11535.26953125,0.009873372371717362,4.484979946701806,0.0,0.0
2022-05-24,11264.4501953125,0.007452500709184387,8.564367084563578,0.0,0.0
2022-05-25,11434.740234375,0.008265797900097367,3.6242321584301815,0.0,0.0
2022-05-26,11740.650390625,0.003974607413662204,1.2862830390886866,0.0,0.0
2022-05-27,12131.1298828125,0.23691285433916942,0.4294048093304773,0.0,0.0
2022-05-31,12081.3896484375,0.0472780258295639,0.5293136311581126,0.0,0.0
2022-06-01,11994.4599609375,0.19569331573232235,0.43636247193360045,0.0,0.0
2022-06-02,12316.900390625,0.34135173998670165,0.49709552791420053,0.0,0.0
2022-06-03,12012.73046875,0.04805986408179003,0.5352431463378741,0.0,0.0
2022-06-06,12061.3701171875,0.05663260408895509,0.5198723541387791,0.0,0.0
2022-06-07,12175.23046875,0.19616173202812381,0.37929073491403265,0.0,0.0
2022-06-08,12086.26953125,0.23313433589148466,0.3492100503777911,0.0,0.0
2022-06-09,11754.23046875,0.2629674236611436,0.9577523693190017,0.0,0.0
2022-06-10,11340.01953125,0.0993087502183418,3.388009271225552,0.0,0.0
2022-06-13,10809.23046875,0.12141181693721365,16.448025820781197,0.0,0.0
2022-06-14,10828.349609375,0.08905211260144202,14.721620213228231,0.0,0.0
2022-06-15,11099.150390625,0.012299116473929096,7.7005807862087075,0.0,0.0
2022-06-16,10646.099609375,0.00838417970963647,19.84332964458468,0.0,0.0
2022-06-17,10798.349609375,0.056482779079140046,13.19775024219468,0.0,0.0
2022-06-21,11069.2998046875,0.02252354431625384,3.337635537262388,0.0,0.0
2022-06-22,11053.080078125,0.009819897161174717,6.2058564071772855,0.0,0.0
2022-06-23,11232.1904296875,0.060923705612284315,3.7895369770649587,0.0,0.0
2022-06-24,11607.6201171875,0.32128542329355486,0.6392835472005464,0.0,0.0
2022-06-27,11524.5498046875,0.0032061814600822937,0.49224536064682534,0.0,0.0
2022-06-28,11181.5400390625,0.054467011167589285,1.7205764401217145,0.0,0.0
2022-06-29,11177.8896484375,0.0160211883646789,3.3721561929176946,0.0,0.0
2022-06-30,11028.740234375,0.0637337560986118,6.573628226689914,0.0,0.0
2022-07-01,11127.849609375,0.0808753145311085,6.346041256206896,0.0,0.0
2022-07-05,11322.240234375,0.07481455093774295,2.202329703718525,0.0,0.0
2022-07-06,11361.849609375,0.08245935020902947,2.1728953726988065,0.0,0.0
2022-07-07,11621.349609375,0.07330219500917164,0.49180941876818346,0.0,0.0
2022-07-08,11635.3095703125,0.38174884096449735,0.6759009835679155,0.0,0.0
2022-07-11,11372.599609375,0.15016498253081084,0.8680402428370466,0.0,0.0
2022-07-12,11264.73046875,0.08375484617870042,1.1742583247077067,0.0,0.0
2022-07-13,11247.580078125,0.10330000982625669,0.8426945697298209,0.0,0.0
2022-07-14,11251.1904296875,0.13907197513169578,0.9417990791059084,0.0,0.0
2022-07-15,11452.419921875,0.1798881006621836,0.899198371903954,0.0,0.0
2022-07-18,11360.0498046875,0.32729708997362655,0.7986605637763278,0.0,0.0
2022-07-19,11713.150390625,0.3643379121955934,0.3432707032129901,0.0,0.0
2022-07-20,11897.650390625,0.9276942490120664,0.4784367737544258,0.0,0.0
2022-07-21,12059.6103515625,1.0050184567597906,0.4952944660183264,0.0,0.0
2022-07-22,11834.1103515625,0.3039927476923778,0.8675535376377966,0.0,0.0
2022-07-25,11782.669921875,0.22913170087213172,0.5663727567195233,0.0,0.0
2022-07-26,11562.5703125,0.29637731587986305,1.0585191811729846,0.0,0.0
2022-07-27,12032.419921875,0.3752686156945205,0.4568359495641799,0.0,0.0
2022-07-28,12162.58984375,0.6822104697861422,0.5767531400042539,0.0,0.0
2022-07-29,12390.6904296875,1.1956009199929638,0.6057520865832097,0.0,0.0
2022-08-01,12368.98046875,0.9072230349125323,0.5961252763063091,0.0,0.0
2022-08-02,12348.759765625,1.8935380518847567,0.5792043748007384,0.0,0.0
2022-08-03,12668.16015625,3.2619885589690525,0.4803756533834826,0.0,0.0
2022-08-04,12720.580078125,2.9105703846781603,0.3829604959062685,0.0,0.0
2022-08-05,12657.5498046875,2.2698320851068567,0.3534398876339535,0.0,0.0
2022-08-08,12644.4599609375,1.540617432178754,0.35552865597749067,0.0,0.0
2022-08-09,12493.9296875,1.6527324931733118,0.4287436696493418,0.0,0.0
2022-08-10,12854.7998046875,4.744691232806189,0.3180313149340404,0.0,0.0
2022-08-11,12779.91015625,2.0618169128332324,0.12260530111172796,0.0,0.0
2022-08-12,13047.1904296875,5.330942121226125,0.22271055283198676,0.0,0.0
2022-08-15,13128.0498046875,5.183530662052981,0.15957929218515024,0.0,0.0
2022-08-16,13102.5498046875,3.974666133668455,0.15006409153221498,0.0,0.0
2022-08-17,12938.1201171875,2.366626849767363,0.23007670490025084,0.0,0.0
2022-08-18,12965.33984375,2.6070941135257093,0.19606909074256748,0.0,0.0
2022-08-19,12705.2197265625,1.784573350320682,0.5122920867642105,0.0,0.0
2022-08-22,12381.5703125,1.5124883842662242,3.864446511886242,0.0,0.0
2022-08-23,12381.2998046875,1.9341805474939155,4.373250467287828,0.0,0.0
2022-08-24,12431.5302734375,1.633946421239007,3.6629314059120457,0.0,0.0
2022-08-25,12639.26953125,1.5692012800380408,1.7673167853760003,0.0,0.0
2022-08-26,12141.7099609375,0.41288110222851004,8.96533844427398,0.0,0.0
2022-08-29,12017.669921875,0.2942592998467322,8.580822994363245,0.0,0.0
2022-08-30,11883.1396484375,0.19046988485787741,11.701113424619573,0.0,0.0
2022-08-31,11816.2001953125,0.281014472189311,13.78697800992951,0.0,0.0
2022-09-01,11785.1298828125,0.2779109862235083,14.638143519555676,0.0,0.0
2022-09-02,11630.8603515625,0.5140533391472784,14.723776609975834,0.0,0.0
2022-09-06,11544.91015625,0.3662356648237024,14.396256960641086,0.0,0.0
2022-09-07,11791.900390625,0.19362397074074492,7.532373908807589,0.0,0.0
2022-09-08,11862.1298828125,0.1183859119818201,7.040626170252307,0.0,0.0
2022-09-09,12112.3095703125,0.3394725892041905,2.92560327545168,0.0,0.0
2022-09-12,12266.41015625,0.5594005047088019,2.797293195062061,0.0,0.0
2022-09-13,11633.5703125,0.0358120560948533,6.524434444830886,0.0,0.0
2022-09-14,11719.6796875,0.027609595563442595,4.729091955719316,0.0,0.0
2022-09-15,11552.3603515625,0.02681412771559435,7.131077424614933,0.0,0.0
2022-09-16,11448.400390625,0.07840226577223867,9.837962868061874,0.0,0.0
2022-09-19,11535.01953125,0.07260889363508477,5.9052933728191555,0.0,0.0
2022-09-20,11425.0498046875,0.11931840571270469,7.294493167706412,0.0,0.0
2022-09-21,11220.1904296875,0.0457265446129332,13.75415103279467,0.0,0.0
2022-09-22,11066.8095703125,0.06581095179301619,15.450256727327195,0.0,0.0
2022-09-23,10867.9296875,0.05750896616930789,18.41908459362353,0.0,0.0
2022-09-26,10802.919921875,0.18185971325884334,21.959364895126928,0.0,0.0
2022-09-27,10829.5,0.04941594830000641,13.620324058923112,0.0,0.0
2022-09-28,11051.6396484375,0.03043765927828988,5.62459911384769,0.0,0.0
2022-09-29,10737.509765625,0.0004306943813119469,12.398684749423026,0.0,0.0
2022-09-30,10575.6201171875,0.029624005629575977,17.256228039360458,0.0,0.0
2022-10-03,10815.4296875,0.0125486248552251,6.130559744788986,0.0,0.0
2022-10-04,11176.41015625,0.02032341675894792,1.353112259562745,0.0,0.0
2022-10-05,11148.6396484375,0.008734920711803776,0.8213951790549114,0.0,0.0
2022-10-06,11073.3095703125,0.007937837185535023,1.342252690682156,0.0,0.0
2022-10-07,10652.400390625,0.010549666951947353,10.810437311746595,0.0,0.0
2022-10-10,10542.099609375,0.05278359976579862,16.342745753886874,0.0,0.0
2022-10-11,10426.1904296875,0.045743638709361684,18.182659506472543,0.0,0.0
2022-10-12,10417.099609375,0.06113704064107273,18.1392284342268,0.0,0.0
2022-10-13,10649.150390625,0.055985201548401135,6.09170009076139,0.0,0.0
2022-10-14,10321.3896484375,0.021393651476113332,13.167304380196478,0.0,0.0
2022-10-17,10675.7998046875,0.03308110614225849,2.320872540957537,0.0,0.0
2022-10-18,10772.400390625,0.004559959699907766,1.5919036033273393,0.0,0.0
2022-10-19,10680.509765625,0.007898621505754308,1.984135247568383,0.0,0.0
2022-10-20,10614.83984375,0.021691299045492295,2.291639980746264,0.0,0.0
2022-10-21,10859.7197265625,0.17897102636746062,0.8738939478188904,0.0,0.0
2022-10-24,10952.6103515625,0.1816401591300964,1.1590327298654082,0.0,0.0
2022-10-25,11199.1201171875,0.2918667723615665,0.9185455854925573,0.0,0.0
2022-10-26,10970.990234375,0.09700314661604047,1.0843834367646903,0.0,0.0
2022-10-27,10792.669921875,0.23959762408140706,1.6316274778416537,0.0,0.0
2022-10-28,11102.4501953125,0.2232232444429031,1.5408074284268771,0.0,0.0
2022-10-31,10988.150390625,0.15866078024474703,1.7159861091880826,0.0,0.0
2022-11-01,10890.849609375,0.10132202247175243,1.9595027159846141,0.0,0.0
2022-11-02,10524.7998046875,0.04374435814737821,6.4115204478296945,0.0,0.0
2022-11-03,10342.9404296875,0.13044370537002653,20.722756469120156,0.0,0.0
2022-11-04,10475.25,0.09851199194433147,7.614728662233277,0.0,0.0
2022-11-07,10564.51953125,0.1635450225522732,4.384179390679639,0.0,0.0
2022-11-08,10616.2001953125,0.5008425269827088,4.253910526751253,0.0,0.0
2022-11-09,10353.169921875,0.3637037974874645,15.166181900956557,0.0,0.0
2022-11-10,11114.150390625,0.6184959829514887,2.303690299526763,0.0,0.0
2022-11-11,11323.330078125,0.9942964553468759,1.536496168113912,0.0,0.0
2022-11-14,11196.2197265625,0.50460441622973,2.6280135597311665,0.0,3.7597401287327914
2022-11-15,11358.41015625,0.7933801278762358,1.460279191207002,0.0,0.0
2022-11-16,11183.66015625,0.6157538226315885,2.8918827298302987,0.0,2.4947341416844626
2022-11-17,11144.9599609375,0.3314070212546223,3.499878295760457,0.0,4.3893339799581375
2022-11-18,11146.0595703125,0.4372621526568682,4.003316369876082,0.0,4.3355017001151905
2022-11-21,11024.509765625,0.39160442891015024,5.399341393570391,0.0,10.286072193198798
2022-11-22,11174.41015625,0.2823560326329381,3.5929797526630773,0.0,2.947575486864207
2022-11-23,11285.3203125,0.6805537165078792,1.6745290315390884,0.0,0.0
2022-11-25,11226.3603515625,0.8967665231816021,1.0305805346819072,0.0,0.40431101900871846
2022-11-28,11049.5,0.44821182768990886,6.192066754775995,0.0,9.062654749876387
2022-11-29,10983.7802734375,0.31809443748605526,6.031116619499262,0.0,12.280017926244808
2022-11-30,11468.0,0.8856361747010627,1.550579816716399,0.0,0.0
2022-12-01,11482.4501953125,0.8610060367730098,1.054459254150516,0.0,0.0
2022-12-02,11461.5,0.9287594647459949,1.2284318914388337,0.0,0.0
2022-12-05,11239.9404296875,1.0367320223051368,2.022078147059306,0.0,0.0
2022-12-06,11014.8896484375,1.053950187895703,8.317660075431132,0.0,10.75703292919602
2022-12-07,10958.5498046875,1.0923829233908056,9.95833948237186,0.0,13.5151962406519
2022-12-08,11082.0,1.023746749476817,7.171646485796453,0.0,7.4715905641096985
2022-12-09,11004.6201171875,0.716763526273243,8.28254544944673,0.0,11.259786263857146
2022-12-12,11143.740234375,0.7195969374174518,3.5716126213002353,0.0,4.449046695343428
2022-12-13,11256.8095703125,1.5077962329145618,1.6605622986239892,0.0,0.0
2022-12-14,11170.8896484375,0.6448765643110737,3.2551812120989196,0.0,3.1199248375159194
2022-12-15,10810.5302734375,0.25703250749119894,17.894342225069664,0.0,20.761613931908762
2022-12-16,10705.41015625,0.37584757030603305,21.40424380258753,0.0,25.907855583005023
2022-12-19,10546.0302734375,0.3211439124171182,29.446035669837997,0.0,33.710428612994576
2022-12-20,10547.1103515625,0.30845555009183573,29.60183118551962,0.0,33.6575525015325
2022-12-21,10709.3701171875,0.4338588980109073,20.260457327362605,0.0,25.713992443783752
2022-12-22,10476.1201171875,0.5100481887958634,40.63479257020096,0.0,37.13293771547852
2022-12-23,10497.8603515625,0.4357446922712688,37.5798783283741,0.0,36.068626690732785
2022-12-27,10353.23046875,0.4347646375306917,55.98456370779352,0.0,86.29820271897954
2022-12-28,10213.2900390625,0.6995454293976906,65.2719393445779,0.0,100.0
2022-12-29,10478.08984375,0.3031933751320097,23.13729668008477,0.0,0.0
2022-12-30,10466.48046875,0.3609079135813138,20.594697130157293,0.0,0.0
2023-01-03,10386.98046875,0.2627708377297536,26.47865448699313,0.0,0.0
2023-01-04,10458.759765625,0.3249501444614273,17.62553140007339,0.0,0.0
2023-01-05,10305.240234375,0.5737771372149059,27.284799199045516,0.0,0.0
2023-01-06,10569.2900390625,0.33461985187213894,3.3390479659163335,0.0,0.0
2023-01-09,10635.650390625,0.3579995519915449,2.529013263409021,0.0,0.0
2023-01-10,10742.6298828125,0.4104271266002852,2.0712980305068016,0.0,0.0
2023-01-11,10931.669921875,0.7946255918043268,1.1639271077168125,0.0,0.0
2023-01-12,11001.099609375,0.9225793471187318,1.4947528293707588,0.0,0.0
2023-01-13,11079.16015625,1.1403976051258438,0.6352454762455735,0.0,0.0
2023-01-17,11095.1103515625,1.310373048324799,0.5829453758196005,0.0,0.0
2023-01-18,10957.009765625,0.5815880611759433,0.9753191703141291,0.0,0.0
2023-01-19,10852.26953125,0.31583789991358246,1.2368866971315478,0.0,0.0
2023-01-20,11140.4296875,0.581974934768104,0.5303116075558689,0.0,0.0
2023-01-23,11364.41015625,1.728150880952538,0.3743130135282708,0.0,0.0
2023-01-24,11334.26953125,1.0402953428347763,0.2598343953788398,0.0,0.0
2023-01-25,11313.3603515625,0.8413997875142236,0.3556043799291152,0.0,0.0
2023-01-26,11512.41015625,2.444492085487128,0.20782150810178673,0.0,0.0
2023-01-27,11621.7099609375,2.0656789470682195,0.14882806885903851,0.0,0.0
2023-01-30,11393.8095703125,0.4707081792485409,0.16880096013156623,0.0,0.0
2023-01-31,11584.5498046875,1.3171862610844816,0.2136708406987606,0.0,0.0
2023-02-01,11816.3203125,1.6014141264171056,0.21993394038328573,0.0,0.0
2023-02-02,12200.8203125,4.187477916699603,0.20070188517988344,0.0,0.0
2023-02-03,12006.9501953125,2.171588621401737,0.258427355893959,0.0,0.0
2023-02-06,11887.4501953125,0.7073492271061406,0.11897395511307965,0.0,0.0
2023-02-07,12113.7900390625,3.2491163480898866,0.1758616805521249,0.0,0.0
2023-02-08,11910.51953125,1.9835021521977656,0.205557373789608,0.0,0.0
2023-02-09,11789.580078125,1.6999658858140525,0.61514918821199,0.0,0.0
2023-02-10,11718.1201171875,2.0162766182991625,0.3094232390219235,0.0,0.0
2023-02-13,11891.7900390625,1.5461417990037765,0.3732978157893744,0.0,0.0
2023-02-14,11960.150390625,1.9702477593531575,0.19160255207311006,0.0,0.0
2023-02-15,12070.58984375,3.964396685733324,0.1617854899158925,0.0,0.0
2023-02-16,11855.830078125,1.477326734391867,1.5603118931473012,0.0,0.0
2023-02-17,11787.26953125,1.6478835088657886,0.7667945148514986,0.0,0.0
2023-02-21,11492.2998046875,0.31666919655904785,3.748369252854382,0.0,0.0
2023-02-22,11507.0703125,0.5927904589478161,4.567990440090288,0.0,0.0
2023-02-23,11590.400390625,0.6380481209804048,3.2830079278357203,0.0,0.0
2023-02-24,11394.9404296875,0.21756657880923405,7.236829089082713,0.0,0.0
2023-02-27,11466.98046875,0.8410733832181496,4.478205974477291,0.0,0.0
2023-02-28,11455.5400390625,0.5614683664905169,5.710127724911025,0.0,0.0
2023-03-01,11379.48046875,0.17731048951546094,7.644552556338618,0.0,0.0
2023-03-02,11462.98046875,0.42767564576544853,4.564586916943641,0.0,0.0
2023-03-03,11689.009765625,1.674109430538753,1.429856084742771,0.0,0.0
2023-03-06,11675.740234375,1.4014670674671172,0.8516454409518248,0.0,0.0
2023-03-07,11530.330078125,0.6907498427302243,2.4255593785888903,0.0,0.0
2023-03-08,11576.0,1.3204836726003062,3.7625151192381243,0.0,0.0
2023-03-09,11338.349609375,0.396986171074473,9.27553964921697,0.0,0.0
2023-03-10,11138.8896484375,0.34538175429913653,23.252811298805415,0.0,0.0
2023-03-13,11188.83984375,0.3490296763563976,9.632575488033934,0.0,0.0
2023-03-14,11428.150390625,0.5220794260345879,3.1471614921907256,0.0,0.0
2023-03-15,11434.0498046875,0.7953759794193822,3.333715928217587,0.0,0.0
2023-03-16,11717.2802734375,1.5342697975069657,1.7062510392485035,0.0,0.0
2023-03-17,11630.509765625,0.6270052331728148,1.3497546226131736,0.0,0.0
2023-03-20,11675.5400390625,1.0032971239134114,1.3135409104942644,0.0,0.0
2023-03-21,11860.1103515625,1.7219565729801334,0.7742087695352796,0.0,0.0
2023-03-22,11669.9599609375,0.3835045685098952,0.4357104259354754,0.0,0.0
2023-03-23,11787.400390625,0.4398844438451899,0.308212250998964,0.0,0.0
2023-03-24,11823.9599609375,0.4909601356049802,0.37802430068557774,0.0,0.0
2023-03-27,11768.83984375,0.5561013882721931,0.35185406113657786,0.0,0.0
2023-03-28,11716.080078125,0.5256207883131345,0.21912364680167157,0.0,0.0
2023-03-29,11926.240234375,0.7881169630027867,0.046742238012819806,0.0,0.0
2023-03-30,12013.4697265625,1.2247092538728552,0.059292113066070594,0.0,0.0
2023-03-31,12221.91015625,4.5798886225340985,0.03985117709615735,0.0,0.0
2023-04-03,12189.4501953125,3.2992990340679946,0.04442378605933403,0.0,0.0
2023-04-04,12126.330078125,2.2816999671894362,0.08267436030859822,0.0,0.0
2023-04-05,11996.8603515625,0.6926990768164453,0.07735559922183206,0.0,0.0
2023-04-06,12087.9599609375,1.7469222636324004,0.12102915522121689,0.0,0.0
2023-04-10,12084.3603515625,1.6758398746507677,0.091096822128031,0.0,0.0
2023-04-11,12031.8798828125,1.2917975400343882,0.1227969329507977,0.0,0.0
2023-04-12,11929.33984375,0.7804387668081932,0.16275899611138547,0.0,0.0
2023-04-13,12166.26953125,2.4391743022110215,0.09032416303160723,0.0,0.0
2023-04-14,12123.4697265625,1.8285301178203497,0.13958511290863485,0.0,0.0
2023-04-17,12157.7197265625,2.4934451455893436,0.19155831190865766,0.0,0.0
2023-04-18,12153.41015625,2.089455814976553,0.1318258768253205,0.0,0.0
2023-04-19,12157.23046875,1.8351645360273687,0.06263810410939401,0.0,0.0
2023-04-20,12059.5595703125,2.0505136947358675,0.06326083427838652,0.0,0.0
2023-04-21,12072.4599609375,2.21147276183679,0.09993502295522178,0.0,0.0
2023-04-24,12037.2001953125,1.4513142156262977,0.17063672749000475,0.0,0.0
2023-04-25,11799.16015625,0.7632224310787419,2.0638278060987205,0.0,0.0
2023-04-26,11854.349609375,0.6887635014600507,1.5646157194417956,0.0,0.0
2023-04-27,12142.240234375,2.149023759738353,0.1543050536400661,0.0,0.0
2023-04-28,12226.580078125,2.931969775829398,0.07498820022953634,0.0,0.0
2023-05-01,12212.599609375,2.2357763427835127,0.07634633359838751,0.0,0.0
2023-05-02,12080.509765625,1.929350867901467,0.138625946103659,0.0,0.0
2023-05-03,12025.330078125,1.104282123381895,0.17314721307198472,0.0,0.0
2023-05-04,11966.400390625,0.9060203107252318,0.5408645454643757,0.0,0.0
2023-05-05,12235.41015625,2.1067418302314027,0.10251617438727542,0.0,0.0
2023-05-08,12256.919921875,2.300753727485426,0.02416266641569079,0.0,0.0
2023-05-09,12179.5498046875,1.6766261543320558,0.027530423730008118,0.0,0.0
2023-05-10,12306.4404296875,2.584094064798525,0.02422097034901699,0.0,0.0
2023-05-11,12328.509765625,3.2655242912116744,0.020494289046065442,0.0,0.0
2023-05-12,12284.740234375,2.8035389916658455,0.021115199182824517,0.0,0.0
2023-05-15,12365.2099609375,3.8053896062695247,0.021515771289302803,0.0,0.0
2023-05-16,12343.0498046875,3.1862259440189202,0.022150500462039882,0.0,0.0
2023-05-17,12500.5703125,5.0162945368950025,0.03471165464835568,0.0,0.0
2023-05-18,12688.83984375,7.809538130787517,0.03143309808754198,0.0,0.0
2023-05-19,12657.900390625,6.5319488543926285,0.02393032852120731,0.0,0.0
2023-05-22,12720.7802734375,6.016166548256864,0.029497024954054714,0.0,0.0
2023-05-23,12560.25,4.090151095206961,0.029674996542633322,0.0,0.0
2023-05-24,12484.16015625,2.9134112900935603,0.03810183126040944,0.0,0.0
2023-05-25,12698.08984375,5.591799603399124,0.047230048257234314,0.0,0.0
2023-05-26,12975.6904296875,6.982696578561329,0.11272000490335878,0.0,0.0
2023-05-30,13017.4296875,5.2725029574861235,0.02704893392425196,0.0,0.0
2023-05-31,12935.2900390625,4.515235137708699,0.08597814362670789,0.0,0.0
2023-06-01,13100.98046875,6.907158918433576,0.10577221828729075,0.0,0.0
2023-06-02,13240.76953125,7.603008142739114,0.0441012944140209,0.0,0.0
2023-06-05,13229.4296875,5.876062618934054,0.03934050961501407,0.0,0.0
2023-06-06,13276.419921875,5.941530490845588,0.04724723586796464,0.0,0.0
2023-06-07,13104.900390625,4.272701261292318,0.04488440041652122,0.0,0.0
2023-06-08,13238.51953125,6.06887679458166,0.03082787332555111,0.0,0.0
2023-06-09,13259.1396484375,6.870194280250055,0.04201826792677774,0.0,0.0
2023-06-12,13461.919921875,8.604196457754474,0.06981695050248052,0.0,0.0
2023-06-13,13573.3203125,7.24329321999743,0.10120658032785323,0.0,0.0
2023-06-14,13626.48046875,10.41461448265626,0.0935349938701681,0.0,0.0
2023-06-15,13782.8203125,10.627509890167342,0.2868533310749985,0.0,0.0
2023-06-16,13689.5703125,7.527363120085418,0.24140531046880412,0.0,0.0
2023-06-20,13667.2900390625,6.043900363660782,0.07754194200462394,0.0,0.0
2023-06-21,13502.2001953125,5.246732419924249,0.33736949623934415,0.0,0.0
2023-06-22,13630.6103515625,6.241511664818338,0.1470124885513845,0.0,0.0
2023-06-23,13492.51953125,5.581169487465063,0.4753908569061809,0.0,0.0
2023-06-26,13335.7802734375,3.157924644006668,0.36399037101356196,0.0,0.0
2023-06-27,13555.669921875,3.401574578987529,0.24846479194006377,0.0,0.0
2023-06-28,13591.75,4.185531806554787,0.22576608295244432,0.0,0.0
2023-06-29,13591.330078125,3.5093815637895283,0.2448483400584757,0.0,0.0
2023-06-30,13787.919921875,5.398872572546281,0.4184900497227893,0.0,0.0
2023-07-03,13816.76953125,5.847872147539532,0.3224172907378163,0.0,0.0
2023-07-05,13791.650390625,6.593533020524628,0.12615174082951028,0.0,0.0
2023-07-06,13679.0400390625,4.574175638765945,0.27439797899378754,0.0,0.0
2023-07-07,13660.7197265625,4.705550212545944,0.4774792874289657,0.0,0.0
2023-07-10,13685.48046875,4.916600415797379,0.3437923283274743,0.0,0.0
2023-07-11,13760.7001953125,7.004171184595588,0.1963010730090395,0.0,0.0
2023-07-12,13918.9599609375,10.267987556615651,0.22012342607799795,0.0,0.0
2023-07-13,14138.5703125,13.230371650243923,0.2227747446908529,0.0,0.0
2023-07-14,14113.7001953125,11.586418680026084,0.12214695421029209,0.0,0.0
2023-07-17,14244.9501953125,11.244009879133642,0.4588171143440953,0.0,0.0
2023-07-18,14353.6396484375,12.128108478969208,0.35485236919786234,0.0,0.0
2023-07-19,14358.01953125,12.536834834031819,0.6534471923635529,0.0,0.0
2023-07-20,14063.3095703125,5.282190787159904,0.3811386930708486,0.0,0.0
2023-07-21,14032.8095703125,5.466543777939495,0.6378060991291211,0.0,0.0
2023-07-24,14058.8701171875,5.71761432635947,0.5058007106684674,0.0,0.0
2023-07-25,14144.5595703125,6.145495398306649,0.5002001765068032,0.0,0.0
2023-07-26,14127.2802734375,6.047440142880838,0.4919579468056554,0.0,0.0
2023-07-27,14050.1103515625,5.573355767853222,0.508808913679531,0.0,0.0
2023-07-28,14316.66015625,9.324122660474718,0.22713198840843263,0.0,0.0
2023-07-31,14346.01953125,8.934693457604157,0.19448058069253166,0.0,0.0
2023-08-01,14283.91015625,7.213814902782294,0.5843763100130726,0.0,0.0
2023-08-02,13973.4501953125,4.616048152407148,2.1173097387548334,0.0,0.0
2023-08-03,13959.7197265625,4.724346539016065,1.262480610448595,0.0,0.0
2023-08-04,13909.240234375,4.2350530707051615,1.7583430307705623,0.0,0.0
2023-08-07,13994.400390625,3.9429193534107605,1.2806249467422874,0.0,0.0
2023-08-08,13884.3203125,2.6006027906624096,2.4512102429751454,0.0,0.0
2023-08-09,13722.01953125,0.9612009046414082,3.2859691098866515,0.0,0.0
2023-08-10,13737.990234375,0.6869270399730881,3.0185474535274848,0.0,0.0
2023-08-11,13644.849609375,0.8695238769343347,6.34639949407413,0.0,0.0
2023-08-14,13788.330078125,0.6435871477428112,3.1466248961509686,0.0,0.0
2023-08-15,13631.0498046875,0.623393343080897,9.933612218804468,0.0,0.0
2023-08-16,13474.6298828125,0.8161976880135146,13.301886416266838,0.0,0.0
2023-08-17,13316.9296875,0.5565062505933746,13.981741812143278,0.0,0.0
2023-08-18,13290.7802734375,0.4909896377787984,12.979978185488278,0.0,0.0
2023-08-21,13497.58984375,0.2778776298642499,4.34595834149952,0.0,0.0
2023-08-22,13505.8701171875,0.1931642293336383,4.6346280953968115,0.0,0.0
2023-08-23,13721.0302734375,0.2275923859666036,0.41462109552019333,0.0,0.0
2023-08-24,13463.9697265625,0.20402586783667265,3.404868984973646,0.0,0.0
2023-08-25,13590.650390625,0.26507497721863715,5.308925476929595,0.0,0.0
2023-08-28,13705.1298828125,0.3614353100385096,3.187124871177557,0.0,0.0
2023-08-29,13943.759765625,0.47560951261788076,0.05116204093294768,0.0,0.0
2023-08-30,14019.3095703125,0.9304087986603162,0.024940048663707786,0.0,0.0
2023-08-31,14034.9697265625,1.637591802702224,0.038436895559553055,0.0,0.0
2023-09-01,14031.8095703125,2.0988941075729786,0.02269369739225944,0.0,0.0
2023-09-05,14020.9501953125,1.2138028749783845,0.020007874384722037,0.0,0.0
2023-09-06,13872.4697265625,0.4349770877445121,0.04658687256925435,0.0,0.0
2023-09-07,13748.830078125,0.4684343599677029,0.14414717097244628,0.0,0.0
2023-09-08,13761.5302734375,0.6361301167043828,0.14551332468561498,0.0,0.0
2023-09-11,13917.8896484375,0.4252368366115264,0.041703380539400085,0.0,0.0
2023-09-12,13773.6103515625,0.2614949404302968,0.08196160297315296,0.0,0.0
2023-09-13,13813.58984375,0.2617227612274772,0.05125676483851276,0.0,0.0
2023-09-14,13926.0498046875,1.2625503236619786,0.05148316443297238,0.0,0.0
2023-09-15,13708.330078125,2.3628310120662683,0.8050501497513851,0.0,0.0
2023-09-18,13710.240234375,0.9059309733621728,0.7364754534829332,0.0,0.0
2023-09-19,13678.1904296875,1.0442900220790456,1.0211449866718212,0.0,0.0
2023-09-20,13469.1298828125,0.9465477150686006,4.549397723511559,0.0,0.0
2023-09-21,13223.98046875,1.144539643409988,7.698569364731704,0.0,0.0
2023-09-22,13211.8095703125,0.8997239829311776,7.016527072569605,0.0,0.0
2023-09-25,13271.3203125,0.6817988649205027,6.137594821136078,0.0,0.0
2023-09-26,13063.6103515625,0.5475108508885339,12.856624498274599,0.0,0.0
2023-09-27,13092.849609375,0.7736666336643322,13.5015708070291,0.0,0.0
2023-09-28,13201.2802734375,0.3873502938729014,8.329695654750866,0.0,0.0
2023-09-29,13219.3203125,0.4587174196245063,7.941451942542902,0.0,0.0
2023-10-02,13307.76953125,0.2828720790476668,5.607391679627063,0.0,0.0
2023-10-03,13059.4697265625,0.3693329478152058,14.802725320879734,0.0,0.0
2023-10-04,13236.009765625,0.5754567292381162,6.705286325423298,0.0,0.0
2023-10-05,13219.830078125,0.539356471484224,6.664045475475755,0.0,0.0
2023-10-06,13431.33984375,0.5384127880651917,1.1415438880731656,0.0,0.0
2023-10-09,13484.240234375,0.23142573820646664,0.7948011680736679,0.0,0.0
2023-10-10,13562.83984375,0.4018883400981302,0.11142495128067187,0.0,0.0
2023-10-11,13659.6796875,1.1742137155286712,0.0530845777586182,0.0,0.0
2023-10-12,13574.2197265625,0.4558536789614843,0.1515037982305318,0.0,0.0
2023-10-13,13407.23046875,0.6110617951611801,0.3773429241809365,0.0,0.0
2023-10-16,13567.98046875,0.5916360795908886,0.35786949435149956,0.0,0.0
2023-10-17,13533.75,0.5574428625908361,0.20682902450612808,0.0,0.0
2023-10-18,13314.2998046875,0.1765863739960819,0.9516411894089801,0.0,0.0
2023-10-19,13186.1796875,0.6730097630422928,5.3546307634249475,0.0,0.0
2023-10-20,12983.8095703125,0.3723054412736844,9.230805492809466,0.0,0.0
2023-10-23,13018.330078125,0.18899419257117367,8.274923616275656,0.0,0.0
2023-10-24,13139.8701171875,0.4327101258484117,2.675850871462564,0.0,0.0
2023-10-25,12821.2197265625,0.12218205662265091,12.901195782697974,0.0,0.0
2023-10-26,12595.6103515625,0.06324468918018362,19.963079107332856,0.0,0.0
2023-10-27,12643.009765625,0.03057574939960427,16.217661032574544,0.0,0.0
2023-10-30,12789.48046875,0.05132639266358488,9.331573750560558,0.0,0.0
2023-10-31,12851.240234375,0.14127156352648987,6.279781037393119,0.0,0.0
2023-11-01,13061.4697265625,0.16710960735532968,1.7285627966143815,0.0,0.0
2023-11-02,13294.1904296875,0.33220759832417823,0.11967121131249481,0.0,0.0
2023-11-03,13478.2802734375,0.5718087930258259,0.050911879114873396,0.0,0.0
2023-11-06,13518.7802734375,0.8021200025398811,0.033484875187385355,0.0,0.0
2023-11-07,13639.8603515625,1.3531862543183453,0.03560289630197545,0.0,0.0
2023-11-08,13650.41015625,1.4606280607073783,0.550045338051919,0.0,0.0
2023-11-09,13521.4501953125,0.7226342914847238,0.06380417675275384,0.0,0.0
2023-11-10,13798.1103515625,1.080454957623252,0.035861176677378793,0.0,0.0
2023-11-13,13767.740234375,1.145514108795028,0.0312524465054747,0.0,0.0
2023-11-14,14094.3798828125,4.477424585888666,0.17116539111482343,0.0,0.0
2023-11-15,14103.83984375,4.96440394776042,0.04376732320671091,0.0,0.0
2023-11-16,14113.669921875,4.891343458146129,0.038225504302391425,0.0,0.0
2023-11-17,14125.48046875,5.770603259475499,0.032298923505364174,0.0,0.0
2023-11-20,14284.5302734375,7.888638721175391,0.036515222117989674,0.0,0.0
2023-11-21,14199.98046875,4.801825800119686,0.021942998592722817,0.0,0.0
2023-11-22,14265.8603515625,6.9516547363311085,0.04047599169517384,0.0,0.0
2023-11-24,14250.849609375,8.713131481294981,0.03860032075159071,0.0,0.0
2023-11-27,14241.01953125,6.660626018727888,0.02802304036937507,0.0,0.0
2023-11-28,14281.759765625,8.247702879834941,0.03839397963525518,0.0,0.0
2023-11-29,14258.490234375,5.6460852813756395,0.0757035033660429,0.0,0.0
2023-11-30,14226.2197265625,6.527586571990778,0.0886994588018261,0.0,0.0
2023-12-01,14305.0302734375,7.119065477944115,0.039874599305509704,0.0,0.0
2023-12-04,14185.490234375,5.082635050522542,0.07326136008399133,0.0,0.0
2023-12-05,14229.91015625,4.348342305745906,0.07323258690368031,0.0,0.0
2023-12-06,14146.7099609375,5.212016526667155,0.25929918040009853,0.0,0.0
2023-12-07,14339.990234375,4.590338887172045,0.2759081909455909,0.0,0.0
2023-12-08,14403.9697265625,6.157120837287714,0.19984879459466762,0.0,0.0
2023-12-11,14432.490234375,5.7886630386379245,0.10563191603666504,0.0,0.0
2023-12-12,14533.400390625,6.544890483090323,0.10571285757277042,0.0,0.0
2023-12-13,14733.9599609375,6.770518631779378,0.11229068809768362,0.0,0.0
2023-12-14,14761.5595703125,6.422966496408102,0.8203579649376177,0.0,0.0
2023-12-15,14813.919921875,5.844534491745827,0.5945350800920394,0.0,0.0
2023-12-18,14904.8095703125,6.625183242282372,0.25083659360535043,0.0,0.0
2023-12-19,15003.2197265625,7.674250834521587,0.3603559516873458,0.0,0.0
2023-12-20,14777.9404296875,5.88547066578712,0.3827545197897105,0.0,0.0
2023-12-21,14963.8701171875,4.645655354790887,0.13918079336400063,0.0,0.0
2023-12-22,14992.9697265625,4.982860237887879,0.21764085840240402,0.0,0.0
2023-12-26,15074.5703125,5.570638992875289,0.13183145530773152,0.0,0.0
2023-12-27,15099.1796875,5.510909962788801,0.25778923465988823,0.0,0.0
2023-12-28,15095.1396484375,4.788763126543748,0.23978855762094642,0.0,0.0
2023-12-29,15011.349609375,4.926606206381941,0.15292048640350062,0.0,0.0
2024-01-02,14765.9404296875,5.068731998685052,0.3134344288443627,0.0,0.0
2024-01-03,14592.2099609375,4.1219506308436,1.4997860280489028,0.0,0.0
2024-01-04,14510.2998046875,3.566345695387366,3.298189058287581,0.0,0.0
2024-01-05,14524.0703125,3.814850210090133,2.680757915876145,0.0,0.0
2024-01-08,14843.76953125,4.666464887827378,0.46378615609180723,0.0,0.0
2024-01-09,14857.7099609375,3.8921907876455957,0.220114404172702,0.0,0.0
2024-01-10,14969.650390625,4.253771173769474,0.17214476757417127,0.0,0.0
2024-01-11,14970.1904296875,5.12320326907978,0.13645231473469246,0.0,0.0
2024-01-12,14972.759765625,4.8234877580555615,0.06976186259765543,0.0,0.0
2024-01-16,14944.349609375,4.40162767171818,0.11235532404158456,0.0,0.0
2024-01-17,14855.6201171875,5.345493232932653,0.49364069823570617,0.0,0.0
2024-01-18,15055.650390625,4.424445150627416,0.16400900285440417,0.0,0.0
2024-01-19,15310.9697265625,6.826882659532813,0.07735922183721088,0.0,0.0
2024-01-22,15360.2900390625,5.730520774434181,0.06342783428478495,0.0,0.0
2024-01-23,15425.9404296875,5.667399244171593,0.04960284905296329,0.0,0.0
2024-01-24,15481.919921875,6.3481160764516575,0.046801320276033447,0.0,0.0
2024-01-25,15510.5,8.414241989312554,0.044697200322499006,0.0,0.0
2024-01-26,15455.3603515625,5.3210926704303345,0.09339959532655792,0.0,0.0
2024-01-29,15628.0400390625,10.193125841510826,0.05150414355408388,0.0,0.0
2024-01-30,15509.900390625,6.97981534426896,0.037049390551267956,0.0,0.0
2024-01-31,15164.009765625,6.386652243025433,0.21586594830546801,0.0,0.0
2024-02-01,15361.6396484375,7.370524612730456,0.213813137273875,0.0,0.0
2024-02-02,15628.9501953125,9.893991567259214,0.11703503142794348,0.0,0.0
2024-02-05,15597.6796875,7.874005220714034,0.15452472352650626,0.0,0.0
2024-02-06,15609.0,7.272308516310947,0.07666756174251882,0.0,0.0
2024-02-07,15756.6396484375,11.697366889457244,0.05643609895790135,0.0,0.0
2024-02-08,15793.7099609375,14.434010486160592,0.04185480540534903,0.0,0.0
2024-02-09,15990.66015625,18.991240006776344,0.05344312672039688,0.0,0.0
2024-02-12,15942.5498046875,13.316751948614696,0.04062357712059262,0.0,0.0
2024-02-13,15655.599609375,11.073637197167624,0.21733607431569502,0.0,0.0
2024-02-14,15859.150390625,14.59166928745644,0.3032665342624496,0.0,0.0
2024-02-15,15906.169921875,14.467659292374357,0.2131910020561166,0.0,0.0
2024-02-16,15775.650390625,8.661820394724076,0.321653692047589,0.0,0.0
2024-02-20,15630.7802734375,6.104886216297376,0.530782549707295,0.0,0.0
2024-02-21,15580.8701171875,4.730085789679739,0.4813906577275288,0.0,0.0
2024-02-22,16041.6201171875,14.401889895872014,0.27986683096165954,0.0,0.0
2024-02-23,15996.8203125,10.15053837697206,0.12825065967744045,0.0,0.0
2024-02-26,15976.25,9.38475772251326,0.2695346854434681,0.0,0.0
2024-02-27,16035.2998046875,11.279673769148872,0.11928168091438719,0.0,0.0
2024-02-28,15947.740234375,8.606158092268508,0.09188229683701525,0.0,0.0
2024-02-29,16091.919921875,12.704838999361396,0.07624311608783793,0.0,0.0
2024-03-01,16274.9404296875,17.52711719962806,0.07919683323340561,0.0,0.0
2024-03-04,16207.509765625,20.873823267781173,0.054328349674598084,0.0,0.0
2024-03-05,15939.58984375,7.098345947975822,0.07157921197749705,0.0,0.0
2024-03-06,16031.5400390625,10.425824335907885,0.11670323535544443,0.0,0.0
2024-03-07,16273.3798828125,21.425199302146062,0.16056707871536424,0.0,0.0
2024-03-08,16085.1103515625,9.929320226964391,0.15082807793304157,0.0,0.0
2024-03-11,16019.26953125,10.004901800529916,0.14343656459948603,0.0,0.0
2024-03-12,16265.6396484375,17.506193102482115,0.06889822312618085,0.0,0.0
2024-03-13,16177.76953125,10.928885712823606,0.02942898423372651,0.0,0.0
2024-03-14,16128.5302734375,8.130025174691024,0.07892036140489168,0.0,0.0
2024-03-15,15973.169921875,5.214267245559835,0.5580432799285908,0.0,0.0
2024-03-18,16103.4501953125,6.997825011409087,0.10262448664537094,0.0,0.0
2024-03-19,16166.7900390625,8.785787821932585,0.053290688315003346,0.0,0.0
2024-03-20,16369.41015625,25.841617268618396,0.04009322072364598,0.0,0.0
2024-03-21,16401.83984375,20.636668063751106,0.036532660163251,0.0,0.0
2024-03-22,16428.8203125,22.623907228896496,0.0308954351230117,0.0,0.0
2024-03-25,16384.470703125,17.70659611717372,0.023806817609980626,0.0,0.0
2024-03-26,16315.7001953125,11.41725122640486,0.03756956916906764,0.0,0.0
2024-03-27,16399.51953125,14.093020087318038,0.027594350200642173,0.0,0.0
2024-03-28,16379.4599609375,11.645048601896695,0.031093100045834054,0.0,0.0
2024-04-01,16396.830078125,11.647860652630134,0.02973837357378898,0.0,0.0
2024-04-02,16240.4501953125,6.239609060175424,0.03684891853140229,0.0,0.0
2024-04-03,16277.4599609375,7.536837324050528,0.057565204466756836,0.0,0.0
2024-04-04,16049.080078125,2.879851420062861,1.0902394123629249,0.0,0.0
2024-04-05,16248.51953125,6.213701613970123,0.17758320167381889,0.0,0.0
2024-04-08,16253.9599609375,5.58704935874066,0.15444863778395784,0.0,0.0
2024-04-09,16306.6396484375,6.96066964689081,0.08496493413454795,0.0,0.0
2024-04-10,16170.3603515625,4.75842230536074,0.563123046561158,0.0,0.0
2024-04-11,16442.19921875,11.092337175044333,0.21297472413449528,0.0,0.0
2024-04-12,16175.08984375,5.481878445342548,0.3681039194627631,0.0,0.0
2024-04-15,15885.01953125,2.3640620971432313,2.7914244394242274,0.0,0.0
2024-04-16,15865.25,1.304044741478604,2.6259171267321513,0.0,0.0
2024-04-17,15683.3701171875,0.7189090242696475,6.324390363441849,0.0,0.0
2024-04-18,15601.5,0.6630747623552751,13.343927578062663,0.0,0.0
2024-04-19,15282.009765625,0.843097446155728,25.23860191083184,0.0,0.0
2024-04-22,15451.3095703125,0.42581316018312215,18.379998397123252,0.0,0.0
2024-04-23,15696.6396484375,0.4874909868609836,4.848424813316261,0.0,0.0
2024-04-24,15712.75,0.467753486944163,2.252032645697325,0.0,0.0
2024-04-25,15611.759765625,0.42232605206349627,6.508304156624508,0.0,0.0
2024-04-26,15927.900390625,1.207793319517925,0.3076072847054737,0.0,0.0
2024-04-29,15983.080078125,1.1675085880963791,0.18392765735568825,0.0,0.0
2024-04-30,15657.8203125,0.30018252915980326,1.943139705218888,0.0,0.0
2024-05-01,15605.48046875,0.5352519167277614,4.229271126962614,0.0,0.0
2024-05-02,15840.9599609375,0.616249227168373,0.24274405178903297,0.0,0.0
2024-05-03,16156.330078125,1.8538554988845974,0.050000831695384024,0.0,0.0
2024-05-06,16349.25,3.0358124101042994,0.11462408511624173,0.0,0.0
2024-05-07,16332.5595703125,3.0499012200376825,0.051535483322811285,0.0,0.0
2024-05-08,16302.759765625,3.2193855090271843,0.0544713885988182,0.0,0.0
2024-05-09,16346.259765625,3.980421684510003,0.039118215445723206,0.0,0.0
2024-05-10,16340.8701171875,4.222623146181102,0.0272727926423386,0.0,0.0
2024-05-13,16388.240234375,4.206760341541215,0.06782172985272038,0.0,0.0
2024-05-14,16511.1796875,6.441182560829114,0.03786337542355274,0.0,0.0
2024-05-15,16742.390625,9.270234735264168,0.06429976771437776,0.0,0.0
2024-05-16,16698.3203125,8.260116591589115,0.09811545101426823,0.0,0.0
2024-05-17,16685.970703125,7.366945596539336,0.05626622568952364,0.0,0.0
2024-05-20,16794.869140625,9.55748655904005,0.023911381597014076,0.0,0.0
2024-05-21,16832.619140625,9.943325240024928,0.02880253839065938,0.0,0.0
2024-05-22,16801.5390625,7.594111617602459,0.02761183986153965,0.0,0.0
2024-05-23,16736.029296875,7.972291680124929,0.06941492778593528,0.0,0.0
2024-05-24,16920.7890625,11.660125914087336,0.029611071167170423,7.4050216737502,0.0
2024-05-28,17019.880859375,16.236860642429633,0.02016396808768694,12.718981546361796,0.0
2024-05-29,16920.580078125,10.810281245623896,0.03577185613155901,7.393814544423893,0.0
2024-05-30,16737.080078125,7.557851714299719,0.0385832214039412,0.0,0.0
2024-05-31,16735.01953125,7.084856161864834,0.06283911801455137,0.0,0.0
2024-06-03,16828.669921875,6.328714830283118,0.07727863852073057,2.4649819104363813,0.0
2024-06-04,16857.05078125,6.827044744951239,0.06921926411073914,3.9869519687574573,0.0
2024-06-05,17187.900390625,22.484325256689004,0.03926102958035393,21.72930404564799,0.0
2024-06-06,17173.119140625,20.858046231531816,0.031193577298823896,20.936635309747253,0.0
2024-06-07,17133.130859375,19.096251286195766,0.025615422840270963,18.79219824594809,0.0
2024-06-10,17192.529296875,24.877769680921208,0.03251042252987552,21.97753672324906,0.0
2024-06-11,17343.55078125,35.46054987542918,0.037103475968903746,30.076311124154675,0.0
2024-06-12,17608.439453125,45.89529172220628,0.08862458363374329,44.2813999149934,0.0
2024-06-13,17667.560546875,48.031918001881685,0.16691472464426557,47.45186537954358,0.0
2024-06-14,17688.880859375,48.689865609734355,0.22244803902642965,48.59520204987822,0.0
2024-06-17,17857.01953125,52.49865141133999,0.06608878184727736,57.61191366027567,0.0
2024-06-18,17862.23046875,50.745243820727026,0.07810686911265206,57.89135871674809,0.0
2024-06-20,17721.58984375,43.28718173932611,0.0703162400283851,50.34927489873259,0.0
2024-06-21,17689.359375,43.04630368611191,0.08382605049070287,48.62086323384964,0.0
2024-06-24,17496.8203125,32.348361694188284,0.10468475274869588,38.295640719962755,0.0
2024-06-25,17717.650390625,43.20969053818296,0.5139142508930237,50.13801527395566,3.017451406007865
2024-06-26,17805.16015625,45.341865207621936,0.19705585687269653,54.83086975493256,0.31583389053000954
2024-06-27,17858.6796875,47.240595766294575,0.16385155413978902,57.700942257727526,0.0
2024-06-28,17732.599609375,38.356071898180076,0.4459260327837082,50.93969160912801,2.5559363861782094
2024-07-01,17879.30078125,44.6005438728002,0.13435132185350165,58.806782177605974,0.0
2024-07-02,18028.759765625,50.68462733012855,0.1744583247758109,66.82176495738044,0.0
2024-07-03,18188.30078125,58.33941786537781,0.32383407247641044,75.3774131725037,0.0
2024-07-05,18352.759765625,67.90537786607999,0.20139844578945262,84.19679551513727,0.0
2024-07-08,18403.740234375,71.68056820995785,0.16240813736410914,86.93070663359411,0.0
2024-07-09,18429.2890625,72.397894310122,0.16858651502357871,88.30080437861496,0.0
2024-07-10,18647.44921875,74.71655554113475,0.41991719050701953,100.0,0.0
2024-07-11,18283.41015625,26.087382274859507,0.2385736399966506,0.0,0.0
2024-07-12,18398.44921875,32.648063992576525,0.35305252278395627,0.0,0.0
2024-07-15,18472.5703125,37.33697773417108,0.29838340922730694,0.0,0.0
2024-07-16,18509.33984375,37.18528508836376,0.41745276690363947,0.0,0.0
2024-07-17,17996.919921875,10.145200904692809,0.8593182191064047,0.0,0.0
2024-07-18,17871.220703125,5.051975786731124,1.3560653346084557,0.0,0.0
2024-07-19,17726.939453125,4.426088450998347,3.4120296421805967,0.0,2.7306777668244466
2024-07-22,18007.5703125,9.585398271291806,1.4867489107516583,0.0,0.0
2024-07-23,17997.349609375,5.615094622516206,1.8455011086243593,0.0,0.0
2024-07-24,17342.41015625,1.8952800256560547,15.006822243984674,0.0,14.60193666270132
2024-07-25,17181.720703125,0.9668428203175656,17.380822241692098,0.0,19.56277089662407
2024-07-26,17357.880859375,0.8108634897291852,15.884931783629167,0.0,14.124322281714823
2024-07-29,17370.19921875,0.6804272798680336,15.89957159916216,0.0,13.744027634462974
2024-07-30,17147.419921875,0.5897741381935032,18.261599846568792,0.0,20.621710899008228
2024-07-31,17599.400390625,0.839900171978117,6.112302421337251,0.0,6.668087068480588
2024-08-01,17194.150390625,0.5467171512070519,18.098108955328676,0.0,19.17903930710279
2024-08-02,16776.16015625,0.6983357531533398,44.25683089810099,0.0,32.08331039526102
2024-08-05,16200.080078125,1.3586674325620354,70.39169885129984,0.0,99.73632020097791
2024-08-06,16366.849609375,0.6691544155714455,59.96558677562939,0.0,89.43924116173714
2024-08-07,16195.8095703125,0.4309721592164424,70.4830640532206,0.0,100.0
2024-08-08,16660.01953125,0.2628935561611649,17.169540984761035,0.0,0.0
2024-08-09,16745.30078125,0.3528627739311505,13.817684839501544,0.0,0.0
2024-08-12,16780.609375,0.4234436327602514,11.305571030405096,0.0,0.0
2024-08-13,17187.609375,0.693679464007036,2.6466393356709452,0.0,0.0
2024-08-14,17192.599609375,0.9503465273242613,1.2811732716395945,0.0,0.0
2024-08-15,17594.5,0.8948484000808256,0.16443883989514108,0.0,0.0
2024-08-16,17631.720703125,1.7784153155461975,0.14224110511319238,0.0,0.0
2024-08-19,17876.76953125,1.9758004635232198,0.11370192273704115,0.0,0.0
2024-08-20,17816.939453125,1.4380077991864562,0.14651892686115084,0.0,0.0
2024-08-21,17918.990234375,1.4185882327104447,0.08501453665996286,0.0,0.0
2024-08-22,17619.349609375,1.3813202500686903,0.17377883741661038,0.0,0.0
2024-08-23,17877.7890625,1.6653949245414124,0.09712479465653732,0.0,0.0
2024-08-26,17725.76953125,0.9389050108398377,0.06306610169250133,0.0,0.0
2024-08-27,17754.8203125,1.4238776394575046,0.0711500192302324,0.0,0.0
2024-08-28,17556.029296875,0.8475231798770747,0.13673869642900943,0.0,0.0
2024-08-29,17516.4296875,0.8234293345899817,0.12353996248086029,0.0,0.0
2024-08-30,17713.619140625,1.552992061190563,0.12623555911316006,0.0,0.0
2024-09-03,17136.30078125,2.3545599066156995,3.9086518505675687,0.0,0.0
2024-09-04,17084.30078125,1.2706913878186745,5.4135137855678614,0.0,0.0
2024-09-05,17127.66015625,1.5099717147844451,3.474195135505367,0.0,0.0
2024-09-06,16690.830078125,0.38035614535905893,11.671967834670973,0.0,0.0
2024-09-09,16884.599609375,0.5177434876047942,9.242640242492566,0.0,0.0
2024-09-10,17025.880859375,0.31233619424425313,4.817001654629765,0.0,0.0
2024-09-11,17395.529296875,0.5814129346183134,1.3805581911080071,0.0,0.0
2024-09-12,17569.6796875,0.7476175896119767,0.15126086956193555,0.0,0.0
2024-09-13,17683.98046875,0.9286015192288346,0.09873622473321662,0.0,0.0
2024-09-16,17592.130859375,0.8729873614592678,0.2338455385927064,0.0,0.0
2024-09-17,17628.060546875,0.6504403700711414,0.11966960688503032,0.0,0.0
2024-09-18,17573.30078125,0.853662045798607,0.19031536780824904,0.0,0.0
2024-09-19,18013.98046875,1.5164336256783502,0.039683079571829545,0.0,0.0
2024-09-20,17948.3203125,1.752682276556414,0.0908138101904374,0.0,0.0
2024-09-23,17974.26953125,1.4693228488121792,0.027866931928418767,0.0,0.0
2024-09-24,18074.51953125,2.9385191032628186,0.027708684365907406,0.0,0.0
2024-09-25,18082.2109375,2.678589905192763,0.028427851266527863,0.0,0.0
2024-09-26,18190.2890625,4.8970533814354225,0.029658378998964202,0.0,0.0
2024-09-27,18119.58984375,3.143271434363122,0.03907407119412404,0.0,0.0
2024-09-30,18189.169921875,3.980796147028409,0.028672261025574537,0.0,0.0
2024-10-01,17910.359375,2.9562280328730752,0.1249059053629736,0.0,0.0
2024-10-02,17925.119140625,2.4745158594785566,0.09588155988480646,0.0,0.0
2024-10-03,17918.48046875,3.283458163564161,0.22170544979019216,0.0,0.0
2024-10-04,18137.849609375,6.892922994983605,0.2490140461830578,0.0,0.0
2024-10-07,17923.900390625,4.154024806040751,0.2362544480164756,0.0,0.0
2024-10-08,18182.919921875,7.013747275435717,1.1255072029590978,0.0,0.0
2024-10-09,18291.619140625,10.091103366585576,0.7082415139961907,0.0,0.0
2024-10-10,18282.05078125,8.571282997956967,0.12382419731675863,0.0,0.0
2024-10-11,18342.939453125,10.277168839482407,0.17100728380883115,0.0,0.0
2024-10-14,18502.689453125,18.249915858854894,0.13223472219829985,0.0,0.0
2024-10-15,18315.58984375,10.727052435310458,0.04187144089376504,0.0,0.0
2024-10-16,18367.080078125,12.791593798762168,0.09796430751551619,0.0,0.0
2024-10-17,18373.609375,12.489627843380848,0.09549694898845608,0.0,0.0
2024-10-18,18489.55078125,15.07666719389737,0.07218597820693262,0.0,0.0
2024-10-21,18540.009765625,16.878233566239356,0.03823242303527821,0.0,0.0
2024-10-22,18579.76953125,17.645501321356175,0.18545476927133348,0.0,0.0
2024-10-23,18276.650390625,8.690291914739014,0.07292784147182718,0.0,0.0
2024-10-24,18415.490234375,10.396970078694007,0.2223197526658823,0.0,0.0
2024-10-25,18518.609375,12.367981576685784,0.3313604933225577,0.0,0.0
2024-10-28,18567.189453125,14.596858736840419,0.2975613534988123,0.0,0.0
2024-10-29,18712.75,19.28828879459214,0.26329844336630187,0.0,0.0
2024-10-30,18607.9296875,15.193338226555715,0.33801274338144804,0.0,0.0
2024-10-31,18095.150390625,6.164400015199215,2.5501321147865306,0.0,0.0
2024-11-01,18239.919921875,6.13508961393909,3.114006055676584,4.13496637439017,0.0
2024-11-04,18179.98046875,5.266289646821726,3.416030150435541,1.163826387603406,0.0
2024-11-05,18439.169921875,12.319477638019208,1.392977545532704,14.011593729209103,0.0
2024-11-06,18983.470703125,37.75615755294928,0.19631902635894444,40.99205036832105,0.0
2024-11-07,19269.4609375,48.39963473016359,0.08434648246200019,55.16830618784026,0.0
2024-11-08,19286.779296875,50.3817493121538,0.08037772784670359,56.02676030048121,0.0
2024-11-11,19298.759765625,49.338716567656284,0.14099573365525866,56.62062040276379,0.0
2024-11-12,19281.400390625,48.780547306460385,0.09395460846170559,55.76013318576223,0.0
2024-11-13,19230.720703125,45.77901344660106,0.04452538708027029,53.247990712004764,0.0
2024-11-14,19107.650390625,40.6206959526141,0.08235036793635402,47.14751585627772,0.0
2024-11-15,18680.119140625,18.97442714615732,0.3114855247146967,25.95521051730695,0.0
2024-11-18,18791.810546875,21.97511248561848,0.12282238502762859,31.49164413470691,0.0
2024-11-19,18987.470703125,31.602042316547834,0.08170933078199431,41.19032645072645,0.0
2024-11-20,18966.140625,33.65821060873836,0.2333577189109994,40.13301536871994,0.0
2024-11-21,18972.419921875,32.943492276896286,0.10217726669799755,40.444273964878796,0.0
2024-11-22,19003.650390625,33.60968928433743,0.08214938166298492,41.992337713737356,0.0
2024-11-25,19054.83984375,36.661472096305246,0.052780257589628454,44.5297487702623,0.0
2024-11-26,19174.30078125,38.90576748085134,0.04179937125755464,50.45131044225635,0.0
2024-11-27,19060.48046875,36.1935501503279,0.27916273615549037,44.80934902709179,0.0
2024-11-29,19218.169921875,40.656369540795275,0.05530724281015213,52.625860777660485,0.0
2024-12-02,19403.94921875,48.85183468300904,0.06636497681569038,61.83475857176162,0.0
2024-12-03,19480.91015625,57.6729986753212,0.029929714222736596,65.64963686819829,0.0
2024-12-04,19735.119140625,67.15564248464884,0.043742278028443916,78.25052725173084,0.0
2024-12-05,19700.259765625,68.60805575410686,0.08545105380962906,76.52258217420568,0.0
2024-12-06,19859.76953125,71.00454808219888,0.10169069029666342,84.42932503258776,0.0
2024-12-09,19736.689453125,63.898204842587354,0.04657614051407319,78.32836610439391,0.0
2024-12-10,19687.240234375,58.41433483243109,0.023144952118266556,75.87721676145452,0.0
2024-12-11,20034.890625,75.63828392305649,0.02844005136687924,93.10990613641239,0.0
2024-12-12,19902.83984375,66.84148506750952,0.035058214683410846,86.56427824020683,0.0
2024-12-13,19926.720703125,66.35818813583822,0.03659795435834934,87.74802905054415,0.0
2024-12-16,20173.890625,76.27143776480398,0.03636400857024062,100.0,0.0
2024-12-17,20109.060546875,54.86277047886552,0.053989117383809314,0.0,0.0
2024-12-18,19392.689453125,8.050417531945937,2.2583127606059965,0.0,0.0
2024-12-19,19372.76953125,5.0642656813624365,4.320559473191997,0.0,0.0
2024-12-20,19572.599609375,10.961875020081699,3.7314610901280356,0.0,0.0
2024-12-23,19764.880859375,14.239677927050584,0.3053270408609505,0.0,0.0
2024-12-24,20031.130859375,31.89885681133765,0.30394675526602716,0.0,0.0
2024-12-26,20020.359375,30.113685427889664,0.09843015721076939,0.0,0.0
2024-12-27,19722.029296875,7.537474609369463,0.3819773481747093,0.0,0.0
2024-12-30,19486.7890625,2.9504014131396463,1.620035489685029,0.0,0.0
2024-12-31,19310.7890625,1.41906275426844,3.883596536242756,0.0,0.0
2025-01-02,19280.7890625,1.32363886325795,4.348593617175194,0.0,0.0
2025-01-03,19621.6796875,2.7174344253166387,0.9036476553744507,0.0,0.0
2025-01-06,19864.98046875,8.94219151342209,0.4542225286404449,0.0,0.0
2025-01-07,19489.6796875,1.6479247924054834,2.1990885712053467,0.0,0.0
2025-01-08,19478.880859375,1.032072831907009,1.778091646038609,0.0,0.0
2025-01-10,19161.630859375,0.3872071374014798,3.9697254127757993,0.0,0.0
2025-01-13,19088.099609375,0.3804868035753792,5.706176679588644,0.0,0.0
2025-01-14,19044.390625,0.27790387665642236,4.729532455713675,0.0,0.0
2025-01-15,19511.23046875,1.18657797181803,0.3236698264889922,0.0,0.0
2025-01-16,19338.2890625,0.46182072370485183,2.287282044837471,0.0,0.0
2025-01-17,19630.19921875,1.0989811125156532,0.3201389298923128,0.0,0.0
2025-01-21,19756.779296875,2.8992079682271914,0.06863633860929977,0.0,0.0
2025-01-22,20009.33984375,10.260100830975395,0.050156254022513044,0.0,0.0
2025-01-23,20053.6796875,11.003761455063923,0.027561724277786442,0.0,0.0
2025-01-24,19954.30078125,9.279771428555078,0.02367518699977205,0.0,0.0
2025-01-27,19341.830078125,0.5609019498119975,0.9489420001668664,0.0,0.0
2025-01-28,19733.58984375,1.813374927419087,0.20594078773766253,0.0,0.0
2025-01-29,19632.3203125,2.019652988372174,0.14510201656937274,0.0,0.0
2025-01-30,19681.75,1.8550168040384558,0.1414526858096178,0.0,0.0
2025-01-31,19627.439453125,1.8807551884015907,0.15301184998636924,0.0,0.0
2025-02-03,19391.9609375,0.6640828841690201,0.6175607787582132,0.0,0.0
2025-02-04,19654.01953125,1.398335659450707,0.14428830261092745,0.0,0.0
2025-02-05,19692.330078125,1.566419912605155,0.10869658311401317,0.0,0.0
2025-02-06,19791.990234375,3.7712812856397764,0.08063785066576094,0.0,0.0
2025-02-07,19523.400390625,1.6122426594718888,0.3932569352439815,0.0,0.0
2025-02-10,19714.26953125,2.4766755787908554,0.05636291179709266,0.0,0.0
2025-02-11,19643.859375,1.874097508144796,0.19606397290341218,0.0,0.0
2025-02-12,19649.94921875,1.41314966907762,0.25069388937184794,0.0,0.0
2025-02-13,19945.640625,5.464280429838909,0.05890624258757211,0.0,0.0
2025-02-14,20026.76953125,8.580150884116899,0.029545726273546596,0.0,0.0
2025-02-18,20041.259765625,7.761033125166219,0.07756737929054454,0.0,0.0
2025-02-19,20056.25,8.930652920235577,0.07381655478164419,0.0,0.0
2025-02-20,19962.359375,6.502710154390695,0.08026566858156149,0.0,0.0
2025-02-21,19524.009765625,2.75932639218286,0.7185079145949022,0.0,0.0
2025-02-24,19286.9296875,2.2549505362194444,2.7298203096335985,0.0,0.0
2025-02-25,19026.390625,1.0029986465034557,5.843582201853987,0.0,0.0
2025-02-26,19075.259765625,1.762487592332508,6.585259029004656,0.0,0.0
2025-02-27,18544.419921875,0.6848683985275847,22.54801352394233,0.0,0.0
2025-02-28,18847.279296875,0.16819063113532592,7.141778258040259,0.0,0.0
2025-03-03,18350.189453125,0.11497633411165216,24.56683077854848,0.0,0.0
2025-03-04,18285.16015625,0.10374336172502915,21.339947176644248,0.0,0.0
2025-03-05,18552.73046875,0.07870366771678287,10.067671138474752,0.0,0.0
2025-03-06,18069.259765625,0.036999535079717184,20.44751759199261,0.0,0.0
2025-03-07,18196.220703125,0.013707576061634285,13.253958111050226,0.0,0.0
2025-03-10,17468.3203125,0.13757424201665835,23.712973513578394,0.0,0.0
2025-03-11,17436.099609375,0.023503624960029324,23.590110074252138,0.0,0.0
2025-03-12,17648.44921875,0.020428222291186692,16.977905866889266,0.0,0.0
2025-03-13,17303.009765625,0.04313372081732057,21.17163981423157,0.0,0.0
2025-03-14,17754.08984375,0.005132202799046442,7.975697355370876,0.0,0.0
2025-03-17,17808.66015625,0.044401342125815216,7.567299925954216,0.0,0.0
2025-03-18,17504.119140625,0.06578185985028563,12.286588965225109,0.0,0.0
2025-03-19,17750.7890625,0.031071557257428745,7.933489410513243,0.0,0.0
2025-03-20,17691.630859375,0.0784159948197254,7.859213130292255,0.0,0.0
2025-03-21,17784.05078125,0.07592396740024679,5.785673702926334,0.0,0.0
2025-03-24,18188.58984375,0.23322147020638062,0.8044854885256667,0.0,0.0
2025-03-25,18271.859375,0.547076144978948,0.6788661278106873,0.0,0.0
2025-03-26,17899.01953125,0.3843653123732508,1.4218791288433537,0.0,0.0
2025-03-27,17804.029296875,0.13320312923358124,0.923506837508437,0.0,0.0
2025-03-28,17322.990234375,0.0995911417652451,10.14285610513425,0.0,0.0
2025-03-31,17299.2890625,0.1325025562211119,5.345404782914206,0.0,0.0
2025-04-01,17449.890625,0.04407964120060628,2.5408826125799577,0.0,0.0
2025-04-02,17601.05078125,0.16499458526341015,1.94285574888988,0.0,0.0
2025-04-03,16550.609375,0.2746234184764517,18.286336505639937,0.0,15.987243465346147
2025-04-04,15587.7900390625,0.40286900611582965,63.30011272754301,0.0,79.04887574403526
2025-04-07,15603.259765625,0.9113743960618089,59.19765557336158,0.0,78.03565740542933
2025-04-08,15267.91015625,0.3988838699509586,64.18959770626334,0.0,100.0
2025-04-09,17124.970703125,1.5313608463110362,6.670822815896708,0.0,0.0
2025-04-10,16387.310546875,0.3983396577717743,8.87761461967955,0.0,0.0
2025-04-11,16724.4609375,0.2749797214649501,3.706700468561971,0.0,0.0
2025-04-14,16831.48046875,0.6511111704495623,2.206670138030243,0.0,0.0
2025-04-15,16823.169921875,0.500383064219429,2.1122157298486512,0.0,0.0
2025-04-16,16307.16015625,0.09216919380774703,6.124076450330508,0.0,0.0
2025-04-17,16286.4501953125,0.23565754942194625,4.103532840741146,0.0,0.0
2025-04-21,15870.900390625,0.26635209220493994,7.73550019523829,0.0,0.0
2025-04-22,16300.419921875,0.1074380667245882,3.5717269929012665,0.0,0.0
2025-04-23,16708.05078125,0.04595914290088321,2.139912713429061,0.0,0.0
2025-04-24,17166.0390625,0.1343379457181509,0.6168022845122753,0.0,0.0
2025-04-25,17382.939453125,0.15264966220488754,0.393234101420276,0.0,0.0
2025-04-28,17366.130859375,0.24759490179259558,0.44673459764982065,0.0,0.0
2025-04-29,17461.3203125,0.28285048871443635,0.601125324521244,0.0,0.0
2025-04-30,17446.33984375,0.20902849839567011,0.4960608407269238,0.0,0.0
2025-05-01,17710.740234375,0.2882557836352098,0.4247030982404192,0.0,0.0
2025-05-02,17977.73046875,0.3357491786450339,0.4588619046587635,0.0,0.0
2025-05-05,17844.240234375,0.4473298366557235,0.5731573571647188,0.0,0.0
2025-05-06,17689.66015625,0.3325282445465438,0.5948530065456861,0.0,0.0
2025-05-07,17738.16015625,0.4036054573171679,0.5527117524377047,0.0,0.0
2025-05-08,17928.140625,0.39342192054384806,0.4527127583214102,0.0,0.0
2025-05-09,17928.919921875,0.6238676245552959,0.48427422167115225,0.0,0.0
2025-05-12,18708.33984375,1.5690528348183528,0.30559227865945976,0.0,0.0
2025-05-13,19010.08984375,1.3198283927799062,0.3136617722208866,0.0,0.0
2025-05-14,19146.810546875,1.3715410891080198,0.22178455050330403,0.0,0.0
2025-05-15,19112.3203125,1.4016657624660163,0.11654118549960357,0.0,0.0
2025-05-16,19211.099609375,2.203407878860986,0.12110776645899075,0.0,0.0
2025-05-19,19215.4609375,2.411538540260888,0.11929299174955259,0.0,0.0
2025-05-20,19142.7109375,3.090656870869927,0.0630108751387097,0.0,0.0
2025-05-21,18872.640625,3.0824287594691167,0.19788261445065944,0.0,0.0
2025-05-22,18925.740234375,4.0354518861318835,0.18771877640890133,0.0,0.0
2025-05-23,18737.2109375,3.9916855625237475,0.7313925548819241,0.0,0.0
2025-05-27,19199.16015625,4.1360533959726276,0.10547419249543608,0.0,0.0
2025-05-28,19100.939453125,3.3944661845262276,0.2232113830991174,0.0,0.0
2025-05-29,19175.869140625,3.537456357247278,0.08977949947752363,0.0,0.0
2025-05-30,19113.76953125,3.0882555402044347,0.1838091705088637,0.0,0.0
2025-06-02,19242.609375,4.235927542025798,0.14986391988588332,0.0,0.0
2025-06-03,19398.9609375,5.108232380625545,0.24208158497919927,0.0,0.0
2025-06-04,19460.490234375,8.559231124680762,0.17298856458650744,0.0,0.0
2025-06-05,19298.44921875,4.896373221280143,0.18261789447344898,0.0,0.0
2025-06-06,19529.94921875,9.37447827102638,0.1622846852357406,0.0,0.0
2025-06-09,19591.240234375,9.111551274085985,0.13857737876674905,0.0,0.0
2025-06-10,19714.990234375,11.319817369837429,0.23877786105894752,0.0,0.0
2025-06-11,19615.880859375,5.879322185350188,0.09047759481884363,0.0,0.0
2025-06-12,19662.490234375,8.552613391620916,0.1556414825700312,0.0,0.0
2025-06-13,19406.830078125,5.884511718229392,1.353580672179197,0.0,0.0
2025-06-16,19701.2109375,7.032579102193582,0.2905617611283678,0.0,0.0
2025-06-17,19521.08984375,8.103599349358221,0.5438160403417306,0.0,0.0
2025-06-18,19546.26953125,6.726256717100473,0.5202572582039854,0.0,0.0
2025-06-20,19447.41015625,5.537658016333735,0.6381533083527229,0.0,0.0
2025-06-23,19630.970703125,5.864549919451979,0.3802351640574123,0.0,0.0
2025-06-24,19912.529296875,8.91098083957673,0.16718260561547912,0.0,0.0
2025-06-25,19973.55078125,9.750011488239084,0.16096965863803867,0.0,0.0
2025-06-26,20167.91015625,12.389559273788104,0.12715985130271282,0.0,0.0
2025-06-27,20273.4609375,12.68524070786951,0.1265878179087004,0.0,0.0
2025-06-30,20369.73046875,14.763043938563582,0.13553166981447284,0.0,0.0
2025-07-01,20202.890625,12.11584317164246,0.11188619703762254,0.0,0.0
2025-07-02,20393.130859375,11.435428163952915,0.10983461677650923,0.0,0.0
2025-07-03,20601.099609375,12.0775455773659,0.20875026724783613,0.0,0.0
2025-07-07,20412.51953125,8.320932424948268,0.15320510013523253,0.0,0.0
2025-07-08,20418.4609375,8.845841689956128,0.059643186590758734,0.0,0.0
2025-07-09,20611.33984375,10.354376381516508,0.08724984281125804,0.0,0.0
2025-07-10,20630.66015625,9.862945515342062,0.0884770004985448,0.0,0.0
2025-07-11,20585.529296875,10.90260575872826,0.0946389120198966,0.0,0.0
2025-07-14,20640.330078125,9.701680685573715,0.11980679861414698,0.0,0.0
2025-07-15,20677.80078125,8.700987608660698,0.12101529231109384,0.0,0.0
2025-07-16,20730.490234375,8.979859032522578,0.29797306655914385,0.0,0.0
2025-07-17,20885.650390625,10.256352118940525,0.11656711654941115,0.0,0.0
2025-07-18,20895.650390625,11.713450212837234,0.14265616220910335,0.0,0.0
2025-07-21,20974.1796875,10.000736650310515,0.1805061765386362,0.0,0.0
2025-07-22,20892.689453125,7.199693026501552,0.09416260305254325,0.0,0.0
2025-07-23,21020.01953125,8.366309592723107,0.08357484536008816,0.0,0.0
2025-07-24,21057.9609375,9.349475551758124,0.08956728451992803,0.0,0.0
2025-07-25,21108.3203125,11.051182333019092,0.15748416597089954,0.0,0.0
2025-07-28,21178.580078125,12.17752301801227,0.1506716112813305,0.0,0.0
2025-07-29,21098.2890625,10.684998516647285,0.3405438244690722,0.0,0.0
2025-07-30,21129.669921875,11.973353509696182,0.18256981823149354,0.0,0.0
2025-07-31,21122.44921875,13.646830666415408,0.28947512778999024,0.0,0.0
2025-08-01,20650.130859375,12.545161492361071,1.4153387519085485,0.0,0.0
2025-08-04,21053.580078125,16.428777474380706,0.36887208186526377,0.0,0.0
2025-08-05,20916.55078125,13.22101336839375,0.3691428593955107,0.0,0.0
2025-08-06,21169.419921875,13.753163116498559,0.3145854269662723,0.0,0.0
2025-08-07,21242.69921875,15.614812116034658,0.20915149368516875,0.0,0.0
2025-08-08,21450.01953125,22.441100478874215,0.05895764335913059,0.0,0.0
2025-08-11,21385.400390625,15.655891450309433,0.07976338023380866,0.0,0.0
2025-08-12,21681.900390625,21.409929095244415,0.05602371954700421,0.0,0.0
2025-08-13,21713.140625,24.529406606537584,0.040036691598346885,0.0,0.0
2025-08-14,21710.669921875,24.538125677200625,0.03434738203455615,0.0,0.0
2025-08-15,21622.98046875,23.934590331684014,0.03852239407073299,0.0,0.0
2025-08-18,21629.76953125,18.62879186652153,0.035697905564502044,0.0,0.0
2025-08-19,21314.94921875,10.944465782892772,0.22494071450403305,0.0,0.0
2025-08-20,21172.859375,7.971490915993007,0.3799637681892143,0.0,0.0
2025-08-21,21100.310546875,7.35475324097017,0.5350013314850355,0.0,0.0
2025-08-22,21496.5390625,13.017296142714445,0.16273854111379568,0.0,0.0
2025-08-25,21449.2890625,11.047739198920148,0.08407778576214928,0.0,0.0
2025-08-26,21544.26953125,12.725476801588197,0.07688687419853128,0.0,0.0
2025-08-27,21590.140625,12.772199663245631,0.07538336155956016,0.0,0.0
2025-08-28,21705.16015625,15.519185678152763,0.11399713900451322,0.0,0.0
2025-08-29,21455.55078125,13.233412029369488,0.2445863403927191,0.0,0.0
2025-09-02,21279.630859375,8.235308314142967,1.1270073404418517,0.0,0.0
2025-09-03,21497.73046875,12.846064571698863,0.2393542009377127,0.0,0.0
2025-09-04,21707.689453125,13.943886255859189,0.1453710421355097,0.0,0.0
2025-09-05,21700.390625,14.441374723548817,0.05097551504472482,0.0,0.0
2025-09-08,21798.69921875,18.24412846096145,0.04894244409335763,0.0,0.0
2025-09-09,21879.490234375,19.347472845586626,0.026605858745692455,0.0,0.0
2025-09-10,21886.060546875,17.26735850932573,0.038362005995627335,0.0,0.0
2025-09-11,22043.0703125,20.670971361272123,0.07590079170477347,0.0,0.0
2025-09-12,22141.099609375,20.546966241219067,0.035935487100388366,0.0,0.0
2025-09-15,22348.75,32.562680930106005,0.05578928002110778,0.0,0.0
2025-09-16,22333.9609375,29.449355482782895,0.08099935646924805,0.0,0.0
2025-09-17,22261.330078125,31.712375464083475,0.042211022869214194,29.16323224342383,0.0
2025-09-18,22470.720703125,39.53388113542211,0.024098717594429515,37.90296474115324,0.0
2025-09-19,22631.48046875,43.98513969099241,0.047379498384257306,44.612899094518774,0.0
2025-09-22,22788.98046875,44.967814214047074,0.04185636239419468,51.18677444539652,0.0
2025-09-23,22573.470703125,41.368004631247175,0.024872735842607824,42.191635803392536,0.0
2025-09-24,22497.859375,36.68574565433596,0.02314158867792836,39.035702811595286,0.0
2025-09-25,22384.69921875,30.127097893740697,0.03654869048843094,34.31252337112958,0.0
2025-09-26,22484.0703125,32.889989009022266,0.04340137714124254,38.46016263330665,0.0
2025-09-29,22591.150390625,39.365164286731535,0.058838428582069155,42.929566354932035,0.0
2025-09-30,22660.009765625,41.4872638537022,0.03499096540603373,45.80368031041997,0.0
2025-10-01,22755.16015625,43.30046160894343,0.07341093568088342,49.77515210442679,0.0
2025-10-02,22844.05078125,49.23156485850651,0.1398289098145255,53.48534822259579,0.0
2025-10-03,22780.509765625,47.20756623396447,0.04032752427258254,50.8332166899804,0.0
2025-10-06,22941.669921875,50.157852498973014,0.06989607174705272,57.559862904046945,0.0
2025-10-07,22788.359375,42.84561984805941,0.03584622807919263,51.16085068099202,0.0
2025-10-08,23043.380859375,56.28113570676528,0.09457868056245075,61.8051646497353,0.0
2025-10-09,23024.630859375,54.517274240046575,0.050613725162342436,61.02256044129747,0.0
2025-10-10,22204.4296875,18.231263943627198,2.9297793398392495,26.788273034630162,0.0
2025-10-13,22694.609375,35.90232722107784,0.6205604561073442,47.247829638802884,0.0
2025-10-14,22521.69921875,29.393384106149796,1.5365396961379603,40.03075145411531,0.0
2025-10-15,22670.080078125,36.844000040091835,0.7643055007418746,46.22400398736845,0.0
2025-10-16,22562.5390625,29.88534407752163,2.168245181454918,41.73536124561894,0.0
2025-10-17,22679.970703125,35.96298480473172,3.57375536894406,46.636827707319405,0.0
2025-10-20,22990.5390625,45.35871880104189,0.3549842801431699,59.59960664355973,0.0
2025-10-21,22953.669921875,44.84515802001156,0.09373008842921811,58.06072959744715,0.0
2025-10-22,22740.400390625,37.25573920747212,0.4260224961934555,49.159095854097146,0.0
2025-10-23,22941.80078125,42.48862192899442,0.09011216138232976,57.56532482925165,0.0
2025-10-24,23204.869140625,51.17770996593653,0.05760510809071937,68.5455064374495,0.0
2025-10-27,23637.4609375,71.06883515688158,0.22797587309817713,86.60140834518585,0.0
2025-10-28,23827.490234375,72.81856085220895,0.29745309225219113,94.5330204764315,0.0
2025-10-29,23958.470703125,72.47488217442644,0.2603541420613777,100.0,0.0
2025-10-30,23581.140625,28.298671186748457,0.12281095279311915,0.0,0.0
2025-10-31,23724.9609375,35.37893070772444,0.34545913802865924,0.0,0.0
2025-11-03,23834.720703125,28.21861128991782,0.35739744107691135,0.0,0.0
2025-11-04,23348.640625,11.158726192363535,0.25375237194380706,0.0,0.0
2025-11-05,23499.80078125,13.911672932034971,0.24582007869543754,0.0,0.0
2025-11-06,23053.990234375,4.63039894823941,0.2529868523849262,0.0,0.0
2025-11-07,23004.5390625,5.378211003482834,0.8191569501785787,0.0,0.0
2025-11-10,23527.169921875,15.265466514175614,0.25997407308072035,0.0,0.0
2025-11-11,23468.30078125,11.525695787267997,0.27015428702292255,0.0,0.0
2025-11-12,23406.4609375,9.75169447254867,0.6985542674833363,0.0,0.0
2025-11-13,22870.359375,2.9432769827258696,2.360821644589609,0.0,0.0
2025-11-14,22900.58984375,2.5245780983810833,4.210922910951185,0.0,0.0
2025-11-17,22708.0703125,1.0836259448577554,7.11723403384446,0.0,0.0
2025-11-18,22432.849609375,0.8540827775899321,10.22550170440015,0.0,0.0
2025-11-19,22564.23046875,1.0242304679968108,8.232894733938972,0.0,0.0
2025-11-20,22078.05078125,0.7825959004549177,13.909787759174021,0.0,0.0
2025-11-21,22273.080078125,0.7730440255605954,14.43873977222611,0.0,0.0
2025-11-24,22872.009765625,1.3107792620910588,3.3137356953710526,0.0,0.0
2025-11-25,23025.58984375,1.3350765410137988,1.2028917974403517,0.0,0.0
2025-11-26,23214.689453125,2.7887889551984455,0.2911865173122204,0.0,0.0
2025-11-28,23365.689453125,3.0147848952721796,0.09191156266812094,0.0,0.0
2025-12-01,23275.919921875,1.1495211425833014,0.17464021223028958,0.0,0.0
2025-12-02,23413.669921875,1.6251629393274425,0.10224689195645242,0.0,0.0
2025-12-03,23454.08984375,2.4582889699522825,0.06941465952837589,0.0,0.0
2025-12-04,23505.140625,3.0238058797898653,0.04051830990466891,0.0,0.0
2025-12-05,23578.130859375,5.0739557646573905,0.026666340584845287,0.0,0.0
2025-12-08,23545.900390625,4.462686951310225,0.0255338982513283,0.0,0.0
2025-12-09,23576.490234375,4.948358169595225,0.10739191212715982,0.0,0.0
2025-12-10,23654.150390625,6.700551214549954,0.07021854892549008,0.0,0.0
2025-12-11,23593.859375,6.195623354191569,0.037543333558274064,0.0,0.0
2025-12-12,23195.169921875,3.6710428634186525,0.12096696885419984,0.0,0.0
2025-12-15,23057.41015625,1.918536799877993,0.19803682976968218,0.0,0.0
2025-12-16,23111.4609375,2.7414650909090543,0.44733819220934745,0.0,0.0
2025-12-17,22693.3203125,2.6018092746840544,4.3636807776506,0.0,0.0
2025-12-18,23006.359375,2.348564712021818,1.278039301999373,0.0,0.0
2025-12-19,23307.619140625,4.968381251819709,0.13572871942789494,0.0,0.0
2025-12-22,23428.830078125,4.796643308369246,0.0795267978057659,0.0,0.0
2025-12-23,23561.83984375,5.956570090966931,0.05280796653085265,0.0,0.0
2025-12-24,23613.310546875,8.649898984265878,0.04713557400590106,0.0,0.0
2025-12-26,23593.099609375,6.993677767102575,0.06467398305275028,0.0,0.0
2025-12-29,23474.349609375,3.1580695295587775,0.03240606842756711,0.0,0.0
2025-12-30,23419.080078125,2.97223575957258,0.07688658450655979,0.0,0.0
2025-12-31,23241.990234375,1.8923211579212649,0.43046351220657364,0.0,0.0
2026-01-02,23235.630859375,2.741605313346423,0.4063543273769886,0.0,0.0
2026-01-05,23395.8203125,3.156834529748331,0.11519392103146836,0.0,0.0
2026-01-06,23547.169921875,4.098766769388422,0.08998347849542156,0.0,0.0
2026-01-07,23584.279296875,4.774478825701139,0.08806435747865117,0.0,0.0
2026-01-08,23480.01953125,3.939146060813512,0.054029982069579395,0.0,0.0
2026-01-09,23671.349609375,6.128293947069151,0.03549516218498546,0.0,0.0
2026-01-12,23733.900390625,6.171199726281247,0.035286620778091624,0.0,0.0
2026-01-13,23709.869140625,6.378478208834856,0.02429385389208618,0.0,0.0
2026-01-14,23471.75,4.6646952002274364,0.1375574561479088,0.0,0.0
2026-01-15,23530.01953125,5.748941038305575,0.03707146702493718,0.0,0.0
2026-01-16,23515.390625,7.181140669136206,0.042655376062934215,0.0,0.0
2026-01-20,22954.3203125,3.8688138042981857,2.917663961575407,0.0,0.0
2026-01-21,23224.8203125,4.060799379205744,1.2307395833152797,0.0,0.0
2026-01-22,23436.01953125,3.48003441198544,0.1193394851128693,0.0,0.0
2026-01-23,23501.240234375,4.182936404110779,0.07399029564854215,0.0,0.0
2026-01-26,23601.359375,5.9346940153269,0.0569414080472072,0.0,0.0
2026-01-27,23817.099609375,7.844211940742994,0.02170689587196406,0.0,0.0
2026-01-28,23857.44921875,8.645973869772018,0.02163166081399572,0.0,0.0
2026-01-29,23685.119140625,6.163520829787309,0.058045913549276934,0.0,0.0
2026-01-30,23461.8203125,3.26876140196205,0.09807329028068472,0.0,0.0
2026-02-02,23592.109375,6.361312984616583,0.19348143404285748,0.0,0.0
2026-02-03,23255.189453125,2.6557476926297516,1.1869949504017305,0.0,0.0
2026-02-04,22904.580078125,1.3249588669391474,3.440859356333491,0.0,0.0
2026-02-05,22540.58984375,0.8472125389100521,13.466048839964559,0.0,0.0
2026-02-06,23031.2109375,0.7256804876714217,2.894550698546558,0.0,0.0
2026-02-09,23238.669921875,1.7961292882994981,0.5268503760580358,0.0,0.0
2026-02-10,23102.470703125,1.028528849268913,1.8053778977317803,0.0,0.0
2026-02-11,23066.470703125,0.8349887433185347,2.1765817183117893,0.0,0.0
2026-02-12,22597.150390625,0.5888154558826386,9.69764381300661,0.0,0.0
2026-02-13,22546.669921875,0.24293736171978914,14.783142616791025,0.0,15.74611321877557
2026-02-17,22578.380859375,0.24707199228038162,13.442357520951717,0.0,14.221155991966071
2026-02-18,22753.630859375,0.29212110303971567,7.195445963621651,0.0,5.793503734811479
2026-02-19,22682.73046875,0.4332694801269871,8.219661509552525,0.0,9.203054873664108
2026-02-20,22886.0703125,0.6377869718875961,2.746343545952206,0.0,0.0
2026-02-23,22627.26953125,0.1881052209733622,11.901703810199223,0.0,11.870133305080866
2026-02-24,22863.6796875,0.44516834066569094,2.0688291025267533,0.0,0.5013310971802354
2026-02-25,23152.080078125,1.6602277980781592,0.6555185020761612,0.0,0.0
2026-02-26,22878.380859375,0.8558238942863868,2.426819632706761,0.0,0.0
2026-02-27,22668.2109375,0.5471039149861793,9.090132594442556,0.0,9.901289169309702
2026-03-02,22748.859375,0.9322835133678057,6.289590206278465,0.0,6.02296114458577
2026-03-03,22516.689453125,0.23891545792527089,15.360005857143051,0.0,17.187853390709883
2026-03-04,22807.48046875,0.6286525934025649,4.23995973200089,0.0,3.203912967358613
2026-03-05,22748.990234375,0.5819181250099811,5.141107286183146,0.0,6.016668207027498
2026-03-06,22387.6796875,0.8293879549197389,17.582108492548436,0.0,23.391844503203586
2026-03-09,22695.94921875,1.3573983164469905,7.101828657841193,0.0,8.567374255836647
2026-03-10,22697.099609375,0.4327997116250708,6.341402259264346,0.0,8.512052759988487
2026-03-11,22716.130859375,0.5013280847643944,6.541306133032512,0.0,7.5968530052439975
2026-03-12,22311.98046875,0.1750021860965671,26.473856172727686,0.0,27.032167994006862
2026-03-13,22105.359375,0.5507172986555036,30.834433614561178,0.0,36.96843462520767
2026-03-16,22374.1796875,0.5560972698425035,20.478223558253077,0.0,24.04105024055928
2026-03-17,22479.529296875,0.8885238520500301,14.16317822152916,0.0,18.97485980837912
2026-03-18,22152.419921875,0.31228240098459975,28.049971871131778,0.0,34.70532521525603
2026-03-19,22090.689453125,0.15638541701789624,29.590374820403124,0.0,37.673901102823216
2026-03-20,21647.609375,0.3553780907614362,50.51888470533558,0.0,58.98131805295386
2026-03-23,21946.759765625,0.7487893530747772,29.557980618101187,0.0,44.59538102140199
2026-03-24,21761.890625,0.25570046786318334,46.332293094726026,0.0,53.48561115131078
2026-03-25,21929.8203125,0.28788626375872645,32.663544785944964,0.0,45.40998769965518
2026-03-26,21408.080078125,0.34512869824617143,55.965105608645935,0.0,70.50011759340033
2026-03-27,20948.359375,0.48293424592181156,64.62768530470996,0.0,92.6077707822854
2026-03-30,20794.640625,0.6710404998560278,64.18881147188245,0.0,100.0
2026-03-31,21590.630859375,0.42210551778623917,12.895710847707337,0.0,0.0
2026-04-01,21840.94921875,0.2887665167290353,4.0650665738415235,0.0,0.0
2026-04-02,21879.1796875,0.25640210950965614,3.448416226046326,0.0,0.0
2026-04-06,21996.33984375,0.5139173379247959,2.659452999990673,0.0,0.0
2026-04-07,22017.849609375,0.48498920248165084,2.6364304911098664,0.0,0.0
2026-04-08,22634.990234375,0.8255029020281399,0.5626811691300665,0.0,0.0
2026-04-09,22822.419921875,1.1931116703012392,0.44989813426551517,0.0,0.0
2026-04-10,22902.890625,1.3663873889787534,0.1541527275580836,0.0,0.0
2026-04-13,23183.740234375,2.5766573288108536,0.2795320103944493,0.0,0.0
2026-04-14,23639.080078125,9.009805457780736,0.08681332937020667,0.0,0.0
2026-04-15,24016.01953125,14.797231255277598,0.13616421835401676,0.0,0.0
2026-04-16,24102.69921875,13.825679377530355,0.06486759878898231,0.0,0.0
2026-04-17,24468.48046875,11.461705261444452,0.11085588061417952,0.0,0.0
2026-04-20,24404.390625,8.237339477664273,0.11631256954789886,0.0,0.0
2026-04-21,24259.9609375,7.505388436158602,0.07812950351972456,0.0,0.0
2026-04-22,24657.5703125,9.129085067005725,0.051010870429499436,0.0,0.0
2026-04-23,24438.5,6.019062925473951,0.0902967831900765,0.0,0.0
2026-04-24,24836.599609375,8.998241281235957,0.0766214795362512,0.0,0.0
2026-04-27,24887.099609375,10.575747567476395,0.06826732235430362,0.0,0.0
2026-04-28,24663.80078125,9.623702977190117,0.06240106043367491,0.0,0.0
2026-04-29,24673.240234375,12.500436706373785,0.1144226284330869,0.0,0.0
2026-04-30,24892.310546875,15.557073823021161,0.15252869384722917,0.0,0.0
2026-05-01,25114.439453125,15.746648382211468,0.08504669879402328,0.0,0.0
2026-05-04,25067.80078125,15.065897433297847,0.0792826140799347,0.0,0.0
2026-05-05,25326.130859375,17.376916291305143,0.10582324248436703,0.0,0.0
2026-05-06,25838.939453125,22.05684158430902,0.07887280989762088,0.0,0.0
2026-05-07,25806.19921875,18.367331122753182,0.10222831176990743,0.0,0.0
2026-05-08,26247.080078125,21.75763936647344,0.07496840840574243,0.0,0.0
2026-05-11,26274.130859375,21.61517744146696,0.1101829860076978,0.0,0.0
2026-05-12,26088.19921875,17.114973944444152,0.11198220870907051,0.0,0.0
2026-05-13,26402.33984375,21.938684108934694,0.11608753714457905,0.0,0.0
2026-05-14,26635.220703125,20.11026908604077,0.10700544467779115,0.0,0.0
2026-05-15,26225.140625,13.882514753854341,0.12078910091925822,0.0,0.0
2026-05-18,26090.73046875,9.340200992285014,0.37062821566997506,0.0,0.0
2026-05-19,25870.7109375,7.415695938231996,0.6940350040355279,0.0,0.0
2026-05-20,26270.359375,10.415163547253961,0.6381685559991428,0.0,0.0
2026-05-21,26293.099609375,8.907779814306851,0.3218417065693256,0.0,0.0
2026-05-22,26343.970703125,9.058354276663081,0.3142812089622399,0.0,0.0
2026-05-26,26656.1796875,11.271965609958949,0.22385139811359633,0.0,0.0
2026-05-27,26674.73046875,10.000032289835369,0.2107452824362124,0.0,0.0
2026-05-28,26917.470703125,11.321360411683937,0.2314363623839616,0.0,0.0
2026-05-29,26972.619140625,11.108694027746356,0.12816398757754985,0.0,0.0
2026-06-01,27086.810546875,13.466753344088865,0.19231044776621364,0.0,0.0
2026-06-02,27093.900390625,11.329400479531227,0.12341455340428378,0.0,0.0
2026-06-03,26853.98046875,11.625438424836426,0.35790044404305227,0.0,0.0
2026-06-04,26830.9609375,11.833313589247089,0.2958751715016773,0.0,0.0
2026-06-05,25709.4296875,9.707283899651232,7.05300846696264,0.0,0.0
