Date,Close,source,pred_top,pred_bot,label_top,label_bot,cal_top_prob,cal_bot_prob
2011-12-12,2612.260009765625,nasdaq,-0.22304881480107294,-0.29740779986566024,0.0,0.0,0.09730644478916937,0.11360278139939158
2011-12-13,2579.27001953125,nasdaq,-0.8219399488692899,0.3124729616232641,0.0,0.0,0.09730644478916937,0.11360278139939158
2011-12-14,2539.31005859375,nasdaq,-0.2993140906115888,-1.1402396029771924,0.0,0.0,0.09730644478916937,0.11360278139939158
2011-12-15,2541.010009765625,nasdaq,0.9215095522872588,0.6331649631468317,0.0,0.0,0.1490866234531526,0.11360278139939158
2011-12-16,2555.330078125,nasdaq,-0.22131639414381107,-0.7201918046509207,0.0,0.0,0.09730644478916937,0.11360278139939158
2011-12-19,2523.139892578125,nasdaq,-0.5008314605077014,-1.4075855353851934,0.0,0.0,0.09730644478916937,0.11360278139939158
2011-12-20,2603.72998046875,nasdaq,0.46143337415879915,-0.2058063555924984,0.0,0.0,0.1490866234531526,0.11360278139939158
2011-12-21,2577.969970703125,nasdaq,0.2696367931069452,0.46928683006726185,0.0,0.0,0.1490866234531526,0.11360278139939158
2011-12-22,2599.449951171875,nasdaq,-0.7421756936529214,0.5734061859663143,0.0,0.0,0.09730644478916937,0.11360278139939158
2011-12-23,2618.639892578125,nasdaq,-0.5337479432109693,-0.11730089265039528,0.0,0.0,0.09730644478916937,0.11360278139939158
2011-12-27,2625.199951171875,nasdaq,-1.0895115975238001,-0.4873923848105393,0.0,0.0,0.09730644478916937,0.11360278139939158
2011-12-28,2589.97998046875,nasdaq,-1.191810341166133,-0.014110813051054449,0.0,0.0,0.09730644478916937,0.11360278139939158
2011-12-29,2613.739990234375,nasdaq,0.6923065904369006,-1.2985307623605622,0.0,0.0,0.1490866234531526,0.11360278139939158
2011-12-30,2605.14990234375,nasdaq,0.923513575301135,-0.04446111653512367,0.0,0.0,0.1490866234531526,0.11360278139939158
2012-01-03,2648.719970703125,nasdaq,-0.4679291169951869,-0.4229047076918137,0.0,0.0,0.09730644478916937,0.11360278139939158
2012-01-04,2648.360107421875,nasdaq,0.15458255734058715,-0.2758028534620894,0.0,0.0,0.1490866234531526,0.11360278139939158
2012-01-05,2669.860107421875,nasdaq,-0.032450239912945,0.12577786884305256,0.0,0.0,0.09730644478916937,0.11360278139939158
2012-01-06,2674.219970703125,nasdaq,-0.24862155718479967,0.36193914447038356,0.0,0.0,0.09730644478916937,0.11360278139939158
2012-01-09,2676.56005859375,nasdaq,0.0158885686843296,0.3891983763650138,0.0,0.0,0.1490866234531526,0.11360278139939158
2012-01-10,2702.5,nasdaq,0.61665146369798,0.18871843543700292,0.0,0.0,0.1490866234531526,0.11360278139939158
2012-01-11,2710.760009765625,nasdaq,-0.28193620432971433,-0.44738588301026605,0.0,0.0,0.09730644478916937,0.11360278139939158
2012-01-12,2724.699951171875,nasdaq,-0.26470061353054775,0.37253207065873184,0.0,0.0,0.09730644478916937,0.11360278139939158
2012-01-13,2710.669921875,nasdaq,-0.4437107948208383,1.7472602147400347,0.0,0.0,0.09730644478916937,0.11360278139939158
2012-01-17,2728.080078125,nasdaq,-0.6430609018609236,0.288342029798747,0.0,0.0,0.09730644478916937,0.11360278139939158
2012-01-18,2769.7099609375,nasdaq,-0.5410386286345499,0.1426696011914432,0.0,0.0,0.09730644478916937,0.11360278139939158
2012-01-19,2788.330078125,nasdaq,0.08440046664588073,0.1834386049273274,0.0,0.0,0.1490866234531526,0.11360278139939158
2012-01-20,2786.699951171875,nasdaq,0.22487905146572185,0.2348662134753302,0.0,0.0,0.1490866234531526,0.11360278139939158
2012-01-23,2784.169921875,nasdaq,-0.06163993866266306,0.6945904734190561,0.0,0.0,0.09730644478916937,0.11360278139939158
2012-01-24,2786.639892578125,nasdaq,-0.20760630577965022,-0.2939054760653913,0.0,0.0,0.09730644478916937,0.11360278139939158
2012-01-25,2818.31005859375,nasdaq,0.12338454182618516,-0.22587029760914315,0.0,0.0,0.1490866234531526,0.11360278139939158
2012-01-26,2805.280029296875,nasdaq,-0.24186361578061066,0.07282174187739608,0.0,0.0,0.09730644478916937,0.11360278139939158
2012-01-27,2816.550048828125,nasdaq,-1.9952750397383339,0.04991882947966268,0.0,0.0,0.09730644478916937,0.11360278139939158
2012-01-30,2811.93994140625,nasdaq,0.8515761085484573,-0.10630642977846307,0.0,0.0,0.1490866234531526,0.11360278139939158
2012-01-31,2813.840087890625,nasdaq,0.4879042321974897,0.03568137416728774,0.0,0.0,0.1490866234531526,0.11360278139939158
2012-02-01,2848.27001953125,nasdaq,1.3492799333167307,0.2143712682845566,0.0,0.0,0.1490866234531526,0.11360278139939158
2012-02-02,2859.679931640625,nasdaq,2.1115759999836046,-0.07938913343201578,0.0,0.0,0.1490866234531526,0.11360278139939158
2012-02-03,2905.659912109375,nasdaq,-1.2239774671836277,0.23135536881042068,0.0,0.0,0.09730644478916937,0.11360278139939158
2012-02-06,2901.989990234375,nasdaq,-1.0145494928174532,-0.1454046596665552,0.0,0.0,0.09730644478916937,0.11360278139939158
2012-02-07,2904.080078125,nasdaq,0.7384765894317802,0.28836006834080613,0.0,0.0,0.1490866234531526,0.11360278139939158
2012-02-08,2915.860107421875,nasdaq,0.31829001392700107,0.023967587609833634,0.0,0.0,0.1490866234531526,0.11360278139939158
2012-02-09,2927.22998046875,nasdaq,0.5553420632649686,0.15903239152662352,0.0,0.0,0.1490866234531526,0.11360278139939158
2012-02-10,2903.8798828125,nasdaq,-0.16880739426208644,-0.28329717872360566,0.004006529739295107,0.0,0.09730644478916937,0.11360278139939158
2012-02-13,2931.389892578125,nasdaq,-0.019388189743232052,-0.3303527297387223,0.014774836023203364,0.0,0.09730644478916937,0.11360278139939158
2012-02-14,2931.830078125,nasdaq,-0.12624682858389444,0.03445827567732467,0.022374579372062057,0.0,0.09730644478916937,0.11360278139939158
2012-02-15,2915.830078125,nasdaq,0.17382457303412155,-0.13242557538283628,0.033546262790251184,0.0,0.1490866234531526,0.11360278139939158
2012-02-16,2959.85009765625,nasdaq,0.10587299925986964,0.07490698096726378,0.049795542150327346,0.0,0.1490866234531526,0.11360278139939158
2012-02-17,2951.780029296875,nasdaq,0.1487575785557757,0.04849417240405385,0.07318024188804728,0.0,0.1490866234531526,0.11360278139939158
2012-02-21,2948.570068359375,nasdaq,0.3141383212540101,0.19455376917649972,0.30887154082367685,0.0,0.1490866234531526,0.11360278139939158
2012-02-22,2933.169921875,nasdaq,0.1984858487312887,-0.022870077424211887,0.4317840007633078,0.0,0.1490866234531526,0.11360278139939158
2012-02-23,2956.97998046875,nasdaq,0.6197549151640966,-0.11355024871449129,0.5976022895005942,0.0,0.1490866234531526,0.11360278139939158
2012-02-24,2963.75,nasdaq,0.889487040583393,-0.26481137860094756,0.8188701014374083,0.0,0.1490866234531526,0.11360278139939158
2012-02-27,2966.159912109375,nasdaq,2.055873588918741,-0.4676835518217229,1.9841094744370287,0.0,0.1490866234531526,0.11360278139939158
2012-02-28,2986.760009765625,nasdaq,2.5938515948212544,-0.041414329540860176,2.6121409853918234,0.0,0.1490866234531526,0.11360278139939158
2012-02-29,2966.889892578125,nasdaq,3.538798151379908,-0.3149140598227279,3.4047454734599345,0.0,0.1490866234531526,0.11360278139939158
2012-03-01,2988.969970703125,nasdaq,4.4831539557770315,0.2044172848644747,4.393693362340742,0.0,0.1490866234531526,0.11360278139939158
2012-03-02,2976.18994140625,nasdaq,5.7682670982168815,-0.3270697092067309,5.613476283413372,0.0,0.1490866234531526,0.11360278139939158
2012-03-05,2950.47998046875,nasdaq,11.06429828647626,-0.12964283003706553,11.025052530448521,0.0,0.1490866234531526,0.11360278139939158
2012-03-06,2910.320068359375,nasdaq,13.289669388730733,0.7803403181929623,13.53352832366127,0.0,0.1490866234531526,0.11360278139939158
2012-03-07,2935.68994140625,nasdaq,16.825517489276315,-0.5423500966189694,16.44744565771549,0.0,0.1490866234531526,0.11360278139939158
2012-03-08,2970.419921875,nasdaq,19.05868728255554,-0.6064983384361551,19.789869908361464,0.0,0.1490866234531526,0.11360278139939158
2012-03-09,2988.340087890625,nasdaq,23.405131695600247,-0.07935719914672698,23.57460765558635,0.0,0.1490866234531526,0.11360278139939158
2012-03-12,2983.659912109375,nasdaq,37.705302443647135,-0.039372552459546996,37.531109885139955,0.0,0.15223880597014924,0.11360278139939158
2012-03-13,3039.8798828125,nasdaq,42.93795816667497,-0.23061082098693028,42.955735821073915,0.0,0.15223880597014924,0.11360278139939158
2012-03-14,3040.72998046875,nasdaq,48.629682168047985,-0.25470458328378526,48.67522559599717,0.0,0.22981366459627328,0.11360278139939158
2012-03-15,3056.3701171875,nasdaq,54.525543081704356,-0.5087354103088919,54.60744266397094,0.0,0.22981366459627328,0.11360278139939158
2012-03-16,3055.260009765625,nasdaq,60.572986185833734,-0.04333799255016312,60.653065971263345,0.0,0.22981366459627328,0.11360278139939158
2012-03-19,3078.320068359375,nasdaq,78.2191701432937,-0.007079436873391272,78.27045382418682,0.0,0.5285714285714286,0.11360278139939158
2012-03-20,3074.14990234375,nasdaq,83.51550252156657,-0.07922173972830453,83.5270211411272,0.0,0.5285714285714286,0.11360278139939158
2012-03-21,3075.320068359375,nasdaq,88.24245049698119,0.2019801761537901,88.24969025845955,0.0,0.5285714285714286,0.11360278139939158
2012-03-22,3063.320068359375,nasdaq,92.23098704657569,-0.03920763875210641,92.31163463866358,0.0,0.5285714285714286,0.11360278139939158
2012-03-23,3067.919921875,nasdaq,95.53630196793183,-0.20447705306773326,95.59974818331,0.0,0.5285714285714286,0.11360278139939158
2012-03-26,3122.570068359375,nasdaq,100.00249978100615,-0.48889419060829487,100.0,0.0,0.5285714285714286,0.11360278139939158
2012-03-27,3120.35009765625,nasdaq,2.5970011152692973,0.6622863827720582,0.0,0.0,0.1490866234531526,0.11360278139939158
2012-03-28,3104.9599609375,nasdaq,3.827813198890895,0.09370050266260257,0.0,0.0,0.1490866234531526,0.11360278139939158
2012-03-29,3095.360107421875,nasdaq,-3.522314754855911,-0.5448971686246823,0.0,0.0,0.09730644478916937,0.11360278139939158
2012-03-30,3091.570068359375,nasdaq,-1.5756938877923938,0.25667866802041406,0.0,0.0,0.09730644478916937,0.11360278139939158
2012-04-02,3119.699951171875,nasdaq,-1.0078909169755375,-0.43407544208719906,0.0,0.0,0.09730644478916937,0.11360278139939158
2012-04-03,3113.570068359375,nasdaq,1.4373396661311815,0.2665405653457191,0.0,0.0,0.1490866234531526,0.11360278139939158
2012-04-04,3068.090087890625,nasdaq,-0.27126023349680634,0.5221086670236365,0.0,0.0,0.09730644478916937,0.11360278139939158
2012-04-05,3080.5,nasdaq,-1.2156959822982167,-0.17550684890565665,0.0,0.0,0.09730644478916937,0.11360278139939158
2012-04-09,3047.080078125,nasdaq,-1.0606507835341745,-0.5985593230044496,0.0,0.0,0.09730644478916937,0.11360278139939158
2012-04-10,2991.219970703125,nasdaq,0.7190765884637258,-0.8177963728197041,0.0,0.0,0.1490866234531526,0.11360278139939158
2012-04-11,3016.4599609375,nasdaq,0.6138610352711745,-0.0011304220759605188,0.0,0.0,0.1490866234531526,0.11360278139939158
2012-04-12,3055.550048828125,nasdaq,-0.0419711601506732,-0.24317866527357193,0.0,0.0,0.09730644478916937,0.11360278139939158
2012-04-13,3011.330078125,nasdaq,-0.6493615317718471,-0.8360556168237188,0.0,0.0,0.09730644478916937,0.11360278139939158
2012-04-16,2988.39990234375,nasdaq,-0.2315085791859009,-0.1467971240892541,0.0,0.0,0.09730644478916937,0.11360278139939158
2012-04-17,3042.820068359375,nasdaq,-0.28617887080101206,0.04129197037336026,0.0,0.004006529739295107,0.09730644478916937,0.11360278139939158
2012-04-18,3031.449951171875,nasdaq,0.45697181887854743,0.3142153935212666,0.0,0.006252150377482026,0.1490866234531526,0.11360278139939158
2012-04-19,3007.56005859375,nasdaq,0.5884000073396872,-0.042531905320275384,0.0,0.0096593413722184,0.1490866234531526,0.11360278139939158
2012-04-20,3000.449951171875,nasdaq,0.28661940237377226,-0.11303432100279674,0.0,0.014774836023203364,0.1490866234531526,0.11360278139939158
2012-04-23,2970.449951171875,nasdaq,-0.43181788629242207,0.1981599385214296,0.0,0.049795542150327346,0.09730644478916937,0.11360278139939158
2012-04-24,2961.60009765625,nasdaq,0.1850655480437303,0.12176822814805129,0.0,0.07318024188804728,0.1490866234531526,0.11360278139939158
2012-04-25,3029.6298828125,nasdaq,-0.40250415510339593,0.39924345015976676,0.0,0.10647662366679204,0.09730644478916937,0.11360278139939158
2012-04-26,3050.610107421875,nasdaq,0.5829093928511949,-0.0336197108311989,0.0,0.1533810679324463,0.1490866234531526,0.11360278139939158
2012-04-27,3069.199951171875,nasdaq,-0.08536879242047424,0.31318493526609115,0.0,0.21874911181828852,0.09730644478916937,0.11360278139939158
2012-04-30,3046.360107421875,nasdaq,-0.41226807458813336,0.7682731936542991,0.0,0.5976022895005942,0.09730644478916937,0.11360278139939158
2012-05-01,3050.43994140625,nasdaq,0.3655284889450458,0.7967649030574137,0.0,0.8188701014374083,0.1490866234531526,0.11360278139939158
2012-05-02,3059.85009765625,nasdaq,-0.13860533673811784,0.9812648263583935,0.0,1.1108996538242306,0.09730644478916937,0.11360278139939158
2012-05-03,3024.300048828125,nasdaq,-0.09279666511773381,1.5446944137559315,0.0,1.4920786069067842,0.09730644478916937,0.11360278139939158
2012-05-04,2956.340087890625,nasdaq,-1.056658728911686,2.217089616858313,0.0,1.9841094744370287,0.09730644478916937,0.11360278139939158
2012-05-07,2957.760009765625,nasdaq,0.0609169549704242,4.836278261675064,0.0,4.393693362340742,0.1490866234531526,0.11360278139939158
2012-05-08,2946.27001953125,nasdaq,-0.22422674346563587,5.292268919918239,0.0,5.613476283413372,0.09730644478916937,0.11360278139939158
2012-05-09,2934.7099609375,nasdaq,0.42479845858162796,6.982843982014064,0.0,7.100535373963698,0.1490866234531526,0.11360278139939158
2012-05-10,2933.639892578125,nasdaq,0.310106919484229,9.014407730110639,0.0,8.892161745938635,0.1490866234531526,0.11360278139939158
2012-05-11,2933.820068359375,nasdaq,-0.10075594534770378,10.857666550627792,0.0,11.025052530448521,0.09730644478916937,0.11360278139939158
2012-05-14,2902.580078125,nasdaq,0.4582485547825964,19.443899259422057,0.0,19.789869908361464,0.1490866234531526,0.13095238095238096
2012-05-15,2893.760009765625,nasdaq,-0.7553347216205117,23.592266118254344,0.0,23.57460765558635,0.09730644478916937,0.17613636363636365
2012-05-16,2874.0400390625,nasdaq,0.42003607380858216,28.112581911624666,0.0,27.803730045319412,0.1490866234531526,0.17613636363636365
2012-05-17,2813.68994140625,nasdaq,-0.2877534476472946,32.38023087746192,0.0,32.465246735834974,0.09730644478916937,0.17613636363636365
2012-05-18,2778.7900390625,nasdaq,-0.2447584993999813,37.637113323878765,0.0,37.531109885139955,0.09730644478916937,0.17613636363636365
2012-05-21,2847.2099609375,nasdaq,-0.2487187886765911,54.42170270107388,0.0,54.60744266397094,0.09730644478916937,0.4303030303030303
2012-05-22,2839.080078125,nasdaq,0.16400001363806965,60.44619577912226,0.0,60.653065971263345,0.1490866234531526,0.4303030303030303
2012-05-23,2850.1201171875,nasdaq,-0.23817401792061269,66.76086671614605,0.0,66.69768108584744,0.09730644478916937,0.4303030303030303
2012-05-24,2839.3798828125,nasdaq,-0.4474363650646303,72.52604694236705,0.0,72.6149037073691,0.09730644478916937,0.4303030303030303
2012-05-25,2837.530029296875,nasdaq,-0.5019093256200764,78.30900510892097,0.0,78.27045382418682,0.09730644478916937,0.4303030303030303
2012-05-29,2870.989990234375,nasdaq,-0.12618933775957883,95.16073683192612,0.0,95.59974818331,0.09730644478916937,1.0
2012-05-30,2837.360107421875,nasdaq,1.6661199647695226,98.02818458208405,0.0,98.01986733067552,0.1490866234531526,1.0
2012-05-31,2827.340087890625,nasdaq,-0.503228527750668,99.30170216569837,0.0,99.50124791926824,0.09730644478916937,1.0
2012-06-01,2747.47998046875,nasdaq,-0.15337699968771318,99.8235768246491,0.0,100.0,0.09730644478916937,1.0
2012-06-04,2760.010009765625,nasdaq,-0.2532874422665071,2.384436537374565,0.0,0.0,0.09730644478916937,0.11360278139939158
2012-06-05,2778.110107421875,nasdaq,-0.294741459407152,5.478000939212775,0.0,0.0,0.09730644478916937,0.11360278139939158
2012-06-06,2844.719970703125,nasdaq,0.025436301743627026,2.597579885349859,0.0,0.0,0.1490866234531526,0.11360278139939158
2012-06-07,2831.02001953125,nasdaq,0.12824716644455963,3.26101659543375,0.0,0.0,0.1490866234531526,0.11360278139939158
2012-06-08,2858.419921875,nasdaq,-0.09452702826998857,1.3888525251937758,0.0,0.0,0.09730644478916937,0.11360278139939158
2012-06-11,2809.72998046875,nasdaq,1.0328034055740638,-0.11012232070807795,0.0,0.0,0.1490866234531526,0.11360278139939158
2012-06-12,2843.070068359375,nasdaq,-0.07018503551168312,1.4102885718384797,0.0,0.0,0.09730644478916937,0.11360278139939158
2012-06-13,2818.610107421875,nasdaq,0.04151527533072556,1.920537693577029,0.0,0.0,0.1490866234531526,0.11360278139939158
2012-06-14,2836.330078125,nasdaq,0.11384989854396509,2.399514306190641,0.0,0.0,0.1490866234531526,0.11360278139939158
2012-06-15,2872.800048828125,nasdaq,0.34299876992721734,-0.8136033794639373,0.0,0.0,0.1490866234531526,0.11360278139939158
2012-06-18,2895.330078125,nasdaq,0.45013305301819373,-1.038361868309715,0.0,0.0,0.1490866234531526,0.11360278139939158
2012-06-19,2929.760009765625,nasdaq,-0.21556191064559216,0.2953553593183577,0.0,0.0,0.09730644478916937,0.11360278139939158
2012-06-20,2930.449951171875,nasdaq,-0.32124050781593205,-2.4665435520762227,0.0,0.0,0.09730644478916937,0.11360278139939158
2012-06-21,2859.090087890625,nasdaq,-0.47555158041814677,1.6863016192198,0.0,0.0,0.09730644478916937,0.11360278139939158
2012-06-22,2892.419921875,nasdaq,-0.13754116070536518,0.7405595471225216,0.0,0.0,0.09730644478916937,0.11360278139939158
2012-06-25,2836.159912109375,nasdaq,-0.008949501672590038,-0.853970815678321,0.0,0.0,0.09730644478916937,0.11360278139939158
2012-06-26,2854.06005859375,nasdaq,0.663104709306613,0.01653524773618703,0.0,0.0,0.1490866234531526,0.11360278139939158
2012-06-27,2875.320068359375,nasdaq,-1.4177289362190721,-0.5912598910884704,0.0,0.0,0.09730644478916937,0.11360278139939158
2012-06-28,2849.489990234375,nasdaq,-0.5974238102921429,1.9737851673159157,0.0,0.0,0.09730644478916937,0.11360278139939158
2012-06-29,2935.050048828125,nasdaq,0.5202739026162944,-0.19820737046062994,0.0,0.0,0.1490866234531526,0.11360278139939158
2012-07-02,2951.22998046875,nasdaq,-0.008323944859478067,-0.2086268472631743,0.0,0.0,0.09730644478916937,0.11360278139939158
2012-07-03,2976.080078125,nasdaq,0.7232352767526891,-0.4179171007863795,0.0,0.0,0.1490866234531526,0.11360278139939158
2012-07-05,2976.1201171875,nasdaq,-0.30148512035319985,1.3435659121128212,0.0,0.0,0.09730644478916937,0.11360278139939158
2012-07-06,2937.330078125,nasdaq,-1.0110555692011005,0.46244439849540786,0.0,0.0,0.09730644478916937,0.11360278139939158
2012-07-09,2931.77001953125,nasdaq,-0.5812981543307384,0.2993366421770235,0.0,0.0,0.09730644478916937,0.11360278139939158
2012-07-10,2902.330078125,nasdaq,0.5510503953821702,0.5368209352665543,0.0,0.0,0.1490866234531526,0.11360278139939158
2012-07-11,2887.97998046875,nasdaq,-0.012761573842524044,-0.07804194848082423,0.0,0.0,0.09730644478916937,0.11360278139939158
2012-07-12,2866.18994140625,nasdaq,-0.7217947321278478,0.24356495693923247,0.0,0.0,0.09730644478916937,0.11360278139939158
2012-07-13,2908.469970703125,nasdaq,-0.21757628610974358,0.8109545448535809,0.0,0.0,0.09730644478916937,0.11360278139939158
2012-07-16,2896.93994140625,nasdaq,0.6334789259973478,0.4295224272288207,0.0,0.0,0.1490866234531526,0.11360278139939158
2012-07-17,2910.0400390625,nasdaq,-0.5784106063797769,0.520797927464348,0.0,0.0,0.09730644478916937,0.11360278139939158
2012-07-18,2942.60009765625,nasdaq,-0.3389795954889188,-0.3359218028725696,0.0,0.0,0.09730644478916937,0.11360278139939158
2012-07-19,2965.89990234375,nasdaq,-0.1771217056240405,0.9504404322893084,0.0,0.0,0.09730644478916937,0.11360278139939158
2012-07-20,2925.300048828125,nasdaq,-1.2518619902324897,-0.4087439153209277,0.0,0.0,0.09730644478916937,0.11360278139939158
2012-07-23,2890.14990234375,nasdaq,0.3699531796184938,-0.18350673768845943,0.0,0.0,0.1490866234531526,0.11360278139939158
2012-07-24,2862.989990234375,nasdaq,-0.1497685205623154,-0.16460998400435456,0.0,0.0,0.09730644478916937,0.11360278139939158
2012-07-25,2854.239990234375,nasdaq,0.11034777861457701,1.3829351289208476,0.0,0.0,0.1490866234531526,0.11360278139939158
2012-07-26,2893.25,nasdaq,0.4557611295075789,-0.507646772359179,0.0,0.0,0.1490866234531526,0.11360278139939158
2012-07-27,2958.090087890625,nasdaq,2.0485207086211097,-0.1278482158250371,0.0,0.0,0.1490866234531526,0.11360278139939158
2012-07-30,2945.840087890625,nasdaq,-0.08853464579418142,-0.28100280238161146,0.0,0.0,0.09730644478916937,0.11360278139939158
2012-07-31,2939.52001953125,nasdaq,-0.02160529511680997,-0.8189522678393615,0.004006529739295107,0.0,0.09730644478916937,0.11360278139939158
2012-08-01,2920.2099609375,nasdaq,-0.12706477185031007,-0.37168542001222876,0.006252150377482026,0.0,0.09730644478916937,0.11360278139939158
2012-08-02,2909.77001953125,nasdaq,0.03496995391829006,0.6799765198987952,0.0096593413722184,0.0,0.1490866234531526,0.11360278139939158
2012-08-03,2967.89990234375,nasdaq,-0.07349854034922228,0.2565428930417342,0.014774836023203364,0.0,0.09730644478916937,0.11360278139939158
2012-08-06,2989.909912109375,nasdaq,0.10736886365084106,-0.7010352254625138,0.049795542150327346,0.0,0.1490866234531526,0.11360278139939158
2012-08-07,3015.860107421875,nasdaq,-0.04214368308020691,-0.07218178245178301,0.07318024188804728,0.0,0.09730644478916937,0.11360278139939158
2012-08-08,3011.25,nasdaq,0.13391335129146215,0.44628093254988205,0.10647662366679204,0.0,0.1490866234531526,0.11360278139939158
2012-08-09,3018.639892578125,nasdaq,0.026395971350577654,0.1429675187996318,0.1533810679324463,0.0,0.1490866234531526,0.11360278139939158
2012-08-10,3020.860107421875,nasdaq,-0.13017195934715198,0.014697792119730912,0.21874911181828852,0.0,0.09730644478916937,0.11360278139939158
2012-08-13,3022.52001953125,nasdaq,1.3567722117054093,0.08235659981998515,0.5976022895005942,0.0,0.1490866234531526,0.11360278139939158
2012-08-14,3016.97998046875,nasdaq,0.4548159981073789,-0.018742868905605024,0.8188701014374083,0.0,0.1490866234531526,0.11360278139939158
2012-08-15,3030.929931640625,nasdaq,1.048490388090121,0.21702334238757987,1.1108996538242306,0.0,0.1490866234531526,0.11360278139939158
2012-08-16,3062.389892578125,nasdaq,1.4479645428655394,-0.37528128127481203,1.4920786069067842,0.0,0.1490866234531526,0.11360278139939158
2012-08-17,3076.590087890625,nasdaq,2.210414494423615,0.054921747833673276,1.9841094744370287,0.0,0.1490866234531526,0.11360278139939158
2012-08-20,3076.2099609375,nasdaq,4.5230225117194935,0.11543316561327498,4.393693362340742,0.0,0.1490866234531526,0.11360278139939158
2012-08-21,3067.260009765625,nasdaq,5.48757057947584,0.19007268167630967,5.613476283413372,0.0,0.1490866234531526,0.11360278139939158
2012-08-22,3073.669921875,nasdaq,6.681403576620976,-0.6356955884419426,7.100535373963698,0.0,0.1490866234531526,0.11360278139939158
2012-08-23,3053.39990234375,nasdaq,8.873142874830197,-0.22308984566368353,8.892161745938635,0.0,0.1490866234531526,0.11360278139939158
2012-08-24,3069.7900390625,nasdaq,10.913503518078643,0.4070576242441825,11.025052530448521,0.0,0.1490866234531526,0.11360278139939158
2012-08-27,3073.18994140625,nasdaq,19.911507324215965,-0.5187331539180078,19.789869908361464,0.0,0.1490866234531526,0.11360278139939158
2012-08-28,3077.139892578125,nasdaq,23.475819765133412,0.1325095088159682,23.57460765558635,0.0,0.1490866234531526,0.11360278139939158
2012-08-29,3081.18994140625,nasdaq,28.367419721031727,0.28931180570131687,27.803730045319412,0.0,0.1490866234531526,0.11360278139939158
2012-08-30,3048.7099609375,nasdaq,32.438271771234795,-0.14712466760803708,32.465246735834974,0.0,0.1490866234531526,0.11360278139939158
2012-08-31,3066.9599609375,nasdaq,37.49253456237632,-0.5887642922940385,37.531109885139955,0.0,0.15223880597014924,0.11360278139939158
2012-09-04,3075.06005859375,nasdaq,60.69040941747061,-0.6556493767159898,60.653065971263345,0.0,0.22981366459627328,0.11360278139939158
2012-09-05,3069.27001953125,nasdaq,66.74275992573594,0.41463404379094876,66.69768108584744,0.0,0.2352941176470588,0.11360278139939158
2012-09-06,3135.81005859375,nasdaq,72.54561051263869,0.05293890843756091,72.6149037073691,0.0,0.2352941176470588,0.11360278139939158
2012-09-07,3136.419921875,nasdaq,78.29858047850155,-0.09023897161485442,78.27045382418682,0.0,0.5285714285714286,0.11360278139939158
2012-09-10,3104.02001953125,nasdaq,92.15777241382683,-0.10965988998622771,92.31163463866358,0.0,0.5285714285714286,0.11360278139939158
2012-09-11,3104.530029296875,nasdaq,95.52846905985605,0.38258814558362986,95.59974818331,0.0,0.5285714285714286,0.11360278139939158
2012-09-12,3114.31005859375,nasdaq,98.0360543429323,0.26576033973203034,98.01986733067552,0.0,0.5285714285714286,0.11360278139939158
2012-09-13,3155.830078125,nasdaq,99.3852261404656,0.45640303069759236,99.50124791926824,0.0,0.5285714285714286,0.11360278139939158
2012-09-14,3183.949951171875,nasdaq,99.83935165630726,0.04034397390976496,100.0,0.0,0.5285714285714286,0.11360278139939158
2012-09-17,3178.669921875,nasdaq,2.1819839525376703,-0.09013170613092777,0.0,0.0,0.1490866234531526,0.11360278139939158
2012-09-18,3177.800048828125,nasdaq,1.7397572062000783,0.3766393268444555,0.0,0.0,0.1490866234531526,0.11360278139939158
2012-09-19,3182.6201171875,nasdaq,-0.48939511495217153,-0.2176537375914477,0.0,0.0,0.09730644478916937,0.11360278139939158
2012-09-20,3175.9599609375,nasdaq,-0.12311954503016997,0.1318507542477352,0.0,0.0,0.09730644478916937,0.11360278139939158
2012-09-21,3179.9599609375,nasdaq,4.783392627132139,0.18531872764829763,0.0,0.0,0.1490866234531526,0.11360278139939158
2012-09-24,3160.780029296875,nasdaq,-0.8091751491278834,-0.12560667916868729,0.0,0.0,0.09730644478916937,0.11360278139939158
2012-09-25,3117.72998046875,nasdaq,0.882756998193316,-0.4056943173461474,0.0,0.0,0.1490866234531526,0.11360278139939158
2012-09-26,3093.699951171875,nasdaq,3.4040568623629475,-0.04296719143784097,0.0,0.0,0.1490866234531526,0.11360278139939158
2012-09-27,3136.60009765625,nasdaq,0.7237471202092914,-0.3739669629700653,0.0,0.0,0.1490866234531526,0.11360278139939158
2012-09-28,3116.22998046875,nasdaq,-0.6180310765053819,-1.5124118382612404,0.0,0.0,0.09730644478916937,0.11360278139939158
2012-10-01,3113.530029296875,nasdaq,-1.7055379018091732,-0.35262355518820143,0.0,0.004006529739295107,0.09730644478916937,0.11360278139939158
2012-10-02,3120.0400390625,nasdaq,0.17594960112112976,-0.17017831164805705,0.0,0.006252150377482026,0.1490866234531526,0.11360278139939158
2012-10-03,3135.22998046875,nasdaq,-0.09638065055186909,0.2639885947258831,0.0,0.0096593413722184,0.09730644478916937,0.11360278139939158
2012-10-04,3149.4599609375,nasdaq,-0.6314004191243455,0.015470399556242133,0.0,0.014774836023203364,0.09730644478916937,0.11360278139939158
2012-10-05,3136.18994140625,nasdaq,-1.997877186820138,0.06755034231404236,0.0,0.022374579372062057,0.09730644478916937,0.11360278139939158
2012-10-08,3112.35009765625,nasdaq,0.5769999516804221,0.09009060492530122,0.0,0.07318024188804728,0.1490866234531526,0.11360278139939158
2012-10-09,3065.02001953125,nasdaq,0.8566303510553784,0.15489871786100018,0.0,0.10647662366679204,0.1490866234531526,0.11360278139939158
2012-10-10,3051.780029296875,nasdaq,1.449009700102614,0.3400236677310111,0.0,0.1533810679324463,0.1490866234531526,0.11360278139939158
2012-10-11,3049.409912109375,nasdaq,-0.3873207444324634,-0.10476116573983124,0.0,0.21874911181828852,0.09730644478916937,0.11360278139939158
2012-10-12,3044.110107421875,nasdaq,0.4036640513712543,0.5195461208196649,0.0,0.30887154082367685,0.1490866234531526,0.11360278139939158
2012-10-15,3064.179931640625,nasdaq,0.4215869399740007,0.7664301914764398,0.0,0.8188701014374083,0.1490866234531526,0.11360278139939158
2012-10-16,3101.169921875,nasdaq,0.3132180962099906,1.2115824105753168,0.0,1.1108996538242306,0.1490866234531526,0.11360278139939158
2012-10-17,3104.1201171875,nasdaq,-0.2870563591924,1.2718021371599135,0.0,1.4920786069067842,0.09730644478916937,0.11360278139939158
2012-10-18,3072.8701171875,nasdaq,-0.6464370579979494,2.130593921466178,0.0,1.9841094744370287,0.09730644478916937,0.11360278139939158
2012-10-19,3005.6201171875,nasdaq,0.39644089102913427,2.5748354395868773,0.0,2.6121409853918234,0.1490866234531526,0.11360278139939158
2012-10-22,3016.9599609375,nasdaq,-0.20319999429939856,5.027517533839575,0.0,5.613476283413372,0.09730644478916937,0.11360278139939158
2012-10-23,2990.4599609375,nasdaq,0.2471610593186237,7.0832903399619305,0.0,7.100535373963698,0.1490866234531526,0.11360278139939158
2012-10-24,2981.699951171875,nasdaq,-0.610920116983923,9.577443210482755,0.0,8.892161745938635,0.09730644478916937,0.11360278139939158
2012-10-25,2986.1201171875,nasdaq,0.3169817707118828,10.849987233599649,0.0,11.025052530448521,0.1490866234531526,0.11360278139939158
2012-10-26,2987.949951171875,nasdaq,0.6333582900233702,12.980507917869001,0.0,13.53352832366127,0.1490866234531526,0.11360278139939158
2012-10-31,2977.22998046875,nasdaq,-0.17470807752496997,32.31787644250249,0.0,32.465246735834974,0.09730644478916937,0.17613636363636365
2012-11-01,3020.06005859375,nasdaq,0.03882089503701951,37.26750162939859,0.0,37.531109885139955,0.1490866234531526,0.17613636363636365
2012-11-02,2982.1298828125,nasdaq,-0.47308335809002205,42.8326053898718,0.0,42.955735821073915,0.09730644478916937,0.22857142857142856
2012-11-05,2999.659912109375,nasdaq,0.23255393848471514,60.638860741125406,0.0,60.653065971263345,0.1490866234531526,0.4303030303030303
2012-11-06,3011.929931640625,nasdaq,-0.44076502285486063,66.1421589243639,0.0,66.69768108584744,0.09730644478916937,0.4303030303030303
2012-11-07,2937.2900390625,nasdaq,0.39009090416660025,71.99378396627111,0.0,72.6149037073691,0.1490866234531526,0.4303030303030303
2012-11-08,2895.580078125,nasdaq,-0.6628143634324168,78.31474518397896,0.0,78.27045382418682,0.09730644478916937,0.4303030303030303
2012-11-09,2904.8701171875,nasdaq,0.5460591645630198,83.64928403604677,0.0,83.5270211411272,0.1490866234531526,0.4303030303030303
2012-11-12,2904.25,nasdaq,-0.9597754759506183,95.41946619752719,0.0,95.59974818331,0.09730644478916937,1.0
2012-11-13,2883.889892578125,nasdaq,-0.03656579699023916,97.87769237482041,0.0,98.01986733067552,0.09730644478916937,1.0
2012-11-14,2846.81005859375,nasdaq,0.397505963044933,99.47075985251989,0.0,99.50124791926824,0.1490866234531526,1.0
2012-11-15,2836.93994140625,nasdaq,0.41115865754287695,99.63692431527818,0.0,100.0,0.1490866234531526,1.0
2012-11-16,2853.1298828125,nasdaq,0.3830087920150359,4.429650088964413,0.0,0.0,0.1490866234531526,0.11360278139939158
2012-11-19,2916.070068359375,nasdaq,0.21653707296862798,0.07166285547826086,0.0,0.0,0.1490866234531526,0.11360278139939158
2012-11-20,2916.679931640625,nasdaq,0.844125079632047,3.2755223931802044,0.0,0.0,0.1490866234531526,0.11360278139939158
2012-11-21,2926.550048828125,nasdaq,-0.0643860438474234,-0.4013762853371186,0.0,0.0,0.09730644478916937,0.11360278139939158
2012-11-23,2966.85009765625,nasdaq,0.4554745833219234,0.32016795889411975,0.0,0.0,0.1490866234531526,0.11360278139939158
2012-11-26,2976.780029296875,nasdaq,-0.04649084964868701,-0.4948182849569369,0.0,0.0,0.09730644478916937,0.11360278139939158
2012-11-27,2967.7900390625,nasdaq,0.6996419576759327,2.0060326807118756,0.0,0.0,0.1490866234531526,0.11360278139939158
2012-11-28,2991.780029296875,nasdaq,0.028953897008892067,-1.5859127304433576,0.0,0.0,0.1490866234531526,0.11360278139939158
2012-11-29,3012.030029296875,nasdaq,0.08106614742166107,-0.4004901496811019,0.0,0.0,0.1490866234531526,0.11360278139939158
2012-11-30,3010.239990234375,nasdaq,-0.6698640337045623,-0.30681488501048393,0.0,0.0,0.09730644478916937,0.11360278139939158
2012-12-03,3002.199951171875,nasdaq,-0.1439848155598688,0.17396461007180153,0.0,0.0,0.09730644478916937,0.11360278139939158
2012-12-04,2996.68994140625,nasdaq,-0.3883863786095612,0.3034644187518792,0.0,0.0,0.09730644478916937,0.11360278139939158
2012-12-05,2973.699951171875,nasdaq,-0.5439203502609112,-0.02876381438081565,0.0,0.0,0.09730644478916937,0.11360278139939158
2012-12-06,2989.27001953125,nasdaq,-0.23922040541503575,-0.32284858935189564,0.0,0.0,0.09730644478916937,0.11360278139939158
2012-12-07,2978.0400390625,nasdaq,-0.2869125915229771,0.1110968448339202,0.0,0.0,0.09730644478916937,0.11360278139939158
2012-12-10,2986.9599609375,nasdaq,0.4521020563438881,0.5974641698368913,0.0,0.0,0.1490866234531526,0.11360278139939158
2012-12-11,3022.300048828125,nasdaq,-0.2373668139117735,-0.3508911295317207,0.0,0.0,0.09730644478916937,0.11360278139939158
2012-12-12,3013.81005859375,nasdaq,1.8932278417304225,-0.41764536420279147,0.0,0.0,0.1490866234531526,0.11360278139939158
2012-12-13,2992.159912109375,nasdaq,-0.26216914904439975,-0.6684948830353842,0.0,0.0,0.09730644478916937,0.11360278139939158
2012-12-14,2971.330078125,nasdaq,1.007703946292706,-0.30092634495049875,0.0,0.0,0.1490866234531526,0.11360278139939158
2012-12-17,3010.60009765625,nasdaq,-0.23949505000661966,0.0413279035052469,0.0,0.0,0.09730644478916937,0.11360278139939158
2012-12-18,3054.530029296875,nasdaq,-0.8675844654906516,0.19120112942778777,0.0,0.0,0.09730644478916937,0.11360278139939158
2012-12-19,3044.360107421875,nasdaq,-2.0839578950460074,-0.3614506859809177,0.0,0.0,0.09730644478916937,0.11360278139939158
2012-12-20,3050.389892578125,nasdaq,0.2704824905356177,0.12259402318562679,0.0,0.0,0.1490866234531526,0.11360278139939158
2012-12-21,3021.010009765625,nasdaq,-1.1950108141238178,-0.12604785513168415,0.0,0.0,0.09730644478916937,0.11360278139939158
2012-12-24,3012.60009765625,nasdaq,1.9236992336686591,0.10017707996567737,0.0,0.0,0.1490866234531526,0.11360278139939158
2012-12-26,2990.159912109375,nasdaq,-0.09715605941177528,0.013636676614759206,0.0,0.0,0.09730644478916937,0.11360278139939158
2012-12-27,2985.909912109375,nasdaq,1.2574576640748985,0.2533845726730596,0.0,0.0,0.1490866234531526,0.11360278139939158
2012-12-28,2960.31005859375,nasdaq,1.087930557169036,-0.10444996256395192,0.0,0.0,0.1490866234531526,0.11360278139939158
2012-12-31,3019.510009765625,nasdaq,-0.13451172880933548,0.0714528818592785,0.0,0.0,0.09730644478916937,0.11360278139939158
2013-01-02,3112.260009765625,nasdaq,-0.13221241261966754,-0.02967605214783517,0.0,0.0,0.09730644478916937,0.11360278139939158
2013-01-03,3100.570068359375,nasdaq,1.9782936864612826,-0.3294670918600557,0.0,0.0,0.1490866234531526,0.11360278139939158
2013-01-04,3101.659912109375,nasdaq,0.493182818976277,1.3810801157812895,0.0,0.0,0.1490866234531526,0.11360278139939158
2013-01-07,3098.81005859375,nasdaq,0.1384174095799672,-0.016557534479332083,0.0,0.0,0.1490866234531526,0.11360278139939158
2013-01-08,3091.81005859375,nasdaq,0.02003000491406486,0.5888428653431119,0.0,0.0,0.1490866234531526,0.11360278139939158
2013-01-09,3105.81005859375,nasdaq,0.2414117071852483,0.5049234978634132,0.0,0.0,0.1490866234531526,0.11360278139939158
2013-01-10,3121.760009765625,nasdaq,0.11934154528440673,-0.18972948865918526,0.0,0.0,0.1490866234531526,0.11360278139939158
2013-01-11,3125.6298828125,nasdaq,-0.8216422379973753,0.1609764555722213,0.0,0.0,0.09730644478916937,0.11360278139939158
2013-01-14,3117.5,nasdaq,-0.710135115892308,-0.10787321121064299,0.0,0.0,0.09730644478916937,0.11360278139939158
2013-01-15,3110.780029296875,nasdaq,-0.09259615594694856,-0.12230804326915487,0.0,0.0,0.09730644478916937,0.11360278139939158
2013-01-16,3117.5400390625,nasdaq,0.252712601180063,-0.05411304364776191,0.0,0.0,0.1490866234531526,0.11360278139939158
2013-01-17,3136.0,nasdaq,2.3827935379705085,-0.2598020233446068,0.0,0.0,0.1490866234531526,0.11360278139939158
2013-01-18,3134.7099609375,nasdaq,0.7112945823202537,0.19130179354805243,0.0,0.0,0.1490866234531526,0.11360278139939158
2013-01-22,3143.179931640625,nasdaq,0.6215301261625589,0.5343380021676457,0.0,0.0,0.1490866234531526,0.11360278139939158
2013-01-23,3153.669921875,nasdaq,-0.45051715523973934,-0.10021721307410295,0.0,0.0,0.09730644478916937,0.11360278139939158
2013-01-24,3130.3798828125,nasdaq,-0.3428746891470714,0.18633963724695762,0.0,0.0,0.09730644478916937,0.11360278139939158
2013-01-25,3149.7099609375,nasdaq,-0.21124535146579534,0.057908677515675674,0.0,0.0,0.09730644478916937,0.11360278139939158
2013-01-28,3154.300048828125,nasdaq,-0.42489972515055185,-0.12649034272585014,0.0,0.0,0.09730644478916937,0.11360278139939158
2013-01-29,3153.659912109375,nasdaq,-0.006669656069158648,-0.023821687332488538,0.0,0.0,0.09730644478916937,0.11360278139939158
2013-01-30,3142.31005859375,nasdaq,-0.9545645924404957,-0.045291868346560626,0.0,0.0,0.09730644478916937,0.11360278139939158
2013-01-31,3142.1298828125,nasdaq,2.27306215733493,0.07950681581803182,0.0,0.0,0.1490866234531526,0.11360278139939158
2013-02-01,3179.10009765625,nasdaq,0.9336825577294017,0.05343798575219465,0.0,0.0,0.1490866234531526,0.11360278139939158
2013-02-04,3131.169921875,nasdaq,-0.8766495708210035,0.17478801125357632,0.0,0.0,0.09730644478916937,0.11360278139939158
2013-02-05,3171.580078125,nasdaq,-0.4947191652747095,0.06127168347324882,0.0,0.0,0.09730644478916937,0.11360278139939158
2013-02-06,3168.47998046875,nasdaq,-0.35089377761751184,-0.06564115626194787,0.0,0.0,0.09730644478916937,0.11360278139939158
2013-02-07,3165.1298828125,nasdaq,0.30365859411178886,0.02407424507505214,0.0,0.0,0.1490866234531526,0.11360278139939158
2013-02-08,3193.8701171875,nasdaq,-0.21054422350737267,-0.11222931376554804,0.0,0.0,0.09730644478916937,0.11360278139939158
2013-02-11,3192.0,nasdaq,0.6125164494336957,0.7620644813087477,0.0,0.0,0.1490866234531526,0.11360278139939158
2013-02-12,3186.489990234375,nasdaq,0.027878872465819174,-0.3471551947969649,0.0,0.0,0.1490866234531526,0.11360278139939158
2013-02-13,3196.8798828125,nasdaq,0.006247994349304218,0.5784466811436266,0.0,0.0,0.1,0.11360278139939158
2013-02-14,3198.659912109375,nasdaq,-0.5184793323267023,-0.10479723011816186,0.0,0.0,0.09730644478916937,0.11360278139939158
2013-02-15,3192.030029296875,nasdaq,0.35704655713253053,0.01799457493158889,0.0,0.0,0.1490866234531526,0.11360278139939158
2013-02-19,3213.590087890625,nasdaq,0.7457390878369767,0.10474531981078947,0.0,0.0,0.1490866234531526,0.11360278139939158
2013-02-20,3164.409912109375,nasdaq,-0.10565380925953985,0.20808153516077987,0.0,0.0,0.09730644478916937,0.11360278139939158
2013-02-21,3131.489990234375,nasdaq,0.38614618620936025,-0.4514434463916283,0.0,0.0,0.1490866234531526,0.11360278139939158
2013-02-22,3161.820068359375,nasdaq,-0.24644078207547818,-0.17266516128489662,0.0,0.0,0.09730644478916937,0.11360278139939158
2013-02-25,3116.25,nasdaq,-0.06507994878052387,-0.484398280594044,0.0,0.0,0.09730644478916937,0.11360278139939158
2013-02-26,3129.64990234375,nasdaq,0.06694876733647914,0.5574908901228655,0.0,0.0,0.1490866234531526,0.11360278139939158
2013-02-27,3162.260009765625,nasdaq,0.1266168386545375,-0.016298903629354353,0.0,0.0,0.1490866234531526,0.11360278139939158
2013-02-28,3160.18994140625,nasdaq,-0.02039262356123404,0.12056440515769892,0.0,0.0,0.09730644478916937,0.11360278139939158
2013-03-01,3169.739990234375,nasdaq,-0.3510706616372461,-0.2570959390767969,0.0,0.0,0.09730644478916937,0.11360278139939158
2013-03-04,3182.030029296875,nasdaq,-0.3079381164587629,-0.5751283425617498,0.0,0.0,0.09730644478916937,0.11360278139939158
2013-03-05,3224.1298828125,nasdaq,-0.559718077747747,0.24561360552828648,0.0,0.0,0.09730644478916937,0.11360278139939158
2013-03-06,3222.3701171875,nasdaq,-1.1123792961403567,0.08629622538173644,0.0,0.0,0.09730644478916937,0.11360278139939158
2013-03-07,3232.090087890625,nasdaq,0.14234439110553143,-0.04917583158197868,0.0,0.0,0.1490866234531526,0.11360278139939158
2013-03-08,3244.3701171875,nasdaq,0.1999219886340723,0.08144975921272161,0.0,0.0,0.1490866234531526,0.11360278139939158
2013-03-11,3252.8701171875,nasdaq,0.023130403540354533,-0.03746897126010032,0.0,0.0,0.1490866234531526,0.11360278139939158
2013-03-12,3242.320068359375,nasdaq,-0.6762313019073848,0.07366700362138905,0.0,0.0,0.09730644478916937,0.11360278139939158
2013-03-13,3245.1201171875,nasdaq,-1.7788549499187665,0.06836652083753351,0.0,0.0,0.09730644478916937,0.11360278139939158
2013-03-14,3258.929931640625,nasdaq,0.3986823632253336,0.08689335974748806,0.0,0.0,0.1490866234531526,0.11360278139939158
2013-03-15,3249.070068359375,nasdaq,0.7918585187872806,0.2045189040619164,0.0,0.0,0.1490866234531526,0.11360278139939158
2013-03-18,3237.590087890625,nasdaq,2.58177198432478,0.16523299118785414,0.0,0.0,0.1490866234531526,0.11360278139939158
2013-03-19,3229.10009765625,nasdaq,2.129310359037282,-0.24952619806544246,0.0,0.0,0.1490866234531526,0.11360278139939158
2013-03-20,3254.18994140625,nasdaq,-1.1588625803782173,-0.3174636883658447,0.0,0.0,0.09730644478916937,0.11360278139939158
2013-03-21,3222.60009765625,nasdaq,0.9734991121988498,-0.34297647786087854,0.0,0.0,0.1490866234531526,0.11360278139939158
2013-03-22,3245.0,nasdaq,-0.47802447297633316,-0.17555700449243875,0.0,0.0,0.09730644478916937,0.11360278139939158
2013-03-25,3235.300048828125,nasdaq,-1.1412255444704638,0.12907440791909613,0.0,0.0,0.09730644478916937,0.11360278139939158
2013-03-26,3252.47998046875,nasdaq,0.1357527008784445,-0.02353651221520916,0.0,0.0,0.1490866234531526,0.11360278139939158
2013-03-27,3256.52001953125,nasdaq,-0.08556223623383677,0.10527929933389416,0.0,0.0,0.09730644478916937,0.11360278139939158
2013-03-28,3267.52001953125,nasdaq,0.3917681512298808,0.11510634679518417,0.0,0.0,0.1490866234531526,0.11360278139939158
2013-04-01,3239.169921875,nasdaq,0.5724073034462427,0.0007531565739959122,0.0,0.0,0.1490866234531526,0.11360278139939158
2013-04-02,3254.860107421875,nasdaq,0.20525097661402703,-0.20916495088611747,0.0,0.0,0.1490866234531526,0.11360278139939158
2013-04-03,3218.60009765625,nasdaq,0.1843440418785191,0.072888264372921,0.0,0.0,0.1490866234531526,0.11360278139939158
2013-04-04,3224.97998046875,nasdaq,-0.20673196067735997,-0.7175017164879804,0.0,0.0,0.09730644478916937,0.11360278139939158
2013-04-05,3203.860107421875,nasdaq,-0.28369986963485755,1.0606676564495814,0.0,0.0,0.09730644478916937,0.11360278139939158
2013-04-08,3222.25,nasdaq,0.04614366044017458,-0.5688061081956427,0.0,0.0,0.1490866234531526,0.11360278139939158
2013-04-09,3237.860107421875,nasdaq,-0.1706044608969616,-0.5769766414813816,0.0,0.0,0.09730644478916937,0.11360278139939158
2013-04-10,3297.25,nasdaq,0.2895939445632742,-0.25061115818902824,0.0,0.0,0.1490866234531526,0.11360278139939158
2013-04-11,3300.159912109375,nasdaq,0.861869866701469,-0.40465618892309174,0.0,0.0,0.1490866234531526,0.11360278139939158
2013-04-12,3294.949951171875,nasdaq,-0.1649739678131174,-0.34206431953887234,0.0,0.0,0.09730644478916937,0.11360278139939158
2013-04-15,3216.489990234375,nasdaq,0.28391806255967644,-0.23879275851256282,0.0,0.0,0.1490866234531526,0.11360278139939158
2013-04-16,3264.6298828125,nasdaq,-0.07688802255093673,0.036198559026515545,0.0,0.0,0.09730644478916937,0.11360278139939158
2013-04-17,3204.669921875,nasdaq,0.45478423200181123,-1.095551632019489,0.0,0.0,0.1490866234531526,0.11360278139939158
2013-04-18,3166.360107421875,nasdaq,0.05085847673807674,-0.5561076773065942,0.0,0.0,0.1490866234531526,0.11360278139939158
2013-04-19,3206.06005859375,nasdaq,0.766558032700677,-0.26529979071269155,0.0,0.0,0.1490866234531526,0.11360278139939158
2013-04-22,3233.550048828125,nasdaq,-0.0997154467216552,0.3995276708996052,0.0,0.0,0.09730644478916937,0.11360278139939158
2013-04-23,3269.330078125,nasdaq,0.44459172986889994,0.1735921107746248,0.0,0.0,0.1490866234531526,0.11360278139939158
2013-04-24,3269.64990234375,nasdaq,0.618212984147421,0.5300473608393986,0.0,0.0,0.1490866234531526,0.11360278139939158
2013-04-25,3289.989990234375,nasdaq,-0.06124443145539987,0.16795601160068757,0.0,0.0,0.09730644478916937,0.11360278139939158
2013-04-26,3279.260009765625,nasdaq,-0.18328539373352476,-0.04680714892904766,0.0,0.0,0.09730644478916937,0.11360278139939158
2013-04-29,3307.02001953125,nasdaq,-0.0910800574680215,0.09785880187713344,0.0,0.0,0.09730644478916937,0.11360278139939158
2013-04-30,3328.7900390625,nasdaq,0.4422244576586869,0.14712856224676465,0.0,0.0,0.1490866234531526,0.11360278139939158
2013-05-01,3299.1298828125,nasdaq,-0.1503361362206449,-0.27453868471574017,0.0,0.0,0.09730644478916937,0.11360278139939158
2013-05-02,3340.6201171875,nasdaq,0.05509643512511581,-0.21604612321665734,0.0,0.0,0.1490866234531526,0.11360278139939158
2013-05-03,3378.6298828125,nasdaq,0.0920053841128271,-0.29749408205165284,0.0,0.0,0.1490866234531526,0.11360278139939158
2013-05-06,3392.969970703125,nasdaq,1.037284239723021,-0.31146362784510917,0.0,0.0,0.1490866234531526,0.11360278139939158
2013-05-07,3396.6298828125,nasdaq,-0.7341596647416273,-0.010350183795129293,0.0,0.0,0.09730644478916937,0.11360278139939158
2013-05-08,3413.27001953125,nasdaq,0.8539591096067218,0.052513618601564754,0.0,0.0,0.1490866234531526,0.11360278139939158
2013-05-09,3409.169921875,nasdaq,0.38569598456101034,0.1600225986446044,0.0,0.0,0.1490866234531526,0.11360278139939158
2013-05-10,3436.580078125,nasdaq,0.5150899209354536,0.07936105885633865,0.0,0.0,0.1490866234531526,0.11360278139939158
2013-05-13,3438.7900390625,nasdaq,1.372716768967799,0.11958607637138177,0.0,0.0,0.1490866234531526,0.11360278139939158
2013-05-14,3462.610107421875,nasdaq,0.7224395312801338,-0.35775812957191677,0.0,0.0,0.1490866234531526,0.11360278139939158
2013-05-15,3471.6201171875,nasdaq,0.712795548176741,-0.22967898268856007,0.0,0.0,0.1490866234531526,0.11360278139939158
2013-05-16,3465.239990234375,nasdaq,0.21207095707283855,0.07035738424175735,0.0,0.0,0.1490866234531526,0.11360278139939158
2013-05-17,3498.969970703125,nasdaq,-0.15931648222232614,0.2935373574278589,0.0,0.0,0.09730644478916937,0.11360278139939158
2013-05-20,3496.429931640625,nasdaq,0.31197509136188517,-0.04182702266771968,0.0,0.0,0.1490866234531526,0.11360278139939158
2013-05-21,3502.1201171875,nasdaq,-1.8755695880002659,-0.20974228272646883,0.0,0.0,0.09730644478916937,0.11360278139939158
2013-05-22,3463.300048828125,nasdaq,1.5032346599496034,0.7019483669260207,0.0,0.0,0.1490866234531526,0.11360278139939158
2013-05-23,3459.419921875,nasdaq,0.9055901103911154,0.011871975484550532,0.0,0.0,0.1490866234531526,0.11360278139939158
2013-05-24,3459.139892578125,nasdaq,-0.3529489450976806,0.26904659834541184,0.0,0.0,0.09730644478916937,0.11360278139939158
2013-05-28,3488.889892578125,nasdaq,0.47479639767437604,0.9726250857868937,0.0,0.0,0.1490866234531526,0.11360278139939158
2013-05-29,3467.52001953125,nasdaq,0.13434925618300236,0.6657468788832721,0.0,0.0,0.1490866234531526,0.11360278139939158
2013-05-30,3491.300048828125,nasdaq,-0.4335671606357526,0.18945604809331568,0.0,0.0,0.09730644478916937,0.11360278139939158
2013-05-31,3455.909912109375,nasdaq,-0.06844362044436277,-0.2816146109739809,0.0,0.0,0.09730644478916937,0.11360278139939158
2013-06-03,3465.3701171875,nasdaq,-0.25363783093588144,-1.2386408610613717,0.0,0.0,0.09730644478916937,0.11360278139939158
2013-06-04,3445.260009765625,nasdaq,-0.6763638887215009,0.5258761328558065,0.0,0.0,0.09730644478916937,0.11360278139939158
2013-06-05,3401.47998046875,nasdaq,-1.057637264185736,0.7977674989258593,0.0,0.0,0.09730644478916937,0.11360278139939158
2013-06-06,3424.050048828125,nasdaq,-0.6202657870143449,-0.012271136196720833,0.0,0.0,0.09730644478916937,0.11360278139939158
2013-06-07,3469.219970703125,nasdaq,0.03528305118528145,0.2979226123743819,0.0,0.0,0.1490866234531526,0.11360278139939158
2013-06-10,3473.77001953125,nasdaq,-0.1288359971147259,0.7071395933120385,0.0,0.0,0.09730644478916937,0.11360278139939158
2013-06-11,3436.949951171875,nasdaq,0.16888643490434058,1.6667866370638413,0.0,0.0,0.1490866234531526,0.11360278139939158
2013-06-12,3400.429931640625,nasdaq,0.5602603407007186,-0.0664850764873631,0.0,0.0,0.1490866234531526,0.11360278139939158
2013-06-13,3445.360107421875,nasdaq,0.22527872824493608,-0.3881704717991705,0.0,0.0,0.1490866234531526,0.11360278139939158
2013-06-14,3423.56005859375,nasdaq,-0.027764941439719693,-0.6999843452377786,0.0,0.0,0.09730644478916937,0.11360278139939158
2013-06-17,3452.1298828125,nasdaq,0.08431103242573838,-0.08608846099264598,0.0,0.0,0.1490866234531526,0.11360278139939158
2013-06-18,3482.179931640625,nasdaq,0.36338209651527076,1.0078779553324553,0.0,0.0,0.1490866234531526,0.11360278139939158
2013-06-19,3443.199951171875,nasdaq,0.1581497991568711,-0.34173920806952296,0.0,0.0,0.1490866234531526,0.11360278139939158
2013-06-20,3364.639892578125,nasdaq,-0.037309033827387865,0.6919871343290585,0.0,0.0,0.09730644478916937,0.11360278139939158
2013-06-21,3357.25,nasdaq,0.2303699711547494,1.324598433290298,0.0,0.0,0.1490866234531526,0.11360278139939158
2013-06-24,3320.760009765625,nasdaq,0.1065558103347465,0.13652752018732897,0.0,0.0,0.1490866234531526,0.11360278139939158
2013-06-25,3347.889892578125,nasdaq,-0.2525019532778786,1.4943248261675004,0.0,0.0,0.09730644478916937,0.11360278139939158
2013-06-26,3376.219970703125,nasdaq,-0.4697276640800743,0.4325007843134463,0.0,0.0,0.09730644478916937,0.11360278139939158
2013-06-27,3401.860107421875,nasdaq,-0.3153398747909643,-0.2772932719919752,0.0,0.0,0.09730644478916937,0.11360278139939158
2013-06-28,3403.25,nasdaq,-0.32022842641078186,-0.2080951614984393,0.0,0.0,0.09730644478916937,0.11360278139939158
2013-07-01,3434.489990234375,nasdaq,-0.5438303134170706,0.31974064429719107,0.0,0.0,0.09730644478916937,0.11360278139939158
2013-07-02,3433.39990234375,nasdaq,1.091344457129229,-0.342044549135544,0.0,0.0,0.1490866234531526,0.11360278139939158
2013-07-03,3443.669921875,nasdaq,0.028191865607692393,-0.07446563948614882,0.0,0.0,0.1490866234531526,0.11360278139939158
2013-07-05,3479.3798828125,nasdaq,-0.03272835695495853,-0.0539248505199749,0.0,0.0,0.09730644478916937,0.11360278139939158
2013-07-08,3484.830078125,nasdaq,-0.21938522496565538,-0.3866778267607721,0.0,0.0,0.09730644478916937,0.11360278139939158
2013-07-09,3504.260009765625,nasdaq,-0.07743443229127087,0.2847561634249764,0.0,0.0,0.09730644478916937,0.11360278139939158
2013-07-10,3520.760009765625,nasdaq,0.12802348200296437,-0.22083676669696942,0.0,0.0,0.1490866234531526,0.11360278139939158
2013-07-11,3578.300048828125,nasdaq,-0.598047933247234,-0.3027665918460462,0.0,0.0,0.09730644478916937,0.11360278139939158
2013-07-12,3600.080078125,nasdaq,0.5167616596331706,0.02437229550530821,0.0,0.0,0.1490866234531526,0.11360278139939158
2013-07-15,3607.489990234375,nasdaq,0.07032008619482674,1.078906733318849,0.0,0.0,0.1490866234531526,0.11360278139939158
2013-07-16,3598.5,nasdaq,0.8643412821615145,0.41199720704544407,0.0,0.0,0.1490866234531526,0.11360278139939158
2013-07-17,3610.0,nasdaq,0.11165865441600613,0.9263855799253633,0.0,0.0,0.1490866234531526,0.11360278139939158
2013-07-18,3611.280029296875,nasdaq,0.3716816611734338,0.026225712001227804,0.0,0.0,0.1490866234531526,0.11360278139939158
2013-07-19,3587.610107421875,nasdaq,-0.16821619879715707,2.122950427752429,0.0,0.0,0.09730644478916937,0.11360278139939158
2013-07-22,3600.389892578125,nasdaq,0.2770509716613538,-0.7853499569891228,0.0,0.0,0.1490866234531526,0.11360278139939158
2013-07-23,3579.27001953125,nasdaq,-0.20225829116362887,-1.3430076466880052,0.0,0.0,0.09730644478916937,0.11360278139939158
2013-07-24,3579.60009765625,nasdaq,0.6993556874077073,0.14654993337897962,0.0,0.0,0.1490866234531526,0.11360278139939158
2013-07-25,3605.18994140625,nasdaq,-0.4231908332257019,-0.1470368554067403,0.0,0.0,0.09730644478916937,0.11360278139939158
2013-07-26,3613.159912109375,nasdaq,-0.017452836278142307,-0.17232511459996844,0.0,0.0,0.09730644478916937,0.11360278139939158
2013-07-29,3599.139892578125,nasdaq,-0.05002345257703939,-0.03931312086159857,0.0,0.0,0.09730644478916937,0.11360278139939158
2013-07-30,3616.469970703125,nasdaq,-0.7743692569983609,-0.009456501363069976,0.0,0.0,0.09730644478916937,0.11360278139939158
2013-07-31,3626.3701171875,nasdaq,-0.3443324882196885,0.07084512916520684,0.0,0.0,0.09730644478916937,0.11360278139939158
2013-08-01,3675.739990234375,nasdaq,-0.07504651951164569,-0.5572489772895894,0.0,0.0,0.09730644478916937,0.11360278139939158
2013-08-02,3689.590087890625,nasdaq,-0.2563453519054699,-0.024162828052298465,0.0,0.0,0.09730644478916937,0.11360278139939158
2013-08-05,3692.949951171875,nasdaq,0.4993563656812685,-0.10409277486819814,0.0,0.0,0.1490866234531526,0.11360278139939158
2013-08-06,3665.77001953125,nasdaq,-0.48695574002885783,-0.17308711398040258,0.0,0.0,0.09730644478916937,0.11360278139939158
2013-08-07,3654.010009765625,nasdaq,-0.47583271820764933,-0.16741330594393883,0.0,0.0,0.09730644478916937,0.11360278139939158
2013-08-08,3669.1201171875,nasdaq,-0.631505880989271,-0.0529218951899152,0.0,0.0,0.09730644478916937,0.11360278139939158
2013-08-09,3660.110107421875,nasdaq,0.8333093060363925,0.3593206599088669,0.0,0.0,0.1490866234531526,0.11360278139939158
2013-08-12,3669.949951171875,nasdaq,0.10496627000025203,0.4305837756268528,0.0,0.0,0.1490866234531526,0.11360278139939158
2013-08-13,3684.43994140625,nasdaq,0.605683074538374,-0.35692440523390856,0.0,0.0,0.1490866234531526,0.11360278139939158
2013-08-14,3669.27001953125,nasdaq,-0.15135828244365943,-0.06843520510093114,0.0,0.0,0.09730644478916937,0.11360278139939158
2013-08-15,3606.1201171875,nasdaq,0.005187768468268954,0.0380829564160302,0.0,0.0,0.09730644478916937,0.11360278139939158
2013-08-16,3602.780029296875,nasdaq,-0.2641629983656841,0.1139788683863809,0.0,0.0,0.09730644478916937,0.11360278139939158
2013-08-19,3589.090087890625,nasdaq,-0.04685785551318317,0.10741601514621356,0.0,0.0,0.09730644478916937,0.11360278139939158
2013-08-20,3613.590087890625,nasdaq,-0.33823813171706874,0.03371613238710733,0.0,0.0,0.09730644478916937,0.11360278139939158
2013-08-21,3599.7900390625,nasdaq,-0.07199466792312188,-0.10114247750210398,0.0,0.0,0.09730644478916937,0.11360278139939158
2013-08-22,3638.7099609375,nasdaq,-0.01711022066170135,0.06909922009614668,0.0,0.0,0.09730644478916937,0.11360278139939158
2013-08-23,3657.7900390625,nasdaq,-0.6218775931842467,-0.17807162907333324,0.0,0.0,0.09730644478916937,0.11360278139939158
2013-08-26,3657.570068359375,nasdaq,-0.5866121699554032,-0.5741746011730255,0.0,0.0,0.09730644478916937,0.11360278139939158
2013-08-27,3578.52001953125,nasdaq,0.32314227458311096,-1.1509222772643621,0.0,0.0,0.1490866234531526,0.11360278139939158
2013-08-28,3593.35009765625,nasdaq,1.2948516130060046,0.5475273252117863,0.0,0.0,0.1490866234531526,0.11360278139939158
2013-08-29,3620.300048828125,nasdaq,0.23521921873232313,1.124006992837994,0.0,0.0,0.1490866234531526,0.11360278139939158
2013-08-30,3589.8701171875,nasdaq,-0.5824409477623955,-2.7875648860365843,0.0,0.0,0.09730644478916937,0.11360278139939158
2013-09-03,3612.610107421875,nasdaq,-0.44834165779696344,0.28498308307606485,0.0,0.0,0.09730644478916937,0.11360278139939158
2013-09-04,3649.0400390625,nasdaq,-0.799082848686657,-0.9425586642651581,0.0,0.0,0.09730644478916937,0.11360278139939158
2013-09-05,3658.780029296875,nasdaq,-0.5187949563478941,0.5528445468325704,0.0,0.0,0.09730644478916937,0.11360278139939158
2013-09-06,3660.010009765625,nasdaq,0.6182058183978043,-1.2873976622660483,0.0,0.0,0.1490866234531526,0.11360278139939158
2013-09-09,3706.179931640625,nasdaq,-1.3263458600984968,0.5010574681996045,0.0,0.0,0.09730644478916937,0.11360278139939158
2013-09-10,3729.02001953125,nasdaq,-2.005914454045766,-1.4284470942963605,0.0,0.0,0.09730644478916937,0.11360278139939158
2013-09-11,3725.010009765625,nasdaq,-0.06772132068700303,-0.729792979661178,0.0,0.0,0.09730644478916937,0.11360278139939158
2013-09-12,3715.969970703125,nasdaq,-0.6595943085858917,0.19679140301802173,0.0,0.0,0.09730644478916937,0.11360278139939158
2013-09-13,3722.179931640625,nasdaq,-0.4697381327592421,-0.5200227373044795,0.0,0.0,0.09730644478916937,0.11360278139939158
2013-09-16,3717.85009765625,nasdaq,-0.8921028003175506,0.11935482447602495,0.0,0.0,0.09730644478916937,0.11360278139939158
2013-09-17,3745.699951171875,nasdaq,1.319548895024842,0.028919600871254007,0.0,0.0,0.1490866234531526,0.11360278139939158
2013-09-18,3783.639892578125,nasdaq,0.4785825382056891,0.5640588659574008,0.0,0.0,0.1490866234531526,0.11360278139939158
2013-09-19,3789.3798828125,nasdaq,0.578493276970773,0.19971568918702537,0.0,0.0,0.1490866234531526,0.11360278139939158
2013-09-20,3774.72998046875,nasdaq,-0.24959850375919299,-0.39496868769473154,0.0,0.0,0.09730644478916937,0.11360278139939158
2013-09-23,3765.2900390625,nasdaq,-0.2253304289001878,0.12198024863250602,0.0,0.0,0.09730644478916937,0.11360278139939158
2013-09-24,3768.25,nasdaq,0.46528708179589484,0.2730408676942372,0.0,0.0,0.1490866234531526,0.11360278139939158
2013-09-25,3761.10009765625,nasdaq,-1.0709450481940253,0.06658619215306613,0.0,0.0,0.09730644478916937,0.11360278139939158
2013-09-26,3787.429931640625,nasdaq,0.10619279644814719,-0.21292320463586115,0.0,0.0,0.1490866234531526,0.11360278139939158
2013-09-27,3781.590087890625,nasdaq,1.0306013337383013,0.6943359247659303,0.0,0.0,0.1490866234531526,0.11360278139939158
2013-09-30,3771.47998046875,nasdaq,0.5178584108598168,0.6445336160431117,0.0,0.0,0.1490866234531526,0.11360278139939158
2013-10-01,3817.97998046875,nasdaq,-0.6736267744056068,-0.36926337998641573,0.0,0.0,0.09730644478916937,0.11360278139939158
2013-10-02,3815.02001953125,nasdaq,-0.05516359953158224,-0.5213413181678619,0.0,0.0,0.09730644478916937,0.11360278139939158
2013-10-03,3774.340087890625,nasdaq,-0.2489409351550033,0.17795858650657023,0.0,0.0,0.09730644478916937,0.11360278139939158
2013-10-04,3807.75,nasdaq,-0.42633769719796194,-0.012983089562278729,0.0,0.0,0.09730644478916937,0.11360278139939158
2013-10-07,3770.3798828125,nasdaq,0.026169735255869235,-0.021013335985869724,0.0,0.0,0.1490866234531526,0.11360278139939158
2013-10-08,3694.830078125,nasdaq,-0.11949586091027115,-0.22213607083064393,0.0,0.0,0.09730644478916937,0.11360278139939158
2013-10-09,3677.780029296875,nasdaq,0.3140298348909402,-0.21086452919816165,0.0,0.0,0.1490866234531526,0.11360278139939158
2013-10-10,3760.75,nasdaq,0.9689655705654467,1.1969260624232296,0.0,0.0,0.1490866234531526,0.11360278139939158
2013-10-11,3791.8701171875,nasdaq,0.0009524306717174706,0.48749927217350064,0.0,0.0,0.09730644478916937,0.11360278139939158
2013-10-14,3815.280029296875,nasdaq,-0.3180479812349679,-0.5630474094442415,0.0,0.0,0.09730644478916937,0.11360278139939158
2013-10-15,3794.010009765625,nasdaq,0.3230845953123187,0.3769209454617528,0.0,0.0,0.1490866234531526,0.11360278139939158
2013-10-16,3839.429931640625,nasdaq,0.4480772921536331,0.0380815501273981,0.0,0.0,0.1490866234531526,0.11360278139939158
2013-10-17,3863.14990234375,nasdaq,0.2254277229279991,0.1568453665445049,0.0,0.0,0.1490866234531526,0.11360278139939158
2013-10-18,3914.280029296875,nasdaq,-0.6528686112649692,0.2214236207653997,0.0,0.0,0.09730644478916937,0.11360278139939158
2013-10-21,3920.050048828125,nasdaq,-0.6459937142678968,-0.11715635476746669,0.0,0.0,0.09730644478916937,0.11360278139939158
2013-10-22,3929.570068359375,nasdaq,0.564367598598061,0.35694239526596167,0.0,0.0,0.1490866234531526,0.11360278139939158
2013-10-23,3907.070068359375,nasdaq,-0.03379371826866181,-0.3840558829351055,0.0,0.0,0.09730644478916937,0.11360278139939158
2013-10-24,3928.9599609375,nasdaq,0.12948173682629976,-0.29638460197991845,0.0,0.0,0.1490866234531526,0.11360278139939158
2013-10-25,3943.360107421875,nasdaq,-0.21006619872002383,-0.03746207749996164,0.0,0.0,0.09730644478916937,0.11360278139939158
2013-10-28,3940.1298828125,nasdaq,-0.19019760721662943,-0.008017465747717117,0.0,0.0,0.09730644478916937,0.11360278139939158
2013-10-29,3952.340087890625,nasdaq,0.09257500850464029,0.05835338105654275,0.0,0.0,0.1490866234531526,0.11360278139939158
2013-10-30,3930.6201171875,nasdaq,-0.06986606770197479,0.9145893852427224,0.0,0.0,0.09730644478916937,0.11360278139939158
2013-10-31,3919.7099609375,nasdaq,0.09886210646095485,-0.18467903402565006,0.0,0.0,0.1490866234531526,0.11360278139939158
2013-11-01,3922.0400390625,nasdaq,0.1145127812240696,-0.01984648336105117,0.0,0.0,0.1490866234531526,0.11360278139939158
2013-11-04,3936.590087890625,nasdaq,-0.31837683307334674,-0.3119801632278578,0.0,0.0,0.09730644478916937,0.11360278139939158
2013-11-05,3939.860107421875,nasdaq,-0.008942065241243883,0.1140714732398102,0.0,0.0,0.09730644478916937,0.11360278139939158
2013-11-06,3931.949951171875,nasdaq,-0.5746072752424028,-0.39260660527388225,0.0,0.0,0.09730644478916937,0.11360278139939158
2013-11-07,3857.330078125,nasdaq,0.44558690382754523,0.4883988141809863,0.0,0.0,0.1490866234531526,0.11360278139939158
2013-11-08,3919.22998046875,nasdaq,0.040553626388956786,-0.34964238402828307,0.0,0.0,0.1490866234531526,0.11360278139939158
2013-11-11,3919.7900390625,nasdaq,-0.19535322590160048,-0.32137186885662644,0.0,0.0,0.09730644478916937,0.11360278139939158
2013-11-12,3919.919921875,nasdaq,0.3546960864514503,-0.2457906440507215,0.0,0.0,0.1490866234531526,0.11360278139939158
2013-11-13,3965.580078125,nasdaq,-0.06355942583501607,0.20917924410438504,0.0,0.0,0.09730644478916937,0.11360278139939158
2013-11-14,3972.739990234375,nasdaq,0.5237991733857811,0.030041882914742413,0.0,0.0,0.1490866234531526,0.11360278139939158
2013-11-15,3985.969970703125,nasdaq,0.7072435582515728,0.07866757021254722,0.0,0.0,0.1490866234531526,0.11360278139939158
2013-11-18,3949.070068359375,nasdaq,-0.28320004370579255,-0.058118783583768555,0.0,0.0,0.09730644478916937,0.11360278139939158
2013-11-19,3931.550048828125,nasdaq,-0.5797763415643034,0.0652302789019561,0.0,0.0,0.09730644478916937,0.11360278139939158
2013-11-20,3921.27001953125,nasdaq,-0.06471479318125836,0.10290389918869991,0.0,0.0,0.09730644478916937,0.11360278139939158
2013-11-21,3969.159912109375,nasdaq,-0.34322543840069225,0.21924451185543603,0.0,0.0,0.09730644478916937,0.11360278139939158
2013-11-22,3991.64990234375,nasdaq,0.6759231896853086,-0.09921960836860323,0.0,0.0,0.1490866234531526,0.11360278139939158
2013-11-25,3994.570068359375,nasdaq,-0.032180612779468466,0.38783449688455507,0.0,0.0,0.09730644478916937,0.11360278139939158
2013-11-26,4017.75,nasdaq,-0.32339883888945187,0.2850542526216789,0.0,0.0,0.09730644478916937,0.11360278139939158
2013-11-27,4044.75,nasdaq,-0.20779446605583105,-0.5712515138129712,0.0,0.0,0.09730644478916937,0.11360278139939158
2013-11-29,4059.889892578125,nasdaq,-0.8306315222961558,-0.3681753619584926,0.0,0.0,0.09730644478916937,0.11360278139939158
2013-12-02,4045.260009765625,nasdaq,-0.24957470370642396,-0.32253767846873604,0.0,0.0,0.09730644478916937,0.11360278139939158
2013-12-03,4037.199951171875,nasdaq,0.2547789165120151,0.10674130957314275,0.0,0.0,0.1490866234531526,0.11360278139939158
2013-12-04,4038.0,nasdaq,3.1073397039941324,-0.373453328088293,0.0,0.0,0.1490866234531526,0.11360278139939158
2013-12-05,4033.169921875,nasdaq,0.4382568153094519,-0.2526099943370793,0.0,0.0,0.1490866234531526,0.11360278139939158
2013-12-06,4062.52001953125,nasdaq,-0.48630993333102246,0.11886126599420622,0.0,0.0,0.09730644478916937,0.11360278139939158
2013-12-09,4068.75,nasdaq,0.45451219742915894,-0.035441692139579886,0.0,0.0,0.1490866234531526,0.11360278139939158
2013-12-10,4060.489990234375,nasdaq,-0.9287423062633603,0.0765172141005896,0.0,0.0,0.09730644478916937,0.11360278139939158
2013-12-11,4003.81005859375,nasdaq,-1.1872261709899892,0.4674728636431033,0.0,0.0,0.09730644478916937,0.11360278139939158
2013-12-12,3998.39990234375,nasdaq,0.9312495254438025,0.06710578021938597,0.0,0.0,0.1490866234531526,0.11360278139939158
2013-12-13,4000.97998046875,nasdaq,-0.3496896042068306,0.006070275784994801,0.0,0.0,0.09730644478916937,0.11360278139939158
2013-12-16,4029.52001953125,nasdaq,-0.31777987557883686,0.41395146893305523,0.0,0.0,0.09730644478916937,0.11360278139939158
2013-12-17,4023.679931640625,nasdaq,0.37708472815659855,0.001518391425286381,0.0,0.0,0.1490866234531526,0.11360278139939158
2013-12-18,4070.06005859375,nasdaq,0.2904787365153284,-0.5041321004093015,0.0,0.0,0.1490866234531526,0.11360278139939158
2013-12-19,4058.139892578125,nasdaq,0.02033612532691209,-0.4563962269566974,0.0,0.0,0.1490866234531526,0.11360278139939158
2013-12-20,4104.740234375,nasdaq,0.38416643770114633,0.7773072250294013,0.0,0.0,0.1490866234531526,0.11360278139939158
2013-12-23,4148.89990234375,nasdaq,0.4466241559368716,0.24644478478858134,0.0,0.0,0.1490866234531526,0.11360278139939158
2013-12-24,4155.419921875,nasdaq,0.6684527500158489,-0.9989704746468266,0.0,0.0,0.1490866234531526,0.11360278139939158
2013-12-26,4167.18017578125,nasdaq,-0.5902927956693591,0.08726245817346058,0.0,0.0,0.09730644478916937,0.11360278139939158
2013-12-27,4156.58984375,nasdaq,0.3166133231781313,0.002864287201636768,0.0,0.0,0.1490866234531526,0.11360278139939158
2013-12-30,4154.2001953125,nasdaq,-0.7106294987803833,-0.007860245272579423,0.0,0.0,0.09730644478916937,0.11360278139939158
2013-12-31,4176.58984375,nasdaq,0.093767265135982,-0.04406362768472601,0.0,0.0,0.1490866234531526,0.11360278139939158
2014-01-02,4143.06982421875,nasdaq,0.6048842502053969,-0.031982860570547084,0.0,0.0,0.1490866234531526,0.11360278139939158
2014-01-03,4131.91015625,nasdaq,-0.11356683073784088,0.4063929960722866,0.0,0.0,0.09730644478916937,0.11360278139939158
2014-01-06,4113.68017578125,nasdaq,0.3047792981157715,0.06874628975145171,0.0,0.0,0.1490866234531526,0.11360278139939158
2014-01-07,4153.18017578125,nasdaq,-0.3031395718226999,-0.11346956071389384,0.0,0.0,0.09730644478916937,0.11360278139939158
2014-01-08,4165.60986328125,nasdaq,-1.276608136172942,-0.04795025304618503,0.0,0.0,0.09730644478916937,0.11360278139939158
2014-01-09,4156.18994140625,nasdaq,1.5884949407732492,-0.38288218407569513,0.0,0.0,0.1490866234531526,0.11360278139939158
2014-01-10,4174.669921875,nasdaq,0.4139168273692604,-0.1646155455403929,0.0,0.0,0.1490866234531526,0.11360278139939158
2014-01-13,4113.2998046875,nasdaq,-0.4901417799100529,-0.3108344802959542,0.0,0.0,0.09730644478916937,0.11360278139939158
2014-01-14,4183.02001953125,nasdaq,-1.0968472113855903,-0.1995926002530003,0.0,0.0,0.09730644478916937,0.11360278139939158
2014-01-15,4214.8798828125,nasdaq,-1.5270543598761859,-0.20178955362082437,0.0,0.0,0.09730644478916937,0.11360278139939158
2014-01-16,4218.68994140625,nasdaq,-0.7380997618353647,-0.3894538578402283,0.0,0.0,0.09730644478916937,0.11360278139939158
2014-01-17,4197.580078125,nasdaq,0.8646612935804503,0.1986663126795021,0.0,0.0,0.1490866234531526,0.11360278139939158
2014-01-21,4225.759765625,nasdaq,-0.34967945200432243,0.10949582357202305,0.0,0.0,0.09730644478916937,0.11360278139939158
2014-01-22,4243.0,nasdaq,0.4207430462551961,-0.7614009628391942,0.0,0.0,0.1490866234531526,0.11360278139939158
2014-01-23,4218.8798828125,nasdaq,0.7125929833822866,0.013537041071691782,0.0,0.0,0.1490866234531526,0.11360278139939158
2014-01-24,4128.169921875,nasdaq,0.5753834168927038,1.2444497623242217,0.0,0.0,0.1490866234531526,0.11360278139939158
2014-01-27,4083.610107421875,nasdaq,0.922478111672992,-1.3311445098203067,0.0,0.0,0.1490866234531526,0.11360278139939158
2014-01-28,4097.9599609375,nasdaq,0.11748322251395293,-0.4967711021464318,0.0,0.0,0.1490866234531526,0.11360278139939158
2014-01-29,4051.429931640625,nasdaq,-0.5031488714164415,-0.5089250415782713,0.0,0.0,0.09730644478916937,0.11360278139939158
2014-01-30,4123.1298828125,nasdaq,-0.6352055912588974,-0.30587282653413217,0.0,0.0,0.09730644478916937,0.11360278139939158
2014-01-31,4103.8798828125,nasdaq,0.019941930076312887,-0.21443121302785387,0.0,0.0,0.1490866234531526,0.11360278139939158
2014-02-03,3996.9599609375,nasdaq,-0.8055126006345182,0.6312774080672002,0.0,0.0,0.09730644478916937,0.11360278139939158
2014-02-04,4031.52001953125,nasdaq,0.21590294217828537,0.8997932963170738,0.0,0.0,0.1490866234531526,0.11360278139939158
2014-02-05,4011.550048828125,nasdaq,-0.36603835709862775,-1.1430019548879222,0.0,0.0,0.09730644478916937,0.11360278139939158
2014-02-06,4057.1201171875,nasdaq,0.07564250260940224,-0.43190669670765347,0.0,0.0,0.1490866234531526,0.11360278139939158
2014-02-07,4125.85986328125,nasdaq,0.7592741936595562,-0.6897298216311709,0.0,0.0,0.1490866234531526,0.11360278139939158
2014-02-10,4148.169921875,nasdaq,0.8637309789631714,-0.2294528208523226,0.0,0.0,0.1490866234531526,0.11360278139939158
2014-02-11,4191.0498046875,nasdaq,0.3953932616160309,-0.2681644812785116,0.0,0.0,0.1490866234531526,0.11360278139939158
2014-02-12,4201.2900390625,nasdaq,-0.493140928709536,-0.009580837133574181,0.0,0.0,0.09730644478916937,0.11360278139939158
2014-02-13,4240.669921875,nasdaq,-0.25191057190394534,-0.13641738281735016,0.0,0.0,0.09730644478916937,0.11360278139939158
2014-02-14,4244.02001953125,nasdaq,-0.3320479185501602,0.40751329932228836,0.0,0.0,0.09730644478916937,0.11360278139939158
2014-02-18,4272.77978515625,nasdaq,-0.14044886514683894,-0.16683153963601888,0.0,0.0,0.09730644478916937,0.11360278139939158
2014-02-19,4237.9501953125,nasdaq,-0.28810168319954893,-0.4273758977404381,0.0,0.0,0.09730644478916937,0.11360278139939158
2014-02-20,4267.5498046875,nasdaq,-0.824456191103941,-0.09080088107308633,0.0,0.0,0.09730644478916937,0.11360278139939158
2014-02-21,4263.41015625,nasdaq,-0.24951529776202475,-0.3895187951327186,0.0,0.0,0.09730644478916937,0.11360278139939158
2014-02-24,4292.97021484375,nasdaq,0.39619664412669053,-0.10285757448401496,0.0,0.0,0.1490866234531526,0.11360278139939158
2014-02-25,4287.58984375,nasdaq,-0.4047275304393194,-0.4825749758528969,0.0,0.0,0.09730644478916937,0.11360278139939158
2014-02-26,4292.06005859375,nasdaq,0.11766047452306469,-0.13322876275222212,0.0,0.0,0.1490866234531526,0.11360278139939158
2014-02-27,4318.93017578125,nasdaq,-0.1968816617003889,0.45569125561785356,0.0,0.0,0.09730644478916937,0.11360278139939158
2014-02-28,4308.1201171875,nasdaq,-0.41023436515740835,-0.10776892743771654,0.0,0.0,0.09730644478916937,0.11360278139939158
2014-03-03,4277.2998046875,nasdaq,0.16800049073631176,-0.07954474319352056,0.0,0.0,0.1490866234531526,0.11360278139939158
2014-03-04,4351.97021484375,nasdaq,-0.5833820670401889,0.4394019224918792,0.0,0.0,0.09730644478916937,0.11360278139939158
2014-03-05,4357.97021484375,nasdaq,0.2976219035802512,0.24080932491276918,0.0,0.0,0.1490866234531526,0.11360278139939158
2014-03-06,4352.1298828125,nasdaq,0.5075638913615792,0.1827045831221685,0.0,0.0,0.1490866234531526,0.11360278139939158
2014-03-07,4336.22021484375,nasdaq,-0.6465755860420748,-0.16122312170552894,0.0,0.0,0.09730644478916937,0.11360278139939158
2014-03-10,4334.4501953125,nasdaq,0.0664540266119859,0.49226814666877355,0.0,0.0,0.1490866234531526,0.11360278139939158
2014-03-11,4307.18994140625,nasdaq,-0.02945671264881096,0.010528306837272475,0.0,0.0,0.09730644478916937,0.11360278139939158
2014-03-12,4323.330078125,nasdaq,0.38147358410243337,0.1499345760166932,0.0,0.0,0.1490866234531526,0.11360278139939158
2014-03-13,4260.419921875,nasdaq,0.4000008442671031,0.04272348646796226,0.0,0.0,0.1490866234531526,0.11360278139939158
2014-03-14,4245.39990234375,nasdaq,0.3826759768046443,0.8628422459321329,0.0,0.0,0.1490866234531526,0.11360278139939158
2014-03-17,4279.9501953125,nasdaq,-0.4612525711199003,0.248456303496487,0.0,0.0,0.09730644478916937,0.11360278139939158
2014-03-18,4333.31005859375,nasdaq,0.2216402293176207,-0.23464516409233319,0.0,0.0,0.1490866234531526,0.11360278139939158
2014-03-19,4307.60009765625,nasdaq,0.40307098872908304,-0.05829377927598901,0.0,0.0,0.1490866234531526,0.11360278139939158
2014-03-20,4319.2900390625,nasdaq,-0.6183991851994731,-0.035993880476943046,0.0,0.0,0.09730644478916937,0.11360278139939158
2014-03-21,4276.7900390625,nasdaq,-0.5540821420908217,0.15619281689425127,0.0,0.0,0.09730644478916937,0.11360278139939158
2014-03-24,4226.39013671875,nasdaq,0.07301749917833865,0.6260545090911123,0.0,0.0,0.1490866234531526,0.11360278139939158
2014-03-25,4234.27001953125,nasdaq,-0.27386995983727846,-0.8826719041079298,0.0,0.0,0.09730644478916937,0.11360278139939158
2014-03-26,4173.580078125,nasdaq,-1.0171795103542374,-0.5546660178080167,0.0,0.0,0.09730644478916937,0.11360278139939158
2014-03-27,4151.22998046875,nasdaq,0.2545182444047045,-0.5938267813108481,0.0,0.0,0.1490866234531526,0.11360278139939158
2014-03-28,4155.759765625,nasdaq,-0.11094275143669596,-0.4977226468296759,0.0,0.0,0.09730644478916937,0.11360278139939158
2014-03-31,4198.990234375,nasdaq,0.00208951257069296,-0.4973084421716602,0.0,0.0,0.09730644478916937,0.11360278139939158
2014-04-01,4268.0400390625,nasdaq,-0.5037964828105543,-0.4528345856573357,0.0,0.0,0.09730644478916937,0.11360278139939158
2014-04-02,4276.4599609375,nasdaq,-0.6088584245608225,-0.7197088582471266,0.0,0.0,0.09730644478916937,0.11360278139939158
2014-04-03,4237.740234375,nasdaq,-0.5728728098399428,0.25774309826116604,0.0,0.0,0.09730644478916937,0.11360278139939158
2014-04-04,4127.72998046875,nasdaq,-0.349067362831127,1.7024254047970304,0.0,0.0,0.09730644478916937,0.11360278139939158
2014-04-07,4079.75,nasdaq,0.858582136487265,0.19086093577145688,0.0,0.0,0.1490866234531526,0.11360278139939158
2014-04-08,4112.990234375,nasdaq,0.024408954375539905,-0.03187406597608238,0.0,0.0,0.1490866234531526,0.11360278139939158
2014-04-09,4183.89990234375,nasdaq,-0.00023368063547449236,-1.446363587682586,0.0,0.0,0.09730644478916937,0.11360278139939158
2014-04-10,4054.110107421875,nasdaq,0.07299104874443797,1.3654946039177303,0.0,0.0,0.1490866234531526,0.11360278139939158
2014-04-11,3999.72998046875,nasdaq,-0.8346828961181418,0.4590348215869191,0.0,0.0,0.09730644478916937,0.11360278139939158
2014-04-14,4022.68994140625,nasdaq,0.35733540414375453,0.27072902232680035,0.0,0.0,0.1490866234531526,0.11360278139939158
2014-04-15,4034.159912109375,nasdaq,0.5423523009327317,-0.9319209525656565,0.0,0.0,0.1490866234531526,0.11360278139939158
2014-04-16,4086.22998046875,nasdaq,-0.6142992954932573,-0.6003492267438644,0.0,0.0,0.09730644478916937,0.11360278139939158
2014-04-17,4095.52001953125,nasdaq,-0.1518723304450684,0.09339149774252907,0.0,0.0,0.09730644478916937,0.11360278139939158
2014-04-21,4121.5498046875,nasdaq,-0.026569549840767454,-0.2937291988284152,0.0,0.0,0.09730644478916937,0.11360278139939158
2014-04-22,4161.4599609375,nasdaq,0.13308264501697017,0.1680420417951336,0.0,0.0,0.1490866234531526,0.11360278139939158
2014-04-23,4126.97021484375,nasdaq,0.03850467997191111,1.6578782532545806,0.0,0.0,0.1490866234531526,0.11360278139939158
2014-04-24,4148.33984375,nasdaq,0.33332917419084557,2.0325255601892924,0.0,0.0,0.1490866234531526,0.11360278139939158
2014-04-25,4075.56005859375,nasdaq,-0.547944735783211,-0.3019763579895509,0.0,0.0,0.09730644478916937,0.11360278139939158
2014-04-28,4074.39990234375,nasdaq,0.35024731525589115,-0.08291820978525934,0.0,0.0,0.1490866234531526,0.11360278139939158
2014-04-29,4103.5400390625,nasdaq,1.068532030073967,-0.29117201466753106,0.0,0.0,0.1490866234531526,0.11360278139939158
2014-04-30,4114.56005859375,nasdaq,0.5124393926317033,0.6209798995969382,0.0,0.0,0.1490866234531526,0.11360278139939158
2014-05-01,4127.4501953125,nasdaq,-0.08521082438005147,-0.2345088030980976,0.0,0.0,0.09730644478916937,0.11360278139939158
2014-05-02,4123.89990234375,nasdaq,-0.1353828508240062,-0.3503184437839226,0.0,0.0,0.09730644478916937,0.11360278139939158
2014-05-05,4138.06005859375,nasdaq,-0.0971251358674386,1.0174188962621937,0.0,0.0,0.09730644478916937,0.11360278139939158
2014-05-06,4080.760009765625,nasdaq,0.09118537946645558,1.215163514085086,0.0,0.0,0.1490866234531526,0.11360278139939158
2014-05-07,4067.669921875,nasdaq,0.12921245162586037,-1.1757307759653595,0.0,0.0,0.1490866234531526,0.11360278139939158
2014-05-08,4051.5,nasdaq,0.05369370133366063,-0.04414335590255864,0.0,0.0,0.1490866234531526,0.11360278139939158
2014-05-09,4071.8701171875,nasdaq,0.2800465549572947,-0.14801570086514373,0.0,0.0,0.1490866234531526,0.11360278139939158
2014-05-12,4143.85986328125,nasdaq,0.24230080617781666,-0.18825873595614545,0.0,0.0,0.1490866234531526,0.11360278139939158
2014-05-13,4130.169921875,nasdaq,-0.07410949565861774,0.37224757715714735,0.0,0.0,0.09730644478916937,0.11360278139939158
2014-05-14,4100.6298828125,nasdaq,-0.1246548076704633,-0.1433496607588555,0.0,0.0,0.09730644478916937,0.11360278139939158
2014-05-15,4069.2900390625,nasdaq,-0.49312127249926535,0.5398751212643763,0.0,0.0,0.09730644478916937,0.11360278139939158
2014-05-16,4090.590087890625,nasdaq,-0.1626120313216405,0.3290013755271166,0.0,0.0,0.09730644478916937,0.11360278139939158
2014-05-19,4125.81005859375,nasdaq,0.00894894007807546,-0.781606589960543,0.0,0.0,0.1490866234531526,0.11360278139939158
2014-05-20,4096.89013671875,nasdaq,-0.10202249998301015,-0.975978040301204,0.0,0.0,0.09730644478916937,0.11360278139939158
2014-05-21,4131.5400390625,nasdaq,0.3084428512435979,0.09563102820869387,0.0,0.0,0.1490866234531526,0.11360278139939158
2014-05-22,4154.33984375,nasdaq,-0.0837386753730734,0.07860747641653518,0.0,0.0,0.09730644478916937,0.11360278139939158
2014-05-23,4185.81005859375,nasdaq,-0.052180377807860244,0.07686267052800116,0.0,0.0,0.09730644478916937,0.11360278139939158
2014-05-27,4237.06982421875,nasdaq,-0.14051346468140993,-0.0085820830125008,0.0,0.0,0.09730644478916937,0.11360278139939158
2014-05-28,4225.080078125,nasdaq,-0.04653817086136979,-0.046598357681128605,0.0,0.0,0.09730644478916937,0.11360278139939158
2014-05-29,4247.9501953125,nasdaq,-0.1690613446970699,0.24524015221221687,0.0,0.0,0.09730644478916937,0.11360278139939158
2014-05-30,4242.6201171875,nasdaq,0.03822511496607881,0.5827752411251579,0.0,0.0,0.1490866234531526,0.11360278139939158
2014-06-02,4237.2001953125,nasdaq,0.03849655217557223,0.12271193503944555,0.0,0.0,0.1490866234531526,0.11360278139939158
2014-06-03,4234.080078125,nasdaq,-0.21815371618496554,0.048330791531174644,0.0,0.0,0.09730644478916937,0.11360278139939158
2014-06-04,4251.64013671875,nasdaq,0.28086578350147434,-0.24549885638481986,0.0,0.0,0.1490866234531526,0.11360278139939158
2014-06-05,4296.22998046875,nasdaq,0.4225382165457917,0.1069262317131204,0.0,0.0,0.1490866234531526,0.11360278139939158
2014-06-06,4321.39990234375,nasdaq,-0.27429482957162904,-0.14353267300831107,0.0,0.0,0.09730644478916937,0.11360278139939158
2014-06-09,4336.240234375,nasdaq,-0.2386303393552903,-0.03702762155505799,0.0,0.0,0.09730644478916937,0.11360278139939158
2014-06-10,4338.0,nasdaq,-0.005986750727657506,0.24635929893094627,0.0,0.0,0.09730644478916937,0.11360278139939158
2014-06-11,4331.93017578125,nasdaq,0.14850426474958572,0.12348617406283795,0.0,0.0,0.1490866234531526,0.11360278139939158
2014-06-12,4297.6298828125,nasdaq,-0.07440537623795031,0.028640614360007213,0.0,0.0,0.09730644478916937,0.11360278139939158
2014-06-13,4310.64990234375,nasdaq,0.11939730516574222,0.008507193642630835,0.0,0.0,0.1490866234531526,0.11360278139939158
2014-06-16,4321.10009765625,nasdaq,-0.7514311737372631,0.22778854824221834,0.0,0.0,0.09730644478916937,0.11360278139939158
2014-06-17,4337.22998046875,nasdaq,-0.18555598566651238,0.20619698968492495,0.0,0.0,0.09730644478916937,0.11360278139939158
2014-06-18,4362.83984375,nasdaq,-0.23339405810183098,0.4477977827108886,0.0,0.0,0.09730644478916937,0.11360278139939158
2014-06-19,4359.330078125,nasdaq,-0.3874304671895565,0.16371615235831335,0.0,0.0,0.09730644478916937,0.11360278139939158
2014-06-20,4368.0400390625,nasdaq,0.13094240057147016,-0.0402237214990557,0.0,0.0,0.1490866234531526,0.11360278139939158
2014-06-23,4368.68017578125,nasdaq,0.1599089674791792,0.11923442066512661,0.0,0.0,0.1490866234531526,0.11360278139939158
2014-06-24,4350.35009765625,nasdaq,0.7907377421481576,0.1256419944298225,0.0,0.0,0.1490866234531526,0.11360278139939158
2014-06-25,4379.759765625,nasdaq,-0.11319225207680389,-0.13160548819602821,0.0,0.0,0.09730644478916937,0.11360278139939158
2014-06-26,4379.0498046875,nasdaq,0.2251296954093752,0.1474099458973707,0.0,0.0,0.1490866234531526,0.11360278139939158
2014-06-27,4397.93017578125,nasdaq,0.31486074790380886,0.13110562271180207,0.0,0.0,0.1490866234531526,0.11360278139939158
2014-06-30,4408.18017578125,nasdaq,-0.9421712776130869,-0.12622426467926845,0.0,0.0,0.09730644478916937,0.11360278139939158
2014-07-01,4458.64990234375,nasdaq,0.21380055267140388,-0.02481262659223577,0.0,0.0,0.1490866234531526,0.11360278139939158
2014-07-02,4457.72998046875,nasdaq,-0.30349217355866326,0.01825911358962124,0.0,0.0,0.09730644478916937,0.11360278139939158
2014-07-03,4485.93017578125,nasdaq,-0.45221850526832047,-0.1709708025218034,0.0,0.0,0.09730644478916937,0.11360278139939158
2014-07-07,4451.52978515625,nasdaq,0.6744226020534922,-0.1407716195350161,0.0,0.0,0.1490866234531526,0.11360278139939158
2014-07-08,4391.4599609375,nasdaq,-0.14269848259302306,0.20023314353827193,0.0,0.0,0.09730644478916937,0.11360278139939158
2014-07-09,4419.02978515625,nasdaq,2.9995837544840547,0.02910887109418741,0.0,0.0,0.1490866234531526,0.11360278139939158
2014-07-10,4396.2001953125,nasdaq,0.052262752779029406,-0.074279278458634,0.0,0.0,0.1490866234531526,0.11360278139939158
2014-07-11,4415.490234375,nasdaq,-0.2144509073982034,0.37190344944047743,0.0,0.0,0.09730644478916937,0.11360278139939158
2014-07-14,4440.419921875,nasdaq,-0.16310113632078985,0.2815142367204011,0.0,0.0,0.09730644478916937,0.11360278139939158
2014-07-15,4416.39013671875,nasdaq,-0.5096705048203366,0.6438794167056113,0.0,0.0,0.09730644478916937,0.11360278139939158
2014-07-16,4425.97021484375,nasdaq,0.46469659782788125,0.6379905949580484,0.0,0.0,0.1490866234531526,0.11360278139939158
2014-07-17,4363.4501953125,nasdaq,-0.061663893778620096,0.3272116106382673,0.0,0.0,0.09730644478916937,0.11360278139939158
2014-07-18,4432.14990234375,nasdaq,0.7892455187117182,-0.20347366929415356,0.0,0.0,0.1490866234531526,0.11360278139939158
2014-07-21,4424.7001953125,nasdaq,-1.0555966186960901,0.3555524517007124,0.0,0.0,0.09730644478916937,0.11360278139939158
2014-07-22,4456.02001953125,nasdaq,-0.8468381059819936,0.16022730699099139,0.0,0.0,0.09730644478916937,0.11360278139939158
2014-07-23,4473.7001953125,nasdaq,0.2951710547007656,-0.13569300135688792,0.0,0.0,0.1490866234531526,0.11360278139939158
2014-07-24,4472.10986328125,nasdaq,-0.7618281614429054,0.13609615795761404,0.0,0.0,0.09730644478916937,0.11360278139939158
2014-07-25,4449.56005859375,nasdaq,-1.4163683571099501,-1.028142245542607,0.0,0.0,0.09730644478916937,0.11360278139939158
2014-07-28,4444.91015625,nasdaq,-0.07654877173020501,0.16285803434489352,0.0,0.0,0.09730644478916937,0.11360278139939158
2014-07-29,4442.7001953125,nasdaq,-1.4347035892725204,0.7561990558338696,0.0,0.0,0.09730644478916937,0.11360278139939158
2014-07-30,4462.89990234375,nasdaq,0.303808288126883,-0.07069711386345963,0.0,0.0,0.1490866234531526,0.11360278139939158
2014-07-31,4369.77001953125,nasdaq,-0.9208768511450096,-0.6989014300793464,0.0,0.0,0.09730644478916937,0.11360278139939158
2014-08-01,4352.64013671875,nasdaq,0.0862547774519228,-1.0119274078317113,0.0,0.0,0.1490866234531526,0.11360278139939158
2014-08-04,4383.89013671875,nasdaq,-0.04418744837629531,0.6458546558240275,0.0,0.0,0.09730644478916937,0.11360278139939158
2014-08-05,4352.83984375,nasdaq,-0.6718224798721437,-0.9334168956377611,0.0,0.0,0.09730644478916937,0.11360278139939158
2014-08-06,4355.0498046875,nasdaq,-0.6203782111030314,-0.2947541700513455,0.0,0.0,0.09730644478916937,0.11360278139939158
2014-08-07,4334.97021484375,nasdaq,1.4755293884749752,1.4765425751241859,0.0,0.0,0.1490866234531526,0.11360278139939158
2014-08-08,4370.89990234375,nasdaq,0.8775287209752769,-0.9422043874940624,0.0,0.0,0.1490866234531526,0.11360278139939158
2014-08-11,4401.330078125,nasdaq,1.5706609391382904,0.3782960410202051,0.0,0.0,0.1490866234531526,0.11360278139939158
2014-08-12,4389.25,nasdaq,-0.11932381856608426,0.97182478776313,0.0,0.0,0.09730644478916937,0.11360278139939158
2014-08-13,4434.1298828125,nasdaq,0.8685911755617411,-1.1082748699693934,0.0,0.0,0.1490866234531526,0.11360278139939158
2014-08-14,4453.0,nasdaq,-0.5492284009834447,0.2664909552463997,0.0,0.0,0.09730644478916937,0.11360278139939158
2014-08-15,4464.93017578125,nasdaq,1.8872217012818122,0.41683318083781,0.0,0.0,0.1490866234531526,0.11360278139939158
2014-08-18,4508.31005859375,nasdaq,-0.03974592893104937,0.17599446383348974,0.0,0.0,0.09730644478916937,0.11360278139939158
2014-08-19,4527.509765625,nasdaq,-0.16493450985575953,-0.2572929516823317,0.0,0.0,0.09730644478916937,0.11360278139939158
2014-08-20,4526.47998046875,nasdaq,0.4112289977447172,-0.20083530051905693,0.0,0.0,0.1490866234531526,0.11360278139939158
2014-08-21,4532.10009765625,nasdaq,0.2632746656551274,0.01848953136976288,0.0,0.0,0.1490866234531526,0.11360278139939158
2014-08-22,4538.5498046875,nasdaq,0.4979346182315638,-0.10977718017581349,0.0,0.0,0.1490866234531526,0.11360278139939158
2014-08-25,4557.35009765625,nasdaq,0.05826840228113209,-0.07740532728024781,0.0,0.0,0.1490866234531526,0.11360278139939158
2014-08-26,4570.64013671875,nasdaq,-0.01675951859170228,-0.0987571100976712,0.0,0.0,0.09730644478916937,0.11360278139939158
2014-08-27,4569.6201171875,nasdaq,0.1462093942414554,0.010937989140767481,0.0,0.0,0.1490866234531526,0.11360278139939158
2014-08-28,4557.7001953125,nasdaq,-1.0696994704298088,-0.20470019774484927,0.0,0.0,0.09730644478916937,0.11360278139939158
2014-08-29,4580.27001953125,nasdaq,0.19790371929680944,-0.13903842643201023,0.0,0.0,0.1490866234531526,0.11360278139939158
2014-09-02,4598.18994140625,nasdaq,0.05783799109395519,-0.2716711170793165,0.0,0.0,0.1490866234531526,0.11360278139939158
2014-09-03,4572.56005859375,nasdaq,-0.7199574732874748,-0.42309020111441575,0.0,0.0,0.09730644478916937,0.11360278139939158
2014-09-04,4562.2900390625,nasdaq,0.7466874673087464,-0.2975772465357069,0.0,0.0,0.1490866234531526,0.11360278139939158
2014-09-05,4582.89990234375,nasdaq,1.814395026661206,0.2655681433824121,0.0,0.0,0.1490866234531526,0.11360278139939158
2014-09-08,4592.2900390625,nasdaq,2.0017043998451856,0.1162944473074234,0.0,0.0,0.1490866234531526,0.11360278139939158
2014-09-09,4552.2900390625,nasdaq,-0.38739070442911616,0.08296411900262525,0.0,0.0,0.09730644478916937,0.11360278139939158
2014-09-10,4586.52001953125,nasdaq,-1.1789052631712869,0.07336008784402563,0.0,0.0,0.09730644478916937,0.11360278139939158
2014-09-11,4591.81005859375,nasdaq,-1.6250686285088047,0.17851030165703907,0.0,0.0,0.09730644478916937,0.11360278139939158
2014-09-12,4567.60009765625,nasdaq,0.3409915130174817,-0.22956547655179826,0.0,0.0,0.1490866234531526,0.11360278139939158
2014-09-15,4518.89990234375,nasdaq,0.15296338749230712,-0.19875331272716137,0.0,0.0,0.1490866234531526,0.11360278139939158
2014-09-16,4552.759765625,nasdaq,-1.3750596728795719,-0.803727216239093,0.0,0.0,0.09730644478916937,0.11360278139939158
2014-09-17,4562.18994140625,nasdaq,0.15406425658211223,-0.049264508554441235,0.0,0.0,0.1490866234531526,0.11360278139939158
2014-09-18,4593.43017578125,nasdaq,1.4539874325283166,-0.45073575041841485,0.0,0.0,0.1490866234531526,0.11360278139939158
2014-09-19,4579.7900390625,nasdaq,1.5202521980932795,-0.026254894682240473,0.0,0.0,0.1490866234531526,0.11360278139939158
2014-09-22,4527.68994140625,nasdaq,0.6283653769448663,-0.2434826122795406,0.0,0.0,0.1490866234531526,0.11360278139939158
2014-09-23,4508.68994140625,nasdaq,0.8329561315167989,0.2590565884704229,0.0,0.0,0.1490866234531526,0.11360278139939158
2014-09-24,4555.22021484375,nasdaq,1.1834387251300427,0.2566544958720151,0.0,0.0,0.1490866234531526,0.11360278139939158
2014-09-25,4466.75,nasdaq,-0.9874921697868889,-0.6046648947599924,0.0,0.0,0.09730644478916937,0.11360278139939158
2014-09-26,4512.18994140625,nasdaq,0.2792174233355716,-0.3147319988523721,0.0,0.0,0.1490866234531526,0.11360278139939158
2014-09-29,4505.85009765625,nasdaq,-0.5417168150165202,0.3536981764339303,0.0,0.0,0.09730644478916937,0.11360278139939158
2014-09-30,4493.39013671875,nasdaq,0.3621356166521387,-0.020362587457845048,0.0,0.0,0.1490866234531526,0.11360278139939158
2014-10-01,4422.08984375,nasdaq,0.09683978461648797,-0.5691096868591725,0.0,0.0,0.1490866234531526,0.11360278139939158
2014-10-02,4430.2001953125,nasdaq,0.09660801532312022,1.3192596382454223,0.0,0.0,0.1490866234531526,0.11360278139939158
2014-10-03,4475.6201171875,nasdaq,0.4624461156838032,1.7709798788987874,0.0,0.0,0.1490866234531526,0.11360278139939158
2014-10-06,4454.7998046875,nasdaq,-0.0004411069985951649,0.5511113419387506,0.0,0.0,0.09730644478916937,0.11360278139939158
2014-10-07,4385.2001953125,nasdaq,-0.5188064595675543,-0.1197587745565718,0.0,0.0,0.09730644478916937,0.11360278139939158
2014-10-08,4468.58984375,nasdaq,0.822029012166825,-0.7914281688623067,0.0,0.0,0.1490866234531526,0.11360278139939158
2014-10-09,4378.33984375,nasdaq,-0.1767509766492484,0.4500250341408688,0.0,0.0,0.09730644478916937,0.11360278139939158
2014-10-10,4276.240234375,nasdaq,0.07830875019890621,1.4665948405209503,0.0,0.0,0.1490866234531526,0.11360278139939158
2014-10-13,4213.66015625,nasdaq,0.09395233763681475,1.1572586044317315,0.0,0.0,0.1490866234531526,0.11360278139939158
2014-10-14,4227.169921875,nasdaq,-0.20704083745018725,-0.609809734868961,0.0,0.0,0.09730644478916937,0.11360278139939158
2014-10-15,4215.31982421875,nasdaq,-0.5038800104782455,-0.7364010210088511,0.0,0.0,0.09730644478916937,0.11360278139939158
2014-10-16,4217.39013671875,nasdaq,0.8072606320953626,0.9641798142117722,0.0,0.0,0.1490866234531526,0.11360278139939158
2014-10-17,4258.43994140625,nasdaq,0.1973400542437639,-0.1219143640690679,0.0,0.0,0.1490866234531526,0.11360278139939158
2014-10-20,4316.06982421875,nasdaq,-0.21566673244613263,-0.35430044492039586,0.0,0.0,0.09730644478916937,0.11360278139939158
2014-10-21,4419.47998046875,nasdaq,-0.3523909858319641,-0.1317958702414069,0.0,0.0,0.09730644478916937,0.11360278139939158
2014-10-22,4382.85009765625,nasdaq,-0.013736710628160497,0.0965945851336161,0.0,0.0,0.09730644478916937,0.11360278139939158
2014-10-23,4452.7900390625,nasdaq,0.38705212982759146,-0.07493076786411261,0.0,0.0,0.1490866234531526,0.11360278139939158
2014-10-24,4483.72021484375,nasdaq,-0.11963593492422941,-0.31900234105865277,0.0,0.0,0.09730644478916937,0.11360278139939158
2014-10-27,4485.93017578125,nasdaq,0.02790093049535799,-0.07052292921423667,0.0,0.0,0.1490866234531526,0.11360278139939158
2014-10-28,4564.2900390625,nasdaq,-0.3636919888792284,0.1321994218225618,0.0,0.0,0.09730644478916937,0.11360278139939158
2014-10-29,4549.22998046875,nasdaq,0.06520373440297589,0.1477805332066346,0.0,0.0,0.1490866234531526,0.11360278139939158
2014-10-30,4566.14013671875,nasdaq,0.25512867490190366,-0.34738913447982145,0.0,0.0,0.1490866234531526,0.11360278139939158
2014-10-31,4630.740234375,nasdaq,0.05632752571732537,-0.05646047348679135,0.0,0.0,0.1490866234531526,0.11360278139939158
2014-11-03,4638.91015625,nasdaq,-0.12720619832794072,-0.058274100076682905,0.0,0.0,0.09730644478916937,0.11360278139939158
2014-11-04,4623.64013671875,nasdaq,-0.19884164005749108,0.023863198880884617,0.0,0.0,0.09730644478916937,0.11360278139939158
2014-11-05,4620.72021484375,nasdaq,0.030583130204995368,0.19405105233675077,0.0,0.0,0.1490866234531526,0.11360278139939158
2014-11-06,4638.47021484375,nasdaq,0.644276336461249,0.24089026431181657,0.0,0.0,0.1490866234531526,0.11360278139939158
2014-11-07,4632.52978515625,nasdaq,-0.18052787603923956,0.34041458222752546,0.0,0.0,0.09730644478916937,0.11360278139939158
2014-11-10,4651.6201171875,nasdaq,0.43731878286469394,0.013833113948263863,0.0,0.0,0.1490866234531526,0.11360278139939158
2014-11-11,4660.56005859375,nasdaq,-0.6269981841896399,-0.05344982379933986,0.0,0.0,0.09730644478916937,0.11360278139939158
2014-11-12,4675.14013671875,nasdaq,-0.3245280927497495,-0.019335112970241687,0.0,0.0,0.09730644478916937,0.11360278139939158
2014-11-13,4680.14013671875,nasdaq,-0.14984796911308865,0.06152007097921498,0.0,0.0,0.09730644478916937,0.11360278139939158
2014-11-14,4688.5400390625,nasdaq,0.2354239498775199,-0.0817753158080317,0.0,0.0,0.1490866234531526,0.11360278139939158
2014-11-17,4671.0,nasdaq,-0.37449895427446306,-0.27590089362759773,0.0,0.0,0.09730644478916937,0.11360278139939158
2014-11-18,4702.43994140625,nasdaq,-0.1775461860517649,-0.178327868108457,0.0,0.0,0.09730644478916937,0.11360278139939158
2014-11-19,4675.7099609375,nasdaq,-1.0536472172702482,-0.23786295455426573,0.0,0.0,0.09730644478916937,0.11360278139939158
2014-11-20,4701.8701171875,nasdaq,-0.3491337873407509,0.04815227525831589,0.0,0.0,0.09730644478916937,0.11360278139939158
2014-11-21,4712.97021484375,nasdaq,0.5296213300092653,0.05552228234367661,0.0,0.0,0.1490866234531526,0.11360278139939158
2014-11-24,4754.89013671875,nasdaq,-0.6192418098814347,-0.24215670292046282,0.0,0.0,0.09730644478916937,0.11360278139939158
2014-11-25,4758.25,nasdaq,0.08156013383725824,-0.10694881120781442,0.0,0.0,0.1490866234531526,0.11360278139939158
2014-11-26,4787.31982421875,nasdaq,-0.4368163778162278,-0.09953397505743755,0.0,0.0,0.09730644478916937,0.11360278139939158
2014-11-28,4791.6298828125,nasdaq,-0.15107071081555556,-0.5824818468616434,0.0,0.0,0.09730644478916937,0.11360278139939158
2014-12-01,4727.35009765625,nasdaq,-0.27155874881975905,-0.1280747712969831,0.0,0.0,0.09730644478916937,0.11360278139939158
2014-12-02,4755.81005859375,nasdaq,0.04833931459625178,-0.15616727922404217,0.0,0.0,0.1490866234531526,0.11360278139939158
2014-12-03,4774.47021484375,nasdaq,-0.0057945250897935025,0.15585237685412748,0.0,0.0,0.09730644478916937,0.11360278139939158
2014-12-04,4769.43994140625,nasdaq,0.5412722329373701,-0.18691359792606552,0.0,0.0,0.1490866234531526,0.11360278139939158
2014-12-05,4780.759765625,nasdaq,0.5398536928674601,0.44128900949506406,0.0,0.0,0.1490866234531526,0.11360278139939158
2014-12-08,4740.68994140625,nasdaq,0.416003311077585,0.3228502068342254,0.0,0.0,0.1490866234531526,0.11360278139939158
2014-12-09,4766.47021484375,nasdaq,0.36140881706980765,-0.6091845740209909,0.0,0.0,0.1490866234531526,0.11360278139939158
2014-12-10,4684.02001953125,nasdaq,0.19033651549752542,-0.2718640938318286,0.0,0.0,0.1490866234531526,0.11360278139939158
2014-12-11,4708.16015625,nasdaq,-1.1787836348748848,1.764592650324215,0.0,0.0,0.09730644478916937,0.11360278139939158
2014-12-12,4653.60009765625,nasdaq,-0.7241825649289494,-0.1369097669940963,0.0,0.0,0.09730644478916937,0.11360278139939158
2014-12-15,4605.16015625,nasdaq,-0.28699056572129966,-1.26438788587399,0.0,0.0,0.09730644478916937,0.11360278139939158
2014-12-16,4547.830078125,nasdaq,0.5275873272168824,-0.40865029609242265,0.0,0.0,0.1490866234531526,0.11360278139939158
2014-12-17,4644.31005859375,nasdaq,0.09644854502980851,-0.1840250734345237,0.0,0.0,0.1490866234531526,0.11360278139939158
2014-12-18,4748.39990234375,nasdaq,-0.68391458926107,-0.3894801458535304,0.0,0.0,0.09730644478916937,0.11360278139939158
2014-12-19,4765.3798828125,nasdaq,0.2682136733520626,0.4890737143170205,0.0,0.0,0.1490866234531526,0.11360278139939158
2014-12-22,4781.419921875,nasdaq,-0.9641895154348774,0.10455126777686993,0.0,0.0,0.09730644478916937,0.11360278139939158
2014-12-23,4765.419921875,nasdaq,-0.15548471817210763,0.3562515524139535,0.0,0.0,0.09730644478916937,0.11360278139939158
2014-12-24,4773.47021484375,nasdaq,0.10537638595920973,0.08703379140124846,0.0,0.0,0.1490866234531526,0.11360278139939158
2014-12-26,4806.85986328125,nasdaq,-2.339191014510355,0.5309149711619415,0.0,0.0,0.09730644478916937,0.11360278139939158
2014-12-29,4806.91015625,nasdaq,1.1643524558508842,0.020716808432855865,0.0,0.0,0.1490866234531526,0.11360278139939158
2014-12-30,4777.43994140625,nasdaq,0.6678872777825791,0.20548550328478063,0.0,0.0,0.1490866234531526,0.11360278139939158
2014-12-31,4736.0498046875,nasdaq,-0.8095650640733881,-0.30177845400377784,0.0,0.0,0.09730644478916937,0.11360278139939158
2015-01-02,4726.81005859375,nasdaq,-0.6909395628267666,-0.21224289715386702,0.0,0.0,0.09730644478916937,0.11360278139939158
2015-01-05,4652.56982421875,nasdaq,0.3010533319716382,-0.05568665734995717,0.0,0.0,0.1490866234531526,0.11360278139939158
2015-01-06,4592.740234375,nasdaq,0.18858929733272772,0.15589596999864586,0.0,0.0,0.1490866234531526,0.11360278139939158
2015-01-07,4650.47021484375,nasdaq,-0.08847783844768263,1.1364282440582063,0.0,0.0,0.09730644478916937,0.11360278139939158
2015-01-08,4736.18994140625,nasdaq,-1.058461554967689,0.22920743839809732,0.0,0.0,0.09730644478916937,0.11360278139939158
2015-01-09,4704.06982421875,nasdaq,-0.2939057714656816,0.038453528242441484,0.0,0.0,0.09730644478916937,0.11360278139939158
2015-01-12,4664.7099609375,nasdaq,2.185712384634665,-0.6328645010035774,0.0,0.0,0.1490866234531526,0.11360278139939158
2015-01-13,4661.5,nasdaq,-0.29645806538484565,-0.4979220922389223,0.0,0.0,0.09730644478916937,0.11360278139939158
2015-01-14,4639.31982421875,nasdaq,-0.4077537814940533,-1.0212022970359642,0.0,0.0,0.09730644478916937,0.11360278139939158
2015-01-15,4570.81982421875,nasdaq,-0.7555741327821576,-0.21323361125415954,0.0,0.0,0.09730644478916937,0.11360278139939158
2015-01-16,4634.3798828125,nasdaq,0.046683711636856993,-0.05965371512729762,0.0,0.0,0.1490866234531526,0.11360278139939158
2015-01-20,4654.85009765625,nasdaq,1.0896624569028361,-1.0683549523445475,0.0,0.0,0.1490866234531526,0.11360278139939158
2015-01-21,4667.419921875,nasdaq,-0.06409010708842758,-0.9222140266295531,0.0,0.0,0.09730644478916937,0.11360278139939158
2015-01-22,4750.39990234375,nasdaq,-0.9350193029754534,-0.18419193800966896,0.0,0.0,0.09730644478916937,0.11360278139939158
2015-01-23,4757.8798828125,nasdaq,-0.2573084615766844,0.33881681304924866,0.0,0.0,0.09730644478916937,0.11360278139939158
2015-01-26,4771.759765625,nasdaq,0.14636934128088055,-0.4583112823598328,0.0,0.0,0.1490866234531526,0.11360278139939158
2015-01-27,4681.5,nasdaq,0.42584561101355684,-0.10343047090527137,0.0,0.0,0.1490866234531526,0.11360278139939158
2015-01-28,4637.990234375,nasdaq,-0.08486673682762462,0.31182557151705587,0.0,0.0,0.09730644478916937,0.11360278139939158
2015-01-29,4683.41015625,nasdaq,0.07181682656015953,-0.20239182374807285,0.0,0.0,0.1490866234531526,0.11360278139939158
2015-01-30,4635.240234375,nasdaq,-0.30567693322125344,-0.6481703360670094,0.0,0.0,0.09730644478916937,0.11360278139939158
2015-02-02,4676.68994140625,nasdaq,-0.07838152804894755,-0.6188026721767026,0.0,0.0,0.09730644478916937,0.11360278139939158
2015-02-03,4727.740234375,nasdaq,-0.1238798687019547,-0.1023287988423134,0.0,0.0,0.09730644478916937,0.11360278139939158
2015-02-04,4716.7001953125,nasdaq,-0.03373448947506169,-1.0242711138218632,0.0,0.0,0.09730644478916937,0.11360278139939158
2015-02-05,4765.10009765625,nasdaq,-0.5983416112101042,-0.7809573847746935,0.0,0.0,0.09730644478916937,0.11360278139939158
2015-02-06,4744.39990234375,nasdaq,1.0118483203024422,-0.6651396772198483,0.0,0.0,0.1490866234531526,0.11360278139939158
2015-02-09,4726.009765625,nasdaq,0.12413959348957034,-0.4583572841142322,0.0,0.0,0.1490866234531526,0.11360278139939158
2015-02-10,4787.64013671875,nasdaq,0.3240996085986858,-0.40114466703854673,0.0,0.0,0.1490866234531526,0.11360278139939158
2015-02-11,4801.18017578125,nasdaq,-0.18053934692412243,0.0608362486668018,0.0,0.0,0.09730644478916937,0.11360278139939158
2015-02-12,4857.60986328125,nasdaq,1.338145282293654,-0.18381683476924418,0.0,0.0,0.1490866234531526,0.11360278139939158
2015-02-13,4893.83984375,nasdaq,1.071202857504747,-0.4050613433751635,0.0,0.0,0.1490866234531526,0.11360278139939158
2015-02-17,4899.27001953125,nasdaq,0.16946968846861368,-0.017197699410891536,0.0,0.0,0.1490866234531526,0.11360278139939158
2015-02-18,4906.35986328125,nasdaq,0.1049994034951267,-0.18685144807916582,0.0,0.0,0.1490866234531526,0.11360278139939158
2015-02-19,4924.7001953125,nasdaq,-0.3576750118241821,0.28711880259816447,0.0,0.0,0.09730644478916937,0.11360278139939158
2015-02-20,4955.97021484375,nasdaq,-0.3610936885999018,-0.32364993759904037,0.0,0.0,0.09730644478916937,0.11360278139939158
2015-02-23,4960.97021484375,nasdaq,0.6232430143440788,-0.049446415370776584,0.0,0.0,0.1490866234531526,0.11360278139939158
2015-02-24,4968.1201171875,nasdaq,0.0003496383705931424,0.25840918602738755,0.0,0.0,0.09730644478916937,0.11360278139939158
2015-02-25,4967.14013671875,nasdaq,-0.18741920802064088,0.2262763532537642,0.0,0.0,0.09730644478916937,0.11360278139939158
2015-02-26,4987.89013671875,nasdaq,0.6227539829342894,0.057053844539636404,0.0,0.0,0.1490866234531526,0.11360278139939158
2015-02-27,4963.52978515625,nasdaq,-0.7179350046859045,-0.11752097493651101,0.0,0.0,0.09730644478916937,0.11360278139939158
2015-03-02,5008.10009765625,nasdaq,-0.01835472270985259,-0.0799448812364179,0.0,0.0,0.09730644478916937,0.11360278139939158
2015-03-03,4979.89990234375,nasdaq,-1.1949936403368706,-0.1004961657994191,0.0,0.0,0.09730644478916937,0.11360278139939158
2015-03-04,4967.14013671875,nasdaq,-0.2563326819218068,-0.1698826605433729,0.0,0.0,0.09730644478916937,0.11360278139939158
2015-03-05,4982.81005859375,nasdaq,0.07451751178040938,0.12067176673568093,0.0,0.0,0.1490866234531526,0.11360278139939158
2015-03-06,4927.3701171875,nasdaq,0.3654023432617984,0.35589092902045405,0.0,0.0,0.1490866234531526,0.11360278139939158
2015-03-09,4942.43994140625,nasdaq,0.05020630908427971,0.22618249830097686,0.0,0.0,0.1490866234531526,0.11360278139939158
2015-03-10,4859.7900390625,nasdaq,0.546507059417703,-0.009446517387583737,0.0,0.0,0.1490866234531526,0.11360278139939158
2015-03-11,4849.93994140625,nasdaq,0.6395847517313554,0.048573905995702375,0.0,0.0,0.1490866234531526,0.11360278139939158
2015-03-12,4893.2900390625,nasdaq,-0.22654770900014493,0.5007596301979395,0.0,0.0,0.09730644478916937,0.11360278139939158
2015-03-13,4871.759765625,nasdaq,0.13269861356618445,0.21807974955760667,0.0,0.0,0.1490866234531526,0.11360278139939158
2015-03-16,4929.509765625,nasdaq,-0.10823900427019209,-0.11526258496722075,0.0,0.0,0.09730644478916937,0.11360278139939158
2015-03-17,4937.43017578125,nasdaq,0.40035934495294523,-0.5807495011132885,0.0,0.0,0.1490866234531526,0.11360278139939158
2015-03-18,4982.830078125,nasdaq,-0.8224009634060054,-0.029192069703456336,0.0,0.0,0.09730644478916937,0.11360278139939158
2015-03-19,4992.3798828125,nasdaq,-0.336841996687399,0.36190242188328403,0.0,0.0,0.09730644478916937,0.11360278139939158
2015-03-20,5026.419921875,nasdaq,0.3029150707869144,0.010512406245105816,0.0,0.0,0.1490866234531526,0.11360278139939158
2015-03-23,5010.97021484375,nasdaq,-0.5113706132340671,-0.39655212913717935,0.0,0.0,0.09730644478916937,0.11360278139939158
2015-03-24,4994.72998046875,nasdaq,0.08942973709010632,-0.25871955660821794,0.0,0.0,0.1490866234531526,0.11360278139939158
2015-03-25,4876.52001953125,nasdaq,-0.10670527850712784,0.8168902236309277,0.0,0.0,0.09730644478916937,0.11360278139939158
2015-03-26,4863.35986328125,nasdaq,-0.4091420317282661,0.3733858000292988,0.0,0.0,0.09730644478916937,0.11360278139939158
2015-03-27,4891.22021484375,nasdaq,-0.4595487400267352,0.27274679669089524,0.0,0.0,0.09730644478916937,0.11360278139939158
2015-03-30,4947.43994140625,nasdaq,0.07489503838769847,0.44186037991316485,0.0,0.0,0.1490866234531526,0.11360278139939158
2015-03-31,4900.8798828125,nasdaq,-0.3016345346857772,0.4745603328066446,0.0,0.0,0.09730644478916937,0.11360278139939158
2015-04-01,4880.22998046875,nasdaq,0.7817901904550014,0.30647761755692093,0.0,0.0,0.1490866234531526,0.11360278139939158
2015-04-02,4886.93994140625,nasdaq,-0.24250978160759304,0.3218704190338535,0.0,0.0,0.09730644478916937,0.11360278139939158
2015-04-06,4917.31982421875,nasdaq,0.4821681115775869,-0.5351370233912994,0.0,0.0,0.1490866234531526,0.11360278139939158
2015-04-07,4910.22998046875,nasdaq,0.8286864789729079,0.4649356500789673,0.0,0.0,0.1490866234531526,0.11360278139939158
2015-04-08,4950.81982421875,nasdaq,1.3622960260330794,0.3464793509689399,0.0,0.0,0.1490866234531526,0.11360278139939158
2015-04-09,4974.56005859375,nasdaq,1.309761290677805,0.1765605365320299,0.0,0.0,0.1490866234531526,0.11360278139939158
2015-04-10,4995.97998046875,nasdaq,1.1556449846669503,0.2716361232016495,0.0,0.0,0.1490866234531526,0.11360278139939158
2015-04-13,4988.25,nasdaq,0.2510454136932819,0.1569496317281568,0.0,0.0,0.1490866234531526,0.11360278139939158
2015-04-14,4977.2900390625,nasdaq,-1.0938118680601392,0.004391161931407735,0.0,0.0,0.09730644478916937,0.11360278139939158
2015-04-15,5011.02001953125,nasdaq,-0.06297182473559977,0.5024572868838209,0.0,0.0,0.09730644478916937,0.11360278139939158
2015-04-16,5007.7900390625,nasdaq,-1.1239000673601576,-0.12251532234475535,0.0,0.0,0.09730644478916937,0.11360278139939158
2015-04-17,4931.81005859375,nasdaq,0.21661818937741148,-0.1753483850393251,0.0,0.0,0.1490866234531526,0.11360278139939158
2015-04-20,4994.60009765625,nasdaq,-0.16076527405950616,-0.14688395118378095,0.0,0.0,0.09730644478916937,0.11360278139939158
2015-04-21,5014.10009765625,nasdaq,0.4880147267459927,0.01571239593869613,0.0,0.0,0.1490866234531526,0.11360278139939158
2015-04-22,5035.169921875,nasdaq,0.15014907406844574,-0.05297104504184825,0.0,0.0,0.1490866234531526,0.11360278139939158
2015-04-23,5056.06005859375,nasdaq,0.4580006484454433,0.5324939964657849,0.0,0.0,0.1490866234531526,0.11360278139939158
2015-04-24,5092.080078125,nasdaq,-1.2105081858835876,0.2404560303903205,0.0,0.0,0.09730644478916937,0.11360278139939158
2015-04-27,5060.25,nasdaq,-0.865165033858187,0.47214899309525016,0.0,0.0,0.09730644478916937,0.11360278139939158
2015-04-28,5055.419921875,nasdaq,0.05903939825763053,0.441616832415112,0.0,0.0,0.1490866234531526,0.11360278139939158
2015-04-29,5023.64013671875,nasdaq,-0.5417303494949046,-0.49375595466677097,0.0,0.0,0.09730644478916937,0.11360278139939158
2015-04-30,4941.419921875,nasdaq,-0.4639342975287256,0.5002410890641074,0.0,0.0,0.09730644478916937,0.11360278139939158
2015-05-01,5005.39013671875,nasdaq,-0.13990991826307558,0.06708653942746148,0.0,0.0,0.09730644478916937,0.11360278139939158
2015-05-04,5016.93017578125,nasdaq,-0.6794716163037432,-0.028935424721572355,0.0,0.0,0.09730644478916937,0.11360278139939158
2015-05-05,4939.330078125,nasdaq,-0.002878869675916987,-0.19564729053259783,0.0,0.0,0.09730644478916937,0.11360278139939158
2015-05-06,4919.64013671875,nasdaq,0.42397071854420887,0.5079385561214679,0.0,0.0,0.1490866234531526,0.11360278139939158
2015-05-07,4945.5400390625,nasdaq,-0.6955601802250255,-1.0020460560866251,0.0,0.0,0.09730644478916937,0.11360278139939158
2015-05-08,5003.5498046875,nasdaq,-2.1214787439837353,0.1814923489254458,0.0,0.0,0.09730644478916937,0.11360278139939158
2015-05-11,4993.56982421875,nasdaq,-0.5777104377307251,-0.03454855662309141,0.0,0.0,0.09730644478916937,0.11360278139939158
2015-05-12,4976.18994140625,nasdaq,0.12714818031201805,-0.15685088423224436,0.0,0.0,0.1490866234531526,0.11360278139939158
2015-05-13,4981.68994140625,nasdaq,0.1406801364163898,0.20996090238005247,0.0,0.0,0.1490866234531526,0.11360278139939158
2015-05-14,5050.7998046875,nasdaq,0.42749686960514455,-0.360955691630006,0.0,0.0,0.1490866234531526,0.11360278139939158
2015-05-15,5048.2900390625,nasdaq,-0.4532824000212346,0.2500744779468298,0.0,0.0,0.09730644478916937,0.11360278139939158
2015-05-18,5078.43994140625,nasdaq,-0.18138769807027497,-0.39166824583027043,0.0,0.0,0.09730644478916937,0.11360278139939158
2015-05-19,5070.02978515625,nasdaq,-0.004610805405714504,0.16262913043286617,0.0,0.0,0.09730644478916937,0.11360278139939158
2015-05-20,5071.740234375,nasdaq,-0.04562072052608921,0.0866337762783747,0.0,0.0,0.09730644478916937,0.11360278139939158
2015-05-21,5090.7900390625,nasdaq,0.40134460515115267,-0.7050039837761645,0.0,0.0,0.1490866234531526,0.11360278139939158
2015-05-22,5089.35986328125,nasdaq,0.5752395883357984,-0.06832661373083335,0.0,0.0,0.1490866234531526,0.11360278139939158
2015-05-26,5032.75,nasdaq,0.3223690275778744,-0.033016451186254445,0.0,0.0,0.1490866234531526,0.11360278139939158
2015-05-27,5106.58984375,nasdaq,-0.9945320255230016,-0.854865189976419,0.0,0.0,0.09730644478916937,0.11360278139939158
2015-05-28,5097.97998046875,nasdaq,-0.7871660451858872,0.18606423741827377,0.0,0.0,0.09730644478916937,0.11360278139939158
2015-05-29,5070.02978515625,nasdaq,0.645933254977631,0.5347756049291035,0.0,0.0,0.1490866234531526,0.11360278139939158
2015-06-01,5082.93017578125,nasdaq,0.34555188511078166,0.11417670067145706,0.0,0.0,0.1490866234531526,0.11360278139939158
2015-06-02,5076.52001953125,nasdaq,-0.5608120399901345,-0.3527021434465875,0.0,0.0,0.09730644478916937,0.11360278139939158
2015-06-03,5099.22998046875,nasdaq,0.6156560918094031,0.04918654503093952,0.0,0.0,0.1490866234531526,0.11360278139939158
2015-06-04,5059.1201171875,nasdaq,0.018961978034526053,-0.34095850352531054,0.0,0.0,0.1490866234531526,0.11360278139939158
2015-06-05,5068.4599609375,nasdaq,-0.07847433290091414,0.06181966581123701,0.004006529739295107,0.0,0.09730644478916937,0.11360278139939158
2015-06-08,5021.6298828125,nasdaq,0.18056468609117682,-0.24745845676349365,0.014774836023203364,0.0,0.1490866234531526,0.11360278139939158
2015-06-09,5013.8701171875,nasdaq,0.05907869433049348,0.04828385336907926,0.022374579372062057,0.0,0.1490866234531526,0.11360278139939158
2015-06-10,5076.68994140625,nasdaq,0.1588763746815275,-0.47825346923902534,0.033546262790251184,0.0,0.1490866234531526,0.11360278139939158
2015-06-11,5082.509765625,nasdaq,-0.1406352859023099,-0.07032603106735223,0.049795542150327346,0.0,0.09730644478916937,0.11360278139939158
2015-06-12,5051.10009765625,nasdaq,0.11943872423226681,0.1281864527660028,0.07318024188804728,0.0,0.1490866234531526,0.11360278139939158
2015-06-15,5029.97021484375,nasdaq,0.22127907957661405,1.2084916516750126,0.21874911181828852,0.0,0.1490866234531526,0.11360278139939158
2015-06-16,5055.5498046875,nasdaq,0.5661708100207481,-0.5034875907498619,0.30887154082367685,0.0,0.1490866234531526,0.11360278139939158
2015-06-17,5064.8798828125,nasdaq,0.5603705806091883,0.9605589390535454,0.4317840007633078,0.0,0.1490866234531526,0.11360278139939158
2015-06-18,5132.9501953125,nasdaq,0.21867866340632922,-0.11324875269356881,0.5976022895005942,0.0,0.1490866234531526,0.11360278139939158
2015-06-19,5117.0,nasdaq,0.42315000909702444,-0.26737833050879123,0.8188701014374083,0.0,0.1490866234531526,0.11360278139939158
2015-06-22,5153.97021484375,nasdaq,2.0058156416026667,-0.24565389850104194,1.9841094744370287,0.0,0.1490866234531526,0.11360278139939158
2015-06-23,5160.08984375,nasdaq,2.5259593651390033,-0.378878100140127,2.6121409853918234,0.0,0.1490866234531526,0.11360278139939158
2015-06-24,5122.41015625,nasdaq,3.106659248489729,-0.3538976683651569,3.4047454734599345,0.0,0.1490866234531526,0.11360278139939158
2015-06-25,5112.18994140625,nasdaq,4.543645818703727,0.17260132756068897,4.393693362340742,0.0,0.1490866234531526,0.11360278139939158
2015-06-26,5080.509765625,nasdaq,5.693663962653606,-0.6157928739542128,5.613476283413372,0.0,0.1490866234531526,0.11360278139939158
2015-06-29,4958.47021484375,nasdaq,11.09947119586771,-0.33855886785338934,11.025052530448521,0.0,0.1490866234531526,0.11360278139939158
2015-06-30,4986.8701171875,nasdaq,13.452426847119009,-0.4717427835102314,13.53352832366127,0.0,0.1490866234531526,0.11360278139939158
2015-07-01,5013.1201171875,nasdaq,16.331712553522586,-0.04566318091203121,16.44744565771549,0.0,0.1490866234531526,0.11360278139939158
2015-07-02,5009.2099609375,nasdaq,19.122437381805753,0.7286547286646133,19.789869908361464,0.0,0.1490866234531526,0.11360278139939158
2015-07-06,4991.93994140625,nasdaq,37.27126514658471,0.1978080278607329,37.531109885139955,0.0,0.15223880597014924,0.11360278139939158
2015-07-07,4997.4599609375,nasdaq,42.771024965733886,0.8414846274215578,42.955735821073915,0.0,0.15223880597014924,0.11360278139939158
2015-07-08,4909.759765625,nasdaq,49.333810778720334,-2.031330507872045,48.67522559599717,0.0,0.22981366459627328,0.11360278139939158
2015-07-09,4922.39990234375,nasdaq,54.62318055562139,-0.5656969986624861,54.60744266397094,0.0,0.22981366459627328,0.11360278139939158
2015-07-10,4997.7001953125,nasdaq,60.73643854715353,-0.4570249677919967,60.653065971263345,0.0,0.22981366459627328,0.11360278139939158
2015-07-13,5071.509765625,nasdaq,78.23969724010328,-0.61653190279189,78.27045382418682,0.0,0.5285714285714286,0.11360278139939158
2015-07-14,5104.89013671875,nasdaq,83.39590636015114,0.0879896390834457,83.5270211411272,0.0,0.5285714285714286,0.11360278139939158
2015-07-15,5098.93994140625,nasdaq,88.3210702202475,0.07502282835112808,88.24969025845955,0.0,0.5285714285714286,0.11360278139939158
2015-07-16,5163.18017578125,nasdaq,92.32498850389992,0.28568780551818435,92.31163463866358,0.0,0.5285714285714286,0.11360278139939158
2015-07-17,5210.14013671875,nasdaq,95.56650986613626,0.04015494715805498,95.59974818331,0.0,0.5285714285714286,0.11360278139939158
2015-07-20,5218.85986328125,nasdaq,99.78004637791052,0.10314703113942376,100.0,0.0,0.5285714285714286,0.11360278139939158
2015-07-21,5208.1201171875,nasdaq,2.819088461409885,0.6643064522252398,0.0,0.0,0.1490866234531526,0.11360278139939158
2015-07-22,5171.77001953125,nasdaq,-3.4448983757913947,0.4113829485641739,0.0,0.0,0.09730644478916937,0.11360278139939158
2015-07-23,5146.41015625,nasdaq,-3.6265093018195262,-0.37139570423063567,0.0,0.0,0.09730644478916937,0.11360278139939158
2015-07-24,5088.6298828125,nasdaq,-2.7755832542435313,-0.2957990098192713,0.0,0.0,0.09730644478916937,0.11360278139939158
2015-07-27,5039.77978515625,nasdaq,-2.2835640344198347,-0.4405400749009077,0.0,0.0,0.09730644478916937,0.11360278139939158
2015-07-28,5089.2099609375,nasdaq,-0.08032524311455744,0.18487128970833366,0.0,0.0,0.09730644478916937,0.11360278139939158
2015-07-29,5111.72998046875,nasdaq,-0.02639552337182511,-0.16365628596296383,0.0,0.0,0.09730644478916937,0.11360278139939158
2015-07-30,5128.77978515625,nasdaq,2.3314587659924015,0.322697884985544,0.0,0.0,0.1490866234531526,0.11360278139939158
2015-07-31,5128.27978515625,nasdaq,0.9307094169491015,-0.20604058400650216,0.0,0.0,0.1490866234531526,0.11360278139939158
2015-08-03,5115.3798828125,nasdaq,-0.22851353889963844,-0.53893281279759,0.0,0.0,0.09730644478916937,0.11360278139939158
2015-08-04,5105.5498046875,nasdaq,0.7681804432907782,0.03484268772498495,0.0,0.0,0.1490866234531526,0.11360278139939158
2015-08-05,5139.93994140625,nasdaq,0.6376699565269542,0.0673125354029706,0.0,0.0,0.1490866234531526,0.11360278139939158
2015-08-06,5056.43994140625,nasdaq,1.0974678293219031,0.7754590447900408,0.0,0.0,0.1490866234531526,0.11360278139939158
2015-08-07,5043.5400390625,nasdaq,0.07446663769851639,0.5969880321333758,0.0,0.0,0.1490866234531526,0.11360278139939158
2015-08-10,5101.7998046875,nasdaq,-0.3982455159948207,0.8792958842950858,0.0,0.0,0.09730644478916937,0.11360278139939158
2015-08-11,5036.7900390625,nasdaq,-1.8775847340535334,-0.1065878213366184,0.0,0.0,0.09730644478916937,0.11360278139939158
2015-08-12,5044.39013671875,nasdaq,-1.4147325429419004,0.4697192993568669,0.0,0.0,0.09730644478916937,0.11360278139939158
2015-08-13,5033.56005859375,nasdaq,1.3141908326946967,0.8380695239695096,0.0,0.0,0.1490866234531526,0.11360278139939158
2015-08-14,5048.240234375,nasdaq,-0.02714844615325742,0.6952201060796653,0.0,0.0,0.09730644478916937,0.11360278139939158
2015-08-17,5091.7001953125,nasdaq,-0.08534172053517813,0.22039701773711812,0.0,0.0,0.09730644478916937,0.11360278139939158
2015-08-18,5059.35009765625,nasdaq,-0.9788217140400797,0.108787107729237,0.0,0.0,0.09730644478916937,0.11360278139939158
2015-08-19,5019.0498046875,nasdaq,0.13707202750954187,0.639573951944351,0.0,0.0,0.1490866234531526,0.11360278139939158
2015-08-20,4877.490234375,nasdaq,-0.26145978929726404,-0.28180593275424887,0.0,0.0,0.09730644478916937,0.11360278139939158
2015-08-21,4706.0400390625,nasdaq,0.11069321508850048,0.40560485506840166,0.0,0.0,0.1490866234531526,0.11360278139939158
2015-08-24,4526.25,nasdaq,-0.05736256681920822,1.2968479527098733,0.0,0.0,0.09730644478916937,0.11360278139939158
2015-08-25,4506.490234375,nasdaq,-0.8015279436640947,0.10442191300337517,0.0,0.0,0.09730644478916937,0.11360278139939158
2015-08-26,4697.5400390625,nasdaq,0.32240995897588925,-0.5694946909868761,0.0,0.0,0.1490866234531526,0.11360278139939158
2015-08-27,4812.7099609375,nasdaq,-0.49969791222686866,0.0737277879319975,0.0,0.0,0.09730644478916937,0.11360278139939158
2015-08-28,4828.31982421875,nasdaq,-0.1444806675117959,-0.2162274447487418,0.0,0.0,0.09730644478916937,0.11360278139939158
2015-08-31,4776.509765625,nasdaq,-0.06250743183268805,0.7071636138371211,0.0,0.0,0.09730644478916937,0.11360278139939158
2015-09-01,4636.10009765625,nasdaq,0.029831296331850835,-0.48042408235091616,0.0,0.0,0.1490866234531526,0.11360278139939158
2015-09-02,4749.97998046875,nasdaq,-0.5341459703494851,-0.3041277598466469,0.0,0.0,0.09730644478916937,0.11360278139939158
2015-09-03,4733.5,nasdaq,-0.33246986960172836,0.3897722821984135,0.0,0.0,0.09730644478916937,0.11360278139939158
2015-09-04,4683.919921875,nasdaq,-0.019366951374189114,0.24349369342908145,0.0,0.0,0.09730644478916937,0.11360278139939158
2015-09-08,4811.93017578125,nasdaq,-0.5274210552892988,0.5820260711185741,0.0,0.0,0.09730644478916937,0.11360278139939158
2015-09-09,4756.52978515625,nasdaq,-0.18546123718217053,-1.08962520923307,0.0,0.0,0.09730644478916937,0.11360278139939158
2015-09-10,4796.25,nasdaq,-0.06064865858361053,0.9236247616851954,0.0,0.0,0.09730644478916937,0.11360278139939158
2015-09-11,4822.33984375,nasdaq,0.2993553257689018,0.8418635145851032,0.0,0.0,0.1490866234531526,0.11360278139939158
2015-09-14,4805.759765625,nasdaq,0.14052308822506226,-1.348798115842063,0.0,0.0,0.1490866234531526,0.11360278139939158
2015-09-15,4860.52001953125,nasdaq,-0.30530728997083023,0.3885537669794844,0.0,0.0,0.09730644478916937,0.11360278139939158
2015-09-16,4889.240234375,nasdaq,-0.015617288330378142,-0.710746890956308,0.0,0.0,0.09730644478916937,0.11360278139939158
2015-09-17,4893.9501953125,nasdaq,0.1976612816057055,-0.26857853973019535,0.0,0.0,0.1490866234531526,0.11360278139939158
2015-09-18,4827.22998046875,nasdaq,-0.34404442349893527,3.0303552513682623,0.0,0.0,0.09730644478916937,0.11360278139939158
2015-09-21,4828.9501953125,nasdaq,-0.5827183309467769,0.7290108778013542,0.0,0.0,0.09730644478916937,0.11360278139939158
2015-09-22,4756.72021484375,nasdaq,-0.43917184481125976,-0.8561713613820732,0.0,0.0,0.09730644478916937,0.11360278139939158
2015-09-23,4752.740234375,nasdaq,-0.09827465500827133,0.39206523513963637,0.0,0.0,0.09730644478916937,0.11360278139939158
2015-09-24,4734.47998046875,nasdaq,-0.047342068451820964,0.7748930261879684,0.0,0.0,0.09730644478916937,0.11360278139939158
2015-09-25,4686.5,nasdaq,-0.12568140101551162,0.2197430243146459,0.0,0.0,0.09730644478916937,0.11360278139939158
2015-09-28,4543.97021484375,nasdaq,-0.18514269166138458,-1.7803125252790755,0.0,0.0,0.09730644478916937,0.11360278139939158
2015-09-29,4517.31982421875,nasdaq,0.5394606092858775,-1.607020847464758,0.0,0.0,0.1490866234531526,0.11360278139939158
2015-09-30,4620.16015625,nasdaq,-0.05450299686781672,-1.980554339089712,0.0,0.0,0.09730644478916937,0.11360278139939158
2015-10-01,4627.080078125,nasdaq,-0.4861296620897257,-0.0882331537753336,0.0,0.0,0.09730644478916937,0.11360278139939158
2015-10-02,4707.77978515625,nasdaq,0.0596584700305519,-1.135481970720411,0.0,0.0,0.1490866234531526,0.11360278139939158
2015-10-05,4781.259765625,nasdaq,0.32470406262389884,-0.46000739890326453,0.0,0.0,0.1490866234531526,0.11360278139939158
2015-10-06,4748.35986328125,nasdaq,-0.2352704678777477,0.9197447557753275,0.0,0.0,0.09730644478916937,0.11360278139939158
2015-10-07,4791.14990234375,nasdaq,0.06250220307033981,-0.4641315773591635,0.0,0.0,0.1490866234531526,0.11360278139939158
2015-10-08,4810.7900390625,nasdaq,-0.05479033985638267,-0.9466205386697355,0.0,0.0,0.09730644478916937,0.11360278139939158
2015-10-09,4830.47021484375,nasdaq,-0.4039460070055051,-0.2546223548849323,0.0,0.0,0.09730644478916937,0.11360278139939158
2015-10-12,4838.64013671875,nasdaq,0.006614944405775433,0.20474128370864633,0.0,0.0,0.1,0.11360278139939158
2015-10-13,4796.60986328125,nasdaq,-0.3086856542852907,-0.15610556812867457,0.0,0.0,0.09730644478916937,0.11360278139939158
2015-10-14,4782.85009765625,nasdaq,0.37253940840970395,0.03521463270917162,0.0,0.0,0.1490866234531526,0.11360278139939158
2015-10-15,4870.10009765625,nasdaq,0.44031149434008854,0.17278489208197426,0.0,0.0,0.1490866234531526,0.11360278139939158
2015-10-16,4886.68994140625,nasdaq,0.027880849608060327,-0.12534186893165467,0.0,0.0,0.1490866234531526,0.11360278139939158
2015-10-19,4905.47021484375,nasdaq,0.21703091870053182,-0.11590104842459574,0.0,0.0,0.1490866234531526,0.11360278139939158
2015-10-20,4880.97021484375,nasdaq,-0.19299321353829538,-0.21972127747568346,0.0,0.0,0.09730644478916937,0.11360278139939158
2015-10-21,4840.1201171875,nasdaq,-0.9588605749261867,0.04049335896734486,0.0,0.0,0.09730644478916937,0.11360278139939158
2015-10-22,4920.0498046875,nasdaq,-0.3961522064014775,0.11244111860107256,0.0,0.0,0.09730644478916937,0.11360278139939158
2015-10-23,5031.85986328125,nasdaq,0.8525976404437354,-0.23396089316732652,0.0,0.0,0.1490866234531526,0.11360278139939158
2015-10-26,5034.7001953125,nasdaq,-0.06504513974574953,0.3363201062292656,0.0,0.0,0.09730644478916937,0.11360278139939158
2015-10-27,5030.14990234375,nasdaq,-0.33799720449367465,-0.08967135658671083,0.0,0.0,0.09730644478916937,0.11360278139939158
2015-10-28,5095.68994140625,nasdaq,0.07018217134802737,0.2529625692788739,0.0,0.0,0.1490866234531526,0.11360278139939158
2015-10-29,5074.27001953125,nasdaq,-0.4853425926368012,-0.14032144373260064,0.0,0.0,0.09730644478916937,0.11360278139939158
2015-10-30,5053.75,nasdaq,0.49276727115566665,-0.22499023528103018,0.0,0.0,0.1490866234531526,0.11360278139939158
2015-11-02,5127.14990234375,nasdaq,-0.5552379178261633,0.036646067461167275,0.0,0.0,0.09730644478916937,0.11360278139939158
2015-11-03,5145.1298828125,nasdaq,0.8956372259030976,-0.05427748114153853,0.0,0.0,0.1490866234531526,0.11360278139939158
2015-11-04,5142.47998046875,nasdaq,0.11060808241615247,0.1143224979774286,0.0,0.0,0.1490866234531526,0.11360278139939158
2015-11-05,5127.740234375,nasdaq,0.37870428656098565,-0.071923168307922,0.0,0.0,0.1490866234531526,0.11360278139939158
2015-11-06,5147.1201171875,nasdaq,0.14942485586288226,-0.03678460958725907,0.0,0.0,0.1490866234531526,0.11360278139939158
2015-11-09,5095.2998046875,nasdaq,-0.20070770431440046,-0.2107528830450096,0.0,0.0,0.09730644478916937,0.11360278139939158
2015-11-10,5083.240234375,nasdaq,0.6778755894495229,-0.17264661232735007,0.0,0.0,0.1490866234531526,0.11360278139939158
2015-11-11,5067.02001953125,nasdaq,0.29886310796528426,0.09770016365997364,0.0,0.0,0.1490866234531526,0.11360278139939158
2015-11-12,5005.080078125,nasdaq,-0.2089566565148498,0.22769442966660816,0.0,0.0,0.09730644478916937,0.11360278139939158
2015-11-13,4927.8798828125,nasdaq,-0.6600158261404669,-0.6586765136057401,0.0,0.0,0.09730644478916937,0.11360278139939158
2015-11-16,4984.6201171875,nasdaq,0.2904445626104091,0.0056838038357656315,0.0,0.0,0.1490866234531526,0.11360278139939158
2015-11-17,4986.02001953125,nasdaq,1.1111297084306566,-0.4845894952514493,0.0,0.0,0.1490866234531526,0.11360278139939158
2015-11-18,5075.2001953125,nasdaq,0.8013149999410273,0.24524217369402107,0.0,0.0,0.1490866234531526,0.11360278139939158
2015-11-19,5073.64013671875,nasdaq,1.221445964231253,0.10928774847255844,0.0,0.0,0.1490866234531526,0.11360278139939158
2015-11-20,5104.919921875,nasdaq,-0.1693882676910594,-0.04229585872366183,0.0,0.0,0.09730644478916937,0.11360278139939158
2015-11-23,5102.47998046875,nasdaq,-0.3045802441590621,0.0641891992431029,0.0,0.0,0.09730644478916937,0.11360278139939158
2015-11-24,5102.81005859375,nasdaq,-0.8389724520859743,-0.6530075836693535,0.0,0.0,0.09730644478916937,0.11360278139939158
2015-11-25,5116.14013671875,nasdaq,-0.3694158117436511,-0.5576576786098006,0.0,0.0,0.09730644478916937,0.11360278139939158
2015-11-27,5127.52001953125,nasdaq,-0.7978451465295399,0.18753039753147702,0.0,0.0,0.09730644478916937,0.11360278139939158
2015-11-30,5108.669921875,nasdaq,-0.7637531590688872,-0.28659995781946734,0.0,0.0,0.09730644478916937,0.11360278139939158
2015-12-01,5156.31005859375,nasdaq,-0.8212700042665273,-0.06909668152626613,0.0,0.0,0.09730644478916937,0.11360278139939158
2015-12-02,5123.22021484375,nasdaq,-1.2004771749698786,-0.7099683933385914,0.0,0.0,0.09730644478916937,0.11360278139939158
2015-12-03,5037.52978515625,nasdaq,0.43583290490053683,0.4140034298645903,0.0,0.0,0.1490866234531526,0.11360278139939158
2015-12-04,5142.27001953125,nasdaq,0.00734834590819744,0.02340183017913132,0.0,0.0,0.1,0.11360278139939158
2015-12-07,5101.81005859375,nasdaq,0.7953772443920307,0.36568983170018143,0.0,0.0,0.1490866234531526,0.11360278139939158
2015-12-08,5098.240234375,nasdaq,0.28499429180651326,0.14111349691171662,0.0,0.0,0.1490866234531526,0.11360278139939158
2015-12-09,5022.8701171875,nasdaq,0.0022300816258664946,-0.017467331428507968,0.0,0.0,0.09730644478916937,0.11360278139939158
2015-12-10,5045.169921875,nasdaq,-0.08920609140741441,0.13557886965433533,0.0,0.0,0.09730644478916937,0.11360278139939158
2015-12-11,4933.47021484375,nasdaq,0.3657450301262753,0.1703779751287437,0.0,0.0,0.1490866234531526,0.11360278139939158
2015-12-14,4952.22998046875,nasdaq,0.5250176953297829,-0.5683467827571153,0.0,0.0,0.1490866234531526,0.11360278139939158
2015-12-15,4995.35986328125,nasdaq,-0.2461277276147742,-0.301547960034097,0.0,0.0,0.09730644478916937,0.11360278139939158
2015-12-16,5071.1298828125,nasdaq,0.6135107426949188,-0.2451956790697757,0.0,0.0,0.1490866234531526,0.11360278139939158
2015-12-17,5002.5498046875,nasdaq,0.3948678761691206,0.42632008434434393,0.0,0.0,0.1490866234531526,0.11360278139939158
2015-12-18,4923.080078125,nasdaq,-0.7496965879470341,-0.017892498677947614,0.0,0.0,0.09730644478916937,0.11360278139939158
2015-12-21,4968.919921875,nasdaq,0.6654482309187703,-0.01838469287043539,0.0,0.0,0.1490866234531526,0.11360278139939158
2015-12-22,5001.10986328125,nasdaq,0.7647472614569897,-0.16909513914983282,0.0,0.0,0.1490866234531526,0.11360278139939158
2015-12-23,5045.93017578125,nasdaq,0.76822881442915,0.11190953960227693,0.0,0.0,0.1490866234531526,0.11360278139939158
2015-12-24,5048.490234375,nasdaq,0.04873234087970732,-0.7665104231605594,0.0,0.0,0.1490866234531526,0.11360278139939158
2015-12-28,5040.990234375,nasdaq,0.839667606947278,-0.18646266097737224,0.0,0.004006529739295107,0.1490866234531526,0.11360278139939158
2015-12-29,5107.93994140625,nasdaq,-0.09316722203281069,0.14252640021024865,0.0,0.006252150377482026,0.09730644478916937,0.11360278139939158
2015-12-30,5065.85009765625,nasdaq,0.3406016040358583,-0.01903154055678408,0.0,0.0096593413722184,0.1490866234531526,0.11360278139939158
2015-12-31,5007.41015625,nasdaq,-0.15485875723179574,-0.15583448727098195,0.0,0.014774836023203364,0.09730644478916937,0.11360278139939158
2016-01-04,4903.08984375,nasdaq,0.23971152314399627,-0.18685971425850212,0.0,0.07318024188804728,0.1490866234531526,0.11360278139939158
2016-01-05,4891.43017578125,nasdaq,0.13320009376598055,0.2777934558383669,0.0,0.10647662366679204,0.1490866234531526,0.11360278139939158
2016-01-06,4835.759765625,nasdaq,0.38175553281691244,0.18256690130986045,0.0,0.1533810679324463,0.1490866234531526,0.11360278139939158
2016-01-07,4689.43017578125,nasdaq,-0.14209186397115198,0.08169923744999485,0.0,0.21874911181828852,0.09730644478916937,0.11360278139939158
2016-01-08,4643.6298828125,nasdaq,-0.1406864388410569,0.4855704745794185,0.0,0.30887154082367685,0.09730644478916937,0.11360278139939158
2016-01-11,4637.990234375,nasdaq,-0.18947512845183195,1.0673467648636605,0.0,0.8188701014374083,0.09730644478916937,0.11360278139939158
2016-01-12,4685.919921875,nasdaq,-0.14577160029435898,1.1718403582812742,0.0,1.1108996538242306,0.09730644478916937,0.11360278139939158
2016-01-13,4526.06005859375,nasdaq,-0.2224162719417749,1.7524625817447768,0.0,1.4920786069067842,0.09730644478916937,0.11360278139939158
2016-01-14,4615.0,nasdaq,0.09497431246874682,1.9226845724303798,0.0,1.9841094744370287,0.1490866234531526,0.11360278139939158
2016-01-15,4488.419921875,nasdaq,-0.32292275039300056,2.8634650491340343,0.0,2.6121409853918234,0.09730644478916937,0.11360278139939158
2016-01-19,4476.9501953125,nasdaq,-0.2891837939258824,6.871852905816084,0.0,7.100535373963698,0.09730644478916937,0.11360278139939158
2016-01-20,4471.68994140625,nasdaq,0.06718281067105306,8.989095801319488,0.0,8.892161745938635,0.1490866234531526,0.11360278139939158
2016-01-21,4472.06005859375,nasdaq,-0.24536198565141495,11.111031582727096,0.0,11.025052530448521,0.09730644478916937,0.11360278139939158
2016-01-22,4591.18017578125,nasdaq,-0.3751936752000031,13.568762482621997,0.0,13.53352832366127,0.09730644478916937,0.13095238095238096
2016-01-25,4518.490234375,nasdaq,0.0611733946728114,23.469070104639847,0.0,23.57460765558635,0.1490866234531526,0.17613636363636365
2016-01-26,4567.669921875,nasdaq,-0.31751652556145255,27.750770150094095,0.0,27.803730045319412,0.09730644478916937,0.17613636363636365
2016-01-27,4468.169921875,nasdaq,-0.18889924535326655,32.72693212481863,0.0,32.465246735834974,0.09730644478916937,0.17613636363636365
2016-01-28,4506.68017578125,nasdaq,-0.3984535660628658,37.67693002574876,0.0,37.531109885139955,0.09730644478916937,0.17613636363636365
2016-01-29,4613.9501953125,nasdaq,0.35404767059421266,42.92207621950953,0.0,42.955735821073915,0.1490866234531526,0.22857142857142856
2016-02-01,4620.3701171875,nasdaq,0.9865087444477304,60.430958203615866,0.0,60.653065971263345,0.1490866234531526,0.4303030303030303
2016-02-02,4516.9501953125,nasdaq,-0.5504882742851704,66.31179752498667,0.0,66.69768108584744,0.09730644478916937,0.4303030303030303
2016-02-03,4504.240234375,nasdaq,-0.4769252617024868,72.17681520121937,0.0,72.6149037073691,0.09730644478916937,0.4303030303030303
2016-02-04,4509.56005859375,nasdaq,-0.6641079635853171,78.43195077627587,0.0,78.27045382418682,0.09730644478916937,0.4303030303030303
2016-02-05,4363.14013671875,nasdaq,2.3936800554302424,83.614980374195,0.0,83.5270211411272,0.1490866234531526,0.4303030303030303
2016-02-08,4283.75,nasdaq,0.2210333125165218,95.64547129402969,0.0,95.59974818331,0.1490866234531526,1.0
2016-02-09,4268.759765625,nasdaq,0.05963571708153383,97.93298597217732,0.0,98.01986733067552,0.1490866234531526,1.0
2016-02-10,4283.58984375,nasdaq,-0.4019484169106566,99.39182320737469,0.0,99.50124791926824,0.09730644478916937,1.0
2016-02-11,4266.83984375,nasdaq,0.11783586300823022,99.92867050696533,0.0,100.0,0.1490866234531526,1.0
2016-02-12,4337.509765625,nasdaq,-0.37419760017990294,4.8348058647512255,0.0,0.0,0.09730644478916937,0.11360278139939158
2016-02-16,4435.9599609375,nasdaq,-0.011722587943349372,0.8906748187776756,0.0,0.0,0.09730644478916937,0.11360278139939158
2016-02-17,4534.06005859375,nasdaq,-0.12880807945782305,0.018342019352462376,0.0,0.0,0.09730644478916937,0.11360278139939158
2016-02-18,4487.5400390625,nasdaq,0.05973644938788007,0.18247386574518462,0.0,0.0,0.1490866234531526,0.11360278139939158
2016-02-19,4504.43017578125,nasdaq,-0.08623247549155848,-0.11897173594396913,0.0,0.0,0.09730644478916937,0.11360278139939158
2016-02-22,4570.60986328125,nasdaq,0.111829398398546,0.02726684410823636,0.0,0.0,0.1490866234531526,0.11360278139939158
2016-02-23,4503.580078125,nasdaq,-0.09285158492299414,0.108085554763896,0.0,0.0,0.09730644478916937,0.11360278139939158
2016-02-24,4542.60986328125,nasdaq,0.0160091585218939,0.8887227967836219,0.0,0.0,0.1490866234531526,0.11360278139939158
2016-02-25,4582.2001953125,nasdaq,-0.02178592646569862,-1.9494929769027756,0.0,0.0,0.09730644478916937,0.11360278139939158
2016-02-26,4590.47021484375,nasdaq,0.0518281761428094,-0.04027872651481553,0.0,0.0,0.1490866234531526,0.11360278139939158
2016-02-29,4557.9501953125,nasdaq,0.02612660915304094,-0.8335354259614819,0.0,0.0,0.1490866234531526,0.11360278139939158
2016-03-01,4689.60009765625,nasdaq,0.21356359154863433,0.3156955751184283,0.0,0.0,0.1490866234531526,0.11360278139939158
2016-03-02,4703.419921875,nasdaq,0.3542841380709088,0.1031985878692224,0.0,0.0,0.1490866234531526,0.11360278139939158
2016-03-03,4707.419921875,nasdaq,0.4658605387124731,-0.13408773879688032,0.0,0.0,0.1490866234531526,0.11360278139939158
2016-03-04,4717.02001953125,nasdaq,0.27664446471867005,0.28457679636171945,0.0,0.0,0.1490866234531526,0.11360278139939158
2016-03-07,4708.25,nasdaq,-0.053972071438058475,0.03990248942473648,0.0,0.0,0.09730644478916937,0.11360278139939158
2016-03-08,4648.81982421875,nasdaq,0.16725429453834767,-0.026564779437438624,0.0,0.0,0.1490866234531526,0.11360278139939158
2016-03-09,4674.3798828125,nasdaq,-0.14386810214639878,-0.3421650319245318,0.0,0.0,0.09730644478916937,0.11360278139939158
2016-03-10,4662.16015625,nasdaq,0.006946649418356505,0.35116983906902566,0.0,0.0,0.1,0.11360278139939158
2016-03-11,4748.47021484375,nasdaq,0.005807229567726828,-0.10678613622074168,0.0,0.0,0.09845064197587103,0.11360278139939158
2016-03-14,4750.27978515625,nasdaq,0.2496347396182255,-0.5751218636168673,0.0,0.0,0.1490866234531526,0.11360278139939158
2016-03-15,4728.669921875,nasdaq,0.08562600935972055,0.053813951184642536,0.0,0.0,0.1490866234531526,0.11360278139939158
2016-03-16,4763.97021484375,nasdaq,-0.06555946477891811,0.0015046828419603628,0.0,0.0,0.09730644478916937,0.11360278139939158
2016-03-17,4774.990234375,nasdaq,0.18482410965391716,0.15577754261372342,0.0,0.0,0.1490866234531526,0.11360278139939158
2016-03-18,4795.64990234375,nasdaq,-0.5192395533582492,-0.10265690732054478,0.0,0.0,0.09730644478916937,0.11360278139939158
2016-03-21,4808.8701171875,nasdaq,-0.32257992555867004,0.044679268812722925,0.0,0.0,0.09730644478916937,0.11360278139939158
2016-03-22,4821.66015625,nasdaq,0.19359899964987276,0.10953496891954101,0.0,0.0,0.1490866234531526,0.11360278139939158
2016-03-23,4768.85986328125,nasdaq,0.12470188778474117,-0.04108325810986831,0.0,0.0,0.1490866234531526,0.11360278139939158
2016-03-24,4773.5,nasdaq,0.2384949814339427,0.030152461104740836,0.0,0.0,0.1490866234531526,0.11360278139939158
2016-03-28,4766.7900390625,nasdaq,0.256040910597577,0.12622089831729652,0.0,0.0,0.1490866234531526,0.11360278139939158
2016-03-29,4846.6201171875,nasdaq,-0.20922875107419292,-0.2345692231668941,0.0,0.0,0.09730644478916937,0.11360278139939158
2016-03-30,4869.2900390625,nasdaq,0.019332459498450374,-0.060443319288977164,0.0,0.0,0.1490866234531526,0.11360278139939158
2016-03-31,4869.85009765625,nasdaq,-0.09004272381207615,-0.1403845152397333,0.0,0.0,0.09730644478916937,0.11360278139939158
2016-04-01,4914.5400390625,nasdaq,-0.42331945061515536,-0.20205955240518614,0.0,0.0,0.09730644478916937,0.11360278139939158
2016-04-04,4891.7998046875,nasdaq,0.22537242380801034,-0.3036693701954668,0.0,0.0,0.1490866234531526,0.11360278139939158
2016-04-05,4843.93017578125,nasdaq,0.22612629411964938,-0.41297078262635417,0.0,0.0,0.1490866234531526,0.11360278139939158
2016-04-06,4920.72021484375,nasdaq,-0.5471416276074526,-0.40578650390870546,0.0,0.0,0.09730644478916937,0.11360278139939158
2016-04-07,4848.3701171875,nasdaq,-0.11150760700394959,-0.16940008363698167,0.0,0.0,0.09730644478916937,0.11360278139939158
2016-04-08,4850.68994140625,nasdaq,-0.8735954377026125,0.5066980987717633,0.0,0.0,0.09730644478916937,0.11360278139939158
2016-04-11,4833.39990234375,nasdaq,1.2242145624389962,0.056408694488131544,0.0,0.0,0.1490866234531526,0.11360278139939158
2016-04-12,4872.08984375,nasdaq,2.7729322532697247,0.0531148579165133,0.0,0.0,0.1490866234531526,0.11360278139939158
2016-04-13,4947.419921875,nasdaq,-0.15522963195429287,0.122129931417601,0.0,0.0,0.09730644478916937,0.11360278139939158
2016-04-14,4945.89013671875,nasdaq,0.08538974293259052,0.3682379511463364,0.0,0.0,0.1490866234531526,0.11360278139939158
2016-04-15,4938.22021484375,nasdaq,1.2851888425406326,-0.034062476949213216,0.0,0.0,0.1490866234531526,0.11360278139939158
2016-04-18,4960.02001953125,nasdaq,1.0204183092865806,-0.02044783869880355,0.0,0.0,0.1490866234531526,0.11360278139939158
2016-04-19,4940.330078125,nasdaq,0.27480167373498793,0.38342001057880043,0.0,0.0,0.1490866234531526,0.11360278139939158
2016-04-20,4948.1298828125,nasdaq,-0.045988317104412105,0.18433141090083127,0.0,0.0,0.09730644478916937,0.11360278139939158
2016-04-21,4945.89013671875,nasdaq,0.379396028235583,0.10545832388599219,0.0,0.0,0.1490866234531526,0.11360278139939158
2016-04-22,4906.22998046875,nasdaq,1.2289321810976672,0.4169626568695148,0.0,0.0,0.1490866234531526,0.11360278139939158
2016-04-25,4895.7900390625,nasdaq,-1.1241571815013032,-0.05747935490582122,0.0,0.0,0.09730644478916937,0.11360278139939158
2016-04-26,4888.27978515625,nasdaq,-0.5907997895611043,0.32566100580514273,0.0,0.0,0.09730644478916937,0.11360278139939158
2016-04-27,4863.14013671875,nasdaq,0.15219398947551327,0.4269005510919257,0.0,0.0,0.1490866234531526,0.11360278139939158
2016-04-28,4805.2900390625,nasdaq,0.5263664312561265,0.20160780323631908,0.0,0.0,0.1490866234531526,0.11360278139939158
2016-04-29,4775.35986328125,nasdaq,-0.7267023058229227,0.6173572196258272,0.0,0.0,0.09730644478916937,0.11360278139939158
2016-05-02,4817.58984375,nasdaq,0.6547745299829746,0.18260447798783166,0.0,0.0,0.1490866234531526,0.11360278139939158
2016-05-03,4763.22021484375,nasdaq,-0.7171145000011728,0.38483041629914233,0.0,0.0,0.09730644478916937,0.11360278139939158
2016-05-04,4725.64013671875,nasdaq,0.12023638357275225,0.04129999350886189,0.0,0.0,0.1490866234531526,0.11360278139939158
2016-05-05,4717.08984375,nasdaq,-1.2471032917065228,0.3094538384240556,0.0,0.0,0.09730644478916937,0.11360278139939158
2016-05-06,4736.16015625,nasdaq,0.2832704254114155,-0.16001636176847753,0.0,0.0,0.1490866234531526,0.11360278139939158
2016-05-09,4750.2099609375,nasdaq,1.1865224151152503,-0.1309878787865066,0.0,0.0,0.1490866234531526,0.11360278139939158
2016-05-10,4809.8798828125,nasdaq,-1.3434654349067805,0.6313011179019964,0.0,0.0,0.09730644478916937,0.11360278139939158
2016-05-11,4760.68994140625,nasdaq,-0.41283260444406605,0.303712568130228,0.0,0.0,0.09730644478916937,0.11360278139939158
2016-05-12,4737.330078125,nasdaq,0.39795690659090427,0.16422689896609255,0.0,0.0,0.1490866234531526,0.11360278139939158
2016-05-13,4717.68017578125,nasdaq,0.5748535355815811,1.3678225592070412,0.0,0.0,0.1490866234531526,0.11360278139939158
2016-05-16,4775.4599609375,nasdaq,0.5059321768218026,0.1484254863642642,0.0,0.0,0.1490866234531526,0.11360278139939158
2016-05-17,4715.72998046875,nasdaq,-0.8246780555436571,0.2668095603502142,0.0,0.0,0.09730644478916937,0.11360278139939158
2016-05-18,4739.1201171875,nasdaq,0.10809734112558474,0.04584933741966182,0.0,0.0,0.1490866234531526,0.11360278139939158
2016-05-19,4712.52978515625,nasdaq,0.37846728562689874,0.07087709873633376,0.0,0.0,0.1490866234531526,0.11360278139939158
2016-05-20,4769.56005859375,nasdaq,-0.08513562849432167,0.28605762195486406,0.0,0.0,0.09730644478916937,0.11360278139939158
2016-05-23,4765.77978515625,nasdaq,0.49296975186006514,0.6509049455257105,0.0,0.0,0.1490866234531526,0.11360278139939158
2016-05-24,4861.06005859375,nasdaq,0.6942566533957241,-0.02484982715043978,0.0,0.0,0.1490866234531526,0.11360278139939158
2016-05-25,4894.89013671875,nasdaq,1.065990779313236,0.12123721325603007,0.0,0.0,0.1490866234531526,0.11360278139939158
2016-05-26,4901.77001953125,nasdaq,0.34767343456890243,0.0615045094623779,0.0,0.0,0.1490866234531526,0.11360278139939158
2016-05-27,4933.5,nasdaq,0.0207764086918587,0.11008857665219486,0.0,0.0,0.1490866234531526,0.11360278139939158
2016-05-31,4948.0498046875,nasdaq,0.11724329111751713,0.1618518133101842,0.0,0.0,0.1490866234531526,0.11360278139939158
2016-06-01,4952.25,nasdaq,0.3897696169986875,-0.2399974721969079,0.0,0.0,0.1490866234531526,0.11360278139939158
2016-06-02,4971.35986328125,nasdaq,0.2511342075621724,0.27950733433960934,0.0,0.0,0.1490866234531526,0.11360278139939158
2016-06-03,4942.52001953125,nasdaq,-0.6388316074077148,0.19045396572182022,0.0,0.0,0.09730644478916937,0.11360278139939158
2016-06-06,4968.7099609375,nasdaq,0.38938593039668923,0.018377337802289128,0.0,0.0,0.1490866234531526,0.11360278139939158
2016-06-07,4961.75,nasdaq,0.8070910583476408,0.20428957623000704,0.0,0.0,0.1490866234531526,0.11360278139939158
2016-06-08,4974.64013671875,nasdaq,-0.4810227652381471,0.028189801157264913,0.0,0.0,0.09730644478916937,0.11360278139939158
2016-06-09,4958.6201171875,nasdaq,0.1770018849313748,-0.09255440702283105,0.0,0.0,0.1490866234531526,0.11360278139939158
2016-06-10,4894.5498046875,nasdaq,0.031020362879268605,0.3454129932646765,0.0,0.0,0.1490866234531526,0.11360278139939158
2016-06-13,4848.43994140625,nasdaq,-0.19319996881417265,-0.48164703811640186,0.0,0.0,0.09730644478916937,0.11360278139939158
2016-06-14,4843.5498046875,nasdaq,0.181605915814571,0.08322439678974117,0.0,0.0,0.1490866234531526,0.11360278139939158
2016-06-15,4834.93017578125,nasdaq,-0.04336987156765359,0.3136935266426198,0.0,0.0,0.09730644478916937,0.11360278139939158
2016-06-16,4844.919921875,nasdaq,-0.10754664584979631,0.9059159129339114,0.0,0.0,0.09730644478916937,0.11360278139939158
2016-06-17,4800.33984375,nasdaq,0.5717750643598452,0.34990506760922124,0.0,0.0,0.1490866234531526,0.11360278139939158
2016-06-20,4837.2099609375,nasdaq,0.11963817387296109,-0.11382108430585527,0.0,0.0,0.1490866234531526,0.11360278139939158
2016-06-21,4843.759765625,nasdaq,0.19808053117489163,-0.5371015863263305,0.0,0.0,0.1490866234531526,0.11360278139939158
2016-06-22,4833.31982421875,nasdaq,-0.13478337839078774,-0.513323733631461,0.0,0.0,0.09730644478916937,0.11360278139939158
2016-06-23,4910.0400390625,nasdaq,0.3201222991607537,0.0968152251166359,0.0,0.0,0.1490866234531526,0.11360278139939158
2016-06-24,4707.97998046875,nasdaq,-0.20845885797643768,-0.15061337072546357,0.0,0.0,0.09730644478916937,0.11360278139939158
2016-06-27,4594.43994140625,nasdaq,0.07741207580040856,-0.22565920858778954,0.0,0.0,0.1490866234531526,0.11360278139939158
2016-06-28,4691.8701171875,nasdaq,-0.024385096063213645,0.34774831805403666,0.0,0.0,0.09730644478916937,0.11360278139939158
2016-06-29,4779.25,nasdaq,-0.30861738969919333,0.39863667168622463,0.0,0.0,0.09730644478916937,0.11360278139939158
2016-06-30,4842.669921875,nasdaq,-0.4684303265167268,0.688196795434942,0.0,0.0,0.09730644478916937,0.11360278139939158
2016-07-01,4862.56982421875,nasdaq,0.7944540216997344,-1.653637455075097,0.0,0.0,0.1490866234531526,0.11360278139939158
2016-07-05,4822.89990234375,nasdaq,-0.22879640842125487,0.07306392851444209,0.0,0.0,0.09730644478916937,0.11360278139939158
2016-07-06,4859.16015625,nasdaq,-0.15044893319040623,-0.5490336195546989,0.0,0.0,0.09730644478916937,0.11360278139939158
2016-07-07,4876.81005859375,nasdaq,-0.13783701127062425,1.1965454631372079,0.0,0.0,0.09730644478916937,0.11360278139939158
2016-07-08,4956.759765625,nasdaq,-0.2849731629195725,1.4108500132115565,0.0,0.0,0.09730644478916937,0.11360278139939158
2016-07-11,4988.64013671875,nasdaq,0.2285064810172954,1.033924853229022,0.0,0.0,0.1490866234531526,0.11360278139939158
2016-07-12,5022.81982421875,nasdaq,-0.5148059886099825,-0.40013016395383566,0.0,0.0,0.09730644478916937,0.11360278139939158
2016-07-13,5005.72998046875,nasdaq,-0.19617731186667658,-0.07742460661450587,0.0,0.0,0.09730644478916937,0.11360278139939158
2016-07-14,5034.06005859375,nasdaq,0.07964352549861281,-0.1926435037687134,0.0,0.0,0.1490866234531526,0.11360278139939158
2016-07-15,5029.58984375,nasdaq,-0.4231160904418489,0.2249742794286544,0.0,0.0,0.09730644478916937,0.11360278139939158
2016-07-18,5055.77978515625,nasdaq,-0.09762982111103455,-0.015414647123695934,0.0,0.0,0.09730644478916937,0.11360278139939158
2016-07-19,5036.3701171875,nasdaq,0.35487560315941247,0.03831084928447,0.0,0.0,0.1490866234531526,0.11360278139939158
2016-07-20,5089.93017578125,nasdaq,0.24364027020649978,-0.07331103087071632,0.0,0.0,0.1490866234531526,0.11360278139939158
2016-07-21,5073.89990234375,nasdaq,-0.5206137709025341,0.18961415235315845,0.0,0.0,0.09730644478916937,0.11360278139939158
2016-07-22,5100.16015625,nasdaq,-0.021109489868874506,0.13509731228848504,0.0,0.0,0.09730644478916937,0.11360278139939158
2016-07-25,5097.6298828125,nasdaq,-0.28409081649135826,0.22057771857119843,0.0,0.0,0.09730644478916937,0.11360278139939158
2016-07-26,5110.0498046875,nasdaq,-0.40671751016224494,-0.014533329747157849,0.0,0.0,0.09730644478916937,0.11360278139939158
2016-07-27,5139.81005859375,nasdaq,-0.13007031746814676,0.059384117743823975,0.0,0.0,0.09730644478916937,0.11360278139939158
2016-07-28,5154.97998046875,nasdaq,-0.4333221760951982,-0.2493748887435256,0.0,0.0,0.09730644478916937,0.11360278139939158
2016-07-29,5162.1298828125,nasdaq,-0.151212100849303,-0.3175668864068277,0.0,0.0,0.09730644478916937,0.11360278139939158
2016-08-01,5184.2001953125,nasdaq,-0.23671396321251173,-0.09488007945226369,0.0,0.0,0.09730644478916937,0.11360278139939158
2016-08-02,5137.72998046875,nasdaq,0.33735763142441955,0.10479235170438837,0.0,0.0,0.1490866234531526,0.11360278139939158
2016-08-03,5159.740234375,nasdaq,0.30416665918476415,-0.10643758838513515,0.0,0.0,0.1490866234531526,0.11360278139939158
2016-08-04,5166.25,nasdaq,0.6005332043415744,-0.15645348112301263,0.0,0.0,0.1490866234531526,0.11360278139939158
2016-08-05,5221.1201171875,nasdaq,-0.13227634164202287,-0.11911279784756523,0.0,0.0,0.09730644478916937,0.11360278139939158
2016-08-08,5213.14013671875,nasdaq,-0.8892619652451486,-0.35211909341867537,0.0,0.0,0.09730644478916937,0.11360278139939158
2016-08-09,5225.47998046875,nasdaq,-0.87511840150636,0.20952679031833038,0.0,0.0,0.09730644478916937,0.11360278139939158
2016-08-10,5204.580078125,nasdaq,0.9562660509574127,0.294022902286301,0.0,0.0,0.1490866234531526,0.11360278139939158
2016-08-11,5228.39990234375,nasdaq,2.483926238487605,-0.18600906616816193,0.0,0.0,0.1490866234531526,0.11360278139939158
2016-08-12,5232.89013671875,nasdaq,-1.1149888792202838,0.34386333387490614,0.0,0.0,0.09730644478916937,0.11360278139939158
2016-08-15,5262.02001953125,nasdaq,1.9020876517632412,-0.1749549528516208,0.0,0.0,0.1490866234531526,0.11360278139939158
2016-08-16,5227.10986328125,nasdaq,-0.5683193570254804,-0.7486548641133168,0.0,0.0,0.09730644478916937,0.11360278139939158
2016-08-17,5228.66015625,nasdaq,0.06804481098734845,-0.020000708907378453,0.0,0.0,0.1490866234531526,0.11360278139939158
2016-08-18,5240.14990234375,nasdaq,-0.7069763714964573,0.12652199642648074,0.0,0.0,0.09730644478916937,0.11360278139939158
2016-08-19,5238.3798828125,nasdaq,0.15504361838897843,-0.15950506583853802,0.0,0.0,0.1490866234531526,0.11360278139939158
2016-08-22,5244.60009765625,nasdaq,1.2752441832367618,0.7103596917993213,0.0,0.0,0.1490866234531526,0.11360278139939158
2016-08-23,5260.080078125,nasdaq,0.26925918930837794,-0.11096165717349425,0.0,0.0,0.1490866234531526,0.11360278139939158
2016-08-24,5217.68994140625,nasdaq,-1.0976979353696585,-0.05425866883303434,0.0,0.0,0.09730644478916937,0.11360278139939158
2016-08-25,5212.2001953125,nasdaq,-0.10636840116005364,0.06733843523366441,0.0,0.0,0.09730644478916937,0.11360278139939158
2016-08-26,5218.919921875,nasdaq,-0.05371549051201318,-0.06997372013905793,0.0,0.0,0.09730644478916937,0.11360278139939158
2016-08-29,5232.330078125,nasdaq,1.605846782047948,0.2881884589684523,0.0,0.0,0.1490866234531526,0.11360278139939158
2016-08-30,5222.990234375,nasdaq,-0.7662008021345931,-0.062701654613349,0.0,0.0,0.09730644478916937,0.11360278139939158
2016-08-31,5213.22021484375,nasdaq,0.21445320583574592,0.20876665109354933,0.0,0.0,0.1490866234531526,0.11360278139939158
2016-09-01,5227.2099609375,nasdaq,-0.18296992398810336,-0.4032240582133236,0.0,0.0,0.09730644478916937,0.11360278139939158
2016-09-02,5249.89990234375,nasdaq,0.7972086527514272,0.16556904156979277,0.0,0.0,0.1490866234531526,0.11360278139939158
2016-09-06,5275.91015625,nasdaq,-0.6842683102911382,-0.2789079204332394,0.0,0.0,0.09730644478916937,0.11360278139939158
2016-09-07,5283.93017578125,nasdaq,-0.6339871914930801,-0.4892003703128032,0.0,0.0,0.09730644478916937,0.11360278139939158
2016-09-08,5259.47998046875,nasdaq,-0.5873762662718304,-0.40528231308845775,0.0,0.0,0.09730644478916937,0.11360278139939158
2016-09-09,5125.91015625,nasdaq,1.1322910831743445,-0.21119153296556054,0.0,0.0,0.1490866234531526,0.11360278139939158
2016-09-12,5211.89013671875,nasdaq,-0.42845532165070216,-0.6925932768965465,0.0,0.0,0.09730644478916937,0.11360278139939158
2016-09-13,5155.25,nasdaq,-0.1357645972021794,0.3362397912173352,0.0,0.0,0.09730644478916937,0.11360278139939158
2016-09-14,5173.77001953125,nasdaq,0.12192392173315954,-0.17781206258858417,0.0,0.0,0.1490866234531526,0.11360278139939158
2016-09-15,5249.68994140625,nasdaq,1.1134265383487845,-0.26570827232545013,0.0,0.0,0.1490866234531526,0.11360278139939158
2016-09-16,5244.56982421875,nasdaq,0.6149942628646426,-0.44883318175469755,0.0,0.0,0.1490866234531526,0.11360278139939158
2016-09-19,5235.02978515625,nasdaq,0.8425138320621633,-0.8423978618864798,0.0,0.0,0.1490866234531526,0.11360278139939158
2016-09-20,5241.35009765625,nasdaq,0.4888934370754507,-0.5721889732724827,0.0,0.0,0.1490866234531526,0.11360278139939158
2016-09-21,5295.18017578125,nasdaq,2.6104596722324263,-0.2813155171869223,0.0,0.0,0.1490866234531526,0.11360278139939158
2016-09-22,5339.52001953125,nasdaq,-1.1402359352007636,-1.0174819358001101,0.0,0.0,0.09730644478916937,0.11360278139939158
2016-09-23,5305.75,nasdaq,1.351228961854938,0.1327481572508027,0.0,0.0,0.1490866234531526,0.11360278139939158
2016-09-26,5257.490234375,nasdaq,0.08670485059201141,-0.5024873634685525,0.0,0.0,0.1490866234531526,0.11360278139939158
2016-09-27,5305.7099609375,nasdaq,0.3338183179956533,0.6176527548496731,0.0,0.0,0.1490866234531526,0.11360278139939158
2016-09-28,5318.5498046875,nasdaq,-0.020973592873615384,-0.5625298996442325,0.0,0.0,0.09730644478916937,0.11360278139939158
2016-09-29,5269.14990234375,nasdaq,-0.68316602743721,0.3180778300117592,0.0,0.0,0.09730644478916937,0.11360278139939158
2016-09-30,5312.0,nasdaq,-0.0018320344256179235,-0.6998868708834207,0.0,0.0,0.09730644478916937,0.11360278139939158
2016-10-03,5300.8701171875,nasdaq,0.3567030650177444,0.20463128791357543,0.0,0.0,0.1490866234531526,0.11360278139939158
2016-10-04,5289.66015625,nasdaq,0.19736666745768855,0.03286947943765195,0.0,0.0,0.1490866234531526,0.11360278139939158
2016-10-05,5316.02001953125,nasdaq,0.050905723289232103,0.021106468517129266,0.0,0.0,0.1490866234531526,0.11360278139939158
2016-10-06,5306.85009765625,nasdaq,-0.3402875781906783,0.32377189530737865,0.0,0.0,0.09730644478916937,0.11360278139939158
2016-10-07,5292.39990234375,nasdaq,0.13836631287435083,0.2742607812970977,0.0,0.0,0.1490866234531526,0.11360278139939158
2016-10-10,5328.669921875,nasdaq,1.3294105920206216,0.18088223702295328,0.0,0.0,0.1490866234531526,0.11360278139939158
2016-10-11,5246.7900390625,nasdaq,-0.4449486526246751,0.3211080718270803,0.0,0.0,0.09730644478916937,0.11360278139939158
2016-10-12,5239.02001953125,nasdaq,-0.9250162249461498,-0.3607140927519206,0.0,0.0,0.09730644478916937,0.11360278139939158
2016-10-13,5213.330078125,nasdaq,0.6567688760292059,0.03727694914036369,0.0,0.0,0.1490866234531526,0.11360278139939158
2016-10-14,5214.16015625,nasdaq,0.30152408366677785,-0.29075372320852944,0.0,0.0,0.1490866234531526,0.11360278139939158
2016-10-17,5199.81982421875,nasdaq,0.509742706697608,-0.18686188936489934,0.0,0.0,0.1490866234531526,0.11360278139939158
2016-10-18,5243.83984375,nasdaq,0.8111728247276274,-0.07223111212370599,0.0,0.0,0.1490866234531526,0.11360278139939158
2016-10-19,5246.41015625,nasdaq,-0.5977852656317678,-0.6067980176621547,0.0,0.0,0.09730644478916937,0.11360278139939158
2016-10-20,5241.830078125,nasdaq,-0.5481186659115234,-0.06622870727832876,0.0,0.0,0.09730644478916937,0.11360278139939158
2016-10-21,5257.39990234375,nasdaq,-0.45310914386010154,-0.20054728393632915,0.0,0.0,0.09730644478916937,0.11360278139939158
2016-10-24,5309.830078125,nasdaq,-0.917970942265561,-0.2207887335001628,0.0,0.0,0.09730644478916937,0.11360278139939158
2016-10-25,5283.39990234375,nasdaq,1.2530866044851663,-0.07264189401510959,0.0,0.0,0.1490866234531526,0.11360278139939158
2016-10-26,5250.27001953125,nasdaq,0.8928904758369968,-0.2209124315485639,0.0,0.0,0.1490866234531526,0.11360278139939158
2016-10-27,5215.97021484375,nasdaq,-0.4249211633620425,-0.7988077935235802,0.0,0.0,0.09730644478916937,0.11360278139939158
2016-10-28,5190.10009765625,nasdaq,-0.5303472431259932,-0.3228639469340719,0.0,0.0,0.09730644478916937,0.11360278139939158
2016-10-31,5189.14013671875,nasdaq,-0.039012076272829564,-0.7170679897013457,0.0,0.0,0.09730644478916937,0.11360278139939158
2016-11-01,5153.580078125,nasdaq,-0.05259403345819139,-1.73331629566587,0.0,0.0,0.09730644478916937,0.11360278139939158
2016-11-02,5105.56982421875,nasdaq,0.4372205422527213,2.610693794876551,0.0,0.0,0.1490866234531526,0.11360278139939158
2016-11-03,5058.41015625,nasdaq,0.30675319598333806,-1.4599619050483195,0.0,0.0,0.1490866234531526,0.11360278139939158
2016-11-04,5046.3701171875,nasdaq,0.6278431832996011,-1.2135909770741757,0.0,0.0,0.1490866234531526,0.11360278139939158
2016-11-07,5166.169921875,nasdaq,0.2026184788522072,-0.2387810464377694,0.0,0.0,0.1490866234531526,0.11360278139939158
2016-11-08,5193.490234375,nasdaq,0.3887647082677048,0.36092804140145496,0.0,0.0,0.1490866234531526,0.11360278139939158
2016-11-09,5251.06982421875,nasdaq,0.416755306407712,-0.1701579197138914,0.0,0.0,0.1490866234531526,0.11360278139939158
2016-11-10,5208.7998046875,nasdaq,-0.24837275953821433,0.09854866584503884,0.0,0.0,0.09730644478916937,0.11360278139939158
2016-11-11,5237.10986328125,nasdaq,0.2374376926236854,-0.08599558093508707,0.0,0.0,0.1490866234531526,0.11360278139939158
2016-11-14,5218.39990234375,nasdaq,-0.11808917993101493,-0.46417251770158907,0.0,0.0,0.09730644478916937,0.11360278139939158
2016-11-15,5275.6201171875,nasdaq,-0.31063105967966853,0.0463231316343573,0.0,0.0,0.09730644478916937,0.11360278139939158
2016-11-16,5294.580078125,nasdaq,0.032663577685464004,-0.19723354352489833,0.0,0.0,0.1490866234531526,0.11360278139939158
2016-11-17,5333.97021484375,nasdaq,0.17572208861334757,0.08640857149615246,0.0,0.0,0.1490866234531526,0.11360278139939158
2016-11-18,5321.509765625,nasdaq,-0.6167005310831418,0.026651935898661227,0.0,0.0,0.09730644478916937,0.11360278139939158
2016-11-21,5368.85986328125,nasdaq,0.6474458915662049,-0.2860299371311067,0.0,0.0,0.1490866234531526,0.11360278139939158
2016-11-22,5386.35009765625,nasdaq,-0.15288838917267225,-0.6241428102326068,0.0,0.0,0.09730644478916937,0.11360278139939158
2016-11-23,5380.68017578125,nasdaq,-0.25636010619808675,-0.37947809704829427,0.0,0.0,0.09730644478916937,0.11360278139939158
2016-11-25,5398.919921875,nasdaq,0.4346330606417448,-0.09346581728980341,0.0,0.0,0.1490866234531526,0.11360278139939158
2016-11-28,5368.81005859375,nasdaq,-0.1806120951593307,-0.4147304287491892,0.0,0.0,0.09730644478916937,0.11360278139939158
2016-11-29,5379.919921875,nasdaq,0.2862837330756106,-0.4928736564296984,0.0,0.0,0.1490866234531526,0.11360278139939158
2016-11-30,5323.68017578125,nasdaq,-0.7396344968879881,0.0814069637602571,0.0,0.0,0.09730644478916937,0.11360278139939158
2016-12-01,5251.10986328125,nasdaq,-0.44832550309822355,0.4017703983299861,0.0,0.0,0.09730644478916937,0.11360278139939158
2016-12-02,5255.64990234375,nasdaq,0.021583685120164817,-0.05588601188365292,0.0,0.0,0.1490866234531526,0.11360278139939158
2016-12-05,5308.89013671875,nasdaq,-0.0986058969403683,0.04131602250732074,0.0,0.0,0.09730644478916937,0.11360278139939158
2016-12-06,5333.0,nasdaq,-0.3507368011146429,0.12213037620345088,0.0,0.0,0.09730644478916937,0.11360278139939158
2016-12-07,5393.759765625,nasdaq,-0.010034674872170727,-0.3035823320930959,0.0,0.0,0.09730644478916937,0.11360278139939158
2016-12-08,5417.35986328125,nasdaq,0.15668643721260542,-0.043901545620720746,0.0,0.0,0.1490866234531526,0.11360278139939158
2016-12-09,5444.5,nasdaq,0.3679808763850161,0.025866408563650634,0.0,0.0,0.1490866234531526,0.11360278139939158
2016-12-12,5412.5400390625,nasdaq,1.1318256824198962,-0.17055955394797875,0.0,0.0,0.1490866234531526,0.11360278139939158
2016-12-13,5463.830078125,nasdaq,-0.3306734931360667,-0.15891196479467487,0.0,0.0,0.09730644478916937,0.11360278139939158
2016-12-14,5436.669921875,nasdaq,0.054201274365328865,-0.04566105024377247,0.0,0.0,0.1490866234531526,0.11360278139939158
2016-12-15,5456.85009765625,nasdaq,0.7153950597920475,-0.06982817284705066,0.0,0.0,0.1490866234531526,0.11360278139939158
2016-12-16,5437.16015625,nasdaq,-1.0971498837007205,-0.3691184379836865,0.0,0.0,0.09730644478916937,0.11360278139939158
2016-12-19,5457.43994140625,nasdaq,-3.688832471357244,-0.023186590392848073,0.0,0.0,0.09730644478916937,0.11360278139939158
2016-12-20,5483.93994140625,nasdaq,-1.0226986016851238,-0.16465334827511538,0.0,0.0,0.09730644478916937,0.11360278139939158
2016-12-21,5471.43017578125,nasdaq,-0.14597915462678537,0.03697147276689762,0.0,0.0,0.09730644478916937,0.11360278139939158
2016-12-22,5447.419921875,nasdaq,-0.8661071190559221,0.17495380109326944,0.0,0.0,0.09730644478916937,0.11360278139939158
2016-12-23,5462.68994140625,nasdaq,2.494735729216332,0.12138929454376905,0.0,0.0,0.1490866234531526,0.11360278139939158
2016-12-27,5487.43994140625,nasdaq,1.3219982412627749,0.06963366358247053,0.0,0.0,0.1490866234531526,0.11360278139939158
2016-12-28,5438.56005859375,nasdaq,-1.8158481499448775,0.05532243518337507,0.0,0.0,0.09730644478916937,0.11360278139939158
2016-12-29,5432.08984375,nasdaq,-1.5065272425552705,-0.22407414285371374,0.0,0.0,0.09730644478916937,0.11360278139939158
2016-12-30,5383.1201171875,nasdaq,2.9845331912361237,0.5018306920373974,0.0,0.0,0.1490866234531526,0.11360278139939158
2017-01-03,5429.080078125,nasdaq,-0.15755621254909222,-0.5991543819638241,0.0,0.0,0.09730644478916937,0.11360278139939158
2017-01-04,5477.0,nasdaq,-2.0900520673705234,-0.33148989404542795,0.0,0.0,0.09730644478916937,0.11360278139939158
2017-01-05,5487.93994140625,nasdaq,1.133740169342851,0.06809603506609124,0.0,0.0,0.1490866234531526,0.11360278139939158
2017-01-06,5521.06005859375,nasdaq,0.04942941888272272,-0.048950171915031614,0.0,0.0,0.1490866234531526,0.11360278139939158
2017-01-09,5531.81982421875,nasdaq,-0.4794372144460221,-0.1496019395083263,0.0,0.0,0.09730644478916937,0.11360278139939158
2017-01-10,5551.81982421875,nasdaq,0.21005771364665882,-0.054840187764803996,0.0,0.0,0.1490866234531526,0.11360278139939158
2017-01-11,5563.64990234375,nasdaq,0.18042169303691122,0.2208287693581768,0.0,0.0,0.1490866234531526,0.11360278139939158
2017-01-12,5547.490234375,nasdaq,-0.46648455802113276,0.34844735765809093,0.0,0.0,0.09730644478916937,0.11360278139939158
2017-01-13,5574.1201171875,nasdaq,0.2359764607550761,-0.004092599698196915,0.0,0.0,0.1490866234531526,0.11360278139939158
2017-01-17,5538.72998046875,nasdaq,0.5218740639461422,0.16558807242233017,0.0,0.0,0.1490866234531526,0.11360278139939158
2017-01-18,5555.64990234375,nasdaq,-0.5851282770249068,-0.3823619139730611,0.0,0.0,0.09730644478916937,0.11360278139939158
2017-01-19,5540.080078125,nasdaq,-0.027078759938337717,-0.04594518879649611,0.0,0.0,0.09730644478916937,0.11360278139939158
2017-01-20,5555.330078125,nasdaq,0.7450948078165562,-0.028727928427473938,0.0,0.0,0.1490866234531526,0.11360278139939158
2017-01-23,5552.93994140625,nasdaq,-0.054759252986340205,0.13071826117017699,0.0,0.0,0.09730644478916937,0.11360278139939158
2017-01-24,5600.9599609375,nasdaq,-0.7764175417166936,-0.2167639065033593,0.0,0.0,0.09730644478916937,0.11360278139939158
2017-01-25,5656.33984375,nasdaq,0.7246965655417702,0.11861071750721593,0.0,0.0,0.1490866234531526,0.11360278139939158
2017-01-26,5655.18017578125,nasdaq,0.5251285305060711,0.1252786169634276,0.0,0.0,0.1490866234531526,0.11360278139939158
2017-01-27,5660.77978515625,nasdaq,-0.4442472334931941,0.13737583933234992,0.0,0.0,0.09730644478916937,0.11360278139939158
2017-01-30,5613.7099609375,nasdaq,-0.520435451369709,-0.7284529896239063,0.0,0.0,0.09730644478916937,0.11360278139939158
2017-01-31,5614.7900390625,nasdaq,0.027343611000265246,-0.07311880324083447,0.0,0.0,0.1490866234531526,0.11360278139939158
2017-02-01,5642.64990234375,nasdaq,-0.0860426858760611,-0.13617003476648187,0.0,0.0,0.09730644478916937,0.11360278139939158
2017-02-02,5636.2001953125,nasdaq,-0.13404651053872604,-0.5713249708799792,0.0,0.0,0.09730644478916937,0.11360278139939158
2017-02-03,5666.77001953125,nasdaq,-0.22200750324703952,-0.28808020811508245,0.0,0.0,0.09730644478916937,0.11360278139939158
2017-02-06,5663.5498046875,nasdaq,-0.09638240177987613,-0.23471794097714757,0.0,0.0,0.09730644478916937,0.11360278139939158
2017-02-07,5674.22021484375,nasdaq,0.3275752904987626,-0.46040354430402347,0.0,0.0,0.1490866234531526,0.11360278139939158
2017-02-08,5682.4501953125,nasdaq,-0.008339405744242617,0.09517397216319365,0.0,0.0,0.09730644478916937,0.11360278139939158
2017-02-09,5715.18017578125,nasdaq,0.026190961133477818,-0.24193348389311578,0.0,0.0,0.1490866234531526,0.11360278139939158
2017-02-10,5734.1298828125,nasdaq,-0.006182915509368944,0.026120075075690398,0.0,0.0,0.09730644478916937,0.11360278139939158
2017-02-13,5763.9599609375,nasdaq,-0.14671957772880398,0.28534998761476615,0.0,0.0,0.09730644478916937,0.11360278139939158
2017-02-14,5782.56982421875,nasdaq,-0.26401969820329557,0.12664835084554985,0.0,0.0,0.09730644478916937,0.11360278139939158
2017-02-15,5819.43994140625,nasdaq,-0.32754348287906165,0.09526830864994718,0.0,0.0,0.09730644478916937,0.11360278139939158
2017-02-16,5814.89990234375,nasdaq,0.025151916167568775,0.37596690737775446,0.0,0.0,0.1490866234531526,0.11360278139939158
2017-02-17,5838.580078125,nasdaq,0.4581734756514997,0.04243418866629772,0.0,0.0,0.1490866234531526,0.11360278139939158
2017-02-21,5865.9501953125,nasdaq,-0.1302259616498956,0.04690183014569564,0.0,0.0,0.09730644478916937,0.11360278139939158
2017-02-22,5860.6298828125,nasdaq,0.49538303125908495,-0.017388679374773133,0.0,0.0,0.1490866234531526,0.11360278139939158
2017-02-23,5835.509765625,nasdaq,0.08547264383022825,-0.03317692728809252,0.0,0.0,0.1490866234531526,0.11360278139939158
2017-02-24,5845.31005859375,nasdaq,0.5520998117594266,0.20162670068842928,0.0,0.0,0.1490866234531526,0.11360278139939158
2017-02-27,5861.89990234375,nasdaq,1.560207987339814,0.11509603503378965,0.0,0.0,0.1490866234531526,0.11360278139939158
2017-02-28,5825.43994140625,nasdaq,0.030621061895850944,0.2993283971170642,0.0,0.0,0.1490866234531526,0.11360278139939158
2017-03-01,5904.02978515625,nasdaq,-0.764651155886441,-0.0026751305335191234,0.0,0.0,0.09730644478916937,0.11360278139939158
2017-03-02,5861.22021484375,nasdaq,0.10468713828054015,-0.037084306871574074,0.0,0.0,0.1490866234531526,0.11360278139939158
2017-03-03,5870.75,nasdaq,-0.5682249897255408,-0.09722698882299692,0.0,0.0,0.09730644478916937,0.11360278139939158
2017-03-06,5849.18017578125,nasdaq,-0.13939862763360059,0.07979089391492641,0.0,0.0,0.09730644478916937,0.11360278139939158
2017-03-07,5833.93017578125,nasdaq,0.9944753729276881,-0.4423981002625632,0.0,0.0,0.1490866234531526,0.11360278139939158
2017-03-08,5837.5498046875,nasdaq,-0.956600574625742,0.23677697051708196,0.0,0.0,0.09730644478916937,0.11360278139939158
2017-03-09,5838.81005859375,nasdaq,1.0492130681973755,0.11433556928309184,0.0,0.0,0.1490866234531526,0.11360278139939158
2017-03-10,5861.72998046875,nasdaq,-1.1391962538593516,0.001779397545281113,0.0,0.0,0.09730644478916937,0.11360278139939158
2017-03-13,5875.77978515625,nasdaq,0.6474419670582051,0.11080367777149035,0.0,0.0,0.1490866234531526,0.11360278139939158
2017-03-14,5856.81982421875,nasdaq,-1.059812906731086,0.09869821890760706,0.0,0.0,0.09730644478916937,0.11360278139939158
2017-03-15,5900.0498046875,nasdaq,0.1104460539363992,-0.2755450418978055,0.0,0.0,0.1490866234531526,0.11360278139939158
2017-03-16,5900.759765625,nasdaq,1.2478565918660558,-0.07816200632556669,0.0,0.0,0.1490866234531526,0.11360278139939158
2017-03-17,5901.0,nasdaq,-0.15782138448847893,0.044210945038828386,0.0,0.0,0.09730644478916937,0.11360278139939158
2017-03-20,5901.52978515625,nasdaq,-0.7047455580051296,-0.28460866876260354,0.0,0.0,0.09730644478916937,0.11360278139939158
2017-03-21,5793.830078125,nasdaq,-2.1583356360343715,-0.48450988875711276,0.0,0.0,0.09730644478916937,0.11360278139939158
2017-03-22,5821.64013671875,nasdaq,0.48174139983326764,-0.20860903762634,0.0,0.0,0.1490866234531526,0.11360278139939158
2017-03-23,5817.68994140625,nasdaq,0.25480145879485344,-0.8028005296801998,0.0,0.0,0.1490866234531526,0.11360278139939158
2017-03-24,5828.740234375,nasdaq,2.1488649026670363,-0.9206071599807966,0.0,0.0,0.1490866234531526,0.11360278139939158
2017-03-27,5840.3701171875,nasdaq,1.8494887088754528,1.3071529248893918,0.0,0.0,0.1490866234531526,0.11360278139939158
2017-03-28,5875.14013671875,nasdaq,0.032136035908022324,-0.3558750822611116,0.0,0.0,0.1490866234531526,0.11360278139939158
2017-03-29,5897.5498046875,nasdaq,-0.26232573491272765,-0.3864776794524207,0.0,0.0,0.09730644478916937,0.11360278139939158
2017-03-30,5914.33984375,nasdaq,-0.2713459892721413,-1.6279204159605134,0.0,0.0,0.09730644478916937,0.11360278139939158
2017-03-31,5911.740234375,nasdaq,0.1263505253555518,-0.41735081020224996,0.0,0.0,0.1490866234531526,0.11360278139939158
2017-04-03,5894.68017578125,nasdaq,0.28211210534643827,0.8953559430579251,0.0,0.0,0.1490866234531526,0.11360278139939158
2017-04-04,5898.60986328125,nasdaq,-0.6028601010058152,0.6547377317104595,0.0,0.0,0.09730644478916937,0.11360278139939158
2017-04-05,5864.47998046875,nasdaq,0.28243707144089414,0.6826602153675979,0.0,0.0,0.1490866234531526,0.11360278139939158
2017-04-06,5878.9501953125,nasdaq,0.14471536034524418,0.7557258250819638,0.0,0.0,0.1490866234531526,0.11360278139939158
2017-04-07,5877.81005859375,nasdaq,-0.780089606417321,-0.24734938731390413,0.0,0.0,0.09730644478916937,0.11360278139939158
2017-04-10,5880.93017578125,nasdaq,-0.7629396210786874,-0.16623067322586893,0.0,0.0,0.09730644478916937,0.11360278139939158
2017-04-11,5866.77001953125,nasdaq,0.8324827402861793,-0.46199440714740786,0.0,0.0,0.1490866234531526,0.11360278139939158
2017-04-12,5836.16015625,nasdaq,0.048312763682300884,0.5241717849920703,0.0,0.0,0.1490866234531526,0.11360278139939158
2017-04-13,5805.14990234375,nasdaq,1.1293223152569811,-0.004992527311200353,0.0,0.0,0.1490866234531526,0.11360278139939158
2017-04-17,5856.7900390625,nasdaq,-0.01679934015227951,-0.4120322948557175,0.0,0.0,0.09730644478916937,0.11360278139939158
2017-04-18,5849.47021484375,nasdaq,-0.28968679934227143,-0.11159364766316376,0.0,0.0,0.09730644478916937,0.11360278139939158
2017-04-19,5863.02978515625,nasdaq,0.16871207424701828,-0.6694971709860382,0.0,0.0,0.1490866234531526,0.11360278139939158
2017-04-20,5916.77978515625,nasdaq,-0.09734353628565069,-0.4337548454337292,0.0,0.0,0.09730644478916937,0.11360278139939158
2017-04-21,5910.52001953125,nasdaq,0.2733179731298009,-0.31894045684604844,0.0,0.0,0.1490866234531526,0.11360278139939158
2017-04-24,5983.81982421875,nasdaq,0.16880283955296085,0.06845507678447876,0.0,0.0,0.1490866234531526,0.11360278139939158
2017-04-25,6025.490234375,nasdaq,0.4796369129856297,0.19442053112147425,0.0,0.0,0.1490866234531526,0.11360278139939158
2017-04-26,6025.22998046875,nasdaq,0.0498728692835717,0.0027869636588832743,0.0,0.0,0.1490866234531526,0.11360278139939158
2017-04-27,6048.93994140625,nasdaq,-0.1818968202224928,0.077196453343244,0.0,0.0,0.09730644478916937,0.11360278139939158
2017-04-28,6047.60986328125,nasdaq,-0.35405416092090464,0.013674632641165897,0.0,0.0,0.09730644478916937,0.11360278139939158
2017-05-01,6091.60009765625,nasdaq,-0.3656163065917996,-0.1853812870273933,0.0,0.0,0.09730644478916937,0.11360278139939158
2017-05-02,6095.3701171875,nasdaq,0.8941490267468352,0.14900756658121156,0.0,0.0,0.1490866234531526,0.11360278139939158
2017-05-03,6072.5498046875,nasdaq,0.2646940312530344,0.08493692829530308,0.0,0.0,0.1490866234531526,0.11360278139939158
2017-05-04,6075.33984375,nasdaq,0.8099885223537244,-0.059479994057088384,0.0,0.0,0.1490866234531526,0.11360278139939158
2017-05-05,6100.759765625,nasdaq,-0.09028107281210174,-0.06599557781088727,0.0,0.0,0.09730644478916937,0.11360278139939158
2017-05-08,6102.66015625,nasdaq,0.21703184516504415,-0.11620493985513905,0.0,0.0,0.1490866234531526,0.11360278139939158
2017-05-09,6120.58984375,nasdaq,-0.4724493745125384,-0.04757643047777686,0.0,0.0,0.09730644478916937,0.11360278139939158
2017-05-10,6129.14013671875,nasdaq,-0.17405894054737248,-0.171543687684353,0.0,0.0,0.09730644478916937,0.11360278139939158
2017-05-11,6115.9599609375,nasdaq,-0.30613222773472915,-0.02098044167348247,0.0,0.0,0.09730644478916937,0.11360278139939158
2017-05-12,6121.22998046875,nasdaq,-0.28753305012142666,-0.11176817025076902,0.0,0.0,0.09730644478916937,0.11360278139939158
2017-05-15,6149.669921875,nasdaq,0.34024018530168476,-0.01639899090135312,0.0,0.0,0.1490866234531526,0.11360278139939158
2017-05-16,6169.8701171875,nasdaq,0.12451288716584293,-0.11019950388151253,0.0,0.0,0.1490866234531526,0.11360278139939158
2017-05-17,6011.240234375,nasdaq,-0.0771768884501067,0.2162459669866782,0.0,0.0,0.09730644478916937,0.11360278139939158
2017-05-18,6055.1298828125,nasdaq,0.41768089364821437,-0.5105446762299133,0.0,0.0,0.1490866234531526,0.11360278139939158
2017-05-19,6083.7001953125,nasdaq,0.11753647095520589,-0.03253295054068518,0.0,0.0,0.1490866234531526,0.11360278139939158
2017-05-22,6133.6201171875,nasdaq,1.0976829625654103,-0.49574378630926896,0.0,0.0,0.1490866234531526,0.11360278139939158
2017-05-23,6138.7099609375,nasdaq,-0.03418123348284139,0.16795194060513566,0.0,0.0,0.09730644478916937,0.11360278139939158
2017-05-24,6163.02001953125,nasdaq,-0.41169957066670854,-0.1463041947005243,0.0,0.0,0.09730644478916937,0.11360278139939158
2017-05-25,6205.259765625,nasdaq,0.3742096912138222,-0.1501296682383276,0.0,0.0,0.1490866234531526,0.11360278139939158
2017-05-26,6210.18994140625,nasdaq,0.39521258816400573,0.007492080467827917,0.0,0.0,0.1490866234531526,0.11360278139939158
2017-05-30,6203.18994140625,nasdaq,1.3531336791661785,0.00032316790086749786,0.0,0.0,0.1490866234531526,0.11360278139939158
2017-05-31,6198.52001953125,nasdaq,0.03249983232032619,-0.18313593577113638,0.0,0.0,0.1490866234531526,0.11360278139939158
2017-06-01,6246.830078125,nasdaq,-0.06682886520898834,-0.3763835702129034,0.0,0.0,0.09730644478916937,0.11360278139939158
2017-06-02,6305.7998046875,nasdaq,0.31638987256129264,0.6557581310711849,0.0,0.0,0.1490866234531526,0.11360278139939158
2017-06-05,6295.68017578125,nasdaq,0.6900090131656978,0.10263829463163997,0.0,0.0,0.1490866234531526,0.11360278139939158
2017-06-06,6275.06005859375,nasdaq,-0.7309998113176628,0.39589209842007483,0.0,0.0,0.09730644478916937,0.11360278139939158
2017-06-07,6297.3798828125,nasdaq,0.6308473887417572,0.46769618592831863,0.0,0.0,0.1490866234531526,0.11360278139939158
2017-06-08,6321.759765625,nasdaq,0.48452731901153734,-0.12436330792790143,0.0,0.0,0.1490866234531526,0.11360278139939158
2017-06-09,6207.919921875,nasdaq,-0.1804479564785011,0.36239682243061705,0.0,0.0,0.09730644478916937,0.11360278139939158
2017-06-12,6175.4599609375,nasdaq,-0.8782551740412587,-0.3033203334614494,0.0,0.0,0.09730644478916937,0.11360278139939158
2017-06-13,6220.3701171875,nasdaq,-1.1755613827076725,-0.18737156009754383,0.0,0.0,0.09730644478916937,0.11360278139939158
2017-06-14,6194.89013671875,nasdaq,-0.10847600976381472,0.16095256656231802,0.0,0.0,0.09730644478916937,0.11360278139939158
2017-06-15,6165.5,nasdaq,0.05296383212070299,-0.5866478516559478,0.0,0.0,0.1490866234531526,0.11360278139939158
2017-06-16,6151.759765625,nasdaq,0.3237514089249508,-0.2773067436489353,0.0,0.0,0.1490866234531526,0.11360278139939158
2017-06-19,6239.009765625,nasdaq,0.4323659929596894,1.3903625928363479,0.0,0.0,0.1490866234531526,0.11360278139939158
2017-06-20,6188.02978515625,nasdaq,0.6894307344562881,-0.01744863967190278,0.0,0.0,0.1490866234531526,0.11360278139939158
2017-06-21,6233.9501953125,nasdaq,-0.00453195411617603,-0.1150736965976241,0.0,0.0,0.09730644478916937,0.11360278139939158
2017-06-22,6236.68994140625,nasdaq,0.7202956191581776,0.2300178390288285,0.0,0.0,0.1490866234531526,0.11360278139939158
2017-06-23,6265.25,nasdaq,0.22432029515385693,-0.6566023410387004,0.0,0.0,0.1490866234531526,0.11360278139939158
2017-06-26,6247.14990234375,nasdaq,0.13886579630620405,-0.2522068541461809,0.0,0.0,0.1490866234531526,0.11360278139939158
2017-06-27,6146.6201171875,nasdaq,0.5943948184394775,-0.2872023134002083,0.0,0.0,0.1490866234531526,0.11360278139939158
2017-06-28,6234.41015625,nasdaq,0.6663320502258758,-0.1372793475839752,0.0,0.0,0.1490866234531526,0.11360278139939158
2017-06-29,6144.35009765625,nasdaq,-0.4026523868565442,0.3766865121214681,0.0,0.0,0.09730644478916937,0.11360278139939158
2017-06-30,6140.419921875,nasdaq,-0.7460647446890372,0.052030209162221355,0.0,0.0,0.09730644478916937,0.11360278139939158
2017-07-03,6110.06005859375,nasdaq,1.3662176879357375,0.25726946531912276,0.0,0.0,0.1490866234531526,0.11360278139939158
2017-07-05,6150.85986328125,nasdaq,-3.2564588404496835,-0.00495575763754051,0.0,0.0,0.09730644478916937,0.11360278139939158
2017-07-06,6089.4599609375,nasdaq,-0.6986859820265656,-0.5040681956603825,0.0,0.0,0.09730644478916937,0.11360278139939158
2017-07-07,6153.080078125,nasdaq,0.0024709505663972763,-0.5688464488296269,0.0,0.0,0.09730644478916937,0.11360278139939158
2017-07-10,6176.39013671875,nasdaq,-0.5317599279258304,0.5437625108321167,0.0,0.0,0.09730644478916937,0.11360278139939158
2017-07-11,6193.2998046875,nasdaq,-0.9115621856367492,-0.22855649387516247,0.0,0.0,0.09730644478916937,0.11360278139939158
2017-07-12,6261.169921875,nasdaq,-2.327193113984108,-0.48867475719843706,0.0,0.0,0.09730644478916937,0.11360278139939158
2017-07-13,6274.43994140625,nasdaq,-2.041551153780382,-0.39989400099801176,0.0,0.0,0.09730644478916937,0.11360278139939158
2017-07-14,6312.47021484375,nasdaq,-1.7483800295816592,-0.5675851080611148,0.0,0.0,0.09730644478916937,0.11360278139939158
2017-07-17,6314.43017578125,nasdaq,-0.8313816890792494,-0.3091295089413519,0.0,0.0,0.09730644478916937,0.11360278139939158
2017-07-18,6344.31005859375,nasdaq,-0.27140280420327173,-0.0752012770132746,0.0,0.0,0.09730644478916937,0.11360278139939158
2017-07-19,6385.0400390625,nasdaq,0.43593247339132846,0.0007594565335113956,0.0,0.0,0.1490866234531526,0.11360278139939158
2017-07-20,6390.0,nasdaq,-0.989077830741973,0.17612918891863674,0.0,0.0,0.09730644478916937,0.11360278139939158
2017-07-21,6387.75,nasdaq,-1.0999192469805787,0.25532097860222275,0.0,0.0,0.09730644478916937,0.11360278139939158
2017-07-24,6410.81005859375,nasdaq,1.340802308913629,-0.09909775140770646,0.0,0.0,0.1490866234531526,0.11360278139939158
2017-07-25,6412.169921875,nasdaq,-0.8972246262535531,0.018634437850963026,0.0,0.0,0.09730644478916937,0.11360278139939158
2017-07-26,6422.75,nasdaq,-1.0150771381195993,-0.09841210982128222,0.0,0.0,0.09730644478916937,0.11360278139939158
2017-07-27,6382.18994140625,nasdaq,-0.4945467278989564,0.13112968190662166,0.0,0.0,0.09730644478916937,0.11360278139939158
2017-07-28,6374.68017578125,nasdaq,-0.8804022022346563,-0.10138641378108632,0.0,0.0,0.09730644478916937,0.11360278139939158
2017-07-31,6348.1201171875,nasdaq,-1.2892352787123962,-0.25363332806441585,0.0,0.0,0.09730644478916937,0.11360278139939158
2017-08-01,6362.93994140625,nasdaq,1.4332264983142295,-0.10347546460273142,0.0,0.0,0.1490866234531526,0.11360278139939158
2017-08-02,6362.64990234375,nasdaq,0.03307091087908792,-0.04041827886753171,0.0,0.0,0.1490866234531526,0.11360278139939158
2017-08-03,6340.33984375,nasdaq,1.0729084064090448,-0.10303917825240334,0.0,0.0,0.1490866234531526,0.11360278139939158
2017-08-04,6351.56005859375,nasdaq,-0.4977237646295367,-0.018290666378603028,0.0,0.0,0.09730644478916937,0.11360278139939158
2017-08-07,6383.77001953125,nasdaq,-0.22362453989579384,-0.17384766269092053,0.0,0.0,0.09730644478916937,0.11360278139939158
2017-08-08,6370.4599609375,nasdaq,1.8031333059807602,-0.33073539556598913,0.0,0.0,0.1490866234531526,0.11360278139939158
2017-08-09,6352.330078125,nasdaq,0.054088637924148975,-0.2069000946945811,0.0,0.0,0.1490866234531526,0.11360278139939158
2017-08-10,6216.8701171875,nasdaq,0.1996729466044477,-3.3941112745743864,0.0,0.0,0.1490866234531526,0.11360278139939158
2017-08-11,6256.56005859375,nasdaq,0.19538012295361426,3.596566686891447,0.0,0.0,0.1490866234531526,0.11360278139939158
2017-08-14,6340.22998046875,nasdaq,-0.26691561371149114,0.8622293465925687,0.0,0.0,0.09730644478916937,0.11360278139939158
2017-08-15,6333.009765625,nasdaq,-0.16284639962255595,0.07436533413674536,0.0,0.0,0.09730644478916937,0.11360278139939158
2017-08-16,6345.10986328125,nasdaq,0.21739173416247723,-1.2382012685877655,0.0,0.0,0.1490866234531526,0.11360278139939158
2017-08-17,6221.91015625,nasdaq,0.2261225623759911,1.5870186931260974,0.0,0.0,0.1490866234531526,0.11360278139939158
2017-08-18,6216.52978515625,nasdaq,0.030986927605542385,0.47648618121223707,0.0,0.0,0.1490866234531526,0.11360278139939158
2017-08-21,6213.1298828125,nasdaq,-0.4557585793040825,3.6878735500198445,0.0,0.0,0.09730644478916937,0.11360278139939158
2017-08-22,6297.47998046875,nasdaq,-0.19672382023084123,-0.642257681910068,0.0,0.0,0.09730644478916937,0.11360278139939158
2017-08-23,6278.41015625,nasdaq,0.11739833799413003,-2.042705350572293,0.0,0.0,0.1490866234531526,0.11360278139939158
2017-08-24,6271.330078125,nasdaq,-0.30487278967088105,1.0808215589857562,0.0,0.0,0.09730644478916937,0.11360278139939158
2017-08-25,6265.64013671875,nasdaq,0.6456309582206858,1.0608926734767765,0.0,0.0,0.1490866234531526,0.11360278139939158
2017-08-28,6283.02001953125,nasdaq,0.23477217745485499,-0.09714582515373714,0.0,0.0,0.1490866234531526,0.11360278139939158
2017-08-29,6301.89013671875,nasdaq,0.6087183679512348,0.4026241629596556,0.0,0.0,0.1490866234531526,0.11360278139939158
2017-08-30,6368.31005859375,nasdaq,0.04495425293736694,-0.40594254027062643,0.0,0.0,0.1490866234531526,0.11360278139939158
2017-08-31,6428.66015625,nasdaq,-0.2993597685600772,0.46681012722352716,0.0,0.0,0.09730644478916937,0.11360278139939158
2017-09-01,6435.330078125,nasdaq,-1.7106726028791532,-0.16999025101118065,0.0,0.0,0.09730644478916937,0.11360278139939158
2017-09-05,6375.56982421875,nasdaq,-0.6397462464393036,-0.47861497194683694,0.0,0.0,0.09730644478916937,0.11360278139939158
2017-09-06,6393.31005859375,nasdaq,0.7448166628283494,-0.22692042727587788,0.0,0.0,0.1490866234531526,0.11360278139939158
2017-09-07,6397.8701171875,nasdaq,0.8771226619831595,0.3454511616226243,0.0,0.0,0.1490866234531526,0.11360278139939158
2017-09-08,6360.18994140625,nasdaq,-0.7826976154141767,-0.17010746857496803,0.0,0.0,0.09730644478916937,0.11360278139939158
2017-09-11,6432.259765625,nasdaq,0.3633404151305791,-0.06712736648432029,0.0,0.0,0.1490866234531526,0.11360278139939158
2017-09-12,6454.27978515625,nasdaq,-0.7595061067846577,-0.0359749512332872,0.0,0.0,0.09730644478916937,0.11360278139939158
2017-09-13,6460.18994140625,nasdaq,1.7179338777685005,-0.08915226284594063,0.0,0.0,0.1490866234531526,0.11360278139939158
2017-09-14,6429.080078125,nasdaq,0.4217682980118603,0.46776717438662363,0.0,0.0,0.1490866234531526,0.11360278139939158
2017-09-15,6448.47021484375,nasdaq,0.3548376077820427,0.20682160122139767,0.0,0.0,0.1490866234531526,0.11360278139939158
2017-09-18,6454.64013671875,nasdaq,-0.28644416675548745,-0.11110285156753852,0.0,0.0,0.09730644478916937,0.11360278139939158
2017-09-19,6461.31982421875,nasdaq,-0.30819508382315597,-0.2644067147337177,0.0,0.0,0.09730644478916937,0.11360278139939158
2017-09-20,6456.0400390625,nasdaq,-0.14174991899001427,-0.026293989435742224,0.0,0.0,0.09730644478916937,0.11360278139939158
2017-09-21,6422.68994140625,nasdaq,0.03793083047667681,-0.020722937553654407,0.0,0.0,0.1490866234531526,0.11360278139939158
2017-09-22,6426.919921875,nasdaq,0.9897450209187549,-0.09020357940136708,0.0,0.0,0.1490866234531526,0.11360278139939158
2017-09-25,6370.58984375,nasdaq,0.651884492229476,-0.048368529809963354,0.0,0.0,0.1490866234531526,0.11360278139939158
2017-09-26,6380.16015625,nasdaq,0.3539918748085247,-0.05155209202375074,0.0,0.0,0.1490866234531526,0.11360278139939158
2017-09-27,6453.259765625,nasdaq,0.34774572680840493,-0.35869365639529005,0.0,0.0,0.1490866234531526,0.11360278139939158
2017-09-28,6453.4501953125,nasdaq,-0.0631576327484085,-0.17012589061465774,0.0,0.0,0.09730644478916937,0.11360278139939158
2017-09-29,6495.9599609375,nasdaq,-0.2637719110920757,0.2520128704807354,0.0,0.0,0.09730644478916937,0.11360278139939158
2017-10-02,6516.72021484375,nasdaq,0.2934916617790127,0.14497682440975718,0.0,0.0,0.1490866234531526,0.11360278139939158
2017-10-03,6531.7099609375,nasdaq,-0.13356902080596528,-0.11935068299961177,0.0,0.0,0.09730644478916937,0.11360278139939158
2017-10-04,6534.6298828125,nasdaq,0.21244748659003745,0.08481962438645502,0.0,0.0,0.1490866234531526,0.11360278139939158
2017-10-05,6585.35986328125,nasdaq,0.10161483882735008,-0.008376538703822514,0.0,0.0,0.1490866234531526,0.11360278139939158
2017-10-06,6590.18017578125,nasdaq,-0.5385259881801282,-0.11965969617114847,0.0,0.0,0.09730644478916937,0.11360278139939158
2017-10-09,6579.72998046875,nasdaq,0.14704707056402924,0.4299993189639879,0.0,0.0,0.1490866234531526,0.11360278139939158
2017-10-10,6587.25,nasdaq,0.5028496584488198,0.0047205479359770635,0.0,0.0,0.1490866234531526,0.11360278139939158
2017-10-11,6603.5498046875,nasdaq,-0.5152334367438365,0.18828829057487795,0.0,0.0,0.09730644478916937,0.11360278139939158
2017-10-12,6591.509765625,nasdaq,-0.309630894101407,0.07794023232399569,0.0,0.0,0.09730644478916937,0.11360278139939158
2017-10-13,6605.7998046875,nasdaq,-0.26312899895775044,-0.18141687672050485,0.0,0.0,0.09730644478916937,0.11360278139939158
2017-10-16,6624.0,nasdaq,0.06453878775075254,-0.0972230351066285,0.0,0.0,0.1490866234531526,0.11360278139939158
2017-10-17,6623.66015625,nasdaq,0.12797388998780324,0.13945278100210456,0.0,0.0,0.1490866234531526,0.11360278139939158
2017-10-18,6624.22021484375,nasdaq,-0.04276897111101764,0.6837800859908563,0.0,0.0,0.09730644478916937,0.11360278139939158
2017-10-19,6605.06982421875,nasdaq,0.06560735896528902,-0.26506592092769543,0.0,0.0,0.1490866234531526,0.11360278139939158
2017-10-20,6629.0498046875,nasdaq,-0.05875244086338295,-0.09988756507534141,0.0,0.0,0.09730644478916937,0.11360278139939158
2017-10-23,6586.830078125,nasdaq,-0.19703031966379686,0.0800888052754502,0.0,0.0,0.09730644478916937,0.11360278139939158
2017-10-24,6598.43017578125,nasdaq,0.1777099840774459,0.0727443124681516,0.0,0.0,0.1490866234531526,0.11360278139939158
2017-10-25,6563.89013671875,nasdaq,0.36064715785172013,-0.20724674644791968,0.0,0.0,0.1490866234531526,0.11360278139939158
2017-10-26,6556.77001953125,nasdaq,0.16608128052145585,-0.01839442558488532,0.0,0.0,0.1490866234531526,0.11360278139939158
2017-10-27,6701.259765625,nasdaq,-0.8547296961945634,-0.02484915317909328,0.0,0.0,0.09730644478916937,0.11360278139939158
2017-10-30,6698.9599609375,nasdaq,-0.5713232394910865,0.010350539739686422,0.0,0.0,0.09730644478916937,0.11360278139939158
2017-10-31,6727.669921875,nasdaq,-0.3910747531170636,0.1968110346857013,0.0,0.0,0.09730644478916937,0.11360278139939158
2017-11-01,6716.52978515625,nasdaq,0.4561256541657087,0.1830253843477822,0.0,0.0,0.1490866234531526,0.11360278139939158
2017-11-02,6714.93994140625,nasdaq,0.5170750163528847,-0.3604675383318112,0.0,0.0,0.1490866234531526,0.11360278139939158
2017-11-03,6764.43994140625,nasdaq,-0.4079939499770385,0.5820343790238356,0.0,0.0,0.09730644478916937,0.11360278139939158
2017-11-06,6786.43994140625,nasdaq,0.39628007333892673,-0.07572595561444949,0.0,0.0,0.1490866234531526,0.11360278139939158
2017-11-07,6767.77978515625,nasdaq,-0.3557901532239534,-0.09963276926802929,0.0,0.0,0.09730644478916937,0.11360278139939158
2017-11-08,6789.1201171875,nasdaq,0.40253814555011175,-0.4154995259183109,0.0,0.0,0.1490866234531526,0.11360278139939158
2017-11-09,6750.0498046875,nasdaq,-0.3713269298899496,-0.44224976517894654,0.0,0.0,0.09730644478916937,0.11360278139939158
2017-11-10,6750.93994140625,nasdaq,0.7402772853980171,0.03639260475117921,0.0,0.0,0.1490866234531526,0.11360278139939158
2017-11-13,6757.60009765625,nasdaq,0.03487415488624153,-0.41949594630049447,0.0,0.0,0.1490866234531526,0.11360278139939158
2017-11-14,6737.8701171875,nasdaq,0.07383145535933333,-0.084731046342148,0.0,0.0,0.1490866234531526,0.11360278139939158
2017-11-15,6706.2099609375,nasdaq,0.17521845397078875,-0.43227093553449975,0.0,0.0,0.1490866234531526,0.11360278139939158
2017-11-16,6793.2900390625,nasdaq,-0.07252415253985578,-0.3711558163879704,0.0,0.0,0.09730644478916937,0.11360278139939158
2017-11-17,6782.7900390625,nasdaq,0.07756297699494993,-0.012316777639928953,0.0,0.0,0.1490866234531526,0.11360278139939158
2017-11-20,6790.7099609375,nasdaq,0.10866207841551023,0.17103228469154924,0.0,0.0,0.1490866234531526,0.11360278139939158
2017-11-21,6862.47998046875,nasdaq,-0.16240021640786134,0.1756767058776063,0.0,0.0,0.09730644478916937,0.11360278139939158
2017-11-22,6867.35986328125,nasdaq,-0.46973133201822637,0.14552420465164692,0.0,0.0,0.09730644478916937,0.11360278139939158
2017-11-24,6889.16015625,nasdaq,0.23581822799229224,0.7860433333733038,0.0,0.0,0.1490866234531526,0.11360278139939158
2017-11-27,6878.52001953125,nasdaq,0.5453534478739042,0.12067486471323172,0.0,0.0,0.1490866234531526,0.11360278139939158
2017-11-28,6912.35986328125,nasdaq,1.4508683492835137,0.06507589237623791,0.0,0.0,0.1490866234531526,0.11360278139939158
2017-11-29,6824.39013671875,nasdaq,-0.0695979111489191,0.4125984995221915,0.0,0.0,0.09730644478916937,0.11360278139939158
2017-11-30,6873.97021484375,nasdaq,-0.22757806135425465,0.2294062883205493,0.0,0.0,0.09730644478916937,0.11360278139939158
2017-12-01,6847.58984375,nasdaq,-0.9095704230787514,0.0017389276868656038,0.0,0.0,0.09730644478916937,0.11360278139939158
2017-12-04,6775.3701171875,nasdaq,-0.434799441251456,-0.29740775094301986,0.0,0.0,0.09730644478916937,0.11360278139939158
2017-12-05,6762.2099609375,nasdaq,0.1594298225237486,0.2666243477004572,0.0,0.0,0.1490866234531526,0.11360278139939158
2017-12-06,6776.3798828125,nasdaq,-0.41036954388139263,-0.41158875037579756,0.0,0.0,0.09730644478916937,0.11360278139939158
2017-12-07,6812.83984375,nasdaq,-0.7341000680562008,-0.3244245050252226,0.0,0.0,0.09730644478916937,0.11360278139939158
2017-12-08,6840.080078125,nasdaq,-0.8469963060795356,0.229803504605004,0.0,0.0,0.09730644478916937,0.11360278139939158
2017-12-11,6875.080078125,nasdaq,0.4544522268811161,-0.04502694779592037,0.0,0.0,0.1490866234531526,0.11360278139939158
2017-12-12,6862.31982421875,nasdaq,0.8314998661796099,0.7749901504833199,0.0,0.0,0.1490866234531526,0.11360278139939158
2017-12-13,6875.7998046875,nasdaq,0.6915185568574492,0.09914894988708416,0.0,0.0,0.1490866234531526,0.11360278139939158
2017-12-14,6856.52978515625,nasdaq,1.2301134194633567,0.18815048676153084,0.0,0.0,0.1490866234531526,0.11360278139939158
2017-12-15,6936.580078125,nasdaq,0.08562420533700665,-0.14769298608262388,0.0,0.0,0.1490866234531526,0.11360278139939158
2017-12-18,6994.759765625,nasdaq,0.1800898089548251,0.1529101953183086,0.0,0.0,0.1490866234531526,0.11360278139939158
2017-12-19,6963.85009765625,nasdaq,-0.060933439493040885,0.7651879832341885,0.0,0.0,0.09730644478916937,0.11360278139939158
2017-12-20,6960.9599609375,nasdaq,0.17485396164608344,0.16493265517889893,0.0,0.0,0.1490866234531526,0.11360278139939158
2017-12-21,6965.35986328125,nasdaq,-0.5628831155890652,0.1769528158818791,0.0,0.0,0.09730644478916937,0.11360278139939158
2017-12-22,6959.9599609375,nasdaq,-0.6689319644698805,-0.28231741810706684,0.0,0.0,0.09730644478916937,0.11360278139939158
2017-12-26,6936.25,nasdaq,1.9316130506805609,-0.35580870039200146,0.0,0.0,0.1490866234531526,0.11360278139939158
2017-12-27,6939.33984375,nasdaq,-0.6123899189160246,0.22033994098550522,0.0,0.0,0.09730644478916937,0.11360278139939158
2017-12-28,6950.16015625,nasdaq,-0.7945653831776659,0.11505095494441199,0.0,0.0,0.09730644478916937,0.11360278139939158
2017-12-29,6903.39013671875,nasdaq,-1.741336235436812,0.028400062905082638,0.0,0.0,0.09730644478916937,0.11360278139939158
2018-01-02,7006.89990234375,nasdaq,1.0824096607132776,0.03868420536040496,0.0,0.0,0.1490866234531526,0.11360278139939158
2018-01-03,7065.52978515625,nasdaq,-0.021629168934150643,-0.019500596916825534,0.0,0.0,0.09730644478916937,0.11360278139939158
2018-01-04,7077.91015625,nasdaq,-0.026576422219943708,-0.02669753406192625,0.0,0.0,0.09730644478916937,0.11360278139939158
2018-01-05,7136.56005859375,nasdaq,0.32569266532164687,-0.17820917616469495,0.0,0.0,0.1490866234531526,0.11360278139939158
2018-01-08,7157.39013671875,nasdaq,-0.23147841966783395,0.06909325874777375,0.0,0.0,0.09730644478916937,0.11360278139939158
2018-01-09,7163.580078125,nasdaq,1.3697238710626065,-0.12131052987969393,0.0,0.0,0.1490866234531526,0.11360278139939158
2018-01-10,7153.56982421875,nasdaq,3.1288742049185037,0.09419373957177832,0.0,0.0,0.1490866234531526,0.11360278139939158
2018-01-11,7211.77978515625,nasdaq,-0.5377310346615688,0.1182585120882517,0.0,0.0,0.09730644478916937,0.11360278139939158
2018-01-12,7261.06005859375,nasdaq,-0.7488976125403787,-0.3738318301388264,0.0,0.0,0.09730644478916937,0.11360278139939158
2018-01-16,7223.68994140625,nasdaq,0.4611339279220589,0.014006786504070504,0.0,0.0,0.1490866234531526,0.11360278139939158
2018-01-17,7298.27978515625,nasdaq,0.2636995994915286,-0.004419204664263606,0.0,0.0,0.1490866234531526,0.11360278139939158
2018-01-18,7296.0498046875,nasdaq,-0.28704124975931933,0.32663671291042695,0.0,0.0,0.09730644478916937,0.11360278139939158
2018-01-19,7336.3798828125,nasdaq,0.12797343651342868,0.331446877095273,0.0,0.0,0.1490866234531526,0.11360278139939158
2018-01-22,7408.02978515625,nasdaq,1.7461118284912749,-0.47438153360083096,0.0,0.0,0.1490866234531526,0.11360278139939158
2018-01-23,7460.2900390625,nasdaq,0.4390861546587062,-0.4534387775262722,0.0,0.0,0.1490866234531526,0.11360278139939158
2018-01-24,7415.06005859375,nasdaq,0.7706973017708291,-0.20904645895755442,0.0,0.0,0.1490866234531526,0.11360278139939158
2018-01-25,7411.16015625,nasdaq,-2.0693598703249587,-0.2138480433090053,0.0,0.0,0.09730644478916937,0.11360278139939158
2018-01-26,7505.77001953125,nasdaq,0.35933708210292437,0.30112554082112586,0.0,0.0,0.1490866234531526,0.11360278139939158
2018-01-29,7466.509765625,nasdaq,-0.8317903271937793,-0.4003408902709842,0.0,0.0,0.09730644478916937,0.11360278139939158
2018-01-30,7402.47998046875,nasdaq,-1.9021304908169119,-0.4378861221188906,0.0,0.0,0.09730644478916937,0.11360278139939158
2018-01-31,7411.47998046875,nasdaq,-0.5634311689936695,-0.11579341956193999,0.0,0.0,0.09730644478916937,0.11360278139939158
2018-02-01,7385.85986328125,nasdaq,0.74184222595858,0.7538911617267805,0.0,0.0,0.1490866234531526,0.11360278139939158
2018-02-02,7240.9501953125,nasdaq,0.49765420139744276,0.13481763228251267,0.0,0.0,0.1490866234531526,0.11360278139939158
2018-02-05,6967.52978515625,nasdaq,0.15514358134038303,-0.6183399878217135,0.0,0.0,0.1490866234531526,0.11360278139939158
2018-02-06,7115.8798828125,nasdaq,-0.7849481580031897,-0.5950664188480208,0.0,0.0,0.09730644478916937,0.11360278139939158
2018-02-07,7051.97998046875,nasdaq,0.5983893687030948,-0.331908893345027,0.0,0.0,0.1490866234531526,0.11360278139939158
2018-02-08,6777.16015625,nasdaq,-0.2590045667852795,1.2286126149587235,0.0,0.0,0.09730644478916937,0.11360278139939158
2018-02-09,6874.490234375,nasdaq,0.3086446198458954,2.43262543207846,0.0,0.0,0.1490866234531526,0.11360278139939158
2018-02-12,6981.9599609375,nasdaq,-0.8333070671483693,-1.2652723535426922,0.0,0.0,0.09730644478916937,0.11360278139939158
2018-02-13,7013.509765625,nasdaq,-0.5394283439451496,0.4600562253337767,0.0,0.0,0.09730644478916937,0.11360278139939158
2018-02-14,7143.6201171875,nasdaq,-0.6762830002503583,1.1996623711743255,0.0,0.0,0.09730644478916937,0.11360278139939158
2018-02-15,7256.43017578125,nasdaq,1.9108157705866327,0.6699865065284265,0.0,0.0,0.1490866234531526,0.11360278139939158
2018-02-16,7239.47021484375,nasdaq,-0.14616128574221407,-2.6476697828813553,0.0,0.0,0.09730644478916937,0.11360278139939158
2018-02-20,7234.31005859375,nasdaq,0.4717746384761312,2.7604378701514554,0.0,0.0,0.1490866234531526,0.11360278139939158
2018-02-21,7218.22998046875,nasdaq,-0.5587374870455194,1.4182697585770723,0.0,0.0,0.09730644478916937,0.11360278139939158
2018-02-22,7210.08984375,nasdaq,0.2593877947321809,-0.48101255371557755,0.0,0.0,0.1490866234531526,0.11360278139939158
2018-02-23,7337.39013671875,nasdaq,0.9340644721300786,0.5263176969625032,0.0,0.0,0.1490866234531526,0.11360278139939158
2018-02-26,7421.4599609375,nasdaq,-0.5673028417410793,0.4574784578406245,0.0,0.0,0.09730644478916937,0.11360278139939158
2018-02-27,7330.35009765625,nasdaq,-0.5351785188816203,1.2813926399444424,0.0,0.0,0.09730644478916937,0.11360278139939158
2018-02-28,7273.009765625,nasdaq,-0.3855742118601964,-0.024071448277960695,0.0,0.0,0.09730644478916937,0.11360278139939158
2018-03-01,7180.56005859375,nasdaq,-0.265959448749579,1.3527509670955329,0.0,0.0,0.09730644478916937,0.11360278139939158
2018-03-02,7257.8701171875,nasdaq,-0.08948564666634078,0.4866866709547163,0.0,0.0,0.09730644478916937,0.11360278139939158
2018-03-05,7330.7099609375,nasdaq,0.37273084314881705,-0.4664098977968448,0.0,0.0,0.1490866234531526,0.11360278139939158
2018-03-06,7372.009765625,nasdaq,0.13402387904235544,0.9315653194686883,0.0,0.0,0.1490866234531526,0.11360278139939158
2018-03-07,7396.64990234375,nasdaq,0.42593732573864296,0.1242728716326505,0.0,0.0,0.1490866234531526,0.11360278139939158
2018-03-08,7427.9501953125,nasdaq,0.419168473238489,1.1342178601689068,0.0,0.0,0.1490866234531526,0.11360278139939158
2018-03-09,7560.81005859375,nasdaq,0.4552948492101709,-0.29910875091323574,0.0,0.0,0.1490866234531526,0.11360278139939158
2018-03-12,7588.31982421875,nasdaq,-0.899767951271079,1.3460880297623772,0.0,0.0,0.09730644478916937,0.11360278139939158
2018-03-13,7511.009765625,nasdaq,1.3679617196346479,1.1439671983082036,0.0,0.0,0.1490866234531526,0.11360278139939158
2018-03-14,7496.81005859375,nasdaq,0.020415908512129002,-0.3802685891831868,0.0,0.0,0.1490866234531526,0.11360278139939158
2018-03-15,7481.740234375,nasdaq,0.18130950026707646,-0.3077845912878026,0.0,0.0,0.1490866234531526,0.11360278139939158
2018-03-16,7481.990234375,nasdaq,-1.4524695219449233,0.07866923573013651,0.0,0.0,0.09730644478916937,0.11360278139939158
2018-03-19,7344.240234375,nasdaq,0.6019483872143797,-0.7397941314614687,0.0,0.0,0.1490866234531526,0.11360278139939158
2018-03-20,7364.2998046875,nasdaq,0.3587204563161364,0.20241267896205128,0.0,0.0,0.1490866234531526,0.11360278139939158
2018-03-21,7345.2900390625,nasdaq,0.8506745004168854,-0.5650962955526401,0.0,0.0,0.1490866234531526,0.11360278139939158
2018-03-22,7166.68017578125,nasdaq,0.2673269772978008,0.49711940572002666,0.0,0.0,0.1490866234531526,0.11360278139939158
2018-03-23,6992.669921875,nasdaq,0.4072293222691291,-0.4938338872912249,0.0,0.0,0.1490866234531526,0.11360278139939158
2018-03-26,7220.5400390625,nasdaq,-0.18811387631993762,-1.3605034399283844,0.0,0.0,0.09730644478916937,0.11360278139939158
2018-03-27,7008.81005859375,nasdaq,0.04841028297529252,0.5270232568122067,0.0,0.0,0.1490866234531526,0.11360278139939158
2018-03-28,6949.22998046875,nasdaq,-0.1752952249726127,1.404135480714726,0.0,0.0,0.09730644478916937,0.11360278139939158
2018-03-29,7063.4501953125,nasdaq,-0.13168373681894865,-0.9308537058571849,0.0,0.0,0.09730644478916937,0.11360278139939158
2018-04-02,6870.1201171875,nasdaq,-0.07878796070066928,-1.166217243779852,0.0,0.0,0.09730644478916937,0.11360278139939158
2018-04-03,6941.27978515625,nasdaq,0.07510953696108875,-0.5113156271844927,0.0,0.0,0.1490866234531526,0.11360278139939158
2018-04-04,7042.10986328125,nasdaq,0.17940307918771073,-1.4487023078788352,0.0,0.0,0.1490866234531526,0.11360278139939158
2018-04-05,7076.5498046875,nasdaq,0.14341182100912797,0.7313876361232516,0.0,0.0,0.1490866234531526,0.11360278139939158
2018-04-06,6915.10986328125,nasdaq,0.05663199377308364,3.122603038920189,0.0,0.0,0.1490866234531526,0.11360278139939158
2018-04-09,6950.33984375,nasdaq,-0.0836364809228402,2.0275687685308945,0.0,0.0,0.09730644478916937,0.11360278139939158
2018-04-10,7094.2998046875,nasdaq,-0.010090517185765546,0.36739642366314,0.0,0.0,0.09730644478916937,0.11360278139939158
2018-04-11,7069.02978515625,nasdaq,-0.5207541153797897,1.4862119635255853,0.0,0.0,0.09730644478916937,0.11360278139939158
2018-04-12,7140.25,nasdaq,-0.8241858107779451,-0.23400122591678998,0.0,0.0,0.09730644478916937,0.11360278139939158
2018-04-13,7106.64990234375,nasdaq,0.5967363817311968,0.6223572489994482,0.0,0.0,0.1490866234531526,0.11360278139939158
2018-04-16,7156.27978515625,nasdaq,-0.5492561895806423,1.2711410260247247,0.0,0.0,0.09730644478916937,0.11360278139939158
2018-04-17,7281.10009765625,nasdaq,-0.27559401709677644,-0.2818677091866671,0.0,0.0,0.09730644478916937,0.11360278139939158
2018-04-18,7295.240234375,nasdaq,-0.1395050815570862,-0.967353782906967,0.0,0.0,0.09730644478916937,0.11360278139939158
2018-04-19,7238.06005859375,nasdaq,0.12399157825406484,0.17122467856059373,0.0,0.0,0.1490866234531526,0.11360278139939158
2018-04-20,7146.1298828125,nasdaq,-0.3107046403352054,-1.3079799313633302,0.0,0.0,0.09730644478916937,0.11360278139939158
2018-04-23,7128.60009765625,nasdaq,-0.17172503031890735,-0.8033827556995004,0.0,0.0,0.09730644478916937,0.11360278139939158
2018-04-24,7007.35009765625,nasdaq,-0.01933173916452067,0.13669859584750452,0.0,0.0,0.09730644478916937,0.11360278139939158
2018-04-25,7003.740234375,nasdaq,0.859812377445808,-0.9603941413728315,0.0,0.0,0.1490866234531526,0.11360278139939158
2018-04-26,7118.68017578125,nasdaq,0.1139429349256641,-0.41941334328369156,0.0,0.0,0.1490866234531526,0.11360278139939158
2018-04-27,7119.7998046875,nasdaq,0.46905529983842165,-0.4807065100658595,0.0,0.0,0.1490866234531526,0.11360278139939158
2018-04-30,7066.27001953125,nasdaq,0.666411537116669,-0.039046817397375186,0.0,0.0,0.1490866234531526,0.11360278139939158
2018-05-01,7130.7001953125,nasdaq,0.09386835339380391,-0.7420511955856048,0.0,0.0,0.1490866234531526,0.11360278139939158
2018-05-02,7100.89990234375,nasdaq,-0.08608136749453141,0.28015344198378495,0.0,0.0,0.09730644478916937,0.11360278139939158
2018-05-03,7088.14990234375,nasdaq,-0.12937343726328035,-0.1785221403861736,0.0,0.0,0.09730644478916937,0.11360278139939158
2018-05-04,7209.6201171875,nasdaq,-0.20316525329800467,-0.020049047275828874,0.0,0.0,0.09730644478916937,0.11360278139939158
2018-05-07,7265.2099609375,nasdaq,-0.15770131527298187,0.6261461227213992,0.0,0.0,0.09730644478916937,0.11360278139939158
2018-05-08,7266.89990234375,nasdaq,0.10811414410387822,0.4756115684552544,0.0,0.0,0.1490866234531526,0.11360278139939158
2018-05-09,7339.91015625,nasdaq,-0.05375019741929307,-0.018108243059597226,0.0,0.0,0.09730644478916937,0.11360278139939158
2018-05-10,7404.97021484375,nasdaq,-0.7048002439881499,0.03878013362329674,0.0,0.0,0.09730644478916937,0.11360278139939158
2018-05-11,7402.8798828125,nasdaq,-0.5971847744794971,-0.21924082101768685,0.0,0.0,0.09730644478916937,0.11360278139939158
2018-05-14,7411.31982421875,nasdaq,-0.32004409647573495,-0.0744761245312242,0.0,0.0,0.09730644478916937,0.11360278139939158
2018-05-15,7351.6298828125,nasdaq,-0.8778956088140234,-0.31567047613484933,0.0,0.0,0.09730644478916937,0.11360278139939158
2018-05-16,7398.2998046875,nasdaq,-0.1459585793959056,-0.08450429320025339,0.0,0.0,0.09730644478916937,0.11360278139939158
2018-05-17,7382.47021484375,nasdaq,0.28769231764146386,-0.2912993574868659,0.0,0.0,0.1490866234531526,0.11360278139939158
2018-05-18,7354.33984375,nasdaq,0.47087510070115846,-0.4429772772587101,0.0,0.0,0.1490866234531526,0.11360278139939158
2018-05-21,7394.0400390625,nasdaq,0.20149637364164935,-0.07625525696025649,0.0,0.0,0.1490866234531526,0.11360278139939158
2018-05-22,7378.4599609375,nasdaq,-0.13673365009184443,-0.3512198219794897,0.0,0.0,0.09730644478916937,0.11360278139939158
2018-05-23,7425.9599609375,nasdaq,-0.12509223384881513,-0.11987407804301854,0.0,0.0,0.09730644478916937,0.11360278139939158
2018-05-24,7424.43017578125,nasdaq,0.12499740367523274,-0.09656076744083984,0.0,0.0,0.1490866234531526,0.11360278139939158
2018-05-25,7433.85009765625,nasdaq,0.42206066975672224,-0.1356854528807066,0.0,0.0,0.1490866234531526,0.11360278139939158
2018-05-29,7396.58984375,nasdaq,0.07010480645186146,-0.16060551309552026,0.0,0.0,0.1490866234531526,0.11360278139939158
2018-05-30,7462.4501953125,nasdaq,-0.1245895255473314,-1.0003615086665003,0.0,0.0,0.09730644478916937,0.11360278139939158
2018-05-31,7442.1201171875,nasdaq,-0.9121329919304071,-0.26498703325838907,0.0,0.0,0.09730644478916937,0.11360278139939158
2018-06-01,7554.330078125,nasdaq,0.7102413607501907,-0.2534608246730364,0.0,0.0,0.1490866234531526,0.11360278139939158
2018-06-04,7606.4599609375,nasdaq,-0.6529814238455218,-0.15235952384333634,0.0,0.0,0.09730644478916937,0.11360278139939158
2018-06-05,7637.85986328125,nasdaq,0.022589053740013368,0.24492297726105008,0.0,0.0,0.1490866234531526,0.11360278139939158
2018-06-06,7689.240234375,nasdaq,-0.19140988792566013,-0.3507153954032302,0.0,0.0,0.09730644478916937,0.11360278139939158
2018-06-07,7635.06982421875,nasdaq,0.07037396431548577,-0.3045976122748874,0.0,0.0,0.1490866234531526,0.11360278139939158
2018-06-08,7645.509765625,nasdaq,0.35324077582111424,-0.1630123057854258,0.0,0.0,0.1490866234531526,0.11360278139939158
2018-06-11,7659.93017578125,nasdaq,0.12579888780389165,-0.009332057626181058,0.0,0.0,0.1490866234531526,0.11360278139939158
2018-06-12,7703.7900390625,nasdaq,0.30667745397631196,-0.0488254981523725,0.0,0.0,0.1490866234531526,0.11360278139939158
2018-06-13,7695.7001953125,nasdaq,0.38365843119301385,-0.334676821057458,0.0,0.0,0.1490866234531526,0.11360278139939158
2018-06-14,7761.0400390625,nasdaq,0.7663708473937274,-0.3956793372338078,0.0,0.0,0.1490866234531526,0.11360278139939158
2018-06-15,7746.3798828125,nasdaq,-0.8375152299451465,0.018076907539059182,0.0,0.0,0.09730644478916937,0.11360278139939158
2018-06-18,7747.02978515625,nasdaq,-0.1973932319552232,-0.257953323072432,0.0,0.0,0.09730644478916937,0.11360278139939158
2018-06-19,7725.58984375,nasdaq,-0.44132896567270474,0.003141240452203505,0.0,0.0,0.09730644478916937,0.11360278139939158
2018-06-20,7781.509765625,nasdaq,0.825622576273548,0.6488076633388112,0.0,0.0,0.1490866234531526,0.11360278139939158
2018-06-21,7712.9501953125,nasdaq,-0.7219099666752358,0.42284059321832373,0.0,0.0,0.09730644478916937,0.11360278139939158
2018-06-22,7692.81982421875,nasdaq,0.053352721171523426,-0.08407067351287242,0.0,0.0,0.1490866234531526,0.11360278139939158
2018-06-25,7532.009765625,nasdaq,-0.053291196541005684,0.23143950463887822,0.0,0.0,0.09730644478916937,0.11360278139939158
2018-06-26,7561.6298828125,nasdaq,-0.9160733388882252,-0.5632713656388346,0.0,0.0,0.09730644478916937,0.11360278139939158
2018-06-27,7445.080078125,nasdaq,0.278193494087114,-1.0174443701102995,0.0,0.0,0.1490866234531526,0.11360278139939158
2018-06-28,7503.68017578125,nasdaq,0.16043967568795245,-0.21239026294359362,0.0,0.0,0.1490866234531526,0.11360278139939158
2018-06-29,7510.2998046875,nasdaq,-0.23506935022311123,0.23764889644319262,0.0,0.0,0.09730644478916937,0.11360278139939158
2018-07-02,7567.68994140625,nasdaq,0.3818599936766046,-0.36946029838822014,0.0,0.0,0.1490866234531526,0.11360278139939158
2018-07-03,7502.669921875,nasdaq,0.37478173144697846,-0.037134044402784214,0.0,0.0,0.1490866234531526,0.11360278139939158
2018-07-05,7586.43017578125,nasdaq,-0.008788202537054491,-0.012985413506257384,0.0,0.0,0.09730644478916937,0.11360278139939158
2018-07-06,7688.39013671875,nasdaq,-0.8889441898568164,-0.14973274783388038,0.0,0.0,0.09730644478916937,0.11360278139939158
2018-07-09,7756.2001953125,nasdaq,-0.4938597854774281,-0.26473551469047346,0.0,0.0,0.09730644478916937,0.11360278139939158
2018-07-10,7759.2001953125,nasdaq,0.04385382023901712,0.039345977401614274,0.0,0.0,0.1490866234531526,0.11360278139939158
2018-07-11,7716.60986328125,nasdaq,0.10556345477011467,-0.4111128163176915,0.0,0.0,0.1490866234531526,0.11360278139939158
2018-07-12,7823.919921875,nasdaq,1.2300925445223376,-0.8788981425109014,0.0,0.0,0.1490866234531526,0.11360278139939158
2018-07-13,7825.97998046875,nasdaq,1.5539654644354024,0.10922908137280928,0.0,0.0,0.1490866234531526,0.11360278139939158
2018-07-16,7805.72021484375,nasdaq,-0.08717592790074168,0.03208276927282687,0.006252150377482026,0.0,0.09730644478916937,0.11360278139939158
2018-07-17,7855.1201171875,nasdaq,-0.05875073166843024,0.2637844812348771,0.0096593413722184,0.0,0.09730644478916937,0.11360278139939158
2018-07-18,7854.43994140625,nasdaq,0.23942955016776402,-0.056164634651614746,0.014774836023203364,0.0,0.1490866234531526,0.11360278139939158
2018-07-19,7825.2998046875,nasdaq,-0.3409256430384714,-0.061078312575696736,0.022374579372062057,0.0,0.09730644478916937,0.11360278139939158
2018-07-20,7820.2001953125,nasdaq,0.013165433915810685,0.0933207012896523,0.033546262790251184,0.0,0.1490866234531526,0.11360278139939158
2018-07-23,7841.8701171875,nasdaq,0.2809428439487783,0.026081070844296703,0.10647662366679204,0.0,0.1490866234531526,0.11360278139939158
2018-07-24,7840.77001953125,nasdaq,-0.03950046092921469,0.1885363945352464,0.1533810679324463,0.0,0.09730644478916937,0.11360278139939158
2018-07-25,7932.240234375,nasdaq,0.3895914844248997,0.3430317246446139,0.21874911181828852,0.0,0.1490866234531526,0.11360278139939158
2018-07-26,7852.18017578125,nasdaq,0.23267323716903662,0.2331928007033061,0.30887154082367685,0.0,0.1490866234531526,0.11360278139939158
2018-07-27,7737.419921875,nasdaq,0.42398153521020304,0.281858542934446,0.4317840007633078,0.0,0.1490866234531526,0.11360278139939158
2018-07-30,7630.0,nasdaq,0.9328145467769994,-0.3707069136486899,1.1108996538242306,0.0,0.1490866234531526,0.11360278139939158
2018-07-31,7671.7900390625,nasdaq,1.22245420682936,-0.33505690321817827,1.4920786069067842,0.0,0.1490866234531526,0.11360278139939158
2018-08-01,7707.2900390625,nasdaq,1.8726874607836568,1.330705503361882,1.9841094744370287,0.0,0.1490866234531526,0.11360278139939158
2018-08-02,7802.68994140625,nasdaq,2.3225320762579784,-0.791405283345764,2.6121409853918234,0.0,0.1490866234531526,0.11360278139939158
2018-08-03,7812.009765625,nasdaq,3.580730650579624,0.1806513498326541,3.4047454734599345,0.0,0.1490866234531526,0.11360278139939158
2018-08-06,7859.68017578125,nasdaq,7.3993722290148405,0.8257058182475931,7.100535373963698,0.0,0.1490866234531526,0.11360278139939158
2018-08-07,7883.66015625,nasdaq,8.80060220242609,-0.5070962471354709,8.892161745938635,0.0,0.1490866234531526,0.11360278139939158
2018-08-08,7888.330078125,nasdaq,11.160732420974396,0.6427922796994879,11.025052530448521,0.0,0.1490866234531526,0.11360278139939158
2018-08-09,7891.77978515625,nasdaq,13.809311057895265,-0.9014239875555141,13.53352832366127,0.0,0.1490866234531526,0.11360278139939158
2018-08-10,7839.10986328125,nasdaq,16.155419530253642,-0.3732751252068346,16.44744565771549,0.0,0.1490866234531526,0.11360278139939158
2018-08-13,7819.7099609375,nasdaq,27.637865463153652,-0.3715926559967671,27.803730045319412,0.0,0.1490866234531526,0.11360278139939158
2018-08-14,7870.89013671875,nasdaq,32.41415780575939,-0.2393446501325991,32.465246735834974,0.0,0.1490866234531526,0.11360278139939158
2018-08-15,7774.1201171875,nasdaq,37.49080184252381,0.5742273005000698,37.531109885139955,0.0,0.15223880597014924,0.11360278139939158
2018-08-16,7806.52001953125,nasdaq,43.21815042750361,-0.09379550994011157,42.955735821073915,0.0,0.15223880597014924,0.11360278139939158
2018-08-17,7816.330078125,nasdaq,48.48757671957389,-0.38393547487194657,48.67522559599717,0.0,0.22981366459627328,0.11360278139939158
2018-08-20,7821.009765625,nasdaq,66.89739817857142,-0.6124885194492524,66.69768108584744,0.0,0.2352941176470588,0.11360278139939158
2018-08-21,7859.169921875,nasdaq,72.10311312124587,-0.05617298393266813,72.6149037073691,0.0,0.2352941176470588,0.11360278139939158
2018-08-22,7889.10009765625,nasdaq,77.8644206645007,0.2272462706096544,78.27045382418682,0.0,0.5285714285714286,0.11360278139939158
2018-08-23,7878.4599609375,nasdaq,83.79518590770682,0.0014007766282013493,83.5270211411272,0.0,0.5285714285714286,0.11360278139939158
2018-08-24,7945.97998046875,nasdaq,88.06701780279336,0.08297623220769054,88.24969025845955,0.0,0.5285714285714286,0.11360278139939158
2018-08-27,8017.89990234375,nasdaq,97.85055760339466,-0.33035261179940784,98.01986733067552,0.0,0.5285714285714286,0.11360278139939158
2018-08-28,8030.0400390625,nasdaq,99.25351383510379,-0.07214609005616056,99.50124791926824,0.0,0.5285714285714286,0.11360278139939158
2018-08-29,8109.68994140625,nasdaq,99.43542970836964,-0.6186830380770186,100.0,0.0,0.5285714285714286,0.11360278139939158
2018-08-30,8088.35986328125,nasdaq,7.537257535411325,-0.26833356394292474,0.0,0.0,0.1490866234531526,0.11360278139939158
2018-08-31,8109.5400390625,nasdaq,6.397625158294962,0.13020092312684528,0.0,0.0,0.1490866234531526,0.11360278139939158
2018-09-04,8091.25,nasdaq,0.6911767064900516,-0.31685407985674674,0.0,0.0,0.1490866234531526,0.11360278139939158
2018-09-05,7995.169921875,nasdaq,1.2313219970425993,-0.14256155780354593,0.0,0.0,0.1490866234531526,0.11360278139939158
2018-09-06,7922.72998046875,nasdaq,1.3579900227591293,-0.3747967036703591,0.0,0.0,0.1490866234531526,0.11360278139939158
2018-09-07,7902.5400390625,nasdaq,0.24215675679138515,0.7188563903565912,0.0,0.0,0.1490866234531526,0.11360278139939158
2018-09-10,7924.16015625,nasdaq,0.11369390251113322,0.6783208550728191,0.0,0.0,0.1490866234531526,0.11360278139939158
2018-09-11,7972.47021484375,nasdaq,0.11960112582707799,0.6505432012778438,0.0,0.0,0.1490866234531526,0.11360278139939158
2018-09-12,7954.22998046875,nasdaq,1.7313365763073754,0.3831210048759452,0.0,0.0,0.1490866234531526,0.11360278139939158
2018-09-13,8013.7099609375,nasdaq,2.3975915465857227,0.20385353681525606,0.0,0.0,0.1490866234531526,0.11360278139939158
2018-09-14,8010.0400390625,nasdaq,-0.5852727720358799,0.7343242390709541,0.0,0.0,0.09730644478916937,0.11360278139939158
2018-09-17,7895.7900390625,nasdaq,-0.35103415900253065,0.4355761260454826,0.0,0.0,0.09730644478916937,0.11360278139939158
2018-09-18,7956.10986328125,nasdaq,0.5138084752397192,0.4310743875187979,0.0,0.0,0.1490866234531526,0.11360278139939158
2018-09-19,7950.0400390625,nasdaq,-0.45293334613467034,0.33379182119866996,0.0,0.0,0.09730644478916937,0.11360278139939158
2018-09-20,8028.22998046875,nasdaq,-1.071625186528773,0.12440427708142913,0.0,0.0,0.09730644478916937,0.11360278139939158
2018-09-21,7986.9599609375,nasdaq,-1.5484859408705758,-0.022849341243295775,0.0,0.0,0.09730644478916937,0.11360278139939158
2018-09-24,7993.25,nasdaq,-0.6528722974407215,-0.24632639581960705,0.0,0.0,0.09730644478916937,0.11360278139939158
2018-09-25,8007.47021484375,nasdaq,0.17458239979816542,-0.06717402592111084,0.0,0.0,0.1490866234531526,0.11360278139939158
2018-09-26,7990.3701171875,nasdaq,1.036798559897473,-0.599341116214704,0.0,0.0,0.1490866234531526,0.11360278139939158
2018-09-27,8041.97021484375,nasdaq,0.5846721577751337,-0.16131606511954616,0.0,0.0,0.1490866234531526,0.11360278139939158
2018-09-28,8046.35009765625,nasdaq,-2.2412361329475736,0.8098279212622632,0.0,0.0,0.09730644478916937,0.11360278139939158
2018-10-01,8037.2998046875,nasdaq,-0.788397858315014,-0.03759028554559178,0.0,0.0,0.09730644478916937,0.11360278139939158
2018-10-02,7999.5498046875,nasdaq,1.0069965727336168,-0.2908225777593191,0.0,0.0,0.1490866234531526,0.11360278139939158
2018-10-03,8025.08984375,nasdaq,0.2906451431483537,-0.03569608824747538,0.0,0.0,0.1490866234531526,0.11360278139939158
2018-10-04,7879.509765625,nasdaq,-0.47601121631336846,-0.07796406449607529,0.0,0.0,0.09730644478916937,0.11360278139939158
2018-10-05,7788.4501953125,nasdaq,0.5104688787337365,0.17793559509749535,0.0,0.0,0.1490866234531526,0.11360278139939158
2018-10-08,7735.9501953125,nasdaq,-0.1853831989020045,-0.0464209871261467,0.0,0.0,0.09730644478916937,0.11360278139939158
2018-10-09,7738.02001953125,nasdaq,1.2372604412164172,0.03221984790344774,0.0,0.0,0.1490866234531526,0.11360278139939158
2018-10-10,7422.0498046875,nasdaq,0.311963977645994,0.08156961488515972,0.0,0.0,0.1490866234531526,0.11360278139939158
2018-10-11,7329.06005859375,nasdaq,-0.0013268645652419508,-1.9101634887751358,0.0,0.0,0.09730644478916937,0.11360278139939158
2018-10-12,7496.89013671875,nasdaq,-0.24759237903479478,0.3195651316148895,0.0,0.0,0.09730644478916937,0.11360278139939158
2018-10-15,7430.740234375,nasdaq,0.47386422341937806,-1.3331228470963752,0.0,0.0,0.1490866234531526,0.11360278139939158
2018-10-16,7645.490234375,nasdaq,-0.5263618709677066,-0.10297683943870958,0.0,0.0,0.09730644478916937,0.11360278139939158
2018-10-17,7642.7001953125,nasdaq,-0.5874124768402366,0.8943251658489743,0.0,0.0,0.09730644478916937,0.11360278139939158
2018-10-18,7485.14013671875,nasdaq,-0.36640546565446763,-0.12221049775726214,0.0,0.0,0.09730644478916937,0.11360278139939158
2018-10-19,7449.02978515625,nasdaq,0.47000821864714337,-0.47811964498903997,0.0,0.0,0.1490866234531526,0.11360278139939158
2018-10-22,7468.6298828125,nasdaq,-0.05993498897645482,0.2624191401048013,0.0,0.0,0.09730644478916937,0.11360278139939158
2018-10-23,7437.5400390625,nasdaq,-0.7223414371797244,0.078367624426237,0.0,0.0,0.09730644478916937,0.11360278139939158
2018-10-24,7108.39990234375,nasdaq,-0.1871793950759503,-0.5996648058631316,0.0,0.0,0.09730644478916937,0.11360278139939158
2018-10-25,7318.33984375,nasdaq,0.09867718657221486,-2.650563967127535,0.0,0.0,0.1490866234531526,0.11360278139939158
2018-10-26,7167.2099609375,nasdaq,-0.08822418595525942,1.69816522999174,0.0,0.0,0.09730644478916937,0.11360278139939158
2018-10-29,7050.2900390625,nasdaq,0.4482099329099986,1.4632573401944329,0.0,0.0,0.1490866234531526,0.11360278139939158
2018-10-30,7161.64990234375,nasdaq,0.330570089263411,-0.21103401328567514,0.0,0.0,0.1490866234531526,0.11360278139939158
2018-10-31,7305.89990234375,nasdaq,-0.22912110184792508,-0.5152669031566242,0.0,0.0,0.09730644478916937,0.11360278139939158
2018-11-01,7434.06005859375,nasdaq,-0.3018095075184486,-1.873544770625506,0.0,0.0,0.09730644478916937,0.11360278139939158
2018-11-02,7356.990234375,nasdaq,0.10567432384542697,1.0806813071572323,0.0,0.0,0.1490866234531526,0.11360278139939158
2018-11-05,7328.85009765625,nasdaq,-0.20417916204581246,-0.13455953442160384,0.0,0.0,0.09730644478916937,0.11360278139939158
2018-11-06,7375.9599609375,nasdaq,0.006237480097544048,0.7992257249346958,0.0,0.0,0.1,0.11360278139939158
2018-11-07,7570.75,nasdaq,0.8995605137978397,0.6457785735112928,0.0,0.0,0.1490866234531526,0.11360278139939158
2018-11-08,7530.8798828125,nasdaq,-0.03258635775865156,0.9504686221826611,0.0,0.0,0.09730644478916937,0.11360278139939158
2018-11-09,7406.89990234375,nasdaq,0.0470041632632732,0.23725833781589775,0.0,0.004006529739295107,0.1490866234531526,0.11360278139939158
2018-11-12,7200.8701171875,nasdaq,0.3279050839577149,-0.3736033557843837,0.0,0.014774836023203364,0.1490866234531526,0.11360278139939158
2018-11-13,7200.8701171875,nasdaq,0.11564224406257706,0.15385788986953816,0.0,0.022374579372062057,0.1490866234531526,0.11360278139939158
2018-11-14,7136.39013671875,nasdaq,-0.9010763887097137,-0.46742758324291284,0.0,0.033546262790251184,0.09730644478916937,0.11360278139939158
2018-11-15,7259.02978515625,nasdaq,-0.5910310124309256,0.5552068768064394,0.0,0.049795542150327346,0.09730644478916937,0.11360278139939158
2018-11-16,7247.8701171875,nasdaq,-1.3294046716560637,-0.09442791564967895,0.0,0.07318024188804728,0.09730644478916937,0.11360278139939158
2018-11-19,7028.47998046875,nasdaq,0.6496539395618183,-0.03866027261863301,0.0,0.21874911181828852,0.1490866234531526,0.11360278139939158
2018-11-20,6908.81982421875,nasdaq,0.21192910223845757,0.2180954284156349,0.0,0.30887154082367685,0.1490866234531526,0.11360278139939158
2018-11-21,6972.25,nasdaq,0.16295003103934144,0.7128700852425391,0.0,0.4317840007633078,0.1490866234531526,0.11360278139939158
2018-11-23,6938.97998046875,nasdaq,0.6682517931463451,1.2693953716795559,0.0,0.8188701014374083,0.1490866234531526,0.11360278139939158
2018-11-26,7081.85009765625,nasdaq,0.23367598363693023,1.973232059105575,0.0,1.9841094744370287,0.1490866234531526,0.11360278139939158
2018-11-27,7082.7001953125,nasdaq,-0.37734646872147337,2.7483717708823465,0.0,2.6121409853918234,0.09730644478916937,0.11360278139939158
2018-11-28,7291.58984375,nasdaq,0.5126364647573037,3.4442522429963356,0.0,3.4047454734599345,0.1490866234531526,0.11360278139939158
2018-11-29,7273.080078125,nasdaq,-0.590535876544155,4.109556649795877,0.0,4.393693362340742,0.09730644478916937,0.11360278139939158
2018-11-30,7330.5400390625,nasdaq,-0.7871466845706997,6.231237403395549,0.0,5.613476283413372,0.09730644478916937,0.11360278139939158
2018-12-03,7441.509765625,nasdaq,-0.09323607739979158,11.158453036939143,0.0,11.025052530448521,0.09730644478916937,0.11360278139939158
2018-12-04,7158.43017578125,nasdaq,-0.05633492777707752,13.683026339350766,0.0,13.53352832366127,0.09730644478916937,0.13095238095238096
2018-12-06,7188.259765625,nasdaq,0.2053534373024773,19.993639588836523,0.0,19.789869908361464,0.1490866234531526,0.13095238095238096
2018-12-07,6969.25,nasdaq,-0.01268993586465757,23.58388148194606,0.0,23.57460765558635,0.09730644478916937,0.17613636363636365
2018-12-10,7020.52001953125,nasdaq,-0.06314208077166243,37.487870562235045,0.0,37.531109885139955,0.09730644478916937,0.17613636363636365
2018-12-11,7031.830078125,nasdaq,-0.05285760238660917,42.80619900714051,0.0,42.955735821073915,0.09730644478916937,0.22857142857142856
2018-12-12,7098.31005859375,nasdaq,0.08425995265001983,49.11364822680984,0.0,48.67522559599717,0.1490866234531526,0.4303030303030303
2018-12-13,7070.330078125,nasdaq,0.01090616370425048,54.403384805265574,0.0,54.60744266397094,0.1490866234531526,0.4303030303030303
2018-12-14,6910.66015625,nasdaq,0.09471145857273641,60.345755723154845,0.0,60.653065971263345,0.1490866234531526,0.4303030303030303
2018-12-17,6753.72998046875,nasdaq,-0.08268892569015937,78.27552215515739,0.0,78.27045382418682,0.09730644478916937,0.4303030303030303
2018-12-18,6783.91015625,nasdaq,-0.10877305594081582,83.511173580706,0.0,83.5270211411272,0.09730644478916937,0.4303030303030303
2018-12-19,6636.830078125,nasdaq,-0.15835462705091544,88.20004709624925,0.0,88.24969025845955,0.09730644478916937,0.4303030303030303
2018-12-20,6528.41015625,nasdaq,-0.07679184537471503,92.45355649279097,0.0,92.31163463866358,0.09730644478916937,1.0
2018-12-21,6332.990234375,nasdaq,-0.20955229891941812,95.35874720215968,0.0,95.59974818331,0.09730644478916937,1.0
2018-12-24,6192.919921875,nasdaq,0.0929356892992572,99.95704402929441,0.0,100.0,0.1490866234531526,1.0
2018-12-26,6554.35986328125,nasdaq,-0.12960060651553468,0.25256448094174083,0.0,0.0,0.09730644478916937,0.11360278139939158
2018-12-27,6579.490234375,nasdaq,-0.13924361534240745,-0.7472783045736021,0.0,0.0,0.09730644478916937,0.11360278139939158
2018-12-28,6584.52001953125,nasdaq,-0.16132777044414023,1.2406247044861347,0.0,0.0,0.09730644478916937,0.11360278139939158
2018-12-31,6635.27978515625,nasdaq,-0.3699439155461501,-1.4429556965940336,0.0,0.0,0.09730644478916937,0.11360278139939158
2019-01-02,6665.93994140625,nasdaq,-0.42513406970793644,0.1635727019466881,0.0,0.0,0.09730644478916937,0.11360278139939158
2019-01-03,6463.5,nasdaq,2.211587699010032,-0.06467275449231982,0.0,0.0,0.1490866234531526,0.11360278139939158
2019-01-04,6738.85986328125,nasdaq,-0.3772352512849781,-1.0951316432916476,0.0,0.0,0.09730644478916937,0.11360278139939158
2019-01-07,6823.47021484375,nasdaq,0.23374946686240805,0.9793133248934103,0.0,0.0,0.1490866234531526,0.11360278139939158
2019-01-08,6897.0,nasdaq,0.2023433812510686,0.48476307548337394,0.0,0.0,0.1490866234531526,0.11360278139939158
2019-01-09,6957.080078125,nasdaq,-0.2351852114997617,-2.6296984843807403,0.0,0.0,0.09730644478916937,0.11360278139939158
2019-01-10,6986.06982421875,nasdaq,0.29071092528167713,-0.343942230846532,0.0,0.0,0.1490866234531526,0.11360278139939158
2019-01-11,6971.47998046875,nasdaq,0.0277856333623302,-0.24018217764273828,0.0,0.0,0.1490866234531526,0.11360278139939158
2019-01-14,6905.919921875,nasdaq,0.033106339540387865,-0.18190848429513123,0.0,0.0,0.1490866234531526,0.11360278139939158
2019-01-15,7023.830078125,nasdaq,0.2832055118279504,0.6181649897456601,0.0,0.0,0.1490866234531526,0.11360278139939158
2019-01-16,7034.68994140625,nasdaq,0.11134796918916164,-0.5042700897641654,0.0,0.0,0.1490866234531526,0.11360278139939158
2019-01-17,7084.4599609375,nasdaq,0.3505777386916852,0.8743231974602781,0.0,0.0,0.1490866234531526,0.11360278139939158
2019-01-18,7157.22998046875,nasdaq,0.27840190067213066,-0.08560626534655935,0.0,0.0,0.1490866234531526,0.11360278139939158
2019-01-22,7020.35986328125,nasdaq,0.22127391903756405,-0.42074157476923163,0.0,0.0,0.1490866234531526,0.11360278139939158
2019-01-23,7025.77001953125,nasdaq,0.11731617134225927,0.01951124554568069,0.0,0.0,0.1490866234531526,0.11360278139939158
2019-01-24,7073.4599609375,nasdaq,-0.09693898835575694,-0.6939906407369184,0.0,0.0,0.09730644478916937,0.11360278139939158
2019-01-25,7164.85986328125,nasdaq,-0.07327058093200894,-0.970309709969752,0.0,0.0,0.09730644478916937,0.11360278139939158
2019-01-28,7085.68017578125,nasdaq,0.19687307112693095,1.051095489022456,0.0,0.0,0.1490866234531526,0.11360278139939158
2019-01-29,7028.2900390625,nasdaq,0.03805498543307026,-0.8578322551632118,0.0,0.0,0.1490866234531526,0.11360278139939158
2019-01-30,7183.080078125,nasdaq,-0.036068626768299694,0.18124793517086396,0.0,0.0,0.09730644478916937,0.11360278139939158
2019-01-31,7281.740234375,nasdaq,-0.5516880218491707,-0.43936704605765087,0.0,0.0,0.09730644478916937,0.11360278139939158
2019-02-01,7263.8701171875,nasdaq,-0.2603962992205243,0.07559511901731361,0.0,0.0,0.09730644478916937,0.11360278139939158
2019-02-04,7347.5400390625,nasdaq,-0.03791999728554087,-0.4838940206988143,0.0,0.0,0.09730644478916937,0.11360278139939158
2019-02-05,7402.080078125,nasdaq,0.03446607746644659,0.2876316555381597,0.0,0.0,0.1490866234531526,0.11360278139939158
2019-02-06,7375.27978515625,nasdaq,0.24242731376030693,0.3103705185781025,0.0,0.0,0.1490866234531526,0.11360278139939158
2019-02-07,7288.35009765625,nasdaq,-0.5559088366628482,0.3344472305240247,0.0,0.0,0.09730644478916937,0.11360278139939158
2019-02-08,7298.2001953125,nasdaq,-0.02828184927400632,-0.005206315738016771,0.0,0.0,0.09730644478916937,0.11360278139939158
2019-02-11,7307.89990234375,nasdaq,-0.3444136706756702,0.07747973402672734,0.0,0.0,0.09730644478916937,0.11360278139939158
2019-02-12,7414.6201171875,nasdaq,0.43969348561715516,0.6494787674160442,0.0,0.0,0.1490866234531526,0.11360278139939158
2019-02-13,7420.3798828125,nasdaq,0.35660446422235276,0.14900011244832792,0.0,0.0,0.1490866234531526,0.11360278139939158
2019-02-14,7426.9501953125,nasdaq,1.0467894446173458,0.25334805091747825,0.0,0.0,0.1490866234531526,0.11360278139939158
2019-02-15,7472.41015625,nasdaq,0.02320810773275584,0.2658567826800275,0.0,0.0,0.1490866234531526,0.11360278139939158
2019-02-19,7486.77001953125,nasdaq,0.08018422911121295,0.35013718586683606,0.0,0.0,0.1490866234531526,0.11360278139939158
2019-02-20,7489.06982421875,nasdaq,-0.09511850071524372,-0.0648198285629483,0.0,0.0,0.09730644478916937,0.11360278139939158
2019-02-21,7459.7099609375,nasdaq,0.3203852164747533,-0.44511380086356167,0.0,0.0,0.1490866234531526,0.11360278139939158
2019-02-22,7527.5400390625,nasdaq,-0.6553237017515446,0.44023630159898786,0.0,0.0,0.09730644478916937,0.11360278139939158
2019-02-25,7554.4599609375,nasdaq,-1.47438463323161,-0.08740156675518636,0.0,0.0,0.09730644478916937,0.11360278139939158
2019-02-26,7549.2998046875,nasdaq,-1.2225012818610927,0.058348903100629554,0.0,0.0,0.09730644478916937,0.11360278139939158
2019-02-27,7554.509765625,nasdaq,-0.6036096914210735,-0.01626529422100654,0.0,0.0,0.09730644478916937,0.11360278139939158
2019-02-28,7532.52978515625,nasdaq,0.08958538358037584,0.04570406968495857,0.0,0.0,0.1490866234531526,0.11360278139939158
2019-03-01,7595.35009765625,nasdaq,-0.3512228112096821,-0.11586028247477424,0.0,0.0,0.09730644478916937,0.11360278139939158
2019-03-04,7577.56982421875,nasdaq,-0.366424925428859,0.016633486843727292,0.0,0.0,0.09730644478916937,0.11360278139939158
2019-03-05,7576.35986328125,nasdaq,-0.38833943846669833,0.024518118767912656,0.0,0.0,0.09730644478916937,0.11360278139939158
2019-03-06,7505.919921875,nasdaq,-0.4251654143361888,-0.04762787982900768,0.0,0.0,0.09730644478916937,0.11360278139939158
2019-03-07,7421.4599609375,nasdaq,0.41786439444956897,-0.36101637280174836,0.0,0.0,0.1490866234531526,0.11360278139939158
2019-03-08,7408.14013671875,nasdaq,-0.3955394984908875,0.12890716758887938,0.0,0.0,0.09730644478916937,0.11360278139939158
2019-03-11,7558.06005859375,nasdaq,0.13948959984173623,0.014702849520200923,0.0,0.0,0.1490866234531526,0.11360278139939158
2019-03-12,7591.02978515625,nasdaq,0.3300196417514071,0.2459063611677011,0.0,0.0,0.1490866234531526,0.11360278139939158
2019-03-13,7643.41015625,nasdaq,-0.26117799374884965,0.19018875838579022,0.0,0.0,0.09730644478916937,0.11360278139939158
2019-03-14,7630.91015625,nasdaq,0.07282698622526143,0.05654408891478641,0.0,0.0,0.1490866234531526,0.11360278139939158
2019-03-15,7688.52978515625,nasdaq,0.14369699492172375,0.008625660974412667,0.0,0.0,0.1490866234531526,0.11360278139939158
2019-03-18,7714.47998046875,nasdaq,0.02105697670081687,-0.1680994726284989,0.0,0.0,0.1490866234531526,0.11360278139939158
2019-03-19,7723.9501953125,nasdaq,0.4549244653646657,0.09777375038775145,0.004006529739295107,0.0,0.1490866234531526,0.11360278139939158
2019-03-20,7728.97021484375,nasdaq,0.24763371791079197,0.3051608976691107,0.006252150377482026,0.0,0.1490866234531526,0.11360278139939158
2019-03-21,7838.9599609375,nasdaq,-0.026901855416297662,0.16586596869101997,0.0096593413722184,0.0,0.09730644478916937,0.11360278139939158
2019-03-22,7642.669921875,nasdaq,0.06724862654719563,-1.9576893386327925,0.014774836023203364,0.0,0.1490866234531526,0.11360278139939158
2019-03-25,7637.5400390625,nasdaq,0.1906461811315026,1.757678020942041,0.049795542150327346,0.0,0.1490866234531526,0.11360278139939158
2019-03-26,7691.52001953125,nasdaq,0.13567065063634742,-0.4155487489519611,0.07318024188804728,0.0,0.1490866234531526,0.11360278139939158
2019-03-27,7643.3798828125,nasdaq,-0.04274642384135605,1.167233537442965,0.10647662366679204,0.0,0.09730644478916937,0.11360278139939158
2019-03-28,7669.169921875,nasdaq,0.29645250271668466,0.7598667604627755,0.1533810679324463,0.0,0.1490866234531526,0.11360278139939158
2019-03-29,7729.31982421875,nasdaq,0.10921379187272508,0.03165207627176407,0.21874911181828852,0.0,0.1490866234531526,0.11360278139939158
2019-04-01,7828.91015625,nasdaq,0.497368862872676,0.26106313285915633,0.5976022895005942,0.0,0.1490866234531526,0.11360278139939158
2019-04-02,7848.68994140625,nasdaq,0.3235659625756441,-0.5389080097607689,0.8188701014374083,0.0,0.1490866234531526,0.11360278139939158
2019-04-03,7895.5498046875,nasdaq,1.209780107702076,0.4903735167597205,1.1108996538242306,0.0,0.1490866234531526,0.11360278139939158
2019-04-04,7891.77978515625,nasdaq,1.1672213331784695,0.08910260805014675,1.4920786069067842,0.0,0.1490866234531526,0.11360278139939158
2019-04-05,7938.68994140625,nasdaq,1.7502133902130719,0.15386988227284304,1.9841094744370287,0.0,0.1490866234531526,0.11360278139939158
2019-04-08,7953.8798828125,nasdaq,4.3132353462068265,0.19720351501469333,4.393693362340742,0.0,0.1490866234531526,0.11360278139939158
2019-04-09,7909.27978515625,nasdaq,5.787593173099146,0.42905234044866514,5.613476283413372,0.0,0.1490866234531526,0.11360278139939158
2019-04-10,7964.240234375,nasdaq,7.059907577609452,0.33561963373737136,7.100535373963698,0.0,0.1490866234531526,0.11360278139939158
2019-04-11,7947.35986328125,nasdaq,8.793835779121098,0.5070011009190382,8.892161745938635,0.0,0.1490866234531526,0.11360278139939158
2019-04-12,7984.16015625,nasdaq,11.024179683913191,-0.462184184988891,11.025052530448521,0.0,0.1490866234531526,0.11360278139939158
2019-04-15,7976.009765625,nasdaq,19.51916941832381,0.02986935780901741,19.789869908361464,0.0,0.1490866234531526,0.11360278139939158
2019-04-16,8000.22998046875,nasdaq,23.24269551400449,-0.08132534969162608,23.57460765558635,0.0,0.1490866234531526,0.11360278139939158
2019-04-17,7996.080078125,nasdaq,28.013550073754637,0.10874207897072455,27.803730045319412,0.0,0.1490866234531526,0.11360278139939158
2019-04-18,7998.06005859375,nasdaq,32.623842613575,0.09794895110596277,32.465246735834974,0.0,0.1490866234531526,0.11360278139939158
2019-04-22,8015.27001953125,nasdaq,54.22953202600973,0.15503493626321568,54.60744266397094,0.014774836023203364,0.22981366459627328,0.11360278139939158
2019-04-23,8120.81982421875,nasdaq,60.76252067931891,0.0005894757618909341,60.653065971263345,0.022374579372062057,0.22981366459627328,0.11360278139939158
2019-04-24,8102.009765625,nasdaq,66.70007984297266,-0.06901684254935597,66.69768108584744,0.033546262790251184,0.2352941176470588,0.11360278139939158
2019-04-25,8118.68017578125,nasdaq,72.27340718208836,-0.1221594205556971,72.6149037073691,0.049795542150327346,0.2352941176470588,0.11360278139939158
2019-04-26,8146.39990234375,nasdaq,77.88943303230633,0.05729669847956892,78.27045382418682,0.07318024188804728,0.5285714285714286,0.11360278139939158
2019-04-29,8161.85009765625,nasdaq,92.31553859693668,0.33070253134859184,92.31163463866358,0.21874911181828852,0.5285714285714286,0.11360278139939158
2019-04-30,8095.39013671875,nasdaq,95.37485779937512,0.6462140439874869,95.59974818331,0.30887154082367685,0.5285714285714286,0.11360278139939158
2019-05-01,8049.64013671875,nasdaq,97.96354830370012,0.46319725030248604,98.01986733067552,0.4317840007633078,0.5285714285714286,0.11360278139939158
2019-05-02,8036.77001953125,nasdaq,99.12549419040259,0.631924686391734,99.50124791926824,0.5976022895005942,0.5285714285714286,0.11360278139939158
2019-05-03,8164.0,nasdaq,99.82224406176034,0.8054821269451562,100.0,0.8188701014374083,0.5285714285714286,0.11360278139939158
2019-05-06,8123.2900390625,nasdaq,2.625633265966986,2.236121947118139,0.0,1.9841094744370287,0.1490866234531526,0.11360278139939158
2019-05-07,7963.759765625,nasdaq,-0.4387866788846447,2.5009194071354117,0.0,2.6121409853918234,0.09730644478916937,0.11360278139939158
2019-05-08,7943.31982421875,nasdaq,-0.5604482599551832,3.2629449080562334,0.0,3.4047454734599345,0.09730644478916937,0.11360278139939158
2019-05-09,7910.58984375,nasdaq,-1.193224458444927,4.430318223054239,0.0,4.393693362340742,0.09730644478916937,0.11360278139939158
2019-05-10,7916.93994140625,nasdaq,-0.493314386017284,5.866415367343021,0.0,5.613476283413372,0.09730644478916937,0.11360278139939158
2019-05-13,7647.02001953125,nasdaq,-0.5318132918820491,10.934672467318228,0.0,11.025052530448521,0.09730644478916937,0.11360278139939158
2019-05-14,7734.490234375,nasdaq,0.028467796616110375,13.553318108260791,0.0,13.53352832366127,0.1490866234531526,0.13095238095238096
2019-05-15,7822.14990234375,nasdaq,0.08900603376009762,16.84429453471253,0.0,16.44744565771549,0.1490866234531526,0.13095238095238096
2019-05-16,7898.0498046875,nasdaq,-1.4597223392548129,19.87224292302085,0.0,19.789869908361464,0.09730644478916937,0.13095238095238096
2019-05-17,7816.27978515625,nasdaq,1.854637426139948,23.605042462284924,0.0,23.57460765558635,0.1490866234531526,0.17613636363636365
2019-05-20,7702.3798828125,nasdaq,-0.8683189347714875,37.52505124815073,0.0,37.531109885139955,0.09730644478916937,0.17613636363636365
2019-05-21,7785.72021484375,nasdaq,1.3230129186139798,43.30194908834422,0.0,42.955735821073915,0.1490866234531526,0.22857142857142856
2019-05-22,7750.83984375,nasdaq,-0.515167493578786,48.50080205167686,0.0,48.67522559599717,0.09730644478916937,0.4303030303030303
2019-05-23,7628.27978515625,nasdaq,-0.5884656406758634,54.023761948532,0.0,54.60744266397094,0.09730644478916937,0.4303030303030303
2019-05-24,7637.009765625,nasdaq,0.8104853007796923,60.1076814358194,0.0,60.653065971263345,0.1490866234531526,0.4303030303030303
2019-05-28,7607.35009765625,nasdaq,0.8246568491723306,83.44578365860367,0.0,83.5270211411272,0.1490866234531526,0.4303030303030303
2019-05-29,7547.31005859375,nasdaq,0.425282737143987,88.44193355284342,0.0,88.24969025845955,0.1490866234531526,0.4303030303030303
2019-05-30,7567.72021484375,nasdaq,-0.4891405066651141,92.2981691871363,0.0,92.31163463866358,0.09730644478916937,1.0
2019-05-31,7453.14990234375,nasdaq,0.3810638057712272,95.6489448914067,0.0,95.59974818331,0.1490866234531526,1.0
2019-06-03,7333.02001953125,nasdaq,1.1905111159667956,99.74835589415859,0.0,100.0,0.1490866234531526,1.0
2019-06-04,7527.1201171875,nasdaq,0.025376742913409474,2.02263647649583,0.0,0.0,0.1490866234531526,0.11360278139939158
2019-06-05,7575.47998046875,nasdaq,0.218017529625298,1.2502326854567518,0.0,0.0,0.1490866234531526,0.11360278139939158
2019-06-06,7615.5498046875,nasdaq,0.5669286305735994,3.4266744054450133,0.0,0.0,0.1490866234531526,0.11360278139939158
2019-06-07,7742.10009765625,nasdaq,0.02368847487132892,0.5968645788217442,0.0,0.0,0.1490866234531526,0.11360278139939158
2019-06-10,7823.169921875,nasdaq,-0.35232860645378294,-0.12721638533482232,0.0,0.0,0.09730644478916937,0.11360278139939158
2019-06-11,7822.56982421875,nasdaq,-0.568704132664515,-0.06381327144122749,0.0,0.0,0.09730644478916937,0.11360278139939158
2019-06-12,7792.72021484375,nasdaq,0.22539979170314134,0.10051635032830616,0.0,0.0,0.1490866234531526,0.11360278139939158
2019-06-13,7837.1298828125,nasdaq,-0.007355166847677452,0.016145478058651717,0.0,0.0,0.09730644478916937,0.11360278139939158
2019-06-14,7796.66015625,nasdaq,0.6893598924281481,-0.6390562566876444,0.0,0.0,0.1490866234531526,0.11360278139939158
2019-06-17,7845.02001953125,nasdaq,0.2863188691313806,0.34431173002539744,0.0,0.0,0.1490866234531526,0.11360278139939158
2019-06-18,7953.8798828125,nasdaq,0.4572611499227917,-0.15230742716037013,0.0,0.0,0.1490866234531526,0.11360278139939158
2019-06-19,7987.31982421875,nasdaq,0.25271492971455684,-0.1555447068767237,0.0,0.0,0.1490866234531526,0.11360278139939158
2019-06-20,8051.33984375,nasdaq,-0.5178221556123566,0.18338867357421845,0.0,0.0,0.09730644478916937,0.11360278139939158
2019-06-21,8031.7099609375,nasdaq,0.03480742069099015,-0.6250641919773166,0.0,0.0,0.1490866234531526,0.11360278139939158
2019-06-24,8005.7001953125,nasdaq,-0.5524167694479288,0.8173263880098027,0.0,0.0,0.09730644478916937,0.11360278139939158
2019-06-25,7884.72021484375,nasdaq,-0.0235836630267779,-0.36725481973651475,0.0,0.0,0.09730644478916937,0.11360278139939158
2019-06-26,7909.97021484375,nasdaq,-0.5974577793549126,-0.06885036113236574,0.0,0.0,0.09730644478916937,0.11360278139939158
2019-06-27,7967.759765625,nasdaq,-0.19684193144502005,-0.3497876293993883,0.0,0.0,0.09730644478916937,0.11360278139939158
2019-06-28,8006.240234375,nasdaq,0.5555960786140778,1.0494179231051872,0.0,0.0,0.1490866234531526,0.11360278139939158
2019-07-01,8091.16015625,nasdaq,0.054186453983347184,-0.0875393361820129,0.0,0.0,0.1490866234531526,0.11360278139939158
2019-07-02,8109.08984375,nasdaq,-0.5718576757191428,-0.07295226596042478,0.0,0.0,0.09730644478916937,0.11360278139939158
2019-07-03,8170.22998046875,nasdaq,-1.032212817777995,0.1029905714275201,0.0,0.0,0.09730644478916937,0.11360278139939158
2019-07-08,8098.3798828125,nasdaq,-0.36860309536325964,0.00034322340587813246,0.0,0.0,0.09730644478916937,0.11360278139939158
2019-07-09,8141.72998046875,nasdaq,0.0007085561071010698,0.120365539127508,0.0,0.0,0.09730644478916937,0.11360278139939158
2019-07-10,8202.5302734375,nasdaq,1.921995923400756,0.021938073213646634,0.0,0.0,0.1490866234531526,0.11360278139939158
2019-07-11,8196.0400390625,nasdaq,-1.5443005116452975,0.02778584284039594,0.0,0.0,0.09730644478916937,0.11360278139939158
2019-07-12,8244.1396484375,nasdaq,-1.2918792537061194,-0.14731434262428467,0.0,0.0,0.09730644478916937,0.11360278139939158
2019-07-15,8258.1904296875,nasdaq,1.8807666656454134,-0.9784420303399194,0.0,0.0,0.1490866234531526,0.11360278139939158
2019-07-16,8222.7998046875,nasdaq,-1.2284042760496932,-0.6354789530785686,0.0,0.0,0.09730644478916937,0.11360278139939158
2019-07-17,8185.2099609375,nasdaq,1.1979649575330726,-0.5131078587203605,0.0,0.0,0.1490866234531526,0.11360278139939158
2019-07-18,8207.240234375,nasdaq,0.6331250181621895,-0.010871844367057439,0.0,0.0,0.1490866234531526,0.11360278139939158
2019-07-19,8146.490234375,nasdaq,0.04272519936530694,-0.3597875349451678,0.0,0.0,0.1490866234531526,0.11360278139939158
2019-07-22,8204.1396484375,nasdaq,0.08899568491513947,0.028439493788075275,0.0,0.0,0.1490866234531526,0.11360278139939158
2019-07-23,8251.400390625,nasdaq,0.3497711333130354,0.18898189752906525,0.0,0.0,0.1490866234531526,0.11360278139939158
2019-07-24,8321.5,nasdaq,3.027896305315722,-0.03478310058452542,0.0,0.0,0.1490866234531526,0.11360278139939158
2019-07-25,8238.5400390625,nasdaq,-0.5001305465026659,0.013089051278849965,0.0,0.0,0.09730644478916937,0.11360278139939158
2019-07-26,8330.2099609375,nasdaq,2.3109019805601787,0.4411006336880851,0.0,0.0,0.1490866234531526,0.11360278139939158
2019-07-29,8293.330078125,nasdaq,-1.1387917642931582,0.6225030280064129,0.0,0.0,0.09730644478916937,0.11360278139939158
2019-07-30,8273.6103515625,nasdaq,2.42473508961354,0.5862289295523535,0.0,0.0,0.1490866234531526,0.11360278139939158
2019-07-31,8175.419921875,nasdaq,-0.6050187116872143,0.4470235418483151,0.0,0.0,0.09730644478916937,0.11360278139939158
2019-08-01,8111.1201171875,nasdaq,0.222429431754699,1.4421034821554242,0.0,0.0,0.1490866234531526,0.11360278139939158
2019-08-02,8004.06982421875,nasdaq,-0.2739703826911916,0.9281389520084146,0.0,0.0,0.09730644478916937,0.11360278139939158
2019-08-05,7726.0400390625,nasdaq,-0.5366073629902536,3.830867947571957,0.0,0.0,0.09730644478916937,0.11360278139939158
2019-08-06,7833.27001953125,nasdaq,-0.3991768046476307,-1.938432779512433,0.0,0.0,0.09730644478916937,0.11360278139939158
2019-08-07,7862.830078125,nasdaq,-0.6606402139903945,-0.2596622889962898,0.0,0.0,0.09730644478916937,0.11360278139939158
2019-08-08,8039.16015625,nasdaq,0.22848059799214135,-1.1383547243355394,0.0,0.0,0.1490866234531526,0.11360278139939158
2019-08-09,7959.14013671875,nasdaq,-0.9654168368286467,2.5818554087311583,0.0,0.0,0.09730644478916937,0.11360278139939158
2019-08-12,7863.41015625,nasdaq,0.5505821275347864,1.4509348804479278,0.0,0.0,0.1490866234531526,0.11360278139939158
2019-08-13,8016.35986328125,nasdaq,-0.8090798685039485,0.6356899401223228,0.0,0.0,0.09730644478916937,0.11360278139939158
2019-08-14,7773.93994140625,nasdaq,-0.7015784784704431,-1.4817880090237596,0.0,0.0,0.09730644478916937,0.11360278139939158
2019-08-15,7766.6201171875,nasdaq,-0.9556989556764275,-0.9852167711504844,0.0,0.0,0.09730644478916937,0.11360278139939158
2019-08-16,7895.990234375,nasdaq,-0.5043318170324287,3.059923116051906,0.0,0.0,0.09730644478916937,0.11360278139939158
2019-08-19,8002.81005859375,nasdaq,-0.29584849286870774,-0.1428622736045015,0.0,0.0,0.09730644478916937,0.11360278139939158
2019-08-20,7948.56005859375,nasdaq,0.7841885745229479,-0.4535811825752812,0.0,0.0,0.1490866234531526,0.11360278139939158
2019-08-21,8020.2099609375,nasdaq,1.065223956823589,-0.8877717851303003,0.0,0.0,0.1490866234531526,0.11360278139939158
2019-08-22,7991.39013671875,nasdaq,-1.0078958516967542,-0.9970653604288023,0.0,0.0,0.09730644478916937,0.11360278139939158
2019-08-23,7751.77001953125,nasdaq,0.1288586162881852,1.2840513349569094,0.0,0.0,0.1490866234531526,0.11360278139939158
2019-08-26,7853.740234375,nasdaq,-0.02295950163239077,-1.525588009049805,0.0,0.0,0.09730644478916937,0.11360278139939158
2019-08-27,7826.9501953125,nasdaq,0.3922687934937118,-0.6240469177645371,0.0,0.0,0.1490866234531526,0.11360278139939158
2019-08-28,7856.8798828125,nasdaq,-0.0856242353454842,1.049701260023086,0.0,0.0,0.09730644478916937,0.11360278139939158
2019-08-29,7973.39013671875,nasdaq,-0.7238381774036807,2.383795119197726,0.0,0.0,0.09730644478916937,0.11360278139939158
2019-08-30,7962.8798828125,nasdaq,-0.03493773807165979,-2.1177153748172657,0.0,0.0,0.09730644478916937,0.11360278139939158
2019-09-03,7874.16015625,nasdaq,0.37453305101498735,0.486100408503221,0.0,0.0,0.1490866234531526,0.11360278139939158
2019-09-04,7976.8798828125,nasdaq,0.5229071365917177,1.2423094315856982,0.0,0.0,0.1490866234531526,0.11360278139939158
2019-09-05,8116.830078125,nasdaq,0.2704690656893865,-0.7312016478221562,0.0,0.0,0.1490866234531526,0.11360278139939158
2019-09-06,8103.06982421875,nasdaq,-2.267890071614906,-0.7991823792377446,0.0,0.0,0.09730644478916937,0.11360278139939158
2019-09-09,8087.43994140625,nasdaq,-0.6167666805111711,-0.13727439533421434,0.0,0.0,0.09730644478916937,0.11360278139939158
2019-09-10,8084.16015625,nasdaq,0.21159083363131578,0.25858672348775846,0.0,0.0,0.1490866234531526,0.11360278139939158
2019-09-11,8169.68017578125,nasdaq,-3.3564092925942726,-0.3749802482626796,0.0,0.0,0.09730644478916937,0.11360278139939158
2019-09-12,8194.4697265625,nasdaq,0.24739616913115806,0.34461663719756597,0.0,0.0,0.1490866234531526,0.11360278139939158
2019-09-13,8176.7099609375,nasdaq,0.1427228146428379,0.019008362068507426,0.0,0.0,0.1490866234531526,0.11360278139939158
2019-09-16,8153.5400390625,nasdaq,1.178877626452554,0.3208253076153553,0.0,0.0,0.1490866234531526,0.11360278139939158
2019-09-17,8186.02001953125,nasdaq,1.0083120137394026,0.037205572575311166,0.0,0.0,0.1490866234531526,0.11360278139939158
2019-09-18,8177.39013671875,nasdaq,-2.091289711562452,0.18308456697278166,0.0,0.0,0.09730644478916937,0.11360278139939158
2019-09-19,8182.8798828125,nasdaq,-1.102633959935233,-0.2960571865047458,0.0,0.0,0.09730644478916937,0.11360278139939158
2019-09-20,8117.669921875,nasdaq,0.11601909087651525,-0.7199153491761919,0.0,0.0,0.1490866234531526,0.11360278139939158
2019-09-23,8112.4599609375,nasdaq,1.147071113196706,-0.21936116468766403,0.0,0.0,0.1490866234531526,0.11360278139939158
2019-09-24,7993.6298828125,nasdaq,0.09825879136516504,2.371215773381989,0.0,0.0,0.1490866234531526,0.11360278139939158
2019-09-25,8077.3798828125,nasdaq,0.5771022971809596,-0.43980617288331686,0.0,0.0,0.1490866234531526,0.11360278139939158
2019-09-26,8030.66015625,nasdaq,2.364420424987688,-1.024066542498358,0.0,0.0,0.1490866234531526,0.11360278139939158
2019-09-27,7939.6298828125,nasdaq,-0.7411438574622885,-1.118382270658495,0.0,0.0,0.09730644478916937,0.11360278139939158
2019-09-30,7999.33984375,nasdaq,-0.9205158382387795,-0.05094867668558494,0.0,0.0,0.09730644478916937,0.11360278139939158
2019-10-01,7908.68017578125,nasdaq,-0.4877529407658421,0.3064015489118753,0.0,0.0,0.09730644478916937,0.11360278139939158
2019-10-02,7785.25,nasdaq,0.433057457676095,2.185421415605188,0.0,0.0,0.1490866234531526,0.11360278139939158
2019-10-03,7872.259765625,nasdaq,-0.16109190515112373,0.29057275161267015,0.0,0.0,0.09730644478916937,0.11360278139939158
2019-10-04,7982.47021484375,nasdaq,-0.39764714576399235,-0.7521895110330614,0.0,0.0,0.09730644478916937,0.11360278139939158
2019-10-07,7956.2900390625,nasdaq,-0.4856615617719391,0.381580261029706,0.0,0.0,0.09730644478916937,0.11360278139939158
2019-10-08,7823.77978515625,nasdaq,0.3192333096147164,7.213501342219018,0.0,0.0,0.1490866234531526,0.11360278139939158
2019-10-09,7903.740234375,nasdaq,-0.027517826522399223,-0.0371892725018107,0.0,0.0,0.09730644478916937,0.11360278139939158
2019-10-10,7950.77978515625,nasdaq,-0.03070474153489081,0.7839407021277339,0.0,0.0,0.09730644478916937,0.11360278139939158
2019-10-11,8057.0400390625,nasdaq,-0.03683619259313871,-0.10557785305593402,0.0,0.0,0.09730644478916937,0.11360278139939158
2019-10-14,8048.64990234375,nasdaq,-0.12173391196053752,-0.11922793569883958,0.0,0.0,0.09730644478916937,0.11360278139939158
2019-10-15,8148.7099609375,nasdaq,0.2811682161448932,0.061217212165204815,0.0,0.0,0.1490866234531526,0.11360278139939158
2019-10-16,8124.18017578125,nasdaq,-0.7858518538131639,0.48716624354440474,0.0,0.0,0.09730644478916937,0.11360278139939158
2019-10-17,8156.85009765625,nasdaq,-0.20669601101392826,0.2771842519864798,0.0,0.0,0.09730644478916937,0.11360278139939158
2019-10-18,8089.5400390625,nasdaq,0.32037040512251985,-0.3594933642960899,0.0,0.0,0.1490866234531526,0.11360278139939158
2019-10-21,8162.990234375,nasdaq,0.24346635428802751,0.13385287401155388,0.0,0.0,0.1490866234531526,0.11360278139939158
2019-10-22,8104.2998046875,nasdaq,-0.38498432125010057,0.2929644812968394,0.0,0.0,0.09730644478916937,0.11360278139939158
2019-10-23,8119.7900390625,nasdaq,-0.1323453809514175,0.493644092821252,0.0,0.0,0.09730644478916937,0.11360278139939158
2019-10-24,8185.7998046875,nasdaq,-0.23396966202966787,0.8968045198557694,0.0,0.0,0.09730644478916937,0.11360278139939158
2019-10-25,8243.1201171875,nasdaq,-0.6004116363784338,-0.2506223234045872,0.0,0.0,0.09730644478916937,0.11360278139939158
2019-10-28,8325.990234375,nasdaq,-0.7933110373540997,0.06266321927571461,0.0,0.0,0.09730644478916937,0.11360278139939158
2019-10-29,8276.849609375,nasdaq,-0.9178133616755061,0.13137107890262986,0.0,0.0,0.09730644478916937,0.11360278139939158
2019-10-30,8303.98046875,nasdaq,-0.5001476179148598,0.033017009294966045,0.0,0.0,0.09730644478916937,0.11360278139939158
2019-10-31,8292.3603515625,nasdaq,-0.24918194524939744,0.13820475710156113,0.0,0.0,0.09730644478916937,0.11360278139939158
2019-11-01,8386.400390625,nasdaq,0.5735299838443255,0.36285259281334736,0.0,0.0,0.1490866234531526,0.11360278139939158
2019-11-04,8433.2001953125,nasdaq,0.7173294950491652,0.11257214540968953,0.0,0.0,0.1490866234531526,0.11360278139939158
2019-11-05,8434.6796875,nasdaq,-0.1614021487547359,-0.04540164126188234,0.0,0.0,0.09730644478916937,0.11360278139939158
2019-11-06,8410.6298828125,nasdaq,-0.5812388497520562,-0.0974347836956131,0.0,0.0,0.09730644478916937,0.11360278139939158
2019-11-07,8434.51953125,nasdaq,1.7118265752358863,0.20518851892572662,0.0,0.0,0.1490866234531526,0.11360278139939158
2019-11-08,8475.3095703125,nasdaq,-0.6125018889455313,0.20261993539212622,0.0,0.0,0.09730644478916937,0.11360278139939158
2019-11-11,8464.2802734375,nasdaq,-0.6853922594255062,-0.09076599427950952,0.0,0.0,0.09730644478916937,0.11360278139939158
2019-11-12,8486.08984375,nasdaq,-0.67309523227388,0.37277005857970585,0.0,0.0,0.09730644478916937,0.11360278139939158
2019-11-13,8482.099609375,nasdaq,-0.03281534436789539,-0.054262252406915124,0.0,0.0,0.09730644478916937,0.11360278139939158
2019-11-14,8479.01953125,nasdaq,0.4298326992704534,-0.06237013383388146,0.0,0.0,0.1490866234531526,0.11360278139939158
2019-11-15,8540.830078125,nasdaq,0.8303262871997167,0.7840118193807044,0.0,0.0,0.1490866234531526,0.11360278139939158
2019-11-18,8549.9404296875,nasdaq,0.17279508938148064,0.45872470230556645,0.0,0.0,0.1490866234531526,0.11360278139939158
2019-11-19,8570.66015625,nasdaq,-0.13229124134942966,-0.14070064437968882,0.0,0.0,0.09730644478916937,0.11360278139939158
2019-11-20,8526.73046875,nasdaq,0.38169770947120396,-0.28069236830498245,0.0,0.0,0.1490866234531526,0.11360278139939158
2019-11-21,8506.2099609375,nasdaq,0.6765172893404333,-0.43948738637379325,0.0,0.0,0.1490866234531526,0.11360278139939158
2019-11-22,8519.8798828125,nasdaq,0.2111698929365283,-0.10553918905222617,0.0,0.0,0.1490866234531526,0.11360278139939158
2019-11-25,8632.490234375,nasdaq,-0.3479108483973067,-0.5392535699976813,0.0,0.0,0.09730644478916937,0.11360278139939158
2019-11-26,8647.9296875,nasdaq,-0.3702669943403194,-0.21217433842722064,0.0,0.0,0.09730644478916937,0.11360278139939158
2019-11-27,8705.1796875,nasdaq,0.7806239330035527,-0.38191292409269606,0.0,0.0,0.1490866234531526,0.11360278139939158
2019-11-29,8665.4697265625,nasdaq,-0.7322113087676893,-0.09043363085789306,0.0,0.0,0.09730644478916937,0.11360278139939158
2019-12-02,8567.990234375,nasdaq,0.45544766483339283,0.6630565810348417,0.0,0.0,0.1490866234531526,0.11360278139939158
2019-12-03,8520.6396484375,nasdaq,0.5049169554833943,0.23013316515947604,0.0,0.0,0.1490866234531526,0.11360278139939158
2019-12-04,8566.669921875,nasdaq,-0.20571761128832977,0.2701284348469266,0.0,0.0,0.09730644478916937,0.11360278139939158
2019-12-05,8570.7001953125,nasdaq,-0.4000374280199089,0.1215914156649743,0.0,0.0,0.09730644478916937,0.11360278139939158
2019-12-06,8656.5302734375,nasdaq,-0.6616405102361593,0.00021277401525299114,0.0,0.0,0.09730644478916937,0.11360278139939158
2019-12-09,8621.830078125,nasdaq,0.42118052742899703,0.33580566889079694,0.0,0.0,0.1490866234531526,0.11360278139939158
2019-12-10,8616.1796875,nasdaq,-0.26398561055741565,-0.21927811687411497,0.0,0.0,0.09730644478916937,0.11360278139939158
2019-12-11,8654.0498046875,nasdaq,0.3636200706861409,0.3300896567896109,0.0,0.0,0.1490866234531526,0.11360278139939158
2019-12-12,8717.3203125,nasdaq,1.1571456682539327,-0.7697542819884546,0.0,0.0,0.1490866234531526,0.11360278139939158
2019-12-13,8734.8798828125,nasdaq,0.6149101808378024,0.09472211050496211,0.0,0.0,0.1490866234531526,0.11360278139939158
2019-12-16,8814.23046875,nasdaq,0.8013628523463957,0.09091987179263969,0.0,0.0,0.1490866234531526,0.11360278139939158
2019-12-17,8823.3603515625,nasdaq,-0.9283039288180225,0.024232984814148498,0.0,0.0,0.09730644478916937,0.11360278139939158
2019-12-18,8827.740234375,nasdaq,-0.31234488972646973,0.03761795911507505,0.0,0.0,0.09730644478916937,0.11360278139939158
2019-12-19,8887.2197265625,nasdaq,-0.13408291006544856,0.12471218888046703,0.0,0.0,0.09730644478916937,0.11360278139939158
2019-12-20,8924.9599609375,nasdaq,0.032840184725547915,0.055091700041500685,0.0,0.0,0.1490866234531526,0.11360278139939158
2019-12-23,8945.650390625,nasdaq,-0.5536385150481663,-0.19690198977540668,0.0,0.0,0.09730644478916937,0.11360278139939158
2019-12-24,8952.8798828125,nasdaq,0.8159098771289117,0.0009789564696272204,0.0,0.0,0.1490866234531526,0.11360278139939158
2019-12-26,9022.3896484375,nasdaq,0.7200446348244279,0.4719534538130635,0.0,0.0,0.1490866234531526,0.11360278139939158
2019-12-27,9006.6201171875,nasdaq,0.24652959044228198,0.3535968535579032,0.0,0.0,0.1490866234531526,0.11360278139939158
2019-12-30,8945.990234375,nasdaq,0.28947264706012454,0.45310159137230316,0.0,0.0,0.1490866234531526,0.11360278139939158
2019-12-31,8972.599609375,nasdaq,-0.1720650633739567,0.2616725753520774,0.0,0.0,0.09730644478916937,0.11360278139939158
2020-01-02,9092.1904296875,nasdaq,-0.2714865422399302,0.19288248049361048,0.0,0.0,0.09730644478916937,0.11360278139939158
2020-01-03,9020.76953125,nasdaq,0.150476643671771,-0.008791886934903799,0.0,0.0,0.1490866234531526,0.11360278139939158
2020-01-06,9071.4697265625,nasdaq,-0.0589745619631853,0.02363666005954278,0.006252150377482026,0.0,0.09730644478916937,0.11360278139939158
2020-01-07,9068.580078125,nasdaq,-0.007816044247968123,0.13573468514558362,0.0096593413722184,0.0,0.09730644478916937,0.11360278139939158
2020-01-08,9129.240234375,nasdaq,0.16801885620402535,0.29987566353477496,0.014774836023203364,0.0,0.1490866234531526,0.11360278139939158
2020-01-09,9203.4296875,nasdaq,0.16640856435246035,0.2905074774055009,0.022374579372062057,0.0,0.1490866234531526,0.11360278139939158
2020-01-10,9178.8603515625,nasdaq,0.1002715110271623,0.05382666829566386,0.033546262790251184,0.0,0.1490866234531526,0.11360278139939158
2020-01-13,9273.9296875,nasdaq,-0.3352958334475123,0.17715746193982623,0.10647662366679204,0.0,0.09730644478916937,0.11360278139939158
2020-01-14,9251.330078125,nasdaq,0.14837298066983504,-0.08244264259181824,0.1533810679324463,0.0,0.1490866234531526,0.11360278139939158
2020-01-15,9258.7001953125,nasdaq,-0.05788718544080587,-0.2750517191208238,0.21874911181828852,0.0,0.09730644478916937,0.11360278139939158
2020-01-16,9357.1298828125,nasdaq,0.45862533868617467,0.3278960279119999,0.30887154082367685,0.0,0.1490866234531526,0.11360278139939158
2020-01-17,9388.9404296875,nasdaq,0.6392124423738494,0.4609661443751162,0.4317840007633078,0.0,0.1490866234531526,0.11360278139939158
2020-01-21,9370.8095703125,nasdaq,1.406443874598486,0.20984369361402783,1.4920786069067842,0.0,0.1490866234531526,0.11360278139939158
2020-01-22,9383.76953125,nasdaq,1.687924117834688,-0.027302000649805175,1.9841094744370287,0.0,0.1490866234531526,0.11360278139939158
2020-01-23,9402.48046875,nasdaq,3.092145691810045,-0.03344698334542458,2.6121409853918234,0.0,0.1490866234531526,0.11360278139939158
2020-01-24,9314.91015625,nasdaq,2.959141881463093,-0.18969681943390848,3.4047454734599345,0.0,0.1490866234531526,0.11360278139939158
2020-01-27,9139.3095703125,nasdaq,7.185019294360543,-0.19458928114931476,7.100535373963698,0.0,0.1490866234531526,0.11360278139939158
2020-01-28,9269.6796875,nasdaq,8.79171120790851,-0.3563599348374925,8.892161745938635,0.0,0.1490866234531526,0.11360278139939158
2020-01-29,9275.16015625,nasdaq,11.07594712987058,-0.19033847840698656,11.025052530448521,0.0,0.1490866234531526,0.11360278139939158
2020-01-30,9298.9296875,nasdaq,13.358412246168085,0.09411116007422474,13.53352832366127,0.0,0.1490866234531526,0.11360278139939158
2020-01-31,9150.9404296875,nasdaq,16.30292241296459,0.23704283308584606,16.44744565771549,0.0,0.1490866234531526,0.11360278139939158
2020-02-03,9273.400390625,nasdaq,27.681840614584374,-0.8006069363221517,27.803730045319412,0.0,0.1490866234531526,0.11360278139939158
2020-02-04,9467.9697265625,nasdaq,32.52193939100301,-0.06178433120953032,32.465246735834974,0.0,0.1490866234531526,0.11360278139939158
2020-02-05,9508.6796875,nasdaq,37.3938660650483,0.48665565563268737,37.531109885139955,0.0,0.15223880597014924,0.11360278139939158
2020-02-06,9572.150390625,nasdaq,43.18312860232993,0.9011972686236774,42.955735821073915,0.0,0.15223880597014924,0.11360278139939158
2020-02-07,9520.509765625,nasdaq,48.641133100192185,0.06087624892066222,48.67522559599717,0.004006529739295107,0.22981366459627328,0.11360278139939158
2020-02-10,9628.3896484375,nasdaq,66.50567774818641,0.21508525699283973,66.69768108584744,0.014774836023203364,0.2352941176470588,0.11360278139939158
2020-02-11,9638.9404296875,nasdaq,72.58215885379363,-0.016715568009977838,72.6149037073691,0.022374579372062057,0.2352941176470588,0.11360278139939158
2020-02-12,9725.9599609375,nasdaq,78.04857677266129,0.08988458020656125,78.27045382418682,0.033546262790251184,0.5285714285714286,0.11360278139939158
2020-02-13,9711.9697265625,nasdaq,83.4839948877204,-0.13429433697846613,83.5270211411272,0.049795542150327346,0.5285714285714286,0.11360278139939158
2020-02-14,9731.1796875,nasdaq,88.1584951441392,0.09210443411411279,88.24969025845955,0.07318024188804728,0.5285714285714286,0.11360278139939158
2020-02-18,9732.740234375,nasdaq,99.52958111978081,0.20061166558503665,99.50124791926824,0.30887154082367685,0.5285714285714286,0.11360278139939158
2020-02-19,9817.1796875,nasdaq,99.88811987776566,0.26643201318391085,100.0,0.4317840007633078,0.5285714285714286,0.11360278139939158
2020-02-20,9750.9697265625,nasdaq,0.5541901025601146,1.2535386329166727,0.0,0.5976022895005942,0.1490866234531526,0.11360278139939158
2020-02-21,9576.58984375,nasdaq,-2.234469448967439,0.6588009151680358,0.0,0.8188701014374083,0.09730644478916937,0.11360278139939158
2020-02-24,9221.2802734375,nasdaq,2.281152353744948,1.9989861968377305,0.0,1.9841094744370287,0.1490866234531526,0.11360278139939158
2020-02-25,8965.6103515625,nasdaq,1.827450709441956,2.6093553858694176,0.0,2.6121409853918234,0.1490866234531526,0.11360278139939158
2020-02-26,8980.7802734375,nasdaq,0.14516997368132695,3.330023321313484,0.0,3.4047454734599345,0.1490866234531526,0.11360278139939158
2020-02-27,8566.48046875,nasdaq,0.15537310170261626,4.5327337589198695,0.0,4.393693362340742,0.1490866234531526,0.11360278139939158
2020-02-28,8567.3701171875,nasdaq,0.3256833137338984,5.536367084606753,0.0,5.613476283413372,0.1490866234531526,0.11360278139939158
2020-03-02,8952.169921875,nasdaq,-0.006129577530088404,11.04671499825472,0.0,11.025052530448521,0.09730644478916937,0.11360278139939158
2020-03-03,8684.08984375,nasdaq,0.08692351333940528,13.614079398064922,0.0,13.53352832366127,0.1490866234531526,0.13095238095238096
2020-03-04,9018.08984375,nasdaq,-0.5439210799240751,16.292690519183008,0.0,16.44744565771549,0.09730644478916937,0.13095238095238096
2020-03-05,8738.58984375,nasdaq,-0.12644061735933906,19.856222850566464,0.0,19.789869908361464,0.09730644478916937,0.13095238095238096
2020-03-06,8575.6201171875,nasdaq,0.06885804672313602,23.876481206929355,0.0,23.57460765558635,0.1490866234531526,0.17613636363636365
2020-03-09,7950.68017578125,nasdaq,0.2545116181339987,37.41145560318769,0.0,37.531109885139955,0.1490866234531526,0.17613636363636365
2020-03-10,8344.25,nasdaq,0.14467033551774902,43.044383794966684,0.0,42.955735821073915,0.1490866234531526,0.22857142857142856
2020-03-11,7952.0498046875,nasdaq,0.2062815970638975,48.56284060293334,0.0,48.67522559599717,0.1490866234531526,0.4303030303030303
2020-03-12,7201.7998046875,nasdaq,-0.41135236866061303,54.53810816572868,0.0,54.60744266397094,0.09730644478916937,0.4303030303030303
2020-03-13,7874.8798828125,nasdaq,-0.16089906332414086,60.60817006137,0.0,60.653065971263345,0.09730644478916937,0.4303030303030303
2020-03-16,6904.58984375,nasdaq,-0.2785950897402759,78.28260119915453,0.0,78.27045382418682,0.09730644478916937,0.4303030303030303
2020-03-17,7334.77978515625,nasdaq,0.26595193296196457,83.4526147749271,0.0,83.5270211411272,0.1490866234531526,0.4303030303030303
2020-03-18,6989.83984375,nasdaq,0.24105983338711173,88.15580583677487,0.0,88.24969025845955,0.1490866234531526,0.4303030303030303
2020-03-19,7150.580078125,nasdaq,-0.5425368179062126,92.29998504112903,0.0,92.31163463866358,0.09730644478916937,1.0
2020-03-20,6879.52001953125,nasdaq,0.26181627199839236,95.53715184937019,0.0,95.59974818331,0.1490866234531526,1.0
2020-03-23,6860.669921875,nasdaq,-0.20753008612963286,99.8282893587121,0.0,100.0,0.09730644478916937,1.0
2020-03-24,7417.85986328125,nasdaq,-0.159140272792689,3.0161367549447378,0.0,0.0,0.09730644478916937,0.11360278139939158
2020-03-25,7384.2998046875,nasdaq,0.14282018387366388,1.133090645690736,0.0,0.0,0.1490866234531526,0.11360278139939158
2020-03-26,7797.5400390625,nasdaq,-0.617036845794574,-0.9470097502738051,0.0,0.0,0.09730644478916937,0.11360278139939158
2020-03-27,7502.3798828125,nasdaq,-0.12773547222133172,0.9003711731179991,0.0,0.0,0.09730644478916937,0.11360278139939158
2020-03-30,7774.14990234375,nasdaq,0.19632586393644239,0.18144583741229403,0.0,0.0,0.1490866234531526,0.11360278139939158
2020-03-31,7700.10009765625,nasdaq,0.6551380261496483,-0.6305251014684998,0.0,0.0,0.1490866234531526,0.11360278139939158
2020-04-01,7360.580078125,nasdaq,0.190984908527435,1.1704005369187893,0.0,0.0,0.1490866234531526,0.11360278139939158
2020-04-02,7487.31005859375,nasdaq,-0.5613415292899374,1.2107487191936888,0.0,0.0,0.09730644478916937,0.11360278139939158
2020-04-03,7373.080078125,nasdaq,0.06835556492524934,-0.38190145598111563,0.0,0.0,0.1490866234531526,0.11360278139939158
2020-04-06,7913.240234375,nasdaq,-0.47535471813851027,-0.9880436041277274,0.0,0.0,0.09730644478916937,0.11360278139939158
2020-04-07,7887.259765625,nasdaq,0.11252299426217556,0.671476532940098,0.0,0.0,0.1490866234531526,0.11360278139939158
2020-04-08,8090.89990234375,nasdaq,-0.23404572155989167,-0.1433180630721374,0.0,0.0,0.09730644478916937,0.11360278139939158
2020-04-09,8153.580078125,nasdaq,0.06719903775268048,-0.0018294738430567796,0.0,0.0,0.1490866234531526,0.11360278139939158
2020-04-13,8192.419921875,nasdaq,0.21529304558860093,0.14652940998401587,0.0,0.0,0.1490866234531526,0.11360278139939158
2020-04-14,8515.740234375,nasdaq,-0.3212304473036506,0.23871584918953193,0.0,0.0,0.09730644478916937,0.11360278139939158
2020-04-15,8393.1796875,nasdaq,-0.41770937717424317,0.5529632437472796,0.0,0.0,0.09730644478916937,0.11360278139939158
2020-04-16,8532.3603515625,nasdaq,-0.03508513702897734,0.5980746890802148,0.0,0.0,0.09730644478916937,0.11360278139939158
2020-04-17,8650.1396484375,nasdaq,-0.4639626230914042,-0.44757639464005433,0.0,0.0,0.09730644478916937,0.11360278139939158
2020-04-20,8560.73046875,nasdaq,-0.07185491675115481,-0.29257660640134636,0.0,0.0,0.09730644478916937,0.11360278139939158
2020-04-21,8263.23046875,nasdaq,-0.36116132654383715,1.3379012018250014,0.0,0.0,0.09730644478916937,0.11360278139939158
2020-04-22,8495.3798828125,nasdaq,0.0439172701893993,0.3645987754335288,0.0,0.0,0.1490866234531526,0.11360278139939158
2020-04-23,8494.75,nasdaq,-0.25224466893259956,0.03202151354083383,0.0,0.0,0.09730644478916937,0.11360278139939158
2020-04-24,8634.51953125,nasdaq,-0.0903542243697404,-0.06992720876684355,0.0,0.0,0.09730644478916937,0.11360278139939158
2020-04-27,8730.16015625,nasdaq,0.211284573526986,-0.008043467159825294,0.0,0.0,0.1490866234531526,0.11360278139939158
2020-04-28,8607.73046875,nasdaq,0.20241174900328687,-0.10728991906467374,0.0,0.0,0.1490866234531526,0.11360278139939158
2020-04-29,8914.7099609375,nasdaq,-0.826941983556771,-0.8322766311451724,0.0,0.0,0.09730644478916937,0.11360278139939158
2020-04-30,8889.5498046875,nasdaq,0.02395540916536042,-0.7965935238681456,0.0,0.0,0.1490866234531526,0.11360278139939158
2020-05-01,8604.9501953125,nasdaq,-0.3277691453011944,-0.2852982209326203,0.0,0.0,0.09730644478916937,0.11360278139939158
2020-05-04,8710.7099609375,nasdaq,0.06682299718321309,0.45801300191198085,0.0,0.0,0.1490866234531526,0.11360278139939158
2020-05-05,8809.1201171875,nasdaq,0.27585793632307476,-0.4595036494760032,0.0,0.0,0.1490866234531526,0.11360278139939158
2020-05-06,8854.3896484375,nasdaq,0.29369932307325514,-0.376688027842538,0.0,0.0,0.1490866234531526,0.11360278139939158
2020-05-07,8979.66015625,nasdaq,0.23820710551671667,0.03826328139094085,0.0,0.0,0.1490866234531526,0.11360278139939158
2020-05-08,9121.3203125,nasdaq,-0.17832282974797914,-0.28042895713305804,0.0,0.0,0.09730644478916937,0.11360278139939158
2020-05-11,9192.33984375,nasdaq,1.2341451083362402,0.2811933181105423,0.0,0.0,0.1490866234531526,0.11360278139939158
2020-05-12,9002.5498046875,nasdaq,0.14066771216591908,-0.23241205089991426,0.0,0.0,0.1490866234531526,0.11360278139939158
2020-05-13,8863.169921875,nasdaq,-0.14930751043275187,0.8711493200581399,0.0,0.0,0.09730644478916937,0.11360278139939158
2020-05-14,8943.7197265625,nasdaq,0.109701191377372,-0.3544672097614849,0.0,0.0,0.1490866234531526,0.11360278139939158
2020-05-15,9014.5595703125,nasdaq,-0.27037998305940997,-0.30464551637746756,0.0,0.0,0.09730644478916937,0.11360278139939158
2020-05-18,9234.830078125,nasdaq,-0.21489445407745594,-0.5147767050887725,0.0,0.0,0.09730644478916937,0.11360278139939158
2020-05-19,9185.099609375,nasdaq,-0.026323402758531532,0.00437225546661073,0.0,0.0,0.09730644478916937,0.11360278139939158
2020-05-20,9375.7802734375,nasdaq,-0.4647807507821904,-0.16398813639366583,0.0,0.0,0.09730644478916937,0.11360278139939158
2020-05-21,9284.8798828125,nasdaq,-0.0300892967893895,0.7288742378506483,0.0,0.0,0.09730644478916937,0.11360278139939158
2020-05-22,9324.58984375,nasdaq,-0.851181312915659,0.8511900216261398,0.0,0.0,0.09730644478916937,0.11360278139939158
2020-05-26,9340.2197265625,nasdaq,-0.1981298440094492,-0.24651227141035123,0.0,0.0,0.09730644478916937,0.11360278139939158
2020-05-27,9412.3603515625,nasdaq,-0.26531581155373885,-0.3272350986732119,0.0,0.0,0.09730644478916937,0.11360278139939158
2020-05-28,9368.990234375,nasdaq,-0.29882643679299264,0.106945604726684,0.0,0.0,0.09730644478916937,0.11360278139939158
2020-05-29,9489.8701171875,nasdaq,0.2135971544162644,-0.0721274503938796,0.0,0.0,0.1490866234531526,0.11360278139939158
2020-06-01,9552.0498046875,nasdaq,-0.15633250455268569,0.3536430371526099,0.0,0.0,0.09730644478916937,0.11360278139939158
2020-06-02,9608.3798828125,nasdaq,0.21132277115807843,0.11518133248131728,0.0,0.0,0.1490866234531526,0.11360278139939158
2020-06-03,9682.91015625,nasdaq,-0.38172746908405525,-0.2849974916209839,0.0,0.0,0.09730644478916937,0.11360278139939158
2020-06-04,9615.8095703125,nasdaq,-1.0015835859717928,0.20549367893404635,0.0,0.0,0.09730644478916937,0.11360278139939158
2020-06-05,9814.080078125,nasdaq,-0.9062192981383366,0.06187570974150888,0.0,0.0,0.09730644478916937,0.11360278139939158
2020-06-08,9924.75,nasdaq,1.2626206589878577,-0.16720005494323495,0.0,0.0,0.1490866234531526,0.11360278139939158
2020-06-09,9953.75,nasdaq,0.32532176849986205,-0.3797291557157499,0.0,0.0,0.1490866234531526,0.11360278139939158
2020-06-10,10020.349609375,nasdaq,0.26601034592962935,0.10778742918734949,0.0,0.0,0.1490866234531526,0.11360278139939158
2020-06-12,9588.8095703125,nasdaq,-0.20933081684940277,-0.5255348914824164,0.0,0.0,0.09730644478916937,0.11360278139939158
2020-06-15,9726.01953125,nasdaq,-0.48114925868891956,0.08906898874108254,0.0,0.0,0.09730644478916937,0.11360278139939158
2020-06-16,9895.8701171875,nasdaq,0.1751117038244605,-0.01824804540237645,0.0,0.0,0.1490866234531526,0.11360278139939158
2020-06-17,9910.5302734375,nasdaq,0.0649239159500018,0.05778511937927821,0.0,0.0,0.1490866234531526,0.11360278139939158
2020-06-18,9943.0498046875,nasdaq,0.27589768934229525,-0.670647634352849,0.0,0.0,0.1490866234531526,0.11360278139939158
2020-06-19,9946.1201171875,nasdaq,-0.06939884689100209,0.34915226818713613,0.0,0.0,0.09730644478916937,0.11360278139939158
2020-06-22,10056.48046875,nasdaq,0.7942298665383195,0.21162573531269743,0.0,0.0,0.1490866234531526,0.11360278139939158
2020-06-23,10131.3701171875,nasdaq,0.06645233478595887,-0.38645854353855513,0.0,0.0,0.1490866234531526,0.11360278139939158
2020-06-24,9909.169921875,nasdaq,-0.6522771824609612,0.35181323671836817,0.0,0.0,0.09730644478916937,0.11360278139939158
2020-06-25,10017.0,nasdaq,-0.740328577918797,-0.059424774136480535,0.0,0.0,0.09730644478916937,0.11360278139939158
2020-06-26,9757.2197265625,nasdaq,-1.0657573526078457,-1.3407849483198033,0.0,0.0,0.09730644478916937,0.11360278139939158
2020-06-29,9874.150390625,nasdaq,0.03339811288696336,-0.1375419093199866,0.0,0.0,0.1490866234531526,0.11360278139939158
2020-06-30,10058.76953125,nasdaq,0.1774599913393987,1.4556024163598729,0.0,0.0,0.1490866234531526,0.11360278139939158
2020-07-01,10154.6298828125,nasdaq,0.06037992817606123,1.3903604272724934,0.0,0.0,0.1490866234531526,0.11360278139939158
2020-07-02,10207.6298828125,nasdaq,-0.455978610149086,0.2094622052037739,0.0,0.0,0.09730644478916937,0.11360278139939158
2020-07-06,10433.650390625,nasdaq,-0.008090002360479888,0.1059777206217509,0.0,0.0,0.09730644478916937,0.11360278139939158
2020-07-07,10343.8896484375,nasdaq,0.3124391777381569,-0.12576387797129818,0.0,0.0,0.1490866234531526,0.11360278139939158
2020-07-08,10492.5,nasdaq,-0.7346344267909306,-0.7938374059545578,0.0,0.0,0.09730644478916937,0.11360278139939158
2020-07-09,10547.75,nasdaq,-1.4114872897626145,-0.3965721714630244,0.0,0.0,0.09730644478916937,0.11360278139939158
2020-07-10,10617.4404296875,nasdaq,1.5440747978589855,-0.49344995031990985,0.0,0.0,0.1490866234531526,0.11360278139939158
2020-07-13,10390.83984375,nasdaq,-0.026150741615568063,0.11733099199606074,0.0,0.0,0.09730644478916937,0.11360278139939158
2020-07-14,10488.580078125,nasdaq,0.5811859457757527,1.2765702213582073,0.0,0.0,0.1490866234531526,0.11360278139939158
2020-07-15,10550.490234375,nasdaq,-0.06692073107117752,-0.40853302990795076,0.0,0.0,0.09730644478916937,0.11360278139939158
2020-07-16,10473.830078125,nasdaq,-0.6735609293595602,-0.04732423640704166,0.0,0.0,0.09730644478916937,0.11360278139939158
2020-07-17,10503.1904296875,nasdaq,1.1772512621441689,0.9093022891925762,0.0,0.0,0.1490866234531526,0.11360278139939158
2020-07-20,10767.08984375,nasdaq,-0.08685243552589625,-0.11976973357385538,0.006252150377482026,0.0,0.09730644478916937,0.11360278139939158
2020-07-21,10680.3603515625,nasdaq,0.27522800296955596,0.5286244432547678,0.0096593413722184,0.0,0.1490866234531526,0.11360278139939158
2020-07-22,10706.1298828125,nasdaq,-0.05154049113840339,-0.3949843585510696,0.014774836023203364,0.0,0.09730644478916937,0.11360278139939158
2020-07-23,10461.419921875,nasdaq,-0.043008768041083306,0.25476259623976966,0.022374579372062057,0.0,0.09730644478916937,0.11360278139939158
2020-07-24,10363.1796875,nasdaq,-0.002389885054434528,0.864034762037191,0.033546262790251184,0.0,0.09730644478916937,0.11360278139939158
2020-07-27,10536.26953125,nasdaq,0.030389331055411528,-1.1978628557241389,0.10647662366679204,0.0,0.1490866234531526,0.11360278139939158
2020-07-28,10402.08984375,nasdaq,0.03904610151856491,-0.20567647741923065,0.1533810679324463,0.0,0.1490866234531526,0.11360278139939158
2020-07-29,10542.9404296875,nasdaq,0.13509974465678629,1.6820857455463736,0.21874911181828852,0.0,0.1490866234531526,0.11360278139939158
2020-07-30,10587.8095703125,nasdaq,0.5744883746759566,-0.865717770589519,0.30887154082367685,0.0,0.1490866234531526,0.11360278139939158
2020-07-31,10745.26953125,nasdaq,0.3501685674639274,0.1627972750693149,0.4317840007633078,0.0,0.1490866234531526,0.11360278139939158
2020-08-03,10902.7998046875,nasdaq,0.5150444297651869,-0.3435840843646136,1.1108996538242306,0.0,0.1490866234531526,0.11360278139939158
2020-08-04,10941.169921875,nasdaq,2.211575273060659,0.10275223041731357,1.4920786069067842,0.0,0.1490866234531526,0.11360278139939158
2020-08-05,10998.400390625,nasdaq,2.1382592500055053,0.2726768946181275,1.9841094744370287,0.0,0.1490866234531526,0.11360278139939158
2020-08-06,11108.0703125,nasdaq,2.5710464639570136,-0.07198946581173611,2.6121409853918234,0.0,0.1490866234531526,0.11360278139939158
2020-08-07,11010.98046875,nasdaq,3.522469661776037,-0.18417302520602954,3.4047454734599345,0.0,0.1490866234531526,0.11360278139939158
2020-08-10,10968.3603515625,nasdaq,6.934181409459209,-0.006540209181677418,7.100535373963698,0.006252150377482026,0.1490866234531526,0.11360278139939158
2020-08-11,10782.8203125,nasdaq,8.825129103637057,-0.4435548901172344,8.892161745938635,0.0096593413722184,0.1490866234531526,0.11360278139939158
2020-08-12,11012.240234375,nasdaq,11.123718930677665,0.12211809380192125,11.025052530448521,0.014774836023203364,0.1490866234531526,0.11360278139939158
2020-08-13,11042.5,nasdaq,13.449901547469231,-0.03363190438095892,13.53352832366127,0.022374579372062057,0.1490866234531526,0.11360278139939158
2020-08-14,11019.2998046875,nasdaq,16.688354928438134,0.09687632735716271,16.44744565771549,0.033546262790251184,0.1490866234531526,0.11360278139939158
2020-08-17,11129.73046875,nasdaq,28.273820120370413,0.2945813229955646,27.803730045319412,0.10647662366679204,0.1490866234531526,0.11360278139939158
2020-08-18,11210.83984375,nasdaq,32.277364150820624,0.03659754709019695,32.465246735834974,0.1533810679324463,0.1490866234531526,0.11360278139939158
2020-08-19,11146.4599609375,nasdaq,38.383745059935016,-0.05042305598149768,37.531109885139955,0.21874911181828852,0.15223880597014924,0.11360278139939158
2020-08-20,11264.9501953125,nasdaq,42.7563954586435,0.23953603850655025,42.955735821073915,0.30887154082367685,0.15223880597014924,0.11360278139939158
2020-08-21,11311.7998046875,nasdaq,48.49667905138432,2.0704168309757653,48.67522559599717,0.4317840007633078,0.22981366459627328,0.11360278139939158
2020-08-24,11379.7197265625,nasdaq,66.64468636876646,0.8110369143515858,66.69768108584744,1.1108996538242306,0.2352941176470588,0.11360278139939158
2020-08-25,11466.4697265625,nasdaq,72.51012405833877,1.3317501814282886,72.6149037073691,1.4920786069067842,0.2352941176470588,0.11360278139939158
2020-08-26,11665.0595703125,nasdaq,78.0287158014675,2.0525211372347956,78.27045382418682,1.9841094744370287,0.5285714285714286,0.11360278139939158
2020-08-27,11625.33984375,nasdaq,83.55481953504236,2.4672103163393166,83.5270211411272,2.6121409853918234,0.5285714285714286,0.11360278139939158
2020-08-28,11695.6298828125,nasdaq,88.06550719305066,3.1954736774622767,88.24969025845955,3.4047454734599345,0.5285714285714286,0.11360278139939158
2020-08-31,11775.4599609375,nasdaq,97.93983307947003,7.926751617829354,98.01986733067552,7.100535373963698,0.5285714285714286,0.11360278139939158
2020-09-01,11939.669921875,nasdaq,99.54512402805896,8.656728280366016,99.50124791926824,8.892161745938635,0.5285714285714286,0.11360278139939158
2020-09-02,12056.4404296875,nasdaq,99.85723412404872,10.873099771821794,100.0,11.025052530448521,0.5285714285714286,0.11360278139939158
2020-09-03,11458.099609375,nasdaq,2.9751235736659325,13.51584786533723,0.0,13.53352832366127,0.1490866234531526,0.13095238095238096
2020-09-04,11313.1298828125,nasdaq,0.6502681808174178,16.375177256228735,0.0,16.44744565771549,0.1490866234531526,0.13095238095238096
2020-09-08,10847.6904296875,nasdaq,0.22549303762879827,32.38255235140287,0.0,32.465246735834974,0.1490866234531526,0.17613636363636365
2020-09-09,11141.5595703125,nasdaq,0.21516055645923968,37.77703323914119,0.0,37.531109885139955,0.1490866234531526,0.17613636363636365
2020-09-10,10919.58984375,nasdaq,-1.0378380517324892,42.87357390588903,0.0,42.955735821073915,0.09730644478916937,0.22857142857142856
2020-09-11,10853.5498046875,nasdaq,1.0733453081764173,48.52992891517348,0.0,48.67522559599717,0.1490866234531526,0.4303030303030303
2020-09-14,11056.650390625,nasdaq,-1.1942643154699133,66.46894352429989,0.0,66.69768108584744,0.09730644478916937,0.4303030303030303
2020-09-15,11190.3203125,nasdaq,-0.8656061781152861,72.68904418334286,0.0,72.6149037073691,0.09730644478916937,0.4303030303030303
2020-09-16,11050.4697265625,nasdaq,-1.740313215808507,78.29835870154615,0.0,78.27045382418682,0.09730644478916937,0.4303030303030303
2020-09-17,10910.2802734375,nasdaq,-0.721029889865405,83.5120206238315,0.0,83.5270211411272,0.09730644478916937,0.4303030303030303
2020-09-18,10793.2802734375,nasdaq,-1.825691068000573,88.29156684433339,0.0,88.24969025845955,0.09730644478916937,0.4303030303030303
2020-09-21,10778.7998046875,nasdaq,-0.12622053780068135,98.26209670398369,0.0,98.01986733067552,0.09730644478916937,1.0
2020-09-22,10963.6396484375,nasdaq,-0.027602727283817016,99.38375711088138,0.0,99.50124791926824,0.09730644478916937,1.0
2020-09-23,10632.990234375,nasdaq,0.4804770111847451,99.49500021430372,0.0,100.0,0.1490866234531526,1.0
2020-09-24,10672.26953125,nasdaq,0.8314806708826228,3.4648435388362677,0.0,0.0,0.1490866234531526,0.11360278139939158
2020-09-25,10913.5595703125,nasdaq,-0.28238458877587524,-0.07784224334245968,0.0,0.0,0.09730644478916937,0.11360278139939158
2020-09-28,11117.5302734375,nasdaq,-0.14322202227998632,2.3476748669686964,0.0,0.0,0.09730644478916937,0.11360278139939158
2020-09-29,11085.25,nasdaq,-0.6377507587568845,-3.0374541186854143,0.0,0.0,0.09730644478916937,0.11360278139939158
2020-09-30,11167.509765625,nasdaq,0.21992900524257578,3.16981795770117,0.0,0.0,0.1490866234531526,0.11360278139939158
2020-10-01,11326.509765625,nasdaq,-0.4672771467330554,1.1914255039809816,0.0,0.0,0.09730644478916937,0.11360278139939158
2020-10-02,11075.01953125,nasdaq,-0.25934523155837097,-1.0088065890400382,0.0,0.0,0.09730644478916937,0.11360278139939158
2020-10-05,11332.490234375,nasdaq,0.35743784871099754,-0.8824004636154179,0.0,0.0,0.1490866234531526,0.11360278139939158
2020-10-06,11154.599609375,nasdaq,-1.1512220939782754,-0.30455938481098604,0.0,0.0,0.09730644478916937,0.11360278139939158
2020-10-07,11364.599609375,nasdaq,3.8189165143533335,1.3424544952885238,0.0,0.0,0.1490866234531526,0.11360278139939158
2020-10-08,11420.98046875,nasdaq,0.7698200124833143,-0.255991052640915,0.0,0.0,0.1490866234531526,0.11360278139939158
2020-10-09,11579.9404296875,nasdaq,-1.079976674885546,0.07670599657559933,0.0,0.0,0.09730644478916937,0.11360278139939158
2020-10-12,11876.259765625,nasdaq,0.1533923360109408,0.759676682677695,0.0,0.0,0.1490866234531526,0.11360278139939158
2020-10-13,11863.900390625,nasdaq,0.34763186261207546,-2.9697790467138017,0.0,0.0,0.1490866234531526,0.11360278139939158
2020-10-14,11768.73046875,nasdaq,0.5038132272437698,-1.9544295556132452,0.0,0.0,0.1490866234531526,0.11360278139939158
2020-10-15,11713.8701171875,nasdaq,0.14051916845410511,1.4729407943130146,0.0,0.0,0.1490866234531526,0.11360278139939158
2020-10-16,11671.5595703125,nasdaq,-0.5211518309942283,0.28243189616508363,0.0,0.0,0.09730644478916937,0.11360278139939158
2020-10-19,11478.8798828125,nasdaq,-0.12558039446827637,0.11636929471946737,0.0,0.0,0.09730644478916937,0.11360278139939158
2020-10-20,11516.490234375,nasdaq,-0.03349643443590948,-0.606322975505229,0.0,0.0,0.09730644478916937,0.11360278139939158
2020-10-21,11484.6904296875,nasdaq,0.09869294011325129,0.10474276941203736,0.0,0.0,0.1490866234531526,0.11360278139939158
2020-10-22,11506.009765625,nasdaq,0.794181194404166,0.19067750261129185,0.0,0.0,0.1490866234531526,0.11360278139939158
2020-10-23,11548.2802734375,nasdaq,-0.6845569405232643,-0.23145609857300573,0.0,0.0,0.09730644478916937,0.11360278139939158
2020-10-26,11358.9404296875,nasdaq,0.376147999134601,-0.17006075834297887,0.0,0.0,0.1490866234531526,0.11360278139939158
2020-10-27,11431.349609375,nasdaq,-0.06423097396682015,0.24717245116403028,0.0,0.0,0.09730644478916937,0.11360278139939158
2020-10-28,11004.8701171875,nasdaq,-0.16432173040206732,-0.6766399735601204,0.0,0.0,0.09730644478916937,0.11360278139939158
2020-10-29,11185.58984375,nasdaq,0.10915602403730784,0.596627278068385,0.0,0.0,0.1490866234531526,0.11360278139939158
2020-10-30,10911.58984375,nasdaq,-1.0310437573093232,0.6599311296669529,0.0,0.0,0.09730644478916937,0.11360278139939158
2020-11-02,10957.6103515625,nasdaq,-0.6309757407115197,-0.4551599729840595,0.0,0.0,0.09730644478916937,0.11360278139939158
2020-11-03,11160.5703125,nasdaq,0.29498552456897165,0.12214024475173312,0.0,0.0,0.1490866234531526,0.11360278139939158
2020-11-04,11590.7802734375,nasdaq,0.7062956332674217,0.0024129041286801486,0.0,0.0,0.1490866234531526,0.11360278139939158
2020-11-05,11890.9296875,nasdaq,-0.06224806302020578,-1.8072641838757646,0.0,0.0,0.09730644478916937,0.11360278139939158
2020-11-06,11895.23046875,nasdaq,-0.6248183772148158,-0.2001461854964945,0.0,0.0,0.09730644478916937,0.11360278139939158
2020-11-09,11713.7802734375,nasdaq,0.0073716909596688715,0.17681075103991464,0.0,0.0,0.1,0.11360278139939158
2020-11-10,11553.8603515625,nasdaq,0.14574612755045763,0.6125787792124691,0.0,0.0,0.1490866234531526,0.11360278139939158
2020-11-11,11786.4296875,nasdaq,-0.003953621708672663,0.4286785674719664,0.0,0.0,0.09730644478916937,0.11360278139939158
2020-11-12,11709.58984375,nasdaq,-0.5238541368928165,1.570923782207483,0.0,0.0,0.09730644478916937,0.11360278139939158
2020-11-13,11829.2900390625,nasdaq,0.19712402909313778,0.5046749135022162,0.0,0.0,0.1490866234531526,0.11360278139939158
2020-11-16,11924.1298828125,nasdaq,0.14994007392175324,-0.014381457028561497,0.0,0.0,0.1490866234531526,0.11360278139939158
2020-11-17,11899.33984375,nasdaq,-0.22617470994992145,-0.20858220641841269,0.0,0.0,0.09730644478916937,0.11360278139939158
2020-11-18,11801.599609375,nasdaq,0.1610556259589488,0.09014535781765991,0.0,0.0,0.1490866234531526,0.11360278139939158
2020-11-19,11904.7099609375,nasdaq,0.07646263064297175,0.7534343283107945,0.0,0.0,0.1490866234531526,0.11360278139939158
2020-11-20,11854.9697265625,nasdaq,0.23277971596953592,-0.5764648056479047,0.0,0.0,0.1490866234531526,0.11360278139939158
2020-11-23,11880.6298828125,nasdaq,-0.38821037109505585,-0.805470687101105,0.0,0.0,0.09730644478916937,0.11360278139939158
2020-11-24,12036.7900390625,nasdaq,-0.607176097492502,-0.050194609684145144,0.0,0.0,0.09730644478916937,0.11360278139939158
2020-11-25,12094.400390625,nasdaq,-0.1329473568848153,-0.5112898525170644,0.0,0.0,0.09730644478916937,0.11360278139939158
2020-11-27,12205.849609375,nasdaq,-0.27984464317546465,-0.349785654445735,0.0,0.0,0.09730644478916937,0.11360278139939158
2020-11-30,12198.740234375,nasdaq,-0.29889663052495036,-0.5150774587938111,0.0,0.0,0.09730644478916937,0.11360278139939158
2020-12-01,12355.1103515625,nasdaq,-0.7160158500341023,-0.06571679493267955,0.0,0.0,0.09730644478916937,0.11360278139939158
2020-12-02,12349.3701171875,nasdaq,-0.12010861993991337,-0.0459640461055405,0.0,0.0,0.09730644478916937,0.11360278139939158
2020-12-03,12377.1796875,nasdaq,-0.05373776701262696,0.13476058771188437,0.0,0.0,0.09730644478916937,0.11360278139939158
2020-12-04,12464.23046875,nasdaq,0.7331941715363525,0.638535317650071,0.0,0.0,0.1490866234531526,0.11360278139939158
2020-12-07,12519.9501953125,nasdaq,-0.05982385309319868,0.4802670835092714,0.0,0.0,0.09730644478916937,0.11360278139939158
2020-12-08,12582.76953125,nasdaq,1.3524857004890107,-0.7268074108074261,0.0,0.0,0.1490866234531526,0.11360278139939158
2020-12-09,12338.9501953125,nasdaq,-0.43725602934087326,-0.10403298831403734,0.0,0.0,0.09730644478916937,0.11360278139939158
2020-12-10,12405.8095703125,nasdaq,1.1876586707852241,1.1465228551822109,0.0,0.0,0.1490866234531526,0.11360278139939158
2020-12-11,12377.8701171875,nasdaq,-0.15172928640887465,-0.09461889353236048,0.0,0.0,0.09730644478916937,0.11360278139939158
2020-12-14,12440.0400390625,nasdaq,-1.1800791862104187,-0.9054686079868008,0.0,0.0,0.09730644478916937,0.11360278139939158
2020-12-15,12595.0595703125,nasdaq,-0.4886673829014077,1.701069092364241,0.0,0.0,0.09730644478916937,0.11360278139939158
2020-12-16,12658.1904296875,nasdaq,1.1327042634508353,2.6405790795482567,0.0,0.0,0.1490866234531526,0.11360278139939158
2020-12-17,12764.75,nasdaq,-0.36385887511673143,-0.9848267615215948,0.0,0.0,0.09730644478916937,0.11360278139939158
2020-12-18,12755.6396484375,nasdaq,0.41578344431844594,-0.6678504918888091,0.0,0.0,0.1490866234531526,0.11360278139939158
2020-12-21,12742.51953125,nasdaq,-0.31778542669955573,0.3003842942673546,0.0,0.0,0.09730644478916937,0.11360278139939158
2020-12-22,12807.919921875,nasdaq,-1.022716066576755,-0.13290487533918752,0.0,0.0,0.09730644478916937,0.11360278139939158
2020-12-23,12771.1103515625,nasdaq,-0.5308867774284973,0.737117920396925,0.0,0.0,0.09730644478916937,0.11360278139939158
2020-12-24,12804.73046875,nasdaq,0.3471524648937364,0.4456408817616359,0.0,0.0,0.1490866234531526,0.11360278139939158
2020-12-28,12899.419921875,nasdaq,0.2913792939548611,-0.3242191073350551,0.0,0.0,0.1490866234531526,0.11360278139939158
2020-12-29,12850.2197265625,nasdaq,-0.0016510438753206643,-0.7334564233399304,0.004006529739295107,0.0,0.09730644478916937,0.11360278139939158
2020-12-30,12870.0,nasdaq,-0.20344940462601285,-0.48566139445310497,0.006252150377482026,0.0,0.09730644478916937,0.11360278139939158
2020-12-31,12888.2802734375,nasdaq,-0.18461755534162425,-1.039343296804124,0.0096593413722184,0.0,0.09730644478916937,0.11360278139939158
2021-01-04,12698.4501953125,nasdaq,-0.13584901740712305,0.6211217619417447,0.049795542150327346,0.0,0.09730644478916937,0.11360278139939158
2021-01-05,12818.9599609375,nasdaq,-0.18525237977006162,1.07225241547898,0.07318024188804728,0.0,0.09730644478916937,0.11360278139939158
2021-01-06,12740.7900390625,nasdaq,0.3211377064839216,-0.6352061684006911,0.10647662366679204,0.0,0.1490866234531526,0.11360278139939158
2021-01-07,13067.48046875,nasdaq,0.1163556965135603,0.5592693180501348,0.1533810679324463,0.0,0.1490866234531526,0.11360278139939158
2021-01-08,13201.98046875,nasdaq,0.1280029719368553,-0.09512144982219196,0.21874911181828852,0.0,0.1490866234531526,0.11360278139939158
2021-01-11,13036.4296875,nasdaq,0.2944014394341946,2.9644076617551396,0.5976022895005942,0.0,0.1490866234531526,0.11360278139939158
2021-01-12,13072.4296875,nasdaq,1.0905313924832365,-1.668032138306096,0.8188701014374083,0.0,0.1490866234531526,0.11360278139939158
2021-01-13,13128.9501953125,nasdaq,1.3250119383385526,2.0194163442441435,1.1108996538242306,0.0,0.1490866234531526,0.11360278139939158
2021-01-14,13112.6396484375,nasdaq,1.6137637383251306,-1.656241792028191,1.4920786069067842,0.0,0.1490866234531526,0.11360278139939158
2021-01-15,12998.5,nasdaq,2.3047779051932746,-1.6053915966540009,1.9841094744370287,0.0,0.1490866234531526,0.11360278139939158
2021-01-19,13197.1796875,nasdaq,5.44951609777172,0.017007325731717468,5.613476283413372,0.0,0.1490866234531526,0.11360278139939158
2021-01-20,13457.25,nasdaq,7.238035123646147,0.26660496946883194,7.100535373963698,0.0,0.1490866234531526,0.11360278139939158
2021-01-21,13530.91015625,nasdaq,8.864298010700596,1.4309622857947504,8.892161745938635,0.0,0.1490866234531526,0.11360278139939158
2021-01-25,13635.990234375,nasdaq,19.68606127932545,0.8906273296637529,19.789869908361464,0.014774836023203364,0.1490866234531526,0.11360278139939158
2021-01-26,13626.0595703125,nasdaq,23.982793013302114,0.058177775014796436,23.57460765558635,0.022374579372062057,0.1490866234531526,0.11360278139939158
2021-01-27,13270.599609375,nasdaq,27.856770531667824,0.12902140938990578,27.803730045319412,0.033546262790251184,0.1490866234531526,0.11360278139939158
2021-01-28,13337.16015625,nasdaq,32.45809590654493,-0.212623287597325,32.465246735834974,0.049795542150327346,0.1490866234531526,0.11360278139939158
2021-01-29,13070.6904296875,nasdaq,37.46083614061453,0.20176830612712066,37.531109885139955,0.07318024188804728,0.15223880597014924,0.11360278139939158
2021-02-01,13403.3896484375,nasdaq,54.49066047213255,0.41414073643481875,54.60744266397094,0.21874911181828852,0.22981366459627328,0.11360278139939158
2021-02-02,13612.7802734375,nasdaq,60.71430303309798,0.21107892983930404,60.653065971263345,0.30887154082367685,0.22981366459627328,0.11360278139939158
2021-02-03,13610.5400390625,nasdaq,66.6634895232385,0.5171598085991613,66.69768108584744,0.4317840007633078,0.2352941176470588,0.11360278139939158
2021-02-04,13777.740234375,nasdaq,72.80814452424117,0.8435713800187371,72.6149037073691,0.5976022895005942,0.2352941176470588,0.11360278139939158
2021-02-05,13856.2998046875,nasdaq,78.37540185062603,0.961877017339184,78.27045382418682,0.8188701014374083,0.5285714285714286,0.11360278139939158
2021-02-08,13987.6396484375,nasdaq,92.09317520151427,1.7829613761964824,92.31163463866358,1.9841094744370287,0.5285714285714286,0.11360278139939158
2021-02-09,14007.7001953125,nasdaq,95.49796215687655,2.637872650181858,95.59974818331,2.6121409853918234,0.5285714285714286,0.11360278139939158
2021-02-10,13972.5302734375,nasdaq,98.0036270276076,3.590050348840599,98.01986733067552,3.4047454734599345,0.5285714285714286,0.11360278139939158
2021-02-11,14025.76953125,nasdaq,99.2211999271367,4.594808528445196,99.50124791926824,4.393693362340742,0.5285714285714286,0.11360278139939158
2021-02-12,14095.4697265625,nasdaq,99.96300445463739,5.395439914529663,100.0,5.613476283413372,0.5285714285714286,0.11360278139939158
2021-02-16,14047.5,nasdaq,3.2284457770351764,13.488701692161388,0.0,13.53352832366127,0.1490866234531526,0.13095238095238096
2021-02-18,13865.3603515625,nasdaq,-2.1604480222648244,19.907823646363923,0.0,19.789869908361464,0.09730644478916937,0.13095238095238096
2021-02-19,13874.4599609375,nasdaq,4.648219447329666,23.52995076379679,0.0,23.57460765558635,0.1490866234531526,0.17613636363636365
2021-02-22,13533.0498046875,nasdaq,0.5419337586010063,37.65231829386667,0.0,37.531109885139955,0.1490866234531526,0.17613636363636365
2021-02-23,13465.2001953125,nasdaq,0.5193749973617916,42.90237345603679,0.0,42.955735821073915,0.1490866234531526,0.22857142857142856
2021-02-24,13597.9697265625,nasdaq,-0.8667721977642859,48.474990612757736,0.0,48.67522559599717,0.09730644478916937,0.4303030303030303
2021-02-25,13119.4296875,nasdaq,-0.6385374425437816,54.436123732235735,0.0,54.60744266397094,0.09730644478916937,0.4303030303030303
2021-02-26,13192.349609375,nasdaq,-1.1336964060054877,60.543417611402916,0.0,60.653065971263345,0.09730644478916937,0.4303030303030303
2021-03-01,13588.830078125,nasdaq,1.3320400569462834,78.10961208898973,0.0,78.27045382418682,0.1490866234531526,0.4303030303030303
2021-03-02,13358.7900390625,nasdaq,0.694427652862325,83.43336752954411,0.0,83.5270211411272,0.1490866234531526,0.4303030303030303
2021-03-03,12997.75,nasdaq,-0.7670191538642526,88.17543351916362,0.0,88.24969025845955,0.09730644478916937,0.4303030303030303
2021-03-04,12723.4697265625,nasdaq,0.12309052318878243,92.29863689254805,0.0,92.31163463866358,0.1490866234531526,1.0
2021-03-05,12920.150390625,nasdaq,0.6139179204155006,95.58111187233219,0.0,95.59974818331,0.1490866234531526,1.0
2021-03-08,12609.16015625,nasdaq,-1.1097470807907361,99.75247904977253,0.0,100.0,0.09730644478916937,1.0
2021-03-09,13073.8203125,nasdaq,-0.8781412561750986,16.11528912085026,0.0,0.0,0.09730644478916937,0.13095238095238096
2021-03-10,13068.830078125,nasdaq,-0.08785413426895393,-1.7357101463002926,0.0,0.0,0.09730644478916937,0.11360278139939158
2021-03-11,13398.669921875,nasdaq,0.6233698332993887,-0.22900799448090375,0.0,0.0,0.1490866234531526,0.11360278139939158
2021-03-12,13319.8603515625,nasdaq,-0.45141573156538883,0.36717951027181034,0.0,0.0,0.09730644478916937,0.11360278139939158
2021-03-15,13459.7099609375,nasdaq,-0.574136042500071,1.1353321934484075,0.0,0.0,0.09730644478916937,0.11360278139939158
2021-03-16,13471.5703125,nasdaq,0.09122027462493343,-0.1764768776558155,0.0,0.0,0.1490866234531526,0.11360278139939158
2021-03-17,13525.2001953125,nasdaq,0.2823672683904608,-0.9254489882941583,0.0,0.0,0.1490866234531526,0.11360278139939158
2021-03-18,13116.169921875,nasdaq,-0.2643642213316213,-0.15066746218563862,0.0,0.0,0.09730644478916937,0.11360278139939158
2021-03-19,13215.240234375,nasdaq,0.48334491450766887,-0.7912703381845687,0.0,0.0,0.1490866234531526,0.11360278139939158
2021-03-22,13377.5400390625,nasdaq,0.574859242893542,-2.183713513665049,0.0,0.0,0.1490866234531526,0.11360278139939158
2021-03-23,13227.7001953125,nasdaq,0.11774079035345118,-0.799558493241427,0.0,0.0,0.1490866234531526,0.11360278139939158
2021-03-24,12961.8896484375,nasdaq,-0.2989990796389124,-0.12014015773177374,0.0,0.0,0.09730644478916937,0.11360278139939158
2021-03-25,12977.6796875,nasdaq,0.05760393994331059,-1.2858874928914172,0.0,0.0,0.1490866234531526,0.11360278139939158
2021-03-26,13138.73046875,nasdaq,0.09321991307529566,0.6273197412274438,0.0,0.0,0.1490866234531526,0.11360278139939158
2021-03-29,13059.650390625,nasdaq,-0.22257444865505496,0.9454533805621237,0.0,0.0,0.09730644478916937,0.11360278139939158
2021-03-30,13045.3896484375,nasdaq,0.6234216338424409,-0.6833478845766424,0.0,0.0,0.1490866234531526,0.11360278139939158
2021-03-31,13246.8701171875,nasdaq,-0.6691042233371872,-0.1463290268699513,0.0,0.0,0.09730644478916937,0.11360278139939158
2021-04-01,13480.1103515625,nasdaq,0.29511117509017754,0.45767466704633364,0.0,0.0,0.1490866234531526,0.11360278139939158
2021-04-05,13705.58984375,nasdaq,1.0614102665401082,-0.2008158693866003,0.0,0.0,0.1490866234531526,0.11360278139939158
2021-04-06,13698.3798828125,nasdaq,-1.5866022034164862,-0.1480602904520277,0.0,0.0,0.09730644478916937,0.11360278139939158
2021-04-07,13688.83984375,nasdaq,-0.20362549803182614,-0.19839903025322353,0.0,0.0,0.09730644478916937,0.11360278139939158
2021-04-08,13829.3095703125,nasdaq,-0.8864375903046228,-0.4304193763176906,0.0,0.0,0.09730644478916937,0.11360278139939158
2021-04-09,13900.1904296875,nasdaq,-2.007966948406355,0.6668791094682357,0.0,0.0,0.09730644478916937,0.11360278139939158
2021-04-12,13850.0,nasdaq,-0.6622134011141864,0.03205528051982493,0.0,0.0,0.09730644478916937,0.11360278139939158
2021-04-13,13996.099609375,nasdaq,2.8464616521981077,-0.474788652802333,0.0,0.0,0.1490866234531526,0.11360278139939158
2021-04-14,13857.83984375,nasdaq,1.802586044791422,0.32858212166173206,0.0,0.0,0.1490866234531526,0.11360278139939158
2021-04-15,14038.759765625,nasdaq,2.0148743742883557,-0.34332937691973714,0.0,0.0,0.1490866234531526,0.11360278139939158
2021-04-16,14052.33984375,nasdaq,-0.10822002895693254,0.4869091448813027,0.0,0.0,0.09730644478916937,0.11360278139939158
2021-04-19,13914.76953125,nasdaq,-1.3412629022578035,0.07762132468460217,0.0,0.0,0.09730644478916937,0.11360278139939158
2021-04-20,13786.26953125,nasdaq,-0.7717764026332005,0.09951381741119983,0.0,0.0,0.09730644478916937,0.11360278139939158
2021-04-21,13950.2197265625,nasdaq,-1.9089364020405328,0.3754528746833022,0.0,0.0,0.09730644478916937,0.11360278139939158
2021-04-22,13818.41015625,nasdaq,1.5207753754623794,-0.08577555590860735,0.0,0.0,0.1490866234531526,0.11360278139939158
2021-04-23,14016.8095703125,nasdaq,1.5951935871845369,-0.6829798672408763,0.0,0.0,0.1490866234531526,0.11360278139939158
2021-04-26,14138.7802734375,nasdaq,-1.209251805484721,0.03815909001355295,0.0,0.0,0.09730644478916937,0.11360278139939158
2021-04-27,14090.2197265625,nasdaq,0.8723124393026439,-0.37332507294783934,0.0,0.0,0.1490866234531526,0.11360278139939158
2021-04-28,14051.0302734375,nasdaq,0.5534179948203753,0.052418176006589295,0.0,0.0,0.1490866234531526,0.11360278139939158
2021-04-29,14082.5498046875,nasdaq,1.3260160459433936,-0.05086222944704714,0.0,0.0,0.1490866234531526,0.11360278139939158
2021-04-30,13962.6796875,nasdaq,-0.3252856908980016,-0.029549405392427223,0.0,0.0,0.09730644478916937,0.11360278139939158
2021-05-03,13895.1201171875,nasdaq,0.18398294675820107,0.5201164924030961,0.0,0.0,0.1490866234531526,0.11360278139939158
2021-05-04,13633.5,nasdaq,-0.714306199516542,1.1529346037681738,0.0,0.0,0.09730644478916937,0.11360278139939158
2021-05-06,13632.83984375,nasdaq,0.38009399123102816,0.9483810916447404,0.0,0.0,0.1490866234531526,0.11360278139939158
2021-05-07,13752.240234375,nasdaq,1.775660166495854,0.47730149027056773,0.0,0.0,0.1490866234531526,0.11360278139939158
2021-05-10,13401.8603515625,nasdaq,0.4170080561816147,0.7124512966237454,0.0,0.0,0.1490866234531526,0.11360278139939158
2021-05-12,13031.6796875,nasdaq,-0.5156759705458108,0.815243001686075,0.0,0.0,0.09730644478916937,0.11360278139939158
2021-05-13,13124.990234375,nasdaq,-0.1636265335028331,-1.0614480725971154,0.0,0.0,0.09730644478916937,0.11360278139939158
2021-05-14,13429.98046875,nasdaq,1.7422701050863032,-0.35804811812970055,0.0,0.0,0.1490866234531526,0.11360278139939158
2021-05-17,13379.0498046875,nasdaq,-0.18059648106639362,-0.1177956169021148,0.0,0.0,0.09730644478916937,0.11360278139939158
2021-05-18,13303.6396484375,nasdaq,-1.778426671123734,1.3161660012775545,0.0,0.0,0.09730644478916937,0.11360278139939158
2021-05-19,13299.740234375,nasdaq,1.5321839754613167,0.629030990572397,0.0,0.0,0.1490866234531526,0.11360278139939158
2021-05-21,13470.990234375,nasdaq,-0.29238452086888106,-0.4355589156975421,0.0,0.0,0.09730644478916937,0.11360278139939158
2021-05-24,13661.169921875,nasdaq,-1.0165862527342724,-0.40270811388399014,0.0,0.0,0.09730644478916937,0.11360278139939158
2021-05-26,13738.0,nasdaq,-0.0892159594755404,-0.5077150746424361,0.0,0.0,0.09730644478916937,0.11360278139939158
2021-05-27,13736.2802734375,nasdaq,0.68706669775667,-0.6408469855545282,0.0,0.0,0.1490866234531526,0.11360278139939158
2021-05-28,13748.740234375,nasdaq,-1.4976237789067504,-0.2863113133210632,0.0,0.0,0.09730644478916937,0.11360278139939158
2021-06-01,13736.48046875,nasdaq,0.6592200588437239,0.6487592181106039,0.0,0.0,0.1490866234531526,0.11360278139939158
2021-06-02,13756.330078125,nasdaq,-0.10522280114389657,0.16536580847524257,0.0,0.0,0.09730644478916937,0.11360278139939158
2021-06-03,13614.509765625,nasdaq,0.22466992190556917,0.3156809513515146,0.0,0.0,0.1490866234531526,0.11360278139939158
2021-06-04,13814.490234375,nasdaq,1.423910217477348,0.22425016809832415,0.0,0.0,0.1490866234531526,0.11360278139939158
2021-06-07,13881.7197265625,nasdaq,-0.8909582420494899,-0.3360123316401202,0.0,0.0,0.09730644478916937,0.11360278139939158
2021-06-08,13924.91015625,nasdaq,-0.3739503310678682,-0.19091439341967736,0.0,0.0,0.09730644478916937,0.11360278139939158
2021-06-09,13911.75,nasdaq,0.3818737004076475,-0.3907283467860448,0.0,0.0,0.1490866234531526,0.11360278139939158
2021-06-10,14020.330078125,nasdaq,-0.49953200772104855,0.05911162407889239,0.0,0.0,0.09730644478916937,0.11360278139939158
2021-06-11,14069.419921875,nasdaq,0.47381528703091824,0.46410142106014113,0.0,0.0,0.1490866234531526,0.11360278139939158
2021-06-14,14174.1396484375,nasdaq,-0.6851867878338348,-0.09664230795573012,0.0,0.0,0.09730644478916937,0.11360278139939158
2021-06-15,14072.8603515625,nasdaq,-0.5140895481574942,0.17125564820875325,0.0,0.0,0.09730644478916937,0.11360278139939158
2021-06-16,14039.6796875,nasdaq,0.38792883563603653,0.14552535029782718,0.0,0.0,0.1490866234531526,0.11360278139939158
2021-06-17,14161.349609375,nasdaq,0.6335087682558042,0.12918941255007094,0.0,0.0,0.1490866234531526,0.11360278139939158
2021-06-18,14030.3798828125,nasdaq,-0.8900320254095657,0.22731008890773113,0.0,0.0,0.09730644478916937,0.11360278139939158
2021-06-21,14141.48046875,nasdaq,0.017768065246479073,0.43057183041947167,0.0,0.0,0.1490866234531526,0.11360278139939158
2021-06-22,14253.26953125,nasdaq,-0.47211756226714807,0.1406269555693768,0.0,0.0,0.09730644478916937,0.11360278139939158
2021-06-23,14271.73046875,nasdaq,-1.05955431889641,-0.4564797654011377,0.0,0.0,0.09730644478916937,0.11360278139939158
2021-06-24,14369.7099609375,nasdaq,-1.4579593323857896,-0.1060215596697328,0.0,0.0,0.09730644478916937,0.11360278139939158
2021-06-25,14360.3896484375,nasdaq,0.4190390777751082,0.2212701231944235,0.0,0.0,0.1490866234531526,0.11360278139939158
2021-06-28,14500.509765625,nasdaq,1.0021707202144279,0.047214991775735765,0.0,0.0,0.1490866234531526,0.11360278139939158
2021-06-29,14528.330078125,nasdaq,1.3212701438567245,0.24109083782502672,0.0,0.0,0.1490866234531526,0.11360278139939158
2021-06-30,14503.9501953125,nasdaq,-0.9247306138953397,0.23186878040407785,0.0,0.0,0.09730644478916937,0.11360278139939158
2021-07-01,14522.3798828125,nasdaq,-1.0243966374340188,-0.4448161663843808,0.0,0.0,0.09730644478916937,0.11360278139939158
2021-07-02,14639.330078125,nasdaq,0.14726385708943224,0.13104129618761465,0.0,0.0,0.1490866234531526,0.11360278139939158
2021-07-06,14663.6396484375,nasdaq,1.836690832889956,0.2793596454577528,0.0,0.0,0.1490866234531526,0.11360278139939158
2021-07-07,14665.0595703125,nasdaq,0.009764342592924533,-0.13861012154155233,0.0,0.0,0.1490866234531526,0.11360278139939158
2021-07-08,14559.7802734375,nasdaq,0.27690608772822445,-0.030154222076319365,0.0,0.0,0.1490866234531526,0.11360278139939158
2021-07-09,14701.919921875,nasdaq,-0.7396768646187074,-0.13626069654601375,0.0,0.0,0.09730644478916937,0.11360278139939158
2021-07-12,14733.240234375,nasdaq,-0.28302382117856045,0.06951398287918839,0.0,0.0,0.09730644478916937,0.11360278139939158
2021-07-13,14677.650390625,nasdaq,0.3305461280914336,-0.3792950404764766,0.0,0.0,0.1490866234531526,0.11360278139939158
2021-07-14,14644.9501953125,nasdaq,-0.5976442471025964,0.18260263296772922,0.0,0.0,0.09730644478916937,0.11360278139939158
2021-07-15,14543.1298828125,nasdaq,0.0640672826984372,0.008856141654331039,0.0,0.0,0.1490866234531526,0.11360278139939158
2021-07-16,14427.240234375,nasdaq,0.3797496829443686,-0.10619325107861154,0.0,0.0,0.1490866234531526,0.11360278139939158
2021-07-19,14274.98046875,nasdaq,1.0715901291774563,-0.6320354290379246,0.0,0.0,0.1490866234531526,0.11360278139939158
2021-07-20,14498.8798828125,nasdaq,1.3700225388148422,-1.0124135846686237,0.0,0.0,0.1490866234531526,0.11360278139939158
2021-07-21,14631.9501953125,nasdaq,-1.0226689118305512,0.08190042203670311,0.0,0.0,0.09730644478916937,0.11360278139939158
2021-07-22,14684.599609375,nasdaq,0.1226254768400602,-0.2927049540536741,0.0,0.0,0.1490866234531526,0.11360278139939158
2021-07-23,14836.990234375,nasdaq,1.5662788309426785,0.2742038848296188,0.0,0.0,0.1490866234531526,0.11360278139939158
2021-07-26,14840.7099609375,nasdaq,0.6844731840275822,-0.06952170275427266,0.0,0.0,0.1490866234531526,0.11360278139939158
2021-07-27,14660.580078125,nasdaq,-0.8502291141061517,0.07771282936202724,0.0,0.0,0.09730644478916937,0.11360278139939158
2021-07-28,14762.580078125,nasdaq,2.320119760580863,0.2239248063501732,0.0,0.0,0.1490866234531526,0.11360278139939158
2021-07-29,14778.259765625,nasdaq,-1.6023371967612086,0.4209027234748574,0.0,0.0,0.09730644478916937,0.11360278139939158
2021-07-30,14672.6796875,nasdaq,0.4404925136939637,-0.0607356822173286,0.0,0.0,0.1490866234531526,0.11360278139939158
2021-08-02,14681.0703125,nasdaq,-0.7742956862143436,-0.06945111945047806,0.0,0.0,0.09730644478916937,0.11360278139939158
2021-08-03,14761.2900390625,nasdaq,2.485140773875766,0.05131303922882689,0.0,0.0,0.1490866234531526,0.11360278139939158
2021-08-04,14780.5302734375,nasdaq,1.3287126546901311,0.22334536366518845,0.0,0.0,0.1490866234531526,0.11360278139939158
2021-08-05,14895.1201171875,nasdaq,4.512019949643147,-0.3632026218659694,0.0,0.0,0.1490866234531526,0.11360278139939158
2021-08-06,14835.759765625,nasdaq,2.916999008617438,-0.12656118978561914,0.0,0.0,0.1490866234531526,0.11360278139939158
2021-08-09,14860.1796875,nasdaq,1.8388674518444157,-0.36632994004037883,0.0,0.0,0.1490866234531526,0.11360278139939158
2021-08-10,14788.08984375,nasdaq,0.036394489931004956,0.839496161853769,0.0,0.0,0.1490866234531526,0.11360278139939158
2021-08-11,14765.1396484375,nasdaq,4.063248477934934,0.0041743670594461746,0.0,0.0,0.1490866234531526,0.11360278139939158
2021-08-12,14816.259765625,nasdaq,-1.573189088894706,-0.15734982339379364,0.0,0.0,0.09730644478916937,0.11360278139939158
2021-08-13,14822.900390625,nasdaq,0.7058064845946593,0.14131275558433434,0.0,0.0,0.1490866234531526,0.11360278139939158
2021-08-16,14793.759765625,nasdaq,-0.5070510527251986,0.10302826002968828,0.0,0.0,0.09730644478916937,0.11360278139939158
2021-08-17,14656.1796875,nasdaq,0.14820041569654055,0.34218058229121084,0.0,0.0,0.1490866234531526,0.11360278139939158
2021-08-18,14525.91015625,nasdaq,-1.013208938816243,-0.18783438891249066,0.0,0.0,0.09730644478916937,0.11360278139939158
2021-08-19,14541.7900390625,nasdaq,0.3567737000229849,0.19771935833615614,0.0,0.0,0.1490866234531526,0.11360278139939158
2021-08-20,14714.66015625,nasdaq,1.1162349708594634,-0.46272745674431653,0.0,0.0,0.1490866234531526,0.11360278139939158
2021-08-23,14942.650390625,nasdaq,0.07176693074191026,0.2797689258703442,0.0,0.0,0.1490866234531526,0.11360278139939158
2021-08-24,15019.7998046875,nasdaq,1.8037513088301638,-0.2567662052175777,0.0,0.0,0.1490866234531526,0.11360278139939158
2021-08-25,15041.8603515625,nasdaq,2.965938599969704,0.14643425346373706,0.0,0.0,0.1490866234531526,0.11360278139939158
2021-08-26,14945.8095703125,nasdaq,-1.2032516612795285,0.08701863234924477,0.0,0.0,0.09730644478916937,0.11360278139939158
2021-08-27,15129.5,nasdaq,-1.6304170930083657,-0.015064568139308026,0.0,0.0,0.09730644478916937,0.11360278139939158
2021-08-30,15265.8896484375,nasdaq,1.1297422679731601,-0.5115004958479343,0.0,0.0,0.1490866234531526,0.11360278139939158
2021-08-31,15259.240234375,nasdaq,-0.80415544700705,-0.13836073176524707,0.0,0.0,0.09730644478916937,0.11360278139939158
2021-09-01,15309.3798828125,nasdaq,-0.02140364519966088,-0.22079314118979781,0.0,0.0,0.09730644478916937,0.11360278139939158
2021-09-02,15331.1796875,nasdaq,0.8088350459045495,-0.22055589552777585,0.0,0.0,0.1490866234531526,0.11360278139939158
2021-09-03,15363.51953125,nasdaq,2.466121266734167,-0.08751543023630262,0.0,0.0,0.1490866234531526,0.11360278139939158
2021-09-07,15374.330078125,nasdaq,-0.26584881416378514,-0.294656170096276,0.0,0.0,0.09730644478916937,0.11360278139939158
2021-09-08,15286.6396484375,nasdaq,-1.637113671102653,-0.3137472126036781,0.0,0.0,0.09730644478916937,0.11360278139939158
2021-09-09,15248.25,nasdaq,-1.2730274375672666,-0.29255843564033446,0.0,0.0,0.09730644478916937,0.11360278139939158
2021-09-10,15115.490234375,nasdaq,0.3850700345911857,0.116665017530391,0.0,0.0,0.1490866234531526,0.11360278139939158
2021-09-13,15105.580078125,nasdaq,-0.11509643691900676,-0.15610052712103906,0.0,0.0,0.09730644478916937,0.11360278139939158
2021-09-14,15037.759765625,nasdaq,-0.05437808472919899,0.15560741453184235,0.0,0.0,0.09730644478916937,0.11360278139939158
2021-09-15,15161.5302734375,nasdaq,-1.6069755504610246,-0.6777136955888203,0.0,0.0,0.09730644478916937,0.11360278139939158
2021-09-16,15181.919921875,nasdaq,0.23042821340918332,0.09367849010209213,0.0,0.0,0.1490866234531526,0.11360278139939158
2021-09-17,15043.9697265625,nasdaq,-0.10645288289263688,-0.5642876676174096,0.0,0.0,0.09730644478916937,0.11360278139939158
2021-09-20,14713.900390625,nasdaq,0.19371778219597877,1.6949672189201974,0.0,0.0,0.1490866234531526,0.11360278139939158
2021-09-21,14746.400390625,nasdaq,0.09355343351872163,-1.038306306940086,0.0,0.0,0.1490866234531526,0.11360278139939158
2021-09-22,14896.849609375,nasdaq,-0.2796513430340696,0.09220199619006182,0.0,0.0,0.09730644478916937,0.11360278139939158
2021-09-23,15052.240234375,nasdaq,0.12360947394420604,0.15014451077293553,0.0,0.0,0.1490866234531526,0.11360278139939158
2021-09-24,15047.7001953125,nasdaq,-0.4033017808160809,0.5602947157856746,0.0,0.0,0.09730644478916937,0.11360278139939158
2021-09-27,14969.9697265625,nasdaq,0.00048148181404304713,0.05731625419018262,0.0,0.0,0.09730644478916937,0.11360278139939158
2021-09-28,14546.6796875,nasdaq,0.12659062813316502,-0.45697344381166854,0.0,0.0,0.1490866234531526,0.11360278139939158
2021-09-29,14512.4404296875,nasdaq,-0.08477216005434098,0.5916290718366507,0.0,0.0,0.09730644478916937,0.11360278139939158
2021-09-30,14448.580078125,nasdaq,0.3210161262756841,-0.9665399221404106,0.0,0.0,0.1490866234531526,0.11360278139939158
2021-10-01,14566.7001953125,nasdaq,0.19093419957813543,-0.3012185042908402,0.0,0.0,0.1490866234531526,0.11360278139939158
2021-10-04,14255.48046875,nasdaq,0.05997045155274345,0.7153835994430215,0.0,0.0,0.1490866234531526,0.11360278139939158
2021-10-05,14433.830078125,nasdaq,-0.04695179326278694,0.6306747545482275,0.004006529739295107,0.0,0.09730644478916937,0.11360278139939158
2021-10-06,14501.91015625,nasdaq,-0.06106859981044312,0.4109099100299419,0.006252150377482026,0.0,0.09730644478916937,0.11360278139939158
2021-10-07,14654.01953125,nasdaq,0.07935206135512668,0.5935651208794488,0.0096593413722184,0.0,0.1490866234531526,0.11360278139939158
2021-10-08,14579.5400390625,nasdaq,-0.07916038805285887,0.30339491936960855,0.014774836023203364,0.0,0.09730644478916937,0.11360278139939158
2021-10-11,14486.2001953125,nasdaq,0.08118102285698149,0.48507937065174267,0.049795542150327346,0.0,0.1490866234531526,0.11360278139939158
2021-10-12,14465.919921875,nasdaq,0.4557024933750138,1.0929392242877287,0.07318024188804728,0.0,0.1490866234531526,0.11360278139939158
2021-10-13,14571.6396484375,nasdaq,0.33743065280973494,-0.38880333779014115,0.10647662366679204,0.0,0.1490866234531526,0.11360278139939158
2021-10-14,14823.4296875,nasdaq,-0.017931382154531536,-0.4405747902298814,0.1533810679324463,0.0,0.09730644478916937,0.11360278139939158
2021-10-15,14897.33984375,nasdaq,0.1860328396155095,-0.08797595858459892,0.21874911181828852,0.0,0.1490866234531526,0.11360278139939158
2021-10-18,15021.8095703125,nasdaq,0.7473911453847676,0.32387445613211696,0.5976022895005942,0.0,0.1490866234531526,0.11360278139939158
2021-10-19,15129.08984375,nasdaq,0.869392210413424,0.39055016027361383,0.8188701014374083,0.0,0.1490866234531526,0.11360278139939158
2021-10-20,15121.6796875,nasdaq,0.979735579876093,0.2291538943628119,1.1108996538242306,0.0,0.1490866234531526,0.11360278139939158
2021-10-21,15215.7001953125,nasdaq,1.5728760604747598,0.11192459682838068,1.4920786069067842,0.0,0.1490866234531526,0.11360278139939158
2021-10-22,15090.2001953125,nasdaq,2.041963927362053,-0.013874725364319026,1.9841094744370287,0.0,0.1490866234531526,0.11360278139939158
2021-10-25,15226.7099609375,nasdaq,4.296094233926003,-0.05056760239872878,4.393693362340742,0.0,0.1490866234531526,0.11360278139939158
2021-10-26,15235.7099609375,nasdaq,5.546127440982665,0.1119209938897783,5.613476283413372,0.0,0.1490866234531526,0.11360278139939158
2021-10-27,15235.83984375,nasdaq,7.199991284651248,0.07464538176099682,7.100535373963698,0.0,0.1490866234531526,0.11360278139939158
2021-10-28,15448.1201171875,nasdaq,8.9615313638559,-0.29503482189337293,8.892161745938635,0.0,0.1490866234531526,0.11360278139939158
2021-10-29,15498.3896484375,nasdaq,10.787746305922443,-0.16939596890705894,11.025052530448521,0.0,0.1490866234531526,0.11360278139939158
2021-11-01,15595.919921875,nasdaq,18.832287569354115,-0.18679895456757045,19.789869908361464,0.0,0.1490866234531526,0.11360278139939158
2021-11-02,15649.599609375,nasdaq,23.902583122383653,-0.07559044120022348,23.57460765558635,0.0,0.1490866234531526,0.11360278139939158
2021-11-03,15811.580078125,nasdaq,27.627956147284856,0.030578425353176175,27.803730045319412,0.0,0.1490866234531526,0.11360278139939158
2021-11-04,15940.3095703125,nasdaq,32.12699486379547,-0.02635220129921105,32.465246735834974,0.0,0.1490866234531526,0.11360278139939158
2021-11-05,15971.58984375,nasdaq,37.43676193364074,-0.12561793678416916,37.531109885139955,0.0,0.15223880597014924,0.11360278139939158
2021-11-08,15982.3603515625,nasdaq,54.726582655996445,0.15921059561976406,54.60744266397094,0.0,0.22981366459627328,0.11360278139939158
2021-11-09,15886.5400390625,nasdaq,60.71315938200091,0.3823197145057358,60.653065971263345,0.0,0.22981366459627328,0.11360278139939158
2021-11-10,15622.7099609375,nasdaq,66.33379238616597,1.0909057901046364,66.69768108584744,0.0,0.23173482847787638,0.11360278139939158
2021-11-11,15704.2802734375,nasdaq,72.41086459968292,-1.454891380267136,72.6149037073691,0.0,0.2352941176470588,0.11360278139939158
2021-11-12,15860.9599609375,nasdaq,78.21108605889467,-1.070468665215757,78.27045382418682,0.0,0.5285714285714286,0.11360278139939158
2021-11-15,15853.849609375,nasdaq,92.32375955681124,0.2910858743316038,92.31163463866358,0.0,0.5285714285714286,0.11360278139939158
2021-11-16,15973.8603515625,nasdaq,95.55945951191681,-0.4401596727431879,95.59974818331,0.0,0.5285714285714286,0.11360278139939158
2021-11-17,15921.5703125,nasdaq,98.05170684871055,0.28781041068368785,98.01986733067552,0.0,0.5285714285714286,0.11360278139939158
2021-11-18,15993.7099609375,nasdaq,99.422016321373,1.1092907465438566,99.50124791926824,0.0,0.5285714285714286,0.11360278139939158
2021-11-19,16057.4404296875,nasdaq,99.580154428242,-0.8893067825308157,100.0,0.0,0.5285714285714286,0.11360278139939158
2021-11-22,15854.759765625,nasdaq,3.9503407426883013,-0.4901910104935201,0.0,0.0,0.1490866234531526,0.11360278139939158
2021-11-23,15775.1396484375,nasdaq,-1.9873574303623964,-0.4128702817980706,0.0,0.0,0.09730644478916937,0.11360278139939158
2021-11-24,15845.23046875,nasdaq,3.4329885782219773,-1.663744302245869,0.0,0.0,0.1490866234531526,0.11360278139939158
2021-11-26,15491.66015625,nasdaq,0.2780666944196691,0.34936264401014033,0.0,0.0,0.1490866234531526,0.11360278139939158
2021-11-29,15782.830078125,nasdaq,1.1522384609328984,-1.000422626674762,0.0,0.0,0.1490866234531526,0.11360278139939158
2021-11-30,15537.6904296875,nasdaq,-0.39523360067471563,-0.7120969318967774,0.0,0.0,0.09730644478916937,0.11360278139939158
2021-12-01,15254.0498046875,nasdaq,0.4045679884293187,1.2500964468941536,0.0,0.0,0.1490866234531526,0.11360278139939158
2021-12-02,15381.3203125,nasdaq,-0.890393025318577,2.059443511890287,0.0,0.0,0.09730644478916937,0.11360278139939158
2021-12-03,15085.4697265625,nasdaq,-0.9070462085550356,-0.5693756560327944,0.0,0.0,0.09730644478916937,0.11360278139939158
2021-12-06,15225.150390625,nasdaq,-0.8993294880221655,1.4160281287317562,0.0,0.0,0.09730644478916937,0.11360278139939158
2021-12-07,15686.919921875,nasdaq,-0.22159725488175655,-0.2546562360858676,0.0,0.0,0.09730644478916937,0.11360278139939158
2021-12-08,15786.990234375,nasdaq,-0.4442677892462224,0.06604548601388185,0.0,0.0,0.09730644478916937,0.11360278139939158
2021-12-09,15517.3701171875,nasdaq,0.42626884228961986,0.08813425041223125,0.0,0.0,0.1490866234531526,0.11360278139939158
2021-12-10,15630.599609375,nasdaq,-0.03158020297730218,-0.6132716736685555,0.0,0.0,0.09730644478916937,0.11360278139939158
2021-12-13,15413.2802734375,nasdaq,-0.31837853818519646,-0.5159622716674873,0.0,0.0,0.09730644478916937,0.11360278139939158
2021-12-14,15237.6396484375,nasdaq,-0.19910168556102967,-0.6656723702988571,0.0,0.0,0.09730644478916937,0.11360278139939158
2021-12-15,15565.580078125,nasdaq,-0.5728406512489198,-0.06229354127770612,0.0,0.0,0.09730644478916937,0.11360278139939158
2021-12-16,15180.4296875,nasdaq,0.07213212286833955,-0.013729351299400509,0.0,0.0,0.1490866234531526,0.11360278139939158
2021-12-17,15169.6796875,nasdaq,-0.0555675033505055,-0.15575307000529426,0.0,0.0,0.09730644478916937,0.11360278139939158
2021-12-20,14980.9404296875,nasdaq,-0.28075006212274217,-0.836511621056946,0.0,0.0,0.09730644478916937,0.11360278139939158
2021-12-21,15341.08984375,nasdaq,-0.5892350404670101,0.9680554298700031,0.0,0.0,0.09730644478916937,0.11360278139939158
2021-12-22,15521.8896484375,nasdaq,-1.244880991945006,0.1924348909773051,0.0,0.0,0.09730644478916937,0.11360278139939158
2021-12-23,15653.3701171875,nasdaq,1.9571122016024123,-0.27463386718095084,0.0,0.0,0.1490866234531526,0.11360278139939158
2021-12-27,15871.259765625,nasdaq,-1.7026178682643143,-0.5790181880997667,0.0,0.0,0.09730644478916937,0.11360278139939158
2021-12-28,15781.7197265625,nasdaq,-0.04071855320023376,0.7996117275043598,0.0,0.0,0.09730644478916937,0.11360278139939158
2021-12-29,15766.2197265625,nasdaq,1.4720903239785257,-0.021710592562516572,0.0,0.0,0.1490866234531526,0.11360278139939158
2021-12-30,15741.5595703125,nasdaq,-0.5090479536692629,-0.1662133565294405,0.0,0.0,0.09730644478916937,0.11360278139939158
2021-12-31,15644.9697265625,nasdaq,0.9551669393635712,0.29294372899458837,0.0,0.0,0.1490866234531526,0.11360278139939158
2022-01-03,15832.7998046875,nasdaq,0.381658018948622,-0.8089266703317686,0.0,0.0,0.1490866234531526,0.11360278139939158
2022-01-04,15622.7197265625,nasdaq,0.14985328065713202,0.0019455090433508392,0.0,0.0,0.1490866234531526,0.11360278139939158
2022-01-05,15100.169921875,nasdaq,-0.5200265323971192,0.6660360005706516,0.0,0.0,0.09730644478916937,0.11360278139939158
2022-01-06,15080.8603515625,nasdaq,0.3372896111320849,-0.010228152308179219,0.0,0.0,0.1490866234531526,0.11360278139939158
2022-01-07,14935.900390625,nasdaq,-0.014077072732334661,0.08904227800289265,0.0,0.0,0.09730644478916937,0.11360278139939158
2022-01-10,14942.830078125,nasdaq,0.015292434850988504,0.76779361597579,0.0,0.0,0.1490866234531526,0.11360278139939158
2022-01-11,15153.4501953125,nasdaq,-0.15355450570685733,-0.25736033812527215,0.0,0.0,0.09730644478916937,0.11360278139939158
2022-01-12,15188.3896484375,nasdaq,-0.9581524881169385,-0.12328456425589081,0.0,0.0,0.09730644478916937,0.11360278139939158
2022-01-13,14806.8095703125,nasdaq,0.42366232825599015,1.2060490792544778,0.0,0.0,0.1490866234531526,0.11360278139939158
2022-01-14,14893.75,nasdaq,0.3890679541487948,0.9830268167534599,0.0,0.0,0.1490866234531526,0.11360278139939158
2022-01-18,14506.900390625,nasdaq,0.17782443766787406,0.018106640083124726,0.0,0.0,0.1490866234531526,0.11360278139939158
2022-01-19,14340.259765625,nasdaq,-0.15004031437606663,-0.2500241564625686,0.0,0.0,0.09730644478916937,0.11360278139939158
2022-01-20,14154.01953125,nasdaq,0.5457797756591952,0.3385809022555097,0.0,0.0,0.1490866234531526,0.11360278139939158
2022-01-21,13768.919921875,nasdaq,0.18249746589618174,-0.9631090628572152,0.0,0.0,0.1490866234531526,0.11360278139939158
2022-01-24,13855.1298828125,nasdaq,0.02614644456908802,-0.47126310089125445,0.0,0.0,0.1490866234531526,0.11360278139939158
2022-01-25,13539.2900390625,nasdaq,-0.013318565970098081,0.38204177023234903,0.0,0.0,0.09730644478916937,0.11360278139939158
2022-01-26,13542.1201171875,nasdaq,0.036985686087708185,0.34547252533464695,0.0,0.0,0.1490866234531526,0.11360278139939158
2022-01-27,13352.7802734375,nasdaq,0.18928127832354827,-0.10099300471429393,0.0,0.0,0.1490866234531526,0.11360278139939158
2022-01-28,13770.5703125,nasdaq,0.3761213620436118,0.2094351584759353,0.0,0.0,0.1490866234531526,0.11360278139939158
2022-01-31,14239.8798828125,nasdaq,0.029320901476938287,-0.1521131645719423,0.0,0.0,0.1490866234531526,0.11360278139939158
2022-02-01,14346.0,nasdaq,0.03176138883543686,-0.11999630987903441,0.0,0.0,0.1490866234531526,0.11360278139939158
2022-02-02,14417.5498046875,nasdaq,-0.025041663574593195,-0.1619132198602078,0.0,0.0,0.09730644478916937,0.11360278139939158
2022-02-03,13878.8203125,nasdaq,0.4289141605199087,-0.1050859360233243,0.0,0.0,0.1490866234531526,0.11360278139939158
2022-02-04,14098.009765625,nasdaq,-1.1344278717420972,-0.9043661267106072,0.0,0.0,0.09730644478916937,0.11360278139939158
2022-02-07,14015.669921875,nasdaq,-0.583528845681435,0.7521036459968955,0.0,0.0,0.09730644478916937,0.11360278139939158
2022-02-08,14194.4501953125,nasdaq,-0.01355707444552354,0.3177259015290775,0.0,0.0,0.09730644478916937,0.11360278139939158
2022-02-09,14490.3701171875,nasdaq,0.024024000618684246,-0.692162412227395,0.0,0.0,0.1490866234531526,0.11360278139939158
2022-02-10,14185.6396484375,nasdaq,0.6433873261841037,-0.6498210100017586,0.0,0.0,0.1490866234531526,0.11360278139939158
2022-02-11,13791.150390625,nasdaq,0.032668768360024796,1.0177950502763147,0.0,0.0,0.1490866234531526,0.11360278139939158
2022-02-14,13790.919921875,nasdaq,0.37874088317101495,0.3914483912568377,0.0,0.0,0.1490866234531526,0.11360278139939158
2022-02-15,14139.759765625,nasdaq,0.5030228290371244,0.07285219777668549,0.0,0.0,0.1490866234531526,0.11360278139939158
2022-02-16,14124.08984375,nasdaq,0.4618762931001767,-1.468156648791133,0.0,0.0,0.1490866234531526,0.11360278139939158
2022-02-17,13716.7197265625,nasdaq,0.11861754099918055,-0.07668243902626946,0.0,0.0,0.1490866234531526,0.11360278139939158
2022-02-18,13548.0703125,nasdaq,-0.11514291772300819,-0.08753566775415404,0.0,0.0,0.09730644478916937,0.11360278139939158
2022-02-22,13381.51953125,nasdaq,0.15791844698395407,1.1405603052915276,0.0,0.0,0.1490866234531526,0.11360278139939158
2022-02-23,13037.490234375,nasdaq,0.021815215876940765,0.26325373000033186,0.0,0.0,0.1490866234531526,0.11360278139939158
2022-02-24,13473.58984375,nasdaq,-0.0848270550943402,-0.39741760895334116,0.0,0.0,0.09730644478916937,0.11360278139939158
2022-02-25,13694.6201171875,nasdaq,-0.0917434337506796,-0.6214145112961211,0.0,0.0,0.09730644478916937,0.11360278139939158
2022-02-28,13751.400390625,nasdaq,-0.25269549150259174,-0.6887316562532764,0.0,0.0,0.09730644478916937,0.11360278139939158
2022-03-01,13532.4599609375,nasdaq,-0.045243414493574635,0.21245427673551162,0.0,0.0,0.09730644478916937,0.11360278139939158
2022-03-02,13752.01953125,nasdaq,0.24189272058663192,-1.2786757931589383,0.0,0.0,0.1490866234531526,0.11360278139939158
2022-03-03,13537.9404296875,nasdaq,0.23851100441269746,-1.4409097023668105,0.0,0.0,0.1490866234531526,0.11360278139939158
2022-03-04,13313.4404296875,nasdaq,0.04486733485738376,-0.22141458120436175,0.0,0.0,0.1490866234531526,0.11360278139939158
2022-03-07,12830.9599609375,nasdaq,0.031328584364305426,-2.497790201402362,0.0,0.0,0.1490866234531526,0.11360278139939158
2022-03-08,12795.5498046875,nasdaq,-0.11151082179728132,0.6583135182804591,0.0,0.0,0.09730644478916937,0.11360278139939158
2022-03-09,13255.5498046875,nasdaq,-0.08734933141965673,-0.3049194844471337,0.0,0.0,0.09730644478916937,0.11360278139939158
2022-03-10,13129.9599609375,nasdaq,0.019401078209887998,2.7384589035800344,0.0,0.0,0.1490866234531526,0.11360278139939158
2022-03-11,12843.8095703125,nasdaq,0.39699055304632974,2.3833936927623838,0.0,0.0,0.1490866234531526,0.11360278139939158
2022-03-14,12581.2197265625,nasdaq,-0.22054517532366855,-0.7367777750628708,0.0,0.0,0.09730644478916937,0.11360278139939158
2022-03-15,12948.6201171875,nasdaq,0.5488686932541216,-0.4327181157549053,0.0,0.0,0.1490866234531526,0.11360278139939158
2022-03-16,13436.5498046875,nasdaq,0.19366066333150533,-0.7182418118486655,0.0,0.0,0.1490866234531526,0.11360278139939158
2022-03-17,13614.7802734375,nasdaq,-0.42719385132604937,0.37157514669307895,0.0,0.0,0.09730644478916937,0.11360278139939158
2022-03-18,13893.83984375,nasdaq,0.3114705249026071,0.17751653630332068,0.0,0.0,0.1490866234531526,0.11360278139939158
2022-03-21,13838.4599609375,nasdaq,0.4449351277958037,-0.24395684078553176,0.0,0.0,0.1490866234531526,0.11360278139939158
2022-03-22,14108.8203125,nasdaq,-0.47395091530104555,-0.02470701903048223,0.0,0.0,0.09730644478916937,0.11360278139939158
2022-03-23,13922.599609375,nasdaq,0.2858566230953766,0.15119471251529265,0.0,0.0,0.1490866234531526,0.11360278139939158
2022-03-24,14191.83984375,nasdaq,-0.1897410340410046,0.8420622156765883,0.0,0.0,0.09730644478916937,0.11360278139939158
2022-03-25,14169.2998046875,nasdaq,0.03798218629092085,-0.3093839495000383,0.0,0.0,0.1490866234531526,0.11360278139939158
2022-03-28,14354.900390625,nasdaq,-0.6047344268141962,-0.15233000583344639,0.0,0.0,0.09730644478916937,0.11360278139939158
2022-03-29,14619.6396484375,nasdaq,0.5364248874037079,0.26324535939768573,0.0,0.0,0.1490866234531526,0.11360278139939158
2022-03-30,14442.26953125,nasdaq,0.18854152949006417,0.5042964435831289,0.0,0.0,0.1490866234531526,0.11360278139939158
2022-03-31,14220.51953125,nasdaq,0.23191398683246797,0.5232911192124413,0.0,0.0,0.1490866234531526,0.11360278139939158
2022-04-01,14261.5,nasdaq,-1.3332008803147901,0.928733369302719,0.0,0.0,0.09730644478916937,0.11360278139939158
2022-04-04,14532.5498046875,nasdaq,0.8871964964230216,-0.8924080448536987,0.0,0.0,0.1490866234531526,0.11360278139939158
2022-04-05,14204.169921875,nasdaq,-0.2560770830546323,-0.28028901671920065,0.0,0.0,0.09730644478916937,0.11360278139939158
2022-04-06,13888.8203125,nasdaq,0.08003339449467017,-0.37472865097277047,0.0,0.0,0.1490866234531526,0.11360278139939158
2022-04-07,13897.2998046875,nasdaq,1.4328648786589169,-0.093804054367915,0.0,0.0,0.1490866234531526,0.11360278139939158
2022-04-08,13711.0,nasdaq,-0.019894403540928734,-0.06537012613603438,0.0,0.0,0.09730644478916937,0.11360278139939158
2022-04-11,13411.9599609375,nasdaq,0.18381999528771664,-0.5399183645116529,0.0,0.0,0.1490866234531526,0.11360278139939158
2022-04-12,13371.5703125,nasdaq,-0.2139009292474794,-0.039559980951721085,0.0,0.0,0.09730644478916937,0.11360278139939158
2022-04-13,13643.58984375,nasdaq,-0.3052968856392202,-0.0888214018031085,0.0,0.0,0.09730644478916937,0.11360278139939158
2022-04-14,13351.080078125,nasdaq,-0.24374788727105373,-0.18674169176403707,0.0,0.0,0.09730644478916937,0.11360278139939158
2022-04-18,13332.3603515625,nasdaq,0.7162380693908974,-0.1927196418025559,0.0,0.0,0.1490866234531526,0.11360278139939158
2022-04-19,13619.66015625,nasdaq,-0.10904672544886512,-0.0007280369890354619,0.0,0.0,0.09730644478916937,0.11360278139939158
2022-04-20,13453.0703125,nasdaq,-0.3111192966171185,0.4286746345421614,0.0,0.0,0.09730644478916937,0.11360278139939158
2022-04-21,13174.650390625,nasdaq,-0.3517554401561304,-0.2638729479166368,0.0,0.0,0.09730644478916937,0.11360278139939158
2022-04-22,12839.2900390625,nasdaq,-0.10917704544966014,0.635450739293765,0.0,0.0,0.09730644478916937,0.11360278139939158
2022-04-25,13004.849609375,nasdaq,0.05754396515375376,0.5105363752788104,0.0,0.0,0.1490866234531526,0.11360278139939158
2022-04-26,12490.740234375,nasdaq,0.21820454936682865,0.1276029624938027,0.0,0.0,0.1490866234531526,0.11360278139939158
2022-04-27,12488.9296875,nasdaq,-0.015564115619418414,-0.2926713180110377,0.0,0.0,0.09730644478916937,0.11360278139939158
2022-04-28,12871.5302734375,nasdaq,0.21801718032427128,0.5010917607900077,0.0,0.0,0.1490866234531526,0.11360278139939158
2022-04-29,12334.6396484375,nasdaq,0.17569790330501284,-0.46200809374415724,0.0,0.0,0.1490866234531526,0.11360278139939158
2022-05-02,12536.01953125,nasdaq,0.0576969203772422,0.3416340987460628,0.0,0.0,0.1490866234531526,0.11360278139939158
2022-05-03,12563.759765625,nasdaq,-0.35172188710281405,0.48780445227560476,0.0,0.0,0.09730644478916937,0.11360278139939158
2022-05-04,12964.8603515625,nasdaq,-0.4724397829695053,0.2987919799041733,0.0,0.0,0.09730644478916937,0.11360278139939158
2022-05-05,12317.6904296875,nasdaq,-0.22963009265722306,0.30273991014185253,0.0,0.0,0.09730644478916937,0.11360278139939158
2022-05-06,12144.66015625,nasdaq,0.07049560396360417,0.41199371509146726,0.0,0.0,0.1490866234531526,0.11360278139939158
2022-05-09,11623.25,nasdaq,-0.2814307429922544,-0.8655080022356241,0.0,0.0,0.09730644478916937,0.11360278139939158
2022-05-10,11737.669921875,nasdaq,-0.10191298081492249,-0.3995530064346017,0.0,0.0,0.09730644478916937,0.11360278139939158
2022-05-11,11364.240234375,nasdaq,-0.2382581456410322,0.13635639664268015,0.0,0.0,0.09730644478916937,0.11360278139939158
2022-05-12,11370.9599609375,nasdaq,0.01809761559057281,-0.34376993208036205,0.0,0.0,0.1490866234531526,0.11360278139939158
2022-05-13,11805.0,nasdaq,-0.1323483108365348,0.2726555952218634,0.0,0.0,0.09730644478916937,0.11360278139939158
2022-05-16,11662.7900390625,nasdaq,-0.52631076102727,-0.052507591385671876,0.0,0.0,0.09730644478916937,0.11360278139939158
2022-05-17,11984.51953125,nasdaq,0.38092414022828136,0.04371336623417055,0.0,0.0,0.1490866234531526,0.11360278139939158
2022-05-18,11418.150390625,nasdaq,0.0037151775195227886,0.008929844015961533,0.0,0.0,0.09730644478916937,0.11360278139939158
2022-05-19,11388.5,nasdaq,-0.03320394479946374,-0.6433595946090417,0.0,0.0,0.09730644478916937,0.11360278139939158
2022-05-20,11354.6201171875,nasdaq,-0.09128855713649997,-0.10414004536363722,0.0,0.0,0.09730644478916937,0.11360278139939158
2022-05-23,11535.26953125,nasdaq,-0.17330912583316677,0.5854082575079185,0.0,0.0,0.09730644478916937,0.11360278139939158
2022-05-24,11264.4501953125,nasdaq,0.134082835011943,-0.3807073583059638,0.0,0.0,0.1490866234531526,0.11360278139939158
2022-05-25,11434.740234375,nasdaq,0.34931631988628675,-0.057680777490450384,0.0,0.0,0.1490866234531526,0.11360278139939158
2022-05-26,11740.650390625,nasdaq,0.3159337067001088,-0.012748449870652776,0.0,0.0,0.1490866234531526,0.11360278139939158
2022-05-27,12131.1298828125,nasdaq,-0.31934553258315995,-0.161329545766279,0.0,0.0,0.09730644478916937,0.11360278139939158
2022-05-31,12081.3896484375,nasdaq,-0.3020793510614589,0.10234148672859988,0.0,0.0,0.09730644478916937,0.11360278139939158
2022-06-01,11994.4599609375,nasdaq,-0.09739091824926356,0.33666478792144955,0.0,0.0,0.09730644478916937,0.11360278139939158
2022-06-02,12316.900390625,nasdaq,0.3917914449385637,0.35106202727396907,0.0,0.0,0.1490866234531526,0.11360278139939158
2022-06-03,12012.73046875,nasdaq,0.6895151705756855,1.0800298564135669,0.0,0.0,0.1490866234531526,0.11360278139939158
2022-06-06,12061.3701171875,nasdaq,0.13356781928986,-0.03771946491166205,0.0,0.0,0.1490866234531526,0.11360278139939158
2022-06-07,12175.23046875,nasdaq,0.3217430703935938,-0.2658235634978609,0.0,0.0,0.1490866234531526,0.11360278139939158
2022-06-08,12086.26953125,nasdaq,-0.30049511792542893,0.33735263254130043,0.0,0.0,0.09730644478916937,0.11360278139939158
2022-06-09,11754.23046875,nasdaq,0.06569337387678859,0.03495522260437855,0.0,0.0,0.1490866234531526,0.11360278139939158
2022-06-10,11340.01953125,nasdaq,-0.06331582400608919,-0.3515984680800993,0.0,0.0,0.09730644478916937,0.11360278139939158
2022-06-13,10809.23046875,nasdaq,0.39441900121505896,-0.2573326515064947,0.0,0.0,0.1490866234531526,0.11360278139939158
2022-06-14,10828.349609375,nasdaq,0.13129942361033295,1.4767867607305487,0.0,0.0,0.1490866234531526,0.11360278139939158
2022-06-15,11099.150390625,nasdaq,-0.2591530587124554,0.6129584850446043,0.0,0.0,0.09730644478916937,0.11360278139939158
2022-06-16,10646.099609375,nasdaq,0.5826764113808625,0.22017427308446033,0.0,0.0,0.1490866234531526,0.11360278139939158
2022-06-17,10798.349609375,nasdaq,0.5382971055444672,-1.3221503035344673,0.0,0.0,0.1490866234531526,0.11360278139939158
2022-06-21,11069.2998046875,nasdaq,0.06058468426141797,-1.66572244723047,0.0,0.0,0.1490866234531526,0.11360278139939158
2022-06-22,11053.080078125,nasdaq,-0.04141910391927818,-1.1396616830014459,0.0,0.0,0.09730644478916937,0.11360278139939158
2022-06-23,11232.1904296875,nasdaq,-0.10210280899189854,2.1125233957773686,0.0,0.0,0.09730644478916937,0.11360278139939158
2022-06-24,11607.6201171875,nasdaq,0.09347206273876037,0.12756778840868901,0.0,0.0,0.1490866234531526,0.11360278139939158
2022-06-27,11524.5498046875,nasdaq,-0.5288192485287956,0.13117030272363386,0.0,0.0,0.09730644478916937,0.11360278139939158
2022-06-28,11181.5400390625,nasdaq,0.6887287456030183,-0.7990097810513354,0.0,0.0,0.1490866234531526,0.11360278139939158
2022-06-29,11177.8896484375,nasdaq,-0.08295044483907689,1.2652886266997492,0.0,0.0,0.09730644478916937,0.11360278139939158
2022-06-30,11028.740234375,nasdaq,-0.21497747421855976,-2.3303303857951896,0.0,0.0,0.09730644478916937,0.11360278139939158
2022-07-01,11127.849609375,nasdaq,-0.02534212532135806,-1.2856802449063114,0.0,0.0,0.09730644478916937,0.11360278139939158
2022-07-05,11322.240234375,nasdaq,0.11835017980795126,1.1991352937890827,0.0,0.0,0.1490866234531526,0.11360278139939158
2022-07-06,11361.849609375,nasdaq,0.3807972032281086,0.5015004764933003,0.0,0.0,0.1490866234531526,0.11360278139939158
2022-07-07,11621.349609375,nasdaq,-0.2365547700267792,0.7367302492787062,0.0,0.0,0.09730644478916937,0.11360278139939158
2022-07-08,11635.3095703125,nasdaq,-0.35312199833495483,1.2162119272238534,0.0,0.0,0.09730644478916937,0.11360278139939158
2022-07-11,11372.599609375,nasdaq,-0.02827048690295314,0.5408975945976854,0.0,0.0,0.09730644478916937,0.11360278139939158
2022-07-12,11264.73046875,nasdaq,-0.07369872468057795,-0.9662469437803803,0.0,0.0,0.09730644478916937,0.11360278139939158
2022-07-13,11247.580078125,nasdaq,-0.04394968493740013,1.0079970584143363,0.0,0.0,0.09730644478916937,0.11360278139939158
2022-07-14,11251.1904296875,nasdaq,0.09525148765755839,-0.71931524530119,0.0,0.0,0.1490866234531526,0.11360278139939158
2022-07-15,11452.419921875,nasdaq,-0.05619266016085575,-0.8434523574416224,0.0,0.0,0.09730644478916937,0.11360278139939158
2022-07-18,11360.0498046875,nasdaq,-0.19082376969898987,0.08734657093161761,0.0,0.0,0.09730644478916937,0.11360278139939158
2022-07-19,11713.150390625,nasdaq,-0.12145919992885494,-0.1723954823322089,0.0,0.0,0.09730644478916937,0.11360278139939158
2022-07-20,11897.650390625,nasdaq,0.35195073310298874,-0.3283107661229068,0.0,0.0,0.1490866234531526,0.11360278139939158
2022-07-21,12059.6103515625,nasdaq,-0.038524082973702356,0.13714041003537294,0.0,0.0,0.09730644478916937,0.11360278139939158
2022-07-22,11834.1103515625,nasdaq,0.0038366766852012952,0.9824872165965701,0.0,0.0,0.09730644478916937,0.11360278139939158
2022-07-25,11782.669921875,nasdaq,-0.21765377425463342,-0.4667946635454264,0.0,0.0,0.09730644478916937,0.11360278139939158
2022-07-26,11562.5703125,nasdaq,-0.39359311929441343,-0.07417768241575669,0.0,0.0,0.09730644478916937,0.11360278139939158
2022-07-27,12032.419921875,nasdaq,-0.23322810687103018,-0.28326065925216065,0.0,0.0,0.09730644478916937,0.11360278139939158
2022-07-28,12162.58984375,nasdaq,-0.24172701725907977,0.2555122234832727,0.0,0.0,0.09730644478916937,0.11360278139939158
2022-07-29,12390.6904296875,nasdaq,0.020546475789836025,-0.06980638297699976,0.0,0.0,0.1490866234531526,0.11360278139939158
2022-08-01,12368.98046875,nasdaq,-0.3862966753887509,0.11896307393787901,0.0,0.0,0.09730644478916937,0.11360278139939158
2022-08-02,12348.759765625,nasdaq,-0.06330151786676404,-0.3114716908695312,0.0,0.0,0.09730644478916937,0.11360278139939158
2022-08-03,12668.16015625,nasdaq,-0.2876322259289986,0.245494812434183,0.0,0.0,0.09730644478916937,0.11360278139939158
2022-08-04,12720.580078125,nasdaq,0.22211412462120095,0.5925853483008598,0.0,0.0,0.1490866234531526,0.11360278139939158
2022-08-05,12657.5498046875,nasdaq,0.20827239014806212,-0.24682915902702787,0.0,0.0,0.1490866234531526,0.11360278139939158
2022-08-08,12644.4599609375,nasdaq,-0.5437129404234383,1.0044244248834564,0.0,0.0,0.09730644478916937,0.11360278139939158
2022-08-09,12493.9296875,nasdaq,0.9207744578947615,0.7609127742318511,0.0,0.0,0.1490866234531526,0.11360278139939158
2022-08-10,12854.7998046875,nasdaq,-0.6182792791707866,0.11993620079506867,0.0,0.0,0.09730644478916937,0.11360278139939158
2022-08-11,12779.91015625,nasdaq,0.17334630096857215,-0.05492968006563643,0.0,0.0,0.1490866234531526,0.11360278139939158
2022-08-12,13047.1904296875,nasdaq,-0.3154677003004382,-0.23249609210322345,0.0,0.0,0.09730644478916937,0.11360278139939158
2022-08-15,13128.0498046875,nasdaq,0.40412913566961883,-0.03593255849557669,0.0,0.0,0.1490866234531526,0.11360278139939158
2022-08-16,13102.5498046875,nasdaq,0.3558695718338911,0.08052693323819511,0.0,0.0,0.1490866234531526,0.11360278139939158
2022-08-17,12938.1201171875,nasdaq,1.0673694209270217,-0.4282317296990337,0.0,0.0,0.1490866234531526,0.11360278139939158
2022-08-18,12965.33984375,nasdaq,1.0679290249127773,-0.03892874819065614,0.0,0.0,0.1490866234531526,0.11360278139939158
2022-08-19,12705.2197265625,nasdaq,-1.268172765974975,0.4088736764578199,0.0,0.0,0.09730644478916937,0.11360278139939158
2022-08-22,12381.5703125,nasdaq,-0.630782339959147,0.2332614479728053,0.0,0.0,0.09730644478916937,0.11360278139939158
2022-08-23,12381.2998046875,nasdaq,-0.17022002470995612,-0.04935623636955151,0.0,0.0,0.09730644478916937,0.11360278139939158
2022-08-24,12431.5302734375,nasdaq,0.695229097918709,0.37091860736249055,0.0,0.0,0.1490866234531526,0.11360278139939158
2022-08-25,12639.26953125,nasdaq,0.27162901282283286,0.31331797131642247,0.0,0.0,0.1490866234531526,0.11360278139939158
2022-08-26,12141.7099609375,nasdaq,-0.022919370242142488,-1.118184747897708,0.0,0.0,0.09730644478916937,0.11360278139939158
2022-08-29,12017.669921875,nasdaq,0.05109256800497935,1.813715860612093,0.0,0.0,0.1490866234531526,0.11360278139939158
2022-08-30,11883.1396484375,nasdaq,-0.007748153513928914,0.3979602978414505,0.0,0.0,0.09730644478916937,0.11360278139939158
2022-08-31,11816.2001953125,nasdaq,0.16564128434984518,-1.5563996718805113,0.0,0.0,0.1490866234531526,0.11360278139939158
2022-09-01,11785.1298828125,nasdaq,0.27588622958305453,-0.030469454011228164,0.0,0.0,0.1490866234531526,0.11360278139939158
2022-09-02,11630.8603515625,nasdaq,0.41121301636608,-0.9991353539728941,0.0,0.0,0.1490866234531526,0.11360278139939158
2022-09-06,11544.91015625,nasdaq,0.6058664734207846,-0.16036606752210827,0.0,0.0,0.1490866234531526,0.11360278139939158
2022-09-07,11791.900390625,nasdaq,0.13701215259520855,-0.2726537347284671,0.0,0.0,0.1490866234531526,0.11360278139939158
2022-09-08,11862.1298828125,nasdaq,-0.05465190343619511,-0.1954780117798072,0.0,0.0,0.09730644478916937,0.11360278139939158
2022-09-09,12112.3095703125,nasdaq,0.10029880193066606,0.3485731830343427,0.0,0.0,0.1490866234531526,0.11360278139939158
2022-09-12,12266.41015625,nasdaq,0.022253111461859192,0.6738506267835431,0.0,0.0,0.1490866234531526,0.11360278139939158
2022-09-13,11633.5703125,nasdaq,-0.04403743720126464,-0.13263927849931498,0.0,0.0,0.09730644478916937,0.11360278139939158
2022-09-14,11719.6796875,nasdaq,-0.025001461496200226,-0.43898873870726474,0.0,0.0,0.09730644478916937,0.11360278139939158
2022-09-15,11552.3603515625,nasdaq,-0.06018772119962538,-0.3672935629100046,0.0,0.0,0.09730644478916937,0.11360278139939158
2022-09-16,11448.400390625,nasdaq,0.0001515763478317861,0.10990529084332253,0.0,0.0,0.09730644478916937,0.11360278139939158
2022-09-19,11535.01953125,nasdaq,-0.5763377016632527,2.4575352207660144,0.0,0.0,0.09730644478916937,0.11360278139939158
2022-09-20,11425.0498046875,nasdaq,0.2441127062032387,-0.36443989115726155,0.0,0.0,0.1490866234531526,0.11360278139939158
2022-09-21,11220.1904296875,nasdaq,-0.38796475290553534,-3.0133316999778303,0.0,0.0,0.09730644478916937,0.11360278139939158
2022-09-22,11066.8095703125,nasdaq,-0.018356705351799927,-3.0269773787359533,0.0,0.0,0.09730644478916937,0.11360278139939158
2022-09-23,10867.9296875,nasdaq,0.09885906139336545,0.21711853913131596,0.0,0.0,0.1490866234531526,0.11360278139939158
2022-09-26,10802.919921875,nasdaq,0.2017616682031987,-0.015017227702097376,0.0,0.0,0.1490866234531526,0.11360278139939158
2022-09-27,10829.5,nasdaq,-0.16351488549885795,0.2508728566427528,0.0,0.0,0.09730644478916937,0.11360278139939158
2022-09-28,11051.6396484375,nasdaq,0.4160915247587817,0.23549116937378045,0.0,0.0,0.1490866234531526,0.11360278139939158
2022-09-29,10737.509765625,nasdaq,0.2971278438476724,-0.6737523066262753,0.0,0.0,0.1490866234531526,0.11360278139939158
2022-09-30,10575.6201171875,nasdaq,-0.898968601156868,0.3274815565693021,0.0,0.0,0.09730644478916937,0.11360278139939158
2022-10-03,10815.4296875,nasdaq,-0.1887275162554875,-0.14564317806363464,0.0,0.0,0.09730644478916937,0.11360278139939158
2022-10-04,11176.41015625,nasdaq,-0.4382792254129003,-1.0869777070626305,0.0,0.0,0.09730644478916937,0.11360278139939158
2022-10-05,11148.6396484375,nasdaq,0.8682619339924739,-1.675249723573016,0.0,0.0,0.1490866234531526,0.11360278139939158
2022-10-06,11073.3095703125,nasdaq,-0.085906976448822,0.4071876672694799,0.0,0.0,0.09730644478916937,0.11360278139939158
2022-10-07,10652.400390625,nasdaq,0.5618683132145644,2.4785013530066946,0.0,0.0,0.1490866234531526,0.11360278139939158
2022-10-10,10542.099609375,nasdaq,-0.3656535462219358,0.39836756619234087,0.0,0.0,0.09730644478916937,0.11360278139939158
2022-10-11,10426.1904296875,nasdaq,0.033194354083804396,0.07978264896847777,0.0,0.0,0.1490866234531526,0.11360278139939158
2022-10-12,10417.099609375,nasdaq,-0.06911923938180926,2.118030541614946,0.0,0.0,0.09730644478916937,0.11360278139939158
2022-10-13,10649.150390625,nasdaq,0.11333669332887224,-0.3192109961066339,0.0,0.0,0.1490866234531526,0.11360278139939158
2022-10-14,10321.3896484375,nasdaq,-0.22565357910451725,-1.4304543094015496,0.0,0.0,0.09730644478916937,0.11360278139939158
2022-10-17,10675.7998046875,nasdaq,0.010140793777561809,0.18812764205378174,0.0,0.0,0.1490866234531526,0.11360278139939158
2022-10-18,10772.400390625,nasdaq,0.07003439833753179,0.9571423398230652,0.0,0.0,0.1490866234531526,0.11360278139939158
2022-10-19,10680.509765625,nasdaq,-0.20438477758225945,0.3380014853570892,0.0,0.0,0.09730644478916937,0.11360278139939158
2022-10-20,10614.83984375,nasdaq,0.09156022926464916,-2.205599138566091,0.0,0.0,0.1490866234531526,0.11360278139939158
2022-10-21,10859.7197265625,nasdaq,-0.06875594833511346,1.7585088095032058,0.0,0.0,0.09730644478916937,0.11360278139939158
2022-10-24,10952.6103515625,nasdaq,-0.6755218007679807,-0.6663944028383092,0.0,0.0,0.09730644478916937,0.11360278139939158
2022-10-25,11199.1201171875,nasdaq,0.05563749466069476,-0.151889464788783,0.0,0.0,0.1490866234531526,0.11360278139939158
2022-10-26,10970.990234375,nasdaq,-0.07273024861021007,-0.8003348658448491,0.0,0.0,0.09730644478916937,0.11360278139939158
2022-10-27,10792.669921875,nasdaq,-0.19264838869332113,0.15884013334630726,0.0,0.0,0.09730644478916937,0.11360278139939158
2022-10-28,11102.4501953125,nasdaq,0.2119321832402057,-1.8228985549108032,0.0,0.0,0.1490866234531526,0.11360278139939158
2022-10-31,10988.150390625,nasdaq,-0.05926499124743604,0.22125056788427375,0.0,0.0,0.09730644478916937,0.11360278139939158
2022-11-01,10890.849609375,nasdaq,-0.0469339958969627,-0.2805499118319448,0.0,0.0,0.09730644478916937,0.11360278139939158
2022-11-02,10524.7998046875,nasdaq,-0.10225353076234917,0.348619352685171,0.0,0.0,0.09730644478916937,0.11360278139939158
2022-11-03,10342.9404296875,nasdaq,0.47316153171694886,0.4684399198730469,0.0,0.0,0.1490866234531526,0.11360278139939158
2022-11-04,10475.25,nasdaq,-0.22289466508505779,-2.2414808440012886,0.0,0.0,0.09730644478916937,0.11360278139939158
2022-11-07,10564.51953125,nasdaq,-0.15754223183592617,0.2198675227442243,0.0,0.0,0.09730644478916937,0.11360278139939158
2022-11-08,10616.2001953125,nasdaq,0.021003247177394328,0.5681520479614253,0.0,0.0,0.1490866234531526,0.11360278139939158
2022-11-09,10353.169921875,nasdaq,-0.12966278734457232,-0.7470805392644079,0.0,0.0,0.09730644478916937,0.11360278139939158
2022-11-10,11114.150390625,nasdaq,-0.3111705106661608,-0.7814371530196214,0.0,0.0,0.09730644478916937,0.11360278139939158
2022-11-11,11323.330078125,nasdaq,0.14713031310617303,-0.40268902392635453,0.0,0.0,0.1490866234531526,0.11360278139939158
2022-11-14,11196.2197265625,nasdaq,0.6507855811027699,-0.08228933374150425,0.0,0.006252150377482026,0.1490866234531526,0.11360278139939158
2022-11-15,11358.41015625,nasdaq,-0.49108626169281966,0.18953422462615743,0.0,0.0096593413722184,0.09730644478916937,0.11360278139939158
2022-11-16,11183.66015625,nasdaq,-0.8496602103427179,0.08522280986215865,0.0,0.014774836023203364,0.09730644478916937,0.11360278139939158
2022-11-17,11144.9599609375,nasdaq,-0.25208508345670366,-0.17323655389676054,0.0,0.022374579372062057,0.09730644478916937,0.11360278139939158
2022-11-18,11146.0595703125,nasdaq,0.7939112540326482,0.05621183018833557,0.0,0.033546262790251184,0.1490866234531526,0.11360278139939158
2022-11-21,11024.509765625,nasdaq,-0.00755853537905582,-0.10598564468345631,0.0,0.10647662366679204,0.09730644478916937,0.11360278139939158
2022-11-22,11174.41015625,nasdaq,-0.16083847088206701,0.25061004308304846,0.0,0.1533810679324463,0.09730644478916937,0.11360278139939158
2022-11-23,11285.3203125,nasdaq,0.29302216068805587,0.23014800827620746,0.0,0.21874911181828852,0.1490866234531526,0.11360278139939158
2022-11-25,11226.3603515625,nasdaq,-0.161480807280059,0.021233005405908528,0.0,0.4317840007633078,0.09730644478916937,0.11360278139939158
2022-11-28,11049.5,nasdaq,0.5348458925500119,1.7920176742152856,0.0,1.1108996538242306,0.1490866234531526,0.11360278139939158
2022-11-29,10983.7802734375,nasdaq,0.5990475199364591,1.5689816607250742,0.0,1.4920786069067842,0.1490866234531526,0.11360278139939158
2022-11-30,11468.0,nasdaq,0.6290831697062316,2.1004128579031662,0.0,1.9841094744370287,0.1490866234531526,0.11360278139939158
2022-12-01,11482.4501953125,nasdaq,0.08670821486728952,2.374236513089255,0.0,2.6121409853918234,0.1490866234531526,0.11360278139939158
2022-12-02,11461.5,nasdaq,-0.7023383822419124,3.2812061226471942,0.0,3.4047454734599345,0.09730644478916937,0.11360278139939158
2022-12-05,11239.9404296875,nasdaq,0.6571286985847125,6.778260375706732,0.0,7.100535373963698,0.1490866234531526,0.11360278139939158
2022-12-06,11014.8896484375,nasdaq,-0.1306233507565646,9.045632480995645,0.0,8.892161745938635,0.09730644478916937,0.11360278139939158
2022-12-07,10958.5498046875,nasdaq,0.0877547661721953,11.151489269201448,0.0,11.025052530448521,0.1490866234531526,0.11360278139939158
2022-12-08,11082.0,nasdaq,0.061923613662322616,13.498309747882168,0.0,13.53352832366127,0.1490866234531526,0.13095238095238096
2022-12-09,11004.6201171875,nasdaq,-0.05594258396039497,16.658365340843876,0.0,16.44744565771549,0.09730644478916937,0.13095238095238096
2022-12-12,11143.740234375,nasdaq,0.23568644911110395,27.717883209663952,0.0,27.803730045319412,0.1490866234531526,0.17613636363636365
2022-12-13,11256.8095703125,nasdaq,-0.22136029314397695,31.976903004708117,0.0,32.465246735834974,0.09730644478916937,0.17613636363636365
2022-12-14,11170.8896484375,nasdaq,-0.6472808383482656,37.10514949081717,0.0,37.531109885139955,0.09730644478916937,0.17613636363636365
2022-12-15,10810.5302734375,nasdaq,0.9392810372254135,42.87310976573734,0.0,42.955735821073915,0.1490866234531526,0.22857142857142856
2022-12-16,10705.41015625,nasdaq,1.4791944390125622,48.695889763566,0.0,48.67522559599717,0.1490866234531526,0.4303030303030303
2022-12-19,10546.0302734375,nasdaq,0.06069178577369793,66.27854139260303,0.0,66.69768108584744,0.1490866234531526,0.4303030303030303
2022-12-20,10547.1103515625,nasdaq,0.3009117227326623,72.76207099807971,0.0,72.6149037073691,0.1490866234531526,0.4303030303030303
2022-12-21,10709.3701171875,nasdaq,-0.32953378129863653,78.18312086858217,0.0,78.27045382418682,0.09730644478916937,0.4303030303030303
2022-12-22,10476.1201171875,nasdaq,-0.43473108265443,83.51660148609727,0.0,83.5270211411272,0.09730644478916937,0.4303030303030303
2022-12-23,10497.8603515625,nasdaq,0.41246988713436844,88.046922316429,0.0,88.24969025845955,0.1490866234531526,0.4303030303030303
2022-12-27,10353.23046875,nasdaq,0.4791641769518175,99.38202492348852,0.0,99.50124791926824,0.1490866234531526,1.0
2022-12-28,10213.2900390625,nasdaq,-0.148197027355698,99.82621204574843,0.0,100.0,0.09730644478916937,1.0
2022-12-29,10478.08984375,nasdaq,-0.10641777824410176,10.591403768973153,0.0,0.0,0.09730644478916937,0.11360278139939158
2022-12-30,10466.48046875,nasdaq,0.3504988459913634,5.345809377272909,0.0,0.0,0.1490866234531526,0.11360278139939158
2023-01-03,10386.98046875,nasdaq,-0.3565056298776922,4.275495461670859,0.0,0.0,0.09730644478916937,0.11360278139939158
2023-01-04,10458.759765625,nasdaq,0.3399438248507788,-1.9059247808766209,0.0,0.0,0.1490866234531526,0.11360278139939158
2023-01-05,10305.240234375,nasdaq,-0.3190283430923179,-1.504607681169873,0.0,0.0,0.09730644478916937,0.11360278139939158
2023-01-06,10569.2900390625,nasdaq,-0.48018891805064623,0.2800090974643842,0.0,0.0,0.09730644478916937,0.11360278139939158
2023-01-09,10635.650390625,nasdaq,0.20210994377841693,-0.25267118380900916,0.0,0.0,0.1490866234531526,0.11360278139939158
2023-01-10,10742.6298828125,nasdaq,-0.38109365058170447,-1.360193691931168,0.0,0.0,0.09730644478916937,0.11360278139939158
2023-01-11,10931.669921875,nasdaq,-0.10836425499419981,1.2499877399144004,0.0,0.0,0.09730644478916937,0.11360278139939158
2023-01-12,11001.099609375,nasdaq,-0.1006324442022582,-1.7531647524385923,0.0,0.0,0.09730644478916937,0.11360278139939158
2023-01-13,11079.16015625,nasdaq,-0.3163114938152636,-0.7384709015035416,0.0,0.0,0.09730644478916937,0.11360278139939158
2023-01-17,11095.1103515625,nasdaq,0.4408009219748269,2.392715443033764,0.0,0.0,0.1490866234531526,0.11360278139939158
2023-01-18,10957.009765625,nasdaq,-0.07748094193775672,1.251582384674282,0.0,0.0,0.09730644478916937,0.11360278139939158
2023-01-19,10852.26953125,nasdaq,0.1299688879081276,0.4283974386607986,0.0,0.0,0.1490866234531526,0.11360278139939158
2023-01-20,11140.4296875,nasdaq,0.17562446582219965,-2.1184291142800458,0.0,0.0,0.1490866234531526,0.11360278139939158
2023-01-23,11364.41015625,nasdaq,0.04900081406689632,0.9941417747986397,0.0,0.0,0.1490866234531526,0.11360278139939158
2023-01-24,11334.26953125,nasdaq,-0.13309286903073636,0.6973923565251133,0.0,0.0,0.09730644478916937,0.11360278139939158
2023-01-25,11313.3603515625,nasdaq,0.15666093772743261,0.17824226304041418,0.0,0.0,0.1490866234531526,0.11360278139939158
2023-01-26,11512.41015625,nasdaq,0.0700992568627566,0.26945990654611357,0.0,0.0,0.1490866234531526,0.11360278139939158
2023-01-27,11621.7099609375,nasdaq,0.4155962263399223,0.8523219351550663,0.0,0.0,0.1490866234531526,0.11360278139939158
2023-01-30,11393.8095703125,nasdaq,-0.07127322897513329,0.050685199555329505,0.0,0.0,0.09730644478916937,0.11360278139939158
2023-01-31,11584.5498046875,nasdaq,0.3577049810869542,-0.013738723486950861,0.0,0.0,0.1490866234531526,0.11360278139939158
2023-02-01,11816.3203125,nasdaq,-0.7390132143446239,0.38082807341592845,0.0,0.0,0.09730644478916937,0.11360278139939158
2023-02-02,12200.8203125,nasdaq,0.4444814309313741,-1.067045790697972,0.0,0.0,0.1490866234531526,0.11360278139939158
2023-02-03,12006.9501953125,nasdaq,-0.23975256579920717,0.356137963456942,0.0,0.0,0.09730644478916937,0.11360278139939158
2023-02-06,11887.4501953125,nasdaq,-0.7642353718348974,-0.03909719581138667,0.0,0.0,0.09730644478916937,0.11360278139939158
2023-02-07,12113.7900390625,nasdaq,-0.3956215688434333,0.4206280565503823,0.0,0.0,0.09730644478916937,0.11360278139939158
2023-02-08,11910.51953125,nasdaq,-0.42384129321908703,-0.027830144243901702,0.0,0.0,0.09730644478916937,0.11360278139939158
2023-02-09,11789.580078125,nasdaq,-0.38476421705324804,-0.7803425542744687,0.0,0.0,0.09730644478916937,0.11360278139939158
2023-02-10,11718.1201171875,nasdaq,0.6509357136647019,-1.2445272589895728,0.0,0.0,0.1490866234531526,0.11360278139939158
2023-02-13,11891.7900390625,nasdaq,0.45609177432670867,0.6778078765292943,0.0,0.0,0.1490866234531526,0.11360278139939158
2023-02-14,11960.150390625,nasdaq,-0.7726472792083692,0.4357718290782649,0.0,0.0,0.09730644478916937,0.11360278139939158
2023-02-15,12070.58984375,nasdaq,-0.44904595686879173,0.4764543679406687,0.0,0.0,0.09730644478916937,0.11360278139939158
2023-02-16,11855.830078125,nasdaq,0.24259943749821672,-0.8969076651262555,0.0,0.0,0.1490866234531526,0.11360278139939158
2023-02-17,11787.26953125,nasdaq,0.7011737187455157,-0.20192163233642615,0.0,0.0,0.1490866234531526,0.11360278139939158
2023-02-21,11492.2998046875,nasdaq,0.29949604593497153,-0.5601152730084303,0.0,0.0,0.1490866234531526,0.11360278139939158
2023-02-22,11507.0703125,nasdaq,0.3472787890759766,-2.378357689633814,0.0,0.0,0.1490866234531526,0.11360278139939158
2023-02-23,11590.400390625,nasdaq,-0.13202415455986752,-0.39627117255568634,0.0,0.0,0.09730644478916937,0.11360278139939158
2023-02-24,11394.9404296875,nasdaq,-0.16756450083740845,-1.1279159984389004,0.0,0.0,0.09730644478916937,0.11360278139939158
2023-02-27,11466.98046875,nasdaq,-0.47732003254217975,-0.3827812652400578,0.0,0.0,0.09730644478916937,0.11360278139939158
2023-02-28,11455.5400390625,nasdaq,-0.26443381448763803,-1.4000379532603628,0.0,0.0,0.09730644478916937,0.11360278139939158
2023-03-01,11379.48046875,nasdaq,-0.3138947766062349,1.876162059358655,0.0,0.0,0.09730644478916937,0.11360278139939158
2023-03-02,11462.98046875,nasdaq,-0.13773221202925293,-0.8759437289223031,0.0,0.0,0.09730644478916937,0.11360278139939158
2023-03-03,11689.009765625,nasdaq,-0.30499581677730525,-1.8178150839013032,0.0,0.0,0.09730644478916937,0.11360278139939158
2023-03-06,11675.740234375,nasdaq,-0.5102615347557413,-0.8302063921672759,0.0,0.0,0.09730644478916937,0.11360278139939158
2023-03-07,11530.330078125,nasdaq,-0.2874634286013509,-0.445210323996104,0.0,0.0,0.09730644478916937,0.11360278139939158
2023-03-08,11576.0,nasdaq,-0.7388654038705924,-0.8070515939848977,0.0,0.0,0.09730644478916937,0.11360278139939158
2023-03-09,11338.349609375,nasdaq,-0.4243405669500923,-5.198574950570654,0.0,0.0,0.09730644478916937,0.11360278139939158
2023-03-10,11138.8896484375,nasdaq,-1.1777493381245514,2.388337199623906,0.0,0.0,0.09730644478916937,0.11360278139939158
2023-03-13,11188.83984375,nasdaq,0.4168051241145982,-1.6913415761800037,0.0,0.0,0.1490866234531526,0.11360278139939158
2023-03-14,11428.150390625,nasdaq,-0.13356639347762803,-1.4082394430782104,0.0,0.0,0.09730644478916937,0.11360278139939158
2023-03-15,11434.0498046875,nasdaq,0.27385861837253034,0.5291747065277822,0.0,0.0,0.1490866234531526,0.11360278139939158
2023-03-16,11717.2802734375,nasdaq,0.2874651160154013,-2.106826668651229,0.0,0.0,0.1490866234531526,0.11360278139939158
2023-03-17,11630.509765625,nasdaq,0.40281896732925465,0.5031043767792346,0.0,0.0,0.1490866234531526,0.11360278139939158
2023-03-20,11675.5400390625,nasdaq,0.13973911109399384,-0.43034088807023835,0.0,0.0,0.1490866234531526,0.11360278139939158
2023-03-21,11860.1103515625,nasdaq,-0.10768169307080006,-0.08445447988349238,0.0,0.0,0.09730644478916937,0.11360278139939158
2023-03-22,11669.9599609375,nasdaq,0.31805956740321883,2.2192967951475806,0.0,0.0,0.1490866234531526,0.11360278139939158
2023-03-23,11787.400390625,nasdaq,0.3866644439393748,0.9299175567411535,0.0,0.0,0.1490866234531526,0.11360278139939158
2023-03-24,11823.9599609375,nasdaq,0.6772954823399252,0.7712055201055681,0.0,0.0,0.1490866234531526,0.11360278139939158
2023-03-27,11768.83984375,nasdaq,0.050429057569869734,0.6538965430728031,0.0,0.0,0.1490866234531526,0.11360278139939158
2023-03-28,11716.080078125,nasdaq,-0.3509552938505843,-0.22251389581057546,0.0,0.0,0.09730644478916937,0.11360278139939158
2023-03-29,11926.240234375,nasdaq,-0.7054486906279084,1.0483420384193072,0.0,0.0,0.09730644478916937,0.11360278139939158
2023-03-30,12013.4697265625,nasdaq,-0.3756590991662674,0.458258300805424,0.0,0.0,0.09730644478916937,0.11360278139939158
2023-03-31,12221.91015625,nasdaq,1.1275312121793737,0.6202236237573556,0.0,0.0,0.1490866234531526,0.11360278139939158
2023-04-03,12189.4501953125,nasdaq,-0.450928695542935,0.24437615340235286,0.0,0.0,0.09730644478916937,0.11360278139939158
2023-04-04,12126.330078125,nasdaq,-0.11875313476063258,-0.15847062405213536,0.0,0.0,0.09730644478916937,0.11360278139939158
2023-04-05,11996.8603515625,nasdaq,-0.5873966449692598,-0.7673433718616943,0.0,0.0,0.09730644478916937,0.11360278139939158
2023-04-06,12087.9599609375,nasdaq,0.16404325120364185,0.5209929869743587,0.0,0.0,0.1490866234531526,0.11360278139939158
2023-04-10,12084.3603515625,nasdaq,0.7723606125658328,-0.04968532737625005,0.0,0.0,0.1490866234531526,0.11360278139939158
2023-04-11,12031.8798828125,nasdaq,0.9978709045594614,-0.23503838149972278,0.0,0.0,0.1490866234531526,0.11360278139939158
2023-04-12,11929.33984375,nasdaq,-1.1986792082753206,-0.22237610275049233,0.0,0.0,0.09730644478916937,0.11360278139939158
2023-04-13,12166.26953125,nasdaq,-0.7330477886494726,0.6193243168976356,0.0,0.0,0.09730644478916937,0.11360278139939158
2023-04-14,12123.4697265625,nasdaq,0.4057564993486882,-0.7369484031979446,0.0,0.0,0.1490866234531526,0.11360278139939158
2023-04-17,12157.7197265625,nasdaq,0.3205866678931689,0.09887420341131863,0.0,0.0,0.1490866234531526,0.11360278139939158
2023-04-18,12153.41015625,nasdaq,-0.8709521174736738,-0.11716496641477535,0.0,0.0,0.09730644478916937,0.11360278139939158
2023-04-19,12157.23046875,nasdaq,1.8101879013387985,0.12120917886601612,0.0,0.0,0.1490866234531526,0.11360278139939158
2023-04-20,12059.5595703125,nasdaq,0.643811116627955,-0.37065065143100967,0.0,0.0,0.1490866234531526,0.11360278139939158
2023-04-21,12072.4599609375,nasdaq,0.5771939675327266,-0.34470009572952365,0.0,0.0,0.1490866234531526,0.11360278139939158
2023-04-24,12037.2001953125,nasdaq,1.3722472874615235,-0.019826874255090044,0.0,0.0,0.1490866234531526,0.11360278139939158
2023-04-25,11799.16015625,nasdaq,-0.8036549086416969,0.18543386946805188,0.0,0.0,0.09730644478916937,0.11360278139939158
2023-04-26,11854.349609375,nasdaq,-0.8764136288942698,-0.5655500921859203,0.0,0.0,0.09730644478916937,0.11360278139939158
2023-04-27,12142.240234375,nasdaq,0.7457543010977937,0.20084922682186776,0.0,0.0,0.1490866234531526,0.11360278139939158
2023-04-28,12226.580078125,nasdaq,-0.012608809387112264,-0.18639130189013395,0.0,0.0,0.09730644478916937,0.11360278139939158
2023-05-01,12212.599609375,nasdaq,0.24075383490333724,-0.3565653529679552,0.0,0.0,0.1490866234531526,0.11360278139939158
2023-05-02,12080.509765625,nasdaq,0.8815633977562162,-0.6769531141515146,0.0,0.0,0.1490866234531526,0.11360278139939158
2023-05-03,12025.330078125,nasdaq,0.012259410429672159,1.9311778459473612,0.0,0.0,0.1490866234531526,0.11360278139939158
2023-05-04,11966.400390625,nasdaq,-0.07095441972925204,-0.237284045771277,0.0,0.0,0.09730644478916937,0.11360278139939158
2023-05-05,12235.41015625,nasdaq,-0.7843269920918148,-0.4617552390071582,0.0,0.0,0.09730644478916937,0.11360278139939158
2023-05-08,12256.919921875,nasdaq,0.26173292573184076,0.019279494753507216,0.0,0.0,0.1490866234531526,0.11360278139939158
2023-05-09,12179.5498046875,nasdaq,0.47943273083216065,-0.24384450325892024,0.0,0.0,0.1490866234531526,0.11360278139939158
2023-05-10,12306.4404296875,nasdaq,0.0027990149884521342,-0.3560780106760442,0.0,0.0,0.09730644478916937,0.11360278139939158
2023-05-11,12328.509765625,nasdaq,0.01896443375902783,-0.3358393373415342,0.0,0.0,0.1490866234531526,0.11360278139939158
2023-05-12,12284.740234375,nasdaq,-0.0001360549899375507,-0.5682939062950444,0.0,0.0,0.09730644478916937,0.11360278139939158
2023-05-15,12365.2099609375,nasdaq,0.6618897729152663,0.8403657998186111,0.0,0.0,0.1490866234531526,0.11360278139939158
2023-05-16,12343.0498046875,nasdaq,-0.5496288357172467,0.009013906596700368,0.0,0.0,0.09730644478916937,0.11360278139939158
2023-05-17,12500.5703125,nasdaq,-0.18303185766675809,-0.38629334878889177,0.0,0.0,0.09730644478916937,0.11360278139939158
2023-05-18,12688.83984375,nasdaq,0.21875285895867846,0.3449738738481728,0.0,0.0,0.1490866234531526,0.11360278139939158
2023-05-19,12657.900390625,nasdaq,-0.011741115618158385,0.19207755873616406,0.0,0.0,0.09730644478916937,0.11360278139939158
2023-05-22,12720.7802734375,nasdaq,0.10572801574889928,-0.08494353260564413,0.0,0.0,0.1490866234531526,0.11360278139939158
2023-05-23,12560.25,nasdaq,0.017124382807299568,-0.22126990484443587,0.0,0.0,0.1490866234531526,0.11360278139939158
2023-05-24,12484.16015625,nasdaq,0.05289235798122064,0.40502543322538304,0.0,0.0,0.1490866234531526,0.11360278139939158
2023-05-25,12698.08984375,nasdaq,0.011081920833806281,0.11683028837447726,0.0,0.0,0.1490866234531526,0.11360278139939158
2023-05-26,12975.6904296875,nasdaq,0.5569195242253273,0.9760167115890722,0.0,0.0,0.1490866234531526,0.11360278139939158
2023-05-30,13017.4296875,nasdaq,0.9048747749914973,0.036046904185724205,0.0,0.0,0.1490866234531526,0.11360278139939158
2023-05-31,12935.2900390625,nasdaq,0.0816479196614454,0.2790286856911211,0.0,0.0,0.1490866234531526,0.11360278139939158
2023-06-01,13100.98046875,nasdaq,-0.2635275113012295,0.17304029941681015,0.0,0.0,0.09730644478916937,0.11360278139939158
2023-06-02,13240.76953125,nasdaq,0.15069414766909514,0.05641719898990172,0.0,0.0,0.1490866234531526,0.11360278139939158
2023-06-05,13229.4296875,nasdaq,-0.48257459229467603,-0.08978314278158658,0.0,0.0,0.09730644478916937,0.11360278139939158
2023-06-06,13276.419921875,nasdaq,-0.463058406427299,-0.34677585256242033,0.0,0.0,0.09730644478916937,0.11360278139939158
2023-06-07,13104.900390625,nasdaq,0.08885310977577011,0.4755109639438606,0.0,0.0,0.1490866234531526,0.11360278139939158
2023-06-08,13238.51953125,nasdaq,-0.345032516207166,-0.2732542325483385,0.0,0.0,0.09730644478916937,0.11360278139939158
2023-06-09,13259.1396484375,nasdaq,0.33178668583431437,-0.46985859111817674,0.0,0.0,0.1490866234531526,0.11360278139939158
2023-06-12,13461.919921875,nasdaq,0.15895991651793287,0.14153732647612188,0.0,0.0,0.1490866234531526,0.11360278139939158
2023-06-13,13573.3203125,nasdaq,-0.5610330089206744,0.030593068682717613,0.0,0.0,0.09730644478916937,0.11360278139939158
2023-06-14,13626.48046875,nasdaq,-0.17578706420653276,-0.23865740802869762,0.0,0.0,0.09730644478916937,0.11360278139939158
2023-06-15,13782.8203125,nasdaq,0.2815241196463843,-0.2311480937821226,0.0,0.0,0.1490866234531526,0.11360278139939158
2023-06-16,13689.5703125,nasdaq,0.004138775943328413,-0.18440738908808976,0.0,0.0,0.09730644478916937,0.11360278139939158
2023-06-20,13667.2900390625,nasdaq,-0.0749269349690967,-0.09570056000210712,0.0,0.0,0.09730644478916937,0.11360278139939158
2023-06-21,13502.2001953125,nasdaq,-0.20159553471246525,0.39004626091490097,0.0,0.0,0.09730644478916937,0.11360278139939158
2023-06-22,13630.6103515625,nasdaq,0.3988225890348747,-0.17775331713225306,0.0,0.0,0.1490866234531526,0.11360278139939158
2023-06-23,13492.51953125,nasdaq,0.08134659680637973,-0.3223295074559329,0.0,0.0,0.1490866234531526,0.11360278139939158
2023-06-26,13335.7802734375,nasdaq,-0.21589465406494268,-0.45868938576103235,0.0,0.0,0.09730644478916937,0.11360278139939158
2023-06-27,13555.669921875,nasdaq,0.10899455741001264,-0.24269824163860473,0.0,0.0,0.1490866234531526,0.11360278139939158
2023-06-28,13591.75,nasdaq,-0.0410599720305931,0.2316034835933084,0.0,0.0,0.09730644478916937,0.11360278139939158
2023-06-29,13591.330078125,nasdaq,-0.7624118821098714,-0.4278920974513061,0.0,0.0,0.09730644478916937,0.11360278139939158
2023-06-30,13787.919921875,nasdaq,5.152627262787569,-0.2531039791843898,0.0,0.0,0.1490866234531526,0.11360278139939158
2023-07-03,13816.76953125,nasdaq,0.3921741204595274,1.8652123875981852,0.0,0.0,0.1490866234531526,0.11360278139939158
2023-07-05,13791.650390625,nasdaq,0.49064300191866367,-1.0108396816657355,0.0,0.0,0.1490866234531526,0.11360278139939158
2023-07-06,13679.0400390625,nasdaq,-1.2246340442349675,-0.1818427820408717,0.0,0.0,0.09730644478916937,0.11360278139939158
2023-07-07,13660.7197265625,nasdaq,0.2953460455687204,0.5890014562493207,0.0,0.0,0.1490866234531526,0.11360278139939158
2023-07-10,13685.48046875,nasdaq,0.4687980416075244,-0.042754810183696534,0.0,0.0,0.1490866234531526,0.11360278139939158
2023-07-11,13760.7001953125,nasdaq,-2.5468687847444413,-0.5031326716348233,0.0,0.0,0.09730644478916937,0.11360278139939158
2023-07-12,13918.9599609375,nasdaq,-0.13434864728547719,0.12845741609112335,0.0,0.0,0.09730644478916937,0.11360278139939158
2023-07-13,14138.5703125,nasdaq,-2.2813062049459303,-0.03779278478410427,0.0,0.0,0.09730644478916937,0.11360278139939158
2023-07-14,14113.7001953125,nasdaq,0.6724869202744338,-0.01619919459503693,0.0,0.0,0.1490866234531526,0.11360278139939158
2023-07-17,14244.9501953125,nasdaq,-3.4958031174140753,-0.26774604299901417,0.0,0.0,0.09730644478916937,0.11360278139939158
2023-07-18,14353.6396484375,nasdaq,-1.9599244602939412,-0.2232630011111369,0.0,0.0,0.09730644478916937,0.11360278139939158
2023-07-19,14358.01953125,nasdaq,0.19273908075599314,0.13702469393164077,0.0,0.0,0.1490866234531526,0.11360278139939158
2023-07-20,14063.3095703125,nasdaq,0.7608263846276214,0.06699260590532002,0.0,0.0,0.1490866234531526,0.11360278139939158
2023-07-21,14032.8095703125,nasdaq,0.8489559264547963,0.11908335171114222,0.0,0.0,0.1490866234531526,0.11360278139939158
2023-07-24,14058.8701171875,nasdaq,-1.5288814877511812,-0.0165527824859535,0.0,0.0,0.09730644478916937,0.11360278139939158
2023-07-25,14144.5595703125,nasdaq,-0.7937428178647936,-0.7850501733837878,0.0,0.0,0.09730644478916937,0.11360278139939158
2023-07-26,14127.2802734375,nasdaq,-0.4599736041234868,0.28751680222506987,0.0,0.0,0.09730644478916937,0.11360278139939158
2023-07-27,14050.1103515625,nasdaq,-1.3969387250214298,-0.2889950938868982,0.0,0.0,0.09730644478916937,0.11360278139939158
2023-07-28,14316.66015625,nasdaq,0.14244734378784343,-0.28441090084874837,0.0,0.0,0.1490866234531526,0.11360278139939158
2023-07-31,14346.01953125,nasdaq,-0.07150766904547426,0.3539195388142242,0.0,0.0,0.09730644478916937,0.11360278139939158
2023-08-01,14283.91015625,nasdaq,1.3913786000960962,-0.4495201072980125,0.0,0.0,0.1490866234531526,0.11360278139939158
2023-08-02,13973.4501953125,nasdaq,0.16713746330967222,-0.03356077822153114,0.0,0.0,0.1490866234531526,0.11360278139939158
2023-08-03,13959.7197265625,nasdaq,0.0632190115582806,-0.08995163860781195,0.0,0.0,0.1490866234531526,0.11360278139939158
2023-08-04,13909.240234375,nasdaq,0.2916774801451843,0.6271337911852193,0.0,0.0,0.1490866234531526,0.11360278139939158
2023-08-07,13994.400390625,nasdaq,-0.8319128105331176,-0.1947358153126044,0.0,0.0,0.09730644478916937,0.11360278139939158
2023-08-08,13884.3203125,nasdaq,-0.08410619719132792,0.646173948778059,0.0,0.0,0.09730644478916937,0.11360278139939158
2023-08-09,13722.01953125,nasdaq,0.8833910275050781,0.20359911554559754,0.0,0.0,0.1490866234531526,0.11360278139939158
2023-08-10,13737.990234375,nasdaq,0.5210266916743554,-0.04681064274764948,0.0,0.0,0.1490866234531526,0.11360278139939158
2023-08-11,13644.849609375,nasdaq,-0.8683690095191025,-0.15575416029774855,0.0,0.0,0.09730644478916937,0.11360278139939158
2023-08-14,13788.330078125,nasdaq,-3.023901339350929,0.5552650115908572,0.0,0.0,0.09730644478916937,0.11360278139939158
2023-08-15,13631.0498046875,nasdaq,-0.4336730602478741,0.10297375173929633,0.0,0.0,0.09730644478916937,0.11360278139939158
2023-08-16,13474.6298828125,nasdaq,-0.9746406725095804,-0.09431616912017683,0.0,0.0,0.09730644478916937,0.11360278139939158
2023-08-17,13316.9296875,nasdaq,-0.3532243049949108,-0.23080131927922543,0.0,0.0,0.09730644478916937,0.11360278139939158
2023-08-18,13290.7802734375,nasdaq,-0.1279571817169071,1.689259898427157,0.0,0.0,0.09730644478916937,0.11360278139939158
2023-08-21,13497.58984375,nasdaq,-0.3395365913138899,0.43172905360724356,0.0,0.0,0.09730644478916937,0.11360278139939158
2023-08-22,13505.8701171875,nasdaq,0.033219312043364806,-0.8755521176994356,0.0,0.0,0.1490866234531526,0.11360278139939158
2023-08-23,13721.0302734375,nasdaq,0.7619219872013678,-1.1093932982756143,0.0,0.0,0.1490866234531526,0.11360278139939158
2023-08-24,13463.9697265625,nasdaq,-0.010546930835434136,-0.5472900234403383,0.0,0.0,0.09730644478916937,0.11360278139939158
2023-08-25,13590.650390625,nasdaq,-0.6423716383715562,-0.612637699433146,0.0,0.0,0.09730644478916937,0.11360278139939158
2023-08-28,13705.1298828125,nasdaq,-0.5071843456192862,-0.06491722292409371,0.0,0.0,0.09730644478916937,0.11360278139939158
2023-08-29,13943.759765625,nasdaq,-0.6175319836665644,0.6654341397286294,0.0,0.0,0.09730644478916937,0.11360278139939158
2023-08-30,14019.3095703125,nasdaq,1.490257739886282,0.8240075570492547,0.0,0.0,0.1490866234531526,0.11360278139939158
2023-08-31,14034.9697265625,nasdaq,-0.7707017487789085,-1.0022571507908697,0.0,0.0,0.09730644478916937,0.11360278139939158
2023-09-01,14031.8095703125,nasdaq,-0.04963474859729258,0.5319905058130339,0.0,0.0,0.09730644478916937,0.11360278139939158
2023-09-05,14020.9501953125,nasdaq,0.23066585014539356,0.7301563954461016,0.0,0.0,0.1490866234531526,0.11360278139939158
2023-09-06,13872.4697265625,nasdaq,-0.42936508424314523,0.17074325622759312,0.0,0.0,0.09730644478916937,0.11360278139939158
2023-09-07,13748.830078125,nasdaq,0.17555395347387934,0.534941223564146,0.0,0.0,0.1490866234531526,0.11360278139939158
2023-09-08,13761.5302734375,nasdaq,0.6493324463473624,0.8120410156383908,0.0,0.0,0.1490866234531526,0.11360278139939158
2023-09-11,13917.8896484375,nasdaq,0.9482965619581556,-0.8699732905686486,0.0,0.0,0.1490866234531526,0.11360278139939158
2023-09-12,13773.6103515625,nasdaq,0.6155555132362411,-0.7236855328073991,0.0,0.0,0.1490866234531526,0.11360278139939158
2023-09-13,13813.58984375,nasdaq,-0.37689219605731933,-0.47614241473065877,0.0,0.0,0.09730644478916937,0.11360278139939158
2023-09-14,13926.0498046875,nasdaq,-0.6285449978130488,-0.26731811829837293,0.0,0.0,0.09730644478916937,0.11360278139939158
2023-09-15,13708.330078125,nasdaq,-0.4911947503468569,-0.35666423995213486,0.0,0.0,0.09730644478916937,0.11360278139939158
2023-09-18,13710.240234375,nasdaq,-0.6958432896889629,-0.21122168580854464,0.0,0.0,0.09730644478916937,0.11360278139939158
2023-09-19,13678.1904296875,nasdaq,1.3363241505563825,-0.4983414286064484,0.0,0.0,0.1490866234531526,0.11360278139939158
2023-09-20,13469.1298828125,nasdaq,0.28918073026036006,-0.76035929975672,0.0,0.0,0.1490866234531526,0.11360278139939158
2023-09-21,13223.98046875,nasdaq,0.03453511609727137,2.1489736424149086,0.0,0.0,0.1490866234531526,0.11360278139939158
2023-09-22,13211.8095703125,nasdaq,0.7252060357508081,-1.8704054400448533,0.0,0.0,0.1490866234531526,0.11360278139939158
2023-09-25,13271.3203125,nasdaq,0.09303313004322233,-1.1975187400886753,0.0,0.0,0.1490866234531526,0.11360278139939158
2023-09-26,13063.6103515625,nasdaq,0.837353536614162,-1.1260344066099177,0.0,0.0,0.1490866234531526,0.11360278139939158
2023-09-27,13092.849609375,nasdaq,0.9700169274064289,0.13831774420023826,0.0,0.0,0.1490866234531526,0.11360278139939158
2023-09-28,13201.2802734375,nasdaq,-0.5029621478744638,0.4465917132722721,0.0,0.0,0.09730644478916937,0.11360278139939158
2023-09-29,13219.3203125,nasdaq,-0.36073959351120144,1.541401318531861,0.0,0.0,0.09730644478916937,0.11360278139939158
2023-10-02,13307.76953125,nasdaq,-0.2958059990085188,-0.877686605431832,0.0,0.0,0.09730644478916937,0.11360278139939158
2023-10-03,13059.4697265625,nasdaq,0.16585649179845996,-1.101793134018597,0.0,0.0,0.1490866234531526,0.11360278139939158
2023-10-04,13236.009765625,nasdaq,0.1877755293808892,-0.5469237470613226,0.0,0.0,0.1490866234531526,0.11360278139939158
2023-10-05,13219.830078125,nasdaq,0.5216571028339355,2.468840584454529,0.0,0.0,0.1490866234531526,0.11360278139939158
2023-10-06,13431.33984375,nasdaq,0.43551403779936687,-0.031614984160292875,0.0,0.0,0.1490866234531526,0.11360278139939158
2023-10-09,13484.240234375,nasdaq,0.30738791624572154,0.4553643775334433,0.0,0.0,0.1490866234531526,0.11360278139939158
2023-10-10,13562.83984375,nasdaq,0.30449130052583123,1.4538692388234178,0.0,0.0,0.1490866234531526,0.11360278139939158
2023-10-11,13659.6796875,nasdaq,-0.15116382664520142,1.1309167764539942,0.0,0.0,0.09730644478916937,0.11360278139939158
2023-10-12,13574.2197265625,nasdaq,0.2213754974477146,0.1422423556897877,0.0,0.0,0.1490866234531526,0.11360278139939158
2023-10-13,13407.23046875,nasdaq,-0.23051618749247452,-0.5282901455816866,0.0,0.0,0.09730644478916937,0.11360278139939158
2023-10-16,13567.98046875,nasdaq,0.027009575841531172,-1.6527336898979748,0.0,0.0,0.1490866234531526,0.11360278139939158
2023-10-17,13533.75,nasdaq,0.18843615364966362,-1.12702692328969,0.0,0.0,0.1490866234531526,0.11360278139939158
2023-10-18,13314.2998046875,nasdaq,-0.24923397859149804,-1.3834319187062092,0.0,0.0,0.09730644478916937,0.11360278139939158
2023-10-19,13186.1796875,nasdaq,0.11322801995833331,-3.84345742321413,0.0,0.0,0.1490866234531526,0.11360278139939158
2023-10-20,12983.8095703125,nasdaq,0.16747207677415446,2.943005845846271,0.0,0.0,0.1490866234531526,0.11360278139939158
2023-10-23,13018.330078125,nasdaq,-0.009984929467946274,-1.7612269858586556,0.0,0.0,0.09730644478916937,0.11360278139939158
2023-10-24,13139.8701171875,nasdaq,0.1609651894645118,1.2615201789782744,0.0,0.0,0.1490866234531526,0.11360278139939158
2023-10-25,12821.2197265625,nasdaq,-0.1367074636293664,-0.511295717977653,0.0,0.0,0.09730644478916937,0.11360278139939158
2023-10-26,12595.6103515625,nasdaq,-0.3213475268252507,0.647446103404886,0.0,0.0,0.09730644478916937,0.11360278139939158
2023-10-27,12643.009765625,nasdaq,0.18197984861446412,0.03750385280138699,0.0,0.0,0.1490866234531526,0.11360278139939158
2023-10-30,12789.48046875,nasdaq,-0.49056929672323357,-0.402508010404011,0.0,0.0,0.09730644478916937,0.11360278139939158
2023-10-31,12851.240234375,nasdaq,-0.07054373289813808,-1.4075275876054165,0.0,0.0,0.09730644478916937,0.11360278139939158
2023-11-01,13061.4697265625,nasdaq,-0.13316810641126295,0.13805863736928084,0.0,0.0,0.09730644478916937,0.11360278139939158
2023-11-02,13294.1904296875,nasdaq,0.29772106787500396,0.3530517118103923,0.0,0.0,0.1490866234531526,0.11360278139939158
2023-11-03,13478.2802734375,nasdaq,0.51903785914573,-0.2059838517206542,0.0,0.0,0.1490866234531526,0.11360278139939158
2023-11-06,13518.7802734375,nasdaq,0.7829582571689031,-0.2698546419037612,0.0,0.0,0.1490866234531526,0.11360278139939158
2023-11-07,13639.8603515625,nasdaq,0.1680766510138775,0.26712767760157863,0.0,0.0,0.1490866234531526,0.11360278139939158
2023-11-08,13650.41015625,nasdaq,0.36023847177532786,1.2978817426625104,0.0,0.0,0.1490866234531526,0.11360278139939158
2023-11-09,13521.4501953125,nasdaq,0.1696578915738686,-0.4339564850783875,0.0,0.0,0.1490866234531526,0.11360278139939158
2023-11-10,13798.1103515625,nasdaq,-0.13400814395817126,-0.04350720272757651,0.0,0.0,0.09730644478916937,0.11360278139939158
2023-11-13,13767.740234375,nasdaq,0.6244422052024765,0.9313202717717517,0.0,0.0,0.1490866234531526,0.11360278139939158
2023-11-14,14094.3798828125,nasdaq,0.1742576296955904,-0.7226843811107657,0.0,0.0,0.1490866234531526,0.11360278139939158
2023-11-15,14103.83984375,nasdaq,-0.30936527084569226,0.36750699582364094,0.0,0.0,0.09730644478916937,0.11360278139939158
2023-11-16,14113.669921875,nasdaq,0.3377611550055275,-0.21044430095323577,0.0,0.0,0.1490866234531526,0.11360278139939158
2023-11-17,14125.48046875,nasdaq,0.010830653100235722,-0.03360060102063837,0.0,0.0,0.1490866234531526,0.11360278139939158
2023-11-20,14284.5302734375,nasdaq,-0.36231206303270735,-0.2358882018399046,0.0,0.0,0.09730644478916937,0.11360278139939158
2023-11-21,14199.98046875,nasdaq,-0.6490321929152799,-0.11724864145930394,0.0,0.0,0.09730644478916937,0.11360278139939158
2023-11-22,14265.8603515625,nasdaq,0.40315531831734397,-0.032032876565385074,0.0,0.0,0.1490866234531526,0.11360278139939158
2023-11-24,14250.849609375,nasdaq,0.2610220976538708,-0.18870380182744415,0.0,0.0,0.1490866234531526,0.11360278139939158
2023-11-27,14241.01953125,nasdaq,0.45675638710836003,0.14691026519506376,0.0,0.0,0.1490866234531526,0.11360278139939158
2023-11-28,14281.759765625,nasdaq,0.8068687289939701,-0.28171463364599275,0.0,0.0,0.1490866234531526,0.11360278139939158
2023-11-29,14258.490234375,nasdaq,0.3195608853157105,0.15254440626902582,0.0,0.0,0.1490866234531526,0.11360278139939158
2023-11-30,14226.2197265625,nasdaq,0.8112961306807749,-0.5157117776973277,0.0,0.0,0.1490866234531526,0.11360278139939158
2023-12-01,14305.0302734375,nasdaq,0.17238991749939508,0.010880129947232949,0.0,0.0,0.1490866234531526,0.11360278139939158
2023-12-04,14185.490234375,nasdaq,1.0893989325261701,-0.01837306417655851,0.0,0.0,0.1490866234531526,0.11360278139939158
2023-12-05,14229.91015625,nasdaq,-0.2586649731837924,-0.1861893286782143,0.0,0.0,0.09730644478916937,0.11360278139939158
2023-12-06,14146.7099609375,nasdaq,-1.1348276861674647,-0.02512239415237627,0.0,0.0,0.09730644478916937,0.11360278139939158
2023-12-07,14339.990234375,nasdaq,0.3317909568386667,-0.5308262292479953,0.0,0.0,0.1490866234531526,0.11360278139939158
2023-12-08,14403.9697265625,nasdaq,0.07707139058733913,-0.08795753295132501,0.0,0.0,0.1490866234531526,0.11360278139939158
2023-12-11,14432.490234375,nasdaq,-0.1387102163985258,-0.2853774622188841,0.0,0.0,0.09730644478916937,0.11360278139939158
2023-12-12,14533.400390625,nasdaq,0.14496472981804823,0.1000929834608893,0.0,0.0,0.1490866234531526,0.11360278139939158
2023-12-13,14733.9599609375,nasdaq,0.2837140349164548,0.339741694107401,0.0,0.0,0.1490866234531526,0.11360278139939158
2023-12-14,14761.5595703125,nasdaq,-0.6965397940464021,-0.4746511336129856,0.0,0.0,0.09730644478916937,0.11360278139939158
2023-12-15,14813.919921875,nasdaq,0.15904827607218197,-0.5414457179411438,0.0,0.0,0.1490866234531526,0.11360278139939158
2023-12-18,14904.8095703125,nasdaq,-0.3160501600344774,0.3430252669517478,0.0,0.0,0.09730644478916937,0.11360278139939158
2023-12-19,15003.2197265625,nasdaq,0.3520954380814262,-0.12080141743448299,0.0,0.0,0.1490866234531526,0.11360278139939158
2023-12-20,14777.9404296875,nasdaq,0.20816706031546534,-0.03694872043101331,0.0,0.0,0.1490866234531526,0.11360278139939158
2023-12-21,14963.8701171875,nasdaq,0.16039706056057126,-0.37485128846205396,0.0,0.0,0.1490866234531526,0.11360278139939158
2023-12-22,14992.9697265625,nasdaq,-0.1870806146961681,-0.3066321833459746,0.0,0.0,0.09730644478916937,0.11360278139939158
2023-12-26,15074.5703125,nasdaq,-0.1318098223590392,0.015261017554092203,0.0,0.0,0.09730644478916937,0.11360278139939158
2023-12-27,15099.1796875,nasdaq,0.5599147294039399,-0.14164435313595442,0.0,0.0,0.1490866234531526,0.11360278139939158
2023-12-28,15095.1396484375,nasdaq,-0.4767698768953899,-0.2228408115467524,0.0,0.0,0.09730644478916937,0.11360278139939158
2023-12-29,15011.349609375,nasdaq,1.1140751335224752,-0.4130239176033047,0.0,0.0,0.1490866234531526,0.11360278139939158
2024-01-02,14765.9404296875,nasdaq,-0.11949336553926071,-0.3042399908618873,0.0,0.0,0.09730644478916937,0.11360278139939158
2024-01-03,14592.2099609375,nasdaq,-0.04348572701166425,-0.14442559299532964,0.0,0.0,0.09730644478916937,0.11360278139939158
2024-01-04,14510.2998046875,nasdaq,-0.19842978603419054,-0.021710382482061405,0.0,0.0,0.09730644478916937,0.11360278139939158
2024-01-05,14524.0703125,nasdaq,1.1544562277954773,0.8108815177234315,0.0,0.0,0.1490866234531526,0.11360278139939158
2024-01-08,14843.76953125,nasdaq,1.27635056206211,-0.74142087791671,0.0,0.0,0.1490866234531526,0.11360278139939158
2024-01-09,14857.7099609375,nasdaq,-0.47206883952558465,-0.20943225583486355,0.0,0.0,0.09730644478916937,0.11360278139939158
2024-01-10,14969.650390625,nasdaq,0.8768145607126787,-0.26884756142761196,0.0,0.0,0.1490866234531526,0.11360278139939158
2024-01-11,14970.1904296875,nasdaq,0.3712056754578661,0.03393405157125268,0.0,0.0,0.1490866234531526,0.11360278139939158
2024-01-12,14972.759765625,nasdaq,0.03925598125886932,0.05371564700417914,0.0,0.0,0.1490866234531526,0.11360278139939158
2024-01-16,14944.349609375,nasdaq,1.1726039216846857,-0.32106648979605934,0.0,0.0,0.1490866234531526,0.11360278139939158
2024-01-17,14855.6201171875,nasdaq,1.2301129258904981,0.1843466407180049,0.0,0.0,0.1490866234531526,0.11360278139939158
2024-01-18,15055.650390625,nasdaq,-0.9272207337658415,-0.14152268761250655,0.0,0.0,0.09730644478916937,0.11360278139939158
2024-01-19,15310.9697265625,nasdaq,-0.15527476975598797,1.3840609630593173,0.0,0.0,0.09730644478916937,0.11360278139939158
2024-01-22,15360.2900390625,nasdaq,-0.12286629412764596,0.11852950655048826,0.0,0.0,0.09730644478916937,0.11360278139939158
2024-01-23,15425.9404296875,nasdaq,-0.21821918215917785,-0.6071947927917978,0.0,0.0,0.09730644478916937,0.11360278139939158
2024-01-24,15481.919921875,nasdaq,0.32842655463197723,0.19962600127023386,0.0,0.0,0.1490866234531526,0.11360278139939158
2024-01-25,15510.5,nasdaq,-0.16303345315744247,0.013995689458811026,0.0,0.0,0.09730644478916937,0.11360278139939158
2024-01-26,15455.3603515625,nasdaq,0.3362936299255514,-0.013696870897597906,0.0,0.0,0.1490866234531526,0.11360278139939158
2024-01-29,15628.0400390625,nasdaq,-0.19148538865306172,0.34393630533878516,0.0,0.0,0.09730644478916937,0.11360278139939158
2024-01-30,15509.900390625,nasdaq,0.8010271243339608,-0.24452165280718471,0.0,0.0,0.1490866234531526,0.11360278139939158
2024-01-31,15164.009765625,nasdaq,-1.4513003855994944,1.0097919194886134,0.0,0.0,0.09730644478916937,0.11360278139939158
2024-02-01,15361.6396484375,nasdaq,0.9529212216032142,0.7613468379594224,0.0,0.0,0.1490866234531526,0.11360278139939158
2024-02-02,15628.9501953125,nasdaq,0.4849548024420701,-1.4698593717938502,0.0,0.0,0.1490866234531526,0.11360278139939158
2024-02-05,15597.6796875,nasdaq,0.05928884469327008,-0.8110945688060776,0.0,0.0,0.1490866234531526,0.11360278139939158
2024-02-06,15609.0,nasdaq,0.14933795838636754,-0.8074452761681169,0.0,0.0,0.1490866234531526,0.11360278139939158
2024-02-07,15756.6396484375,nasdaq,-0.16967258057216592,-0.15649410373921355,0.0,0.0,0.09730644478916937,0.11360278139939158
2024-02-08,15793.7099609375,nasdaq,0.5940355156431303,0.14337669520528495,0.0,0.0,0.1490866234531526,0.11360278139939158
2024-02-09,15990.66015625,nasdaq,0.3435691688799298,0.26457750333309565,0.0,0.0,0.1490866234531526,0.11360278139939158
2024-02-12,15942.5498046875,nasdaq,-1.0924065535936018,0.005064893943663858,0.0,0.0,0.09730644478916937,0.11360278139939158
2024-02-13,15655.599609375,nasdaq,-0.8648073330000166,-0.5480469579665832,0.0,0.0,0.09730644478916937,0.11360278139939158
2024-02-14,15859.150390625,nasdaq,0.11971134144072593,0.25254166872380857,0.0,0.0,0.1490866234531526,0.11360278139939158
2024-02-15,15906.169921875,nasdaq,0.23984023749793512,-0.9068934757984068,0.0,0.0,0.1490866234531526,0.11360278139939158
2024-02-16,15775.650390625,nasdaq,-0.007696467038556585,0.22266217713957656,0.0,0.0,0.09730644478916937,0.11360278139939158
2024-02-20,15630.7802734375,nasdaq,0.22536687077358147,-0.22072218479486955,0.0,0.0,0.1490866234531526,0.11360278139939158
2024-02-21,15580.8701171875,nasdaq,-0.31924927914416673,0.048955042865583526,0.0,0.0,0.09730644478916937,0.11360278139939158
2024-02-22,16041.6201171875,nasdaq,-0.037426694837462963,-0.7229130691239742,0.0,0.0,0.09730644478916937,0.11360278139939158
2024-02-23,15996.8203125,nasdaq,-0.3179668898151724,-0.18117668563323652,0.0,0.0,0.09730644478916937,0.11360278139939158
2024-02-26,15976.25,nasdaq,0.6963492613906079,1.9562961539628125,0.0,0.0,0.1490866234531526,0.11360278139939158
2024-02-27,16035.2998046875,nasdaq,0.5508587745457053,-0.011202009973567958,0.0,0.0,0.1490866234531526,0.11360278139939158
2024-02-28,15947.740234375,nasdaq,0.489539203817949,-0.02903799070017011,0.0,0.0,0.1490866234531526,0.11360278139939158
2024-02-29,16091.919921875,nasdaq,-0.4883169149301913,-0.44897044866514585,0.0,0.0,0.09730644478916937,0.11360278139939158
2024-03-01,16274.9404296875,nasdaq,-0.528418819140033,0.1303693723623327,0.0,0.0,0.09730644478916937,0.11360278139939158
2024-03-04,16207.509765625,nasdaq,-0.6758345390504703,-0.011546377862712577,0.0,0.0,0.09730644478916937,0.11360278139939158
2024-03-05,15939.58984375,nasdaq,1.7679943174080497,-0.05978922796330706,0.0,0.0,0.1490866234531526,0.11360278139939158
2024-03-06,16031.5400390625,nasdaq,0.31950677093821733,-0.3434768585453239,0.0,0.0,0.1490866234531526,0.11360278139939158
2024-03-07,16273.3798828125,nasdaq,0.28575746868561136,-0.3117059745659942,0.0,0.0,0.1490866234531526,0.11360278139939158
2024-03-08,16085.1103515625,nasdaq,-0.7157407964391103,0.19318363277793224,0.0,0.0,0.09730644478916937,0.11360278139939158
2024-03-11,16019.26953125,nasdaq,-1.7581969024562134,2.7176340072430434,0.0,0.0,0.09730644478916937,0.11360278139939158
2024-03-12,16265.6396484375,nasdaq,2.263488986340946,0.497755696212092,0.0,0.0,0.1490866234531526,0.11360278139939158
2024-03-13,16177.76953125,nasdaq,-1.8521725357541794,0.10838061254457981,0.0,0.0,0.09730644478916937,0.11360278139939158
2024-03-14,16128.5302734375,nasdaq,0.08362188957241219,-0.499686778266177,0.0,0.0,0.1490866234531526,0.11360278139939158
2024-03-15,15973.169921875,nasdaq,0.5008709889471584,-0.21576397950130033,0.0,0.0,0.1490866234531526,0.11360278139939158
2024-03-18,16103.4501953125,nasdaq,1.6597862782881947,-0.40957350753819116,0.0,0.0,0.1490866234531526,0.11360278139939158
2024-03-19,16166.7900390625,nasdaq,-0.39375017413458646,0.010426597023571748,0.0,0.0,0.09730644478916937,0.11360278139939158
2024-03-20,16369.41015625,nasdaq,3.6482188239320235,-0.11696528818939331,0.0,0.0,0.1490866234531526,0.11360278139939158
2024-03-21,16401.83984375,nasdaq,1.0277476958880163,-0.33612565629816366,0.0,0.0,0.1490866234531526,0.11360278139939158
2024-03-22,16428.8203125,nasdaq,0.3598882221785774,0.15170214222550912,0.0,0.0,0.1490866234531526,0.11360278139939158
2024-03-25,16384.470703125,nasdaq,0.39243220744991814,-0.007546983349859684,0.0,0.0,0.1490866234531526,0.11360278139939158
2024-03-26,16315.7001953125,nasdaq,-0.43390708148559176,-0.27762261259811716,0.0,0.0,0.09730644478916937,0.11360278139939158
2024-03-27,16399.51953125,nasdaq,-0.11364424344332251,-0.7727787622485038,0.0,0.0,0.09730644478916937,0.11360278139939158
2024-03-28,16379.4599609375,nasdaq,-1.612736482362575,0.4008543506407681,0.0,0.0,0.09730644478916937,0.11360278139939158
2024-04-01,16396.830078125,nasdaq,-1.019720759450832,-0.2062600367830623,0.0,0.0,0.09730644478916937,0.11360278139939158
2024-04-02,16240.4501953125,nasdaq,-0.6845061575130713,-0.1721618628097715,0.0,0.0,0.09730644478916937,0.11360278139939158
2024-04-03,16277.4599609375,nasdaq,-1.367854110303103,0.3659611443914517,0.0,0.0,0.09730644478916937,0.11360278139939158
2024-04-04,16049.080078125,nasdaq,-1.14617690483048,3.031346173712719,0.0,0.0,0.09730644478916937,0.11360278139939158
2024-04-05,16248.51953125,nasdaq,0.5166582270314914,-0.20214950492560899,0.0,0.0,0.1490866234531526,0.11360278139939158
2024-04-08,16253.9599609375,nasdaq,0.5610256238304503,-0.052213050110524364,0.0,0.0,0.1490866234531526,0.11360278139939158
2024-04-09,16306.6396484375,nasdaq,-0.5572628417538152,1.1371515884858123,0.0,0.0,0.09730644478916937,0.11360278139939158
2024-04-10,16170.3603515625,nasdaq,-0.832449631595228,0.008808626325562039,0.0,0.0,0.09730644478916937,0.11360278139939158
2024-04-11,16442.19921875,nasdaq,1.2547178085779305,0.880228157501495,0.0,0.0,0.1490866234531526,0.11360278139939158
2024-04-12,16175.08984375,nasdaq,0.09228248770218779,-0.030756959904541154,0.0,0.0,0.1490866234531526,0.11360278139939158
2024-04-15,15885.01953125,nasdaq,0.17733848406953118,0.18650975277275597,0.0,0.0,0.1490866234531526,0.11360278139939158
2024-04-16,15865.25,nasdaq,-0.05448355345490503,-0.21107502082361532,0.0,0.0,0.09730644478916937,0.11360278139939158
2024-04-17,15683.3701171875,nasdaq,0.11210368133524985,-0.5838073037268517,0.0,0.0,0.1490866234531526,0.11360278139939158
2024-04-18,15601.5,nasdaq,-0.27583741545257806,-1.0353275053193973,0.0,0.0,0.09730644478916937,0.11360278139939158
2024-04-19,15282.009765625,nasdaq,-0.6741600720691624,-1.7978913939331929,0.0,0.0,0.09730644478916937,0.11360278139939158
2024-04-22,15451.3095703125,nasdaq,-0.938551252207361,0.9011890862798201,0.0,0.0,0.09730644478916937,0.11360278139939158
2024-04-23,15696.6396484375,nasdaq,0.44078268857867864,1.4779511169300108,0.0,0.0,0.1490866234531526,0.11360278139939158
2024-04-24,15712.75,nasdaq,-0.4033794243693201,-0.6116107241826395,0.0,0.0,0.09730644478916937,0.11360278139939158
2024-04-25,15611.759765625,nasdaq,-0.043407928155714155,-0.7897822963229375,0.0,0.0,0.09730644478916937,0.11360278139939158
2024-04-26,15927.900390625,nasdaq,-0.07028050697723667,-0.6888274152097027,0.0,0.0,0.09730644478916937,0.11360278139939158
2024-04-29,15983.080078125,nasdaq,1.1029529891813405,-0.16712692623357425,0.0,0.0,0.1490866234531526,0.11360278139939158
2024-04-30,15657.8203125,nasdaq,-0.5427803124571753,3.4342228850078023,0.0,0.0,0.09730644478916937,0.11360278139939158
2024-05-01,15605.48046875,nasdaq,-0.08444453211025932,1.249788782793437,0.0,0.0,0.09730644478916937,0.11360278139939158
2024-05-02,15840.9599609375,nasdaq,0.038893570759161104,0.26710935369743516,0.0,0.0,0.1490866234531526,0.11360278139939158
2024-05-03,16156.330078125,nasdaq,-0.26766336782952405,-0.9976063158774443,0.0,0.0,0.09730644478916937,0.11360278139939158
2024-05-06,16349.25,nasdaq,0.036505066740235806,0.2505237986744519,0.0,0.0,0.1490866234531526,0.11360278139939158
2024-05-07,16332.5595703125,nasdaq,-0.9939127601022627,-0.5114128382211873,0.0,0.0,0.09730644478916937,0.11360278139939158
2024-05-08,16302.759765625,nasdaq,-0.034282587177632606,-1.1795346172953864,0.0,0.0,0.09730644478916937,0.11360278139939158
2024-05-09,16346.259765625,nasdaq,-0.29138093884900884,0.039561952604961384,0.0,0.0,0.09730644478916937,0.11360278139939158
2024-05-10,16340.8701171875,nasdaq,-0.4795830824213092,0.008617912860922818,0.0,0.0,0.09730644478916937,0.11360278139939158
2024-05-13,16388.240234375,nasdaq,-0.7692587896603348,-0.28358569663917715,0.0,0.0,0.09730644478916937,0.11360278139939158
2024-05-14,16511.1796875,nasdaq,1.2795299536242792,0.06591276271071539,0.0,0.0,0.1490866234531526,0.11360278139939158
2024-05-15,16742.390625,nasdaq,-0.7469916478107876,0.0816004749375108,0.0,0.0,0.09730644478916937,0.11360278139939158
2024-05-16,16698.3203125,nasdaq,0.20867434690019185,0.18545905462977744,0.0,0.0,0.1490866234531526,0.11360278139939158
2024-05-17,16685.970703125,nasdaq,-0.9116132991209507,-0.22277510325043196,0.0,0.0,0.09730644478916937,0.11360278139939158
2024-05-20,16794.869140625,nasdaq,1.0575983826510347,-0.5533381713120628,0.0,0.0,0.1490866234531526,0.11360278139939158
2024-05-21,16832.619140625,nasdaq,0.03890185195396012,0.14299144687093,0.0,0.0,0.1490866234531526,0.11360278139939158
2024-05-22,16801.5390625,nasdaq,1.2883425640328234,-0.25105054912600855,0.0,0.0,0.1490866234531526,0.11360278139939158
2024-05-23,16736.029296875,nasdaq,-0.46910957115890106,0.12196716330039982,0.0,0.0,0.09730644478916937,0.11360278139939158
2024-05-24,16920.7890625,nasdaq,-0.5195233710244817,-0.04376469687915152,0.0,0.0,0.09730644478916937,0.11360278139939158
2024-05-28,17019.880859375,nasdaq,0.13589263564008774,-0.3931910216800064,0.0096593413722184,0.0,0.1490866234531526,0.11360278139939158
2024-05-29,16920.580078125,nasdaq,-0.24066848885893305,0.01645362378647655,0.014774836023203364,0.0,0.09730644478916937,0.11360278139939158
2024-05-30,16737.080078125,nasdaq,0.12252206129681197,-0.029967299534131957,0.022374579372062057,0.0,0.1490866234531526,0.11360278139939158
2024-05-31,16735.01953125,nasdaq,0.09458460794437491,0.1661840830500376,0.033546262790251184,0.0,0.1490866234531526,0.11360278139939158
2024-06-03,16828.669921875,nasdaq,0.05731329022184195,-0.7957936998604156,0.10647662366679204,0.0,0.1490866234531526,0.11360278139939158
2024-06-04,16857.05078125,nasdaq,0.07461557234194557,1.2706306690463671,0.1533810679324463,0.0,0.1490866234531526,0.11360278139939158
2024-06-05,17187.900390625,nasdaq,0.3193986265908092,1.6122493152434605,0.21874911181828852,0.0,0.1490866234531526,0.11360278139939158
2024-06-06,17173.119140625,nasdaq,0.36743471760479013,-0.6788945668916516,0.30887154082367685,0.0,0.1490866234531526,0.11360278139939158
2024-06-07,17133.130859375,nasdaq,0.5250134901480454,0.005037535277718735,0.4317840007633078,0.0,0.1490866234531526,0.11360278139939158
2024-06-10,17192.529296875,nasdaq,1.0766344452620897,0.06379249330541516,1.1108996538242306,0.0,0.1490866234531526,0.11360278139939158
2024-06-11,17343.55078125,nasdaq,1.620740093473178,0.1411408669759423,1.4920786069067842,0.0,0.1490866234531526,0.11360278139939158
2024-06-12,17608.439453125,nasdaq,1.7894363535478097,0.23659160725652795,1.9841094744370287,0.0,0.1490866234531526,0.11360278139939158
2024-06-13,17667.560546875,nasdaq,2.4585633066935744,0.4515290121322558,2.6121409853918234,0.0,0.1490866234531526,0.11360278139939158
2024-06-14,17688.880859375,nasdaq,3.4956820124241523,0.4349345420248901,3.4047454734599345,0.0,0.1490866234531526,0.11360278139939158
2024-06-17,17857.01953125,nasdaq,7.09779488373845,0.712450541657197,7.100535373963698,0.0,0.1490866234531526,0.11360278139939158
2024-06-18,17862.23046875,nasdaq,8.781547094768184,0.2607928175236237,8.892161745938635,0.0,0.1490866234531526,0.11360278139939158
2024-06-20,17721.58984375,nasdaq,13.608108389453465,-0.3157476847274648,13.53352832366127,0.0,0.1490866234531526,0.11360278139939158
2024-06-21,17689.359375,nasdaq,16.22527748012004,0.27869089107650036,16.44744565771549,0.0,0.1490866234531526,0.11360278139939158
2024-06-24,17496.8203125,nasdaq,27.357015510238483,0.06340073750805456,27.803730045319412,0.006252150377482026,0.1490866234531526,0.11360278139939158
2024-06-25,17717.650390625,nasdaq,32.642411790305005,-0.016782185657811043,32.465246735834974,0.0096593413722184,0.1490866234531526,0.11360278139939158
2024-06-26,17805.16015625,nasdaq,37.722836344882786,-0.07135940083140088,37.531109885139955,0.014774836023203364,0.15223880597014924,0.11360278139939158
2024-06-27,17858.6796875,nasdaq,42.87604686023089,-0.04588164965905346,42.955735821073915,0.022374579372062057,0.15223880597014924,0.11360278139939158
2024-06-28,17732.599609375,nasdaq,48.507724744132936,0.07804845396273552,48.67522559599717,0.033546262790251184,0.22981366459627328,0.11360278139939158
2024-07-01,17879.30078125,nasdaq,66.65179993205142,0.000634168230389862,66.69768108584744,0.10647662366679204,0.2352941176470588,0.11360278139939158
2024-07-02,18028.759765625,nasdaq,72.47651142095792,0.05806261577545177,72.6149037073691,0.1533810679324463,0.2352941176470588,0.11360278139939158
2024-07-03,18188.30078125,nasdaq,78.3885417194703,0.2820445959270175,78.27045382418682,0.21874911181828852,0.5285714285714286,0.11360278139939158
2024-07-05,18352.759765625,nasdaq,88.22338386748373,0.1903347571976498,88.24969025845955,0.4317840007633078,0.5285714285714286,0.11360278139939158
2024-07-08,18403.740234375,nasdaq,98.35649366472315,0.9818247468922381,98.01986733067552,1.1108996538242306,0.5285714285714286,0.11360278139939158
2024-07-09,18429.2890625,nasdaq,99.34751463572444,1.2450223725052723,99.50124791926824,1.4920786069067842,0.5285714285714286,0.11360278139939158
2024-07-10,18647.44921875,nasdaq,99.67305496959234,1.9376620275721832,100.0,1.9841094744370287,0.5285714285714286,0.11360278139939158
2024-07-11,18283.41015625,nasdaq,4.289044112164358,2.271606052592385,0.0,2.6121409853918234,0.1490866234531526,0.11360278139939158
2024-07-12,18398.44921875,nasdaq,3.008198531486879,3.5716455192979337,0.0,3.4047454734599345,0.1490866234531526,0.11360278139939158
2024-07-15,18472.5703125,nasdaq,5.989807584691674,6.773837732594591,0.0,7.100535373963698,0.1490866234531526,0.11360278139939158
2024-07-16,18509.33984375,nasdaq,0.07352497408996395,8.734765663141346,0.0,8.892161745938635,0.1490866234531526,0.11360278139939158
2024-07-17,17996.919921875,nasdaq,-1.7574261074877557,11.141623627912972,0.0,11.025052530448521,0.09730644478916937,0.11360278139939158
2024-07-18,17871.220703125,nasdaq,0.22899323839970417,13.412695024290144,0.0,13.53352832366127,0.1490866234531526,0.13095238095238096
2024-07-19,17726.939453125,nasdaq,-1.0545107180145743,16.52837195166263,0.0,16.44744565771549,0.09730644478916937,0.13095238095238096
2024-07-22,18007.5703125,nasdaq,4.436085781176009,28.114493888834854,0.0,27.803730045319412,0.1490866234531526,0.17613636363636365
2024-07-23,17997.349609375,nasdaq,-1.4992754807880115,32.54725806605289,0.0,32.465246735834974,0.09730644478916937,0.17613636363636365
2024-07-24,17342.41015625,nasdaq,-0.2625593966986968,37.31858482896618,0.0,37.531109885139955,0.09730644478916937,0.17613636363636365
2024-07-25,17181.720703125,nasdaq,-0.16813941159712523,42.68051148079838,0.0,42.955735821073915,0.09730644478916937,0.22857142857142856
2024-07-26,17357.880859375,nasdaq,-0.37978094656680955,48.81647183447509,0.0,48.67522559599717,0.09730644478916937,0.4303030303030303
2024-07-29,17370.19921875,nasdaq,0.7790792721367799,66.82681632854887,0.0,66.69768108584744,0.1490866234531526,0.4303030303030303
2024-07-30,17147.419921875,nasdaq,-0.3574500496095353,72.57956827954933,0.0,72.6149037073691,0.09730644478916937,0.4303030303030303
2024-07-31,17599.400390625,nasdaq,0.30799232447812824,78.32623379546992,0.0,78.27045382418682,0.1490866234531526,0.4303030303030303
2024-08-01,17194.150390625,nasdaq,0.0759462621778227,83.51104641301112,0.0,83.5270211411272,0.1490866234531526,0.4303030303030303
2024-08-02,16776.16015625,nasdaq,1.18196832463126,88.22829931871841,0.0,88.24969025845955,0.1490866234531526,0.4303030303030303
2024-08-05,16200.080078125,nasdaq,0.24074050200996733,97.89528464610142,0.0,98.01986733067552,0.1490866234531526,1.0
2024-08-06,16366.849609375,nasdaq,0.15781756002567482,99.3701372482966,0.0,99.50124791926824,0.1490866234531526,1.0
2024-08-07,16195.8095703125,nasdaq,0.0513032164633297,99.92773378788878,0.0,100.0,0.1490866234531526,1.0
2024-08-08,16660.01953125,nasdaq,-0.6699417218762964,1.1597226187068255,0.0,0.0,0.09730644478916937,0.11360278139939158
2024-08-09,16745.30078125,nasdaq,-0.24077353410917102,-0.7718283603959014,0.0,0.0,0.09730644478916937,0.11360278139939158
2024-08-12,16780.609375,nasdaq,0.563195635244549,-0.24930283841254652,0.0,0.0,0.1490866234531526,0.11360278139939158
2024-08-13,17187.609375,nasdaq,-0.2495108650974781,0.48845034837289875,0.0,0.0,0.09730644478916937,0.11360278139939158
2024-08-14,17192.599609375,nasdaq,-0.2024332906524235,0.48638253369608775,0.0,0.0,0.09730644478916937,0.11360278139939158
2024-08-15,17594.5,nasdaq,-0.5385696716962485,0.01890077071088787,0.0,0.0,0.09730644478916937,0.11360278139939158
2024-08-16,17631.720703125,nasdaq,0.34351255798464303,-0.47191536708340703,0.0,0.0,0.1490866234531526,0.11360278139939158
2024-08-19,17876.76953125,nasdaq,0.5879405184252883,0.505129234001821,0.0,0.0,0.1490866234531526,0.11360278139939158
2024-08-20,17816.939453125,nasdaq,-0.5371827420795569,1.4332516024936095,0.0,0.0,0.09730644478916937,0.11360278139939158
2024-08-21,17918.990234375,nasdaq,-0.3256713517563272,-1.1822048962756175,0.0,0.0,0.09730644478916937,0.11360278139939158
2024-08-22,17619.349609375,nasdaq,-1.3633210093271297,0.2922254435477226,0.0,0.0,0.09730644478916937,0.11360278139939158
2024-08-23,17877.7890625,nasdaq,-1.9293675829422123,0.4276086277281556,0.0,0.0,0.09730644478916937,0.11360278139939158
2024-08-26,17725.76953125,nasdaq,-0.017571695794986547,-0.4257025706617296,0.0,0.0,0.09730644478916937,0.11360278139939158
2024-08-27,17754.8203125,nasdaq,-0.09439662747928046,-0.7204218160735284,0.0,0.0,0.09730644478916937,0.11360278139939158
2024-08-28,17556.029296875,nasdaq,-0.9563188861985202,-0.507233818547636,0.0,0.0,0.09730644478916937,0.11360278139939158
2024-08-29,17516.4296875,nasdaq,-1.6933932129426814,-0.12860019018299051,0.0,0.0,0.09730644478916937,0.11360278139939158
2024-08-30,17713.619140625,nasdaq,0.7085790616466984,-0.3018181890434847,0.0,0.0,0.1490866234531526,0.11360278139939158
2024-09-03,17136.30078125,nasdaq,-0.8551793252801675,0.6509951125295835,0.0,0.0,0.09730644478916937,0.11360278139939158
2024-09-04,17084.30078125,nasdaq,0.06597390063911505,0.13418758363579608,0.0,0.0,0.1490866234531526,0.11360278139939158
2024-09-05,17127.66015625,nasdaq,0.3632587840300407,0.23198004860280844,0.0,0.0,0.1490866234531526,0.11360278139939158
2024-09-06,16690.830078125,nasdaq,-0.6713021706258536,0.08106901759196475,0.0,0.0,0.09730644478916937,0.11360278139939158
2024-09-09,16884.599609375,nasdaq,0.5600893870584613,-0.18965859196504115,0.0,0.0,0.1490866234531526,0.11360278139939158
2024-09-10,17025.880859375,nasdaq,0.45551405404945394,0.2664262806184514,0.0,0.0,0.1490866234531526,0.11360278139939158
2024-09-11,17395.529296875,nasdaq,0.015604076067073818,1.1825834365688426,0.0,0.0,0.1490866234531526,0.11360278139939158
2024-09-12,17569.6796875,nasdaq,0.3605396805359279,-0.5938628519944834,0.0,0.0,0.1490866234531526,0.11360278139939158
2024-09-13,17683.98046875,nasdaq,-0.9883704247050727,-0.3837157519373066,0.0,0.0,0.09730644478916937,0.11360278139939158
2024-09-16,17592.130859375,nasdaq,0.26378618793264674,0.21139147964768346,0.0,0.0,0.1490866234531526,0.11360278139939158
2024-09-17,17628.060546875,nasdaq,-0.08252567050785543,-0.15051363922976685,0.0,0.0,0.09730644478916937,0.11360278139939158
2024-09-18,17573.30078125,nasdaq,-0.3522083049201019,-0.5197386180332708,0.0,0.0,0.09730644478916937,0.11360278139939158
2024-09-19,18013.98046875,nasdaq,-0.4529605331334356,0.32786693561759933,0.0,0.0,0.09730644478916937,0.11360278139939158
2024-09-20,17948.3203125,nasdaq,-0.25053214646504396,0.19208218331141333,0.0,0.0,0.09730644478916937,0.11360278139939158
2024-09-23,17974.26953125,nasdaq,0.15301812260511716,-0.10712017609435977,0.0,0.0,0.1490866234531526,0.11360278139939158
2024-09-24,18074.51953125,nasdaq,-0.2587033960357291,-0.020680897769656745,0.0,0.0,0.09730644478916937,0.11360278139939158
2024-09-25,18082.2109375,nasdaq,0.4291435740782673,-0.08283681026627161,0.0,0.0,0.1490866234531526,0.11360278139939158
2024-09-26,18190.2890625,nasdaq,0.12392741385152467,-0.13499451915770228,0.0,0.0,0.1490866234531526,0.11360278139939158
2024-09-27,18119.58984375,nasdaq,-0.04544265180741087,0.0660400880679052,0.0,0.0,0.09730644478916937,0.11360278139939158
2024-09-30,18189.169921875,nasdaq,0.03201056036288296,0.07042765831665247,0.0,0.0,0.1490866234531526,0.11360278139939158
2024-10-01,17910.359375,nasdaq,-0.11512362258339068,-0.47094427356749946,0.0,0.0,0.09730644478916937,0.11360278139939158
2024-10-02,17925.119140625,nasdaq,1.0650798319597228,-0.36193320512944854,0.0,0.0,0.1490866234531526,0.11360278139939158
2024-10-03,17918.48046875,nasdaq,0.655442836966548,-0.811930906387581,0.0,0.0,0.1490866234531526,0.11360278139939158
2024-10-04,18137.849609375,nasdaq,-0.49448889400113544,0.026575137340461262,0.0,0.0,0.09730644478916937,0.11360278139939158
2024-10-07,17923.900390625,nasdaq,0.6664941034597626,-0.015504751538503824,0.0,0.0,0.1490866234531526,0.11360278139939158
2024-10-08,18182.919921875,nasdaq,-0.15271755000799614,1.4405785266173166,0.0,0.0,0.09730644478916937,0.11360278139939158
2024-10-09,18291.619140625,nasdaq,-0.7184920438208828,-0.49204271537726924,0.0,0.0,0.09730644478916937,0.11360278139939158
2024-10-10,18282.05078125,nasdaq,0.03212847333963494,0.4655757949410632,0.0,0.0,0.1490866234531526,0.11360278139939158
2024-10-11,18342.939453125,nasdaq,-0.18080424623894734,-0.22139746804332042,0.0,0.0,0.09730644478916937,0.11360278139939158
2024-10-14,18502.689453125,nasdaq,-0.45403187848414595,0.09618071980050441,0.0,0.0,0.09730644478916937,0.11360278139939158
2024-10-15,18315.58984375,nasdaq,0.19198327125005116,-0.6051612885377314,0.0,0.0,0.1490866234531526,0.11360278139939158
2024-10-16,18367.080078125,nasdaq,-0.13593445310708385,0.054866246589151,0.0,0.0,0.09730644478916937,0.11360278139939158
2024-10-17,18373.609375,nasdaq,0.21707030585368903,-0.3464254029766437,0.0,0.0,0.1490866234531526,0.11360278139939158
2024-10-18,18489.55078125,nasdaq,0.12483807258894772,-0.1814791407235557,0.0,0.0,0.1490866234531526,0.11360278139939158
2024-10-21,18540.009765625,nasdaq,0.1409241410799244,0.5645570122057862,0.0,0.0,0.1490866234531526,0.11360278139939158
2024-10-22,18579.76953125,nasdaq,1.197777271853934,0.2417714656517895,0.0,0.0,0.1490866234531526,0.11360278139939158
2024-10-23,18276.650390625,nasdaq,-0.10644944379637605,0.11482721850943729,0.0,0.0,0.09730644478916937,0.11360278139939158
2024-10-24,18415.490234375,nasdaq,0.061553661775188645,0.1679553471709253,0.0,0.0,0.1490866234531526,0.11360278139939158
2024-10-25,18518.609375,nasdaq,-0.7012378507357113,0.11115258440408347,0.0,0.0,0.09730644478916937,0.11360278139939158
2024-10-28,18567.189453125,nasdaq,0.4603874568672024,0.5747759044400799,0.0,0.0,0.1490866234531526,0.11360278139939158
2024-10-29,18712.75,nasdaq,-0.3578013602639809,0.8327142289738999,0.0,0.0,0.09730644478916937,0.11360278139939158
2024-10-30,18607.9296875,nasdaq,-0.19159959149225003,0.10418976891018739,0.0,0.0,0.09730644478916937,0.11360278139939158
2024-10-31,18095.150390625,nasdaq,-0.26269364464296635,-1.1974615117604008,0.0,0.0,0.09730644478916937,0.11360278139939158
2024-11-01,18239.919921875,nasdaq,0.05721656841520019,0.6600312943342661,0.004006529739295107,0.0,0.1490866234531526,0.11360278139939158
2024-11-04,18179.98046875,nasdaq,0.07172520309113369,-2.259664530149715,0.014774836023203364,0.0,0.1490866234531526,0.11360278139939158
2024-11-05,18439.169921875,nasdaq,0.19855431539018317,0.9099516510616097,0.022374579372062057,0.0,0.1490866234531526,0.11360278139939158
2024-11-06,18983.470703125,nasdaq,0.06318452758579872,0.19164961963940721,0.033546262790251184,0.0,0.1490866234531526,0.11360278139939158
2024-11-07,19269.4609375,nasdaq,0.007667317835839278,-0.3054094319065434,0.049795542150327346,0.0,0.1,0.11360278139939158
2024-11-08,19286.779296875,nasdaq,-0.37585235419672464,-0.033617317239161754,0.07318024188804728,0.0,0.09730644478916937,0.11360278139939158
2024-11-11,19298.759765625,nasdaq,0.5497166920557562,0.027793517615564256,0.21874911181828852,0.0,0.1490866234531526,0.11360278139939158
2024-11-12,19281.400390625,nasdaq,-0.1641460817505887,0.7147964055964521,0.30887154082367685,0.0,0.09730644478916937,0.11360278139939158
2024-11-13,19230.720703125,nasdaq,0.4792222733976901,0.31062766159674904,0.4317840007633078,0.0,0.1490866234531526,0.11360278139939158
2024-11-14,19107.650390625,nasdaq,0.6942258337871529,0.1481012137336217,0.5976022895005942,0.0,0.1490866234531526,0.11360278139939158
2024-11-15,18680.119140625,nasdaq,0.942434457271091,0.4337385929749694,0.8188701014374083,0.0,0.1490866234531526,0.11360278139939158
2024-11-18,18791.810546875,nasdaq,2.1759917747798063,-0.11223605510774241,1.9841094744370287,0.0,0.1490866234531526,0.11360278139939158
2024-11-19,18987.470703125,nasdaq,2.5304058853142535,0.2405042476117316,2.6121409853918234,0.0,0.1490866234531526,0.11360278139939158
2024-11-20,18966.140625,nasdaq,3.2715811407428115,0.18103275293676924,3.4047454734599345,0.0,0.1490866234531526,0.11360278139939158
2024-11-21,18972.419921875,nasdaq,4.3220214538754655,-0.23996611335710655,4.393693362340742,0.0,0.1490866234531526,0.11360278139939158
2024-11-22,19003.650390625,nasdaq,5.8272947450053,0.2734379259075397,5.613476283413372,0.0,0.1490866234531526,0.11360278139939158
2024-11-25,19054.83984375,nasdaq,10.93383965797497,0.3338813059277677,11.025052530448521,0.0,0.1490866234531526,0.11360278139939158
2024-11-26,19174.30078125,nasdaq,13.842125250157602,-0.024083113767310885,13.53352832366127,0.0,0.1490866234531526,0.11360278139939158
2024-11-27,19060.48046875,nasdaq,16.21946157944001,-0.14155450329570654,16.44744565771549,0.0,0.1490866234531526,0.11360278139939158
2024-11-29,19218.169921875,nasdaq,23.764371442340735,0.1012104991886221,23.57460765558635,0.0,0.1490866234531526,0.11360278139939158
2024-12-02,19403.94921875,nasdaq,37.61735132516526,-0.04904709010655927,37.531109885139955,0.0,0.15223880597014924,0.11360278139939158
2024-12-03,19480.91015625,nasdaq,43.32521123741761,0.4157949224191351,42.955735821073915,0.0,0.15223880597014924,0.11360278139939158
2024-12-04,19735.119140625,nasdaq,48.73079229139294,0.16625610913164318,48.67522559599717,0.0,0.22981366459627328,0.11360278139939158
2024-12-05,19700.259765625,nasdaq,53.93102131569196,0.06800006240277363,54.60744266397094,0.0,0.22981366459627328,0.11360278139939158
2024-12-06,19859.76953125,nasdaq,60.509755554060575,0.3625916101642118,60.653065971263345,0.0,0.22981366459627328,0.11360278139939158
2024-12-09,19736.689453125,nasdaq,77.88195798393144,0.0022313973933115894,78.27045382418682,0.0,0.5285714285714286,0.11360278139939158
2024-12-10,19687.240234375,nasdaq,83.56416281874544,0.5884671565214186,83.5270211411272,0.0,0.5285714285714286,0.11360278139939158
2024-12-11,20034.890625,nasdaq,88.21980007697812,-0.06994356796085242,88.24969025845955,0.0,0.5285714285714286,0.11360278139939158
2024-12-12,19902.83984375,nasdaq,92.34433249212442,-0.11923138458951027,92.31163463866358,0.0,0.5285714285714286,0.11360278139939158
2024-12-13,19926.720703125,nasdaq,95.7202937964603,0.41939042071164917,95.59974818331,0.0,0.5285714285714286,0.11360278139939158
2024-12-16,20173.890625,nasdaq,99.79125789347715,-0.1773188819264592,100.0,0.0,0.5285714285714286,0.11360278139939158
2024-12-17,20109.060546875,nasdaq,6.240092776684601,-0.42682581617467186,0.0,0.0,0.1490866234531526,0.11360278139939158
2024-12-18,19392.689453125,nasdaq,-2.034484699909367,-2.4559609911240146,0.0,0.0,0.09730644478916937,0.11360278139939158
2024-12-19,19372.76953125,nasdaq,-0.3000235493935041,0.6259499387192563,0.0,0.0,0.09730644478916937,0.11360278139939158
2024-12-20,19572.599609375,nasdaq,0.8608826821546439,0.1322890231497693,0.0,0.0,0.1490866234531526,0.11360278139939158
2024-12-23,19764.880859375,nasdaq,-1.4039574665578898,0.16844193168131377,0.0,0.0,0.09730644478916937,0.11360278139939158
2024-12-24,20031.130859375,nasdaq,0.8129008468651185,-0.031092145633507633,0.0,0.0,0.1490866234531526,0.11360278139939158
2024-12-26,20020.359375,nasdaq,-0.27265775559720895,0.1876597641806289,0.0,0.0,0.09730644478916937,0.11360278139939158
2024-12-27,19722.029296875,nasdaq,-0.0885242728111732,-0.05762733119735063,0.0,0.0,0.09730644478916937,0.11360278139939158
2024-12-30,19486.7890625,nasdaq,0.03905867246030456,-0.3345714051803772,0.0,0.0,0.1490866234531526,0.11360278139939158
2024-12-31,19310.7890625,nasdaq,0.35010812903345356,-0.37354804637489597,0.0,0.0,0.1490866234531526,0.11360278139939158
2025-01-02,19280.7890625,nasdaq,-0.17593551361541557,-0.13125309122275472,0.0,0.0,0.09730644478916937,0.11360278139939158
2025-01-03,19621.6796875,nasdaq,0.32959619356524605,-0.13899980291400243,0.0,0.0,0.1490866234531526,0.11360278139939158
2025-01-06,19864.98046875,nasdaq,-0.10775390821864901,0.24374400300724816,0.0,0.0,0.09730644478916937,0.11360278139939158
2025-01-07,19489.6796875,nasdaq,0.5649258593128039,-0.24033244282758917,0.0,0.0,0.1490866234531526,0.11360278139939158
2025-01-08,19478.880859375,nasdaq,0.430387959192261,-1.0675331996729953,0.0,0.0,0.1490866234531526,0.11360278139939158
2025-01-10,19161.630859375,nasdaq,-0.17998926099411974,-0.8710103560780504,0.0,0.0,0.09730644478916937,0.11360278139939158
2025-01-13,19088.099609375,nasdaq,0.005495501380824222,0.6884295311467407,0.0,0.0,0.09730644478916937,0.11360278139939158
2025-01-14,19044.390625,nasdaq,-1.4139690680399648,0.48699797077152673,0.0,0.0,0.09730644478916937,0.11360278139939158
2025-01-15,19511.23046875,nasdaq,0.1697945484744149,-0.4869616970150806,0.0,0.0,0.1490866234531526,0.11360278139939158
2025-01-16,19338.2890625,nasdaq,-0.4391265592906201,-0.6004253440153561,0.0,0.0,0.09730644478916937,0.11360278139939158
2025-01-17,19630.19921875,nasdaq,0.5405402812446922,1.29738099092357,0.0,0.0,0.1490866234531526,0.11360278139939158
2025-01-21,19756.779296875,nasdaq,-0.010157099467158485,0.7874106037458599,0.0,0.0,0.09730644478916937,0.11360278139939158
2025-01-22,20009.33984375,nasdaq,-0.34036876544840544,0.45064169632799667,0.0,0.0,0.09730644478916937,0.11360278139939158
2025-01-23,20053.6796875,nasdaq,-0.680409274199688,-0.02244235170308198,0.0,0.0,0.09730644478916937,0.11360278139939158
2025-01-24,19954.30078125,nasdaq,0.9539650568226063,-1.228475745299664,0.0,0.0,0.1490866234531526,0.11360278139939158
2025-01-27,19341.830078125,nasdaq,1.2081923935549415,-0.5077733226716993,0.0,0.0,0.1490866234531526,0.11360278139939158
2025-01-28,19733.58984375,nasdaq,0.8846334335849058,-0.5855328664773761,0.0,0.0,0.1490866234531526,0.11360278139939158
2025-01-29,19632.3203125,nasdaq,-0.22521573544337503,1.1999522850377675,0.0,0.0,0.09730644478916937,0.11360278139939158
2025-01-30,19681.75,nasdaq,-0.9247344453487031,-0.121614115093024,0.0,0.0,0.09730644478916937,0.11360278139939158
2025-01-31,19627.439453125,nasdaq,0.48431098938851164,-0.4234705021882229,0.0,0.0,0.1490866234531526,0.11360278139939158
2025-02-03,19391.9609375,nasdaq,-0.26234831902470135,3.7365789699341274,0.0,0.0,0.09730644478916937,0.11360278139939158
2025-02-04,19654.01953125,nasdaq,-0.32164471235652947,-0.1610149636853497,0.0,0.0,0.09730644478916937,0.11360278139939158
2025-02-05,19692.330078125,nasdaq,1.4965808877879814,-0.3789131021661877,0.0,0.0,0.1490866234531526,0.11360278139939158
2025-02-06,19791.990234375,nasdaq,0.4116637999804882,-0.5078276860444277,0.0,0.0,0.1490866234531526,0.11360278139939158
2025-02-07,19523.400390625,nasdaq,0.548374117030495,0.08999741426228144,0.0,0.0,0.1490866234531526,0.11360278139939158
2025-02-10,19714.26953125,nasdaq,0.42418252933753836,-0.2619758541041337,0.0,0.0,0.1490866234531526,0.11360278139939158
2025-02-11,19643.859375,nasdaq,1.3489985238280784,-0.3890709227837129,0.0,0.0,0.1490866234531526,0.11360278139939158
2025-02-12,19649.94921875,nasdaq,-0.34749331387505483,0.2047686878334492,0.0,0.0,0.09730644478916937,0.11360278139939158
2025-02-13,19945.640625,nasdaq,0.03714475966619048,0.29463486878511636,0.0,0.0,0.1490866234531526,0.11360278139939158
2025-02-14,20026.76953125,nasdaq,2.6355786611814955,-0.44976855952959127,0.0,0.0,0.1490866234531526,0.11360278139939158
2025-02-18,20041.259765625,nasdaq,1.249713176877214,-0.11090984337438432,0.0,0.0,0.1490866234531526,0.11360278139939158
2025-02-19,20056.25,nasdaq,-0.8753551435644277,-0.06641712787176203,0.0,0.0,0.09730644478916937,0.11360278139939158
2025-02-20,19962.359375,nasdaq,0.08058740770508217,-0.09982712432042005,0.0,0.0,0.1490866234531526,0.11360278139939158
2025-02-21,19524.009765625,nasdaq,-0.06655065361659515,-0.02771441392317137,0.0,0.0,0.09730644478916937,0.11360278139939158
2025-02-24,19286.9296875,nasdaq,-0.17506154519999476,-0.30998734723639104,0.0,0.0096593413722184,0.09730644478916937,0.11360278139939158
2025-02-25,19026.390625,nasdaq,-0.17671176571284017,0.1023505506756303,0.0,0.014774836023203364,0.09730644478916937,0.11360278139939158
2025-02-26,19075.259765625,nasdaq,0.43577463335013683,-0.06473073320197233,0.0,0.022374579372062057,0.1490866234531526,0.11360278139939158
2025-02-27,18544.419921875,nasdaq,0.26869310852407124,0.22387588114879714,0.0,0.033546262790251184,0.1490866234531526,0.11360278139939158
2025-02-28,18847.279296875,nasdaq,0.31393521851254036,0.09070913843987162,0.0,0.049795542150327346,0.1490866234531526,0.11360278139939158
2025-03-03,18350.189453125,nasdaq,-0.5527233593225687,0.0243758139221355,0.0,0.1533810679324463,0.09730644478916937,0.11360278139939158
2025-03-04,18285.16015625,nasdaq,0.033779606366315496,0.05372753180490148,0.0,0.21874911181828852,0.1490866234531526,0.11360278139939158
2025-03-05,18552.73046875,nasdaq,-0.11253078606277628,0.4653016833513102,0.0,0.30887154082367685,0.09730644478916937,0.11360278139939158
2025-03-06,18069.259765625,nasdaq,0.5761385213343762,0.36157442940682977,0.0,0.4317840007633078,0.1490866234531526,0.11360278139939158
2025-03-07,18196.220703125,nasdaq,-0.4749370784039447,0.513198698874692,0.0,0.5976022895005942,0.09730644478916937,0.11360278139939158
2025-03-10,17468.3203125,nasdaq,0.1429956554694671,1.371029386298749,0.0,1.4920786069067842,0.1490866234531526,0.11360278139939158
2025-03-11,17436.099609375,nasdaq,0.0832954621441567,2.115328080752903,0.0,1.9841094744370287,0.1490866234531526,0.11360278139939158
2025-03-12,17648.44921875,nasdaq,0.1997541783522372,2.4209672130607283,0.0,2.6121409853918234,0.1490866234531526,0.11360278139939158
2025-03-13,17303.009765625,nasdaq,0.2911542674126874,3.6088565882742323,0.0,3.4047454734599345,0.1490866234531526,0.11360278139939158
2025-03-14,17754.08984375,nasdaq,0.11387162351482429,4.552516778697802,0.0,4.393693362340742,0.1490866234531526,0.11360278139939158
2025-03-17,17808.66015625,nasdaq,0.18447242766158367,8.890287849760139,0.0,8.892161745938635,0.1490866234531526,0.11360278139939158
2025-03-18,17504.119140625,nasdaq,0.8083033375509698,11.324085057103291,0.0,11.025052530448521,0.1490866234531526,0.11360278139939158
2025-03-19,17750.7890625,nasdaq,-0.5286518460659402,13.409716727933747,0.0,13.53352832366127,0.09730644478916937,0.13095238095238096
2025-03-20,17691.630859375,nasdaq,0.14683038004467344,16.79243627950982,0.0,16.44744565771549,0.1490866234531526,0.13095238095238096
2025-03-21,17784.05078125,nasdaq,0.39882910769524343,19.68173356200822,0.0,19.789869908361464,0.1490866234531526,0.13095238095238096
2025-03-24,18188.58984375,nasdaq,0.4628748970733425,32.55180436891347,0.0,32.465246735834974,0.1490866234531526,0.17613636363636365
2025-03-25,18271.859375,nasdaq,-0.7122228406639229,37.44230706203025,0.0,37.531109885139955,0.09730644478916937,0.17613636363636365
2025-03-26,17899.01953125,nasdaq,0.7995215286315648,42.966707234493015,0.0,42.955735821073915,0.1490866234531526,0.22857142857142856
2025-03-27,17804.029296875,nasdaq,0.25941737403263687,48.58786678292376,0.0,48.67522559599717,0.1490866234531526,0.4303030303030303
2025-03-28,17322.990234375,nasdaq,-0.6443895659198041,54.40048476900795,0.0,54.60744266397094,0.09730644478916937,0.4303030303030303
2025-03-31,17299.2890625,nasdaq,0.2499183273266053,72.49555456168102,0.0,72.6149037073691,0.1490866234531526,0.4303030303030303
2025-04-01,17449.890625,nasdaq,-1.2940010800113944,78.29846772571946,0.0,78.27045382418682,0.09730644478916937,0.4303030303030303
2025-04-02,17601.05078125,nasdaq,-0.8451280759719565,83.45067849465333,0.0,83.5270211411272,0.09730644478916937,0.4303030303030303
2025-04-03,16550.609375,nasdaq,-0.3552194599149154,88.15566649162534,0.0,88.24969025845955,0.09730644478916937,0.4303030303030303
2025-04-04,15587.7900390625,nasdaq,0.28769300260809005,92.22383541042332,0.0,92.31163463866358,0.1490866234531526,1.0
2025-04-07,15603.259765625,nasdaq,-0.11055446784699899,99.5888712503447,0.0,99.50124791926824,0.09730644478916937,1.0
2025-04-08,15267.91015625,nasdaq,-0.2703012707456879,100.00622162459749,0.0,100.0,0.09730644478916937,1.0
2025-04-09,17124.970703125,nasdaq,0.1998399437764719,2.4033117947909375,0.0,0.0,0.1490866234531526,0.11360278139939158
2025-04-10,16387.310546875,nasdaq,-0.4034403361290608,-1.3920576373295017,0.0,0.0,0.09730644478916937,0.11360278139939158
2025-04-11,16724.4609375,nasdaq,-0.3312763102114415,-1.342245716831667,0.0,0.0,0.09730644478916937,0.11360278139939158
2025-04-14,16831.48046875,nasdaq,0.18076561851853268,0.17463362276811845,0.0,0.0,0.1490866234531526,0.11360278139939158
2025-04-15,16823.169921875,nasdaq,0.3802193147036711,-0.28876892561443046,0.0,0.0,0.1490866234531526,0.11360278139939158
2025-04-16,16307.16015625,nasdaq,-0.07920871222947626,1.4792485199911063,0.0,0.0,0.09730644478916937,0.11360278139939158
2025-04-17,16286.4501953125,nasdaq,-0.6080254185293954,-0.8836995566169721,0.0,0.0,0.09730644478916937,0.11360278139939158
2025-04-21,15870.900390625,nasdaq,0.02146949189474072,-0.4618069551619958,0.0,0.0,0.1490866234531526,0.11360278139939158
2025-04-22,16300.419921875,nasdaq,-0.3066879638552732,-0.4050120630115972,0.0,0.0,0.09730644478916937,0.11360278139939158
2025-04-23,16708.05078125,nasdaq,0.35820635489332575,-0.5853889175396172,0.0,0.0,0.1490866234531526,0.11360278139939158
2025-04-24,17166.0390625,nasdaq,-0.4402159039644934,2.2072416278686364,0.0,0.0,0.09730644478916937,0.11360278139939158
2025-04-25,17382.939453125,nasdaq,0.1319703329559299,-2.0677306154710675,0.0,0.0,0.1490866234531526,0.11360278139939158
2025-04-28,17366.130859375,nasdaq,-0.1371421827215484,0.7911891987493965,0.0,0.0,0.09730644478916937,0.11360278139939158
2025-04-29,17461.3203125,nasdaq,0.7104576513106585,0.36896269785696095,0.0,0.0,0.1490866234531526,0.11360278139939158
2025-04-30,17446.33984375,nasdaq,0.5065685323119219,-0.2598233039920198,0.0,0.0,0.1490866234531526,0.11360278139939158
2025-05-01,17710.740234375,nasdaq,0.49274291490806665,-0.5540460604681515,0.0,0.0,0.1490866234531526,0.11360278139939158
2025-05-02,17977.73046875,nasdaq,0.3310077755425175,0.07710940374448297,0.0,0.0,0.1490866234531526,0.11360278139939158
2025-05-05,17844.240234375,nasdaq,0.061706441072659886,0.5699504884059726,0.0,0.0,0.1490866234531526,0.11360278139939158
2025-05-06,17689.66015625,nasdaq,0.12045496809612982,-0.694262699138923,0.0,0.0,0.1490866234531526,0.11360278139939158
2025-05-07,17738.16015625,nasdaq,0.04345401415397136,0.3002976261664923,0.0,0.0,0.1490866234531526,0.11360278139939158
2025-05-08,17928.140625,nasdaq,0.18727257891061566,0.035356237916736324,0.0,0.0,0.1490866234531526,0.11360278139939158
2025-05-09,17928.919921875,nasdaq,0.2621276077718146,0.15406962287323892,0.0,0.0,0.1490866234531526,0.11360278139939158
2025-05-12,18708.33984375,nasdaq,0.5278834181331813,0.11684834751927553,0.0,0.0,0.1490866234531526,0.11360278139939158
2025-05-13,19010.08984375,nasdaq,-0.3670568169471607,0.05867973466499927,0.0,0.0,0.09730644478916937,0.11360278139939158
2025-05-14,19146.810546875,nasdaq,-0.4577121468824874,-0.6055223174254639,0.0,0.0,0.09730644478916937,0.11360278139939158
2025-05-15,19112.3203125,nasdaq,0.44517779965216786,0.029717979277940607,0.0,0.0,0.1490866234531526,0.11360278139939158
2025-05-16,19211.099609375,nasdaq,-0.06319280985909312,0.3691157719801624,0.0,0.0,0.09730644478916937,0.11360278139939158
2025-05-19,19215.4609375,nasdaq,-0.08025106775026088,-0.08998517011734963,0.0,0.0,0.09730644478916937,0.11360278139939158
2025-05-20,19142.7109375,nasdaq,-0.09167876847718706,-0.005084121950729503,0.0,0.0,0.09730644478916937,0.11360278139939158
2025-05-21,18872.640625,nasdaq,-0.08105061707437118,-0.4383238439946129,0.0,0.0,0.09730644478916937,0.11360278139939158
2025-05-22,18925.740234375,nasdaq,0.02491812403883301,0.25874581907484817,0.0,0.0,0.1490866234531526,0.11360278139939158
2025-05-23,18737.2109375,nasdaq,-0.025424071057940017,-0.1542515928421756,0.0,0.0,0.09730644478916937,0.11360278139939158
2025-05-27,19199.16015625,nasdaq,-0.04538415377206177,-0.622177972075135,0.0,0.0,0.09730644478916937,0.11360278139939158
2025-05-28,19100.939453125,nasdaq,-0.06695958459571462,-0.002711467736702608,0.0,0.0,0.09730644478916937,0.11360278139939158
2025-05-29,19175.869140625,nasdaq,0.5690377160303104,-0.5349209576902303,0.0,0.0,0.1490866234531526,0.11360278139939158
2025-05-30,19113.76953125,nasdaq,-0.21315727266986975,0.44708018037475705,0.0,0.0,0.09730644478916937,0.11360278139939158
2025-06-02,19242.609375,nasdaq,0.40408414926152053,0.1644989626765873,0.0,0.0,0.1490866234531526,0.11360278139939158
2025-06-03,19398.9609375,nasdaq,-0.7743380213485177,-0.06538865763627028,0.0,0.0,0.09730644478916937,0.11360278139939158
2025-06-04,19460.490234375,nasdaq,-0.0519649519223268,0.16977708589971935,0.0,0.0,0.09730644478916937,0.11360278139939158
2025-06-05,19298.44921875,nasdaq,0.02447813470965056,0.17230010128336473,0.0,0.0,0.1490866234531526,0.11360278139939158
2025-06-06,19529.94921875,nasdaq,-0.6925165084238997,0.21315958937220486,0.0,0.0,0.09730644478916937,0.11360278139939158
2025-06-09,19591.240234375,nasdaq,0.19941015038499782,0.5228973807744057,0.0,0.0,0.1490866234531526,0.11360278139939158
2025-06-10,19714.990234375,nasdaq,-0.7136125829282114,0.21854377148071866,0.0,0.0,0.09730644478916937,0.11360278139939158
2025-06-11,19615.880859375,nasdaq,-0.7848229176952886,0.20551465792945378,0.0,0.0,0.09730644478916937,0.11360278139939158
2025-06-12,19662.490234375,nasdaq,0.17692928578842046,-0.22803438942145446,0.0,0.0,0.1490866234531526,0.11360278139939158
2025-06-13,19406.830078125,nasdaq,-0.3664150619354552,0.18555842601926606,0.0,0.0,0.09730644478916937,0.11360278139939158
2025-06-16,19701.2109375,nasdaq,0.4867152946467267,-0.5582666721568502,0.0,0.0,0.1490866234531526,0.11360278139939158
2025-06-17,19521.08984375,nasdaq,0.04954758759204888,1.5975833917733524,0.0,0.0,0.1490866234531526,0.11360278139939158
2025-06-18,19546.26953125,nasdaq,0.33766457453517706,-0.16051171758656513,0.0,0.0,0.1490866234531526,0.11360278139939158
2025-06-20,19447.41015625,nasdaq,-0.08213052980289663,0.09186040418197963,0.0,0.0,0.09730644478916937,0.11360278139939158
2025-06-23,19630.970703125,nasdaq,0.028237982637851045,-0.2548901116974065,0.0,0.0,0.1490866234531526,0.11360278139939158
2025-06-24,19912.529296875,nasdaq,1.4633112615433481,-0.256330376626273,0.0,0.0,0.1490866234531526,0.11360278139939158
2025-06-25,19973.55078125,nasdaq,0.6268454736979288,0.2018627942703549,0.0,0.0,0.1490866234531526,0.11360278139939158
2025-06-26,20167.91015625,nasdaq,-0.10518399658341128,-0.10119615705289971,0.0,0.0,0.09730644478916937,0.11360278139939158
2025-06-27,20273.4609375,nasdaq,-0.5602404636604637,0.5098185475378438,0.0,0.0,0.09730644478916937,0.11360278139939158
2025-06-30,20369.73046875,nasdaq,-0.7369868342805502,0.34070034839525715,0.0,0.0,0.09730644478916937,0.11360278139939158
2025-07-01,20202.890625,nasdaq,0.13841351863991908,0.22648638183460879,0.0,0.0,0.1490866234531526,0.11360278139939158
2025-07-02,20393.130859375,nasdaq,-0.04747071708483758,-0.06045325829079795,0.0,0.0,0.09730644478916937,0.11360278139939158
2025-07-03,20601.099609375,nasdaq,-1.0671642426844907,0.29658892158622757,0.0,0.0,0.09730644478916937,0.11360278139939158
2025-07-07,20412.51953125,nasdaq,0.9642372463917188,0.0012660196133792469,0.0,0.0,0.1490866234531526,0.11360278139939158
2025-07-08,20418.4609375,nasdaq,0.21629629270412937,-0.008196752318272061,0.0,0.0,0.1490866234531526,0.11360278139939158
2025-07-09,20611.33984375,nasdaq,1.5388566609715149,-0.4851490353063201,0.0,0.0,0.1490866234531526,0.11360278139939158
2025-07-10,20630.66015625,nasdaq,0.17235599775859056,0.22300428920587523,0.0,0.0,0.1490866234531526,0.11360278139939158
2025-07-11,20585.529296875,nasdaq,0.10967213011769854,-0.13611731354237752,0.0,0.0,0.1490866234531526,0.11360278139939158
2025-07-14,20640.330078125,nasdaq,-0.9989184996396013,0.1896445866926938,0.0,0.0,0.09730644478916937,0.11360278139939158
2025-07-15,20677.80078125,nasdaq,0.37827001341946404,-0.48358888756108787,0.0,0.0,0.1490866234531526,0.11360278139939158
2025-07-16,20730.490234375,nasdaq,1.0933622768242233,0.11651628248401544,0.0,0.0,0.1490866234531526,0.11360278139939158
2025-07-17,20885.650390625,nasdaq,0.9485033278120342,0.17071888567641727,0.0,0.0,0.1490866234531526,0.11360278139939158
2025-07-18,20895.650390625,nasdaq,-1.7023628093040624,-0.023148520305934936,0.0,0.0,0.09730644478916937,0.11360278139939158
2025-07-21,20974.1796875,nasdaq,0.18116377740600983,-0.15323301122382862,0.0,0.0,0.1490866234531526,0.11360278139939158
2025-07-22,20892.689453125,nasdaq,-0.03931900678000811,0.05663815203799372,0.0,0.0,0.09730644478916937,0.11360278139939158
2025-07-23,21020.01953125,nasdaq,-0.0703374810733903,-0.11199798380114417,0.0,0.0,0.09730644478916937,0.11360278139939158
2025-07-24,21057.9609375,nasdaq,0.5124388108553836,-0.07606800276730535,0.0,0.0,0.1490866234531526,0.11360278139939158
2025-07-25,21108.3203125,nasdaq,-0.8409380110178474,-0.27529101576878795,0.0,0.0,0.09730644478916937,0.11360278139939158
2025-07-28,21178.580078125,nasdaq,0.2716420535473323,-0.0845200956832268,0.0,0.0,0.1490866234531526,0.11360278139939158
2025-07-29,21098.2890625,nasdaq,-0.19891934459331306,0.1297760357351072,0.0,0.0,0.09730644478916937,0.11360278139939158
2025-07-30,21129.669921875,nasdaq,-0.11459188340923672,-0.27569150257445546,0.0,0.0,0.09730644478916937,0.11360278139939158
2025-07-31,21122.44921875,nasdaq,0.09889156166608504,-0.24237031701361947,0.0,0.0,0.1490866234531526,0.11360278139939158
2025-08-01,20650.130859375,nasdaq,-0.26227035337345017,-1.1540365878813623,0.0,0.0,0.09730644478916937,0.11360278139939158
2025-08-04,21053.580078125,nasdaq,0.33940750439799666,-0.07405150510383914,0.0,0.0,0.1490866234531526,0.11360278139939158
2025-08-05,20916.55078125,nasdaq,0.4403812561527912,-0.10996311611231901,0.0,0.0,0.1490866234531526,0.11360278139939158
2025-08-06,21169.419921875,nasdaq,-0.9480395047509363,0.11054138341108732,0.0,0.0,0.09730644478916937,0.11360278139939158
2025-08-07,21242.69921875,nasdaq,-0.4117189022124483,0.02727569876744289,0.0,0.0,0.09730644478916937,0.11360278139939158
2025-08-08,21450.01953125,nasdaq,-0.9357466495927719,-0.30421993571619327,0.0,0.0,0.09730644478916937,0.11360278139939158
2025-08-11,21385.400390625,nasdaq,0.3772783166379062,0.143466826204954,0.0,0.0,0.1490866234531526,0.11360278139939158
2025-08-12,21681.900390625,nasdaq,0.028096124765748385,-0.08598129540842442,0.0,0.0,0.1490866234531526,0.11360278139939158
2025-08-13,21713.140625,nasdaq,-2.138613594775747,-0.15686571056339943,0.0,0.0,0.09730644478916937,0.11360278139939158
2025-08-14,21710.669921875,nasdaq,-0.126640013924204,0.24344128766846296,0.0,0.0,0.09730644478916937,0.11360278139939158
2025-08-15,21622.98046875,nasdaq,-0.6598961767121081,1.09192526715494,0.0,0.0,0.09730644478916937,0.11360278139939158
2025-08-18,21629.76953125,nasdaq,0.049513514664420555,0.004990461675495337,0.0,0.0,0.1490866234531526,0.11360278139939158
2025-08-19,21314.94921875,nasdaq,-0.5602018494666714,0.4713866099726622,0.0,0.0,0.09730644478916937,0.11360278139939158
2025-08-20,21172.859375,nasdaq,0.3031671535653045,0.0828266705273141,0.0,0.0,0.1490866234531526,0.11360278139939158
2025-08-21,21100.310546875,nasdaq,0.22720320281036907,-0.24309056082081767,0.0,0.0,0.1490866234531526,0.11360278139939158
2025-08-22,21496.5390625,nasdaq,0.731113757939471,0.7781234659857871,0.0,0.0,0.1490866234531526,0.11360278139939158
2025-08-25,21449.2890625,nasdaq,-0.7478764573111597,-0.1410911012890126,0.0,0.0,0.09730644478916937,0.11360278139939158
2025-08-26,21544.26953125,nasdaq,1.346967093465233,0.017491131883976822,0.0,0.0,0.1490866234531526,0.11360278139939158
2025-08-27,21590.140625,nasdaq,-0.391404072770164,0.8111155801802744,0.0,0.0,0.09730644478916937,0.11360278139939158
2025-08-28,21705.16015625,nasdaq,0.4471797527561444,0.10121632360193825,0.0,0.0,0.1490866234531526,0.11360278139939158
2025-08-29,21455.55078125,nasdaq,0.40427969822294163,-1.0196879858464911,0.0,0.0,0.1490866234531526,0.11360278139939158
2025-09-02,21279.630859375,nasdaq,0.5092342200529059,-0.30357099581672214,0.0,0.0,0.1490866234531526,0.11360278139939158
2025-09-03,21497.73046875,nasdaq,0.08301945461764072,-0.10544935520776895,0.0,0.0,0.1490866234531526,0.11360278139939158
2025-09-04,21707.689453125,nasdaq,-0.5520821520735031,0.21592973190335374,0.0,0.0,0.09730644478916937,0.11360278139939158
2025-09-05,21700.390625,nasdaq,0.8212530324195361,0.2885563980387324,0.0,0.0,0.1490866234531526,0.11360278139939158
2025-09-08,21798.69921875,nasdaq,-0.48652068486305583,0.05915473652773041,0.0,0.0,0.09730644478916937,0.11360278139939158
2025-09-09,21879.490234375,nasdaq,0.026987764408270686,-0.1078971692902983,0.0,0.0,0.1490866234531526,0.11360278139939158
2025-09-10,21886.060546875,nasdaq,0.18499137725597029,0.9795538817086373,0.0,0.0,0.1490866234531526,0.11360278139939158
2025-09-11,22043.0703125,nasdaq,-0.5541050262334147,-0.3513881450189036,0.0,0.0,0.09730644478916937,0.11360278139939158
2025-09-12,22141.099609375,nasdaq,1.149355430419844,-0.14096441014826794,0.0,0.0,0.1490866234531526,0.11360278139939158
2025-09-15,22348.75,nasdaq,0.15776971614145377,0.5072511827423335,0.006252150377482026,0.0,0.1490866234531526,0.11360278139939158
2025-09-16,22333.9609375,nasdaq,0.2585862112684062,-0.005118724025641476,0.0096593413722184,0.0,0.1490866234531526,0.11360278139939158
2025-09-17,22261.330078125,nasdaq,-0.2112064669937221,0.035701573208684584,0.014774836023203364,0.0,0.09730644478916937,0.11360278139939158
2025-09-18,22470.720703125,nasdaq,0.10633811938210964,-0.43726915703132735,0.022374579372062057,0.0,0.1490866234531526,0.11360278139939158
2025-09-19,22631.48046875,nasdaq,-0.2627155629610787,-0.00456208204786507,0.033546262790251184,0.0,0.09730644478916937,0.11360278139939158
2025-09-22,22788.98046875,nasdaq,-0.036822576900402776,-0.5280105379153579,0.10647662366679204,0.0,0.09730644478916937,0.11360278139939158
2025-09-23,22573.470703125,nasdaq,0.27863765567310833,-0.21939551709089827,0.1533810679324463,0.0,0.1490866234531526,0.11360278139939158
2025-09-24,22497.859375,nasdaq,0.024990077418385145,-0.04034233686763433,0.21874911181828852,0.0,0.1490866234531526,0.11360278139939158
2025-09-25,22384.69921875,nasdaq,0.4303123444311047,-0.04345911640006572,0.30887154082367685,0.0,0.1490866234531526,0.11360278139939158
2025-09-26,22484.0703125,nasdaq,0.660212236741524,-0.5021551283871044,0.4317840007633078,0.0,0.1490866234531526,0.11360278139939158
2025-09-29,22591.150390625,nasdaq,0.8566682292585924,0.04197171929977406,1.1108996538242306,0.0,0.1490866234531526,0.11360278139939158
2025-09-30,22660.009765625,nasdaq,1.9107617995460555,-0.05637820147286633,1.4920786069067842,0.0,0.1490866234531526,0.11360278139939158
2025-10-01,22755.16015625,nasdaq,1.9315328486810703,0.3637499450986803,1.9841094744370287,0.0,0.1490866234531526,0.11360278139939158
2025-10-02,22844.05078125,nasdaq,2.718816563579921,-0.3303145209126348,2.6121409853918234,0.0,0.1490866234531526,0.11360278139939158
2025-10-03,22780.509765625,nasdaq,3.314192138981741,-0.29754682134064986,3.4047454734599345,0.0,0.1490866234531526,0.11360278139939158
2025-10-06,22941.669921875,nasdaq,7.117962229747623,1.357395126700415,7.100535373963698,0.0,0.1490866234531526,0.11360278139939158
2025-10-07,22788.359375,nasdaq,8.012272151334335,0.02018550333125048,8.892161745938635,0.0,0.1490866234531526,0.11360278139939158
2025-10-08,23043.380859375,nasdaq,10.908562841586185,-0.2110868078722175,11.025052530448521,0.0,0.1490866234531526,0.11360278139939158
2025-10-09,23024.630859375,nasdaq,13.519270820618004,-0.38664085104469814,13.53352832366127,0.0,0.1490866234531526,0.11360278139939158
2025-10-10,22204.4296875,nasdaq,16.366274794238244,0.0338769517654645,16.44744565771549,0.0,0.1490866234531526,0.11360278139939158
2025-10-13,22694.609375,nasdaq,28.06281721992601,0.34933142238965126,27.803730045319412,0.0,0.1490866234531526,0.11360278139939158
2025-10-14,22521.69921875,nasdaq,32.34470118818387,0.19701806247489245,32.465246735834974,0.0,0.1490866234531526,0.11360278139939158
2025-10-15,22670.080078125,nasdaq,37.342895829037076,0.0655714973516643,37.531109885139955,0.0,0.15223880597014924,0.11360278139939158
2025-10-16,22562.5390625,nasdaq,43.18067984247267,-1.952222309655146,42.955735821073915,0.0,0.15223880597014924,0.11360278139939158
2025-10-17,22679.970703125,nasdaq,48.97582184923743,-0.28644790717284024,48.67522559599717,0.0,0.22981366459627328,0.11360278139939158
2025-10-20,22990.5390625,nasdaq,66.64577957702521,0.5318955439338149,66.69768108584744,0.0,0.2352941176470588,0.11360278139939158
2025-10-21,22953.669921875,nasdaq,72.48878596347643,-0.966469108649807,72.6149037073691,0.0,0.2352941176470588,0.11360278139939158
2025-10-22,22740.400390625,nasdaq,78.00565890432644,0.7213039191923236,78.27045382418682,0.0,0.5285714285714286,0.11360278139939158
2025-10-23,22941.80078125,nasdaq,83.4161353909287,-0.3067735183836825,83.5270211411272,0.0,0.5285714285714286,0.11360278139939158
2025-10-24,23204.869140625,nasdaq,88.28301053535996,0.2857845081469993,88.24969025845955,0.0,0.5285714285714286,0.11360278139939158
2025-10-27,23637.4609375,nasdaq,98.05850213436085,-0.19401720291858238,98.01986733067552,0.0,0.5285714285714286,0.11360278139939158
2025-10-28,23827.490234375,nasdaq,99.40192175363309,-0.823243704038282,99.50124791926824,0.0,0.5285714285714286,0.11360278139939158
2025-10-29,23958.470703125,nasdaq,99.5675837745245,-0.21460385415736447,100.0,0.0,0.5285714285714286,0.11360278139939158
2025-10-30,23581.140625,nasdaq,6.885856874641348,0.05798596827141838,0.0,0.0,0.1490866234531526,0.11360278139939158
2025-10-31,23724.9609375,nasdaq,-0.09206998905366268,0.5172496683892318,0.0,0.0,0.09730644478916937,0.11360278139939158
2025-11-03,23834.720703125,nasdaq,0.9064225683384604,0.04593404419393252,0.0,0.0,0.1490866234531526,0.11360278139939158
2025-11-04,23348.640625,nasdaq,0.1927478732875374,-0.19567228584927082,0.0,0.0,0.1490866234531526,0.11360278139939158
2025-11-05,23499.80078125,nasdaq,0.1937704877980144,0.5355700593394422,0.0,0.0,0.1490866234531526,0.11360278139939158
2025-11-06,23053.990234375,nasdaq,-0.6108938465000456,-0.15267774695218614,0.0,0.0,0.09730644478916937,0.11360278139939158
2025-11-07,23004.5390625,nasdaq,-0.5806078185602702,0.34381996732607617,0.0,0.0,0.09730644478916937,0.11360278139939158
2025-11-10,23527.169921875,nasdaq,-0.13897609349679024,0.03040847306776699,0.0,0.0,0.09730644478916937,0.11360278139939158
2025-11-11,23468.30078125,nasdaq,0.04215077568538336,-0.30896388637915495,0.0,0.0,0.1490866234531526,0.11360278139939158
2025-11-12,23406.4609375,nasdaq,0.37565871872628337,-0.9053040845590755,0.0,0.0,0.1490866234531526,0.11360278139939158
2025-11-13,22870.359375,nasdaq,0.03126491505112543,-0.2939646239243328,0.0,0.0,0.1490866234531526,0.11360278139939158
2025-11-14,22900.58984375,nasdaq,0.7847353426156907,2.446604009762961,0.0,0.0,0.1490866234531526,0.11360278139939158
2025-11-17,22708.0703125,nasdaq,0.5153746113443302,0.6578858411884372,0.0,0.0,0.1490866234531526,0.11360278139939158
2025-11-18,22432.849609375,nasdaq,-0.17994182841335757,-0.8800125049619041,0.0,0.0,0.09730644478916937,0.11360278139939158
2025-11-19,22564.23046875,nasdaq,0.5240638018253143,4.35900657540032,0.0,0.0,0.1490866234531526,0.11360278139939158
2025-11-20,22078.05078125,nasdaq,-0.35818953243996027,1.3998652986328428,0.0,0.0,0.09730644478916937,0.11360278139939158
2025-11-21,22273.080078125,nasdaq,0.1583711466528994,2.2584203829843945,0.0,0.0,0.1490866234531526,0.11360278139939158
2025-11-24,22872.009765625,nasdaq,0.6089802809565534,-0.4759816026655975,0.0,0.0,0.1490866234531526,0.11360278139939158
2025-11-25,23025.58984375,nasdaq,0.13437375349055258,-1.2042130022121922,0.0,0.0,0.1490866234531526,0.11360278139939158
2025-11-26,23214.689453125,nasdaq,-0.8470152580800319,1.1715502969211664,0.0,0.0,0.09730644478916937,0.11360278139939158
2025-11-28,23365.689453125,nasdaq,0.3676580869040406,-0.17370721865799302,0.0,0.0,0.1490866234531526,0.11360278139939158
2025-12-01,23275.919921875,nasdaq,0.723289592040467,-0.06418750457070366,0.0,0.0,0.1490866234531526,0.11360278139939158
2025-12-02,23413.669921875,nasdaq,-0.0616536515971706,-0.28504208026740285,0.0,0.0,0.09730644478916937,0.11360278139939158
2025-12-03,23454.08984375,nasdaq,0.318743279643951,-0.47184941412322423,0.0,0.0,0.1490866234531526,0.11360278139939158
2025-12-04,23505.140625,nasdaq,-0.4366020756736502,-0.04299531178210389,0.0,0.0,0.09730644478916937,0.11360278139939158
2025-12-05,23578.130859375,nasdaq,-0.8965543878701476,-0.2517484422041191,0.0,0.0,0.09730644478916937,0.11360278139939158
2025-12-08,23545.900390625,nasdaq,0.060783305066526114,0.6237243425293488,0.0,0.0,0.1490866234531526,0.11360278139939158
2025-12-09,23576.490234375,nasdaq,-0.35418568169514253,0.2621392486961512,0.0,0.0,0.09730644478916937,0.11360278139939158
2025-12-10,23654.150390625,nasdaq,-0.34535989255090377,-0.29413851646063205,0.0,0.0,0.09730644478916937,0.11360278139939158
2025-12-11,23593.859375,nasdaq,0.20099859227503952,0.20528548230644775,0.0,0.0,0.1490866234531526,0.11360278139939158
2025-12-12,23195.169921875,nasdaq,1.3532274987614399,0.5944029653578958,0.0,0.0,0.1490866234531526,0.11360278139939158
2025-12-15,23057.41015625,nasdaq,0.1318561805665549,0.1803602667197118,0.0,0.0,0.1490866234531526,0.11360278139939158
2025-12-16,23111.4609375,nasdaq,-1.0554245375933757,0.07393732382443839,0.0,0.0,0.09730644478916937,0.11360278139939158
2025-12-17,22693.3203125,nasdaq,0.03721751512254786,1.709843268944468,0.0,0.0,0.1490866234531526,0.11360278139939158
2025-12-18,23006.359375,nasdaq,-0.17201092559160053,0.12077862650650106,0.0,0.0,0.09730644478916937,0.11360278139939158
2025-12-19,23307.619140625,nasdaq,0.13329886706746052,0.13834907410788974,0.0,0.0,0.1490866234531526,0.11360278139939158
2025-12-22,23428.830078125,nasdaq,0.504076061219984,-0.18862526340603802,0.0,0.0,0.1490866234531526,0.11360278139939158
2025-12-23,23561.83984375,nasdaq,-0.504784271119606,-0.4058887523539315,0.0,0.0,0.09730644478916937,0.11360278139939158
2025-12-24,23613.310546875,nasdaq,0.24801201814797733,-0.5292647382187039,0.0,0.0,0.1490866234531526,0.11360278139939158
2025-12-26,23593.099609375,nasdaq,0.9177324820727105,0.3686802080691847,0.0,0.0,0.1490866234531526,0.11360278139939158
2025-12-29,23474.349609375,nasdaq,-0.38025420822980355,0.612151446072054,0.0,0.0,0.09730644478916937,0.11360278139939158
2025-12-30,23419.080078125,nasdaq,-0.6316523029525177,0.21412681976961906,0.0,0.0,0.09730644478916937,0.11360278139939158
2025-12-31,23241.990234375,nasdaq,0.5228244306937493,0.6945496599844854,0.0,0.0,0.1490866234531526,0.11360278139939158
2026-01-02,23235.630859375,nasdaq,-2.3224589731710426,-0.4858467403773018,0.0,0.0,0.09730644478916937,0.11360278139939158
2026-01-05,23395.8203125,nasdaq,-0.3403960420741641,0.3094226132307595,0.0,0.0,0.09730644478916937,0.11360278139939158
2026-01-06,23547.169921875,nasdaq,-0.7090530849727709,-0.3630367834178392,0.0,0.0,0.09730644478916937,0.11360278139939158
2026-01-07,23584.279296875,nasdaq,-0.07239685764317325,0.009489181379686408,0.0,0.0,0.09730644478916937,0.11360278139939158
2026-01-08,23480.01953125,nasdaq,-0.09114105129199508,0.04647500277197305,0.0,0.0,0.09730644478916937,0.11360278139939158
2026-01-09,23671.349609375,nasdaq,-1.3363956148295826,-0.5951332599397553,0.0,0.0,0.09730644478916937,0.11360278139939158
2026-01-12,23733.900390625,nasdaq,-0.2506430684965466,0.08297483352561145,0.0,0.0,0.09730644478916937,0.11360278139939158
2026-01-13,23709.869140625,nasdaq,0.8181731592933688,0.1733809406928022,0.0,0.0,0.1490866234531526,0.11360278139939158
2026-01-14,23471.75,nasdaq,-2.043184627186455,0.15402226371497868,0.0,0.0,0.09730644478916937,0.11360278139939158
2026-01-15,23530.01953125,nasdaq,-0.40668272680810535,-0.14340967918895853,0.0,0.0,0.09730644478916937,0.11360278139939158
2026-01-16,23515.390625,nasdaq,-1.8812801804731047,0.023353774896542293,0.0,0.0,0.09730644478916937,0.11360278139939158
2026-01-20,22954.3203125,nasdaq,-0.8901751693750439,-1.3287715049886513,0.0,0.0,0.09730644478916937,0.11360278139939158
2026-01-21,23224.8203125,nasdaq,-0.16830357742223417,-0.03861599223904845,0.0,0.0,0.09730644478916937,0.11360278139939158
2026-01-22,23436.01953125,nasdaq,-0.3149659684296683,1.165937436135007,0.0,0.0,0.09730644478916937,0.11360278139939158
2026-01-23,23501.240234375,nasdaq,-0.3278326097142338,0.4336755117322237,0.0,0.0,0.09730644478916937,0.11360278139939158
2026-01-26,23601.359375,nasdaq,-1.4934476283129454,1.7569425949907416,0.0,0.0,0.09730644478916937,0.11360278139939158
2026-01-27,23817.099609375,nasdaq,0.9912615798586956,-2.3930242246835456,0.0,0.0,0.1490866234531526,0.11360278139939158
2026-01-28,23857.44921875,nasdaq,0.5506108111522284,1.098497927768294,0.0,0.0,0.1490866234531526,0.11360278139939158
2026-01-29,23685.119140625,nasdaq,0.10422120761611998,0.13143271696481926,0.0,0.0,0.1490866234531526,0.11360278139939158
2026-01-30,23461.8203125,nasdaq,-1.4989241646617988,-0.04971671580583143,0.0,0.0,0.09730644478916937,0.11360278139939158
2026-02-02,23592.109375,nasdaq,-0.4769765889884676,-0.16456762746949263,0.0,0.0,0.09730644478916937,0.11360278139939158
2026-02-03,23255.189453125,nasdaq,0.006670101607083036,-0.02236314652274669,0.0,0.0,0.1,0.11360278139939158
2026-02-04,22904.580078125,nasdaq,0.5079000732491847,-0.3426234363414752,0.0,0.0,0.1490866234531526,0.11360278139939158
2026-02-05,22540.58984375,nasdaq,0.3156414035915066,0.07778931658245784,0.0,0.0,0.1490866234531526,0.11360278139939158
2026-02-06,23031.2109375,nasdaq,-0.33188787149627197,0.5594652551094859,0.0,0.0,0.09730644478916937,0.11360278139939158
2026-02-09,23238.669921875,nasdaq,0.8947875347868414,-0.04524483276481471,0.0,0.0,0.1490866234531526,0.11360278139939158
2026-02-10,23102.470703125,nasdaq,0.11850684005600552,0.01331325385650227,0.0,0.0,0.1490866234531526,0.11360278139939158
2026-02-11,23066.470703125,nasdaq,-0.7596458771525049,0.32215692810798524,0.0,0.0,0.09730644478916937,0.11360278139939158
2026-02-12,22597.150390625,nasdaq,0.015458344488438445,-0.59376845080206,0.0,0.0,0.1490866234531526,0.11360278139939158
2026-02-13,22546.669921875,nasdaq,-1.0202261858121506,0.0649666629939923,0.0,0.004006529739295107,0.09730644478916937,0.11360278139939158
2026-02-17,22578.380859375,nasdaq,0.2549317526230066,-0.11428091840174094,0.0,0.022374579372062057,0.1490866234531526,0.11360278139939158
2026-02-18,22753.630859375,nasdaq,0.9802374245215946,0.13478388634524108,0.0,0.033546262790251184,0.1490866234531526,0.11360278139939158
2026-02-19,22682.73046875,nasdaq,-0.6179059202245413,0.07599304770972357,0.0,0.049795542150327346,0.09730644478916937,0.11360278139939158
2026-02-20,22886.0703125,nasdaq,0.5932378710753431,0.13811934267321643,0.0,0.07318024188804728,0.1490866234531526,0.11360278139939158
2026-02-23,22627.26953125,nasdaq,0.25555494378934196,0.12500757517681468,0.0,0.21874911181828852,0.1490866234531526,0.11360278139939158
2026-02-24,22863.6796875,nasdaq,0.22137417961406627,0.3138403433423279,0.0,0.30887154082367685,0.1490866234531526,0.11360278139939158
2026-02-25,23152.080078125,nasdaq,0.24505306969108728,0.3190780305429614,0.0,0.4317840007633078,0.1490866234531526,0.11360278139939158
2026-02-26,22878.380859375,nasdaq,-0.15063684726529178,0.43259547030189954,0.0,0.5976022895005942,0.09730644478916937,0.11360278139939158
2026-02-27,22668.2109375,nasdaq,-0.6480138127152081,0.6235399811922941,0.0,0.8188701014374083,0.09730644478916937,0.11360278139939158
2026-03-02,22748.859375,nasdaq,0.28695929673826515,2.1475362046051742,0.0,1.9841094744370287,0.1490866234531526,0.11360278139939158
2026-03-03,22516.689453125,nasdaq,-0.3190321470039372,2.237217285670476,0.0,2.6121409853918234,0.09730644478916937,0.11360278139939158
2026-03-04,22807.48046875,nasdaq,0.8112907029009957,3.1118687623867807,0.0,3.4047454734599345,0.1490866234531526,0.11360278139939158
2026-03-05,22748.990234375,nasdaq,0.04838802545899937,4.686348701057214,0.0,4.393693362340742,0.1490866234531526,0.11360278139939158
2026-03-06,22387.6796875,nasdaq,-0.48085621455110705,5.669102850183393,0.0,5.613476283413372,0.09730644478916937,0.11360278139939158
2026-03-09,22695.94921875,nasdaq,-0.7478552780878022,11.482419075795924,0.0,11.025052530448521,0.09730644478916937,0.11360278139939158
2026-03-10,22697.099609375,nasdaq,0.10644359249705936,13.465652161602309,0.0,13.53352832366127,0.1490866234531526,0.13095238095238096
2026-03-11,22716.130859375,nasdaq,-0.011471481541864116,16.323995162480518,0.0,16.44744565771549,0.09730644478916937,0.13095238095238096
2026-03-12,22311.98046875,nasdaq,-0.2893977304715496,19.766008078498224,0.0,19.789869908361464,0.09730644478916937,0.13095238095238096
2026-03-13,22105.359375,nasdaq,-0.029273563640533188,23.739283265641557,0.0,23.57460765558635,0.09730644478916937,0.17613636363636365
2026-03-16,22374.1796875,nasdaq,-0.3830556816370807,37.70122944546692,0.0,37.531109885139955,0.09730644478916937,0.17613636363636365
2026-03-17,22479.529296875,nasdaq,0.5265130258409626,42.8883415780389,0.0,42.955735821073915,0.1490866234531526,0.22857142857142856
2026-03-18,22152.419921875,nasdaq,-0.09310852041870814,48.76579208142693,0.0,48.67522559599717,0.09730644478916937,0.4303030303030303
2026-03-19,22090.689453125,nasdaq,0.08532626180375355,54.266068353433695,0.0,54.60744266397094,0.1490866234531526,0.4303030303030303
2026-03-20,21647.609375,nasdaq,0.39427499285749773,60.29676015917104,0.0,60.653065971263345,0.1490866234531526,0.4303030303030303
2026-03-23,21946.759765625,nasdaq,0.1057722166047282,78.30725116285151,0.0,78.27045382418682,0.1490866234531526,0.4303030303030303
2026-03-24,21761.890625,nasdaq,0.23604021815273146,83.44947868582383,0.0,83.5270211411272,0.1490866234531526,0.4303030303030303
2026-03-25,21929.8203125,nasdaq,-0.2351615024441935,88.228121434507,0.0,88.24969025845955,0.09730644478916937,0.4303030303030303
2026-03-26,21408.080078125,nasdaq,-0.24210230797930102,92.3981875808606,0.0,92.31163463866358,0.09730644478916937,1.0
2026-03-27,20948.359375,nasdaq,-0.28802861926906775,95.44625324001727,0.0,95.59974818331,0.09730644478916937,1.0
2026-03-30,20794.640625,nasdaq,-0.7838073983169713,99.84387311455147,0.0,100.0,0.09730644478916937,1.0
2026-03-31,21590.630859375,nasdaq,0.1492785971716885,2.115381257595838,0.0,0.0,0.1490866234531526,0.11360278139939158
2026-04-01,21840.94921875,nasdaq,0.24659223127604812,1.5287960310995936,0.0,0.0,0.1490866234531526,0.11360278139939158
2026-04-02,21879.1796875,nasdaq,0.19985210383830573,-2.1005248204112124,0.0,0.0,0.1490866234531526,0.11360278139939158
2026-04-06,21996.33984375,nasdaq,0.3630261748613278,-0.05620546610915945,0.0,0.0,0.1490866234531526,0.11360278139939158
2026-04-07,22017.849609375,nasdaq,0.03840149633375348,1.7314828658067818,0.0,0.0,0.1490866234531526,0.11360278139939158
2026-04-08,22634.990234375,nasdaq,0.1833043111344895,-0.13567831425635526,0.0,0.0,0.1490866234531526,0.11360278139939158
2026-04-09,22822.419921875,nasdaq,0.30353401086164683,-0.20198428939069615,0.0,0.0,0.1490866234531526,0.11360278139939158
2026-04-10,22902.890625,nasdaq,-0.46546591043388047,0.42188197736091027,0.0,0.0,0.09730644478916937,0.11360278139939158
2026-04-13,23183.740234375,nasdaq,-0.276965464882804,0.24788220499564342,0.0,0.0,0.09730644478916937,0.11360278139939158
2026-04-14,23639.080078125,nasdaq,-0.09479932779663033,0.22905054155921237,0.0,0.0,0.09730644478916937,0.11360278139939158
2026-04-15,24016.01953125,nasdaq,0.06930383151338676,-0.16104635086452498,0.0,0.0,0.1490866234531526,0.11360278139939158
2026-04-16,24102.69921875,nasdaq,0.17305670654447386,0.34829385265630697,0.0,0.0,0.1490866234531526,0.11360278139939158
2026-04-17,24468.48046875,nasdaq,-0.8192372508987634,-0.3719668061445671,0.0,0.0,0.09730644478916937,0.11360278139939158
2026-04-20,24404.390625,nasdaq,-0.4717252419751398,-0.14594151247651493,0.0,0.0,0.09730644478916937,0.11360278139939158
2026-04-21,24259.9609375,nasdaq,-0.04478488780973102,-0.10378731640692626,0.0,0.0,0.09730644478916937,0.11360278139939158
2026-04-22,24657.5703125,nasdaq,-0.16004820580068782,-0.04917327930602822,0.0,0.0,0.09730644478916937,0.11360278139939158
2026-04-23,24438.5,nasdaq,0.04617185614286245,0.16237909480753424,0.0,0.0,0.1490866234531526,0.11360278139939158
2026-04-24,24836.599609375,nasdaq,-0.34921018732522546,-0.14254883547211697,0.0,0.0,0.09730644478916937,0.11360278139939158
2026-04-27,24887.099609375,nasdaq,0.03624551794760255,0.05787632383896389,0.0,0.0,0.1490866234531526,0.11360278139939158
2026-04-28,24663.80078125,nasdaq,-0.0044599061751082105,-0.23264555482597685,0.0,0.0,0.09730644478916937,0.11360278139939158
2026-04-29,24673.240234375,nasdaq,0.639712440990257,0.2462606719306173,0.0,0.0,0.1490866234531526,0.11360278139939158
2026-04-30,24892.310546875,nasdaq,0.5358868962178753,-0.9425424159483533,0.0,0.0,0.1490866234531526,0.11360278139939158
2026-05-01,25114.439453125,nasdaq,0.2104497345890244,0.07649450297590725,0.0,0.0,0.1490866234531526,0.11360278139939158
2026-05-04,25067.80078125,nasdaq,0.16806219429104968,-0.0033015010299012526,0.0,0.0,0.1490866234531526,0.11360278139939158
2026-05-05,25326.130859375,nasdaq,-0.23324249721150653,0.047826555316588,0.0,0.0,0.09730644478916937,0.11360278139939158
2026-05-06,25838.939453125,nasdaq,-0.05979970723077699,-0.03395101776754289,0.0,0.0,0.09730644478916937,0.11360278139939158
2026-05-07,25806.19921875,nasdaq,-1.0796305228504295,0.1643847309954401,0.0,0.0,0.09730644478916937,0.11360278139939158
2026-05-08,26247.080078125,nasdaq,-1.0732578927443075,-0.15493131852426875,0.0,0.0,0.09730644478916937,0.11360278139939158
2026-05-11,26274.130859375,nasdaq,-0.17811782650919494,-0.5093062750064246,0.0,0.0,0.09730644478916937,0.11360278139939158
2026-05-12,26088.19921875,nasdaq,-0.6392750496344657,-0.08279478984012709,0.0,0.0,0.09730644478916937,0.11360278139939158
2026-05-13,26402.33984375,nasdaq,0.9668925970827633,-0.17913000821609262,0.0,0.0,0.1490866234531526,0.11360278139939158
2026-05-14,26635.220703125,nasdaq,1.438320535808209,-0.17735955938399595,0.0,0.0,0.1490866234531526,0.11360278139939158
2026-05-15,26225.140625,nasdaq,-0.8757177393794504,0.20199059540188957,0.0,0.0,0.09730644478916937,0.11360278139939158
2026-05-18,26090.73046875,nasdaq,-1.5089786025221437,-0.6304436938360815,0.0,0.0,0.09730644478916937,0.11360278139939158
2026-05-19,25870.7109375,nasdaq,0.03370605061695435,0.021271245287349857,0.0,0.0,0.1490866234531526,0.11360278139939158
2026-05-20,26270.359375,nasdaq,0.002238567238422895,-0.14090478069286103,0.0,0.0,0.09730644478916937,0.11360278139939158
2026-05-21,26293.099609375,nasdaq,-2.295461101260823,-0.008975483163665416,0.0,0.0,0.09730644478916937,0.11360278139939158
2026-05-22,26343.970703125,nasdaq,0.662109016785485,-0.024112370787870655,0.0,0.0,0.1490866234531526,0.11360278139939158
2026-05-26,26656.1796875,nasdaq,0.24902396767955134,-0.2844879903633078,0.0,0.0,0.1490866234531526,0.11360278139939158
2026-05-27,26674.73046875,nasdaq,0.8808387617849803,0.031876574979247355,0.0,0.0,0.1490866234531526,0.11360278139939158
2026-05-28,26917.470703125,nasdaq,2.1581121416764817,0.23685325930930723,0.0,0.0,0.1490866234531526,0.11360278139939158
2026-05-29,26972.619140625,nasdaq,1.465401003005457,-0.4237911448382468,0.0,0.0,0.1490866234531526,0.11360278139939158
2026-06-01,27086.810546875,nasdaq,0.16644124651417777,-0.2742228766911983,0.0,0.0,0.1490866234531526,0.11360278139939158
2026-06-02,27093.900390625,nasdaq,0.19711878004115754,0.016486887949731077,0.0,0.0,0.1490866234531526,0.11360278139939158
2026-06-03,26853.98046875,nasdaq,-0.18273604951890024,-0.09023041209434099,0.0,0.0,0.09730644478916937,0.11360278139939158
2026-06-04,26830.9609375,nasdaq,-0.2561261934341539,0.12184840496798509,0.0,0.0,0.09730644478916937,0.11360278139939158
2026-06-05,25709.4296875,nasdaq,0.08126139135302368,0.6656707464031172,0.0,0.0,0.1490866234531526,0.11360278139939158
