Date,Close,pred_top,pred_bot
2011-12-12,96.13981628417967,0.39306480999548166,-0.5720437694468912
2011-12-12,2612.260009765625,-0.22304881480107294,-0.29740779986566024
2011-12-13,2579.27001953125,-0.8219399488692899,0.3124729616232641
2011-12-13,95.24198150634766,-0.5682647945415565,0.3823625967754102
2011-12-14,2539.31005859375,-0.2993140906115888,-1.1402396029771924
2011-12-14,94.22801971435548,-0.2343704424315348,0.3154679859531546
2011-12-15,2541.010009765625,0.9215095522872588,0.6331649631468317
2011-12-15,94.56859588623048,0.4608924970717345,0.4330872380750332
2011-12-16,2555.330078125,-0.22131639414381107,-0.7201918046509207
2011-12-16,94.70877075195312,0.10340856758858444,-0.14048726610141016
2011-12-19,2523.139892578125,-0.5008314605077014,-1.4075855353851934
2011-12-19,93.69623565673828,-0.1395747462232182,-1.012866412315178
2011-12-20,2603.72998046875,0.46143337415879915,-0.2058063555924984
2011-12-20,96.5314483642578,0.21279334467489702,1.8837296989660808
2011-12-21,2577.969970703125,0.2696367931069452,0.46928683006726185
2011-12-21,96.71841430664062,0.11333615566186843,-0.15207276539626308
2011-12-22,2599.449951171875,-0.7421756936529214,0.5734061859663143
2011-12-22,97.57520294189452,0.5546663836665238,-0.5101064159411492
2011-12-23,2618.639892578125,-0.5337479432109693,-0.11730089265039528
2011-12-23,98.44757843017578,0.22119694312575985,-0.6613386821511894
2011-12-27,2625.199951171875,-1.0895115975238001,-0.4873923848105393
2011-12-27,98.52549743652344,-0.8576202830871827,-0.15025244761028173
2011-12-28,2589.97998046875,-1.191810341166133,-0.014110813051054449
2011-12-28,97.23248291015624,1.8607942172274723,1.1847722766280329
2011-12-29,2613.739990234375,0.6923065904369006,-1.2985307623605622
2011-12-29,98.23729705810548,0.9000473365623721,-0.056612343224623246
2011-12-30,2605.14990234375,0.923513575301135,-0.04446111653512367
2011-12-30,97.7543716430664,-1.0828969170566023,0.5999453523831084
2012-01-03,2648.719970703125,-0.4679291169951869,-0.4229047076918137
2012-01-03,99.31219482421876,-0.2712004354494569,-0.0022692669629184093
2012-01-04,2648.360107421875,0.15458255734058715,-0.2758028534620894
2012-01-04,99.46797943115234,-0.5514537471885629,0.2882697660373062
2012-01-05,99.73279571533205,0.13918225709194837,-0.2467615654724488
2012-01-05,2669.860107421875,-0.032450239912945,0.12577786884305256
2012-01-06,99.4757843017578,-0.008537521239823233,0.17675627467055807
2012-01-06,2674.219970703125,-0.24862155718479967,0.36193914447038356
2012-01-09,99.71724700927734,0.4779580395077634,0.07902250147136788
2012-01-09,2676.56005859375,0.0158885686843296,0.3891983763650138
2012-01-10,2702.5,0.61665146369798,0.18871843543700292
2012-01-10,100.58186340332033,-0.16013183811497927,0.6095140866412102
2012-01-11,2710.760009765625,-0.28193620432971433,-0.44738588301026605
2012-01-11,100.63634490966795,-0.3354952360493925,0.022010623289956135
2012-01-12,100.87781524658205,0.3445446256917781,0.22513428995372267
2012-01-12,2724.699951171875,-0.26470061353054775,0.37253207065873184
2012-01-13,100.35597229003906,-0.3158072009026183,-0.2454369738578567
2012-01-13,2710.669921875,-0.4437107948208383,1.7472602147400347
2012-01-17,100.74542236328124,-0.2251270595662501,-0.8052188676051457
2012-01-17,2728.080078125,-0.6430609018609236,0.288342029798747
2012-01-18,2769.7099609375,-0.5410386286345499,0.1426696011914432
2012-01-18,101.85929870605467,-0.7368911199884136,0.07721468724581984
2012-01-19,102.39673614501952,-0.2587180962779583,-1.260878015213263
2012-01-19,2788.330078125,0.08440046664588073,0.1834386049273274
2012-01-20,2786.699951171875,0.22487905146572185,0.2348662134753302
2012-01-20,102.77839660644533,0.24675443454655405,-0.8036878718830561
2012-01-23,2784.169921875,-0.06163993866266306,0.6945904734190561
2012-01-23,102.51358032226562,0.29375918520430555,-0.29068105113868825
2012-01-24,102.39673614501952,-0.7146634146428205,1.0431415712594558
2012-01-24,2786.639892578125,-0.20760630577965022,-0.2939054760653913
2012-01-25,2818.31005859375,0.12338454182618516,-0.22587029760914315
2012-01-25,103.25350952148438,0.2978598674584848,-0.16759702440791832
2012-01-26,102.723876953125,0.2694001812164698,-1.4151603376677109
2012-01-26,2805.280029296875,-0.24186361578061066,0.07282174187739608
2012-01-27,102.6771240234375,-0.36736369567379573,0.04322399319445967
2012-01-27,2816.550048828125,-1.9952750397383339,0.04991882947966268
2012-01-30,102.32662963867188,1.0406703375636268,0.26181790038441755
2012-01-30,2811.93994140625,0.8515761085484573,-0.10630642977846307
2012-01-31,102.2876968383789,0.3268349082591578,-0.2528131258306338
2012-01-31,2813.840087890625,0.4879042321974897,0.03568137416728774
2012-02-01,103.18344116210938,2.078364568223255,-0.6814272790566773
2012-02-01,2848.27001953125,1.3492799333167307,0.2143712682845566
2012-02-02,103.34698486328124,1.7203479059234406,0.19379592854874733
2012-02-02,2859.679931640625,2.1115759999836046,-0.07938913343201578
2012-02-03,104.79576873779295,-0.21964086314862338,0.12426009308961242
2012-02-03,2905.659912109375,-1.2239774671836277,0.23135536881042068
2012-02-06,2901.989990234375,-1.0145494928174532,-0.1454046596665552
2012-02-06,104.72567749023438,-0.5797496464750993,-0.26226959931495886
2012-02-07,2904.080078125,0.7384765894317802,0.28836006834080613
2012-02-07,104.9905014038086,-0.6866464923227176,0.9137171929344148
2012-02-08,105.30210876464844,0.23565914435577562,-0.03689591690191542
2012-02-08,2915.860107421875,0.31829001392700107,0.023967587609833634
2012-02-09,2927.22998046875,0.5553420632649686,0.15903239152662352
2012-02-09,105.43453216552734,1.5285404578390445,-0.27605806822133255
2012-02-10,2903.8798828125,-0.16880739426208644,-0.28329717872360566
2012-02-10,104.65559387207033,0.05115366421771048,-0.07683910348570033
2012-02-13,2931.389892578125,-0.019388189743232052,-0.3303527297387223
2012-02-13,105.43453216552734,0.3023140386386976,-0.32216983177692304
2012-02-14,105.30210876464844,-0.14055048428569739,0.17072457933659463
2012-02-14,2931.830078125,-0.12624682858389444,0.03445827567732467
2012-02-15,104.81136322021484,0.14945350540763946,-0.387691388584745
2012-02-15,2915.830078125,0.17382457303412155,-0.13242557538283628
2012-02-16,2959.85009765625,0.10587299925986964,0.07490698096726378
2012-02-16,105.9719467163086,0.13679304223908442,-0.20341063189966624
2012-02-17,106.25237274169922,0.2245175031104752,-0.07474814367681333
2012-02-17,2951.780029296875,0.1487575785557757,0.04849417240405385
2012-02-21,106.2991180419922,0.3602157045238442,-0.5212981891973667
2012-02-21,2948.570068359375,0.3141383212540101,0.19455376917649972
2012-02-22,105.95639038085938,0.34027053520027356,-0.6380415620806927
2012-02-22,2933.169921875,0.1984858487312887,-0.022870077424211887
2012-02-23,2956.97998046875,0.6197549151640966,-0.11355024871449129
2012-02-23,106.42375183105467,0.7866697545680069,0.17706869800340924
2012-02-24,106.65743255615234,0.792889859433171,-0.17919757771303998
2012-02-24,2963.75,0.889487040583393,-0.26481137860094756
2012-02-27,2966.159912109375,2.055873588918741,-0.4676835518217229
2012-02-27,106.83656311035156,1.775580268260685,-0.2704819003733099
2012-02-28,2986.760009765625,2.5938515948212544,-0.041414329540860176
2012-02-28,107.14813232421876,2.4819918801078384,0.013727222800555175
2012-02-29,106.7274932861328,3.134592838498328,-0.5278149584287208
2012-02-29,2966.889892578125,3.538798151379908,-0.3149140598227279
2012-03-01,2988.969970703125,4.4831539557770315,0.2044172848644747
2012-03-01,107.28055572509766,4.3299170062358625,0.38868608402172594
2012-03-02,2976.18994140625,5.7682670982168815,-0.3270697092067309
2012-03-02,106.953369140625,5.2303951470317305,-0.36736907952967407
2012-03-05,106.5172348022461,11.358430562033798,0.36827173618272746
2012-03-05,2950.47998046875,11.06429828647626,-0.12964283003706553
2012-03-06,2910.320068359375,13.289669388730733,0.7803403181929623
2012-03-06,104.95938110351562,13.513389975223113,0.3963280062343658
2012-03-07,105.69155883789062,16.223274712556325,0.5674499216274123
2012-03-07,2935.68994140625,16.825517489276315,-0.5423500966189694
2012-03-08,2970.419921875,19.05868728255554,-0.6064983384361551
2012-03-08,106.74310302734376,20.254999595940074,-0.18569249003206711
2012-03-09,2988.340087890625,23.405131695600247,-0.07935719914672698
2012-03-09,107.15591430664062,23.42942896011545,0.03657575426773714
2012-03-12,107.16372680664062,37.29140546122066,-0.47678133389069804
2012-03-12,2983.659912109375,37.705302443647135,-0.039372552459546996
2012-03-13,3039.8798828125,42.93795816667497,-0.23061082098693028
2012-03-13,109.0954132080078,42.849968284643126,0.5718489811919372
2012-03-14,3040.72998046875,48.629682168047985,-0.25470458328378526
2012-03-14,108.97860717773438,48.64820243741322,0.27909403081529766
2012-03-15,3056.3701171875,54.525543081704356,-0.5087354103088919
2012-03-15,109.60951232910156,54.590506772008936,0.2736710335184141
2012-03-16,3055.260009765625,60.572986185833734,-0.04333799255016312
2012-03-16,109.7612762451172,60.57948577821663,-0.07356714039786068
2012-03-19,3078.320068359375,78.2191701432937,-0.007079436873391272
2012-03-19,110.19157409667967,78.14281597447626,-0.017757710183087458
2012-03-20,3074.14990234375,83.51550252156657,-0.07922173972830453
2012-03-20,109.87081909179688,83.48465290854782,-0.1284773758482997
2012-03-21,3075.320068359375,88.24245049698119,0.2019801761537901
2012-03-21,109.69086456298828,88.03250333710682,-0.09797427850604412
2012-03-22,3063.320068359375,92.23098704657569,-0.03920763875210641
2012-03-22,108.90074920654295,92.24457264878895,0.2424623612500936
2012-03-23,109.25279998779295,95.43216380704457,-0.716352353700215
2012-03-23,3067.919921875,95.53630196793183,-0.20447705306773326
2012-03-26,3122.570068359375,100.00249978100615,-0.48889419060829487
2012-03-26,110.78614807128906,99.87700759416056,-0.8419970892254621
2012-03-27,110.4419403076172,6.639805137183263,0.1468541097809299
2012-03-27,3120.35009765625,2.5970011152692973,0.6622863827720582
2012-03-28,109.89427947998048,6.389132968563116,-0.24118387090082558
2012-03-28,3104.9599609375,3.827813198890895,0.09370050266260257
2012-03-29,3095.360107421875,-3.522314754855911,-0.5448971686246823
2012-03-29,109.70655822753906,0.20827020382919972,-0.269036789027492
2012-03-30,110.16029357910156,3.8793682285427358,0.03371164837251192
2012-03-30,3091.570068359375,-1.5756938877923938,0.25667866802041406
2012-04-02,3119.699951171875,-1.0078909169755375,-0.43407544208719906
2012-04-02,110.96612548828124,0.4093208520055284,-0.013962417410350952
2012-04-03,3113.570068359375,1.4373396661311815,0.2665405653457191
2012-04-03,110.51233673095705,-0.9640232181959308,-0.38779963309299376
2012-04-04,3068.090087890625,-0.27126023349680634,0.5221086670236365
2012-04-04,109.41704559326172,-0.9314401157798611,0.2845474630482876
2012-04-05,3080.5,-1.2156959822982167,-0.17550684890565665
2012-04-05,109.36229705810548,-1.4461946107723214,0.3841299003096095
2012-04-09,3047.080078125,-1.0606507835341745,-0.5985593230044496
2012-04-09,108.13401794433594,0.26930937437861846,0.12109774332708004
2012-04-10,106.3190460205078,1.1350225024325216,-0.5825039004858175
2012-04-10,2991.219970703125,0.7190765884637258,-0.8177963728197041
2012-04-11,107.1795654296875,-1.0738535083798186,0.2651133160958597
2012-04-11,3016.4599609375,0.6138610352711745,-0.0011304220759605188
2012-04-12,108.57994842529295,-0.4508653303189237,0.15463350674283965
2012-04-12,3055.550048828125,-0.0419711601506732,-0.24317866527357193
2012-04-13,107.28910064697266,-0.33670723564440375,0.4926711215290792
2012-04-13,3011.330078125,-0.6493615317718471,-0.8360556168237188
2012-04-16,107.21873474121094,-0.39828465993243584,1.712787049281571
2012-04-16,2988.39990234375,-0.2315085791859009,-0.1467971240892541
2012-04-17,108.80684661865234,0.7450472481593204,0.0128612718683859
2012-04-17,3042.820068359375,-0.28617887080101206,0.04129197037336026
2012-04-18,108.43913269042967,-0.6078047309227393,-0.08131673025963763
2012-04-18,3031.449951171875,0.45697181887854743,0.3142153935212666
2012-04-19,107.7428970336914,-0.5381393803617112,-0.22221811631909852
2012-04-19,3007.56005859375,0.5884000073396872,-0.042531905320275384
2012-04-20,107.9228057861328,-0.24715494977140764,-0.07171904076654471
2012-04-20,3000.449951171875,0.28661940237377226,-0.11303432100279674
2012-04-23,107.01531982421876,-0.09442478045667453,0.7712336850968823
2012-04-23,2970.449951171875,-0.43181788629242207,0.1981599385214296
2012-04-24,2961.60009765625,0.1850655480437303,0.12176822814805129
2012-04-24,107.42208099365234,0.4246746864044644,0.1375197122536986
2012-04-25,3029.6298828125,-0.40250415510339593,0.39924345015976676
2012-04-25,108.89291381835938,-0.15583326351302015,0.29504664036112793
2012-04-26,3050.610107421875,0.5829093928511949,-0.0336197108311989
2012-04-26,109.65177154541016,0.03528043146420857,0.05008665415333946
2012-04-27,3069.199951171875,-0.08536879242047424,0.31318493526609115
2012-04-27,109.83167266845705,0.8165368117672993,0.5860629453616327
2012-04-30,3046.360107421875,-0.41226807458813336,0.7682731936542991
2012-04-30,109.42488861083984,0.28377296137964886,0.410242038623651
2012-05-01,110.10549926757812,-0.3078843977335623,0.6227134567013992
2012-05-01,3050.43994140625,0.3655284889450458,0.7967649030574137
2012-05-02,109.77696990966795,0.051091353899975996,0.9539558216663877
2012-05-02,3059.85009765625,-0.13860533673811784,0.9812648263583935
2012-05-03,108.9398193359375,-0.1902272451509523,1.5647468348531255
2012-05-03,3024.300048828125,-0.09279666511773381,1.5446944137559315
2012-05-04,107.1795654296875,0.09866694343524922,2.042342085230305
2012-05-04,2956.340087890625,-1.056658728911686,2.217089616858313
2012-05-07,107.25782775878906,-0.45150168284402376,4.61600364555903
2012-05-07,2957.760009765625,0.0609169549704242,4.836278261675064
2012-05-08,106.82756042480467,0.2865333162110323,5.306983898553026
2012-05-08,2946.27001953125,-0.22422674346563587,5.292268919918239
2012-05-09,106.19384002685548,-0.10018374774632989,7.3143774568820685
2012-05-09,2934.7099609375,0.42479845858162796,6.982843982014064
2012-05-10,106.41290283203124,-0.42530551728974536,8.57119287667675
2012-05-10,2933.639892578125,0.310106919484229,9.014407730110639
2012-05-11,106.09217071533205,-0.4377990561533426,11.053026552020656
2012-05-11,2933.820068359375,-0.10075594534770378,10.857666550627792
2012-05-14,2902.580078125,0.4582485547825964,19.443899259422057
2012-05-14,104.91867065429688,-0.05847319552990312,20.351498831889668
2012-05-15,2893.760009765625,-0.7553347216205117,23.592266118254344
2012-05-15,104.31626892089844,-0.597091536367522,23.237484305250188
2012-05-16,103.91727447509766,0.10870467869600467,27.866046764406686
2012-05-16,2874.0400390625,0.42003607380858216,28.112581911624666
2012-05-17,102.37604522705078,0.02105237738620967,32.61501585738007
2012-05-17,2813.68994140625,-0.2877534476472946,32.38023087746192
2012-05-18,101.49984741210938,0.3967775157576655,37.05724824325358
2012-05-18,2778.7900390625,-0.2447584993999813,37.637113323878765
2012-05-21,2847.2099609375,-0.2487187886765911,54.42170270107388
2012-05-21,103.24446868896484,-0.4261599306096365,54.67151477058367
2012-05-22,2839.080078125,0.16400001363806965,60.44619577912226
2012-05-22,103.42439270019533,0.37907927434959704,60.67490893063166
2012-05-23,103.47916412353516,0.3189320435270583,66.32922357905879
2012-05-23,2850.1201171875,-0.23817401792061269,66.76086671614605
2012-05-24,2839.3798828125,-0.4474363650646303,72.52604694236705
2012-05-24,103.68256378173828,-0.15851908641243956,72.58750524596422
2012-05-25,103.34619903564452,0.10776327167051308,78.1999046522024
2012-05-25,2837.530029296875,-0.5019093256200764,78.30900510892097
2012-05-29,104.59788513183594,-1.1837495493044519,95.75654231134124
2012-05-29,2870.989990234375,-0.12618933775957883,95.16073683192612
2012-05-30,2837.360107421875,1.6661199647695226,98.02818458208405
2012-05-30,103.08016967773438,-0.5566966450443868,98.01030526856209
2012-05-31,102.85327911376952,1.1861070205502864,99.4952870846134
2012-05-31,2827.340087890625,-0.503228527750668,99.30170216569837
2012-06-01,100.26374816894533,-0.05348334030892586,99.96814989519862
2012-06-01,2747.47998046875,-0.15337699968771318,99.8235768246491
2012-06-04,2760.010009765625,-0.2532874422665071,2.384436537374565
2012-06-04,100.21685028076172,-0.5533661107587408,2.935932468070721
2012-06-05,2778.110107421875,-0.294741459407152,5.478000939212775
2012-06-05,100.97570037841795,-0.09659707733193278,-1.3057639930928506
2012-06-06,103.24446868896484,0.9011324269907743,-1.631156459423983
2012-06-06,2844.719970703125,0.025436301743627026,2.597579885349859
2012-06-07,103.3070068359375,0.7111343314197611,-0.3360983015541552
2012-06-07,2831.02001953125,0.12824716644455963,3.26101659543375
2012-06-08,2858.419921875,-0.09452702826998857,1.3888525251937758
2012-06-08,104.12850952148438,-0.2441789571533113,-0.5522039888763456
2012-06-11,2809.72998046875,1.0328034055740638,-0.11012232070807795
2012-06-11,102.80633544921876,-0.4086524384985036,-0.2567518266564968
2012-06-12,103.98766326904295,0.10597093913051503,-4.011152504454167
2012-06-12,2843.070068359375,-0.07018503551168312,1.4102885718384797
2012-06-13,2818.610107421875,0.04151527533072556,1.920537693577029
2012-06-13,103.32267761230467,0.021314804507287916,-1.002481759650429
2012-06-14,104.41797637939452,-0.01755530085934037,-0.19846385964394897
2012-06-14,2836.330078125,0.11384989854396509,2.399514306190641
2012-06-15,2872.800048828125,0.34299876992721734,-0.8136033794639373
2012-06-15,105.48589324951172,0.007778461189014657,-2.008836164729175
2012-06-18,105.69032287597656,-0.23423146344140214,0.48867931352806904
2012-06-18,2895.330078125,0.45013305301819373,-1.038361868309715
2012-06-19,106.712646484375,-0.17426891762431795,1.1801304966729464
2012-06-19,2929.760009765625,-0.21556191064559216,0.2953553593183577
2012-06-20,2930.449951171875,-0.32124050781593205,-2.4665435520762227
2012-06-20,106.53963470458984,-0.7469071694896854,-0.421582405762223
2012-06-21,2859.090087890625,-0.47555158041814677,1.6863016192198
2012-06-21,104.14901733398438,0.4416260018724549,-0.09489036126684999
2012-06-22,104.95114135742188,0.8328237559582649,1.9359698737901043
2012-06-22,2892.419921875,-0.13754116070536518,0.7405595471225216
2012-06-25,103.26829528808594,0.16788647910721716,-1.7763704410902217
2012-06-25,2836.159912109375,-0.008949501672590038,-0.853970815678321
2012-06-26,103.78727722167967,-0.5424653672233755,0.1658007831287861
2012-06-26,2854.06005859375,0.663104709306613,0.01653524773618703
2012-06-27,104.72307586669922,-0.14318694548112332,-0.0831225443271798
2012-06-27,2875.320068359375,-1.4177289362190721,-0.5912598910884704
2012-06-28,2849.489990234375,-0.5974238102921429,1.9737851673159157
2012-06-28,104.42423248291016,0.5006793508531046,1.4229227757677805
2012-06-29,107.0271453857422,0.7695068228738848,0.258824839662387
2012-06-29,2935.050048828125,0.5202739026162944,-0.19820737046062994
2012-07-02,107.34960174560548,0.4864369846595393,-0.13489102384570173
2012-07-02,2951.22998046875,-0.008323944859478067,-0.2086268472631743
2012-07-03,108.05736541748048,0.2979903626459857,0.010123009243843632
2012-07-03,2976.080078125,0.7232352767526891,-0.4179171007863795
2012-07-05,107.5697784423828,0.5014311338287868,-0.22049609640244935
2012-07-05,2976.1201171875,-0.30148512035319985,1.3435659121128212
2012-07-06,106.5474853515625,0.30273304132964723,0.001562536892502125
2012-07-06,2937.330078125,-1.0110555692011005,0.46244439849540786
2012-07-09,106.41383361816406,-0.05577546086751402,0.2764826346514392
2012-07-09,2931.77001953125,-0.5812981543307384,0.2993366421770235
2012-07-10,2902.330078125,0.5510503953821702,0.5368209352665543
2012-07-10,105.48589324951172,0.9159177583793237,0.10721655639120409
2012-07-11,2887.97998046875,-0.012761573842524044,-0.07804194848082423
2012-07-11,105.50161743164062,0.4457165242288339,-0.1024364167167397
2012-07-12,2866.18994140625,-0.7217947321278478,0.24356495693923247
2012-07-12,104.99044036865234,0.03807482318038944,-0.09569295619093925
2012-07-13,2908.469970703125,-0.21757628610974358,0.8109545448535809
2012-07-13,106.75196075439452,-0.13963068965460135,1.2330486702601913
2012-07-16,2896.93994140625,0.6334789259973478,0.4295224272288207
2012-07-16,106.50035095214844,0.6345852657463743,0.6719150140854412
2012-07-17,2910.0400390625,-0.5784106063797769,0.520797927464348
2012-07-17,107.23169708251952,-0.5757043236676102,-0.15042712393341048
2012-07-18,2942.60009765625,-0.3389795954889188,-0.3359218028725696
2012-07-18,108.02590942382812,0.7456962975738651,-0.012559197563100944
2012-07-19,108.30900573730467,-0.15082291221436495,0.9884874948705867
2012-07-19,2965.89990234375,-0.1771217056240405,0.9504404322893084
2012-07-20,2925.300048828125,-1.2518619902324897,-0.4087439153209277
2012-07-20,107.31817626953124,0.36105657253093915,-0.426823916220105
2012-07-23,2890.14990234375,0.3699531796184938,-0.18350673768845943
2012-07-23,106.23296356201172,0.46319067804344993,-0.07305197295060027
2012-07-24,2862.989990234375,-0.1497685205623154,-0.16460998400435456
2012-07-24,105.3207015991211,-0.39141075317626456,-0.06730738724952873
2012-07-25,2854.239990234375,0.11034777861457701,1.3829351289208476
2012-07-25,105.3443374633789,-0.2548220293191339,-0.8956035668467159
2012-07-26,107.08226776123048,0.8596847556970835,-0.06279308710866457
2012-07-26,2893.25,0.4557611295075789,-0.507646772359179
2012-07-27,2958.090087890625,2.0485207086211097,-0.1278482158250371
2012-07-27,109.05607604980467,-0.1625703097755665,0.1519167730671926
2012-07-30,2945.840087890625,-0.08853464579418142,-0.28100280238161146
2012-07-30,109.05607604980467,0.0791410143031061,0.08562167910556599
2012-07-31,108.29328155517578,0.06047022846618986,0.5352551036780403
2012-07-31,2939.52001953125,-0.02160529511680997,-0.8189522678393615
2012-08-01,108.19889068603516,-0.06880200311566873,0.7190061332187814
2012-08-01,2920.2099609375,-0.12706477185031007,-0.37168542001222876
2012-08-02,2909.77001953125,0.03496995391829006,0.6799765198987952
2012-08-02,107.45185089111328,0.23551835945345237,0.9149541146513478
2012-08-03,2967.89990234375,-0.07349854034922228,0.2565428930417342
2012-08-03,109.58292388916016,0.07763622816487109,0.20234498437221135
2012-08-06,2989.909912109375,0.10736886365084106,-0.7010352254625138
2012-08-06,109.79528045654295,0.11808976082813957,0.11669277351644855
2012-08-07,3015.860107421875,-0.04214368308020691,-0.07218178245178301
2012-08-07,110.3457260131836,0.11596076964092485,-0.5933772760622877
2012-08-08,3011.25,0.13391335129146215,0.44628093254988205
2012-08-08,110.47942352294922,-0.004968358085627752,-0.5251293698945563
2012-08-09,110.5737762451172,0.2144091409875932,0.16292422325600628
2012-08-09,3018.639892578125,0.026395971350577654,0.1429675187996318
2012-08-10,110.75465393066406,0.5295116014488486,-0.13296631211135124
2012-08-10,3020.860107421875,-0.13017195934715198,0.014697792119730912
2012-08-13,110.69959259033205,0.14259097803357107,0.157545245309387
2012-08-13,3022.52001953125,1.3567722117054093,0.08235659981998515
2012-08-14,3016.97998046875,0.4548159981073789,-0.018742868905605024
2012-08-14,110.71533966064452,1.0757264515224043,0.07241944954544874
2012-08-15,110.84114837646484,1.0966872865531851,-0.0999318558260962
2012-08-15,3030.929931640625,1.048490388090121,0.21702334238757987
2012-08-16,3062.389892578125,1.4479645428655394,-0.37528128127481203
2012-08-16,111.65904998779295,1.667597803618404,-0.2973498329118235
2012-08-17,111.80842590332033,1.9413330439054146,0.0015230236018185326
2012-08-17,3076.590087890625,2.210414494423615,0.054921747833673276
2012-08-20,3076.2099609375,4.5230225117194935,0.11543316561327498
2012-08-20,111.81625366210938,4.4994869567092985,0.2129402781584656
2012-08-21,111.47814178466795,5.703896560329031,0.7435834829850916
2012-08-21,3067.260009765625,5.48757057947584,0.19007268167630967
2012-08-22,111.52535247802734,6.980642093235078,-0.921043147767768
2012-08-22,3073.669921875,6.681403576620976,-0.6356955884419426
2012-08-23,110.61310577392578,8.75688639074636,-0.07238936439340626
2012-08-23,3053.39990234375,8.873142874830197,-0.22308984566368353
2012-08-24,3069.7900390625,10.913503518078643,0.4070576242441825
2012-08-24,111.28155517578124,11.068126809249923,-0.38809426556486054
2012-08-27,111.30509948730467,20.02934485725959,-0.12406861409381639
2012-08-27,3073.18994140625,19.911507324215965,-0.5187331539180078
2012-08-28,111.19501495361328,23.437867772941097,-1.247761980106603
2012-08-28,3077.139892578125,23.475819765133412,0.1325095088159682
2012-08-29,111.28155517578124,27.583134959803907,0.11309027741353929
2012-08-29,3081.18994140625,28.367419721031727,0.28931180570131687
2012-08-30,3048.7099609375,32.438271771234795,-0.14712466760803708
2012-08-30,110.47942352294922,32.77141261418985,-0.1282150460853452
2012-08-31,111.00629425048828,37.417341600462656,-0.3714225230065151
2012-08-31,3066.9599609375,37.49253456237632,-0.5887642922940385
2012-09-04,110.904052734375,60.341612124628575,1.3959943209014603
2012-09-04,3075.06005859375,60.69040941747061,-0.6556493767159898
2012-09-05,110.80973052978516,66.74563271730823,0.3334649344549597
2012-09-05,3069.27001953125,66.74275992573594,0.41463404379094876
2012-09-06,3135.81005859375,72.54561051263869,0.05293890843756091
2012-09-06,113.05879974365234,72.35366208789736,-0.1323398444351248
2012-09-07,3136.419921875,78.29858047850155,-0.09023897161485442
2012-09-07,113.49915313720705,78.18452847324319,-0.1569049978744381
2012-09-10,3104.02001953125,92.15777241382683,-0.10965988998622771
2012-09-10,112.85432434082033,92.24200016231697,0.09004962693530143
2012-09-11,3104.530029296875,95.52846905985605,0.38258814558362986
2012-09-11,113.16885375976562,95.71900707544421,0.5259510569042057
2012-09-12,3114.31005859375,98.0360543429323,0.26576033973203034
2012-09-12,113.54637908935548,97.78910349932218,0.32067837372127506
2012-09-13,3155.830078125,99.3852261404656,0.45640303069759236
2012-09-13,115.27635192871094,99.52976936300792,-0.027683046787006955
2012-09-14,3183.949951171875,99.83935165630726,0.04034397390976496
2012-09-14,115.78752899169922,99.67029554562477,-0.16833609286236725
2012-09-17,3178.669921875,2.1819839525376703,-0.09013170613092777
2012-09-17,115.39435577392578,12.549676736905667,0.1785323037567556
2012-09-18,115.29998016357422,-3.255918053572847,0.04905378814461426
2012-09-18,3177.800048828125,1.7397572062000783,0.3766393268444555
2012-09-19,115.36288452148438,-1.2828704988066517,0.11234150028488918
2012-09-19,3182.6201171875,-0.48939511495217153,-0.2176537375914477
2012-09-20,115.37075805664062,-2.5263735058500174,0.22518605251918358
2012-09-20,3175.9599609375,-0.12311954503016997,0.1318507542477352
2012-09-21,115.32252502441406,-1.389590981955938,0.004974864568886981
2012-09-21,3179.9599609375,4.783392627132139,0.18531872764829763
2012-09-24,3160.780029296875,-0.8091751491278834,-0.12560667916868729
2012-09-24,115.14862060546876,-0.5757053785031759,0.10313364737461542
2012-09-25,3117.72998046875,0.882756998193316,-0.4056943173461474
2012-09-25,113.92321014404295,-0.5866946589123179,-0.04169622007607751
2012-09-26,113.28279113769533,0.1389734448976671,0.19233515267015242
2012-09-26,3093.699951171875,3.4040568623629475,-0.04296719143784097
2012-09-27,3136.60009765625,0.7237471202092914,-0.3739669629700653
2012-09-27,114.35011291503906,-0.8724707084480122,-0.06393681217203624
2012-09-28,113.8204116821289,-0.4461125424520592,0.9085130929524519
2012-09-28,3116.22998046875,-0.6180310765053819,-1.5124118382612404
2012-10-01,114.12086486816406,0.32232389012929474,0.7680590407621991
2012-10-01,3113.530029296875,-1.7055379018091732,-0.35262355518820143
2012-10-02,114.23943328857422,-0.8136925725577596,0.0016367931169135458
2012-10-02,3120.0400390625,0.17594960112112976,-0.17017831164805705
2012-10-03,3135.22998046875,-0.09638065055186909,0.2639885947258831
2012-10-03,114.70589447021484,0.06293094124122554,-0.2572478545582846
2012-10-04,3149.4599609375,-0.6314004191243455,0.015470399556242133
2012-10-04,115.52809143066406,-0.6495773957642972,-0.05946192514987738
2012-10-05,3136.18994140625,-1.997877186820138,0.06755034231404236
2012-10-05,115.53599548339844,-1.1651426747495381,-0.00014457068805284534
2012-10-08,115.14068603515624,0.3718484739965678,0.27250756081438826
2012-10-08,3112.35009765625,0.5769999516804221,0.09009060492530122
2012-10-09,114.00226593017578,1.0246824898515663,0.3383044124808897
2012-10-09,3065.02001953125,0.8566303510553784,0.15489871786100018
2012-10-10,113.2749252319336,1.5846378188497878,0.12415975421109339
2012-10-10,3051.780029296875,1.449009700102614,0.3400236677310111
2012-10-11,3049.409912109375,-0.3873207444324634,-0.10476116573983124
2012-10-11,113.33816528320312,0.1993803284939666,0.20117483712392503
2012-10-12,3044.110107421875,0.4036640513712543,0.5195461208196649
2012-10-12,112.96660614013672,0.3621257672036447,0.4799111102163091
2012-10-15,3064.179931640625,0.4215869399740007,0.7664301914764398
2012-10-15,113.90740966796876,-0.4609792211749388,0.7248485276792115
2012-10-16,115.0616455078125,0.14213685011865715,0.9580635105188443
2012-10-16,3101.169921875,0.3132180962099906,1.2115824105753168
2012-10-17,115.58340454101562,-0.39945023632015975,1.2933274462943727
2012-10-17,3104.1201171875,-0.2870563591924,1.2718021371599135
2012-10-18,115.28302764892578,-0.8915666017806957,2.035224922771471
2012-10-18,3072.8701171875,-0.6464370579979494,2.130593921466178
2012-10-19,3005.6201171875,0.39644089102913427,2.5748354395868773
2012-10-19,113.36188507080078,0.03037513555014095,2.859495485466584
2012-10-22,113.37767028808594,-0.2730641768988499,5.3620438710367395
2012-10-22,3016.9599609375,-0.20319999429939856,5.027517533839575
2012-10-23,2990.4599609375,0.2471610593186237,7.0832903399619305
2012-10-23,111.80440521240234,0.41882973337127005,7.377410782989606
2012-10-24,111.48821258544922,0.27380784329282065,8.817462545569553
2012-10-24,2981.699951171875,-0.610920116983923,9.577443210482755
2012-10-25,111.81233215332033,-0.5321662122016046,10.52747489667751
2012-10-25,2986.1201171875,0.3169817707118828,10.849987233599649
2012-10-26,111.74908447265624,-0.17501192632599796,13.827620730806098
2012-10-26,2987.949951171875,0.6333582900233702,12.980507917869001
2012-10-31,2977.22998046875,-0.17470807752496997,32.31787644250249
2012-10-31,111.74908447265624,-0.06103267227171639,32.75039096477148
2012-11-01,3020.06005859375,0.03882089503701951,37.26750162939859
2012-11-01,112.91912841796876,0.6542375198284645,37.34779634022845
2012-11-02,111.91510772705078,-0.3950938520318674,43.21389841591032
2012-11-02,2982.1298828125,-0.47308335809002205,42.8326053898718
2012-11-05,2999.659912109375,0.23255393848471514,60.638860741125406
2012-11-05,112.14436340332033,-0.08770993314056695,60.65663372224209
2012-11-06,113.02191162109376,-0.3399137275723179,67.00034837538722
2012-11-06,3011.929931640625,-0.44076502285486063,66.1421589243639
2012-11-07,2937.2900390625,0.39009090416660025,71.99378396627111
2012-11-07,110.4604263305664,-0.23877826974667984,72.740346076929
2012-11-08,2895.580078125,-0.6628143634324168,78.31474518397896
2012-11-08,109.13224792480467,-0.36868578416798725,77.97453706367722
2012-11-09,109.2270965576172,0.0004466364032871345,83.45020298171866
2012-11-09,2904.8701171875,0.5460591645630198,83.64928403604677
2012-11-12,2904.25,-0.9597754759506183,95.41946619752719
2012-11-12,109.31409454345705,0.3505810107231466,95.68101162128241
2012-11-13,108.9345932006836,0.0903940715051567,98.00668847977059
2012-11-13,2883.889892578125,-0.03656579699023916,97.87769237482041
2012-11-14,2846.81005859375,0.397505963044933,99.47075985251989
2012-11-14,107.46411895751952,0.3499787638128274,99.46676420922512
2012-11-15,107.28229522705078,-0.6880812672079565,100.02580244595163
2012-11-15,2836.93994140625,0.41115865754287695,99.63692431527818
2012-11-16,2853.1298828125,0.3830087920150359,4.429650088964413
2012-11-16,107.8119659423828,-0.8724717226498808,6.43861864659952
2012-11-19,2916.070068359375,0.21653707296862798,0.07166285547826086
2012-11-19,109.99400329589844,0.2538035833034374,-1.1183957850875745
2012-11-20,2916.679931640625,0.844125079632047,3.2755223931802044
2012-11-20,110.04143524169922,0.4177214876345722,-1.7548537141389213
2012-11-21,110.2469711303711,-0.15418290063103657,-0.4314939170725936
2012-11-21,2926.550048828125,-0.0643860438474234,-0.4013762853371186
2012-11-23,2966.85009765625,0.4554745833219234,0.32016795889411975
2012-11-23,111.74908447265624,0.27894088343208573,-0.22461127954850282
2012-11-26,2976.780029296875,-0.04649084964868701,-0.4948182849569369
2012-11-26,111.51189422607422,0.24351306206003973,0.242876270935914
2012-11-27,2967.7900390625,0.6996419576759327,2.0060326807118756
2012-11-27,110.94269561767578,1.1077875731862947,-0.4341068806033663
2012-11-28,2991.780029296875,0.028953897008892067,-1.5859127304433576
2012-11-28,111.83604431152344,-0.023541748802883025,-1.2053961830562965
2012-11-29,3012.030029296875,0.08106614742166107,-0.4004901496811019
2012-11-29,112.35781860351562,-0.05805063772402178,0.5433532457092255
2012-11-30,3010.239990234375,-0.6698640337045623,-0.30681488501048393
2012-11-30,112.38157653808594,-0.11655786333166185,1.6283854948451533
2012-12-03,111.82814025878906,-0.23809409564864387,-0.912295682739204
2012-12-03,3002.199951171875,-0.1439848155598688,0.17396461007180153
2012-12-04,111.67003631591795,-0.3240994754708324,0.7849793348956354
2012-12-04,2996.68994140625,-0.3883863786095612,0.3034644187518792
2012-12-05,111.86762237548828,-0.009233657915510929,-0.39118205768293735
2012-12-05,2973.699951171875,-0.5439203502609112,-0.02876381438081565
2012-12-06,2989.27001953125,-0.23922040541503575,-0.32284858935189564
2012-12-06,112.24718475341795,-0.5209984838848307,-1.0963979184729933
2012-12-07,112.58715057373048,-0.16405129516853842,0.18122807515786743
2012-12-07,2978.0400390625,-0.2869125915229771,0.1110968448339202
2012-12-10,112.63455200195312,-0.2707654247865058,0.8143088966468234
2012-12-10,2986.9599609375,0.4521020563438881,0.5974641698368913
2012-12-11,3022.300048828125,-0.2373668139117735,-0.3508911295317207
2012-12-11,113.40140533447266,-0.17216644474340662,-0.8951264341204678
2012-12-12,113.45675659179688,2.223400960667901,-0.14683368395225863
2012-12-12,3013.81005859375,1.8932278417304225,-0.41764536420279147
2012-12-13,112.76103973388672,0.16642691651593167,-0.6084235757136626
2012-12-13,2992.159912109375,-0.26216914904439975,-0.6684948830353842
2012-12-14,2971.330078125,1.007703946292706,-0.30092634495049875
2012-12-14,112.3420181274414,0.3533078180941525,0.0883906726537766
2012-12-17,113.66232299804688,-0.5023844884858999,0.15359590311540153
2012-12-17,3010.60009765625,-0.23949505000661966,0.0413279035052469
2012-12-18,3054.530029296875,-0.8675844654906516,0.19120112942778777
2012-12-18,114.92724609375,-0.7916843534584178,0.07796019792375093
2012-12-19,114.07343292236328,-0.03734593536702555,-0.28314614344016537
2012-12-19,3044.360107421875,-2.0839578950460074,-0.3614506859809177
2012-12-20,114.72957611083984,0.5610549303035626,-0.04425900075408333
2012-12-20,3050.389892578125,0.2704824905356177,0.12259402318562679
2012-12-21,113.68817138671876,-0.40362969084467176,0.0002162286384087414
2012-12-21,3021.010009765625,-1.1950108141238178,-0.12604785513168415
2012-12-24,3012.60009765625,1.9236992336686591,0.10017707996567737
2012-12-24,113.33785247802734,0.3921775829437246,-0.0476462068242853
2012-12-26,112.860107421875,0.249584273390682,0.13590084721292542
2012-12-26,2990.159912109375,-0.09715605941177528,0.013636676614759206
2012-12-27,2985.909912109375,1.2574576640748985,0.2533845726730596
2012-12-27,112.70885467529295,0.524273366321827,0.20767795685627866
2012-12-28,111.49066162109376,0.6264313966748772,0.4541064519438112
2012-12-28,2960.31005859375,1.087930557169036,-0.10444996256395192
2012-12-31,113.38562774658205,0.11211490214574689,0.6801321582509053
2012-12-31,3019.510009765625,-0.13451172880933548,0.0714528818592785
2013-01-02,3112.260009765625,-0.13221241261966754,-0.02967605214783517
2013-01-02,116.2917022705078,-0.6539010218095241,0.42245485380975495
2013-01-03,3100.570068359375,1.9782936864612826,-0.3294670918600557
2013-01-03,116.02899169921876,-0.29795258204078906,-0.47361624877781744
2013-01-04,116.53852081298828,0.005553958550899459,0.7070581605157418
2013-01-04,3101.659912109375,0.493182818976277,1.3810801157812895
2013-01-07,3098.81005859375,0.1384174095799672,-0.016557534479332083
2013-01-07,116.2200164794922,-0.2785668364340118,-0.03294182386744679
2013-01-08,115.88568115234376,-0.7881567522421633,0.06072573894288982
2013-01-08,3091.81005859375,0.02003000491406486,0.5888428653431119
2013-01-09,3105.81005859375,0.2414117071852483,0.5049234978634132
2013-01-09,116.18025207519533,0.09012633097450164,0.6689433940411468
2013-01-10,117.10385131835938,0.6501864587448679,0.35308006167645944
2013-01-10,3121.760009765625,0.11934154528440673,-0.18972948865918526
2013-01-11,3125.6298828125,-0.8216422379973753,0.1609764555722213
2013-01-11,117.09593200683594,-0.7335208724058297,0.27861483827146477
2013-01-14,117.0162582397461,-0.09271159509818058,-0.5084718948422611
2013-01-14,3117.5,-0.710135115892308,-0.10787321121064299
2013-01-15,3110.780029296875,-0.09259615594694856,-0.12230804326915487
2013-01-15,117.09593200683594,-0.07723335401235065,-0.37048535847350283
2013-01-16,3117.5400390625,0.252712601180063,-0.05411304364776191
2013-01-16,117.07992553710938,-1.4264932620610395,0.1552486200516419
2013-01-17,117.83637237548828,0.2848616069594249,-0.016577501728427917
2013-01-17,3136.0,2.3827935379705085,-0.2598020233446068
2013-01-18,118.09906768798828,1.2067588392646456,0.06006846214986593
2013-01-18,3134.7099609375,0.7112945823202537,0.19130179354805243
2013-01-22,118.73603057861328,1.084653369968982,0.11387292693390691
2013-01-22,3143.179931640625,0.6215301261625589,0.5343380021676457
2013-01-23,118.92710876464844,-1.0528272250316566,-0.12925603354802256
2013-01-23,3153.669921875,-0.45051715523973934,-0.10021721307410295
2013-01-24,3130.3798828125,-0.3428746891470714,0.18633963724695762
2013-01-24,118.95892333984376,-1.2030578863890782,0.12099692581904348
2013-01-25,3149.7099609375,-0.21124535146579534,0.057908677515675674
2013-01-25,119.62773895263672,-0.300404714525255,0.1545882658328298
2013-01-28,3154.300048828125,-0.42489972515055185,-0.12649034272585014
2013-01-28,119.48445892333984,-0.49437315578535734,0.2133893492586846
2013-01-29,3153.659912109375,-0.006669656069158648,-0.023821687332488538
2013-01-29,119.95421600341795,-0.5823950753381926,0.1596282105411427
2013-01-30,3142.31005859375,-0.9545645924404957,-0.045291868346560626
2013-01-30,119.48445892333984,-1.2536131164178186,-0.2369142115219292
2013-01-31,3142.1298828125,2.27306215733493,0.07950681581803182
2013-01-31,119.18986511230467,1.5343866820159797,0.006382723084843485
2013-02-01,3179.10009765625,0.9336825577294017,0.05343798575219465
2013-02-01,120.41596221923828,1.8192760149284177,-0.0187562056626851
2013-02-04,3131.169921875,-0.8766495708210035,0.17478801125357632
2013-02-04,119.06242370605467,-0.42901577819978154,0.029547549932396472
2013-02-05,3171.580078125,-0.4947191652747095,0.06127168347324882
2013-02-05,120.26471710205078,0.057142880783778965,-0.09877951524574663
2013-02-06,120.35231018066406,-0.9862855727390201,-0.05816767838574024
2013-02-06,3168.47998046875,-0.35089377761751184,-0.06564115626194787
2013-02-07,3165.1298828125,0.30365859411178886,0.02407424507505214
2013-02-07,120.19306182861328,0.11913518318356853,0.20551988840432453
2013-02-08,120.86183166503906,0.10860227004361843,-0.40390796646152616
2013-02-08,3193.8701171875,-0.21054422350737267,-0.11222931376554804
2013-02-11,3192.0,0.6125164494336957,0.7620644813087477
2013-02-11,120.83798217773438,0.667325015823777,-0.01378224543193984
2013-02-12,3186.489990234375,0.027878872465819174,-0.3471551947969649
2013-02-12,121.03699493408205,-0.08103074044496299,-0.163590034322095
2013-02-13,3196.8798828125,0.006247994349304218,0.5784466811436266
2013-02-13,121.14054870605467,0.5059744091465196,0.026671028814940996
2013-02-14,121.25201416015624,-0.674543439640459,0.58161113982327
2013-02-14,3198.659912109375,-0.5184793323267023,-0.10479723011816186
2013-02-15,3192.030029296875,0.35704655713253053,0.01799457493158889
2013-02-15,121.10870361328124,0.09887002763955974,-0.03487366791668747
2013-02-19,122.01634216308594,0.5072678259898562,-0.13291289871276574
2013-02-19,3213.590087890625,0.7457390878369767,0.10474531981078947
2013-02-20,3164.409912109375,-0.10565380925953985,0.20808153516077987
2013-02-20,120.49560546875,-0.2847185496042492,-0.14665278003905075
2013-02-21,119.76314544677734,-0.12628186686132165,-1.0056446919038173
2013-02-21,3131.489990234375,0.38614618620936025,-0.4514434463916283
2013-02-22,120.93352508544922,0.187901508127678,-0.4740130500483333
2013-02-22,3161.820068359375,-0.24644078207547818,-0.17266516128489662
2013-02-25,118.6325225830078,-0.3730822969457576,-0.0067810660061256595
2013-02-25,3116.25,-0.06507994878052387,-0.484398280594044
2013-02-26,119.44465637207033,0.04220336178452928,0.4965104147109478
2013-02-26,3129.64990234375,0.06694876733647914,0.5574908901228655
2013-02-27,120.9494171142578,0.022783598549656617,-0.4096278442533576
2013-02-27,3162.260009765625,0.1266168386545375,-0.016298903629354353
2013-02-28,120.71057891845705,-0.2910152841357055,-0.6993000891924658
2013-02-28,3160.18994140625,-0.02039262356123404,0.12056440515769892
2013-03-01,121.10870361328124,0.3314701194864091,-0.5183234939941391
2013-03-01,3169.739990234375,-0.3510706616372461,-0.2570959390767969
2013-03-04,121.75357818603516,0.09891571055227492,-0.10438225268649785
2013-03-04,3182.030029296875,-0.3079381164587629,-0.5751283425617498
2013-03-05,122.84432220458984,0.493583168270201,-0.04800683705433961
2013-03-05,3224.1298828125,-0.559718077747747,0.24561360552828648
2013-03-06,123.01160430908205,0.04175978240989489,-0.014080272929965422
2013-03-06,3222.3701171875,-1.1123792961403567,0.08629622538173644
2013-03-07,123.2344970703125,0.27058569367863033,-0.08507592822162785
2013-03-07,3232.090087890625,0.14234439110553143,-0.04917583158197868
2013-03-08,123.75999450683594,0.4605125854233358,0.048969669651154304
2013-03-08,3244.3701171875,0.1999219886340723,0.08144975921272161
2013-03-11,124.2297134399414,0.2085227546955028,-0.031463937489109445
2013-03-11,3252.8701171875,0.023130403540354533,-0.03746897126010032
2013-03-12,3242.320068359375,-0.6762313019073848,0.07366700362138905
2013-03-12,123.9510726928711,0.46356628391120036,0.23580559220097994
2013-03-13,3245.1201171875,-1.7788549499187665,0.06836652083753351
2013-03-13,124.1262435913086,-1.073166451645898,0.06917913799133076
2013-03-14,3258.929931640625,0.3986823632253336,0.08689335974748806
2013-03-14,124.787109375,0.5431802342282356,0.1463861647112837
2013-03-15,3249.070068359375,0.7918585187872806,0.2045189040619164
2013-03-15,124.62230682373048,0.1821310265078947,0.09005317828405576
2013-03-18,3237.590087890625,2.58177198432478,0.16523299118785414
2013-03-18,123.9345703125,-0.8553412422752483,-0.19147302858828713
2013-03-19,3229.10009765625,2.129310359037282,-0.24952619806544246
2013-03-19,123.6466827392578,-0.3651069336730725,-0.10294027757445305
2013-03-20,3254.18994140625,-1.1588625803782173,-0.3174636883658447
2013-03-20,124.51041412353516,-0.1958729078529891,-0.3003145159589409
2013-03-21,3222.60009765625,0.9734991121988498,-0.34297647786087854
2013-03-21,123.44670867919922,-0.4083849825231181,-0.24144605644484707
2013-03-22,3245.0,-0.47802447297633316,-0.17555700449243875
2013-03-22,124.43841552734376,-0.4252406217432117,-0.10802307006410723
2013-03-25,3235.300048828125,-1.1412255444704638,0.12907440791909613
2013-03-25,123.91856384277344,-0.5808489697597847,-0.16234578717001624
2013-03-26,3252.47998046875,0.1357527008784445,-0.02353651221520916
2013-03-26,124.91024017333984,-1.1548510424014464,-0.1889479527763202
2013-03-27,3256.52001953125,-0.08556223623383677,0.10527929933389416
2013-03-27,124.91024017333984,-1.5569346049182489,-0.28858644429409896
2013-03-28,3267.52001953125,0.3917681512298808,0.11510634679518417
2013-03-28,125.29413604736328,-0.16800122711228918,0.2573373940671309
2013-04-01,3239.169921875,0.5724073034462427,0.0007531565739959122
2013-04-01,124.79827880859376,1.4894157435769788,-0.19330072026083361
2013-04-02,3254.860107421875,0.20525097661402703,-0.20916495088611747
2013-04-02,125.41407012939452,-0.4143483906830107,0.2078922608494042
2013-04-03,3218.60009765625,0.1843440418785191,0.072888264372921
2013-04-03,124.14248657226562,0.14068599012334917,-0.031887732282072936
2013-04-04,3224.97998046875,-0.20673196067735997,-0.7175017164879804
2013-04-04,124.64636993408205,-0.11816387278038734,-0.33800548800952407
2013-04-05,3203.860107421875,-0.28369986963485755,1.0606676564495814
2013-04-05,124.08648681640624,-0.20967924262498025,1.446420265171254
2013-04-08,3222.25,0.04614366044017458,-0.5688061081956427
2013-04-08,124.9262466430664,-0.5419858201080813,0.08811454459988269
2013-04-09,3237.860107421875,-0.1706044608969616,-0.5769766414813816
2013-04-09,125.35809326171876,-0.2899928428292126,-0.091944558846008
2013-04-10,3297.25,0.2895939445632742,-0.25061115818902824
2013-04-10,126.8935546875,-0.5466864900035051,0.11301928882540396
2013-04-11,3300.159912109375,0.861869866701469,-0.40465618892309174
2013-04-11,127.30947875976562,0.2449875174994012,-0.37090267829310286
2013-04-12,3294.949951171875,-0.1649739678131174,-0.34206431953887234
2013-04-12,126.99754333496094,-0.40827624990010886,0.06535968408235482
2013-04-15,124.054443359375,0.36054073835965295,0.061359634477961
2013-04-15,3216.489990234375,0.28391806255967644,-0.23879275851256282
2013-04-16,125.88591003417967,-0.052981886061190496,-0.1886940024463767
2013-04-16,3264.6298828125,-0.07688802255093673,0.036198559026515545
2013-04-17,124.04654693603516,-0.6489218818587635,-0.22391618146470882
2013-04-17,3204.669921875,0.45478423200181123,-1.095551632019489
2013-04-18,123.27080535888672,0.4458365798957625,0.7471451061310027
2013-04-18,3166.360107421875,0.05085847673807674,-0.5561076773065942
2013-04-19,124.3424301147461,-0.0307800386939298,0.905218999626135
2013-04-19,3206.06005859375,0.766558032700677,-0.26529979071269155
2013-04-22,124.89419555664062,-0.24112735711179392,0.3247063848820521
2013-04-22,3233.550048828125,-0.0997154467216552,0.3995276708996052
2013-04-23,126.18180847167967,-0.25828728712989574,-0.08571585871189412
2013-04-23,3269.330078125,0.44459172986889994,0.1735921107746248
2013-04-24,126.26181030273438,-0.11249449670043554,0.15875776436452535
2013-04-24,3269.64990234375,0.618212984147421,0.5300473608393986
2013-04-25,126.77360534667967,-0.052271116003054924,-0.34502092296723735
2013-04-25,3289.989990234375,-0.06124443145539987,0.16795601160068757
2013-04-26,126.54969024658205,-0.18705436157420025,-0.03912373757382695
2013-04-26,3279.260009765625,-0.18328539373352476,-0.04680714892904766
2013-04-29,127.39738464355467,-0.03214319375561269,0.06411407730344833
2013-04-29,3307.02001953125,-0.0910800574680215,0.09785880187713344
2013-04-30,127.70132446289062,-0.11013309221235992,0.11260482415624591
2013-04-30,3328.7900390625,0.4422244576586869,0.14712856224676465
2013-05-01,126.58171081542967,0.09819447042827399,-0.07107205637792044
2013-05-01,3299.1298828125,-0.1503361362206449,-0.27453868471574017
2013-05-02,127.75724029541016,0.6958187383822112,-0.13018484238009986
2013-05-02,3340.6201171875,0.05509643512511581,-0.21604612321665734
2013-05-03,129.0528106689453,-0.427267864205627,-0.21367690870217101
2013-05-03,3378.6298828125,0.0920053841128271,-0.29749408205165284
2013-05-06,129.38075256347656,0.6026703443954353,-0.2449595286531808
2013-05-06,3392.969970703125,1.037284239723021,-0.31146362784510917
2013-05-07,130.03651428222656,-0.5964286552638594,0.04720570917799788
2013-05-07,3396.6298828125,-0.7341596647416273,-0.010350183795129293
2013-05-08,130.62831115722656,-0.10264077982986583,0.10083371877325711
2013-05-08,3413.27001953125,0.8539591096067218,0.052513618601564754
2013-05-09,130.26039123535156,-0.16930009035872468,0.1080362232970802
2013-05-09,3409.169921875,0.38569598456101034,0.1600225986446044
2013-05-10,130.68431091308594,-1.2205484752527938,-0.10225247517799747
2013-05-10,3436.580078125,0.5150899209354536,0.07936105885633865
2013-05-13,130.78826904296875,-0.3223021763622478,0.0957471068259465
2013-05-13,3438.7900390625,1.372716768967799,0.11958607637138177
2013-05-14,132.13980102539062,-1.0973198967944795,-0.15082250678338452
2013-05-14,3462.610107421875,0.7224395312801338,-0.35775812957191677
2013-05-15,132.8515625,-0.8673692074542615,-0.19942860590875833
2013-05-15,3471.6201171875,0.712795548176741,-0.22967898268856007
2013-05-16,132.22779846191406,-0.0035902211772174345,0.12961861435955058
2013-05-16,3465.239990234375,0.21207095707283855,0.07035738424175735
2013-05-17,133.50732421875,-0.220544408515549,0.16126145537658917
2013-05-17,3498.969970703125,-0.15931648222232614,0.2935373574278589
2013-05-20,133.49935913085938,-1.9212055804713148,-0.00974246631205611
2013-05-20,3496.429931640625,0.31197509136188517,-0.04182702266771968
2013-05-21,3502.1201171875,-1.8755695880002659,-0.20974228272646883
2013-05-21,133.6913299560547,0.31508630170374186,0.1777652256054508
2013-05-22,132.6996307373047,-1.3570335073233755,0.4083449801473933
2013-05-22,3463.300048828125,1.5032346599496034,0.7019483669260207
2013-05-23,132.31581115722656,0.5704438884387003,-0.04592699414797278
2013-05-23,3459.419921875,0.9055901103911154,0.011871975484550532
2013-05-24,132.20382690429688,-0.7638121803127645,0.5843533471922381
2013-05-24,3459.139892578125,-0.3529489450976806,0.26904659834541184
2013-05-28,132.99551391601562,0.10901478827223487,0.27780443611557765
2013-05-28,3488.889892578125,0.47479639767437604,0.9726250857868937
2013-05-29,132.13185119628906,-1.172932179479148,0.3173647478661609
2013-05-29,3467.52001953125,0.13434925618300236,0.6657468788832721
2013-05-30,132.61964416503906,0.47184532258559886,0.14618367326008605
2013-05-30,3491.300048828125,-0.4335671606357526,0.18945604809331568
2013-05-31,130.71632385253906,-0.20860535016628123,-0.31963076964609594
2013-05-31,3455.909912109375,-0.06844362044436277,-0.2816146109739809
2013-06-03,131.43603515625,0.2149938115509481,-1.3595526445928912
2013-06-03,3465.3701171875,-0.25363783093588144,-1.2386408610613717
2013-06-04,130.80421447753906,-0.6211592469122592,0.2800628115731202
2013-06-04,3445.260009765625,-0.6763638887215009,0.5258761328558065
2013-06-05,128.9728546142578,1.5246549975750772,0.007954238089094262
2013-06-05,3401.47998046875,-1.057637264185736,0.7977674989258593
2013-06-06,130.14048767089844,-0.1905326110908127,0.09067308373973897
2013-06-06,3424.050048828125,-0.6202657870143449,-0.012271136196720833
2013-06-07,131.7959747314453,1.3168977255279397,0.19551671931289155
2013-06-07,3469.219970703125,0.03528305118528145,0.2979226123743819
2013-06-10,131.7959747314453,-0.6798513340034745,-0.09836140926273121
2013-06-10,3473.77001953125,-0.1288359971147259,0.7071395933120385
2013-06-11,130.43634033203125,0.4163632411044491,0.4146245399414789
2013-06-11,3436.949951171875,0.16888643490434058,1.6667866370638413
2013-06-12,3400.429931640625,0.5602603407007186,-0.0664850764873631
2013-06-12,129.35667419433594,-0.10669368813711634,-0.1656200207338033
2013-06-13,3445.360107421875,0.22527872824493608,-0.3881704717991705
2013-06-13,131.32411193847656,0.2139648186757877,-0.9532843087218408
2013-06-14,130.50038146972656,0.25563971128771024,-0.2949657006536389
2013-06-14,3423.56005859375,-0.027764941439719693,-0.6999843452377786
2013-06-17,131.50804138183594,0.05291448977793869,0.28645363975404714
2013-06-17,3452.1298828125,0.08431103242573838,-0.08608846099264598
2013-06-18,3482.179931640625,0.36338209651527076,1.0078779553324553
2013-06-18,132.54766845703125,-0.12979705927332805,-0.2652293699574203
2013-06-19,130.71632385253906,0.06694750620525387,0.4333492950683261
2013-06-19,3443.199951171875,0.1581497991568711,-0.34173920806952296
2013-06-20,127.47740936279295,-0.09609020264455811,0.23059750219740896
2013-06-20,3364.639892578125,-0.037309033827387865,0.6919871343290585
2013-06-21,127.88656616210938,0.1489434707880331,0.09147652080739467
2013-06-21,3357.25,0.2303699711547494,1.324598433290298
2013-06-24,126.27061462402344,0.28487995952870176,-1.4956462423591927
2013-06-24,3320.760009765625,0.1065558103347465,0.13652752018732897
2013-06-25,127.48462677001952,-0.0739244985154394,-0.8272999677270143
2013-06-25,3347.889892578125,-0.2525019532778786,1.4943248261675004
2013-06-26,128.74685668945312,0.38747515569243096,0.018413059745881706
2013-06-26,3376.219970703125,-0.4697276640800743,0.4325007843134463
2013-06-27,129.50257873535156,-0.2540554637448624,-0.2595541098113575
2013-06-27,3401.860107421875,-0.3153398747909643,-0.2772932719919752
2013-06-28,3403.25,-0.32022842641078186,-0.2080951614984393
2013-06-28,128.97193908691406,-0.08234261568180405,-0.08130494476174717
2013-07-01,3434.489990234375,-0.5438303134170706,0.31974064429719107
2013-07-01,129.7277069091797,-0.00010591699223475666,0.30664754809349537
2013-07-02,3433.39990234375,1.091344457129229,-0.342044549135544
2013-07-02,129.60707092285156,-0.24011817977905742,0.06145083537229199
2013-07-03,129.6634063720703,0.17637377809092486,-0.6779273966401492
2013-07-03,3443.669921875,0.028191865607692393,-0.07446563948614882
2013-07-05,3479.3798828125,-0.03272835695495853,-0.0539248505199749
2013-07-05,131.06227111816406,0.07791261874114126,-0.16531771047357954
2013-07-08,3484.830078125,-0.21938522496565538,-0.3866778267607721
2013-07-08,131.80987548828125,0.14425028985160063,-0.1482930747630298
2013-07-09,3504.260009765625,-0.07743443229127087,0.2847561634249764
2013-07-09,132.75863647460938,0.4805598794090493,0.5601340610149591
2013-07-10,3520.760009765625,0.12802348200296437,-0.22083676669696942
2013-07-10,132.8068084716797,-0.2749586580937707,0.03387254623635416
2013-07-11,3578.300048828125,-0.598047933247234,-0.3027665918460462
2013-07-11,134.61578369140625,-0.4239351358304501,-0.3219706770250377
2013-07-12,3600.080078125,0.5167616596331706,0.02437229550530821
2013-07-12,134.6720733642578,0.47566457172543836,-0.2007501650186573
2013-07-15,3607.489990234375,0.07032008619482674,1.078906733318849
2013-07-15,135.18653869628906,0.45968649013765794,0.5388162218629334
2013-07-16,134.6801300048828,-2.042698801189899,0.41234253888342187
2013-07-16,3598.5,0.8643412821615145,0.41199720704544407
2013-07-17,3610.0,0.11165865441600613,0.9263855799253633
2013-07-17,135.02577209472656,-0.31415534152157826,-0.29483449749218704
2013-07-18,3611.280029296875,0.3716816611734338,0.026225712001227804
2013-07-18,135.76544189453125,-0.6552179597151571,-0.16379187094063288
2013-07-19,3587.610107421875,-0.16821619879715707,2.122950427752429
2013-07-19,136.00657653808594,-0.04375954318105515,-0.7785967945592149
2013-07-22,3600.389892578125,0.2770509716613538,-0.7853499569891228
2013-07-22,136.27195739746094,-0.6370018970753593,0.0870306655130777
2013-07-23,3579.27001953125,-0.20225829116362887,-1.3430076466880052
2013-07-23,135.9825439453125,0.7842204358962706,-2.383045718251953
2013-07-24,3579.60009765625,0.6993556874077073,0.14654993337897962
2013-07-24,135.4840850830078,0.7267741184119391,0.19533066112893432
2013-07-25,3605.18994140625,-0.4231908332257019,-0.1470368554067403
2013-07-25,135.81365966796875,-0.21749902695008153,-0.027444535402942883
2013-07-26,135.95843505859375,0.5200816334834499,-0.055272924806663626
2013-07-26,3613.159912109375,-0.017452836278142307,-0.17232511459996844
2013-07-29,135.5403289794922,0.006034706822020744,-0.010357039925939828
2013-07-29,3599.139892578125,-0.05002345257703939,-0.03931312086159857
2013-07-30,135.5403289794922,0.7472893265787149,-0.026840069769578454
2013-07-30,3616.469970703125,-0.7743692569983609,-0.009456501363069976
2013-07-31,135.63685607910156,-0.4043029442310465,-0.26527030442998506
2013-07-31,3626.3701171875,-0.3443324882196885,0.07084512916520684
2013-08-01,137.20457458496094,0.24771246477906067,0.9549622144567441
2013-08-01,3675.739990234375,-0.07504651951164569,-0.5572489772895894
2013-08-02,137.4376678466797,-0.4594427273882483,0.1567608222113635
2013-08-02,3689.590087890625,-0.2563453519054699,-0.024162828052298465
2013-08-05,137.23672485351562,-0.051773868685049414,0.6429489175425512
2013-08-05,3692.949951171875,0.4993563656812685,-0.10409277486819814
2013-08-06,136.45680236816406,-0.4448369111143651,-0.0415824552837887
2013-08-06,3665.77001953125,-0.48695574002885783,-0.17308711398040258
2013-08-07,136.01466369628906,0.23639792940140336,-0.08831648892484668
2013-08-07,3654.010009765625,-0.47583271820764933,-0.16741330594393883
2013-08-08,136.51315307617188,-0.7547207640289937,0.1161595493701472
2013-08-08,3669.1201171875,-0.631505880989271,-0.0529218951899152
2013-08-09,136.1191864013672,0.46228105800493063,0.28452401127326366
2013-08-09,3660.110107421875,0.8333093060363925,0.3593206599088669
2013-08-12,135.95843505859375,0.2938440363708472,0.33084578248916735
2013-08-12,3669.949951171875,0.10496627000025203,0.4305837756268528
2013-08-13,136.3603973388672,0.3051906533881702,-0.42182057852377114
2013-08-13,3684.43994140625,0.605683074538374,-0.35692440523390856
2013-08-14,3669.27001953125,-0.15135828244365943,-0.06843520510093114
2013-08-14,135.6609344482422,-0.8731697813148598,-0.033091613594393325
2013-08-15,3606.1201171875,0.005187768468268954,0.0380829564160302
2013-08-15,133.7635955810547,-0.1790384939896238,-0.17660888426391183
2013-08-16,3602.780029296875,-0.2641629983656841,0.1139788683863809
2013-08-16,133.3214111328125,-0.5388591742233091,0.0077825147487254765
2013-08-19,132.46917724609375,-0.21287461675582336,0.23984110606307416
2013-08-19,3589.090087890625,-0.04685785551318317,0.10741601514621356
2013-08-20,133.1204376220703,-0.48192939430144643,0.0949055291086927
2013-08-20,3613.590087890625,-0.33823813171706874,0.03371613238710733
2013-08-21,3599.7900390625,-0.07199466792312188,-0.10114247750210398
2013-08-21,132.30032348632812,-0.10945015146424361,-0.04862570127916531
2013-08-22,3638.7099609375,-0.01711022066170135,0.06909922009614668
2013-08-22,133.50634765625,-0.04634152369243795,-0.1624296109619451
2013-08-23,3657.7900390625,-0.6218775931842467,-0.17807162907333324
2013-08-23,133.95654296875,-0.8096175912723054,0.031876786911351714
2013-08-26,133.4580535888672,-0.6289567882959116,-0.2334912963440078
2013-08-26,3657.570068359375,-0.5866121699554032,-0.5741746011730255
2013-08-27,3578.52001953125,0.32314227458311096,-1.1509222772643621
2013-08-27,131.31146240234375,-0.9370959899172502,1.1129581045202037
2013-08-28,131.77777099609375,-0.6928414018618375,-1.3635121944795152
2013-08-28,3593.35009765625,1.2948516130060046,0.5475273252117863
2013-08-29,3620.300048828125,0.23521921873232313,1.124006992837994
2013-08-29,131.98675537109375,0.11065205308903418,0.7774415078698618
2013-08-30,131.5687713623047,1.0413324076733703,1.7102276249011903
2013-08-30,3589.8701171875,-0.5824409477623955,-2.7875648860365843
2013-09-03,3612.610107421875,-0.44834165779696344,0.28498308307606485
2013-09-03,132.1636962890625,0.2539174111535621,-0.08178988960174953
2013-09-04,133.25711059570312,-0.4900711278420144,-0.052221036267597776
2013-09-04,3649.0400390625,-0.799082848686657,-0.9425586642651581
2013-09-05,3658.780029296875,-0.5187949563478941,0.5528445468325704
2013-09-05,133.4259033203125,0.035914737587402684,-0.5750970969698554
2013-09-06,133.49021911621094,-0.5208929585855567,-1.122677452372109
2013-09-06,3660.010009765625,0.6182058183978043,-1.2873976622660483
2013-09-09,3706.179931640625,-1.3263458600984968,0.5010574681996045
2013-09-09,134.76852416992188,-1.0443751314164011,1.3005242633686822
2013-09-10,135.76544189453125,5.646186636355119,-0.2526929603229385
2013-09-10,3729.02001953125,-2.005914454045766,-1.4284470942963605
2013-09-11,3725.010009765625,-0.06772132068700303,-0.729792979661178
2013-09-11,136.1916046142578,-0.020108455443969504,-0.25664289533230644
2013-09-12,3715.969970703125,-0.6595943085858917,0.19679140301802173
2013-09-12,135.8297882080078,0.0002523663426472379,-0.2549169570034792
2013-09-13,3722.179931640625,-0.4697381327592421,-0.5200227373044795
2013-09-13,136.13525390625,0.09742578230027318,0.2393571867758835
2013-09-16,136.923095703125,-0.5588311050201575,0.11965572601102445
2013-09-16,3717.85009765625,-0.8921028003175506,0.11935482447602495
2013-09-17,137.5341796875,-0.7583009676785821,0.4623389030311842
2013-09-17,3745.699951171875,1.319548895024842,0.028919600871254007
2013-09-18,3783.639892578125,0.4785825382056891,0.5640588659574008
2013-09-18,139.12599182128906,-1.1288177649682636,0.9560589673065757
2013-09-19,3789.3798828125,0.578493276970773,0.19971568918702537
2013-09-19,138.8928985595703,1.0972349833766255,-0.49321443114702496
2013-09-20,137.9217987060547,-0.07802615539349159,-0.32063227901409763
2013-09-20,3774.72998046875,-0.24959850375919299,-0.39496868769473154
2013-09-23,3765.2900390625,-0.2253304289001878,0.12198024863250602
2013-09-23,137.28355407714844,-0.44779822338050235,-0.11730486171862685
2013-09-24,3768.25,0.46528708179589484,0.2730408676942372
2013-09-24,136.9604034423828,-0.7416591370191584,-0.24621951085630403
2013-09-25,3761.10009765625,-1.0709450481940253,0.06658619215306613
2013-09-25,136.56454467773438,0.606930790104984,0.30980718903887294
2013-09-26,3787.429931640625,0.10619279644814719,-0.21292320463586115
2013-09-26,137.08966064453125,0.36500495848617376,-0.035514089979229245
2013-09-27,136.4595489501953,0.20773523685096987,0.32087137891373557
2013-09-27,3781.590087890625,1.0306013337383013,0.6943359247659303
2013-09-30,135.7323760986328,1.241600508225968,-0.19074424479866445
2013-09-30,3771.47998046875,0.5178584108598168,0.6445336160431117
2013-10-01,136.80690002441406,1.1993767998932234,-0.6265115734033769
2013-10-01,3817.97998046875,-0.6736267744056068,-0.36926337998641573
2013-10-02,3815.02001953125,-0.05516359953158224,-0.5213413181678619
2013-10-02,136.67764282226562,0.12921077845160758,-0.30892299173698584
2013-10-03,3774.340087890625,-0.2489409351550033,0.17795858650657023
2013-10-03,135.4172821044922,-0.4539567684222367,0.44679069290908247
2013-10-04,3807.75,-0.42633769719796194,-0.012983089562278729
2013-10-04,136.44337463378906,-0.16521339454234205,0.033571323840847905
2013-10-07,3770.3798828125,0.026169735255869235,-0.021013335985869724
2013-10-07,135.26388549804688,0.05492151757027877,0.43790007654448576
2013-10-08,3694.830078125,-0.11949586091027115,-0.22213607083064393
2013-10-08,133.68850708007812,-0.08291606518621786,-0.13019726010851204
2013-10-09,3677.780029296875,0.3140298348909402,-0.21086452919816165
2013-10-09,133.7854461669922,0.09247927241974264,-0.10710688986431763
2013-10-10,3760.75,0.9689655705654467,1.1969260624232296
2013-10-10,136.66954040527344,0.3448501511010553,0.19151435377385298
2013-10-11,137.55020141601562,-0.10673577317352603,0.25864381851067975
2013-10-11,3791.8701171875,0.0009524306717174706,0.48749927217350064
2013-10-14,3815.280029296875,-0.3180479812349679,-0.5630474094442415
2013-10-14,138.09947204589844,0.747938270783505,-0.3245094717590055
2013-10-15,3794.010009765625,0.3230845953123187,0.3769209454617528
2013-10-15,137.09774780273438,-0.3915989869884344,-1.3526799505933769
2013-10-16,3839.429931640625,0.4480772921536331,0.0380815501273981
2013-10-16,139.012451171875,0.3221079091898297,-0.35806695629213425
2013-10-17,3863.14990234375,0.2254277229279991,0.1568453665445049
2013-10-17,139.9414825439453,0.4760343468481767,0.009931788103111454
2013-10-18,3914.280029296875,-0.6528686112649692,0.2214236207653997
2013-10-18,140.88674926757812,0.2626651579508952,-0.129034103624239
2013-10-21,3920.050048828125,-0.6459937142678968,-0.11715635476746669
2013-10-21,140.89476013183594,-0.12795017153296084,-0.1263015010983806
2013-10-22,3929.570068359375,0.564367598598061,0.35694239526596167
2013-10-22,141.71083068847656,0.18470516471927395,0.2422745595399181
2013-10-23,3907.070068359375,-0.03379371826866181,-0.3840558829351055
2013-10-23,141.03213500976562,-0.45649703154553506,-0.23189243803935802
2013-10-24,141.50076293945312,0.48062490166608096,-0.11069062641567023
2013-10-24,3928.9599609375,0.12948173682629976,-0.29638460197991845
2013-10-25,142.1470184326172,-0.10961150621461226,0.5131692512600784
2013-10-25,3943.360107421875,-0.21006619872002383,-0.03746207749996164
2013-10-28,142.3732147216797,0.3843684996406687,0.08153457046977566
2013-10-28,3940.1298828125,-0.19019760721662943,-0.008017465747717117
2013-10-29,143.13262939453125,0.5027215967031804,0.3546901249494467
2013-10-29,3952.340087890625,0.09257500850464029,0.05835338105654275
2013-10-30,142.42176818847656,0.4618255256817855,0.04476498875403784
2013-10-30,3930.6201171875,-0.06986606770197479,0.9145893852427224
2013-10-31,3919.7099609375,0.09886210646095485,-0.18467903402565006
2013-10-31,142.01771545410156,-0.19247518473785524,-3.30597459463186e-05
2013-11-01,142.35711669921875,-0.5901403082586658,-0.20589411448654169
2013-11-01,3922.0400390625,0.1145127812240696,-0.01984648336105117
2013-11-04,142.85800170898438,-0.5279903215467849,-0.5890778591245065
2013-11-04,3936.590087890625,-0.31837683307334674,-0.3119801632278578
2013-11-05,142.40554809570312,-0.013697226702059107,0.17273174804425848
2013-11-05,3939.860107421875,-0.008942065241243883,0.1140714732398102
2013-11-06,3931.949951171875,-0.5746072752424028,-0.39260660527388225
2013-11-06,143.13262939453125,0.10290987107678126,-0.6386211519100249
2013-11-07,3857.330078125,0.44558690382754523,0.4883988141809863
2013-11-07,141.32298278808594,0.055773604184429816,0.0760148637891085
2013-11-08,3919.22998046875,0.040553626388956786,-0.34964238402828307
2013-11-08,143.2296142578125,0.015294357178150924,-0.12398539790688141
2013-11-11,3919.7900390625,-0.19535322590160048,-0.32137186885662644
2013-11-11,143.25376892089844,0.21045041267805734,0.06889196829322489
2013-11-12,142.9630126953125,-0.01569046668725661,-0.20488408497726046
2013-11-12,3919.919921875,0.3546960864514503,-0.2457906440507215
2013-11-13,144.11021423339844,-0.05762603420802409,0.011817171919061533
2013-11-13,3965.580078125,-0.06355942583501607,0.20917924410438504
2013-11-14,144.8291473388672,1.3216481222824858,0.051683935918334166
2013-11-14,3972.739990234375,0.5237991733857811,0.030041882914742413
2013-11-15,145.4593048095703,0.31847638825322605,0.19951113995985495
2013-11-15,3985.969970703125,0.7072435582515728,0.07866757021254722
2013-11-18,144.95034790039062,-0.24511621356383062,0.2170984775407848
2013-11-18,3949.070068359375,-0.28320004370579255,-0.058118783583768555
2013-11-19,144.63526916503906,-0.0993398413417193,0.0758001879525484
2013-11-19,3931.550048828125,-0.5797763415643034,0.0652302789019561
2013-11-20,144.18284606933594,-0.040206391078829645,-0.258828610457483
2013-11-20,3921.27001953125,-0.06471479318125836,0.10290389918869991
2013-11-21,145.3462677001953,-0.30626420603518073,0.139044560826523
2013-11-21,3969.159912109375,-0.34322543840069225,0.21924451185543603
2013-11-22,146.07334899902344,0.22194405145409088,-0.0996933542083016
2013-11-22,3991.64990234375,0.6759231896853086,-0.09921960836860323
2013-11-25,145.9279327392578,0.636760007615762,0.42998153588988364
2013-11-25,3994.570068359375,-0.032180612779468466,0.38783449688455507
2013-11-26,145.96827697753906,-0.6431698621926942,0.12981176552809373
2013-11-26,4017.75,-0.32339883888945187,0.2850542526216789
2013-11-27,146.32374572753906,0.11244764970677222,-0.5048955270788059
2013-11-27,4044.75,-0.20779446605583105,-0.5712515138129712
2013-11-29,4059.889892578125,-0.8306315222961558,-0.3681753619584926
2013-11-29,146.22682189941406,0.037716275836910514,0.03984133081160765
2013-12-02,4045.260009765625,-0.24957470370642396,-0.32253767846873604
2013-12-02,145.84716796875,-0.4648132484225581,-0.3289161341907615
2013-12-03,4037.199951171875,0.2547789165120151,0.10674130957314275
2013-12-03,145.21697998046875,-0.05907019855758706,0.1494691256511602
2013-12-04,145.2008514404297,0.38680114401715066,-0.49636020574519246
2013-12-04,4038.0,3.1073397039941324,-0.373453328088293
2013-12-05,144.5625762939453,-1.249127607222471,-0.3371696226810294
2013-12-05,4033.169921875,0.4382568153094519,-0.2526099943370793
2013-12-06,146.17837524414062,-0.709552444395682,-0.08321771217031361
2013-12-06,4062.52001953125,-0.48630993333102246,0.11886126599420622
2013-12-09,146.5500030517578,-0.6076061008575063,-0.3268503312745131
2013-12-09,4068.75,0.45451219742915894,-0.035441692139579886
2013-12-10,146.02488708496094,-1.6213119902554014,-0.05415559365735302
2013-12-10,4060.489990234375,-0.9287423062633603,0.0765172141005896
2013-12-11,4003.81005859375,-1.1872261709899892,0.4674728636431033
2013-12-11,144.38491821289062,0.45163920666968294,0.10929760408652409
2013-12-12,3998.39990234375,0.9312495254438025,0.06710578021938597
2013-12-12,143.90818786621094,1.1215865737062412,0.27397027318084644
2013-12-13,4000.97998046875,-0.3496896042068306,0.006070275784994801
2013-12-13,143.89208984375,-0.34483266268263596,-0.03330674949809743
2013-12-16,144.788818359375,-0.23633643784888456,-0.25693730807185855
2013-12-16,4029.52001953125,-0.31777987557883686,0.41395146893305523
2013-12-17,144.32830810546875,0.710184397838165,0.018790762271211712
2013-12-17,4023.679931640625,0.37708472815659855,0.001518391425286381
2013-12-18,146.7923583984375,-0.32281695332633786,-0.2797452198487059
2013-12-18,4070.06005859375,0.2904787365153284,-0.5041321004093015
2013-12-19,4058.139892578125,0.02033612532691209,-0.4563962269566974
2013-12-19,146.6226806640625,-0.129577728575178,0.6522598515664514
2013-12-20,147.47555541992188,-0.038461225818092644,0.38977178050377653
2013-12-20,4104.740234375,0.38416643770114633,0.7773072250294013
2013-12-23,4148.89990234375,0.4466241559368716,0.24644478478858134
2013-12-23,148.26351928710938,-0.8298739318069929,2.1584278593181616
2013-12-24,4155.419921875,0.6684527500158489,-0.9989704746468266
2013-12-24,148.58839416503906,-0.3768621051143865,0.03597452314930863
2013-12-26,4167.18017578125,-0.5902927956693591,0.08726245817346058
2013-12-26,149.3438262939453,-1.1790019114574661,0.3165012124814216
2013-12-27,149.335693359375,0.49466146770741315,-0.14983802560278361
2013-12-27,4156.58984375,0.3166133231781313,0.002864287201636768
2013-12-30,149.31130981445312,-0.3050075445093217,-0.4177474362470411
2013-12-30,4154.2001953125,-0.7106294987803833,-0.007860245272579423
2013-12-31,150.01797485351562,-0.12795178354864906,0.07340643494436748
2013-12-31,4176.58984375,0.093767265135982,-0.04406362768472601
2014-01-02,4143.06982421875,0.6048842502053969,-0.031982860570547084
2014-01-02,148.58023071289062,2.3700549620933105,-0.02890669086794771
2014-01-03,4131.91015625,-0.11356683073784088,0.4063929960722866
2014-01-03,148.55592346191406,-0.3520193163538322,0.31581855991764446
2014-01-06,4113.68017578125,0.3047792981157715,0.06874628975145171
2014-01-06,148.12533569335938,1.1219420878139394,0.23194477119947196
2014-01-07,149.03515625,0.602586136798493,0.027964579449604926
2014-01-07,4153.18017578125,-0.3031395718226999,-0.11346956071389384
2014-01-08,149.06768798828125,-0.36398701753648244,-0.2662509002167
2014-01-08,4165.60986328125,-1.276608136172942,-0.04795025304618503
2014-01-09,149.1650848388672,-0.4983629115381389,0.298109584737064
2014-01-09,4156.18994140625,1.5884949407732492,-0.38288218407569513
2014-01-10,4174.669921875,0.4139168273692604,-0.1646155455403929
2014-01-10,149.5712432861328,0.24457205613590877,0.35918736363404946
2014-01-13,147.58114624023438,0.4824127844853379,-0.505109463167723
2014-01-13,4113.2998046875,-0.4901417799100529,-0.3108344802959542
2014-01-14,4183.02001953125,-1.0968472113855903,-0.1995926002530003
2014-01-14,149.1894073486328,-1.965067775640754,-0.5012332000643843
2014-01-15,4214.8798828125,-1.5270543598761859,-0.20178955362082437
2014-01-15,149.99363708496094,6.073086908409685,1.0477095289260232
2014-01-16,4218.68994140625,-0.7380997618353647,-0.3894538578402283
2014-01-16,149.7986297607422,0.012487909698672908,-0.22712819891248046
2014-01-17,4197.580078125,0.8646612935804503,0.1986663126795021
2014-01-17,149.1650848388672,0.4484625617166904,0.13093748388595042
2014-01-21,4225.759765625,-0.34967945200432243,0.10949582357202305
2014-01-21,149.60374450683594,1.5169578615037451,0.21651406256578204
2014-01-22,4243.0,0.4207430462551961,-0.7614009628391942
2014-01-22,149.70120239257812,0.014405280673316664,-0.2785768159699475
2014-01-23,4218.8798828125,0.7125929833822866,0.013537041071691782
2014-01-23,148.47471618652344,-0.310828759666682,-0.2368386561752458
2014-01-24,145.30686950683594,-0.9142893244852969,-0.6838982135091695
2014-01-24,4128.169921875,0.5753834168927038,1.2444497623242217
2014-01-27,4083.610107421875,0.922478111672992,-1.3311445098203067
2014-01-27,144.59202575683594,0.1725666864367634,-1.236503270932521
2014-01-28,145.4530487060547,-0.32000134500979927,0.3691810170620409
2014-01-28,4097.9599609375,0.11748322251395293,-0.4967711021464318
2014-01-29,4051.429931640625,-0.5031488714164415,-0.5089250415782713
2014-01-29,144.0559539794922,-0.5581840671224373,-0.5068549878054724
2014-01-30,145.58299255371094,0.2028505956427281,-0.5203001065757253
2014-01-30,4123.1298828125,-0.6352055912588974,-0.30587282653413217
2014-01-31,4103.8798828125,0.019941930076312887,-0.21443121302785387
2014-01-31,144.7301025390625,0.625940395480354,0.6102784438170848
2014-02-03,3996.9599609375,-0.8055126006345182,0.6312774080672002
2014-02-03,141.472900390625,-0.1607812793485612,1.0945608473554616
2014-02-04,4031.52001953125,0.21590294217828537,0.8997932963170738
2014-02-04,142.4639129638672,0.8661171089265024,0.16830616103527393
2014-02-05,4011.550048828125,-0.36603835709862775,-1.1430019548879222
2014-02-05,142.28514099121094,-0.22879767568310774,0.7956907592151938
2014-02-06,4057.1201171875,0.07564250260940224,-0.43190669670765347
2014-02-06,144.1615753173828,2.241258551690849,0.5862963823466798
2014-02-07,145.94847106933594,0.32069019246588215,0.3867921736009777
2014-02-07,4125.85986328125,0.7592741936595562,-0.6897298216311709
2014-02-10,146.2165069580078,0.5277720215946524,0.4326417754710567
2014-02-10,4148.169921875,0.8637309789631714,-0.2294528208523226
2014-02-11,147.8166961669922,0.37406344591093377,-0.23449307006182485
2014-02-11,4191.0498046875,0.3953932616160309,-0.2681644812785116
2014-02-12,147.8898162841797,-0.5028232484391223,-0.00821184078969226
2014-02-12,4201.2900390625,-0.493140928709536,-0.009580837133574181
2014-02-13,148.65328979492188,-0.16869345821594806,-0.3259165601213051
2014-02-13,4240.669921875,-0.25191057190394534,-0.13641738281735016
2014-02-14,149.47377014160156,-0.15141053009053154,0.01948756639545102
2014-02-14,4244.02001953125,-0.3320479185501602,0.40751329932228836
2014-02-18,149.65243530273438,-0.41471754877889433,0.6301078383947128
2014-02-18,4272.77978515625,-0.14044886514683894,-0.16683153963601888
2014-02-19,148.66151428222656,0.09142875691691936,-0.6219714921405304
2014-02-19,4237.9501953125,-0.28810168319954893,-0.4273758977404381
2014-02-20,4267.5498046875,-0.824456191103941,-0.09080088107308633
2014-02-20,149.5387420654297,0.19685542272136783,0.252953714993556
2014-02-21,4263.41015625,-0.24951529776202475,-0.3895187951327186
2014-02-21,149.36813354492188,-0.3035191951073531,-0.23612693351957087
2014-02-24,4292.97021484375,0.39619664412669053,-0.10285757448401496
2014-02-24,150.19667053222656,0.24694103617481675,-0.3948446361791557
2014-02-25,4287.58984375,-0.4047275304393194,-0.4825749758528969
2014-02-25,150.1398162841797,-0.6949602179930062,-0.40799143950109923
2014-02-26,150.14793395996094,0.20594870386742029,0.039483119942384265
2014-02-26,4292.06005859375,0.11766047452306469,-0.13322876275222212
2014-02-27,150.93588256835938,-0.14404144803013735,0.2115863737844045
2014-02-27,4318.93017578125,-0.1968816617003889,0.45569125561785356
2014-02-28,151.31765747070312,-0.21014438993837736,-0.28707536486450747
2014-02-28,4308.1201171875,-0.41023436515740835,-0.10776892743771654
2014-03-03,150.2535400390625,-0.5600698168716657,-0.759215657072647
2014-03-03,4277.2998046875,0.16800049073631176,-0.07954474319352056
2014-03-04,152.36546325683594,-0.06050726138242336,0.39869854280720674
2014-03-04,4351.97021484375,-0.5833820670401889,0.4394019224918792
2014-03-05,152.50352478027344,0.41999670051451593,-0.08778985831524942
2014-03-05,4357.97021484375,0.2976219035802512,0.24080932491276918
2014-03-06,152.85276794433594,-0.4966888387717643,0.13193022513831246
2014-03-06,4352.1298828125,0.5075638913615792,0.1827045831221685
2014-03-07,152.91778564453125,-0.6696060516224337,0.1653105341790402
2014-03-07,4336.22021484375,-0.6465755860420748,-0.16122312170552894
2014-03-10,152.8365936279297,-0.0371567401864127,0.6251122908703319
2014-03-10,4334.4501953125,0.0664540266119859,0.49226814666877355
2014-03-11,4307.18994140625,-0.02945671264881096,0.010528306837272475
2014-03-11,152.0811767578125,2.053993326862624,0.046624279759729305
2014-03-12,4323.330078125,0.38147358410243337,0.1499345760166932
2014-03-12,152.1217803955078,-0.13243041184894,-0.04607906112437414
2014-03-13,4260.419921875,0.4000008442671031,0.04272348646796226
2014-03-13,150.416015625,-0.24303273785504054,-0.1342011081619625
2014-03-14,149.99363708496094,0.402243538723573,0.8835535312129206
2014-03-14,4245.39990234375,0.3826759768046443,0.8628422459321329
2014-03-17,4279.9501953125,-0.4612525711199003,0.248456303496487
2014-03-17,151.35009765625,-0.14294124529050736,0.1857743385510275
2014-03-18,4333.31005859375,0.2216402293176207,-0.23464516409233319
2014-03-18,152.4304656982422,-0.047232030322906175,-0.4873967043163899
2014-03-19,4307.60009765625,0.40307098872908304,-0.05829377927598901
2014-03-19,151.61813354492188,0.23138553124766664,0.03223087956582909
2014-03-20,4319.2900390625,-0.6183991851994731,-0.035993880476943046
2014-03-20,152.50352478027344,-0.7403573589785604,-0.20647204344434222
2014-03-21,4276.7900390625,-0.5540821420908217,0.15619281689425127
2014-03-21,151.91197204589844,-0.29763684364429127,0.29890917856646676
2014-03-24,4226.39013671875,0.07301749917833865,0.6260545090911123
2014-03-24,151.2838134765625,-0.2365309795082436,0.3311145227903911
2014-03-25,4234.27001953125,-0.27386995983727846,-0.8826719041079298
2014-03-25,152.00173950195312,-0.4839320725524119,0.3641871226969547
2014-03-26,150.9085235595703,-1.1981488296714315,0.07805897293377426
2014-03-26,4173.580078125,-1.0171795103542374,-0.5546660178080167
2014-03-27,150.59034729003906,-0.020460447705363163,-0.6115402032259923
2014-03-27,4151.22998046875,0.2545182444047045,-0.5938267813108481
2014-03-28,151.33277893066406,-0.388832843495379,-0.23265327679641534
2014-03-28,4155.759765625,-0.11094275143669596,-0.4977226468296759
2014-03-31,4198.990234375,0.00208951257069296,-0.4973084421716602
2014-03-31,152.5728759765625,-0.2562802470170988,0.012709105102767116
2014-04-01,4268.0400390625,-0.5037964828105543,-0.4528345856573357
2014-04-01,153.58448791503906,-0.5349395613745562,-0.07188307573810383
2014-04-02,154.0985107421875,-1.003772654851498,-0.2405661101924258
2014-04-02,4276.4599609375,-0.6088584245608225,-0.7197088582471266
2014-04-03,4237.740234375,-0.5728728098399428,0.25774309826116604
2014-04-03,153.89456176757812,-0.17045062121238444,0.47778789335465016
2014-04-04,152.07521057128906,1.4128653888312623,-0.9667198272153734
2014-04-04,4127.72998046875,-0.349067362831127,1.7024254047970304
2014-04-07,150.39453125,2.5875856219857356,-0.4139556887975277
2014-04-07,4079.75,0.858582136487265,0.19086093577145688
2014-04-08,151.0146484375,0.2874974128170608,0.4965538173167065
2014-04-08,4112.990234375,0.024408954375539905,-0.03187406597608238
2014-04-09,152.63812255859375,-0.2506863066612379,-0.3143136354225635
2014-04-09,4183.89990234375,-0.00023368063547449236,-1.446363587682586
2014-04-10,4054.110107421875,0.07299104874443797,1.3654946039177303
2014-04-10,149.43182373046875,-0.9584241192418307,-0.5899147993425269
2014-04-11,148.085693359375,0.08567356022322863,-0.5695696515457639
2014-04-11,3999.72998046875,-0.8346828961181418,0.4590348215869191
2014-04-14,4022.68994140625,0.35733540414375453,0.27072902232680035
2014-04-14,149.25233459472656,0.32429151482045987,-0.6935835845258796
2014-04-15,150.28028869628906,0.09133817857743473,-0.7273841013501805
2014-04-15,4034.159912109375,0.5423523009327317,-0.9319209525656565
2014-04-16,151.8549041748047,0.31623008696372096,-0.1301115181501674
2014-04-16,4086.22998046875,-0.6142992954932573,-0.6003492267438644
2014-04-17,4095.52001953125,-0.1518723304450684,0.09339149774252907
2014-04-17,152.06703186035156,-0.006909381133635768,-0.45847412215130157
2014-04-21,152.59738159179688,-0.17252186691383783,0.5369578172396603
2014-04-21,4121.5498046875,-0.026569549840767454,-0.2937291988284152
2014-04-22,153.29080200195312,0.014726001195476509,-0.5598879209590857
2014-04-22,4161.4599609375,0.13308264501697017,0.1680420417951336
2014-04-23,152.931884765625,0.3208448162498445,0.12961424030724103
2014-04-23,4126.97021484375,0.03850467997191111,1.6578782532545806
2014-04-24,4148.33984375,0.33332917419084557,2.0325255601892924
2014-04-24,153.2418975830078,0.1670354566631458,-0.2156086389460083
2014-04-25,4075.56005859375,-0.547944735783211,-0.3019763579895509
2014-04-25,151.9853973388672,-0.44040086760428726,-1.6349917886380474
2014-04-28,152.466796875,-0.6488528675269539,0.6059618738976393
2014-04-28,4074.39990234375,0.35024731525589115,-0.08291820978525934
2014-04-29,4103.5400390625,1.068532030073967,-0.29117201466753106
2014-04-29,153.1765899658203,-0.9087696073581019,0.6483551788158959
2014-04-30,4114.56005859375,0.5124393926317033,0.6209798995969382
2014-04-30,153.63351440429688,0.29590492987426115,0.8464817356032976
2014-05-01,4127.4501953125,-0.08521082438005147,-0.2345088030980976
2014-05-01,153.64981079101562,-0.12366239260068328,-0.10680543550531252
2014-05-02,153.42950439453125,-0.6616556340474302,-0.31600429641370753
2014-05-02,4123.89990234375,-0.1353828508240062,-0.3503184437839226
2014-05-05,4138.06005859375,-0.0971251358674386,1.0174188962621937
2014-05-05,153.7232666015625,0.1607746509777141,1.1504820445291144
2014-05-06,4080.760009765625,0.09118537946645558,1.215163514085086
2014-05-06,152.38525390625,0.2679453346580735,1.7302551297287654
2014-05-07,4067.669921875,0.12921245162586037,-1.1757307759653595
2014-05-07,153.28265380859375,0.03212661727027519,-1.3071873691762377
2014-05-08,153.1195068359375,0.20306582607413654,-0.4972782378080984
2014-05-08,4051.5,0.05369370133366063,-0.04414335590255864
2014-05-09,153.3479461669922,-0.13563873271625845,-0.46142580170087716
2014-05-09,4071.8701171875,0.2800465549572947,-0.14801570086514373
2014-05-12,154.84095764160156,-0.048159492628587076,-0.09468506668509727
2014-05-12,4143.85986328125,0.24230080617781666,-0.18825873595614545
2014-05-13,4130.169921875,-0.07410949565861774,0.37224757715714735
2014-05-13,154.97959899902344,0.006219224167597476,0.1747520381422119
2014-05-14,154.24534606933594,-0.601139064688857,-0.10773420563345427
2014-05-14,4100.6298828125,-0.1246548076704633,-0.1433496607588555
2014-05-15,4069.2900390625,-0.49312127249926535,0.5398751212643763
2014-05-15,152.89105224609375,0.44540420283168214,0.11807742888692184
2014-05-16,4090.590087890625,-0.1626120313216405,0.3290013755271166
2014-05-16,153.42137145996094,-0.5086287595949222,0.6858114948438703
2014-05-19,4125.81005859375,0.00894894007807546,-0.781606589960543
2014-05-19,153.98428344726562,0.37884544200135656,-0.31499702382628814
2014-05-20,4096.89013671875,-0.10202249998301015,-0.975978040301204
2014-05-20,153.01339721679688,-0.1668175017963611,0.36549563663764684
2014-05-21,154.302490234375,-0.27376654342683576,-0.16962839012169026
2014-05-21,4131.5400390625,0.3084428512435979,0.09563102820869387
2014-05-22,4154.33984375,-0.0837386753730734,0.07860747641653518
2014-05-22,154.677734375,0.22175457540126767,0.1321976585184364
2014-05-23,4185.81005859375,-0.052180377807860244,0.07686267052800116
2014-05-23,155.2978515625,-0.17869539652981486,-0.18851381820019128
2014-05-27,4237.06982421875,-0.14051346468140993,-0.0085820830125008
2014-05-27,156.2523956298828,-0.6455013644879358,-0.14772543449523248
2014-05-28,4225.080078125,-0.04653817086136979,-0.046598357681128605
2014-05-28,156.13819885253906,-0.4035140237545248,-0.1135592523937805
2014-05-29,4247.9501953125,-0.1690613446970699,0.24524015221221687
2014-05-29,156.94583129882812,0.18782587572114734,0.09776182446955174
2014-05-30,4242.6201171875,0.03822511496607881,0.5827752411251579
2014-05-30,157.19874572753906,-0.15469416899150742,-0.3181008206042276
2014-06-02,4237.2001953125,0.03849655217557223,0.12271193503944555
2014-06-02,157.37823486328125,0.13501691346419245,0.23140491385236245
2014-06-03,4234.080078125,-0.21815371618496554,0.048330791531174644
2014-06-03,157.29669189453125,-0.14304640546602446,0.3156670999410799
2014-06-04,157.61483764648438,0.010802308601756254,0.026847381174461473
2014-06-04,4251.64013671875,0.28086578350147434,-0.24549885638481986
2014-06-05,4296.22998046875,0.4225382165457917,0.1069262317131204
2014-06-05,158.64285278320312,0.07346329504979847,-0.1422501495392844
2014-06-06,159.40158081054688,-0.26415460289192955,-0.13544788877428907
2014-06-06,4321.39990234375,-0.27429482957162904,-0.14353267300831107
2014-06-09,159.5647430419922,0.26518390569704736,0.01227673703087218
2014-06-09,4336.240234375,-0.2386303393552903,-0.03702762155505799
2014-06-10,159.5810089111328,0.4358872811522445,0.0060818285320619345
2014-06-10,4338.0,-0.005986750727657506,0.24635929893094627
2014-06-11,4331.93017578125,0.14850426474958572,0.12348617406283795
2014-06-11,159.0262908935547,0.1570203956348993,0.16081313182425946
2014-06-12,157.90036010742188,-0.49944114269572354,0.06328680090847197
2014-06-12,4297.6298828125,-0.07440537623795031,0.028640614360007213
2014-06-13,158.38177490234375,-0.6875417398778721,-0.6798824567299541
2014-06-13,4310.64990234375,0.11939730516574222,0.008507193642630835
2014-06-16,4321.10009765625,-0.7514311737372631,0.22778854824221834
2014-06-16,158.51226806640625,-0.3767734825832567,0.14016382018910636
2014-06-17,4337.22998046875,-0.18555598566651238,0.20619698968492495
2014-06-17,158.95278930664062,0.3025351440351107,0.1921250106558091
2014-06-18,160.11956787109375,0.11294563385723483,0.23512459984576864
2014-06-18,4362.83984375,-0.23339405810183098,0.4477977827108886
2014-06-19,160.29904174804688,-0.4148618109763417,0.17860191419220606
2014-06-19,4359.330078125,-0.3874304671895565,0.16371615235831335
2014-06-20,160.6244659423828,-0.6876873404494875,-0.038900532683884124
2014-06-20,4368.0400390625,0.13094240057147016,-0.0402237214990557
2014-06-23,160.57522583007812,0.14570901963603947,0.19324690517150103
2014-06-23,4368.68017578125,0.1599089674791792,0.11923442066512661
2014-06-24,159.6079559326172,-1.1214998987417946,-0.022061906194685926
2014-06-24,4350.35009765625,0.7907377421481576,0.1256419944298225
2014-06-25,160.3292999267578,0.6503759537243692,0.06756198817117635
2014-06-25,4379.759765625,-0.11319225207680389,-0.13160548819602821
2014-06-26,160.2145538330078,0.31137898791742,0.12040696383833975
2014-06-26,4379.0498046875,0.2251296954093752,0.1474099458973707
2014-06-27,160.5260772705078,0.6404911845714011,0.04620747295870538
2014-06-27,4397.93017578125,0.31486074790380886,0.13110562271180207
2014-06-30,160.44407653808594,-0.8362206096804095,-0.07478338552102877
2014-06-30,4408.18017578125,-0.9421712776130869,-0.12622426467926845
2014-07-01,4458.64990234375,0.21380055267140388,-0.02481262659223577
2014-07-01,161.51797485351562,-0.02106166584531133,-0.020716755864557214
2014-07-02,4457.72998046875,-0.30349217355866326,0.01825911358962124
2014-07-02,161.6819610595703,0.17140497836531626,-0.013910980260690278
2014-07-03,4485.93017578125,-0.45221850526832047,-0.1709708025218034
2014-07-03,162.47711181640625,0.6975064147813442,0.034709457402921175
2014-07-07,4451.52978515625,0.6744226020534922,-0.1407716195350161
2014-07-07,161.9114532470703,-0.4326643899921376,-0.16141348484943083
2014-07-08,4391.4599609375,-0.14269848259302306,0.20023314353827193
2014-07-08,160.87037658691406,-1.0505459262103907,-0.24333652973207684
2014-07-09,161.59176635742188,1.8934825848294679,0.04116549871285893
2014-07-09,4419.02978515625,2.9995837544840547,0.02910887109418741
2014-07-10,160.95236206054688,-0.760420471760829,-0.3487671442179809
2014-07-10,4396.2001953125,0.052262752779029406,-0.074279278458634
2014-07-11,4415.490234375,-0.2144509073982034,0.37190344944047743
2014-07-11,161.1737060546875,-0.027010552463210977,0.012322553221019633
2014-07-14,161.98526000976562,-0.17777873088827517,0.28822325877909866
2014-07-14,4440.419921875,-0.16310113632078985,0.2815142367204011
2014-07-15,4416.39013671875,-0.5096705048203366,0.6438794167056113
2014-07-15,161.6819610595703,4.416504271022152,0.867432627795733
2014-07-16,4425.97021484375,0.46469659782788125,0.6379905949580484
2014-07-16,162.2803955078125,0.021061785358668893,0.358476489551898
2014-07-17,4363.4501953125,-0.061663893778620096,0.3272116106382673
2014-07-17,160.4359130859375,-0.8432293735939157,-0.6683023689494082
2014-07-18,4432.14990234375,0.7892455187117182,-0.20347366929415356
2014-07-18,162.07542419433594,-0.6007804249405357,-0.19808218204144276
2014-07-21,161.77207946777344,3.829205660674552,-0.8303526418616338
2014-07-21,4424.7001953125,-1.0555966186960901,0.3555524517007124
2014-07-22,162.47711181640625,0.4997225538201188,-0.3737781064045303
2014-07-22,4456.02001953125,-0.8468381059819936,0.16022730699099139
2014-07-23,162.8378143310547,0.07726524498711489,-0.009530322176611272
2014-07-23,4473.7001953125,0.2951710547007656,-0.13569300135688792
2014-07-24,162.8459930419922,0.41201085929822795,-0.03155781144496877
2014-07-24,4472.10986328125,-0.7618281614429054,0.13609615795761404
2014-07-25,4449.56005859375,-1.4163683571099501,-1.028142245542607
2014-07-25,162.0836181640625,-1.4388715273143013,-0.06846850116675803
2014-07-28,162.14923095703125,0.6203592410156445,0.3417101619826108
2014-07-28,4444.91015625,-0.07654877173020501,0.16285803434489352
2014-07-29,161.452392578125,-2.003830282987155,0.29502916503248644
2014-07-29,4442.7001953125,-1.4347035892725204,0.7561990558338696
2014-07-30,161.47705078125,0.08605532629855724,-0.18319813577563307
2014-07-30,4462.89990234375,0.303808288126883,-0.07069711386345963
2014-07-31,4369.77001953125,-0.9208768511450096,-0.6989014300793464
2014-07-31,158.2881317138672,0.2968412473553701,0.07212800181008114
2014-08-01,4352.64013671875,0.0862547774519228,-1.0119274078317113
2014-08-01,157.80445861816406,-0.21876906790443343,1.031192611325679
2014-08-04,4383.89013671875,-0.04418744837629531,0.6458546558240275
2014-08-04,158.94390869140625,-0.2656649617128665,0.22128091796947785
2014-08-05,157.4027557373047,-0.5884886625413406,-0.8873181178035338
2014-08-05,4352.83984375,-0.6718224798721437,-0.9334168956377611
2014-08-06,157.4519805908203,-0.5786725989211041,-0.5831295686049613
2014-08-06,4355.0498046875,-0.6203782111030314,-0.2947541700513455
2014-08-07,4334.97021484375,1.4755293884749752,1.4765425751241859
2014-08-07,156.5994110107422,-0.7175688055098869,0.3993246604586509
2014-08-08,4370.89990234375,0.8775287209752769,-0.9422043874940624
2014-08-08,158.41111755371094,0.6486326058257208,0.722243398870494
2014-08-11,158.87017822265625,1.2228133021917038,0.7937988985741468
2014-08-11,4401.330078125,1.5706609391382904,0.3782960410202051
2014-08-12,4389.25,-0.11932381856608426,0.97182478776313
2014-08-12,158.6488037109375,-2.0537653763489168,0.40938638324698834
2014-08-13,4434.1298828125,0.8685911755617411,-1.1082748699693934
2014-08-13,159.72271728515625,-0.4041002539023393,-0.33387454031743286
2014-08-14,4453.0,-0.5492284009834447,0.2664909552463997
2014-08-14,160.47691345214844,-0.40794133385211245,-0.04500425986114223
2014-08-15,160.44407653808594,-0.27504634134023076,0.7715064588946857
2014-08-15,4464.93017578125,1.8872217012818122,0.41683318083781
2014-08-18,161.78854370117188,-1.8539788997304252,0.3431357755000177
2014-08-18,4508.31005859375,-0.03974592893104937,0.17599446383348974
2014-08-19,162.63287353515625,-0.7536635196124518,-0.8512921052765573
2014-08-19,4527.509765625,-0.16493450985575953,-0.2572929516823317
2014-08-20,163.06732177734375,0.2130779562717962,-0.3223541590880356
2014-08-20,4526.47998046875,0.4112289977447172,-0.20083530051905693
2014-08-21,163.54283142089844,-0.27957409163021424,1.0966913539482188
2014-08-21,4532.10009765625,0.2632746656551274,0.01848953136976288
2014-08-22,163.28871154785156,-0.3879933187827323,0.8036878325857296
2014-08-22,4538.5498046875,0.4979346182315638,-0.10977718017581349
2014-08-25,164.11668395996094,-0.6310404152612334,0.05071128396627394
2014-08-25,4557.35009765625,0.05826840228113209,-0.07740532728024781
2014-08-26,4570.64013671875,-0.01675951859170228,-0.0987571100976712
2014-08-26,164.2232666015625,-0.2166725008200767,0.2396464265689953
2014-08-27,4569.6201171875,0.1462093942414554,0.010937989140767481
2014-08-27,164.1575927734375,0.1794332735173738,-0.03711460334753219
2014-08-28,4557.7001953125,-1.0696994704298088,-0.20470019774484927
2014-08-28,164.06741333007812,-0.23745958285165625,0.0909518501974522
2014-08-29,4580.27001953125,0.19790371929680944,-0.13903842643201023
2014-08-29,164.53475952148438,0.029352264108513115,-0.2892914793400906
2014-09-02,164.45277404785156,0.131854967162685,-0.338720023927314
2014-09-02,4598.18994140625,0.05783799109395519,-0.2716711170793165
2014-09-03,4572.56005859375,-0.7199574732874748,-0.42309020111441575
2014-09-03,164.3625946044922,1.1547345560661009,-0.4199484645679414
2014-09-04,4562.2900390625,0.7466874673087464,-0.2975772465357069
2014-09-04,164.12490844726562,0.39466453778103683,-0.3585507151681122
2014-09-05,164.86265563964844,0.8065457357835015,0.24613487604085849
2014-09-05,4582.89990234375,1.814395026661206,0.2655681433824121
2014-09-08,4592.2900390625,2.0017043998451856,0.1162944473074234
2014-09-08,164.4363555908203,-0.4909275813429936,-0.18025662680669302
2014-09-09,4552.2900390625,-0.38739070442911616,0.08296411900262525
2014-09-09,163.39524841308594,-2.132074147879085,-0.017908613238995296
2014-09-10,4586.52001953125,-1.1789052631712869,0.07336008784402563
2014-09-10,164.01007080078125,-1.701734314265304,-0.24805022860845205
2014-09-11,164.1986083984375,2.779242446778643,0.0070516695618125895
2014-09-11,4591.81005859375,-1.6250686285088047,0.17851030165703907
2014-09-12,4567.60009765625,0.3409915130174817,-0.22956547655179826
2014-09-12,163.23948669433594,-0.7110179883711066,-0.022057706803428678
2014-09-15,4518.89990234375,0.15296338749230712,-0.19875331272716137
2014-09-15,163.1165313720703,0.3023535997414765,-0.2691220890859321
2014-09-16,4552.759765625,-1.3750596728795719,-0.803727216239093
2014-09-16,164.34616088867188,1.7259944828400717,-0.7220188433077107
2014-09-17,4562.18994140625,0.15406425658211223,-0.049264508554441235
2014-09-17,164.5675048828125,-0.15046590267599164,-0.07680610784455018
2014-09-18,4593.43017578125,1.4539874325283166,-0.45073575041841485
2014-09-18,165.44471740722656,-1.242342032595008,-0.07770470984597631
2014-09-19,165.29559326171875,-0.6839826568793029,0.06265052678611784
2014-09-19,4579.7900390625,1.5202521980932795,-0.026254894682240473
2014-09-22,164.01901245117188,0.14992423781317096,-0.07403726370199604
2014-09-22,4527.68994140625,0.6283653769448663,-0.2434826122795406
2014-09-23,163.0801239013672,-0.2581832737326036,-0.37015492569926717
2014-09-23,4508.68994140625,0.8329561315167989,0.2590565884704229
2014-09-24,164.356689453125,0.19523411697369294,0.7002265492964818
2014-09-24,4555.22021484375,1.1834387251300427,0.2566544958720151
2014-09-25,161.70474243164062,-0.4008066805551387,0.12583372963907388
2014-09-25,4466.75,-0.9874921697868889,-0.6046648947599924
2014-09-26,4512.18994140625,0.2792174233355716,-0.3147319988523721
2014-09-26,162.989501953125,0.7132098118216731,-0.16949244917232356
2014-09-29,162.6929931640625,-0.23224974755045177,0.04123924953851359
2014-09-29,4505.85009765625,-0.5417168150165202,0.3536981764339303
2014-09-30,162.2647705078125,-0.039669568613781854,-0.021371965289586042
2014-09-30,4493.39013671875,0.3621356166521387,-0.020362587457845048
2014-10-01,160.06578063964844,-0.35117812315798114,0.02561211095998302
2014-10-01,4422.08984375,0.09683978461648797,-0.5691096868591725
2014-10-02,4430.2001953125,0.09660801532312022,1.3192596382454223
2014-10-02,160.09046936035156,0.18139683182551164,1.794203219236598
2014-10-03,4475.6201171875,0.4624461156838032,1.7709798788987874
2014-10-03,161.85293579101562,-0.12391675253923191,0.898773483192039
2014-10-06,161.6635284423828,0.8899176437943048,0.9412194545450842
2014-10-06,4454.7998046875,-0.0004411069985951649,0.5511113419387506
2014-10-07,159.16806030273438,-0.37614493417037403,-0.5454139851465494
2014-10-07,4385.2001953125,-0.5188064595675543,-0.1197587745565718
2014-10-08,4468.58984375,0.822029012166825,-0.7914281688623067
2014-10-08,161.95181274414062,-0.21429895724977013,0.3394450166504265
2014-10-09,158.73976135253906,-0.22648206086862063,-0.025655371615476173
2014-10-09,4378.33984375,-0.1767509766492484,0.4500250341408688
2014-10-10,156.92787170410156,-0.04566080438220178,1.2395521748917093
2014-10-10,4276.240234375,0.07830875019890621,1.4665948405209503
2014-10-13,154.3500213623047,0.5392920666724034,-0.7093020632024567
2014-10-13,4213.66015625,0.09395233763681475,1.1572586044317315
2014-10-14,154.58885192871094,0.1830067207860934,-0.9556527548412939
2014-10-14,4227.169921875,-0.20704083745018725,-0.609809734868961
2014-10-15,153.5428924560547,-0.04144430238482429,0.2102887616285063
2014-10-15,4215.31982421875,-0.5038800104782455,-0.7364010210088511
2014-10-16,153.4111328125,0.2849354372537889,0.9014226831392482
2014-10-16,4217.39013671875,0.8072606320953626,0.9641798142117722
2014-10-17,4258.43994140625,0.1973400542437639,-0.1219143640690679
2014-10-17,155.22305297851562,0.1284879656996199,-1.4855765147772682
2014-10-20,156.73019409179688,0.22380428725351328,-0.907358032483171
2014-10-20,4316.06982421875,-0.21566673244613263,-0.35430044492039586
2014-10-21,159.83523559570312,0.08486573192310343,-0.18994904841233107
2014-10-21,4419.47998046875,-0.3523909858319641,-0.1317958702414069
2014-10-22,158.6985626220703,-0.09493103336155985,1.1695824004534328
2014-10-22,4382.85009765625,-0.013736710628160497,0.0965945851336161
2014-10-23,160.54344177246094,-0.11341106102669338,-0.035854346125912206
2014-10-23,4452.7900390625,0.38705212982759146,-0.07493076786411261
2014-10-24,161.77886962890625,-0.18333925480953828,1.1501369365381007
2014-10-24,4483.72021484375,-0.11963593492422941,-0.31900234105865277
2014-10-27,4485.93017578125,0.02790093049535799,-0.07052292921423667
2014-10-27,161.55650329589844,-0.27755794205119433,-0.5539164089759084
2014-10-28,4564.2900390625,-0.3636919888792284,0.1321994218225618
2014-10-28,163.40953063964844,-0.3205760152523393,0.36582323937588895
2014-10-29,4549.22998046875,0.06520373440297589,0.1477805332066346
2014-10-29,163.1625213623047,-0.4308612273072411,0.11421057569507291
2014-10-30,4566.14013671875,0.25512867490190366,-0.34738913447982145
2014-10-30,164.20848083496094,0.5854697634164805,-0.16615785077370943
2014-10-31,166.0862274169922,0.3411744045748014,0.6134017129434487
2014-10-31,4630.740234375,0.05632752571732537,-0.05646047348679135
2014-11-03,166.17681884765625,-0.48863923494932093,0.10404475683909592
2014-11-03,4638.91015625,-0.12720619832794072,-0.058274100076682905
2014-11-04,165.6003875732422,-0.3747244397836724,-0.1467446183951736
2014-11-04,4623.64013671875,-0.19884164005749108,0.023863198880884617
2014-11-05,166.64630126953125,0.31177803316183533,0.12261529085541702
2014-11-05,4620.72021484375,0.030583130204995368,0.19405105233675077
2014-11-06,167.31341552734375,0.6213654144686449,0.1263948369496923
2014-11-06,4638.47021484375,0.644276336461249,0.24089026431181657
2014-11-07,167.46990966796875,-0.327381875883316,0.1892245745919165
2014-11-07,4632.52978515625,-0.18052787603923956,0.34041458222752546
2014-11-10,167.99696350097656,0.31360587489742847,0.07620716366509077
2014-11-10,4651.6201171875,0.43731878286469394,0.013833113948263863
2014-11-11,168.1616668701172,0.5554518914084986,0.13934887148778152
2014-11-11,4660.56005859375,-0.6269981841896399,-0.05344982379933986
2014-11-12,167.98049926757812,0.3969870251217814,0.2021562323158504
2014-11-12,4675.14013671875,-0.3245280927497495,-0.019335112970241687
2014-11-13,168.1699676513672,0.5297795100103936,-0.22171755097242743
2014-11-13,4680.14013671875,-0.14984796911308865,0.06152007097921498
2014-11-14,168.2111358642578,0.6777893560190673,-0.09020760462476209
2014-11-14,4688.5400390625,0.2354239498775199,-0.0817753158080317
2014-11-17,168.31817626953125,-0.32198857298889083,-0.16600738905690618
2014-11-17,4671.0,-0.37449895427446306,-0.27590089362759773
2014-11-18,169.29002380371094,-0.3857143523009065,-0.18637027898795738
2014-11-18,4702.43994140625,-0.1775461860517649,-0.178327868108457
2014-11-19,169.01824951171875,-0.8195803347487041,-0.08726653735797991
2014-11-19,4675.7099609375,-1.0536472172702482,-0.23786295455426573
2014-11-20,169.3147430419922,-0.9420018824432035,0.07622108972652224
2014-11-20,4701.8701171875,-0.3491337873407509,0.04815227525831589
2014-11-21,170.22064208984375,1.7301220461029687,0.35774958507827664
2014-11-21,4712.97021484375,0.5296213300092653,0.05552228234367661
2014-11-24,4754.89013671875,-0.6192418098814347,-0.24215670292046282
2014-11-24,170.69837951660156,0.8938556061567391,-0.030122748470743067
2014-11-25,170.5747833251953,-0.10400993731099673,0.19036042046502064
2014-11-25,4758.25,0.08156013383725824,-0.10694881120781442
2014-11-26,171.01132202148438,-0.5789906592800345,-0.09906632284289715
2014-11-26,4787.31982421875,-0.4368163778162278,-0.09953397505743755
2014-11-28,4791.6298828125,-0.15107071081555556,-0.5824818468616434
2014-11-28,170.64895629882812,-0.7973152540224523,0.10900738736114644
2014-12-01,4727.35009765625,-0.27155874881975905,-0.1280747712969831
2014-12-01,169.46298217773438,-0.2791867328935482,-0.13576925066071832
2014-12-02,4755.81005859375,0.04833931459625178,-0.15616727922404217
2014-12-02,170.55838012695312,0.059052356369357066,-0.05531456730240154
2014-12-03,4774.47021484375,-0.0057945250897935025,0.15585237685412748
2014-12-03,171.2172088623047,0.049968459602012176,0.12865064047853145
2014-12-04,4769.43994140625,0.5412722329373701,-0.18691359792606552
2014-12-04,171.02783203125,0.23560775969128894,-0.004030479764396525
2014-12-05,4780.759765625,0.5398536928674601,0.44128900949506406
2014-12-05,171.30784606933594,0.7715876972845078,0.3349561055542131
2014-12-08,4740.68994140625,0.416003311077585,0.3228502068342254
2014-12-08,170.1630401611328,0.6605952711727138,0.5906817795326228
2014-12-09,4766.47021484375,0.36140881706980765,-0.6091845740209909
2014-12-09,170.0477294921875,0.6389131159465,0.010433528730800624
2014-12-10,4684.02001953125,0.19033651549752542,-0.2718640938318286
2014-12-10,167.3216552734375,0.01796709678717122,-0.02702574310090709
2014-12-11,4708.16015625,-1.1787836348748848,1.764592650324215
2014-12-11,168.1699676513672,-0.8481051477585304,-0.24937690736668858
2014-12-12,4653.60009765625,-0.7241825649289494,-0.1369097669940963
2014-12-12,165.4520721435547,-0.6919100079825843,0.3213164401044263
2014-12-15,4605.16015625,-0.28699056572129966,-1.26438788587399
2014-12-15,164.3154754638672,1.1034019465059475,-0.6618114473169063
2014-12-16,4547.830078125,0.5275873272168824,-0.40865029609242265
2014-12-16,162.99777221679688,0.5432392240911805,0.7922440781366864
2014-12-17,166.19326782226562,0.7222953531209495,0.22795373766679994
2014-12-17,4644.31005859375,0.09644854502980851,-0.1840250734345237
2014-12-18,170.3030548095703,-0.5136385521136061,0.4829636546156891
2014-12-18,4748.39990234375,-0.68391458926107,-0.3894801458535304
2014-12-19,171.02769470214844,1.327481105080806,0.47421946684733524
2014-12-19,4765.3798828125,0.2682136733520626,0.4890737143170205
2014-12-22,171.81443786621094,-0.3906498308438484,0.0172699968842107
2014-12-22,4781.419921875,-0.9641895154348774,0.10455126777686993
2014-12-23,172.0462646484375,-0.3206921267898893,0.3955301270519562
2014-12-23,4765.419921875,-0.15548471817210763,0.3562515524139535
2014-12-24,172.06289672851562,0.7694577092504497,-0.38872904170675376
2014-12-24,4773.47021484375,0.10537638595920973,0.08703379140124846
2014-12-26,172.6177215576172,-0.6447916955746472,0.5941415616854825
2014-12-26,4806.85986328125,-2.339191014510355,0.5309149711619415
2014-12-29,172.84962463378906,0.83873554936539,0.8153960529522719
2014-12-29,4806.91015625,1.1643524558508842,0.020716808432855865
2014-12-30,171.922119140625,-0.879435058250181,-0.23652829594135777
2014-12-30,4777.43994140625,0.6678872777825791,0.20548550328478063
2014-12-31,170.21609497070312,-0.05838772845958367,0.28769594779511665
2014-12-31,4736.0498046875,-0.8095650640733881,-0.30177845400377784
2015-01-02,170.125,-1.3416973060676016,-0.28134786100136266
2015-01-02,4726.81005859375,-0.6909395628267666,-0.21224289715386702
2015-01-05,167.05259704589844,0.7531191510908912,-0.10036206386246511
2015-01-05,4652.56982421875,0.3010533319716382,-0.05568665734995717
2015-01-06,165.47914123535156,0.04878457401253676,1.3076453185042691
2015-01-06,4592.740234375,0.18858929733272772,0.15589596999864586
2015-01-07,4650.47021484375,-0.08847783844768263,1.1364282440582063
2015-01-07,167.54115295410156,0.2654371023200957,-0.5160904219076109
2015-01-08,170.51414489746094,0.37678700599870546,0.07553114264555597
2015-01-08,4736.18994140625,-1.058461554967689,0.22920743839809732
2015-01-09,169.14781188964844,-0.4633614374721468,-0.24781783853837175
2015-01-09,4704.06982421875,-0.2939057714656816,0.038453528242441484
2015-01-12,167.82276916503906,1.7937407196023756,-0.28297717277591605
2015-01-12,4664.7099609375,2.185712384634665,-0.6328645010035774
2015-01-13,167.35067749023438,-0.8952715041418885,-0.1071183297967926
2015-01-13,4661.5,-0.29645806538484565,-0.4979220922389223
2015-01-14,166.34039306640625,-0.3289916112829349,-0.860506857133012
2015-01-14,4639.31982421875,-0.4077537814940533,-1.0212022970359642
2015-01-15,164.81663513183594,-0.5615776423327674,1.4605838828537676
2015-01-15,4570.81982421875,-0.7555741327821576,-0.21323361125415954
2015-01-16,166.97801208496094,0.7295088744925435,0.55700087054611
2015-01-16,4634.3798828125,0.046683711636856993,-0.05965371512729762
2015-01-20,167.33413696289062,0.8688288871495528,0.32581754917138794
2015-01-20,4654.85009765625,1.0896624569028361,-1.0683549523445475
2015-01-21,4667.419921875,-0.06409010708842758,-0.9222140266295531
2015-01-21,168.1788787841797,-0.04135553089915429,1.0366483901974632
2015-01-22,4750.39990234375,-0.9350193029754534,-0.18419193800966896
2015-01-22,170.67984008789062,-0.5176914706617983,-0.07606487331897177
2015-01-23,4757.8798828125,-0.2573084615766844,0.33881681304924866
2015-01-23,169.7440948486328,0.8957602958644116,0.39960284524428424
2015-01-26,4771.759765625,0.14636934128088055,-0.4583112823598328
2015-01-26,170.14158630371094,0.29992615272925205,-0.15080951862074976
2015-01-27,4681.5,0.42584561101355684,-0.10343047090527137
2015-01-27,167.89724731445312,-0.003875069053246567,-0.18418724374028153
2015-01-28,4637.990234375,-0.08486673682762462,0.31182557151705587
2015-01-28,165.74411010742188,-0.004279627392950733,-0.5089326092399098
2015-01-29,4683.41015625,0.07181682656015953,-0.20239182374807285
2015-01-29,167.27621459960938,0.13652067555257003,-0.23235643483770227
2015-01-30,4635.240234375,-0.30567693322125344,-0.6481703360670094
2015-01-30,165.1727294921875,-0.1599885039092594,-0.8814037099271292
2015-02-02,4676.68994140625,-0.07838152804894755,-0.6188026721767026
2015-02-02,167.21823120117188,-0.19112367968089974,-0.9914721921277451
2015-02-03,4727.740234375,-0.1238798687019547,-0.1023287988423134
2015-02-03,169.63638305664062,-0.3364365295701593,-0.30134721086493216
2015-02-04,4716.7001953125,-0.03373448947506169,-1.0242711138218632
2015-02-04,168.99046325683594,0.1834962205671327,-0.38689759384187267
2015-02-05,4765.10009765625,-0.5983416112101042,-0.7809573847746935
2015-02-05,170.69642639160156,-0.47163628597380547,0.014940793551369663
2015-02-06,4744.39990234375,1.0118483203024422,-0.6651396772198483
2015-02-06,170.22438049316406,0.9902748839822229,0.1854070952416781
2015-02-09,4726.009765625,0.12413959348957034,-0.4583572841142322
2015-02-09,169.46246337890625,0.10770541482746275,0.27806894770075063
2015-02-10,4787.64013671875,0.3240996085986858,-0.40114466703854673
2015-02-10,171.2678680419922,0.5282676943267031,-0.2600993422756146
2015-02-11,4801.18017578125,-0.18053934692412243,0.0608362486668018
2015-02-11,171.3671875,-0.0848016934383356,0.05279110784918079
2015-02-12,4857.60986328125,1.338145282293654,-0.18381683476924418
2015-02-12,173.01519775390625,2.1237426427780206,0.0753276212090962
2015-02-13,4893.83984375,1.071202857504747,-0.4050613433751635
2015-02-13,173.72744750976562,-2.0648867115286067,0.1192718191118479
2015-02-17,4899.27001953125,0.16946968846861368,-0.017197699410891536
2015-02-17,174.00070190429688,-0.7910506599746266,0.28650934691215596
2015-02-18,4906.35986328125,0.1049994034951267,-0.18685144807916582
2015-02-18,174.01731872558594,-0.41518536580547954,0.058842976290553
2015-02-19,4924.7001953125,-0.3576750118241821,0.28711880259816447
2015-02-19,173.89305114746094,-0.17195890733465902,0.35980242460823303
2015-02-20,4955.97021484375,-0.3610936885999018,-0.32364993759904037
2015-02-20,174.9364776611328,-0.4586547260897883,0.08712678877251027
2015-02-23,4960.97021484375,0.6232430143440788,-0.049446415370776584
2015-02-23,174.9116668701172,-0.22534412647003876,0.04014663704466436
2015-02-24,4968.1201171875,0.0003496383705931424,0.25840918602738755
2015-02-24,175.40855407714844,-0.24212296452628118,0.31219453086478577
2015-02-25,4967.14013671875,-0.18741920802064088,0.2262763532537642
2015-02-25,175.25949096679688,0.12521831070066858,0.12513764844437197
2015-02-26,4987.89013671875,0.6227539829342894,0.057053844539636404
2015-02-26,175.05247497558594,0.2298402474606069,-0.05020462015821791
2015-02-27,4963.52978515625,-0.7179350046859045,-0.11752097493651101
2015-02-27,174.4561767578125,-0.3657510799641544,0.04569351959520985
2015-03-02,5008.10009765625,-0.01835472270985259,-0.0799448812364179
2015-03-02,175.55763244628906,-0.21045771034272048,-0.16508990343835409
2015-03-03,4979.89990234375,-1.1949936403368706,-0.1004961657994191
2015-03-03,174.83717346191406,0.31675137834527356,0.06589759497279123
2015-03-04,4967.14013671875,-0.2563326819218068,-0.1698826605433729
2015-03-04,174.10006713867188,-0.36510200899280654,0.08665804967390138
2015-03-05,4982.81005859375,0.07451751178040938,0.12067176673568093
2015-03-05,174.29051208496094,-0.2220375662937403,-0.14424857407283695
2015-03-06,4927.3701171875,0.3654023432617984,0.35589092902045405
2015-03-06,171.83926391601562,0.009158491724330434,0.41768003611164767
2015-03-09,4942.43994140625,0.05020630908427971,0.22618249830097686
2015-03-09,172.55148315429688,0.21581435303340304,0.17945564620433357
2015-03-10,4859.7900390625,0.546507059417703,-0.009446517387583737
2015-03-10,169.75233459472656,-0.5473844746864714,0.2194287354376928
2015-03-11,4849.93994140625,0.6395847517313554,0.048573905995702375
2015-03-11,169.3549041748047,0.6754072433846608,-0.2905571418979801
2015-03-12,171.50802612304688,-0.5495080496780531,0.044172217492951076
2015-03-12,4893.2900390625,-0.22654770900014493,0.5007596301979395
2015-03-13,4871.759765625,0.13269861356618445,0.21807974955760667
2015-03-13,170.4562530517578,-0.022529561950604363,-0.06496104275868797
2015-03-16,172.733642578125,-0.43701892198112857,-0.5212367979878972
2015-03-16,4929.509765625,-0.10823900427019209,-0.11526258496722075
2015-03-17,172.22018432617188,-0.34024716560924884,-0.1227649088336781
2015-03-17,4937.43017578125,0.40035934495294523,-0.5807495011132885
2015-03-18,174.29051208496094,-0.16392071921246407,-0.08766064264813112
2015-03-18,4982.830078125,-0.8224009634060054,-0.029192069703456336
2015-03-19,4992.3798828125,-0.336841996687399,0.36190242188328403
2015-03-19,173.4955596923828,-0.1216282614695192,-0.07659095466087786
2015-03-20,5026.419921875,0.3029150707869144,0.010512406245105816
2015-03-20,175.02694702148438,0.9661916358322451,-0.3337027673341803
2015-03-23,5010.97021484375,-0.5113706132340671,-0.39655212913717935
2015-03-23,174.6858673095703,0.09716487364109849,-0.6813253327925847
2015-03-24,173.704345703125,-0.9648572989080599,-0.5450343361673785
2015-03-24,4994.72998046875,0.08942973709010632,-0.25871955660821794
2015-03-25,171.15895080566406,-1.028109779002498,0.40123361571985283
2015-03-25,4876.52001953125,-0.10670527850712784,0.8168902236309277
2015-03-26,4863.35986328125,-0.4091420317282661,0.3733858000292988
2015-03-26,170.75128173828125,-0.8558404219824225,0.39756237565409874
2015-03-27,171.14224243164062,-1.3635135459883336,0.20407063868034472
2015-03-27,4891.22021484375,-0.4595487400267352,0.27274679669089524
2015-03-30,4947.43994140625,0.07489503838769847,0.44186037991316485
2015-03-30,173.2301788330078,-1.2523242965306824,-0.38312576966235756
2015-03-31,171.7162322998047,-0.2780755124023497,0.009737377784327112
2015-03-31,4900.8798828125,-0.3016345346857772,0.4745603328066446
2015-04-01,4880.22998046875,0.7817901904550014,0.30647761755692093
2015-04-01,171.10902404785156,-0.726857606731479,1.1041183655640756
2015-04-02,4886.93994140625,-0.24250978160759304,0.3218704190338535
2015-04-02,171.72457885742188,-0.26657906745346893,0.2913472999971847
2015-04-06,4917.31982421875,0.4821681115775869,-0.5351370233912994
2015-04-06,172.8808135986328,0.14271798866812263,0.026452814808285516
2015-04-07,4910.22998046875,0.8286864789729079,0.4649356500789673
2015-04-07,172.42330932617188,0.4262825194575691,0.12555070005936808
2015-04-08,4950.81982421875,1.3622960260330794,0.3464793509689399
2015-04-08,173.00558471679688,1.2364927629694547,0.2126412963734806
2015-04-09,173.77088928222656,1.6670833587342007,0.5213776543714366
2015-04-09,4974.56005859375,1.309761290677805,0.1765605365320299
2015-04-10,4995.97998046875,1.1556449846669503,0.2716361232016495
2015-04-10,174.71917724609375,1.1532290802443883,-0.02615302184227307
2015-04-13,173.92897033691406,-0.061607812103651495,0.1832158722654199
2015-04-13,4988.25,0.2510454136932819,0.1569496317281568
2015-04-14,4977.2900390625,-1.0938118680601392,0.004391161931407735
2015-04-14,174.2616729736328,-1.4274673051802425,0.019978208525879157
2015-04-15,5011.02001953125,-0.06297182473559977,0.5024572868838209
2015-04-15,175.04356384277344,2.5469924130992143,0.5705657135261123
2015-04-16,5007.7900390625,-1.1239000673601576,-0.12251532234475535
2015-04-16,174.99366760253906,-0.5641916069502806,-0.12471141601430157
2015-04-17,4931.81005859375,0.21661818937741148,-0.1753483850393251
2015-04-17,172.9806671142578,-0.13239516462079737,-0.18538297686488764
2015-04-20,4994.60009765625,-0.16076527405950616,-0.14688395118378095
2015-04-20,174.56114196777344,0.21280917074476136,-0.011075014439116477
2015-04-21,5014.10009765625,0.4880147267459927,0.01571239593869613
2015-04-21,174.35311889648438,-0.09830477641125024,-0.1450916984360498
2015-04-22,5035.169921875,0.15014907406844574,-0.05297104504184825
2015-04-22,175.2099609375,-0.002977208039013243,-0.06209792962572183
2015-04-23,5056.06005859375,0.4580006484454433,0.5324939964657849
2015-04-23,175.65084838867188,2.433803231412602,0.07310050954947644
2015-04-24,176.05838012695312,1.9349491134062249,-0.01688495283292778
2015-04-24,5092.080078125,-1.2105081858835876,0.2404560303903205
2015-04-27,5060.25,-0.865165033858187,0.47214899309525016
2015-04-27,175.32640075683594,2.1368170083082823,0.10126191722040108
2015-04-28,175.8837432861328,1.8051514033649319,0.4680470593521441
2015-04-28,5055.419921875,0.05903939825763053,0.441616832415112
2015-04-29,5023.64013671875,-0.5417303494949046,-0.49375595466677097
2015-04-29,175.16009521484375,-0.595001439672479,0.24129717622767075
2015-04-30,4941.419921875,-0.4639342975287256,0.5002410890641074
2015-04-30,173.4049072265625,0.43471773170619654,1.497385153945878
2015-05-01,5005.39013671875,-0.13990991826307558,0.06708653942746148
2015-05-01,175.28482055664062,-1.0171460105397048,0.06479454478491942
2015-05-04,175.78392028808594,-0.26553747021896795,-0.14359647108267248
2015-05-04,5016.93017578125,-0.6794716163037432,-0.028935424721572355
2015-05-05,173.77088928222656,-0.9705927342222485,-0.24721946103238013
2015-05-05,4939.330078125,-0.002878869675916987,-0.19564729053259783
2015-05-06,173.0554962158203,0.24177482201503947,-0.2704283362241118
2015-05-06,4919.64013671875,0.42397071854420887,0.5079385561214679
2015-05-07,4945.5400390625,-0.6955601802250255,-1.0020460560866251
2015-05-07,173.7459259033203,-1.3110917736439707,-0.38080757070051685
2015-05-08,5003.5498046875,-2.1214787439837353,0.1814923489254458
2015-05-08,176.0334930419922,4.776858634065793,-0.34990783913709733
2015-05-11,4993.56982421875,-0.5777104377307251,-0.03454855662309141
2015-05-11,175.19332885742188,0.33347499966413213,0.5874272629805802
2015-05-12,174.66925048828125,-0.3988706443536922,-0.2532452780244516
2015-05-12,4976.18994140625,0.12714818031201805,-0.15685088423224436
2015-05-13,174.7025604248047,-0.4839290464830452,0.296119841272434
2015-05-13,4981.68994140625,0.1406801364163898,0.20996090238005247
2015-05-14,176.52426147460938,0.14315762734421295,-0.054845496269605755
2015-05-14,5050.7998046875,0.42749686960514455,-0.360955691630006
2015-05-15,176.71563720703125,-0.733126385736512,0.009005760386479432
2015-05-15,5048.2900390625,-0.4532824000212346,0.2500744779468298
2015-05-18,177.26458740234375,0.6294586917950187,0.004715429908161469
2015-05-18,5078.43994140625,-0.18138769807027497,-0.39166824583027043
2015-05-19,5070.02978515625,-0.004610805405714504,0.16262913043286617
2015-05-19,177.2064208984375,0.4970231432963231,0.2453028067872981
2015-05-20,5071.740234375,-0.04562072052608921,0.0866337762783747
2015-05-20,177.08163452148438,0.24578486694140161,-0.07982506864690128
2015-05-21,5090.7900390625,0.40134460515115267,-0.7050039837761645
2015-05-21,177.5973663330078,0.0433385540736386,-0.5008075254745742
2015-05-22,177.173095703125,-0.4627545299804354,-0.19006354030545594
2015-05-22,5089.35986328125,0.5752395883357984,-0.06832661373083335
2015-05-26,175.2681884765625,-0.3130602946371705,-0.12053397643374318
2015-05-26,5032.75,0.3223690275778744,-0.033016451186254445
2015-05-27,176.93185424804688,0.01427782969512188,-1.1987075715555628
2015-05-27,5106.58984375,-0.9945320255230016,-0.854865189976419
2015-05-28,176.73220825195312,0.4828277492019969,0.11377444947783827
2015-05-28,5097.97998046875,-0.7871660451858872,0.18606423741827377
2015-05-29,5070.02978515625,0.645933254977631,0.5347756049291035
2015-05-29,175.63418579101562,-0.023794495140051906,0.5404453328614363
2015-06-01,5082.93017578125,0.34555188511078166,0.11417670067145706
2015-06-01,175.99188232421875,1.2452274377725479,-0.05305378898910298
2015-06-02,5076.52001953125,-0.5608120399901345,-0.3527021434465875
2015-06-02,175.81715393066406,0.99975411667479,-0.17107106209029924
2015-06-03,176.28298950195312,0.5247773423074592,0.1019870789409549
2015-06-03,5099.22998046875,0.6156560918094031,0.04918654503093952
2015-06-04,174.7940216064453,0.544825821582738,-0.4367349629010503
2015-06-04,5059.1201171875,0.018961978034526053,-0.34095850352531054
2015-06-05,5068.4599609375,-0.07847433290091414,0.06181966581123701
2015-06-05,174.4945831298828,0.044942975527928475,0.2720057248766537
2015-06-08,5021.6298828125,0.18056468609117682,-0.24745845676349365
2015-06-08,173.42149353027344,0.2248167046064427,-0.45615057750735355
2015-06-09,5013.8701171875,0.05907869433049348,0.04828385336907926
2015-06-09,173.39654541015625,0.16365756836864953,0.24947495495140376
2015-06-10,5076.68994140625,0.1588763746815275,-0.47825346923902534
2015-06-10,175.47618103027344,0.15234169135105774,-0.4439032830488531
2015-06-11,5082.509765625,-0.1406352859023099,-0.07032603106735223
2015-06-11,176.04177856445312,0.2616964706734246,0.044518814452839554
2015-06-12,5051.10009765625,0.11943872423226681,0.1281864527660028
2015-06-12,174.6942596435547,-0.030787812245311644,0.21834047668436998
2015-06-15,173.94557189941406,0.16914890357735965,0.7319604578777572
2015-06-15,5029.97021484375,0.22127907957661405,1.2084916516750126
2015-06-16,174.8938446044922,0.1574811754254448,-0.839187651350598
2015-06-16,5055.5498046875,0.5661708100207481,-0.5034875907498619
2015-06-17,175.17669677734375,0.14455242011853145,1.1279586006541769
2015-06-17,5064.8798828125,0.5603705806091883,0.9605589390535454
2015-06-18,176.99838256835938,1.1203418393891922,-0.0693641587719784
2015-06-18,5132.9501953125,0.21867866340632922,-0.11324875269356881
2015-06-19,176.2126922607422,1.0089965896130684,-0.4758451642695203
2015-06-19,5117.0,0.42315000909702444,-0.26737833050879123
2015-06-22,177.11546325683594,1.8823212912710419,-0.3331534303414577
2015-06-22,5153.97021484375,2.0058156416026667,-0.24565389850104194
2015-06-23,177.2407989501953,2.545093358549399,-0.021345974044457868
2015-06-23,5160.08984375,2.5259593651390033,-0.378878100140127
2015-06-24,5122.41015625,3.106659248489729,-0.3538976683651569
2015-06-24,175.95355224609375,3.5115704835978256,-0.10123545350175962
2015-06-25,5112.18994140625,4.543645818703727,0.17260132756068897
2015-06-25,175.41859436035156,4.380133436942299,0.16843899281277624
2015-06-26,5080.509765625,5.693663962653606,-0.6157928739542128
2015-06-26,175.38514709472656,5.633775596790992,-0.1304959017547985
2015-06-29,171.70726013183594,11.130999290549253,0.1936065542844956
2015-06-29,4958.47021484375,11.09947119586771,-0.33855886785338934
2015-06-30,4986.8701171875,13.452426847119009,-0.4717427835102314
2015-06-30,172.0667266845703,13.51595917154786,-0.3105149040561759
2015-07-01,173.4458770751953,16.250077056107518,-0.5024874344050225
2015-07-01,5013.1201171875,16.331712553522586,-0.04566318091203121
2015-07-02,173.2870635986328,20.005828967729833,-0.7490777396482803
2015-07-02,5009.2099609375,19.122437381805753,0.7286547286646133
2015-07-06,4991.93994140625,37.27126514658471,0.1978080278607329
2015-07-06,172.7938995361328,37.73102635707601,-0.6416273484383218
2015-07-07,4997.4599609375,42.771024965733886,0.8414846274215578
2015-07-07,173.88058471679688,43.05705628508129,-0.2362415590869265
2015-07-08,170.96334838867188,48.38606995870877,-1.2486909791107086
2015-07-08,4909.759765625,49.333810778720334,-2.031330507872045
2015-07-09,4922.39990234375,54.62318055562139,-0.5656969986624861
2015-07-09,171.2725830078125,54.145676756552696,-0.4859208098212021
2015-07-10,4997.7001953125,60.73643854715353,-0.4570249677919967
2015-07-10,173.42919921875,60.39646456789621,-0.20774130096944546
2015-07-13,5071.509765625,78.23969724010328,-0.61653190279189
2015-07-13,175.34336853027344,78.08082667520772,0.04997613903444503
2015-07-14,176.10400390625,83.55014019348033,1.103372327081728
2015-07-14,5104.89013671875,83.39590636015114,0.0879896390834457
2015-07-15,5098.93994140625,88.3210702202475,0.07502282835112808
2015-07-15,176.04550170898438,88.21806938845556,0.31418330941285116
2015-07-16,177.45816040039062,92.41805288881321,0.05672550946360849
2015-07-16,5163.18017578125,92.32498850389992,0.28568780551818435
2015-07-17,177.6085968017578,95.57540482162646,-0.21019705304281053
2015-07-17,5210.14013671875,95.56650986613626,0.04015494715805498
2015-07-20,5218.85986328125,99.78004637791052,0.10314703113942376
2015-07-20,177.70057678222656,99.93169916300542,0.05364312556336829
2015-07-21,5208.1201171875,2.819088461409885,0.6643064522252398
2015-07-21,176.9984130859375,2.2990998745129523,0.4288697305014017
2015-07-22,5171.77001953125,-3.4448983757913947,0.4113829485641739
2015-07-22,176.6807403564453,4.109613433492842,0.149583589409635
2015-07-23,175.68609619140625,0.9688724624949738,-0.14371482046231415
2015-07-23,5146.41015625,-3.6265093018195262,-0.37139570423063567
2015-07-24,173.8638458251953,2.161410387704274,-0.5531245926403041
2015-07-24,5088.6298828125,-2.7755832542435313,-0.2957990098192713
2015-07-27,5039.77978515625,-2.2835640344198347,-0.4405400749009077
2015-07-27,172.8524169921875,2.261256310097378,1.316340343288824
2015-07-28,5089.2099609375,-0.08032524311455744,0.18487128970833366
2015-07-28,174.9755859375,2.698558044903519,0.4701948942054792
2015-07-29,5111.72998046875,-0.02639552337182511,-0.16365628596296383
2015-07-29,176.17922973632812,-1.0194486995547936,0.05095673647058399
2015-07-30,5128.77978515625,2.3314587659924015,0.322697884985544
2015-07-30,176.22103881835938,-1.2193060159823483,0.07692596242034447
2015-07-31,175.95355224609375,0.7609580704859377,0.17299575618499255
2015-07-31,5128.27978515625,0.9307094169491015,-0.20604058400650216
2015-08-03,175.360107421875,-0.6123246812215176,-0.7443694053918397
2015-08-03,5115.3798828125,-0.22851353889963844,-0.53893281279759
2015-08-04,175.01736450195312,0.014073786293691923,-0.4636915361317513
2015-08-04,5105.5498046875,0.7681804432907782,0.03484268772498495
2015-08-05,5139.93994140625,0.6376699565269542,0.0673125354029706
2015-08-05,175.59413146972656,0.5388672120333418,0.4841764636331985
2015-08-06,5056.43994140625,1.0974678293219031,0.7754590447900408
2015-08-06,174.1564178466797,0.17842621304944936,0.44485295246716233
2015-08-07,173.82208251953125,-0.34724856391999187,0.7694289881272522
2015-08-07,5043.5400390625,0.07446663769851639,0.5969880321333758
2015-08-10,5101.7998046875,-0.3982455159948207,0.8792958842950858
2015-08-10,176.01211547851562,-1.2036297929178323,0.639388968890223
2015-08-11,174.4239044189453,-0.04609744071319786,-0.6858257683999105
2015-08-11,5036.7900390625,-1.8775847340535334,-0.1065878213366184
2015-08-12,174.63284301757812,0.4674257832772069,0.0812748871447903
2015-08-12,5044.39013671875,-1.4147325429419004,0.4697192993568669
2015-08-13,5033.56005859375,1.3141908326946967,0.8380695239695096
2015-08-13,174.41558837890625,1.0251017606865342,0.36840602881347384
2015-08-14,5048.240234375,-0.02714844615325742,0.6952201060796653
2015-08-14,175.05081176757812,-0.29568939738455435,0.7216523720958972
2015-08-17,5091.7001953125,-0.08534172053517813,0.22039701773711812
2015-08-17,176.02879333496094,1.0333741603470175,0.08052344798815458
2015-08-18,5059.35009765625,-0.9788217140400797,0.108787107729237
2015-08-18,175.5188751220703,-2.081728051970951,0.12020756579119372
2015-08-19,5019.0498046875,0.13707202750954187,0.639573951944351
2015-08-19,174.13128662109375,-0.4267713035767004,0.4076051573783617
2015-08-20,4877.490234375,-0.26145978929726404,-0.28180593275424887
2015-08-20,170.49522399902344,-0.29608343705362655,-0.5869332162660266
2015-08-21,4706.0400390625,0.11069321508850048,0.40560485506840166
2015-08-21,165.3628692626953,-0.22679133603851634,0.5567101540334811
2015-08-24,4526.25,-0.05736256681920822,1.2968479527098733
2015-08-24,158.40003967285156,-0.34915340819419977,1.1592715363911692
2015-08-25,4506.490234375,-0.8015279436640947,0.10442191300337517
2015-08-25,156.53591918945312,-0.31991932150602553,-1.8219723372224839
2015-08-26,4697.5400390625,0.32240995897588925,-0.5694946909868761
2015-08-26,162.54600524902344,0.32817519759332914,-1.5156356759644136
2015-08-27,4812.7099609375,-0.49969791222686866,0.0737277879319975
2015-08-27,166.56663513183594,0.2078021056552184,1.217869878793869
2015-08-28,4828.31982421875,-0.1444806675117959,-0.2162274447487418
2015-08-28,166.57492065429688,0.14720352019106142,0.21169776940154048
2015-08-31,4776.509765625,-0.06250743183268805,0.7071636138371211
2015-08-31,165.22921752929688,0.3480619829672044,0.0334048220889652
2015-09-01,4636.10009765625,0.029831296331850835,-0.48042408235091616
2015-09-01,160.29747009277344,0.3791581831320478,-0.9425516200082946
2015-09-02,4749.97998046875,-0.5341459703494851,-0.3041277598466469
2015-09-02,163.340087890625,-0.4834193572251211,-0.9573515310511101
2015-09-03,163.45713806152344,0.013992999094827579,1.098460207258257
2015-09-03,4733.5,-0.33246986960172836,0.3897722821984135
2015-09-04,4683.919921875,-0.019366951374189114,0.24349369342908145
2015-09-04,160.98287963867188,-0.47741179187047444,1.2922857179942326
2015-09-08,165.02853393554688,-0.7674912041589745,0.3522309274986591
2015-09-08,4811.93017578125,-0.5274210552892988,0.5820260711185741
2015-09-09,4756.52978515625,-0.18546123718217053,-1.08962520923307
2015-09-09,162.82180786132812,0.015083628209713469,0.14505122399509132
2015-09-10,163.70790100097656,-0.2781012154854045,0.39807849888338664
2015-09-10,4796.25,-0.06064865858361053,0.9236247616851954
2015-09-11,4822.33984375,0.2993553257689018,0.8418635145851032
2015-09-11,164.45181274414062,0.4439251165039058,0.9448491893825427
2015-09-14,4805.759765625,0.14052308822506226,-1.348798115842063
2015-09-14,163.841552734375,-0.23938026803924667,-0.8540790770520337
2015-09-15,4860.52001953125,-0.30530728997083023,0.3885537669794844
2015-09-15,165.88951110839844,-0.61384610917802,1.0175262899496533
2015-09-16,167.32723999023438,0.060771320220991375,0.2740696624570687
2015-09-16,4889.240234375,-0.015617288330378142,-0.710746890956308
2015-09-17,4893.9501953125,0.1976612816057055,-0.26857853973019535
2015-09-17,166.9511260986328,-0.03477500395167705,-0.20832345596777527
2015-09-18,4827.22998046875,-0.34404442349893527,3.0303552513682623
2015-09-18,164.22286987304688,0.10096769458959935,-0.7573316522760524
2015-09-21,165.0714874267578,0.8749608670049426,-0.34283212088304293
2015-09-21,4828.9501953125,-0.5827183309467769,0.7290108778013542
2015-09-22,4756.72021484375,-0.43917184481125976,-0.8561713613820732
2015-09-22,162.92893981933594,0.25249596083923004,-0.6434418248588082
2015-09-23,4752.740234375,-0.09827465500827133,0.39206523513963637
2015-09-23,162.66844177246094,-0.06282529962701494,0.9145248513895499
2015-09-24,4734.47998046875,-0.047342068451820964,0.7748930261879684
2015-09-24,162.0802459716797,-0.41217160322494395,0.5255200191886545
2015-09-25,4686.5,-0.12568140101551162,0.2197430243146459
2015-09-25,162.0382080078125,-0.056822583272771565,0.5681194292633155
2015-09-28,157.97154235839844,-0.2847814776726912,2.770176861671818
2015-09-28,4543.97021484375,-0.18514269166138458,-1.7803125252790755
2015-09-29,4517.31982421875,0.5394606092858775,-1.607020847464758
2015-09-29,158.06399536132812,0.655074961325881,-0.9341355511493424
2015-09-30,161.01316833496094,-0.09633127031984919,0.853429728551982
2015-09-30,4620.16015625,-0.05450299686781672,-1.980554339089712
2015-10-01,4627.080078125,-0.4861296620897257,-0.0882331537753336
2015-10-01,161.4333038330078,0.11475003016104476,0.4398211732458958
2015-10-02,163.84478759765625,-0.036785110425652696,0.026668935661638835
2015-10-02,4707.77978515625,0.0596584700305519,-1.135481970720411
2015-10-05,166.76036071777344,-0.16756106410122107,-0.2552060058626505
2015-10-05,4781.259765625,0.32470406262389884,-0.46000739890326453
2015-10-06,4748.35986328125,-0.2352704678777477,0.9197447557753275
2015-10-06,166.18896484375,-0.18952492045311048,1.8057161008136262
2015-10-07,4791.14990234375,0.06250220307033981,-0.4641315773591635
2015-10-07,167.55018615722656,0.023988723758698975,0.4509695378989732
2015-10-08,169.0625457763672,-0.7831454912490049,0.27793362178307734
2015-10-08,4810.7900390625,-0.05479033985638267,-0.9466205386697355
2015-10-09,169.16343688964844,-0.11803066653600403,0.17283997775309348
2015-10-09,4830.47021484375,-0.4039460070055051,-0.2546223548849323
2015-10-12,4838.64013671875,0.006614944405775433,0.20474128370864633
2015-10-12,169.3230438232422,-0.0789119401535263,0.1333679621367225
2015-10-13,4796.60986328125,-0.3086856542852907,-0.15610556812867457
2015-10-13,168.2559356689453,-0.3724675544020213,-0.39911644048184264
2015-10-14,4782.85009765625,0.37253940840970395,0.03521463270917162
2015-10-14,167.44937133789062,-0.03840765473345944,0.03813032589442291
2015-10-15,4870.10009765625,0.44031149434008854,0.17278489208197426
2015-10-15,170.0204620361328,0.2720971434976767,0.0965373127027894
2015-10-16,170.79347229003906,-0.22424012231796828,0.08002029174825365
2015-10-16,4886.68994140625,0.027880849608060327,-0.12534186893165467
2015-10-19,170.8774871826172,-0.3538846183568519,0.04297812510734247
2015-10-19,4905.47021484375,0.21703091870053182,-0.11590104842459574
2015-10-20,170.6590118408203,-0.0691468305903866,-0.5551281360838732
2015-10-20,4880.97021484375,-0.19299321353829538,-0.21972127747568346
2015-10-21,4840.1201171875,-0.9588605749261867,0.04049335896734486
2015-10-21,169.6002960205078,-0.3314050553910583,-0.31287249219991475
2015-10-22,4920.0498046875,-0.3961522064014775,0.11244111860107256
2015-10-22,172.46548461914062,-0.22985595184707797,-0.3501690676281951
2015-10-23,5031.85986328125,0.8525976404437354,-0.23396089316732652
2015-10-23,174.35601806640625,-0.07658598919926979,-0.31911677677161526
2015-10-26,5034.7001953125,-0.06504513974574953,0.3363201062292656
2015-10-26,173.927490234375,0.13315722194351046,0.20219112738748632
2015-10-27,5030.14990234375,-0.33799720449367465,-0.08967135658671083
2015-10-27,173.59140014648438,-0.026831210850783844,0.2896397926694352
2015-10-28,5095.68994140625,0.07018217134802737,0.2529625692788739
2015-10-28,175.56591796875,0.4259670682629519,0.23073372923962707
2015-10-29,5074.27001953125,-0.4853425926368012,-0.14032144373260064
2015-10-29,175.46514892578125,-0.4986187175975477,0.0059933235570826865
2015-10-30,5053.75,0.49276727115566665,-0.22499023528103018
2015-10-30,174.7089385986328,0.11317684984923536,-0.11928743588319235
2015-11-02,5127.14990234375,-0.5552379178261633,0.036646067461167275
2015-11-02,176.7759246826172,-0.1203894790658271,0.14673610506620305
2015-11-03,5145.1298828125,0.8956372259030976,-0.05427748114153853
2015-11-03,177.28842163085938,0.24128164148805697,0.13567229039690035
2015-11-04,5142.47998046875,0.11060808241615247,0.1143224979774286
2015-11-04,176.75067138671875,0.21858386013167824,0.25212012849206805
2015-11-05,5127.740234375,0.37870428656098565,-0.071923168307922
2015-11-05,176.57421875,-0.18342992225358543,0.0044459284675294
2015-11-06,5147.1201171875,0.14942485586288226,-0.03678460958725907
2015-11-06,176.48179626464844,-0.17139988535542255,-0.11058737235308219
2015-11-09,5095.2998046875,-0.20070770431440046,-0.2107528830450096
2015-11-09,174.83494567871094,-0.2933204766160888,-0.014668693007721181
2015-11-10,5083.240234375,0.6778755894495229,-0.17264661232735007
2015-11-10,175.23826599121094,0.4486444792713905,-0.21519171669172682
2015-11-11,174.54928588867188,0.1668352922114947,0.05614981294049727
2015-11-11,5067.02001953125,0.29886310796528426,0.09770016365997364
2015-11-12,172.11264038085938,0.023980784720197944,-0.33077882447486284
2015-11-12,5005.080078125,-0.2089566565148498,0.22769442966660816
2015-11-13,4927.8798828125,-0.6600158261404669,-0.6586765136057401
2015-11-13,170.1800537109375,2.1033562186479093,0.33734187464629867
2015-11-16,4984.6201171875,0.2904445626104091,0.0056838038357656315
2015-11-16,172.7679901123047,0.2313588800148833,-0.030481272896733042
2015-11-17,4986.02001953125,1.1111297084306566,-0.4845894952514493
2015-11-17,172.64198303222656,1.9596238807660262,-0.2931499789764009
2015-11-18,5075.2001953125,0.8013149999410273,0.24524217369402107
2015-11-18,175.38111877441406,0.6624927644739028,0.05671432957207715
2015-11-19,5073.64013671875,1.221445964231253,0.10928774847255844
2015-11-19,175.22988891601562,1.7690596081390293,0.4551405258057805
2015-11-20,5104.919921875,-0.1693882676910594,-0.04229585872366183
2015-11-20,175.868408203125,0.23935977352787866,0.5399656943577221
2015-11-23,5102.47998046875,-0.3045802441590621,0.0641891992431029
2015-11-23,175.66676330566406,0.22591598503481405,-0.9489896407852928
2015-11-24,5102.81005859375,-0.8389724520859743,-0.6530075836693535
2015-11-24,175.90206909179688,-1.2847019458984585,-0.7566400479475917
2015-11-25,5116.14013671875,-0.3694158117436511,-0.5576576786098006
2015-11-25,175.87684631347656,-0.15530099322442548,-0.6944225086567494
2015-11-27,176.07847595214844,1.3688745745880582,-0.7082347484940917
2015-11-27,5127.52001953125,-0.7978451465295399,0.18753039753147702
2015-11-30,175.34751892089844,-0.5366253075705404,-0.9585446417625682
2015-11-30,5108.669921875,-0.7637531590688872,-0.28659995781946734
2015-12-01,177.01956176757812,-1.0869614416329239,-0.631782344576727
2015-12-01,5156.31005859375,-0.8212700042665273,-0.06909668152626613
2015-12-02,5123.22021484375,-1.2004771749698786,-0.7099683933385914
2015-12-02,175.21304321289062,1.3355099537184238,-0.2025053700486881
2015-12-03,5037.52978515625,0.43583290490053683,0.4140034298645903
2015-12-03,172.7595977783203,0.8728947429155286,-0.7099471040609004
2015-12-04,5142.27001953125,0.00734834590819744,0.02340183017913132
2015-12-04,176.12889099121094,-0.4006012634897784,0.010110896643108205
2015-12-07,175.06182861328125,1.6857323159604625,0.3970122274421921
2015-12-07,5101.81005859375,0.7953772443920307,0.36568983170018143
2015-12-08,173.88548278808594,-0.27287271455479484,-0.2613862593300048
2015-12-08,5098.240234375,0.28499429180651326,0.14111349691171662
2015-12-09,5022.8701171875,0.0022300816258664946,-0.017467331428507968
2015-12-09,172.53271484375,1.4276346705233656,-0.28268066091278926
2015-12-10,172.9781036376953,1.1245281794428734,0.07094789917223934
2015-12-10,5045.169921875,-0.08920609140741441,0.13557886965433533
2015-12-11,4933.47021484375,0.3657450301262753,0.1703779751287437
2015-12-11,169.62554931640625,0.9563647103325522,-1.0986255424398397
2015-12-14,4952.22998046875,0.5250176953297829,-0.5683467827571153
2015-12-14,170.4826202392578,-1.2835745999750714,-1.0168453037625587
2015-12-15,172.27224731445312,0.7757144294882871,0.3744361730544125
2015-12-15,4995.35986328125,-0.2461277276147742,-0.301547960034097
2015-12-16,5071.1298828125,0.6135107426949188,-0.2451956790697757
2015-12-16,174.7929229736328,0.6050277086838883,1.166702151022836
2015-12-17,5002.5498046875,0.3948678761691206,0.42632008434434393
2015-12-17,172.12936401367188,0.2709695418626919,1.3226651598200396
2015-12-18,169.06292724609375,-1.134115034555639,-1.1581784421281773
2015-12-18,4923.080078125,-0.7496965879470341,-0.017892498677947614
2015-12-21,4968.919921875,0.6654482309187703,-0.01838469287043539
2015-12-21,170.45750427246094,-0.10844576607167469,-0.1647177082510071
2015-12-22,5001.10986328125,0.7647472614569897,-0.16909513914983282
2015-12-22,172.0043487548828,0.45949052921443534,-0.07880123539626305
2015-12-23,174.13430786132812,0.12653540846886072,0.4129900504929456
2015-12-23,5045.93017578125,0.76822881442915,0.11190953960227693
2015-12-24,173.84693908691406,0.7563263314912732,0.04489532927702641
2015-12-24,5048.490234375,0.04873234087970732,-0.7665104231605594
2015-12-28,173.44967651367188,-0.11241441866856987,0.0292810080596705
2015-12-28,5040.990234375,0.839667606947278,-0.18646266097737224
2015-12-29,175.3007354736328,-0.9997346122374199,-0.11192344866464195
2015-12-29,5107.93994140625,-0.09316722203281069,0.14252640021024865
2015-12-30,5065.85009765625,0.3406016040358583,-0.01903154055678408
2015-12-30,174.05821228027344,-0.08037560569033957,-0.02761599946584786
2015-12-31,5007.41015625,-0.15485875723179574,-0.15583448727098195
2015-12-31,172.3170623779297,0.5081168262964159,0.0681620079215108
2016-01-04,4903.08984375,0.23971152314399627,-0.18685971425850212
2016-01-04,169.90817260742188,-0.012887780605857747,0.26538139739678845
2016-01-05,170.19552612304688,-0.13145691926178485,0.45348610420779617
2016-01-05,4891.43017578125,0.13320009376598055,0.2777934558383669
2016-01-06,4835.759765625,0.38175553281691244,0.18256690130986045
2016-01-06,168.0486602783203,0.18605867622981395,0.1417770209264858
2016-01-07,164.01690673828125,0.3294515423781188,0.39430573735905877
2016-01-07,4689.43017578125,-0.14209186397115198,0.08169923744999485
2016-01-08,162.216552734375,-0.47360379281762244,0.07430781992144268
2016-01-08,4643.6298828125,-0.1406864388410569,0.4855704745794185
2016-01-11,4637.990234375,-0.18947512845183195,1.0673467648636605
2016-01-11,162.37710571289062,0.6214731936171436,0.693134875864522
2016-01-12,4685.919921875,-0.14577160029435898,1.1718403582812742
2016-01-12,163.68727111816406,0.47897034626102636,0.9818591216589425
2016-01-13,159.6048126220703,-0.5831727128715012,1.417204486167667
2016-01-13,4526.06005859375,-0.2224162719417749,1.7524625817447768
2016-01-14,4615.0,0.09497431246874682,1.9226845724303798
2016-01-14,162.22500610351562,-0.6929660016423351,1.9142667953347177
2016-01-15,4488.419921875,-0.32292275039300056,2.8634650491340343
2016-01-15,158.74269104003906,0.27762747206971244,2.6846934059934378
2016-01-19,4476.9501953125,-0.2891837939258824,6.871852905816084
2016-01-19,158.95399475097656,0.004995994606014442,7.143365066465596
2016-01-20,156.91696166992188,-0.11818963373993552,8.867133517230362
2016-01-20,4471.68994140625,0.06718281067105306,8.989095801319488
2016-01-21,157.79598999023438,-0.20451652086980593,10.938394453283003
2016-01-21,4472.06005859375,-0.24536198565141495,11.111031582727096
2016-01-22,4591.18017578125,-0.3751936752000031,13.568762482621997
2016-01-22,161.0332794189453,0.18676072322781911,13.5840397158018
2016-01-25,4518.490234375,0.0611733946728114,23.469070104639847
2016-01-25,158.59901428222656,-0.5803755310058929,23.526744677256232
2016-01-26,4567.669921875,-0.31751652556145255,27.750770150094095
2016-01-26,160.76275634765625,-0.37914545301474606,27.660623710096353
2016-01-27,4468.169921875,-0.18889924535326655,32.72693212481863
2016-01-27,159.0131072998047,-0.16975967877939666,32.21685395455998
2016-01-28,4506.68017578125,-0.3984535660628658,37.67693002574876
2016-01-28,159.84144592285156,-0.299279440814975,37.59198269337553
2016-01-29,163.7379608154297,-0.6455803898866521,43.036147593423394
2016-01-29,4613.9501953125,0.35404767059421266,42.92207621950953
2016-02-01,163.67877197265625,0.2131541777879242,60.418759248855864
2016-02-01,4620.3701171875,0.9865087444477304,60.430958203615866
2016-02-02,4516.9501953125,-0.5504882742851704,66.31179752498667
2016-02-02,160.72897338867188,-0.10909259872664086,67.0818765789234
2016-02-03,4504.240234375,-0.4769252617024868,72.17681520121937
2016-02-03,161.6925048828125,-0.389612735406924,72.9203321387175
2016-02-04,161.9461212158203,-0.7607932568042497,78.07709943294228
2016-02-04,4509.56005859375,-0.6641079635853171,78.43195077627587
2016-02-05,158.86094665527344,2.1578016146720653,83.3603662776732
2016-02-05,4363.14013671875,2.3936800554302424,83.614980374195
2016-02-08,4283.75,0.2210333125165218,95.64547129402969
2016-02-08,156.72256469726562,0.34414612389218896,95.43496850868608
2016-02-09,4268.759765625,0.05963571708153383,97.93298597217732
2016-02-09,156.7310028076172,0.3484164351588126,97.92654550370098
2016-02-10,4283.58984375,-0.4019484169106566,99.39182320737469
2016-02-10,156.5957794189453,-0.4295533332154925,99.52112777303499
2016-02-11,4266.83984375,0.11783586300823022,99.92867050696533
2016-02-11,154.5587615966797,-0.10421484479497116,100.04070727781844
2016-02-12,4337.509765625,-0.37419760017990294,4.8348058647512255
2016-02-12,157.7452850341797,-0.4012568187159487,6.465472750584307
2016-02-16,160.40777587890625,-0.554815439235912,-2.404219216510737
2016-02-16,4435.9599609375,-0.011722587943349372,0.8906748187776756
2016-02-17,4534.06005859375,-0.12880807945782305,0.018342019352462376
2016-02-17,163.02798461914062,-0.1406497681881593,0.36564311638401104
2016-02-18,4487.5400390625,0.05973644938788007,0.18247386574518462
2016-02-18,162.3602752685547,0.1875559101023671,-0.9419292168199573
2016-02-19,162.28419494628906,-0.3691476170813453,1.6298494789737619
2016-02-19,4504.43017578125,-0.08623247549155848,-0.11897173594396913
2016-02-22,4570.60986328125,0.111829398398546,0.02726684410823636
2016-02-22,164.6339111328125,0.3594752376311725,-1.8035720011931464
2016-02-23,162.55470275878906,-0.20164359289638398,0.6662622122537296
2016-02-23,4503.580078125,-0.09285158492299414,0.108085554763896
2016-02-24,163.29840087890625,-0.18384050328107784,1.0754484303805234
2016-02-24,4542.60986328125,0.0160091585218939,0.8887227967836219
2016-02-25,165.27627563476562,-0.2591460670671728,-0.47201209417167217
2016-02-25,4582.2001953125,-0.02178592646569862,-1.9494929769027756
2016-02-26,164.89593505859375,0.04255588771348479,-0.21696863073670608
2016-02-26,4590.47021484375,0.0518281761428094,-0.04027872651481553
2016-02-29,4557.9501953125,0.02612660915304094,-0.8335354259614819
2016-02-29,163.60275268554688,0.0632305561920246,-0.7482788714591889
2016-03-01,167.4485321044922,-0.14871025487768585,0.16921876330340074
2016-03-01,4689.60009765625,0.21356359154863433,0.3156955751184283
2016-03-02,168.20077514648438,-0.4642414030973597,-0.1614841786636374
2016-03-02,4703.419921875,0.3542841380709088,0.1031985878692224
2016-03-03,168.86007690429688,-0.3624866005455234,-0.21749838882046313
2016-03-03,4707.419921875,0.4658605387124731,-0.13408773879688032
2016-03-04,169.40943908691406,-0.012446580770726304,0.24228154455850684
2016-03-04,4717.02001953125,0.27664446471867005,0.28457679636171945
2016-03-07,4708.25,-0.053972071438058475,0.03990248942473648
2016-03-07,169.544677734375,-0.3224418541366856,0.09043154319890749
2016-03-08,167.69361877441406,0.02590873406744157,-0.06945451318645965
2016-03-08,4648.81982421875,0.16725429453834767,-0.026564779437438624
2016-03-09,4674.3798828125,-0.14386810214639878,-0.3421650319245318
2016-03-09,168.5220184326172,-0.46482684204828884,-0.25808276115704637
2016-03-10,4662.16015625,0.006946649418356505,0.35116983906902566
2016-03-10,168.65719604492188,-0.273973541607958,0.22174134308138466
2016-03-11,171.37890625,-0.5609573231131311,-0.31386932759183045
2016-03-11,4748.47021484375,0.005807229567726828,-0.10678613622074168
2016-03-14,171.15908813476562,0.3075248309142768,-0.42211947101957864
2016-03-14,4750.27978515625,0.2496347396182255,-0.5751218636168673
2016-03-15,4728.669921875,0.08562600935972055,0.053813951184642536
2016-03-15,170.8801727294922,-0.09300927961103088,0.4344154198223065
2016-03-16,4763.97021484375,-0.06555946477891811,0.0015046828419603628
2016-03-16,171.86912536621094,-0.34280937099438924,0.12950512045720733
2016-03-17,4774.990234375,0.18482410965391716,0.15577754261372342
2016-03-17,172.9594268798828,-0.04325956477145774,0.09700769495758811
2016-03-18,173.6390838623047,1.0876572881743132,-0.05897946158265671
2016-03-18,4795.64990234375,-0.5192395533582492,-0.10265690732054478
2016-03-21,4808.8701171875,-0.32257992555867004,0.044679268812722925
2016-03-21,173.88546752929688,-0.12142747216637645,-0.07556693600813566
2016-03-22,173.7919921875,-0.09651678365989691,0.09833420430311629
2016-03-22,4821.66015625,0.19359899964987276,0.10953496891954101
2016-03-23,4768.85986328125,0.12470188778474117,-0.04108325810986831
2016-03-23,172.64511108398438,-0.18651058845474705,0.04237252195890079
2016-03-24,4773.5,0.2384949814339427,0.030152461104740836
2016-03-24,172.568603515625,0.07841931152479442,-0.04490672955118179
2016-03-28,4766.7900390625,0.256040910597577,0.12622089831729652
2016-03-28,172.6705780029297,-0.29963271168802025,-0.3878585952309793
2016-03-29,174.2677459716797,-0.5209810706512298,-0.08358919410160293
2016-03-29,4846.6201171875,-0.20922875107419292,-0.2345692231668941
2016-03-30,175.0324249267578,-0.28455024524938544,0.024823286930670402
2016-03-30,4869.2900390625,0.019332459498450374,-0.060443319288977164
2016-03-31,4869.85009765625,-0.09004272381207615,-0.1403845152397333
2016-03-31,174.60757446289062,0.06977654678885395,-0.1665129110639425
2016-04-01,4914.5400390625,-0.42331945061515536,-0.20205955240518614
2016-04-01,175.7970428466797,-0.10647872522047401,-0.32685241501398404
2016-04-04,175.2278594970703,0.31093369025468337,-0.3195347378281083
2016-04-04,4891.7998046875,0.22537242380801034,-0.3036693701954668
2016-04-05,173.4776611328125,-0.032738571648389135,-0.14800895901853928
2016-04-05,4843.93017578125,0.22612629411964938,-0.41297078262635417
2016-04-06,175.37222290039062,1.4221752054724066,-0.35218355675481405
2016-04-06,4920.72021484375,-0.5471416276074526,-0.40578650390870546
2016-04-07,173.2738037109375,-0.3043599527492721,0.00602220285378514
2016-04-07,4848.3701171875,-0.11150760700394959,-0.16940008363698167
2016-04-08,4850.68994140625,-0.8735954377026125,0.5066980987717633
2016-04-08,173.7410430908203,-0.1344731011760926,-0.5505580374707404
2016-04-11,173.333251953125,0.5103118662858724,0.3661914859873615
2016-04-11,4833.39990234375,1.2242145624389962,0.056408694488131544
2016-04-12,4872.08984375,2.7729322532697247,0.0531148579165133
2016-04-12,174.94747924804688,-0.8395926247039953,0.44378168973039306
2016-04-13,176.71461486816406,2.6063866020143145,-0.017164015849452978
2016-04-13,4947.419921875,-0.15522963195429287,0.122129931417601
2016-04-14,4945.89013671875,0.08538974293259052,0.3682379511463364
2016-04-14,176.7230682373047,-0.2652501315555895,0.047244841893673374
2016-04-15,176.5277099609375,-0.9353548907695094,0.26771981031565334
2016-04-15,4938.22021484375,1.2851888425406326,-0.034062476949213216
2016-04-18,4960.02001953125,1.0204183092865806,-0.02044783869880355
2016-04-18,177.76812744140625,-0.6248420518896561,0.13192969462361584
2016-04-19,178.32882690429688,0.6596574934891274,-0.09984656860179791
2016-04-19,4940.330078125,0.27480167373498793,0.38342001057880043
2016-04-20,178.4987335205078,-0.38673531477360107,0.18249246690533294
2016-04-20,4948.1298828125,-0.045988317104412105,0.18433141090083127
2016-04-21,177.5387420654297,0.0148895396453302,0.3627965499619045
2016-04-21,4945.89013671875,0.379396028235583,0.10545832388599219
2016-04-22,177.5387420654297,0.33726438704556205,0.5107913073444998
2016-04-22,4906.22998046875,1.2289321810976672,0.4169626568695148
2016-04-25,177.23284912109375,-0.7159298038864136,-0.1015407989853667
2016-04-25,4895.7900390625,-1.1241571815013032,-0.05747935490582122
2016-04-26,177.49623107910156,-0.7025174593205104,-0.05376278763952824
2016-04-26,4888.27978515625,-0.5907997895611043,0.32566100580514273
2016-04-27,177.86158752441406,-0.6661037671933536,0.47838659540113804
2016-04-27,4863.14013671875,0.15219398947551327,0.4269005510919257
2016-04-28,176.2473602294922,0.6995360692139775,-0.211024813756333
2016-04-28,4805.2900390625,0.5263664312561265,0.20160780323631908
2016-04-29,175.29580688476562,-0.738165314238503,0.22375473130035203
2016-04-29,4775.35986328125,-0.7267023058229227,0.6173572196258272
2016-05-02,176.68907165527344,1.08596082415298,0.25154177047583987
2016-05-02,4817.58984375,0.6547745299829746,0.18260447798783166
2016-05-03,175.1513671875,-0.3696526982789776,0.41086952284931016
2016-05-03,4763.22021484375,-0.7171145000011728,0.38483041629914233
2016-05-04,174.17434692382812,-0.5374025414659505,-0.2321938021861924
2016-05-04,4725.64013671875,0.12023638357275225,0.04129999350886189
2016-05-05,174.14035034179688,0.43541135422316846,0.2553077440160158
2016-05-05,4717.08984375,-1.2471032917065228,0.3094538384240556
2016-05-06,4736.16015625,0.2832704254114155,-0.16001636176847753
2016-05-06,174.77757263183594,-0.18350312731375373,0.13663038923950044
2016-05-09,174.92196655273438,0.7646624959153226,-0.7507428763399925
2016-05-09,4750.2099609375,1.1865224151152503,-0.1309878787865066
2016-05-10,177.096923828125,0.07760289153043518,0.44894781621953217
2016-05-10,4809.8798828125,-1.3434654349067805,0.6313011179019964
2016-05-11,175.44021606445312,-0.18541749422949336,0.20415608652991588
2016-05-11,4760.68994140625,-0.41283260444406605,0.303712568130228
2016-05-12,4737.330078125,0.39795690659090427,0.16422689896609255
2016-05-12,175.4912109375,-1.1548991817862995,0.3108179942980853
2016-05-13,4717.68017578125,0.5748535355815811,1.3678225592070412
2016-05-13,173.96192932128906,-0.3967950421926335,0.4951721212373333
2016-05-16,4775.4599609375,0.5059321768218026,0.1484254863642642
2016-05-16,175.6781768798828,-0.12488613416932776,0.7345901715580717
2016-05-17,4715.72998046875,-0.8246780555436571,0.2668095603502142
2016-05-17,174.0383758544922,-1.3225552186766836,0.4402123716812415
2016-05-18,4739.1201171875,0.10809734112558474,0.04584933741966182
2016-05-18,174.08932495117188,-0.41958857978217395,0.25431699117837
2016-05-19,4712.52978515625,0.37846728562689874,0.07087709873633376
2016-05-19,173.48611450195312,0.37554871639045884,-0.3779985450641662
2016-05-20,174.58216857910156,-0.5652672275584756,-0.0863677216379994
2016-05-20,4769.56005859375,-0.08513562849432167,0.28605762195486406
2016-05-23,174.34425354003906,0.24645857805763513,0.39006450520822955
2016-05-23,4765.77978515625,0.49296975186006514,0.6509049455257105
2016-05-24,176.60415649414062,0.40204761401286343,-0.16487716030324698
2016-05-24,4861.06005859375,0.6942566533957241,-0.02484982715043978
2016-05-25,177.80206298828125,0.20063401400456868,0.5016860361014145
2016-05-25,4894.89013671875,1.065990779313236,0.12123721325603007
2016-05-26,177.85302734375,-0.2205527578722141,0.6112505367267373
2016-05-26,4901.77001953125,0.34767343456890243,0.0615045094623779
2016-05-27,178.61766052246094,-0.4398435973547847,-0.6829041241996882
2016-05-27,4933.5,0.0207764086918587,0.11008857665219486
2016-05-31,4948.0498046875,0.11724329111751713,0.1618518133101842
2016-05-31,178.27784729003906,0.18047449354658085,0.06894568153636647
2016-06-01,4952.25,0.3897696169986875,-0.2399974721969079
2016-06-01,178.64320373535156,0.31788852247425514,0.0034468552154991723
2016-06-02,4971.35986328125,0.2511342075621724,0.27950733433960934
2016-06-02,179.1869354248047,-0.3132122884353933,0.02917052416863003
2016-06-03,178.6517333984375,-0.8137043473056709,0.7675572827955942
2016-06-03,4942.52001953125,-0.6388316074077148,0.19045396572182022
2016-06-06,179.56076049804688,0.20776691846364043,0.010780463077400356
2016-06-06,4968.7099609375,0.38938593039668923,0.018377337802289128
2016-06-07,4961.75,0.8070910583476408,0.20428957623000704
2016-06-07,179.84104919433594,-0.3860326187451872,0.39608675075672173
2016-06-08,180.4272918701172,-1.1978302288071547,0.09621788209647378
2016-06-08,4974.64013671875,-0.4810227652381471,0.028189801157264913
2016-06-09,180.18093872070312,-0.14345852038953077,-0.07124886547456337
2016-06-09,4958.6201171875,0.1770018849313748,-0.09255440702283105
2016-06-10,178.4732666015625,0.44534259877060844,0.8445006216075716
2016-06-10,4894.5498046875,0.031020362879268605,0.3454129932646765
2016-06-13,4848.43994140625,-0.19319996881417265,-0.48164703811640186
2016-06-13,177.096923828125,-0.16872926699011562,-0.5977829298216403
2016-06-14,176.74864196777344,-0.11655681528391322,-0.3595942523568261
2016-06-14,4843.5498046875,0.181605915814571,0.08322439678974117
2016-06-15,176.502197265625,0.05335624433577275,1.3123878258950012
2016-06-15,4834.93017578125,-0.04336987156765359,0.3136935266426198
2016-06-16,4844.919921875,-0.10754664584979631,0.9059159129339114
2016-06-16,177.02891540527344,0.11646930816965312,-0.9946794035550469
2016-06-17,4800.33984375,0.5717750643598452,0.34990506760922124
2016-06-17,176.36968994140625,0.23449998040469297,-0.06362293316695047
2016-06-20,177.50550842285156,0.013349114731629483,-0.22885519140062077
2016-06-20,4837.2099609375,0.11963817387296109,-0.11382108430585527
2016-06-21,178.0093536376953,-0.5662086729731455,1.4648847697543548
2016-06-21,4843.759765625,0.19808053117489163,-0.5371015863263305
2016-06-22,4833.31982421875,-0.13478337839078774,-0.513323733631461
2016-06-22,177.7189483642578,0.14865806927475939,-1.135294910915692
2016-06-23,4910.0400390625,0.3201222991607537,0.0968152251166359
2016-06-23,180.0333709716797,-0.19426531620658255,0.32879072167343715
2016-06-24,173.56851196289062,-0.08493955471737803,-0.6444490329248193
2016-06-24,4707.97998046875,-0.20845885797643768,-0.15061337072546357
2016-06-27,4594.43994140625,0.07741207580040856,-0.22565920858778954
2016-06-27,170.45993041992188,0.35548471629089096,-1.7676157224083475
2016-06-28,173.534423828125,-0.11401832214490216,-1.0036110249610484
2016-06-28,4691.8701171875,-0.024385096063213645,0.34774831805403666
2016-06-29,4779.25,-0.30861738969919333,0.39863667168622463
2016-06-29,176.4892578125,-0.49048767589659414,-0.02864780054045442
2016-06-30,4842.669921875,-0.4684303265167268,0.688196795434942
2016-06-30,178.8975067138672,0.012558385140684306,0.238295476814336
2016-07-01,179.2733154296875,0.03738841177769185,0.04910132629390151
2016-07-01,4862.56982421875,0.7944540216997344,-1.653637455075097
2016-07-05,177.9837188720703,-0.270923887612722,-0.634621013792927
2016-07-05,4822.89990234375,-0.22879640842125487,0.07306392851444209
2016-07-06,179.05126953125,-0.16580925291671386,0.0487831342561592
2016-07-06,4859.16015625,-0.15044893319040623,-0.5490336195546989
2016-07-07,4876.81005859375,-0.13783701127062425,1.1965454631372079
2016-07-07,178.94021606445312,0.07796583209623217,0.44742986580136335
2016-07-08,181.604736328125,0.28163573604751185,0.7636931472145967
2016-07-08,4956.759765625,-0.2849731629195725,1.4108500132115565
2016-07-11,182.2452392578125,-0.004998639867331107,-2.1130369174663035
2016-07-11,4988.64013671875,0.2285064810172954,1.033924853229022
2016-07-12,5022.81982421875,-0.5148059886099825,-0.40013016395383566
2016-07-12,183.56895446777344,-0.3807104381101057,-0.5766902012281161
2016-07-13,5005.72998046875,-0.19617731186667658,-0.07742460661450587
2016-07-13,183.54335021972656,0.23638474646301552,-0.12594929977420632
2016-07-14,5034.06005859375,0.07964352549861281,-0.1926435037687134
2016-07-14,184.5681304931641,0.35187704612044757,-0.0746853472260147
2016-07-15,5029.58984375,-0.4231160904418489,0.2249742794286544
2016-07-15,184.3205108642578,-0.38028236253784026,0.2816203642123905
2016-07-18,184.8157958984375,-0.34335964222616044,0.05464834602318996
2016-07-18,5055.77978515625,-0.09762982111103455,-0.015414647123695934
2016-07-19,184.62789916992188,0.23818364778652565,0.004224948878085545
2016-07-19,5036.3701171875,0.35487560315941247,0.03831084928447
2016-07-20,185.39649963378903,-0.12699168352978515,-0.019836011352789517
2016-07-20,5089.93017578125,0.24364027020649978,-0.07331103087071632
2016-07-21,5073.89990234375,-0.5206137709025341,0.18961415235315845
2016-07-21,184.69625854492188,-0.3808772799632754,0.11347054628890837
2016-07-22,5100.16015625,-0.021109489868874506,0.13509731228848504
2016-07-22,185.524658203125,-0.23901829155157325,0.09710116900848716
2016-07-25,5097.6298828125,-0.28409081649135826,0.22057771857119843
2016-07-25,185.0207672119141,-0.003309974507287458,0.0485869889154879
2016-07-26,185.106201171875,-1.2511824857219864,0.9141887787819561
2016-07-26,5110.0498046875,-0.40671751016224494,-0.014533329747157849
2016-07-27,184.9097595214844,-0.43515529851182455,0.5638970874264264
2016-07-27,5139.81005859375,-0.13007031746814676,0.059384117743823975
2016-07-28,185.1232452392578,-0.07973474390436451,0.5076836193129074
2016-07-28,5154.97998046875,-0.4333221760951982,-0.2493748887435256
2016-07-29,185.4221649169922,-0.04257358851747763,0.8527403699901158
2016-07-29,5162.1298828125,-0.151212100849303,-0.3175668864068277
2016-08-01,185.26844787597656,-0.20831717863313218,0.918350471848007
2016-08-01,5184.2001953125,-0.23671396321251173,-0.09488007945226369
2016-08-02,184.0813751220703,1.5202674363332733,0.14877942113192574
2016-08-02,5137.72998046875,0.33735763142441955,0.10479235170438837
2016-08-03,184.619384765625,-0.6131123576718072,-0.030292847335537817
2016-08-03,5159.740234375,0.30416665918476415,-0.10643758838513515
2016-08-04,5166.25,0.6005332043415744,-0.15645348112301263
2016-08-04,184.8157958984375,1.9391776390783777,-0.15405119218085694
2016-08-05,5221.1201171875,-0.13227634164202287,-0.11911279784756523
2016-08-05,186.327392578125,0.1858120278951779,0.17410826964724965
2016-08-08,5213.14013671875,-0.8892619652451486,-0.35211909341867537
2016-08-08,186.2163848876953,-0.4923949210730822,0.40063855444539553
2016-08-09,186.327392578125,-1.844317967992248,0.10977487814036276
2016-08-09,5225.47998046875,-0.87511840150636,0.20952679031833038
2016-08-10,5204.580078125,0.9562660509574127,0.294022902286301
2016-08-10,185.86622619628903,-0.8868942431742167,0.09061855258647761
2016-08-11,5228.39990234375,2.483926238487605,-0.18600906616816193
2016-08-11,186.728759765625,-1.1786124540664602,-0.22191467160820427
2016-08-12,5232.89013671875,-1.1149888792202838,0.34386333387490614
2016-08-12,186.5665435791016,0.5163128421675451,0.15499454080538505
2016-08-15,5262.02001953125,1.9020876517632412,-0.1749549528516208
2016-08-15,187.1045684814453,1.212175825313935,0.405356281006013
2016-08-16,5227.10986328125,-0.5683193570254804,-0.7486548641133168
2016-08-16,186.13954162597656,2.535309555193623,0.13203299657128806
2016-08-17,5228.66015625,0.06804481098734845,-0.020000708907378453
2016-08-17,186.48968505859372,-0.1588972423060663,0.19527398343755092
2016-08-18,5240.14990234375,-0.7069763714964573,0.12652199642648074
2016-08-18,186.90817260742188,-0.8143349376402433,0.08843153720170066
2016-08-19,5238.3798828125,0.15504361838897843,-0.15950506583853802
2016-08-19,186.63487243652344,-0.2512548508738827,0.0013501971578927963
2016-08-22,5244.60009765625,1.2752441832367618,0.7103596917993213
2016-08-22,186.6262969970703,1.3371318786337394,0.13305396853174373
2016-08-23,5260.080078125,0.26925918930837794,-0.11096165717349425
2016-08-23,187.00205993652344,1.1748755408048028,0.026232488710554613
2016-08-24,5217.68994140625,-1.0976979353696585,-0.05425866883303434
2016-08-24,186.04562377929688,-0.07486163415313181,0.09899511360580641
2016-08-25,5212.2001953125,-0.10636840116005364,0.06733843523366441
2016-08-25,185.9174652099609,-0.15969213405512203,0.04629075409929596
2016-08-26,5218.919921875,-0.05371549051201318,-0.06997372013905793
2016-08-26,185.56735229492188,0.11238319274474257,0.14897284277597364
2016-08-29,5232.330078125,1.605846782047948,0.2881884589684523
2016-08-29,186.4811248779297,0.7629247778179955,-0.21439038772571223
2016-08-30,5222.990234375,-0.7662008021345931,-0.062701654613349
2016-08-30,186.17364501953125,-1.1328726617182487,0.17274199303758084
2016-08-31,5213.22021484375,0.21445320583574592,0.20876665109354933
2016-08-31,185.64419555664065,-0.2902354912152356,-0.3318347328976792
2016-09-01,5227.2099609375,-0.18296992398810336,-0.4032240582133236
2016-09-01,185.65272521972656,-0.12799550518616107,0.07016364297542639
2016-09-02,5249.89990234375,0.7972086527514272,0.16556904156979277
2016-09-02,186.48968505859372,0.4422468102511094,0.2586558091933729
2016-09-06,5275.91015625,-0.6842683102911382,-0.2789079204332394
2016-09-06,187.05332946777344,-0.2120194424707413,-0.23966550766218167
2016-09-07,5283.93017578125,-0.6339871914930801,-0.4892003703128032
2016-09-07,187.0362091064453,-0.4496723253517819,-0.1871885698425632
2016-09-08,5259.47998046875,-0.5873762662718304,-0.40528231308845775
2016-09-08,186.60923767089844,-0.2877400919910847,0.09092898196884085
2016-09-09,5125.91015625,1.1322910831743445,-0.21119153296556054
2016-09-09,182.14280700683597,0.44524183400661843,-0.7197765017514527
2016-09-12,5211.89013671875,-0.42845532165070216,-0.6925932768965465
2016-09-12,184.7559967041016,-0.4452925023181441,0.4905054022269858
2016-09-13,182.1000823974609,-0.5716647983764331,0.47548968634779826
2016-09-13,5155.25,-0.1357645972021794,0.3362397912173352
2016-09-14,182.0317230224609,-0.14492573546071305,0.25938457462368164
2016-09-14,5173.77001953125,0.12192392173315954,-0.17781206258858417
2016-09-15,183.85079956054688,-0.2911554896142607,0.2891320864831871
2016-09-15,5249.68994140625,1.1134265383487845,-0.26570827232545013
2016-09-16,183.1400451660156,-0.9671400127461615,-0.6280066685452149
2016-09-16,5244.56982421875,0.6149942628646426,-0.44883318175469755
2016-09-19,183.1743927001953,-0.4659276632886019,-0.10334457996544981
2016-09-19,5235.02978515625,0.8425138320621633,-0.8423978618864798
2016-09-20,183.18299865722656,-0.8164021043391532,0.22493292313656538
2016-09-20,5241.35009765625,0.4888934370754507,-0.5721889732724827
2016-09-21,185.2429656982422,-1.2299293006306444,0.31663874789687957
2016-09-21,5295.18017578125,2.6104596722324263,-0.2813155171869223
2016-09-22,186.4102783203125,0.294366152901417,-0.3774232819186788
2016-09-22,5339.52001953125,-1.1402359352007636,-1.0174819358001101
2016-09-23,185.3888702392578,1.216398841461459,0.6391558657059192
2016-09-23,5305.75,1.351228961854938,0.1327481572508027
2016-09-26,183.8868103027344,0.5866799170447183,-0.36339260928516054
2016-09-26,5257.490234375,0.08670485059201141,-0.5024873634685525
2016-09-27,185.0283966064453,-0.8935115694452115,0.6059278462453312
2016-09-27,5305.7099609375,0.3338183179956533,0.6176527548496731
2016-09-28,185.94677734375,0.12357043629689714,-0.8763837491781069
2016-09-28,5318.5498046875,-0.020973592873615384,-0.5625298996442325
2016-09-29,184.26446533203125,-0.29804928469649333,0.06365592102693748
2016-09-29,5269.14990234375,-0.68316602743721,0.3180778300117592
2016-09-30,5312.0,-0.0018320344256179235,-0.6998868708834207
2016-09-30,185.6549835205078,0.8429766079065228,-0.6101303437583787
2016-10-03,185.20860290527344,0.04178434381785326,-0.1672080686842304
2016-10-03,5300.8701171875,0.3567030650177444,0.20463128791357543
2016-10-04,184.26446533203125,-0.01957348397848574,-0.11868854496229427
2016-10-04,5289.66015625,0.19736666745768855,0.03286947943765195
2016-10-05,185.0799102783203,-0.10193614652209332,0.09502705145941327
2016-10-05,5316.02001953125,0.050905723289232103,0.021106468517129266
2016-10-06,185.20860290527344,-0.4517740653394034,-0.22385476882656288
2016-10-06,5306.85009765625,-0.3402875781906783,0.32377189530737865
2016-10-07,184.5734100341797,-1.2872830042065184,0.09900707131037464
2016-10-07,5292.39990234375,0.13836631287435083,0.2742607812970977
2016-10-10,185.5348052978516,0.23067092915730028,0.2963706329028414
2016-10-10,5328.669921875,1.3294105920206216,0.18088223702295328
2016-10-11,183.1916046142578,-0.4843328224356319,0.0013384448752060058
2016-10-11,5246.7900390625,-0.4449486526246751,0.3211080718270803
2016-10-12,5239.02001953125,-0.9250162249461498,-0.3607140927519206
2016-10-12,183.4319305419922,-0.11460880634654912,0.35243844029902677
2016-10-13,182.8311004638672,0.043354393722884466,-0.1309345551567202
2016-10-13,5213.330078125,0.6567688760292059,0.03727694914036369
2016-10-14,182.92552185058597,-0.8730224896582792,-0.33380199658071213
2016-10-14,5214.16015625,0.30152408366677785,-0.29075372320852944
2016-10-17,182.2903594970703,0.4982978783051781,-0.1705551308954435
2016-10-17,5199.81982421875,0.509742706697608,-0.18686188936489934
2016-10-18,183.4319305419922,-0.6705750643511268,-0.11673708016586683
2016-10-18,5243.83984375,0.8111728247276274,-0.07223111212370599
2016-10-19,183.92117309570312,-0.25605289047514496,-0.18460903664766373
2016-10-19,5246.41015625,-0.5977852656317678,-0.6067980176621547
2016-10-20,5241.830078125,-0.5481186659115234,-0.06622870727832876
2016-10-20,183.57778930664065,0.8930779231542244,0.13776434730120557
2016-10-21,5257.39990234375,-0.45310914386010154,-0.20054728393632915
2016-10-21,183.6636657714844,0.8614232364145011,-0.1611435157972009
2016-10-24,5309.830078125,-0.917970942265561,-0.2207887335001628
2016-10-24,184.4447479248047,1.0606421361817768,0.030463486091414603
2016-10-25,183.82681274414065,2.2362026888024973,-0.08859430073819198
2016-10-25,5283.39990234375,1.2530866044851663,-0.07264189401510959
2016-10-26,183.4576110839844,0.14837950122462226,-0.10579631788172056
2016-10-26,5250.27001953125,0.8928904758369968,-0.2209124315485639
2016-10-27,182.9683380126953,-0.029943896632304998,-0.44884690196739513
2016-10-27,5215.97021484375,-0.4249211633620425,-0.7988077935235802
2016-10-28,5190.10009765625,-0.5303472431259932,-0.3228639469340719
2016-10-28,182.4276580810547,-0.8114123585720967,-0.08643526139979331
2016-10-31,182.43626403808597,-0.577976041160439,-0.2949682733432086
2016-10-31,5189.14013671875,-0.039012076272829564,-0.7170679897013457
2016-11-01,181.11441040039065,0.0022328784229313243,0.009684355785065523
2016-11-01,5153.580078125,-0.05259403345819139,-1.73331629566587
2016-11-02,180.02438354492188,0.365079516338833,0.17743515668752263
2016-11-02,5105.56982421875,0.4372205422527213,2.610693794876551
2016-11-03,179.20037841796875,-0.2119499848331419,1.6755160828427214
2016-11-03,5058.41015625,0.30675319598333806,-1.4599619050483195
2016-11-04,179.00299072265625,0.22591030447368118,1.5214845884856176
2016-11-04,5046.3701171875,0.6278431832996011,-1.2135909770741757
2016-11-07,182.95123291015625,0.14724494739698304,-0.2793620530583675
2016-11-07,5166.169921875,0.2026184788522072,-0.2387810464377694
2016-11-08,5193.490234375,0.3887647082677048,0.36092804140145496
2016-11-08,183.77525329589844,0.3757251002266546,0.627649258735862
2016-11-09,5251.06982421875,0.416755306407712,-0.1701579197138914
2016-11-09,185.72366333007807,-0.5222080998275396,0.2904000027685766
2016-11-10,5208.7998046875,-0.24837275953821433,0.09854866584503884
2016-11-10,186.1871337890625,0.08018492593196468,-0.34140375878265944
2016-11-11,5237.10986328125,0.2374376926236854,-0.08599558093508707
2016-11-11,185.75791931152344,0.08155000945725197,-0.09794949971392279
2016-11-14,5218.39990234375,-0.11808917993101493,-0.46417251770158907
2016-11-14,185.9038848876953,-0.24315849131192224,0.2985749906977164
2016-11-15,187.35443115234372,-0.12791748638180547,0.6663508723570771
2016-11-15,5275.6201171875,-0.31063105967966853,0.0463231316343573
2016-11-16,187.0025177001953,-0.13871556620028697,-0.029159730921388374
2016-11-16,5294.580078125,0.032663577685464004,-0.19723354352489833
2016-11-17,187.9638671875,0.3621687564634274,0.16328423756346971
2016-11-17,5333.97021484375,0.17572208861334757,0.08640857149615246
2016-11-18,5321.509765625,-0.6167005310831418,0.026651935898661227
2016-11-18,187.54327392578125,-0.46780193466239933,0.13804431570582468
2016-11-21,5368.85986328125,0.6474458915662049,-0.2860299371311067
2016-11-21,188.95947265625,-0.12027958929375622,-0.6952032365234029
2016-11-22,5386.35009765625,-0.15288838917267225,-0.6241428102326068
2016-11-22,189.32862854003903,0.05579664416891726,0.07047926674313101
2016-11-23,5380.68017578125,-0.25636010619808675,-0.37947809704829427
2016-11-23,189.43161010742188,-0.1521177966524534,-0.08932344579693374
2016-11-25,5398.919921875,0.4346330606417448,-0.09346581728980341
2016-11-25,190.1354217529297,-0.3793058278698326,0.10154871327474857
2016-11-28,189.24273681640625,-0.8524141369608825,-0.7745381771212049
2016-11-28,5368.81005859375,-0.1806120951593307,-0.4147304287491892
2016-11-29,5379.919921875,0.2862837330756106,-0.4928736564296984
2016-11-29,189.6118011474609,0.1985718960852908,-0.1412441354249023
2016-11-30,5323.68017578125,-0.7396344968879881,0.0814069637602571
2016-11-30,189.15692138671875,-0.5442985513054478,-0.0647839431991422
2016-12-01,5251.10986328125,-0.44832550309822355,0.4017703983299861
2016-12-01,188.4616851806641,-0.4906183746813848,0.13132712578230954
2016-12-02,5255.64990234375,0.021583685120164817,-0.05588601188365292
2016-12-02,188.5560760498047,0.060506072146153514,0.0724708481032565
2016-12-05,5308.89013671875,-0.0986058969403683,0.04131602250732074
2016-12-05,189.6891021728516,0.27149867940539985,0.27454237738613213
2016-12-06,5333.0,-0.3507368011146429,0.12213037620345088
2016-12-06,190.2899169921875,-0.07259811433900144,0.03361792793179401
2016-12-07,5393.759765625,-0.010034674872170727,-0.3035823320930959
2016-12-07,192.77908325195312,-0.20302692542736608,-0.6221194246683831
2016-12-08,193.2510986328125,-0.7111130412756951,-0.525617969449316
2016-12-08,5417.35986328125,0.15668643721260542,-0.043901545620720746
2016-12-09,194.41847229003903,-0.24223684746596147,-0.038602423090776626
2016-12-09,5444.5,0.3679808763850161,0.025866408563650634
2016-12-12,5412.5400390625,1.1318256824198962,-0.17055955394797875
2016-12-12,194.1952362060547,1.7344004438493814,-0.11484324872135533
2016-12-13,195.4913024902344,0.7119929916538205,-0.5743985753125483
2016-12-13,5463.830078125,-0.3306734931360667,-0.15891196479467487
2016-12-14,5436.669921875,0.054201274365328865,-0.04566105024377247
2016-12-14,193.8777313232422,0.5468135530369619,0.11035493722373595
2016-12-15,5456.85009765625,0.7153950597920475,-0.06982817284705066
2016-12-15,194.6759033203125,-0.034053714711802914,0.02508259615732278
2016-12-16,5437.16015625,-1.0971498837007205,-0.3691184379836865
2016-12-16,194.2951202392578,3.4696208200617553,0.005239532665143218
2016-12-19,194.7182464599609,1.7884439299929766,-0.20969869972041505
2016-12-19,5457.43994140625,-3.688832471357244,-0.023186590392848073
2016-12-20,195.4693756103516,1.6357647792850911,-0.1721961999828107
2016-12-20,5483.93994140625,-1.0226986016851238,-0.16465334827511538
2016-12-21,194.9254608154297,-0.6561875953894276,0.25353096421832527
2016-12-21,5471.43017578125,-0.14597915462678537,0.03697147276689762
2016-12-22,194.5886993408203,-0.6971174823746497,-0.09006177594587732
2016-12-22,5447.419921875,-0.8661071190559221,0.17495380109326944
2016-12-23,194.87371826171875,0.1985643280178601,-0.19452170060182097
2016-12-23,5462.68994140625,2.494735729216332,0.12138929454376905
2016-12-27,195.3571014404297,-0.09814135080877219,-0.12237630349910754
2016-12-27,5487.43994140625,1.3219982412627749,0.06963366358247053
2016-12-28,193.74264526367188,-0.8027494253572244,-0.010711558489472904
2016-12-28,5438.56005859375,-1.8158481499448775,0.05532243518337507
2016-12-29,5432.08984375,-1.5065272425552705,-0.22407414285371374
2016-12-29,193.69944763183597,0.10807480565409487,-0.057351401311451805
2016-12-30,192.9914093017578,0.1091552803031027,0.044905562685387056
2016-12-30,5383.1201171875,2.9845331912361237,0.5018306920373974
2017-01-03,5429.080078125,-0.15755621254909222,-0.5991543819638241
2017-01-03,194.46788024902344,3.3766739321019887,-0.12814484813529892
2017-01-04,195.6248321533203,1.425133377438449,-0.20551009412120821
2017-01-04,5477.0,-2.0900520673705234,-0.33148989404542795
2017-01-05,195.4693756103516,0.8611720876892288,-0.02782425918772765
2017-01-05,5487.93994140625,1.133740169342851,0.06809603506609124
2017-01-06,5521.06005859375,0.04942941888272272,-0.048950171915031614
2017-01-06,196.1687164306641,-0.14477742781884412,-0.009459964819041437
2017-01-09,5531.81982421875,-0.4794372144460221,-0.1496019395083263
2017-01-09,195.5211639404297,0.1733586121382421,1.1818365073796369
2017-01-10,5551.81982421875,0.21005771364665882,-0.054840187764803996
2017-01-10,195.5211639404297,-0.6855871023161565,0.024684269870638178
2017-01-11,5563.64990234375,0.18042169303691122,0.2208287693581768
2017-01-11,196.07374572753903,-0.10363737030602657,-0.2076822292228447
2017-01-12,5547.490234375,-0.46648455802113276,0.34844735765809093
2017-01-12,195.5815887451172,-0.7545776389322566,-0.010811293884441854
2017-01-13,5574.1201171875,0.2359764607550761,-0.004092599698196915
2017-01-13,196.03060913085935,-0.031952614780806625,0.12433503969040062
2017-01-17,195.33984375,0.20989456139891338,-0.10181278038713087
2017-01-17,5538.72998046875,0.5218740639461422,0.16558807242233017
2017-01-18,195.7715301513672,-0.6138257700705632,0.24109716464095451
2017-01-18,5555.64990234375,-0.5851282770249068,-0.3823619139730611
2017-01-19,5540.080078125,-0.027078759938337717,-0.04594518879649611
2017-01-19,195.04632568359372,-0.12228428058606826,0.2606450532215983
2017-01-20,5555.330078125,0.7450948078165562,-0.028727928427473938
2017-01-20,195.76290893554688,-0.27062220342319665,0.00799868576531799
2017-01-23,195.2535095214844,-0.48742561784940985,0.08575707600898201
2017-01-23,5552.93994140625,-0.054759252986340205,0.13071826117017699
2017-01-24,5600.9599609375,-0.7764175417166936,-0.2167639065033593
2017-01-24,196.5054473876953,0.01703361315615199,0.287502088137602
2017-01-25,198.2062530517578,0.05456439256280368,-0.27652243792954856
2017-01-25,5656.33984375,0.7246965655417702,0.11861071750721593
2017-01-26,5655.18017578125,0.5251285305060711,0.1252786169634276
2017-01-26,197.99908447265625,-1.1969085594439721,0.20219518416020987
2017-01-27,197.68829345703125,0.2500895600825757,-0.6381635436343484
2017-01-27,5660.77978515625,-0.4442472334931941,0.13737583933234992
2017-01-30,196.46229553222656,0.2528254052753046,-0.8026128176389212
2017-01-30,5613.7099609375,-0.520435451369709,-0.7284529896239063
2017-01-31,5614.7900390625,0.027343611000265246,-0.07311880324083447
2017-01-31,196.4449615478516,-1.948681955626292,-0.037702810815023996
2017-02-01,5642.64990234375,-0.0860426858760611,-0.13617003476648187
2017-02-01,196.5227203369141,-0.2427626097301358,-0.10171801693802107
2017-02-02,5636.2001953125,-0.13404651053872604,-0.5713249708799792
2017-02-02,196.65219116210935,0.25087855730585124,-0.20952802754791625
2017-02-03,5666.77001953125,-0.22200750324703952,-0.28808020811508245
2017-02-03,198.00765991210935,-0.3215909150763002,-0.16543426293796817
2017-02-06,5663.5498046875,-0.09638240177987613,-0.23471794097714757
2017-02-06,197.6537170410156,0.37490566452533364,-0.027736577673713205
2017-02-07,5674.22021484375,0.3275752904987626,-0.46040354430402347
2017-02-07,197.66233825683597,-0.7132058469552249,-0.0777961603780046
2017-02-08,5682.4501953125,-0.008339405744242617,0.09517397216319365
2017-02-08,197.9213714599609,0.14271337932958297,-0.08117739980205291
2017-02-09,5715.18017578125,0.026190961133477818,-0.24193348389311578
2017-02-09,199.0955810546875,0.339618093824734,0.0796067582970276
2017-02-10,5734.1298828125,-0.006182915509368944,0.026120075075690398
2017-02-10,199.8812561035156,0.0546945446355782,0.058165065790910325
2017-02-13,200.96910095214844,0.6108941080105339,-0.3681470319338895
2017-02-13,5763.9599609375,-0.14671957772880398,0.28534998761476615
2017-02-14,201.7720947265625,-1.207176905990988,-0.024183225239998114
2017-02-14,5782.56982421875,-0.26401969820329557,0.12664835084554985
2017-02-15,202.8253631591797,0.6934633492617387,-0.19969285181928326
2017-02-15,5819.43994140625,-0.32754348287906165,0.09526830864994718
2017-02-16,202.65269470214844,-0.4752783445816152,0.08419657331098185
2017-02-16,5814.89990234375,0.025151916167568775,0.37596690737775446
2017-02-17,202.9721527099609,0.1183594105171201,-0.026794415209113014
2017-02-17,5838.580078125,0.4581734756514997,0.04243418866629772
2017-02-21,5865.9501953125,-0.1302259616498956,0.04690183014569564
2017-02-21,204.1808624267578,-0.14470157480911602,-0.029183101269823146
2017-02-22,5860.6298828125,0.49538303125908495,-0.017388679374773133
2017-02-22,203.9996032714844,0.5469577213268296,0.009344498129910063
2017-02-23,204.1377716064453,-0.3753441760586546,-0.01984392397250493
2017-02-23,5835.509765625,0.08547264383022825,-0.03317692728809252
2017-02-24,5845.31005859375,0.5520998117594266,0.20162670068842928
2017-02-24,204.396728515625,-0.700617823337533,0.12243645009125509
2017-02-27,204.7161407470703,0.27228599754008626,-0.6364984919018863
2017-02-27,5861.89990234375,1.560207987339814,0.11509603503378965
2017-02-28,204.16358947753903,0.8506167650110651,0.036391799835987615
2017-02-28,5825.43994140625,0.030621061895850944,0.2993283971170642
2017-03-01,207.0213928222656,-0.6918756837310427,-0.013550437420482574
2017-03-01,5904.02978515625,-0.764651155886441,-0.0026751305335191234
2017-03-02,205.7176818847656,0.15083764930277818,-0.0805504347827838
2017-03-02,5861.22021484375,0.10468713828054015,-0.037084306871574074
2017-03-03,5870.75,-0.5682249897255408,-0.09722698882299692
2017-03-03,205.8472137451172,-0.0907968046928326,-0.17579335888717926
2017-03-06,5849.18017578125,-0.13939862763360059,0.07979089391492641
2017-03-06,205.23422241210935,-1.3757331744321029,-0.026497948172589048
2017-03-07,5833.93017578125,0.9944753729276881,-0.4423981002625632
2017-03-07,204.62120056152344,-0.3038851875730416,0.0702996097402761
2017-03-08,5837.5498046875,-0.956600574625742,0.23677697051708196
2017-03-08,204.2413482666016,-1.035557165929548,-0.026986220058682696
2017-03-09,204.50035095214844,0.10994721480502734,0.13035146580994014
2017-03-09,5838.81005859375,1.0492130681973755,0.11433556928309184
2017-03-10,5861.72998046875,-1.1391962538593516,0.001779397545281113
2017-03-10,205.2169342041016,-1.2012688947166643,0.05265121332362731
2017-03-13,5875.77978515625,0.6474419670582051,0.11080367777149035
2017-03-13,205.32052612304688,1.1550478819731897,0.08268662199038206
2017-03-14,204.5348663330078,-0.30030348815945374,-0.02860732166751364
2017-03-14,5856.81982421875,-1.059812906731086,0.09869821890760706
2017-03-15,206.30479431152344,1.2321650245932976,-0.2694003264564736
2017-03-15,5900.0498046875,0.1104460539363992,-0.2755450418978055
2017-03-16,5900.759765625,1.2478565918660558,-0.07816200632556669
2017-03-16,205.89903259277344,-0.9216976977849847,0.017470109911092695
2017-03-17,5901.0,-0.15782138448847893,0.044210945038828386
2017-03-17,205.53741455078125,0.5332621049725045,-0.03980400155612202
2017-03-20,205.31195068359372,-2.884394799462673,-0.2177483449065199
2017-03-20,5901.52978515625,-0.7047455580051296,-0.28460866876260354
2017-03-21,5793.830078125,-2.1583356360343715,-0.48450988875711276
2017-03-21,202.6758270263672,-0.5446173768316835,-0.01980107858749294
2017-03-22,5821.64013671875,0.48174139983326764,-0.20860903762634
2017-03-22,203.1528778076172,-0.4225783585888203,-0.16195348246213548
2017-03-23,5817.68994140625,0.25480145879485344,-0.8028005296801998
2017-03-23,202.93605041503903,0.757802950423488,-0.5706122480050655
2017-03-24,5828.740234375,2.1488649026670363,-0.9206071599807966
2017-03-24,202.78857421875,0.1894471083562755,-1.1532971073948477
2017-03-27,202.58045959472656,-1.0850670391730899,0.5794185281991503
2017-03-27,5840.3701171875,1.8494887088754528,1.3071529248893918
2017-03-28,204.05458068847656,0.33003753505233263,-0.3566349235526359
2017-03-28,5875.14013671875,0.032136035908022324,-0.3558750822611116
2017-03-29,5897.5498046875,-0.26232573491272765,-0.3864776794524207
2017-03-29,204.245361328125,-2.0837071720848037,-0.6025668175090808
2017-03-30,5914.33984375,-0.2713459892721413,-1.6279204159605134
2017-03-30,204.8957061767578,-1.27883118753589,0.8869812091157039
2017-03-31,5911.740234375,0.1263505253555518,-0.41735081020224996
2017-03-31,204.4188232421875,-1.4011895189892989,1.5213507646811248
2017-04-03,5894.68017578125,0.28211210534643827,0.8953559430579251
2017-04-03,204.0632781982422,-0.39618816640813126,0.5546615041711214
2017-04-04,5898.60986328125,-0.6028601010058152,0.6547377317104595
2017-04-04,204.1933441162109,1.124304846512723,0.6760594111190803
2017-04-05,5864.47998046875,0.28243707144089414,0.6826602153675979
2017-04-05,203.58636474609372,-1.5009431003524023,0.6638406805752308
2017-04-06,5878.9501953125,0.14471536034524418,0.7557258250819638
2017-04-06,204.15870666503903,0.07503437136930347,-0.04584305606587101
2017-04-07,5877.81005859375,-0.780089606417321,-0.24734938731390413
2017-04-07,203.9505615234375,-0.7216797579343913,-0.14604818575854883
2017-04-10,5880.93017578125,-0.7629396210786874,-0.16623067322586893
2017-04-10,204.0719451904297,0.006256256513522357,-0.11174234556243377
2017-04-11,5866.77001953125,0.8324827402861793,-0.46199440714740786
2017-04-11,203.82913208007807,-0.09850512023043952,-0.7317547650970407
2017-04-12,5836.16015625,0.048312763682300884,0.5241717849920703
2017-04-12,202.93605041503903,-1.084465382349855,-0.15201157856729813
2017-04-13,5805.14990234375,1.1293223152569811,-0.004992527311200353
2017-04-13,201.61798095703125,-0.07050060714240446,-0.36219678292205154
2017-04-17,5856.7900390625,-0.01679934015227951,-0.4120322948557175
2017-04-17,203.404296875,0.3475876677278185,-0.43822766804104346
2017-04-18,5849.47021484375,-0.28968679934227143,-0.11159364766316376
2017-04-18,202.7972869873047,0.03400529066205225,0.061089357534105965
2017-04-19,5863.02978515625,0.16871207424701828,-0.6694971709860382
2017-04-19,202.4243621826172,0.27899989338720865,-0.37011864436811287
2017-04-20,5916.77978515625,-0.09734353628565069,-0.4337548454337292
2017-04-20,204.0719451904297,-0.07482649405652587,0.6768636324034529
2017-04-21,5910.52001953125,0.2733179731298009,-0.31894045684604844
2017-04-21,203.42160034179688,0.03402655137158202,0.4683405007288492
2017-04-24,5983.81982421875,0.16880283955296085,0.06845507678447876
2017-04-24,205.6587829589844,-0.02042327279902152,-0.03461636915061361
2017-04-25,6025.490234375,0.4796369129856297,0.19442053112147425
2017-04-25,206.85546875,0.7877552781003776,0.11397963362950045
2017-04-26,206.72543334960935,0.3711212711296487,-0.017888962645117513
2017-04-26,6025.22998046875,0.0498728692835717,0.0027869636588832743
2017-04-27,206.89881896972656,-0.2163356575400776,-0.006778649618780433
2017-04-27,6048.93994140625,-0.1818968202224928,0.077196453343244
2017-04-28,206.4478912353516,-0.10743470207389905,0.2793732025401827
2017-04-28,6047.60986328125,-0.35405416092090464,0.013674632641165897
2017-05-01,206.9681701660156,-0.3390255306732311,-0.14591454436341017
2017-05-01,6091.60009765625,-0.3656163065917996,-0.1853812870273933
2017-05-02,207.04624938964844,-0.12566421835165303,-0.14033933582534927
2017-05-02,6095.3701171875,0.8941490267468352,0.14900756658121156
2017-05-03,206.79476928710935,0.09039929656808524,0.07587818349757841
2017-05-03,6072.5498046875,0.2646940312530344,0.08493692829530308
2017-05-04,207.0375213623047,0.43201282324034135,-0.28586636017792194
2017-05-04,6075.33984375,0.8099885223537244,-0.059479994057088384
2017-05-05,207.85264587402344,-0.17266963656135437,-0.2134866636689042
2017-05-05,6100.759765625,-0.09028107281210174,-0.06599557781088727
2017-05-08,207.8179931640625,0.4673603180450703,-0.13716153919785137
2017-05-08,6102.66015625,0.21703184516504415,-0.11620493985513905
2017-05-09,207.62718200683597,-0.6560961935039984,-0.09819137796280716
2017-05-09,6120.58984375,-0.4724493745125384,-0.04757643047777686
2017-05-10,208.00010681152344,-0.15766803790161618,-0.020902716380652053
2017-05-10,6129.14013671875,-0.17405894054737248,-0.171543687684353
2017-05-11,207.5751953125,0.14659870357177032,-0.0075608591603605335
2017-05-11,6115.9599609375,-0.30613222773472915,-0.02098044167348247
2017-05-12,6121.22998046875,-0.28753305012142666,-0.11176817025076902
2017-05-12,207.2282867431641,0.23780874021503154,-0.07481892992045096
2017-05-15,6149.669921875,0.34024018530168476,-0.01639899090135312
2017-05-15,208.3729553222656,-0.1834408634639328,0.046581097699355
2017-05-16,6169.8701171875,0.12451288716584293,-0.11019950388151253
2017-05-16,208.18218994140625,0.10545850902968798,-0.1427383250337064
2017-05-17,6011.240234375,-0.0771768884501067,0.2162459669866782
2017-05-17,204.4882354736328,-0.43211373642947837,0.7507062118243748
2017-05-18,6055.1298828125,0.41768089364821437,-0.5105446762299133
2017-05-18,205.31195068359372,0.12811551268108962,0.1493818816226929
2017-05-19,206.64735412597656,-0.5557877680830097,-0.22520062479762737
2017-05-19,6083.7001953125,0.11753647095520589,-0.03253295054068518
2017-05-22,6133.6201171875,1.0976829625654103,-0.49574378630926896
2017-05-22,207.69659423828125,-0.29496281918519734,-0.08351838939481725
2017-05-23,6138.7099609375,-0.03418123348284139,0.16795194060513566
2017-05-23,208.15618896484372,-0.0759628308584504,-0.003794001213200251
2017-05-24,6163.02001953125,-0.41169957066670854,-0.1463041947005243
2017-05-24,208.64170837402344,-0.40291937236362024,-0.29233450398046196
2017-05-25,209.6389617919922,0.1673837840794056,-0.08991050472006892
2017-05-25,6205.259765625,0.3742096912138222,-0.1501296682383276
2017-05-26,6210.18994140625,0.39521258816400573,0.007492080467827917
2017-05-26,209.59559631347656,-0.6257495252306027,0.05980171009328117
2017-05-30,6203.18994140625,1.3531336791661785,0.00032316790086749786
2017-05-30,209.4134826660156,0.008446022376862775,-0.2097941971437088
2017-05-31,209.3614959716797,-0.3323515094561021,-0.3862461647120469
2017-05-31,6198.52001953125,0.03249983232032619,-0.18313593577113638
2017-06-01,6246.830078125,-0.06682886520898834,-0.3763835702129034
2017-06-01,211.02638244628903,-0.12858041294058853,-0.16457109611868925
2017-06-02,211.72879028320312,0.07424494857221664,-0.1610326568912822
2017-06-02,6305.7998046875,0.31638987256129264,0.6557581310711849
2017-06-05,6295.68017578125,0.6900090131656978,0.10263829463163997
2017-06-05,211.5727081298828,-0.09998690591771897,0.1000731188644106
2017-06-06,210.89633178710935,-0.11922621390843574,0.31834566581066287
2017-06-06,6275.06005859375,-0.7309998113176628,0.39589209842007483
2017-06-07,211.28648376464844,-0.45386438613572316,-0.09837521168427868
2017-06-07,6297.3798828125,0.6308473887417572,0.46769618592831863
2017-06-08,6321.759765625,0.48452731901153734,-0.12436330792790143
2017-06-08,211.3906097412109,0.47782595273042805,-0.09228405374826654
2017-06-09,6207.919921875,-0.1804479564785011,0.36239682243061705
2017-06-09,211.06971740722656,0.7078959870330008,0.08115824625752883
2017-06-12,6175.4599609375,-0.8782551740412587,-0.3033203334614494
2017-06-12,211.02638244628903,-0.32196269990948456,0.42800360151222444
2017-06-13,6220.3701171875,-1.1755613827076725,-0.18737156009754383
2017-06-13,212.05828857421875,-0.6824876817202308,0.18322504423964275
2017-06-14,6194.89013671875,-0.10847600976381472,0.16095256656231802
2017-06-14,211.78948974609372,-0.1893447990628742,0.0989240016114353
2017-06-15,6165.5,0.05296383212070299,-0.5866478516559478
2017-06-15,211.3819732666016,0.3261094962647015,-0.023677478450634122
2017-06-16,6151.759765625,0.3237514089249508,-0.2773067436489353
2017-06-16,211.42807006835935,0.35255411060576497,0.14288324887436663
2017-06-19,6239.009765625,0.4323659929596894,1.3903625928363479
2017-06-19,213.18826293945312,-0.5310454855859538,0.10932662994863764
2017-06-20,6188.02978515625,0.6894307344562881,-0.01744863967190278
2017-06-20,211.75048828125,0.2885686149085902,0.04551274827228295
2017-06-21,211.6982269287109,0.08610856253191047,0.0010534794295227418
2017-06-21,6233.9501953125,-0.00453195411617603,-0.1150736965976241
2017-06-22,211.60238647460935,0.0308793662609647,0.8706581727130959
2017-06-22,6236.68994140625,0.7202956191581776,0.2300178390288285
2017-06-23,6265.25,0.22432029515385693,-0.6566023410387004
2017-06-23,211.8550567626953,0.4050317725927025,0.11350950397650948
2017-06-26,6247.14990234375,0.13886579630620405,-0.2522068541461809
2017-06-26,211.9945068359375,0.5257623810667336,-0.04679946780775965
2017-06-27,6146.6201171875,0.5943948184394775,-0.2872023134002083
2017-06-27,210.2866058349609,0.09813594220735805,0.13279542964449692
2017-06-28,6234.41015625,0.6663320502258758,-0.1372793475839752
2017-06-28,212.16876220703125,-0.1403751154398375,0.11825906847369765
2017-06-29,6144.35009765625,-0.4026523868565442,0.3766865121214681
2017-06-29,210.30406188964844,-0.4405139976283373,0.38126994176581963
2017-06-30,210.69615173339844,-0.07437174331457289,-0.21098977339381808
2017-06-30,6140.419921875,-0.7460647446890372,0.052030209162221355
2017-07-03,6110.06005859375,1.3662176879357375,0.25726946531912276
2017-07-03,211.05345153808597,1.6441678484282916,-0.05602893360184137
2017-07-05,211.5413818359375,3.0066235195006645,0.36613528139037493
2017-07-05,6150.85986328125,-3.2564588404496835,-0.00495575763754051
2017-07-06,209.6069793701172,-0.7266468853372254,-0.3330591613872022
2017-07-06,6089.4599609375,-0.6986859820265656,-0.5040681956603825
2017-07-07,210.9662933349609,0.5535974818624294,-0.15654796850190641
2017-07-07,6153.080078125,0.0024709505663972763,-0.5688464488296269
2017-07-10,6176.39013671875,-0.5317599279258304,0.5437625108321167
2017-07-10,211.1927947998047,-1.42569287264036,-0.28067184465901096
2017-07-11,211.03594970703125,1.5844944900224707,-0.3218358593775779
2017-07-11,6193.2998046875,-0.9115621856367492,-0.22855649387516247
2017-07-12,212.6218719482422,3.10324036617598,-0.5353423878948389
2017-07-12,6261.169921875,-2.327193113984108,-0.48867475719843706
2017-07-13,212.97915649414065,4.62330357005196,-0.5550983068200188
2017-07-13,6274.43994140625,-2.041551153780382,-0.39989400099801176
2017-07-14,213.9724884033203,-0.9054753946941309,-0.30975616998434174
2017-07-14,6312.47021484375,-1.7483800295816592,-0.5675851080611148
2017-07-17,6314.43017578125,-0.8313816890792494,-0.3091295089413519
2017-07-17,213.9463653564453,-1.1495529046505724,-0.2073894152659028
2017-07-18,6344.31005859375,-0.27140280420327173,-0.0752012770132746
2017-07-18,214.05960083007807,-0.7406090397846459,0.040040994334326764
2017-07-19,6385.0400390625,0.43593247339132846,0.0007594565335113956
2017-07-19,215.2185821533203,1.219527292287645,0.015291211895537051
2017-07-20,215.31439208984372,-0.38259717456330106,0.15409526437397322
2017-07-20,6390.0,-0.989077830741973,0.17612918891863674
2017-07-21,6387.75,-1.0999192469805787,0.25532097860222275
2017-07-21,215.12266540527344,1.066149267857761,-0.05548814481323376
2017-07-24,215.07041931152344,1.3044081788209667,0.23201386418806189
2017-07-24,6410.81005859375,1.340802308913629,-0.09909775140770646
2017-07-25,6412.169921875,-0.8972246262535531,0.018634437850963026
2017-07-25,215.59323120117188,0.4717523346928706,-0.11566448353909518
2017-07-26,6422.75,-1.0150771381195993,-0.09841210982128222
2017-07-26,215.60191345214844,0.8608412203036724,-0.02184576978552648
2017-07-27,6382.18994140625,-0.4945467278989564,0.13112968190662166
2017-07-27,215.40155029296875,-0.9989127408257754,0.1504055079583558
2017-07-28,215.1488494873047,-0.07874222111816669,-0.17412066304735488
2017-07-28,6374.68017578125,-0.8804022022346563,-0.10138641378108632
2017-07-31,215.0268402099609,-1.047314773454407,-0.17519399804984523
2017-07-31,6348.1201171875,-1.2892352787123962,-0.25363332806441585
2017-08-01,215.5060577392578,-0.6813560520656206,-0.11519094171862698
2017-08-01,6362.93994140625,1.4332264983142295,-0.10347546460273142
2017-08-02,215.6106719970703,0.5792721165473335,-0.001757634610162522
2017-08-02,6362.64990234375,0.03307091087908792,-0.04041827886753171
2017-08-03,215.19239807128903,0.3706921005396732,0.00773069342838785
2017-08-03,6340.33984375,1.0729084064090448,-0.10303917825240334
2017-08-04,6351.56005859375,-0.4977237646295367,-0.018290666378603028
2017-08-04,215.58453369140625,-0.834872991178709,0.08506946153356557
2017-08-07,215.9853363037109,-0.4804530662793429,-0.0667475326664875
2017-08-07,6383.77001953125,-0.22362453989579384,-0.17384766269092053
2017-08-08,215.4537506103516,0.6234991650925749,-0.6060886872306069
2017-08-08,6370.4599609375,1.8031333059807602,-0.33073539556598913
2017-08-09,215.44509887695312,-0.5712724032562617,-0.018809014399809244
2017-08-09,6352.330078125,0.054088637924148975,-0.2069000946945811
2017-08-10,6216.8701171875,0.1996729466044477,-3.3941112745743864
2017-08-10,212.40402221679688,0.6881730866289951,3.5445175116311147
2017-08-11,212.7177276611328,0.1732577051608853,1.6998647727043246
2017-08-11,6256.56005859375,0.19538012295361426,3.596566686891447
2017-08-14,214.8264312744141,0.6296009366842003,1.4043352274288612
2017-08-14,6340.22998046875,-0.26691561371149114,0.8622293465925687
2017-08-15,6333.009765625,-0.16284639962255595,0.07436533413674536
2017-08-15,214.80029296875,-1.5962500642381128,0.24494441909244438
2017-08-16,6345.10986328125,0.21739173416247723,-1.2382012685877655
2017-08-16,215.1750030517578,-1.7559084215674126,-1.325839783640016
2017-08-17,6221.91015625,0.2261225623759911,1.5870186931260974
2017-08-17,211.8201904296875,-1.4402465619523204,-0.9586939372984359
2017-08-18,6216.52978515625,0.030986927605542385,0.47648618121223707
2017-08-18,211.48907470703125,0.2763877321139846,-2.9239119883733937
2017-08-21,211.65463256835935,-0.5326428553194158,1.6312102154795438
2017-08-21,6213.1298828125,-0.4557585793040825,3.6878735500198445
2017-08-22,213.86795043945312,1.1460750077068647,-2.3993282130215725
2017-08-22,6297.47998046875,-0.19672382023084123,-0.642257681910068
2017-08-23,213.10110473632807,0.8598426304964027,4.320571707241558
2017-08-23,6278.41015625,0.11739833799413003,-2.042705350572293
2017-08-24,6271.330078125,-0.30487278967088105,1.0808215589857562
2017-08-24,212.6044769287109,-0.20451708710404135,-0.9486706693204869
2017-08-25,213.10110473632807,0.07858917105417755,0.6763287410001164
2017-08-25,6265.64013671875,0.6456309582206858,1.0608926734767765
2017-08-28,6283.02001953125,0.23477217745485499,-0.09714582515373714
2017-08-28,213.1098175048828,-0.40028146512331747,-0.07131552663818158
2017-08-29,213.35382080078125,-1.0179304760848213,0.33566178312230394
2017-08-29,6301.89013671875,0.6087183679512348,0.4026241629596556
2017-08-30,6368.31005859375,0.04495425293736694,-0.40594254027062643
2017-08-30,214.3646240234375,-0.056807742825093634,-0.1747992568870543
2017-08-31,6428.66015625,-0.2993597685600772,0.46681012722352716
2017-08-31,215.65426635742188,-0.2824233674867974,0.013082493324159568
2017-09-01,215.95921325683597,-0.6089660458835466,-0.06867563106111362
2017-09-01,6435.330078125,-1.7106726028791532,-0.16999025101118065
2017-09-05,6375.56982421875,-0.6397462464393036,-0.47861497194683694
2017-09-05,214.40817260742188,-2.592632273973221,-0.9337245665698004
2017-09-06,215.1401214599609,0.4333029481632608,-0.13569966425816332
2017-09-06,6393.31005859375,0.7448166628283494,-0.22692042727587788
2017-09-07,6397.8701171875,0.8771226619831595,0.3454511616226243
2017-09-07,215.11398315429688,-0.343785020903968,-0.4268840068146782
2017-09-08,6360.18994140625,-0.7826976154141767,-0.17010746857496803
2017-09-08,214.8612823486328,-0.10515370471327525,-0.3964017336574543
2017-09-11,6432.259765625,0.3633404151305791,-0.06712736648432029
2017-09-11,217.15293884277344,-0.6806055972986962,-0.18973259993619404
2017-09-12,217.8848876953125,0.5410120146116477,-0.20691105721555603
2017-09-12,6454.27978515625,-0.7595061067846577,-0.0359749512332872
2017-09-13,217.989501953125,0.5923810869409251,-0.14812064958287202
2017-09-13,6460.18994140625,1.7179338777685005,-0.08915226284594063
2017-09-14,6429.080078125,0.4217682980118603,0.46776717438662363
2017-09-14,217.91973876953125,-0.3180975089833643,-0.0916048353006455
2017-09-15,6448.47021484375,0.3548376077820427,0.20682160122139767
2017-09-15,218.2131805419922,0.40159021085503704,-0.09695886788824801
2017-09-18,218.67724609375,0.9911112418244633,-0.2173618838864997
2017-09-18,6454.64013671875,-0.28644416675548745,-0.11110285156753852
2017-09-19,6461.31982421875,-0.30819508382315597,-0.2644067147337177
2017-09-19,218.89614868164065,-0.3587504653241844,-0.08661292474272811
2017-09-20,6456.0400390625,-0.14174991899001427,-0.026293989435742224
2017-09-20,218.97499084472656,-0.4065291265102337,0.016409946083702033
2017-09-21,218.3883056640625,-0.2725852877067851,-0.31118560566940917
2017-09-21,6422.68994140625,0.03793083047667681,-0.020722937553654407
2017-09-22,6426.919921875,0.9897450209187549,-0.09020357940136708
2017-09-22,218.43206787109372,-0.07749719356959739,-0.01877071072386545
2017-09-25,6370.58984375,0.651884492229476,-0.048368529809963354
2017-09-25,217.9854431152344,-0.23185040866029152,-0.1804188989068161
2017-09-26,218.1168212890625,-0.24454155849259446,-0.2589104809600567
2017-09-26,6380.16015625,0.3539918748085247,-0.05155209202375074
2017-09-27,218.9662170410156,-0.16771209152722835,0.4930456428972101
2017-09-27,6453.259765625,0.34774572680840493,-0.35869365639529005
2017-09-28,6453.4501953125,-0.0631576327484085,-0.17012589061465774
2017-09-28,219.22897338867188,0.13970433583687414,-0.02607172950615463
2017-09-29,219.99954223632807,-0.3469253269913173,0.003914041761199375
2017-09-29,6495.9599609375,-0.2637719110920757,0.2520128704807354
2017-10-02,6516.72021484375,0.2934916617790127,0.14497682440975718
2017-10-02,220.95404052734372,-0.18734862912197062,-0.039785722945751806
2017-10-03,221.4269256591797,0.04090358166232534,-0.3313697903146888
2017-10-03,6531.7099609375,-0.13356902080596528,-0.11935068299961177
2017-10-04,221.6895904541016,0.3215562788652927,-0.25652717114010704
2017-10-04,6534.6298828125,0.21244748659003745,0.08481962438645502
2017-10-05,6585.35986328125,0.10161483882735008,-0.008376538703822514
2017-10-05,223.00320434570312,0.6115349583858773,0.15547974323031455
2017-10-06,6590.18017578125,-0.5385259881801282,-0.11965969617114847
2017-10-06,222.7492218017578,-0.5565701641229969,-0.1445079866872948
2017-10-09,6579.72998046875,0.14704707056402924,0.4299993189639879
2017-10-09,222.3813934326172,0.1389423179967452,0.029403501840090385
2017-10-10,6587.25,0.5028496584488198,0.0047205479359770635
2017-10-10,222.96812438964844,0.4962568738024524,0.21623883088278523
2017-10-11,6603.5498046875,-0.5152334367438365,0.18828829057487795
2017-10-11,223.3184051513672,0.08467286522450881,0.25906500985083325
2017-10-12,222.9856109619141,-0.1425774388160847,0.09734908197461761
2017-10-12,6591.509765625,-0.309630894101407,0.07794023232399569
2017-10-13,223.2570953369141,0.4286718182015647,-0.32045945572961104
2017-10-13,6605.7998046875,-0.26312899895775044,-0.18141687672050485
2017-10-16,223.55484008789065,-0.2375755101526641,-0.20995915725330577
2017-10-16,6624.0,0.06453878775075254,-0.0972230351066285
2017-10-17,223.7124786376953,-0.3075122420172496,0.06580029542303384
2017-10-17,6623.66015625,0.12797388998780324,0.13945278100210456
2017-10-18,223.93138122558597,0.13759032420099937,0.6038001914958689
2017-10-18,6624.22021484375,-0.04276897111101764,0.6837800859908563
2017-10-19,223.99264526367188,-0.5559563130150041,-0.12352836994356985
2017-10-19,6605.06982421875,0.06560735896528902,-0.26506592092769543
2017-10-20,225.1485595703125,0.17352034290896057,0.06231880340231939
2017-10-20,6629.0498046875,-0.05875244086338295,-0.09988756507534141
2017-10-23,224.2729034423828,-0.5130211199533208,0.4866694855301686
2017-10-23,6586.830078125,-0.19703031966379686,0.0800888052754502
2017-10-24,224.66696166992188,-0.9996771951244418,0.17537465052611567
2017-10-24,6598.43017578125,0.1777099840774459,0.0727443124681516
2017-10-25,223.55484008789065,-0.07800518715266493,-0.23874130132893212
2017-10-25,6563.89013671875,0.36064715785172013,-0.20724674644791968
2017-10-26,223.8437957763672,0.388889980215022,0.15606612905889677
2017-10-26,6556.77001953125,0.16608128052145585,-0.01839442558488532
2017-10-27,225.6740264892578,-0.510621611987846,0.010010216638620756
2017-10-27,6701.259765625,-0.8547296961945634,-0.02484915317909328
2017-10-30,224.83334350585935,-0.5030102999041625,-0.007410884885768779
2017-10-30,6698.9599609375,-0.5713232394910865,0.010350539739686422
2017-10-31,225.1836700439453,-0.09483876458855897,0.3689856069853026
2017-10-31,6727.669921875,-0.3910747531170636,0.1968110346857013
2017-11-01,6716.52978515625,0.4561256541657087,0.1830253843477822
2017-11-01,225.4813690185547,-1.2190040681970784,0.13887426809672967
2017-11-02,225.5689392089844,-0.3981478560545453,-0.22310419008111287
2017-11-02,6714.93994140625,0.5170750163528847,-0.3604675383318112
2017-11-03,226.322021484375,-0.1434464123478089,0.5012559132277413
2017-11-03,6764.43994140625,-0.4079939499770385,0.5820343790238356
2017-11-06,226.6723480224609,0.2592340759814612,-0.20191950850109242
2017-11-06,6786.43994140625,0.39628007333892673,-0.07572595561444949
2017-11-07,6767.77978515625,-0.3557901532239534,-0.09963276926802929
2017-11-07,226.5146026611328,-0.09573787900540305,-0.24888808136231128
2017-11-08,226.8999786376953,-0.2393906447695156,-0.3676085993833455
2017-11-08,6789.1201171875,0.40253814555011175,-0.4154995259183109
2017-11-09,6750.0498046875,-0.3713269298899496,-0.44224976517894654
2017-11-09,226.07684326171875,-0.24861462968112527,0.4514390465574271
2017-11-10,226.00677490234372,0.3432719045207612,-0.19703202957141494
2017-11-10,6750.93994140625,0.7402772853980171,0.03639260475117921
2017-11-13,226.2169342041016,-0.351750618413348,-0.1284434146368777
2017-11-13,6757.60009765625,0.03487415488624153,-0.41949594630049447
2017-11-14,6737.8701171875,0.07383145535933333,-0.084731046342148
2017-11-14,225.69151306152344,-1.2097299732811022,-0.1462682757897361
2017-11-15,224.56190490722656,-0.6123970763660057,0.6898350051930202
2017-11-15,6706.2099609375,0.17521845397078875,-0.43227093553449975
2017-11-16,6793.2900390625,-0.07252415253985578,-0.3711558163879704
2017-11-16,226.4709014892578,-0.46758202181284203,0.10057836607742685
2017-11-17,6782.7900390625,0.07756297699494993,-0.012316777639928953
2017-11-17,225.8053741455078,-0.3611485072024073,-0.0852681269846382
2017-11-20,6790.7099609375,0.10866207841551023,0.17103228469154924
2017-11-20,226.19065856933597,0.8280589391861259,-0.11600474275776712
2017-11-21,227.6705474853516,-0.29979825344188415,0.1847908361269006
2017-11-21,6862.47998046875,-0.16240021640786134,0.1756767058776063
2017-11-22,6867.35986328125,-0.46973133201822637,0.14552420465164692
2017-11-22,227.4692230224609,-0.02328440385843449,-0.33769446428778005
2017-11-24,6889.16015625,0.23581822799229224,0.7860433333733038
2017-11-24,227.99464416503903,-0.27088773158280366,-0.10757257769816186
2017-11-27,6878.52001953125,0.5453534478739042,0.12067486471323172
2017-11-27,227.88075256347656,0.14217600897207872,-0.07204361817559891
2017-11-28,6912.35986328125,1.4508683492835137,0.06507589237623791
2017-11-28,230.19248962402344,-0.3154381551429524,-0.2530947265650865
2017-11-29,230.05242919921875,-0.0755593207927535,-0.19624882172340946
2017-11-29,6824.39013671875,-0.0695979111489191,0.4125984995221915
2017-11-30,232.06663513183597,-0.5089230883940519,0.017712764379538223
2017-11-30,6873.97021484375,-0.22757806135425465,0.2294062883205493
2017-12-01,231.5849456787109,-1.3419246927395596,0.056313739721363075
2017-12-01,6847.58984375,-0.9095704230787514,0.0017389276868656038
2017-12-04,231.30465698242188,-0.46618830833849045,-0.11576203884081025
2017-12-04,6775.3701171875,-0.434799441251456,-0.29740775094301986
2017-12-05,6762.2099609375,0.1594298225237486,0.2666243477004572
2017-12-05,230.4728240966797,-0.5037359011774875,0.05317898521893252
2017-12-06,230.5166015625,-0.263914872558071,-0.35858117450527144
2017-12-06,6776.3798828125,-0.41036954388139263,-0.41158875037579756
2017-12-07,231.24339294433597,-0.546788940182031,-0.16857840733207322
2017-12-07,6812.83984375,-0.7341000680562008,-0.3244245050252226
2017-12-08,232.50440979003903,-0.7312062912990073,-0.12312209818978101
2017-12-08,6840.080078125,-0.8469963060795356,0.229803504605004
2017-12-11,233.20497131347656,-0.19611604068811625,-0.04100583101220394
2017-12-11,6875.080078125,0.4544522268811161,-0.04502694779592037
2017-12-12,6862.31982421875,0.8314998661796099,0.7749901504833199
2017-12-12,233.61651611328125,0.5415298222471595,0.20350035985692086
2017-12-13,6875.7998046875,0.6915185568574492,0.09914894988708416
2017-12-13,233.5902557373047,0.494104084921362,-0.02895623414711713
2017-12-14,6856.52978515625,1.2301134194633567,0.18815048676153084
2017-12-14,232.63575744628903,0.8550923439185901,0.34137861993591984
2017-12-15,6936.580078125,0.08562420533700665,-0.14769298608262388
2017-12-15,234.57298278808597,0.5259623792963336,0.19189542906017995
2017-12-18,236.0604553222656,-0.12114162861753792,0.11322972387651624
2017-12-18,6994.759765625,0.1800898089548251,0.1529101953183086
2017-12-19,6963.85009765625,-0.060933439493040885,0.7651879832341885
2017-12-19,235.1539306640625,0.01001831767056762,0.002416023935450427
2017-12-20,235.0306854248047,-0.7902417320990901,0.22460300818023088
2017-12-20,6960.9599609375,0.17485396164608344,0.16493265517889893
2017-12-21,235.5147247314453,-2.0301279424054486,0.3388969017363408
2017-12-21,6965.35986328125,-0.5628831155890652,0.1769528158818791
2017-12-22,6959.9599609375,-0.6689319644698805,-0.28231741810706684
2017-12-22,235.45315551757807,-0.015279151802864866,-0.3257460191911589
2017-12-26,235.17149353027344,0.2814071307464665,-0.20086373789629133
2017-12-26,6936.25,1.9316130506805609,-0.35580870039200146
2017-12-27,235.28594970703125,0.26683886634387527,-0.5006886046512837
2017-12-27,6939.33984375,-0.6123899189160246,0.22033994098550522
2017-12-28,235.77005004882807,1.0903477294695023,0.2923333160121363
2017-12-28,6950.16015625,-0.7945653831776659,0.11505095494441199
2017-12-29,234.88107299804688,0.4733096354226251,-0.359249734107907
2017-12-29,6903.39013671875,-1.741336235436812,0.028400062905082638
2018-01-02,236.56224060058597,0.3866901980102642,0.09172594727330852
2018-01-02,7006.89990234375,1.0824096607132776,0.03868420536040496
2018-01-03,238.05848693847656,0.3057002311797568,-0.1082830490510282
2018-01-03,7065.52978515625,-0.021629168934150643,-0.019500596916825534
2018-01-04,239.06187438964844,-0.33906589647514185,-0.21969291883212932
2018-01-04,7077.91015625,-0.026576422219943708,-0.02669753406192625
2018-01-05,240.6549530029297,0.06540867002695375,-0.3324360498384901
2018-01-05,7136.56005859375,0.32569266532164687,-0.17820917616469495
2018-01-08,241.0950164794922,-0.20714343984250294,-0.21128909936824228
2018-01-08,7157.39013671875,-0.23147841966783395,0.06909325874777375
2018-01-09,241.6407470703125,0.16385446008817242,-0.16530973937868002
2018-01-09,7163.580078125,1.3697238710626065,-0.12131052987969393
2018-01-10,241.2709808349609,1.5019834637499025,-0.12211498484625838
2018-01-10,7153.56982421875,3.1288742049185037,0.09419373957177832
2018-01-11,243.0313415527344,-0.8110217082311973,0.08776175143557333
2018-01-11,7211.77978515625,-0.5377310346615688,0.1182585120882517
2018-01-12,244.61573791503903,-0.8380670913399652,-0.4422911589030643
2018-01-12,7261.06005859375,-0.7488976125403787,-0.3738318301388264
2018-01-16,243.779541015625,0.8587343182791561,-0.13645663743223474
2018-01-16,7223.68994140625,0.4611339279220589,0.014006786504070504
2018-01-17,246.1031494140625,-0.5435520731660645,0.21475518638345628
2018-01-17,7298.27978515625,0.2636995994915286,-0.004419204664263606
2018-01-18,245.6894378662109,-1.227614539083051,0.40666021814462283
2018-01-18,7296.0498046875,-0.28704124975931933,0.32663671291042695
2018-01-19,246.8073883056641,-0.21063081604233586,0.23031927474717215
2018-01-19,7336.3798828125,0.12797343651342868,0.331446877095273
2018-01-22,248.8140411376953,1.2737407427940384,-0.1259441816664056
2018-01-22,7408.02978515625,1.7461118284912749,-0.47438153360083096
2018-01-23,249.3422393798828,-1.0806583207768794,0.1168102087910874
2018-01-23,7460.2900390625,0.4390861546587062,-0.4534387775262722
2018-01-24,249.24539184570312,0.2797513423623594,-0.5926689727148473
2018-01-24,7415.06005859375,0.7706973017708291,-0.20904645895755442
2018-01-25,249.3509521484375,-1.8545660954166836,-0.5237837930442969
2018-01-25,7411.16015625,-2.0693598703249587,-0.2138480433090053
2018-01-26,252.23797607421875,-0.12090832540724591,0.5045512906224137
2018-01-26,7505.77001953125,0.35933708210292437,0.30112554082112586
2018-01-29,250.56558227539065,-0.3275037531839215,-0.329791066999354
2018-01-29,7466.509765625,-0.8317903271937793,-0.4003408902709842
2018-01-30,7402.47998046875,-1.9021304908169119,-0.4378861221188906
2018-01-30,247.99554443359372,3.7746054974390417,-0.23703947204263096
2018-01-31,7411.47998046875,-0.5634311689936695,-0.11579341956193999
2018-01-31,248.1186981201172,0.3910895106179637,-0.2643303251473348
2018-02-01,7385.85986328125,0.74184222595858,0.7538911617267805
2018-02-01,247.83709716796875,-0.253104760469218,0.23542354131713691
2018-02-02,7240.9501953125,0.49765420139744276,0.13481763228251267
2018-02-02,242.44161987304688,-1.4452099505207971,-0.08125548684986052
2018-02-05,6967.52978515625,0.15514358134038303,-0.6183399878217135
2018-02-05,232.30210876464844,0.2600638858966169,-0.9955585785085684
2018-02-06,236.8790740966797,0.4717597130712852,0.0034955579922523825
2018-02-06,7115.8798828125,-0.7849481580031897,-0.5950664188480208
2018-02-07,7051.97998046875,0.5983893687030948,-0.331908893345027
2018-02-07,235.5939483642578,-0.3484379186328631,-0.30654629263464495
2018-02-08,226.75714111328125,-0.043696688826014594,0.7560428643627146
2018-02-08,6777.16015625,-0.2590045667852795,1.2286126149587235
2018-02-09,6874.490234375,0.3086446198458954,2.43262543207846
2018-02-09,230.1633453369141,-0.1692120527339222,0.11673002782278297
2018-02-12,6981.9599609375,-0.8333070671483693,-1.2652723535426922
2018-02-12,233.543212890625,0.4785613940758145,-1.638608945331447
2018-02-13,234.1241149902344,0.48640080510979133,0.04666574793363984
2018-02-13,7013.509765625,-0.5394283439451496,0.4600562253337767
2018-02-14,237.2838897705078,0.15752830598769108,-0.2664399096266613
2018-02-14,7143.6201171875,-0.6762830002503583,1.1996623711743255
2018-02-15,240.31167602539065,0.30138185860685646,-0.9801240460347914
2018-02-15,7256.43017578125,1.9108157705866327,0.6699865065284265
2018-02-16,240.38204956054688,-1.7299251441488288,-0.785975746033355
2018-02-16,7239.47021484375,-0.14616128574221407,-2.6476697828813553
2018-02-20,238.87696838378903,-0.9063646721652113,1.029978440070722
2018-02-20,7234.31005859375,0.4717746384761312,2.7604378701514554
2018-02-21,237.68881225585935,0.030826201943402316,-1.8290988800085948
2018-02-21,7218.22998046875,-0.5587374870455194,1.4182697585770723
2018-02-22,237.996826171875,-0.5376302385704331,-0.30133955865799605
2018-02-22,7210.08984375,0.2593877947321809,-0.48101255371557755
2018-02-23,7337.39013671875,0.9340644721300786,0.5263176969625032
2018-02-23,241.79034423828125,-0.5177661098778065,0.3736020877234396
2018-02-26,244.5981292724609,-0.16209560438234344,0.023233585016044563
2018-02-26,7421.4599609375,-0.5673028417410793,0.4574784578406245
2018-02-27,241.5438537597656,-0.8538073539329707,0.9507747347554323
2018-02-27,7330.35009765625,-0.5351785188816203,1.2813926399444424
2018-02-28,239.09701538085935,-0.9580568342688626,-0.4003260144194264
2018-02-28,7273.009765625,-0.3855742118601964,-0.024071448277960695
2018-03-01,235.6204376220703,-0.288571838725989,0.5504125982574162
2018-03-01,7180.56005859375,-0.265959448749579,1.3527509670955329
2018-03-02,236.8350372314453,0.14443306825669636,0.13412226274495398
2018-03-02,7257.8701171875,-0.08948564666634078,0.4866866709547163
2018-03-05,239.57229614257807,0.2327470084128245,0.01993927361277637
2018-03-05,7330.7099609375,0.37273084314881705,-0.4664098977968448
2018-03-06,240.1796417236328,-0.05088945048519314,0.8214440953593856
2018-03-06,7372.009765625,0.13402387904235544,0.9315653194686883
2018-03-07,240.09165954589844,-0.1371852326195165,-0.1243940761150483
2018-03-07,7396.64990234375,0.42593732573864296,0.1242728716326505
2018-03-08,241.2534942626953,0.4234345500374323,0.9786603182787732
2018-03-08,7427.9501953125,0.419168473238489,1.1342178601689068
2018-03-09,245.45187377929688,-0.8364014264627049,0.3154018010826146
2018-03-09,7560.81005859375,0.4552948492101709,-0.29910875091323574
2018-03-12,245.14370727539065,0.5438015819618075,1.161474700452434
2018-03-12,7588.31982421875,-0.899767951271079,1.3460880297623772
2018-03-13,243.55946350097656,0.8800923593766158,0.8866224936888442
2018-03-13,7511.009765625,1.3679617196346479,1.1439671983082036
2018-03-14,242.3096618652344,0.24119723908450963,-0.21482644741196366
2018-03-14,7496.81005859375,0.020415908512129002,-0.3802685891831868
2018-03-15,242.04562377929688,0.08852369849916955,-0.25121811933087823
2018-03-15,7481.740234375,0.18130950026707646,-0.3077845912878026
2018-03-16,242.30807495117188,0.6913189428138735,-0.13089943699189452
2018-03-16,7481.990234375,-1.4524695219449233,0.07866923573013651
2018-03-19,239.02957153320312,0.5849188045776282,-0.4592343853061593
2018-03-19,7344.240234375,0.6019483872143797,-0.7397941314614687
2018-03-20,239.4361114501953,-0.2378231499616046,0.011931911763230992
2018-03-20,7364.2998046875,0.3587204563161364,0.20241267896205128
2018-03-21,238.9765472412109,0.23596521050494665,-0.5786134272064565
2018-03-21,7345.2900390625,0.8506745004168854,-0.5650962955526401
2018-03-22,233.00279235839844,0.19722532931856593,0.44078599953755004
2018-03-22,7166.68017578125,0.2673269772978008,0.49711940572002666
2018-03-23,228.03643798828125,0.05316872811096251,-0.260172051548168
2018-03-23,6992.669921875,0.4072293222691291,-0.4938338872912249
2018-03-26,234.27532958984372,-0.06768215824075025,-1.5252353162510683
2018-03-26,7220.5400390625,-0.18811387631993762,-1.3605034399283844
2018-03-27,230.28990173339844,-0.02837692786200754,0.2652601946736851
2018-03-27,7008.81005859375,0.04841028297529252,0.5270232568122067
2018-03-28,229.60940551757807,-0.45560690646594465,-0.3658920443779947
2018-03-28,6949.22998046875,-0.1752952249726127,1.404135480714726
2018-03-29,232.54327392578125,-0.10135833083723299,-0.7131932145267662
2018-03-29,7063.4501953125,-0.13168373681894865,-0.9308537058571849
2018-04-02,227.52389526367188,0.3450535034154786,-0.023763397156476036
2018-04-02,6870.1201171875,-0.07878796070066928,-1.166217243779852
2018-04-03,230.4400787353516,0.07493530778105933,1.1988952532070885
2018-04-03,6941.27978515625,0.07510953696108875,-0.5113156271844927
2018-04-04,232.90560913085935,0.12557085271381782,-0.11348415192615736
2018-04-04,7042.10986328125,0.17940307918771073,-1.4487023078788352
2018-04-05,234.7436981201172,0.2731276785339753,2.070374123114772
2018-04-05,7076.5498046875,0.14341182100912797,0.7313876361232516
2018-04-06,229.5121307373047,0.04092525947974057,4.162477633134721
2018-04-06,6915.10986328125,0.05663199377308364,3.122603038920189
2018-04-09,230.643310546875,-0.01804165986292183,0.894027957355205
2018-04-09,6950.33984375,-0.0836364809228402,2.0275687685308945
2018-04-10,234.3106384277344,-0.013774588622732087,0.56150865295764
2018-04-10,7094.2998046875,-0.010090517185765546,0.36739642366314
2018-04-11,7069.02978515625,-0.5207541153797897,1.4862119635255853
2018-04-11,233.0823211669922,-0.6459629828803111,1.5382382096882274
2018-04-12,7140.25,-0.8241858107779451,-0.23400122591678998
2018-04-12,234.9999084472656,-0.6109297365202957,-0.42906067495330713
2018-04-13,7106.64990234375,0.5967363817311968,0.6223572489994482
2018-04-13,234.3106384277344,0.8122080628768704,-0.1601380510402197
2018-04-16,7156.27978515625,-0.5492561895806423,1.2711410260247247
2018-04-16,236.23712158203125,-0.2816672087499356,0.689232154655176
2018-04-17,7281.10009765625,-0.27559401709677644,-0.2818677091866671
2018-04-17,238.76449584960935,-0.08849725063080169,0.3849899796566745
2018-04-18,7295.240234375,-0.1395050815570862,-0.967353782906967
2018-04-18,238.94122314453125,0.30490904690456044,-0.2170827746815279
2018-04-19,7238.06005859375,0.12399157825406484,0.17122467856059373
2018-04-19,237.61566162109372,0.029554378932337706,0.18660678403215575
2018-04-20,7146.1298828125,-0.3107046403352054,-1.3079799313633302
2018-04-20,235.60081481933597,-0.35284076817540266,-0.9223963747294481
2018-04-23,7128.60009765625,-0.17172503031890735,-0.8033827556995004
2018-04-23,235.56553649902344,0.05543670750164484,-0.33166452147506076
2018-04-24,7007.35009765625,-0.01933173916452067,0.13669859584750452
2018-04-24,232.3930511474609,0.4409910769080865,-0.708771900870658
2018-04-25,232.96746826171875,0.15189631565600184,-0.46504711132020915
2018-04-25,7003.740234375,0.859812377445808,-0.9603941413728315
2018-04-26,235.33580017089844,-0.32806305433750294,-0.20410040355956974
2018-04-26,7118.68017578125,0.1139429349256641,-0.41941334328369156
2018-04-27,235.55665588378903,0.0717950419602054,0.02271494603664582
2018-04-27,7119.7998046875,0.46905529983842165,-0.4807065100658595
2018-04-30,233.74513244628903,0.07815749255419623,0.13245310855270173
2018-04-30,7066.27001953125,0.666411537116669,-0.039046817397375186
2018-05-01,234.16049194335935,-0.22268262817211895,0.3497812842409133
2018-05-01,7130.7001953125,0.09386835339380391,-0.7420511955856048
2018-05-02,7100.89990234375,-0.08608136749453141,0.28015344198378495
2018-05-02,232.58746337890625,-0.2641621746234388,0.12961097982140748
2018-05-03,7088.14990234375,-0.12937343726328035,-0.1785221403861736
2018-05-03,232.07493591308597,-0.3000022036872768,0.20351091582877207
2018-05-04,7209.6201171875,-0.20316525329800467,-0.020049047275828874
2018-05-04,235.07948303222656,0.12637994820421294,0.03397949726711586
2018-05-07,7265.2099609375,-0.15770131527298187,0.6261461227213992
2018-05-07,235.8748321533203,-0.033149702450167975,-0.344806936026048
2018-05-08,7266.89990234375,0.10811414410387822,0.4756115684552544
2018-05-08,235.8748321533203,0.022726487464828925,-0.34838182867191736
2018-05-09,7339.91015625,-0.05375019741929307,-0.018108243059597226
2018-05-09,238.1547088623047,0.1069570266513006,0.35846205306483053
2018-05-10,7404.97021484375,-0.7048002439881499,0.03878013362329674
2018-05-10,240.381591796875,-0.27435215244681627,-0.043964649321417144
2018-05-11,7402.8798828125,-0.5971847744794971,-0.21924082101768685
2018-05-11,241.11508178710935,-0.647211113412523,-0.19541893588431514
2018-05-14,7411.31982421875,-0.32004409647573495,-0.0744761245312242
2018-05-14,241.22998046875,0.4327362877852396,-0.03595416888521351
2018-05-15,7351.6298828125,-0.8778956088140234,-0.31567047613484933
2018-05-15,239.5686492919922,-0.6587785396408742,-0.4151915277858331
2018-05-16,7398.2998046875,-0.1459585793959056,-0.08450429320025339
2018-05-16,240.5760040283203,-0.32379134512448027,-0.009573609126872527
2018-05-17,7382.47021484375,0.28769231764146386,-0.2912993574868659
2018-05-17,240.37278747558597,0.3614886920272088,-0.3701261082769601
2018-05-18,7354.33984375,0.47087510070115846,-0.4429772772587101
2018-05-18,239.77194213867188,0.38016048317900797,-0.36458248563202506
2018-05-21,7394.0400390625,0.20149637364164935,-0.07625525696025649
2018-05-21,241.5746307373047,0.22640495701590507,0.017784824125155377
2018-05-22,7378.4599609375,-0.13673365009184443,-0.3512198219794897
2018-05-22,240.9029693603516,0.020219812438330015,-0.08513650688174929
2018-05-23,7425.9599609375,-0.12509223384881513,-0.11987407804301854
2018-05-23,241.5658721923828,-0.11562151913967443,-0.04222327963874925
2018-05-24,7424.43017578125,0.12499740367523274,-0.09656076744083984
2018-05-24,241.0709381103516,0.12445080819482575,-0.08378942744797219
2018-05-25,7433.85009765625,0.42206066975672224,-0.1356854528807066
2018-05-25,240.49652099609372,-0.9742110878788075,-0.16133690318122051
2018-05-29,7396.58984375,0.07010480645186146,-0.16060551309552026
2018-05-29,237.7305603027344,0.26937704892335446,-0.42082421247104057
2018-05-30,7462.4501953125,-0.1245895255473314,-1.0003615086665003
2018-05-30,240.9029693603516,0.16366422066134648,-0.8734406772737731
2018-05-31,7442.1201171875,-0.9121329919304071,-0.26498703325838907
2018-05-31,239.4272003173828,-0.9287446998684726,-0.06903053274354995
2018-06-01,7554.330078125,0.7102413607501907,-0.2534608246730364
2018-06-01,241.77783203125,0.7705768680838513,-0.06899942507669918
2018-06-04,7606.4599609375,-0.6529814238455218,-0.15235952384333634
2018-06-04,242.92662048339844,-0.23410972056092477,-0.12526039859329796
2018-06-05,7637.85986328125,0.022589053740013368,0.24492297726105008
2018-06-05,243.1034240722656,-0.42171936874650495,0.5292989177493301
2018-06-06,7689.240234375,-0.19140988792566013,-0.3507153954032302
2018-06-06,245.1358795166016,-0.269333753772498,-0.19676782369575002
2018-06-07,7635.06982421875,0.07037396431548577,-0.3045976122748874
2018-06-07,245.1093292236328,0.0019281439424608338,-0.1175332592485672
2018-06-08,7645.509765625,0.35324077582111424,-0.1630123057854258
2018-06-08,245.83401489257807,0.2665893969165928,0.0485547752685966
2018-06-11,7659.93017578125,0.12579888780389165,-0.009332057626181058
2018-06-11,246.1609344482422,0.18899515346220683,0.24502296491661493
2018-06-12,7703.7900390625,0.30667745397631196,-0.0488254981523725
2018-06-12,246.4790802001953,0.5014590948438293,0.049612023093751824
2018-06-13,7695.7001953125,0.38365843119301385,-0.334676821057458
2018-06-13,245.6925811767578,0.7534596051722182,-0.168154708272113
2018-06-14,7761.0400390625,0.7663708473937274,-0.3956793372338078
2018-06-14,246.3112335205078,0.26958541782930795,-0.3178362187383685
2018-06-15,7746.3798828125,-0.8375152299451465,0.018076907539059182
2018-06-15,245.9969482421875,0.715252756738451,0.1988441301905033
2018-06-18,7747.02978515625,-0.1973932319552232,-0.257953323072432
2018-06-18,245.4910430908203,-0.2837055331317481,-0.2892660682032213
2018-06-19,244.55007934570312,0.1366484983169761,0.3396873373801584
2018-06-19,7725.58984375,-0.44132896567270474,0.003141240452203505
2018-06-20,244.96728515625,0.18784417745125725,0.07433010165900304
2018-06-20,7781.509765625,0.825622576273548,0.6488076633388112
2018-06-21,7712.9501953125,-0.7219099666752358,0.42284059321832373
2018-06-21,243.4315643310547,-1.0203511605712314,0.3314956238367438
2018-06-22,243.87550354003903,1.5896730387832045,0.0416498529032143
2018-06-22,7692.81982421875,0.053352721171523426,-0.08407067351287242
2018-06-25,240.5555725097656,0.0989224356565848,-0.5353732629967107
2018-06-25,7532.009765625,-0.053291196541005684,0.23143950463887822
2018-06-26,7561.6298828125,-0.9160733388882252,-0.5632713656388346
2018-06-26,241.0882568359375,-1.2689310716794195,-0.500582179327149
2018-06-27,7445.080078125,0.278193494087114,-1.0174443701102995
2018-06-27,239.0909423828125,-1.1838730800788548,-0.9732454605722987
2018-06-28,240.4579620361328,-0.06440444284395759,0.5564826755541264
2018-06-28,7503.68017578125,0.16043967568795245,-0.21239026294359362
2018-06-29,240.8041076660156,-0.8642762085246178,-0.11577187695616382
2018-06-29,7510.2998046875,-0.23506935022311123,0.23764889644319262
2018-07-02,241.3189697265625,0.4756089297734881,-0.7352867649415025
2018-07-02,7567.68994140625,0.3818599936766046,-0.36946029838822014
2018-07-03,7502.669921875,0.37478173144697846,-0.037134044402784214
2018-07-03,240.4668731689453,1.2520581477694817,0.09149433532289558
2018-07-05,7586.43017578125,-0.008788202537054491,-0.012985413506257384
2018-07-05,242.4285430908203,-1.1369024072028093,-0.07657382516233043
2018-07-06,7688.39013671875,-0.8889441898568164,-0.14973274783388038
2018-07-06,244.47906494140625,-1.038561979027476,0.15574785777856495
2018-07-09,246.68045043945312,-0.49895388866398616,0.04599825519860461
2018-07-09,7756.2001953125,-0.4938597854774281,-0.26473551469047346
2018-07-10,7759.2001953125,0.04385382023901712,0.039345977401614274
2018-07-10,247.5681610107422,-0.9246580305465159,0.12591774305504327
2018-07-11,245.75729370117188,-0.4664972506593843,-0.5462046887242805
2018-07-11,7716.60986328125,0.10556345477011467,-0.4111128163176915
2018-07-12,7823.919921875,1.2300925445223376,-0.8788981425109014
2018-07-12,247.98536682128903,1.2449516895564052,-0.03376343452208844
2018-07-13,248.1805725097656,2.0008334171084083,-0.07795186655992523
2018-07-13,7825.97998046875,1.5539654644354024,0.10922908137280928
2018-07-16,7805.72021484375,-0.08717592790074168,0.03208276927282687
2018-07-16,247.95872497558597,-0.1590809056984074,-0.15678079726669447
2018-07-17,7855.1201171875,-0.05875073166843024,0.2637844812348771
2018-07-17,248.96176147460935,-0.27874646123218644,-0.3669920711021361
2018-07-18,7854.43994140625,0.23942955016776402,-0.056164634651614746
2018-07-18,249.4854888916016,-0.39948310784188085,-0.023615738397079596
2018-07-19,248.54449462890625,0.27410736581467826,-0.17018608971372676
2018-07-19,7825.2998046875,-0.3409256430384714,-0.061078312575696736
2018-07-20,7820.2001953125,0.013165433915810685,0.0933207012896523
2018-07-20,248.26046752929688,0.17970127504365727,-0.27011279676433025
2018-07-23,248.7220764160156,0.056149202726523476,-0.06490290468905154
2018-07-23,7841.8701171875,0.2809428439487783,0.026081070844296703
2018-07-24,249.97366333007807,0.29337416684586265,-0.09543345578588903
2018-07-24,7840.77001953125,-0.03950046092921469,0.1885363945352464
2018-07-25,7932.240234375,0.3895914844248997,0.3430317246446139
2018-07-25,252.10403442382807,0.18248285845693007,-0.18076313890281936
2018-07-26,251.5093231201172,0.4752518193170511,0.018096979292100676
2018-07-26,7852.18017578125,0.23267323716903662,0.2331928007033061
2018-07-27,7737.419921875,0.42398153521020304,0.281858542934446
2018-07-27,249.8050079345703,0.5687767051042824,-0.09735463903636078
2018-07-30,248.50018310546875,1.1110069698176999,-0.7646685096076161
2018-07-30,7630.0,0.9328145467769994,-0.3707069136486899
2018-07-31,249.72511291503903,1.47889434925017,0.22173377568129474
2018-07-31,7671.7900390625,1.22245420682936,-0.33505690321817827
2018-08-01,7707.2900390625,1.8726874607836568,1.330705503361882
2018-08-01,249.3079071044922,2.269410769912863,-0.8400724796940321
2018-08-02,7802.68994140625,2.3225320762579784,-0.791405283345764
2018-08-02,250.6660919189453,2.7255399145801515,-1.0304063878619827
2018-08-03,7812.009765625,3.580730650579624,0.1806513498326541
2018-08-03,251.74012756347656,3.9250839991989728,0.434167596454096
2018-08-06,7859.68017578125,7.3993722290148405,0.8257058182475931
2018-08-06,252.6632232666016,7.0420196621261875,0.7745467434716617
2018-08-07,7883.66015625,8.80060220242609,-0.5070962471354709
2018-08-07,253.4976806640625,8.52939434544334,-0.21553225377936108
2018-08-08,7888.330078125,11.160732420974396,0.6427922796994879
2018-08-08,253.3912048339844,11.22659708879339,0.3443882721585866
2018-08-09,7891.77978515625,13.809311057895265,-0.9014239875555141
2018-08-09,253.044921875,12.92704057324314,-0.25295238014025645
2018-08-10,7839.10986328125,16.155419530253642,-0.3732751252068346
2018-08-10,251.34957885742188,16.52659761776701,0.3637626054028878
2018-08-13,7819.7099609375,27.637865463153652,-0.3715926559967671
2018-08-13,250.40870666503903,28.149161957704724,0.7367375946558685
2018-08-14,252.00645446777344,32.47361101475029,0.03596481265493992
2018-08-14,7870.89013671875,32.41415780575939,-0.2393446501325991
2018-08-15,250.1245574951172,37.57625487749638,0.6549623285285182
2018-08-15,7774.1201171875,37.49080184252381,0.5742273005000698
2018-08-16,7806.52001953125,43.21815042750361,-0.09379550994011157
2018-08-16,252.1484375,42.38589095322486,-0.46906368105121604
2018-08-17,7816.330078125,48.48757671957389,-0.38393547487194657
2018-08-17,253.0360565185547,49.15631032688465,-0.19030483946822965
2018-08-20,253.5775604248047,66.66986734643018,-0.6913159243697441
2018-08-20,7821.009765625,66.89739817857142,-0.6124885194492524
2018-08-21,254.1722412109375,72.70805700988699,-0.3382154419953649
2018-08-21,7859.169921875,72.10311312124587,-0.05617298393266813
2018-08-22,254.02137756347656,78.4317457028445,0.4944867638597063
2018-08-22,7889.10009765625,77.8644206645007,0.2272462706096544
2018-08-23,7878.4599609375,83.79518590770682,0.0014007766282013493
2018-08-23,253.6841278076172,83.28684848717263,0.018625634000286544
2018-08-24,255.2109222412109,88.1374625631297,0.02206995308849975
2018-08-24,7945.97998046875,88.06701780279336,0.08297623220769054
2018-08-27,8017.89990234375,97.85055760339466,-0.33035261179940784
2018-08-27,257.2258605957031,98.1218328594949,-0.37420416104880644
2018-08-28,8030.0400390625,99.25351383510379,-0.07214609005616056
2018-08-28,257.35015869140625,99.4506804384177,-0.09746956521390508
2018-08-29,258.7348937988281,99.9404305718922,-0.363612838508502
2018-08-29,8109.68994140625,99.43542970836964,-0.6186830380770186
2018-08-30,257.6874389648437,7.96792158525939,-0.16453040689730458
2018-08-30,8088.35986328125,7.537257535411325,-0.26833356394292474
2018-08-31,8109.5400390625,6.397625158294962,0.13020092312684528
2018-08-31,257.6962585449219,4.293531769952349,0.15731627887712352
2018-09-04,257.25250244140625,2.4189810914672,-0.2875846132299745
2018-09-04,8091.25,0.6911767064900516,-0.31685407985674674
2018-09-05,256.56011962890625,0.08304167565065051,-0.21801058622208713
2018-09-05,7995.169921875,1.2313219970425993,-0.14256155780354593
2018-09-06,255.7878570556641,0.3370897610116446,-0.40504926564563604
2018-09-06,7922.72998046875,1.3579900227591293,-0.3747967036703591
2018-09-07,255.2907867431641,-2.8161255339482634,-0.6417962644465329
2018-09-07,7902.5400390625,0.24215675679138515,0.7188563903565912
2018-09-10,7924.16015625,0.11369390251113322,0.6783208550728191
2018-09-10,255.7345428466797,-2.3804490687900652,0.12172156588038688
2018-09-11,7972.47021484375,0.11960112582707799,0.6505432012778438
2018-09-11,256.5777893066406,-0.6213931860794474,0.9432399596593107
2018-09-12,256.63995361328125,-2.1155926291327742,0.21998029217237522
2018-09-12,7954.22998046875,1.7313365763073754,0.3831210048759452
2018-09-13,8013.7099609375,2.3975915465857227,0.20385353681525606
2018-09-13,258.1578369140625,-0.06603024534608162,0.19088326257245392
2018-09-14,8010.0400390625,-0.5852727720358799,0.7343242390709541
2018-09-14,258.2023010253906,-0.09448606664063068,0.3507761168498226
2018-09-17,256.83526611328125,-0.17934762254680403,0.6782553237748937
2018-09-17,7895.7900390625,-0.35103415900253065,0.4355761260454826
2018-09-18,258.2289123535156,0.09475643396330775,0.489504192979293
2018-09-18,7956.10986328125,0.5138084752397192,0.4310743875187979
2018-09-19,7950.0400390625,-0.45293334613467034,0.33379182119866996
2018-09-19,258.50408935546875,-2.0811078126879785,0.30387447010206853
2018-09-20,260.59893798828125,3.286245030328361,0.34613043283091494
2018-09-20,8028.22998046875,-1.071625186528773,0.12440427708142913
2018-09-21,260.3608703613281,3.0434017830467806,0.05119211425486681
2018-09-21,7986.9599609375,-1.5484859408705758,-0.022849341243295775
2018-09-24,259.4958190917969,-0.48581636584559573,0.06384347215209742
2018-09-24,7993.25,-0.6528722974407215,-0.24632639581960705
2018-09-25,8007.47021484375,0.17458239979816542,-0.06717402592111084
2018-09-25,259.255126953125,0.7518114418458819,-0.28511434499723376
2018-09-26,7990.3701171875,1.036798559897473,-0.599341116214704
2018-09-26,258.4794921875,0.2885226916270922,-0.0734684432515369
2018-09-27,259.2017517089844,-0.5366440981338266,0.1497310689678395
2018-09-27,8041.97021484375,0.5846721577751337,-0.16131606511954616
2018-09-28,8046.35009765625,-2.2412361329475736,0.8098279212622632
2018-09-28,259.2284545898437,-0.8006560324398468,0.6700519881974685
2018-10-01,8037.2998046875,-0.788397858315014,-0.03759028554559178
2018-10-01,260.1289978027344,0.8343021121744184,-0.24393068393159906
2018-10-02,7999.5498046875,1.0069965727336168,-0.2908225777593191
2018-10-02,259.9773864746094,1.3027563265059305,-0.3712900123826474
2018-10-03,260.1201171875,-0.8096595663365882,0.19253653326379927
2018-10-03,8025.08984375,0.2906451431483537,-0.03569608824747538
2018-10-04,258.0871276855469,-0.08400818462718201,0.03718234673264557
2018-10-04,7879.509765625,-0.47601121631336846,-0.07796406449607529
2018-10-05,256.642578125,-0.6657284678181236,-0.43759821411223704
2018-10-05,7788.4501953125,0.5104688787337365,0.17793559509749535
2018-10-08,256.642578125,-0.4690671462506206,0.14106940887531946
2018-10-08,7735.9501953125,-0.1853831989020045,-0.0464209871261467
2018-10-09,256.2680969238281,-0.16871593453228112,0.5265151414584579
2018-10-09,7738.02001953125,1.2372604412164172,0.03221984790344774
2018-10-10,248.1537933349609,0.1991782540181238,-0.32361016542578475
2018-10-10,7422.0498046875,0.311963977645994,0.08156961488515972
2018-10-11,242.68780517578125,-0.2558816236419743,0.8809472849325908
2018-10-11,7329.06005859375,-0.0013268645652419508,-1.9101634887751358
2018-10-12,246.05833435058597,0.23897645006192172,-0.25561404698324364
2018-10-12,7496.89013671875,-0.24759237903479478,0.3195651316148895
2018-10-15,244.67623901367188,0.06550408903249454,1.0784509394312483
2018-10-15,7430.740234375,0.47386422341937806,-1.3331228470963752
2018-10-16,250.02638244628903,0.3500955574771457,-0.004185454895686456
2018-10-16,7645.490234375,-0.5263618709677066,-0.10297683943870958
2018-10-17,7642.7001953125,-0.5874124768402366,0.8943251658489743
2018-10-17,250.07083129882807,-0.9412216207404067,0.1735785419596414
2018-10-18,7485.14013671875,-0.36640546565446763,-0.12221049775726214
2018-10-18,246.45953369140625,0.41474476287143464,-0.39948965550487886
2018-10-19,246.32579040527344,0.4191848595434216,-1.2801477796387597
2018-10-19,7449.02978515625,0.47000821864714337,-0.47811964498903997
2018-10-22,245.22015380859372,-0.14545619036018195,-0.08791989704115574
2018-10-22,7468.6298828125,-0.05993498897645482,0.2624191401048013
2018-10-23,243.9718017578125,0.42527249776628023,0.9123922937442621
2018-10-23,7437.5400390625,-0.7223414371797244,0.078367624426237
2018-10-24,7108.39990234375,-0.1871793950759503,-0.5996648058631316
2018-10-24,236.5798492431641,0.9654741747387039,2.738535074097746
2018-10-25,7318.33984375,0.09867718657221486,-2.650563967127535
2018-10-25,240.82423400878903,0.14098869618318915,-1.3860568103309536
2018-10-26,7167.2099609375,-0.08822418595525942,1.69816522999174
2018-10-26,236.5887756347656,0.10983530163023691,-1.409381096216361
2018-10-29,7050.2900390625,0.4482099329099986,1.4632573401944329
2018-10-29,235.2779693603516,0.3515555983872338,1.4227764578339668
2018-10-30,7161.64990234375,0.330570089263411,-0.21103401328567514
2018-10-30,238.76443481445312,-0.05413985425383049,-3.23115151950047
2018-10-31,241.3145904541016,-0.21622505715605872,1.1770669275270105
2018-10-31,7305.89990234375,-0.22912110184792508,-0.5152669031566242
2018-11-01,243.88262939453125,0.49570519367078253,0.0409018684297423
2018-11-01,7434.06005859375,-0.3018095075184486,-1.873544770625506
2018-11-02,242.43814086914065,-0.19619809722707654,0.0018756676790839671
2018-11-02,7356.990234375,0.10567432384542697,1.0806813071572323
2018-11-05,243.7756805419922,0.3419553516631544,-1.7516826704775381
2018-11-05,7328.85009765625,-0.20417916204581246,-0.13455953442160384
2018-11-06,7375.9599609375,0.006237480097544048,0.7992257249346958
2018-11-06,245.31829833984372,-0.5100628169298667,-1.364049804116678
2018-11-07,250.57020568847656,0.28133594765295233,-0.0032012884446761328
2018-11-07,7570.75,0.8995605137978397,0.6457785735112928
2018-11-08,250.11553955078125,-0.05033184151864354,0.44797466794514984
2018-11-08,7530.8798828125,-0.03258635775865156,0.9504686221826611
2018-11-09,247.6723175048828,-0.20208083011984293,-0.0626079979097791
2018-11-09,7406.89990234375,0.0470041632632732,0.23725833781589775
2018-11-12,243.0445098876953,-0.08224954520177338,0.20475344197594111
2018-11-12,7200.8701171875,0.3279050839577149,-0.3736033557843837
2018-11-13,242.5897521972656,0.5973653452817688,-0.0276835982442891
2018-11-13,7200.8701171875,0.11564224406257706,0.15385788986953816
2018-11-14,240.93121337890625,0.08040143537223779,0.26058767015993634
2018-11-14,7136.39013671875,-0.9010763887097137,-0.46742758324291284
2018-11-15,243.4456787109375,-0.532928337116167,0.13070579409650376
2018-11-15,7259.02978515625,-0.5910310124309256,0.5552068768064394
2018-11-16,7247.8701171875,-1.3294046716560637,-0.09442791564967895
2018-11-16,244.07876586914065,-0.1112113844361524,0.03948711177147761
2018-11-19,7028.47998046875,0.6496539395618183,-0.03866027261863301
2018-11-19,239.95040893554688,-0.38256732469142113,0.17503762108197146
2018-11-20,6908.81982421875,0.21192910223845757,0.2180954284156349
2018-11-20,235.50982666015625,-0.2787836381410427,0.8849299639608985
2018-11-21,6972.25,0.16295003103934144,0.7128700852425391
2018-11-21,236.31236267089844,1.4682949363890596,0.010938883282897154
2018-11-23,234.73403930664065,0.14409836722185437,0.4217992229072199
2018-11-23,6938.97998046875,0.6682517931463451,1.2693953716795559
2018-11-26,7081.85009765625,0.23367598363693023,1.973232059105575
2018-11-26,238.5236968994141,0.1548678332139258,2.330672434508592
2018-11-27,7082.7001953125,-0.37734646872147337,2.7483717708823465
2018-11-27,239.32623291015625,0.15085921952392506,2.5064547232865793
2018-11-28,7291.58984375,0.5126364647573037,3.4442522429963356
2018-11-28,244.83676147460935,-0.480316027221145,3.230820874761912
2018-11-29,7273.080078125,-0.590535876544155,4.109556649795877
2018-11-29,244.3017578125,0.00093628052208355,4.761654376633788
2018-11-30,7330.5400390625,-0.7871466845706997,6.231237403395549
2018-11-30,245.7908935546875,-0.3501118802738429,5.2441112715584755
2018-12-03,7441.509765625,-0.09323607739979158,11.158453036939143
2018-12-03,249.04542541503903,-0.4449302714844019,10.460818753228038
2018-12-04,7158.43017578125,-0.05633492777707752,13.683026339350766
2018-12-04,240.97581481933597,0.01436584830419279,13.399759430642694
2018-12-06,240.61021423339844,-0.30082404706519283,19.704807190404704
2018-12-06,7188.259765625,0.2053534373024773,19.993639588836523
2018-12-07,235.0194549560547,-0.0019008143058377206,23.579077495112774
2018-12-07,6969.25,-0.01268993586465757,23.58388148194606
2018-12-10,235.46522521972656,-0.24087343328680924,37.26648489064841
2018-12-10,7020.52001953125,-0.06314208077166243,37.487870562235045
2018-12-11,235.51876831054688,-0.35920797798242415,43.119034306472244
2018-12-11,7031.830078125,-0.05285760238660917,42.80619900714051
2018-12-12,7098.31005859375,0.08425995265001983,49.11364822680984
2018-12-12,236.70460510253903,0.06549106644064583,47.88425713445695
2018-12-13,236.62435913085935,0.14112576804142057,54.695375096889485
2018-12-13,7070.330078125,0.01090616370425048,54.403384805265574
2018-12-14,6910.66015625,0.09471145857273641,60.345755723154845
2018-12-14,232.25518798828125,-0.6066853024420091,60.711409745556466
2018-12-17,227.6987152099609,0.24872902674161387,78.18204401936876
2018-12-17,6753.72998046875,-0.08268892569015937,78.27552215515739
2018-12-18,227.4490509033203,-0.4548925866709395,83.54429482126874
2018-12-18,6783.91015625,-0.10877305594081582,83.511173580706
2018-12-19,224.04286193847656,0.3465487671491973,88.21811236068851
2018-12-19,6636.830078125,-0.15835462705091544,88.20004709624925
2018-12-20,220.3959197998047,-0.3354644198417612,92.17947823265052
2018-12-20,6528.41015625,-0.07679184537471503,92.45355649279097
2018-12-21,215.8800811767578,-0.528772454127579,95.65619808312799
2018-12-21,6332.990234375,-0.20955229891941812,95.35874720215968
2018-12-24,210.1759033203125,0.11051296845215544,99.93560282280075
2018-12-24,6192.919921875,0.0929356892992572,99.95704402929441
2018-12-26,220.7949676513672,-0.20027620327649506,1.7428713100394397
2018-12-26,6554.35986328125,-0.12960060651553468,0.25256448094174083
2018-12-27,222.4901123046875,-0.20877465823574984,1.7997707533241858
2018-12-27,6579.490234375,-0.13924361534240745,-0.7472783045736021
2018-12-28,222.20309448242188,-0.26172720797538795,-0.9250788976402263
2018-12-28,6584.52001953125,-0.16132777044414023,1.2406247044861347
2018-12-31,6635.27978515625,-0.3699439155461501,-1.4429556965940336
2018-12-31,224.14935302734372,-0.3171143287670518,0.1551572086607218
2019-01-02,224.38253784179688,-0.6250876039483307,1.0448836217166424
2019-01-02,6665.93994140625,-0.42513406970793644,0.1635727019466881
2019-01-03,219.0281524658203,2.5057629125788967,0.5549278054026607
2019-01-03,6463.5,2.211587699010032,-0.06467275449231982
2019-01-04,6738.85986328125,-0.3772352512849781,-1.0951316432916476
2019-01-04,226.3646545410156,-0.030008958183056683,0.4305412535488997
2019-01-07,228.1494598388672,0.6498462283168663,-0.7941795735804292
2019-01-07,6823.47021484375,0.23374946686240805,0.9793133248934103
2019-01-08,6897.0,0.2023433812510686,0.48476307548337394
2019-01-08,230.29299926757807,-0.008828788066903612,-0.36635155919336726
2019-01-09,231.3692169189453,0.14200719008787344,4.60274677587634
2019-01-09,6957.080078125,-0.2351852114997617,-2.6296984843807403
2019-01-10,6986.06982421875,0.29071092528167713,-0.343942230846532
2019-01-10,232.1854705810547,-0.07222978485871667,0.5702799174606407
2019-01-11,232.27513122558597,-0.30291118553516033,-1.2299555007648773
2019-01-11,6971.47998046875,0.0277856333623302,-0.24018217764273828
2019-01-14,6905.919921875,0.033106339540387865,-0.18190848429513123
2019-01-14,230.85801696777344,0.34190330714109163,0.41073181224840954
2019-01-15,233.50384521484372,0.20162711630231814,-0.09717378287952834
2019-01-15,7023.830078125,0.2832055118279504,0.6181649897456601
2019-01-16,234.06887817382807,-0.01964912054976533,-0.24379441858697207
2019-01-16,7034.68994140625,0.11134796918916164,-0.5042700897641654
2019-01-17,235.8447113037109,0.1866056601170435,-0.1912676841382533
2019-01-17,7084.4599609375,0.3505777386916852,0.8743231974602781
2019-01-18,238.9838409423828,0.3922736230667171,-0.19547961451868445
2019-01-18,7157.22998046875,0.27840190067213066,-0.08560626534655935
2019-01-22,7020.35986328125,0.22127391903756405,-0.42074157476923163
2019-01-22,235.7550201416016,0.1763982446381862,-1.0252258995940193
2019-01-23,236.24835205078125,0.33489879270287054,2.1284566217548644
2019-01-23,7025.77001953125,0.11731617134225927,0.01951124554568069
2019-01-24,236.3738555908203,-0.21906266362395532,0.016403576150405226
2019-01-24,7073.4599609375,-0.09693898835575694,-0.6939906407369184
2019-01-25,238.37391662597656,-0.03196441109301981,0.2822816914070261
2019-01-25,7164.85986328125,-0.07327058093200894,-0.970309709969752
2019-01-28,7085.68017578125,0.19687307112693095,1.051095489022456
2019-01-28,236.56228637695312,0.42492390801371877,1.0673929149570818
2019-01-29,7028.2900390625,0.03805498543307026,-0.8578322551632118
2019-01-29,236.24835205078125,0.0951183453483622,0.18450062355729688
2019-01-30,7183.080078125,-0.036068626768299694,0.18124793517086396
2019-01-30,239.98834228515625,-0.06958052462119899,-0.0450652276681543
2019-01-31,7281.740234375,-0.5516880218491707,-0.43936704605765087
2019-01-31,242.09593200683597,-0.17158082468028865,-0.4999237648477849
2019-02-01,7263.8701171875,-0.2603962992205243,0.07559511901731361
2019-02-01,242.21261596679688,-0.25900807182604874,-0.2321459910184281
2019-02-04,7347.5400390625,-0.03791999728554087,-0.4838940206988143
2019-02-04,243.9166412353516,-0.05152954920920832,0.08241839711867602
2019-02-05,244.9391326904297,-0.2190288588636765,0.1627539300700887
2019-02-05,7402.080078125,0.03446607746644659,0.2876316555381597
2019-02-06,7375.27978515625,0.24242731376030693,0.3103705185781025
2019-02-06,244.61622619628903,-0.538853348491974,-0.4543004296720161
2019-02-07,7288.35009765625,-0.5559088366628482,0.3344472305240247
2019-02-07,242.28436279296875,-0.5066179239781889,-0.6499199480892068
2019-02-08,242.580322265625,0.02146487638751982,-0.1503238326378871
2019-02-08,7298.2001953125,-0.02828184927400632,-0.005206315738016771
2019-02-11,242.7148284912109,-0.7961904917323914,0.058870634128822354
2019-02-11,7307.89990234375,-0.3444136706756702,0.07747973402672734
2019-02-12,245.8360137939453,-0.00540581191526851,0.1751814212634387
2019-02-12,7414.6201171875,0.43969348561715516,0.6494787674160442
2019-02-13,246.6341857910156,-0.5882168434263554,0.3743306614700309
2019-02-13,7420.3798828125,0.35660446422235276,0.14900011244832792
2019-02-14,246.087158203125,0.7742587826570819,-0.17994894406679623
2019-02-14,7426.9501953125,1.0467894446173458,0.25334805091747825
2019-02-15,248.76878356933597,-0.5539674268370164,0.3210656345404561
2019-02-15,7472.41015625,0.02320810773275584,0.2658567826800275
2019-02-19,249.1992950439453,0.6449179413393449,0.1934235146504212
2019-02-19,7486.77001953125,0.08018422911121295,0.35013718586683606
2019-02-20,249.70162963867188,-0.4269784635209876,0.022623509947659538
2019-02-20,7489.06982421875,-0.09511850071524372,-0.0648198285629483
2019-02-21,7459.7099609375,0.3203852164747533,-0.44511380086356167
2019-02-21,248.8136749267578,-0.5980833560943131,0.0011956197071847107
2019-02-22,250.3562774658203,-0.7343582879068836,-0.09484797487798788
2019-02-22,7527.5400390625,-0.6553237017515446,0.44023630159898786
2019-02-25,250.6971740722656,0.5343396105133278,-0.2336178053387855
2019-02-25,7554.4599609375,-1.47438463323161,-0.08740156675518636
2019-02-26,250.51760864257807,0.03728645444957429,0.12329261210928373
2019-02-26,7549.2998046875,-1.2225012818610927,0.058348903100629554
2019-02-27,7554.509765625,-0.6036096914210735,-0.01626529422100654
2019-02-27,250.4100799560547,-0.29170330152096696,-0.03171376532832575
2019-02-28,249.9437561035156,-0.4504199913493117,0.040136479148809495
2019-02-28,7532.52978515625,0.08958538358037584,0.04570406968495857
2019-03-01,251.5043792724609,0.8973099077260144,-0.018789340223708748
2019-03-01,7595.35009765625,-0.3512228112096821,-0.11586028247477424
2019-03-04,250.58946228027344,-0.47501953468525476,0.042875090874790675
2019-03-04,7577.56982421875,-0.366424925428859,0.016633486843727292
2019-03-05,250.24871826171875,-0.7250995386497042,-0.135030627343889
2019-03-05,7576.35986328125,-0.38833943846669833,0.024518118767912656
2019-03-06,248.7330474853516,-0.7039796821261073,-0.3610759706382237
2019-03-06,7505.919921875,-0.4251654143361888,-0.04762787982900768
2019-03-07,246.6521148681641,0.42973454012478557,-0.08992909767916538
2019-03-07,7421.4599609375,0.41786439444956897,-0.36101637280174836
2019-03-08,7408.14013671875,-0.3955394984908875,0.12890716758887938
2019-03-08,246.15887451171875,-0.5457819241608868,-0.15075726974187664
2019-03-11,249.7284698486328,-0.4893077303906985,-0.003238490431420807
2019-03-11,7558.06005859375,0.13948959984173623,0.014702849520200923
2019-03-12,250.6701202392578,0.4733422996745458,-0.08770233254841661
2019-03-12,7591.02978515625,0.3300196417514071,0.2459063611677011
2019-03-13,7643.41015625,-0.26117799374884965,0.19018875838579022
2019-03-13,252.32943725585935,0.23783350007133927,0.0248640928661865
2019-03-14,252.16799926757807,-0.23912137281668844,0.08656988406627474
2019-03-14,7630.91015625,0.07282698622526143,0.05654408891478641
2019-03-15,253.41387939453125,0.6023961613768478,0.11326504308484112
2019-03-15,7688.52978515625,0.14369699492172375,0.008625660974412667
2019-03-18,254.33270263671875,0.1450756214550888,-0.320225066897046
2019-03-18,7714.47998046875,0.02105697670081687,-0.1680994726284989
2019-03-19,7723.9501953125,0.4549244653646657,0.09777375038775145
2019-03-19,254.395751953125,-0.05201997158226929,-0.0022012831827089943
2019-03-20,7728.97021484375,0.24763371791079197,0.3051608976691107
2019-03-20,253.63009643554688,-0.2439640509957052,0.09034436715412154
2019-03-21,256.49468994140625,0.0287604968285191,0.06839480054688848
2019-03-21,7838.9599609375,-0.026901855416297662,0.16586596869101997
2019-03-22,7642.669921875,0.06724862654719563,-1.9576893386327925
2019-03-22,251.5581512451172,0.06875013301640806,3.8634930292240153
2019-03-25,251.36900329589844,-0.08412779535087053,1.5703694557258483
2019-03-25,7637.5400390625,0.1906461811315026,1.757678020942041
2019-03-26,253.24270629882807,0.10752759894048669,-0.8394903907637973
2019-03-26,7691.52001953125,0.13567065063634742,-0.4155487489519611
2019-03-27,7643.3798828125,-0.04274642384135605,1.167233537442965
2019-03-27,251.91842651367188,0.010898039024903446,0.0270662793277676
2019-03-28,252.8733673095703,0.3916237860356498,-0.8339791897856899
2019-03-28,7669.169921875,0.29645250271668466,0.7598667604627755
2019-03-29,7729.31982421875,0.10921379187272508,0.03165207627176407
2019-03-29,254.4678497314453,0.20806812434604796,-1.003521680828326
2019-04-01,257.485595703125,0.46057929018109556,0.14863740872681297
2019-04-01,7828.91015625,0.497368862872676,0.26106313285915633
2019-04-02,257.6117858886719,0.7566893066074537,0.18741608764741696
2019-04-02,7848.68994140625,0.3235659625756441,-0.5389080097607689
2019-04-03,7895.5498046875,1.209780107702076,0.4903735167597205
2019-04-03,258.01715087890625,1.4155169027175225,-0.13273441045593903
2019-04-04,258.7017822265625,1.5611853222761196,0.29748723361437873
2019-04-04,7891.77978515625,1.1672213331784695,0.08910260805014675
2019-04-05,7938.68994140625,1.7502133902130719,0.15386988227284304
2019-04-05,259.9540100097656,2.131585726240573,0.32261833886381897
2019-04-08,260.15216064453125,4.374257649401492,0.33614239184819683
2019-04-08,7953.8798828125,4.3132353462068265,0.19720351501469333
2019-04-09,7909.27978515625,5.787593173099146,0.42905234044866514
2019-04-09,258.81884765625,5.40997517899409,0.09223457819709209
2019-04-10,259.7016906738281,7.2545576530751115,-0.040427613427015396
2019-04-10,7964.240234375,7.059907577609452,0.33561963373737136
2019-04-11,7947.35986328125,8.793835779121098,0.5070011009190382
2019-04-11,259.6296081542969,8.942120378764878,0.028529108659563585
2019-04-12,7984.16015625,11.024179683913191,-0.462184184988891
2019-04-12,261.3861999511719,10.956725077840582,-0.297446528195976
2019-04-15,7976.009765625,19.51916941832381,0.02986935780901741
2019-04-15,261.2151794433594,20.170521854180173,-0.10363888996948237
2019-04-16,261.3861999511719,23.460128024780936,-0.03620780679625202
2019-04-16,8000.22998046875,23.24269551400449,-0.08132534969162608
2019-04-17,7996.080078125,28.013550073754637,0.10874207897072455
2019-04-17,260.7466735839844,27.907378329017234,0.22163480320039708
2019-04-18,261.2601318359375,32.54885662092215,0.029451127984854598
2019-04-18,7998.06005859375,32.623842613575,0.09794895110596277
2019-04-22,8015.27001953125,54.22953202600973,0.15503493626321568
2019-04-22,261.4853515625,54.703954813123644,0.16598472370073783
2019-04-23,263.8365478515625,60.03093050163669,-0.1527515374190724
2019-04-23,8120.81982421875,60.76252067931891,0.0005894757618909341
2019-04-24,8102.009765625,66.70007984297266,-0.06901684254935597
2019-04-24,263.2510070800781,66.53481548951717,-0.18116028563929576
2019-04-25,8118.68017578125,72.27340718208836,-0.1221594205556971
2019-04-25,263.0888671875,73.19756565514544,-0.07926071693968356
2019-04-26,8146.39990234375,77.88943303230633,0.05729669847956892
2019-04-26,264.31402587890625,78.52331299034529,0.01383740995544719
2019-04-29,264.728271484375,91.96536168603137,0.24297334443343496
2019-04-29,8161.85009765625,92.31553859693668,0.33070253134859184
2019-04-30,8095.39013671875,95.37485779937512,0.6462140439874869
2019-04-30,264.86346435546875,95.63412397090873,0.45455405633568785
2019-05-01,8049.64013671875,97.96354830370012,0.46319725030248604
2019-05-01,262.8726501464844,97.94802464836155,0.5120587559247752
2019-05-02,262.3050842285156,99.38610396073351,0.5461474025654363
2019-05-02,8036.77001953125,99.12549419040259,0.631924686391734
2019-05-03,8164.0,99.82224406176034,0.8054821269451562
2019-05-03,264.8724670410156,99.99855017328998,0.7366948117208432
2019-05-06,8123.2900390625,2.625633265966986,2.236121947118139
2019-05-06,263.782470703125,6.909230909086518,2.0894621268836926
2019-05-07,7963.759765625,-0.4387866788846447,2.5009194071354117
2019-05-07,259.37744140625,1.4794056419901949,2.8223172543016672
2019-05-08,7943.31982421875,-0.5604482599551832,3.2629449080562334
2019-05-08,259.0170593261719,-0.02506703156210354,3.5373531654596064
2019-05-09,258.2333984375,-0.09191404833878417,4.018660079808633
2019-05-09,7910.58984375,-1.193224458444927,4.430318223054239
2019-05-10,259.530517578125,1.8189473442037543,5.493934135154702
2019-05-10,7916.93994140625,-0.493314386017284,5.866415367343021
2019-05-13,253.00848388671875,-0.16673969189349871,11.26903983629119
2019-05-13,7647.02001953125,-0.5318132918820491,10.934672467318228
2019-05-14,7734.490234375,0.028467796616110375,13.553318108260791
2019-05-14,255.29660034179688,-0.34240335497682556,13.218415553663744
2019-05-15,7822.14990234375,0.08900603376009762,16.84429453471253
2019-05-15,256.7919921875,-0.37880124851753416,16.037370798503446
2019-05-16,7898.0498046875,-1.4597223392548129,19.87224292302085
2019-05-16,259.1701965332031,0.3239560238847727,19.42430762142474
2019-05-17,7816.27978515625,1.854637426139948,23.605042462284924
2019-05-17,257.49462890625,1.6110716614911054,23.19939355870541
2019-05-20,255.7920837402344,-1.4312644793260896,37.62124212564495
2019-05-20,7702.3798828125,-0.8683189347714875,37.52505124815073
2019-05-21,258.0981750488281,6.091328544092335,41.71365875851706
2019-05-21,7785.72021484375,1.3230129186139798,43.30194908834422
2019-05-22,257.3055114746094,-0.6837979017126384,48.59412552441619
2019-05-22,7750.83984375,-0.515167493578786,48.50080205167686
2019-05-23,7628.27978515625,-0.5884656406758634,54.023761948532
2019-05-23,254.16156005859372,0.3990553573001068,55.23507913176701
2019-05-24,254.7380828857422,0.8891433286624251,60.70881485981813
2019-05-24,7637.009765625,0.8104853007796923,60.1076814358194
2019-05-28,7607.35009765625,0.8246568491723306,83.44578365860367
2019-05-28,252.36883544921875,-0.03826440133207629,83.43907720315038
2019-05-29,250.67532348632807,-0.7357144386968305,88.26799320012437
2019-05-29,7547.31005859375,0.425282737143987,88.44193355284342
2019-05-30,7567.72021484375,-0.4891405066651141,92.2981691871363
2019-05-30,251.36001586914065,-0.21542703270332836,92.00727459421564
2019-05-31,247.9728546142578,0.4284492044578428,95.53975046945054
2019-05-31,7453.14990234375,0.3810638057712272,95.6489448914067
2019-06-03,247.34228515625,0.30422880250621137,99.96558218086444
2019-06-03,7333.02001953125,1.1905111159667956,99.74835589415859
2019-06-04,252.71121215820312,-0.46659232254633143,5.26815147979359
2019-06-04,7527.1201171875,0.025376742913409474,2.02263647649583
2019-06-05,254.9001922607422,1.4971476751919883,1.6847795584343612
2019-06-05,7575.47998046875,0.218017529625298,1.2502326854567518
2019-06-06,7615.5498046875,0.5669286305735994,3.4266744054450133
2019-06-06,256.5578308105469,0.318018977598406,-3.572863925266879
2019-06-07,7742.10009765625,0.02368847487132892,0.5968645788217442
2019-06-07,259.1251220703125,0.16805241806373872,-1.011979205556007
2019-06-10,7823.169921875,-0.35232860645378294,-0.12721638533482232
2019-06-10,260.3143310546875,-1.0932852169944542,0.3709235953184325
2019-06-11,260.2512512207031,-0.6547469406546786,-2.452593823985106
2019-06-11,7822.56982421875,-0.568704132664515,-0.06381327144122749
2019-06-12,7792.72021484375,0.22539979170314134,0.10051635032830616
2019-06-12,259.7919006347656,-0.7925086541800173,0.1199898271964405
2019-06-13,260.86383056640625,-0.4852442287235822,-0.00988280650686392
2019-06-13,7837.1298828125,-0.007355166847677452,0.016145478058651717
2019-06-14,7796.66015625,0.6893598924281481,-0.6390562566876444
2019-06-14,260.5754699707031,-0.5746541134948069,-0.03453336826443089
2019-06-17,7845.02001953125,0.2863188691313806,0.34431173002539744
2019-06-17,260.6745300292969,-0.2550595860802602,0.24618887906130607
2019-06-18,7953.8798828125,0.4572611499227917,-0.15230742716037013
2019-06-18,263.4041442871094,0.2522590061325908,-0.2839329051221989
2019-06-19,7987.31982421875,0.25271492971455684,-0.1555447068767237
2019-06-19,263.99871826171875,-0.16941056278617184,-0.32930061977220754
2019-06-20,8051.33984375,-0.5178221556123566,0.18338867357421845
2019-06-20,266.52099609375,0.7602935257822601,0.26242469080266956
2019-06-21,8031.7099609375,0.03480742069099015,-0.6250641919773166
2019-06-21,266.1335144042969,0.3025430486274997,-0.09938436027090188
2019-06-24,8005.7001953125,-0.5524167694479288,0.8173263880098027
2019-06-24,265.8077087402344,-0.4969982806862425,-0.30994268142499226
2019-06-25,263.2006530761719,-0.6951015809839943,-0.27187013506477004
2019-06-25,7884.72021484375,-0.0235836630267779,-0.36725481973651475
2019-06-26,7909.97021484375,-0.5974577793549126,-0.06885036113236574
2019-06-26,262.938232421875,-0.02511335560495162,-0.054823636361974425
2019-06-27,7967.759765625,-0.19684193144502005,-0.3497876293993883
2019-06-27,263.87060546875,-0.08325336510131232,-0.3086235639795708
2019-06-28,265.22833251953125,0.05271400549410711,0.30904052778107716
2019-06-28,8006.240234375,0.5555960786140778,1.0494179231051872
2019-07-01,267.63623046875,0.2872706546562369,-0.6865625731158053
2019-07-01,8091.16015625,0.054186453983347184,-0.0875393361820129
2019-07-02,8109.08984375,-0.5718576757191428,-0.07295226596042478
2019-07-02,268.3332214355469,-0.20182441167710816,0.08030630718008278
2019-07-03,270.4786071777344,-0.6026080591129267,-0.08544448796295351
2019-07-03,8170.22998046875,-1.032212817777995,0.1029905714275201
2019-07-05,270.1708068847656,3.547112080615093,-0.07330697071646605
2019-07-08,268.6861877441406,0.5470072273957736,0.00494342966780647
2019-07-08,8098.3798828125,-0.36860309536325964,0.00034322340587813246
2019-07-09,269.0211486816406,0.2067691031461986,-0.1258497018313227
2019-07-09,8141.72998046875,0.0007085561071010698,0.120365539127508
2019-07-10,270.3066101074219,-0.842914753535968,0.14313508763265673
2019-07-10,8202.5302734375,1.921995923400756,0.021938073213646634
2019-07-11,270.9403076171875,-0.27864861160478954,0.2967560614665847
2019-07-11,8196.0400390625,-1.5443005116452975,0.02778584284039594
2019-07-12,272.1532287597656,-1.5516408126345165,-0.21543362722708018
2019-07-12,8244.1396484375,-1.2918792537061194,-0.14731434262428467
2019-07-15,8258.1904296875,1.8807666656454134,-0.9784420303399194
2019-07-15,272.2438049316406,-0.8102845992972978,0.0264165888638355
2019-07-16,8222.7998046875,-1.2284042760496932,-0.6354789530785686
2019-07-16,271.36578369140625,-1.1787147823148207,-0.1802126335692136
2019-07-17,8185.2099609375,1.1979649575330726,-0.5131078587203605
2019-07-17,269.5190734863281,-0.8299137137431538,-0.08591747862607109
2019-07-18,270.5057983398437,-0.7325032450230315,-0.0626048815612307
2019-07-18,8207.240234375,0.6331250181621895,-0.010871844367057439
2019-07-19,269.00311279296875,0.3139121204556762,-0.3031789563646064
2019-07-19,8146.490234375,0.04272519936530694,-0.3597875349451678
2019-07-22,8204.1396484375,0.08899568491513947,0.028439493788075275
2019-07-22,269.66387939453125,-0.3182276400826102,0.06772901610262771
2019-07-23,8251.400390625,0.3497711333130354,0.18898189752906525
2019-07-23,271.592041015625,-0.9250917168938896,0.42044149688262894
2019-07-24,272.868408203125,0.6468796103657978,-0.16309237487377878
2019-07-24,8321.5,3.027896305315722,-0.03478310058452542
2019-07-25,271.56494140625,0.8927883416581824,0.06670229100507652
2019-07-25,8238.5400390625,-0.5001305465026659,0.013089051278849965
2019-07-26,273.38446044921875,-1.615815937689989,0.3690712768771101
2019-07-26,8330.2099609375,2.3109019805601787,0.4411006336880851
2019-07-29,272.8865051269531,3.427970747142536,0.5464740486687061
2019-07-29,8293.330078125,-1.1387917642931582,0.6225030280064129
2019-07-30,272.21661376953125,1.7092772029528722,0.3144523756646676
2019-07-30,8273.6103515625,2.42473508961354,0.5862289295523535
2019-07-31,269.23846435546875,-0.2800076919969734,0.40904590932423585
2019-07-31,8175.419921875,-0.6050187116872143,0.4470235418483151
2019-08-01,8111.1201171875,0.222429431754699,1.4421034821554242
2019-08-01,266.8940124511719,1.1240906786709601,0.9488948867319711
2019-08-02,264.88446044921875,-0.7619417605041151,0.3470913961340804
2019-08-02,8004.06982421875,-0.2739703826911916,0.9281389520084146
2019-08-05,7726.0400390625,-0.5366073629902536,3.830867947571957
2019-08-05,256.91851806640625,-0.9054804826788715,-2.035089297762941
2019-08-06,260.5213317871094,0.879274771721934,-0.019107839283413783
2019-08-06,7833.27001953125,-0.3991768046476307,-1.938432779512433
2019-08-07,260.6750793457031,-0.17824512124677605,0.026279020692238683
2019-08-07,7862.830078125,-0.6606402139903945,-0.2596622889962898
2019-08-08,8039.16015625,0.22848059799214135,-1.1383547243355394
2019-08-08,265.7895202636719,1.155064676719236,-1.7753170172476007
2019-08-09,263.9791564941406,-0.07639206745870368,0.5800901101032034
2019-08-09,7959.14013671875,-0.9654168368286467,2.5818554087311583
2019-08-12,7863.41015625,0.5505821275347864,1.4509348804479278
2019-08-12,260.7656555175781,-0.22647384434868015,1.6711737708210064
2019-08-13,264.82098388671875,2.3040436214566404,-2.83612737286297
2019-08-13,8016.35986328125,-0.8090798685039485,0.6356899401223228
2019-08-14,7773.93994140625,-0.7015784784704431,-1.4817880090237596
2019-08-14,256.99090576171875,-0.08534947188757164,-1.0337272403066868
2019-08-15,7766.6201171875,-0.9556989556764275,-0.9852167711504844
2019-08-15,257.66973876953125,-0.009179016090101234,3.792231497833257
2019-08-16,261.4718017578125,-0.9712553247621167,-1.7596625066030642
2019-08-16,7895.990234375,-0.5043318170324287,3.059923116051906
2019-08-19,264.6218566894531,0.5705420791615109,-1.3665681723610734
2019-08-19,8002.81005859375,-0.29584849286870774,-0.1428622736045015
2019-08-20,7948.56005859375,0.7841885745229479,-0.4535811825752812
2019-08-20,262.5942077636719,-0.15770493230260024,-0.12513032836219373
2019-08-21,8020.2099609375,1.065223956823589,-0.8877717851303003
2019-08-21,264.73052978515625,1.9675515380516502,-0.6095334049566612
2019-08-22,7991.39013671875,-1.0078958516967542,-0.9970653604288023
2019-08-22,264.6490173339844,-0.7043985816671953,-0.643230363562014
2019-08-23,257.8509216308594,0.8491961548683946,-0.9275517220936249
2019-08-23,7751.77001953125,0.1288586162881852,1.2840513349569094
2019-08-26,260.70233154296875,0.2781104677454354,-1.7406340571960406
2019-08-26,7853.740234375,-0.02295950163239077,-1.525588009049805
2019-08-27,7826.9501953125,0.3922687934937118,-0.6240469177645371
2019-08-27,259.6794128417969,0.2007936835192685,2.5653991254246513
2019-08-28,261.5079040527344,-0.38094429314657074,1.3811578218283722
2019-08-28,7856.8798828125,-0.0856242353454842,1.049701260023086
2019-08-29,264.8481750488281,-0.34585852052107224,-1.7170413986404136
2019-08-29,7973.39013671875,-0.7238381774036807,2.383795119197726
2019-08-30,264.73052978515625,0.05442367667137,-1.377565946600513
2019-08-30,7962.8798828125,-0.03493773807165979,-2.1177153748172657
2019-09-03,7874.16015625,0.37453305101498735,0.486100408503221
2019-09-03,263.1824951171875,-0.05651177446311468,0.902537814683241
2019-09-04,266.1698303222656,0.26136158568125484,-0.47056560699881567
2019-09-04,7976.8798828125,0.5229071365917177,1.2423094315856982
2019-09-05,269.59149169921875,0.7902836313128364,0.5051573798534705
2019-09-05,8116.830078125,0.2704690656893865,-0.7312016478221562
2019-09-06,269.7996520996094,2.3271161633978017,-0.8086049642600144
2019-09-06,8103.06982421875,-2.267890071614906,-0.7991823792377446
2019-09-09,269.935546875,-0.4931145974468321,0.026351166722708586
2019-09-09,8087.43994140625,-0.6167666805111711,-0.13727439533421434
2019-09-10,8084.16015625,0.21159083363131578,0.25858672348775846
2019-09-10,269.87213134765625,1.1926193448619238,-0.0758908268334571
2019-09-11,271.7911376953125,2.275730591228926,-0.039405685666216266
2019-09-11,8169.68017578125,-3.3564092925942726,-0.3749802482626796
2019-09-12,272.732666015625,-1.8148534191745405,0.13256920343643522
2019-09-12,8194.4697265625,0.24739616913115806,0.34461663719756597
2019-09-13,272.5516662597656,1.8072117969381634,0.040394807555163975
2019-09-13,8176.7099609375,0.1427228146428379,0.019008362068507426
2019-09-16,8153.5400390625,1.178877626452554,0.3208253076153553
2019-09-16,271.70977783203125,2.3187389141866506,-0.12688463292820865
2019-09-17,8186.02001953125,1.0083120137394026,0.037205572575311166
2019-09-17,272.3977355957031,-1.5022161284498443,-0.27189243251429646
2019-09-18,8177.39013671875,-2.091289711562452,0.18308456697278166
2019-09-18,272.5606994628906,0.4356183887462888,0.15095330855639377
2019-09-19,8182.8798828125,-1.102633959935233,-0.2960571865047458
2019-09-19,272.5424499511719,0.32923855128980306,0.031009914549709444
2019-09-20,271.2547912597656,-1.086638009617191,-0.5738339997463474
2019-09-20,8117.669921875,0.11601909087651525,-0.7199153491761919
2019-09-23,271.191162109375,0.8975170873750097,-0.24356190370862157
2019-09-23,8112.4599609375,1.147071113196706,-0.21936116468766403
2019-09-24,269.063232421875,-0.8068778858883616,1.9968820318174263
2019-09-24,7993.6298828125,0.09825879136516504,2.371215773381989
2019-09-25,270.65460205078125,-0.3203359039946786,-0.7345681502301139
2019-09-25,8077.3798828125,0.5771022971809596,-0.43980617288331686
2019-09-26,8030.66015625,2.364420424987688,-1.024066542498358
2019-09-26,270.0908203125,0.5827485397934036,-0.802190083342401
2019-09-27,268.6358337402344,-0.8975505837957574,-1.9916844203222939
2019-09-27,7939.6298828125,-0.7411438574622885,-1.118382270658495
2019-09-30,7999.33984375,-0.9205158382387795,-0.05094867668558494
2019-09-30,269.881591796875,-1.1286384527272042,0.007108623821237429
2019-10-01,7908.68017578125,-0.4877529407658421,0.3064015489118753
2019-10-01,266.67144775390625,-0.23179516219762805,-2.1821217327352245
2019-10-02,7785.25,0.433057457676095,2.185421415605188
2019-10-02,261.96075439453125,-0.10347041640793772,-1.0469249058337045
2019-10-03,7872.259765625,-0.16109190515112373,0.29057275161267015
2019-10-03,264.1069641113281,-0.6868387410493669,-0.23644691071683527
2019-10-04,267.6808776855469,-0.44268618939605553,-1.6038468091201274
2019-10-04,7982.47021484375,-0.39764714576399235,-0.7521895110330614
2019-10-07,266.5260009765625,-0.33677231715340616,-0.4965027197516501
2019-10-07,7956.2900390625,-0.4856615617719391,0.381580261029706
2019-10-08,262.38818359375,0.12296889254388678,0.5872444467689043
2019-10-08,7823.77978515625,0.3192333096147164,7.213501342219018
2019-10-09,7903.740234375,-0.027517826522399223,-0.0371892725018107
2019-10-09,264.8798828125,-1.1058141629456186,0.41900088364440025
2019-10-10,7950.77978515625,-0.03070474153489081,0.7839407021277339
2019-10-10,266.67144775390625,0.10872236115476237,-0.28570346024114734
2019-10-11,8057.0400390625,-0.03683619259313871,-0.10557785305593402
2019-10-11,269.4359436035156,-0.564074016452991,0.25847598960307117
2019-10-14,269.13592529296875,-0.8955370681945637,-0.5420551592941824
2019-10-14,8048.64990234375,-0.12173391196053752,-0.11922793569883958
2019-10-15,8148.7099609375,0.2811682161448932,0.061217212165204815
2019-10-15,271.8004455566406,0.3926306590322503,0.16532756128110618
2019-10-16,271.3639221191406,-0.391059526768446,0.014483868991296459
2019-10-16,8124.18017578125,-0.7858518538131639,0.48716624354440474
2019-10-17,272.16424560546875,0.22199609314729846,-0.2991693520858844
2019-10-17,8156.85009765625,-0.20669601101392826,0.2771842519864798
2019-10-18,270.9729309082031,0.9758523342439643,-0.06658218564553506
2019-10-18,8089.5400390625,0.32037040512251985,-0.3594933642960899
2019-10-21,8162.990234375,0.24346635428802751,0.13385287401155388
2019-10-21,272.8099060058594,0.1476615157904426,0.12289711570450647
2019-10-22,271.9187316894531,0.6405079648773049,0.304317766489957
2019-10-22,8104.2998046875,-0.38498432125010057,0.2929644812968394
2019-10-23,272.7098388671875,-0.5297861102019114,0.03834174989094261
2019-10-23,8119.7900390625,-0.1323453809514175,0.493644092821252
2019-10-24,8185.7998046875,-0.23396966202966787,0.8968045198557694
2019-10-24,273.1554260253906,-0.03816220151746055,0.2709024016133692
2019-10-25,8243.1201171875,-0.6004116363784338,-0.2506223234045872
2019-10-25,274.27392578125,-0.4242210763735649,-0.08871833421884329
2019-10-28,275.8199157714844,0.04848802225244043,0.11269495942056101
2019-10-28,8325.990234375,-0.7933110373540997,0.06266321927571461
2019-10-29,275.7381286621094,-1.1243375525210781,0.30944961542588517
2019-10-29,8276.849609375,-0.9178133616755061,0.13137107890262986
2019-10-30,276.5838623046875,-0.5642437002132846,-0.06935131474847914
2019-10-30,8303.98046875,-0.5001476179148598,0.033017009294966045
2019-10-31,8292.3603515625,-0.24918194524939744,0.13820475710156113
2019-10-31,275.8472595214844,-0.6267604726707551,-0.042274418428193114
2019-11-01,278.4027099609375,-1.0187960892141743,-0.13486843440113022
2019-11-01,8386.400390625,0.5735299838443255,0.36285259281334736
2019-11-04,8433.2001953125,0.7173294950491652,0.11257214540968953
2019-11-04,279.5211486816406,-0.6823261814392314,0.017506319651798632
2019-11-05,279.2119445800781,-0.3212947805214567,-0.03637549080347057
2019-11-05,8434.6796875,-0.1614021487547359,-0.04540164126188234
2019-11-06,8410.6298828125,-0.5812388497520562,-0.0974347836956131
2019-11-06,279.2756652832031,1.0987898110362613,-0.056692534054929064
2019-11-07,8434.51953125,1.7118265752358863,0.20518851892572662
2019-11-07,280.2578125,1.4703659519902506,0.13859108409847382
2019-11-08,280.9490051269531,-0.17113127002168074,-0.059012070224354826
2019-11-08,8475.3095703125,-0.6125018889455313,0.20261993539212622
2019-11-11,8464.2802734375,-0.6853922594255062,-0.09076599427950952
2019-11-11,280.4124450683594,-0.4500185008526004,-0.20424593894652998
2019-11-12,8486.08984375,-0.67309523227388,0.37277005857970585
2019-11-12,281.0035705566406,-0.4070150058783236,0.26895570168956323
2019-11-13,8482.099609375,-0.03281534436789539,-0.054262252406915124
2019-11-13,281.0945129394531,0.23679235426421674,0.0382770249392233
2019-11-14,8479.01953125,0.4298326992704534,-0.06237013383388146
2019-11-14,281.50372314453125,0.4671491401386928,0.14056913270094834
2019-11-15,8540.830078125,0.8303262871997167,0.7840118193807044
2019-11-15,283.5408630371094,-0.3128695049643151,0.8506383196060374
2019-11-18,283.7499084472656,0.04865281195824519,0.45602414605659997
2019-11-18,8549.9404296875,0.17279508938148064,0.45872470230556645
2019-11-19,283.6680603027344,-0.07066360538071709,0.07917273864884311
2019-11-19,8570.66015625,-0.13229124134942966,-0.14070064437968882
2019-11-20,8526.73046875,0.38169770947120396,-0.28069236830498245
2019-11-20,282.6131286621094,0.09325222678819371,-0.22096818878553579
2019-11-21,8506.2099609375,0.6765172893404333,-0.43948738637379325
2019-11-21,282.158447265625,0.786701583467925,-0.3834793598542897
2019-11-22,8519.8798828125,0.2111698929365283,-0.10553918905222617
2019-11-22,282.785888671875,0.008310361979605987,-0.32550092273639664
2019-11-25,8632.490234375,-0.3479108483973067,-0.5392535699976813
2019-11-25,284.9776306152344,-0.410819316364477,-0.3476870121309881
2019-11-26,285.6232604980469,-0.10717324176073964,-0.40399903290417327
2019-11-26,8647.9296875,-0.3702669943403194,-0.21217433842722064
2019-11-27,8705.1796875,0.7806239330035527,-0.38191292409269606
2019-11-27,286.896484375,0.7064064982629372,0.135463753225346
2019-11-29,285.8323974609375,-0.7711478784029999,-0.5393063806591238
2019-11-29,8665.4697265625,-0.7322113087676893,-0.09043363085789306
2019-12-02,283.4043273925781,-0.8504028870919798,-0.6170340924797851
2019-12-02,8567.990234375,0.45544766483339283,0.6630565810348417
2019-12-03,281.50372314453125,0.4833192612659518,-0.6208556250527956
2019-12-03,8520.6396484375,0.5049169554833943,0.23013316515947604
2019-12-04,8566.669921875,-0.20571761128832977,0.2701284348469266
2019-12-04,283.2407531738281,0.05623275341105733,-0.02203007575395247
2019-12-05,283.7499084472656,-0.5885320257010369,-0.7747693674455051
2019-12-05,8570.7001953125,-0.4000374280199089,0.1215914156649743
2019-12-06,286.3416442871094,-0.7094101400663706,-0.13998234162797743
2019-12-06,8656.5302734375,-0.6616405102361593,0.00021277401525299114
2019-12-09,285.44140625,0.07525851908457265,-0.3857804060467062
2019-12-09,8621.830078125,0.42118052742899703,0.33580566889079694
2019-12-10,8616.1796875,-0.26398561055741565,-0.21927811687411497
2019-12-10,285.12310791015625,-0.3772129926881317,-0.19075965437370343
2019-12-11,285.9324951171875,-0.24474565279309649,0.11996837795395877
2019-12-11,8654.0498046875,0.3636200706861409,0.3300896567896109
2019-12-12,8717.3203125,1.1571456682539327,-0.7697542819884546
2019-12-12,288.3968811035156,-1.265887463721946,-0.4072636127682541
2019-12-13,288.5697326660156,-0.6884537606405019,0.08201821406669017
2019-12-13,8734.8798828125,0.6149101808378024,0.09472211050496211
2019-12-16,8814.23046875,0.8013628523463957,0.09091987179263969
2019-12-16,290.5522155761719,-0.35817896571917834,0.17040678627700467
2019-12-17,290.6158447265625,-0.42132297502906996,0.030447788105750617
2019-12-17,8823.3603515625,-0.9283039288180225,0.024232984814148498
2019-12-18,290.6340026855469,0.2781343911810381,-0.41337447518964443
2019-12-18,8827.740234375,-0.31234488972646973,0.03761795911507505
2019-12-19,291.8253479003906,0.13153851369895744,0.3728946323688052
2019-12-19,8887.2197265625,-0.13408291006544856,0.12471218888046703
2019-12-20,293.1048278808594,-0.414399101007732,0.26178882652911484
2019-12-20,8924.9599609375,0.032840184725547915,0.055091700041500685
2019-12-23,293.552490234375,0.19703652257772158,-0.25814479671626056
2019-12-23,8945.650390625,-0.5536385150481663,-0.19690198977540668
2019-12-24,293.5616760253906,0.19284686917833782,0.24774959854632475
2019-12-24,8952.8798828125,0.8159098771289117,0.0009789564696272204
2019-12-26,295.1243591308594,0.8632376187145222,0.26591830407617584
2019-12-26,9022.3896484375,0.7200446348244279,0.4719534538130635
2019-12-27,295.0513000488281,-0.2742485150445203,0.16609006261369924
2019-12-27,9006.6201171875,0.24652959044228198,0.3535968535579032
2019-12-30,293.4246520996094,0.07414534958717815,0.2428563151751922
2019-12-30,8945.990234375,0.28947264706012454,0.45310159137230316
2019-12-31,294.1374206542969,0.5315617800016156,0.10211625373229614
2019-12-31,8972.599609375,-0.1720650633739567,0.2616725753520774
2020-01-02,296.88824462890625,1.2554558600553478,0.26049271805748486
2020-01-02,9092.1904296875,-0.2714865422399302,0.19288248049361048
2020-01-03,9020.76953125,0.150476643671771,-0.008791886934903799
2020-01-03,294.64013671875,-0.5482471516830738,-0.23549208757152656
2020-01-06,9071.4697265625,-0.0589745619631853,0.02363666005954278
2020-01-06,295.7641906738281,-0.029896949745705507,0.1750887220347339
2020-01-07,9068.580078125,-0.007816044247968123,0.13573468514558362
2020-01-07,294.9325256347656,0.12754604100900188,0.16925242851695732
2020-01-08,9129.240234375,0.16801885620402535,0.29987566353477496
2020-01-08,296.5043029785156,0.04308843766469349,0.14847773640881748
2020-01-09,9203.4296875,0.16640856435246035,0.2905074774055009
2020-01-09,298.5148620605469,-0.1447681659651184,0.07187953106568684
2020-01-10,9178.8603515625,0.1002715110271623,0.05382666829566386
2020-01-10,297.6557922363281,0.25086525519674685,-0.013802428557630636
2020-01-13,9273.9296875,-0.3352958334475123,0.17715746193982623
2020-01-13,299.702880859375,0.1831484268224697,0.029632122813975526
2020-01-14,299.2459411621094,0.7926677920010284,-0.18470797743209913
2020-01-14,9251.330078125,0.14837298066983504,-0.08244264259181824
2020-01-15,299.9222106933594,0.24248828816855195,-0.13690798887420064
2020-01-15,9258.7001953125,-0.05788718544080587,-0.2750517191208238
2020-01-16,302.4170227050781,-0.007337782861804523,0.30313489483488903
2020-01-16,9357.1298828125,0.45862533868617467,0.3278960279119999
2020-01-17,303.3583679199219,0.15191268762089744,0.33115761529176424
2020-01-17,9388.9404296875,0.6392124423738494,0.4609661443751162
2020-01-21,302.76434326171875,1.4224962102475271,0.03603410533367979
2020-01-21,9370.8095703125,1.406443874598486,0.20984369361402783
2020-01-22,302.8008728027344,2.209930261986388,0.0031215926952682244
2020-01-22,9383.76953125,1.687924117834688,-0.027302000649805175
2020-01-23,303.148193359375,2.581347287494123,-0.17332998006372694
2020-01-23,9402.48046875,3.092145691810045,-0.03344698334542458
2020-01-24,300.4523010253906,3.5780489214652715,-0.2766745123719897
2020-01-24,9314.91015625,2.959141881463093,-0.18969681943390848
2020-01-27,295.6361999511719,6.917673835270277,-1.197639848497903
2020-01-27,9139.3095703125,7.185019294360543,-0.19458928114931476
2020-01-28,9269.6796875,8.79171120790851,-0.3563599348374925
2020-01-28,298.73419189453125,8.985582922575418,-0.20049417317068524
2020-01-29,9275.16015625,11.07594712987058,-0.19033847840698656
2020-01-29,298.48748779296875,11.238732089575523,0.20430556203533431
2020-01-30,9298.9296875,13.358412246168085,0.09411116007422474
2020-01-30,299.45611572265625,13.352156964029975,0.3676760377148664
2020-01-31,9150.9404296875,16.30292241296459,0.23704283308584606
2020-01-31,294.0186462402344,16.439004265551958,-0.10217124725868057
2020-02-03,9273.400390625,27.681840614584374,-0.8006069363221517
2020-02-03,296.2027282714844,27.72075787358956,0.3470180457386193
2020-02-04,300.71728515625,31.861494322765264,0.7072586816470542
2020-02-04,9467.9697265625,32.52193939100301,-0.06178433120953032
2020-02-05,304.1900329589844,37.62398246421486,0.2321436022043549
2020-02-05,9508.6796875,37.3938660650483,0.48665565563268737
2020-02-06,305.2135009765625,42.767849598581904,0.6880993032534969
2020-02-06,9572.150390625,43.18312860232993,0.9011972686236774
2020-02-07,9520.509765625,48.641133100192185,0.06087624892066222
2020-02-07,303.5868530273437,48.37777286938064,0.2790889729523572
2020-02-10,9628.3896484375,66.50567774818641,0.21508525699283973
2020-02-10,305.853271484375,66.97588588857036,0.1192293679299345
2020-02-11,9638.9404296875,72.58215885379363,-0.016715568009977838
2020-02-11,306.3832397460937,72.5629677645682,-0.28083997026458457
2020-02-12,308.35723876953125,78.3830124105726,0.14881100563192376
2020-02-12,9725.9599609375,78.04857677266129,0.08988458020656125
2020-02-13,9711.9697265625,83.4839948877204,-0.13429433697846613
2020-02-13,308.0282287597656,83.49003649090574,0.04242115455062496
2020-02-14,308.5217590332031,88.21478792023942,0.12040564670625792
2020-02-14,9731.1796875,88.1584951441392,0.09210443411411279
2020-02-18,9732.740234375,99.52958111978081,0.20061166558503665
2020-02-18,307.7266540527344,99.45272633586288,0.2416769226875779
2020-02-19,309.19793701171875,100.01826694950988,0.5640862805722652
2020-02-19,9817.1796875,99.88811987776566,0.26643201318391085
2020-02-20,307.927734375,2.8407406058730107,0.05697955373694938
2020-02-20,9750.9697265625,0.5541901025601146,1.2535386329166727
2020-02-21,304.7565612792969,-1.4629265005640912,0.7806035013637932
2020-02-21,9576.58984375,-2.234469448967439,0.6588009151680358
2020-02-24,294.6492004394531,-1.744159467251099,1.8995612560257173
2020-02-24,9221.2802734375,2.281152353744948,1.9989861968377305
2020-02-25,285.720703125,0.17630507787577906,2.685027572686328
2020-02-25,8965.6103515625,1.827450709441956,2.6093553858694176
2020-02-26,8980.7802734375,0.14516997368132695,3.330023321313484
2020-02-26,284.6697082519531,-0.15429327383337238,3.5945682511612085
2020-02-27,271.884765625,-0.5758680457574211,4.1818441486398985
2020-02-27,8566.48046875,0.15537310170261626,4.5327337589198695
2020-02-28,270.74249267578125,-0.7323545627782563,5.642548328851885
2020-02-28,8567.3701171875,0.3256833137338984,5.536367084606753
2020-03-02,8952.169921875,-0.006129577530088404,11.04671499825472
2020-03-02,282.4673156738281,-0.4417021157327368,10.992799786901525
2020-03-03,8684.08984375,0.08692351333940528,13.614079398064922
2020-03-03,274.3796081542969,0.7471877514888613,13.447250288317502
2020-03-04,9018.08984375,-0.5439210799240751,16.292690519183008
2020-03-04,285.9127197265625,0.12792429572903233,16.60295732419879
2020-03-05,8738.58984375,-0.12644061735933906,19.856222850566464
2020-03-05,276.4083557128906,0.08558926981021997,20.009302799090744
2020-03-06,271.8391418457031,-0.4061102943070445,23.264602518259668
2020-03-06,8575.6201171875,0.06885804672313602,23.876481206929355
2020-03-09,250.60989379882807,-0.19620598048606366,37.49159530875003
2020-03-09,7950.68017578125,0.2545116181339987,37.41145560318769
2020-03-10,263.57769775390625,-0.044380743312994984,42.73782434720653
2020-03-10,8344.25,0.14467033551774902,43.044383794966684
2020-03-11,250.728759765625,0.16197303249492048,48.76107345519232
2020-03-11,7952.0498046875,0.2062815970638975,48.56284060293334
2020-03-12,7201.7998046875,-0.41135236866061303,54.53810816572868
2020-03-12,226.7397308349609,0.17199816343609767,54.88100217218194
2020-03-13,246.1228485107422,-0.1937975871596437,60.59816421590674
2020-03-13,7874.8798828125,-0.16089906332414086,60.60817006137
2020-03-16,6904.58984375,-0.2785950897402759,78.28260119915453
2020-03-16,219.19114685058597,-0.06514593532714862,78.20833762675831
2020-03-17,7334.77978515625,0.26595193296196457,83.4526147749271
2020-03-17,231.02574157714844,-0.0929936254687022,83.5757391432095
2020-03-18,6989.83984375,0.24105983338711173,88.15580583677487
2020-03-18,219.3282623291016,-0.05262831596793975,88.23462080714076
2020-03-19,219.7943115234375,0.029619221343908545,92.29727788258873
2020-03-19,7150.580078125,-0.5425368179062126,92.29998504112903
2020-03-20,6879.52001953125,0.26181627199839236,95.53715184937019
2020-03-20,210.32244873046875,-0.1165987497061057,95.6055226806764
2020-03-23,6860.669921875,-0.20753008612963286,99.8282893587121
2020-03-23,204.9448699951172,0.3949759150442929,99.93102670550883
2020-03-24,7417.85986328125,-0.159140272792689,3.0161367549447378
2020-03-24,223.5135498046875,0.418419545643323,1.3503209222901402
2020-03-25,226.85960388183597,-0.15867773083235256,-0.1396905616600315
2020-03-25,7384.2998046875,0.14282018387366388,1.133090645690736
2020-03-26,240.1058807373047,0.13791670589614496,-0.32727131435967044
2020-03-26,7797.5400390625,-0.617036845794574,-0.9470097502738051
2020-03-27,232.95416259765625,-0.24668254897763464,-1.5915631467250453
2020-03-27,7502.3798828125,-0.12773547222133172,0.9003711731179991
2020-03-30,7774.14990234375,0.19632586393644239,0.18144583741229403
2020-03-30,240.51956176757807,-0.4893610033834422,0.7715140823667591
2020-03-31,236.9344787597656,-0.6938121840238965,-0.04323962086790408
2020-03-31,7700.10009765625,0.6551380261496483,-0.6305251014684998
2020-04-01,7360.580078125,0.190984908527435,1.1704005369187893
2020-04-01,226.2712860107422,0.24045573944318083,-2.0963192107583346
2020-04-02,7487.31005859375,-0.5613415292899374,1.2107487191936888
2020-04-02,231.4925537109375,0.20864371610928592,0.09090728628332685
2020-04-03,7373.080078125,0.06835556492524934,-0.38190145598111563
2020-04-03,228.14651489257807,-0.07264189077690046,0.568493827881251
2020-04-06,7913.240234375,-0.47535471813851027,-0.9880436041277274
2020-04-06,243.47021484375,-0.391092831614582,0.3581299878885015
2020-04-07,7887.259765625,0.11252299426217556,0.671476532940098
2020-04-07,243.7184295654297,0.20518004874679222,-1.3104527134720996
2020-04-08,8090.89990234375,-0.23404572155989167,-0.1433180630721374
2020-04-08,251.8997039794922,-0.0631472121037088,0.3399463518428004
2020-04-09,8153.580078125,0.06719903775268048,-0.0018294738430567796
2020-04-09,255.73306274414065,-0.04640175379868665,-1.1426791245937007
2020-04-13,8192.419921875,0.21529304558860093,0.14652940998401587
2020-04-13,253.3981170654297,-0.08340118002890357,0.6890783592248795
2020-04-14,8515.740234375,-0.3212304473036506,0.23871584918953193
2020-04-14,260.8715209960937,-0.03756959967269247,-0.6115276212786912
2020-04-15,8393.1796875,-0.41770937717424317,0.5529632437472796
2020-04-15,255.3285217285156,0.2594017557461303,-0.10130931452632229
2020-04-16,256.5603332519531,0.6247463020285455,-0.3018749917486455
2020-04-16,8532.3603515625,-0.03508513702897734,0.5980746890802148
2020-04-17,263.4913635253906,-0.16904165843714122,0.26020216543945346
2020-04-17,8650.1396484375,-0.4639626230914042,-0.44757639464005433
2020-04-20,258.8492431640625,-0.18424366926859578,-0.06808976773556105
2020-04-20,8560.73046875,-0.07185491675115481,-0.29257660640134636
2020-04-21,250.98968505859372,-0.4363768434550137,-0.17716542575425456
2020-04-21,8263.23046875,-0.36116132654383715,1.3379012018250014
2020-04-22,256.5603332519531,0.26553366243317345,-1.3862283817081078
2020-04-22,8495.3798828125,0.0439172701893993,0.3645987754335288
2020-04-23,256.5419311523437,-0.30157927223121767,0.1574148616125578
2020-04-23,8494.75,-0.25224466893259956,0.03202151354083383
2020-04-24,260.1177673339844,0.11970459707780938,0.7157177006163155
2020-04-24,8634.51953125,-0.0903542243697404,-0.06992720876684355
2020-04-27,263.8681945800781,0.01641847496647331,0.09196840558710528
2020-04-27,8730.16015625,0.211284573526986,-0.008043467159825294
2020-04-28,262.6548767089844,0.07140767859999221,-0.6506409210637889
2020-04-28,8607.73046875,0.20241174900328687,-0.10728991906467374
2020-04-29,269.5307312011719,-0.5464461279327079,0.8368931820173721
2020-04-29,8914.7099609375,-0.826941983556771,-0.8322766311451724
2020-04-30,267.021240234375,0.24716585913161754,-0.45146745188441617
2020-04-30,8889.5498046875,0.02395540916536042,-0.7965935238681456
2020-05-01,259.9522705078125,0.005029562545471617,0.080287791574272
2020-05-01,8604.9501953125,-0.3277691453011944,-0.2852982209326203
2020-05-04,260.6692810058594,0.320596990214064,0.01642148688274317
2020-05-04,8710.7099609375,0.06682299718321309,0.45801300191198085
2020-05-05,263.0777282714844,0.4491757297460408,0.816369311942394
2020-05-05,8809.1201171875,0.27585793632307476,-0.4595036494760032
2020-05-06,261.2943725585937,0.3070781373456916,-0.3745076573831657
2020-05-06,8854.3896484375,0.29369932307325514,-0.376688027842538
2020-05-07,264.4474182128906,0.06805604697756278,0.06177909027270141
2020-05-07,8979.66015625,0.23820710551671667,0.03826328139094085
2020-05-08,9121.3203125,-0.17832282974797914,-0.28042895713305804
2020-05-08,268.8229064941406,0.19233104701674505,0.29636589729440826
2020-05-11,268.8780822753906,0.902584606906697,-0.054275034289948225
2020-05-11,9192.33984375,1.2341451083362402,0.2811933181105423
2020-05-12,263.5190124511719,-0.40483071712409124,-0.20399257138655547
2020-05-12,9002.5498046875,0.14066771216591908,-0.23241205089991426
2020-05-13,258.8584289550781,0.28927773017696046,-0.217689158123436
2020-05-13,8863.169921875,-0.14930751043275187,0.8711493200581399
2020-05-14,261.95623779296875,-0.48472094367350865,0.6560793520870926
2020-05-14,8943.7197265625,0.109701191377372,-0.3544672097614849
2020-05-15,263.160400390625,-0.12263492276600609,-0.23231164858754208
2020-05-15,9014.5595703125,-0.27037998305940997,-0.30464551637746756
2020-05-18,271.1761779785156,-0.2795904667743684,0.2634813128614426
2020-05-18,9234.830078125,-0.21489445407745594,-0.5147767050887725
2020-05-19,268.39093017578125,0.2884882106002715,0.2530502399985314
2020-05-19,9185.099609375,-0.026323402758531532,0.00437225546661073
2020-05-20,9375.7802734375,-0.4647807507821904,-0.16398813639366583
2020-05-20,272.95037841796875,-0.6446982932517219,0.23061842665362575
2020-05-21,271.0658874511719,0.32959917915184217,0.7560643045471771
2020-05-21,9284.8798828125,-0.0300892967893895,0.7288742378506483
2020-05-22,271.58074951171875,0.16736796465237774,-1.1313999338165166
2020-05-22,9324.58984375,-0.851181312915659,0.8511900216261398
2020-05-26,274.9267578125,0.053796095315129716,0.07134824822674467
2020-05-26,9340.2197265625,-0.1981298440094492,-0.24651227141035123
2020-05-27,9412.3603515625,-0.26531581155373885,-0.3272350986732119
2020-05-27,279.017333984375,-0.15502057769945826,0.19275753179839433
2020-05-28,9368.990234375,-0.29882643679299264,0.106945604726684
2020-05-28,278.5026550292969,0.514675523879597,0.19433377146517922
2020-05-29,279.7435913085937,0.1430660492022174,-0.3312035538541299
2020-05-29,9489.8701171875,0.2135971544162644,-0.0721274503938796
2020-06-01,280.8742370605469,-0.1655785867058464,0.16665844887557218
2020-06-01,9552.0498046875,-0.15633250455268569,0.3536430371526099
2020-06-02,283.1998596191406,0.11037140407739139,0.2670367425152573
2020-06-02,9608.3798828125,0.21132277115807843,0.11518133248131728
2020-06-03,286.96881103515625,0.14333430472573394,-0.2689709433940548
2020-06-03,9682.91015625,-0.38172746908405525,-0.2849974916209839
2020-06-04,286.2149658203125,-0.19834475233429624,-0.11792099946077178
2020-06-04,9615.8095703125,-1.0015835859717928,0.20549367893404635
2020-06-05,293.55059814453125,-0.33130266525190394,-0.09399451948276398
2020-06-05,9814.080078125,-0.9062192981383366,0.06187570974150888
2020-06-08,9924.75,1.2626206589878577,-0.16720005494323495
2020-06-08,297.0988464355469,-1.0504045750203457,-0.05377549581619842
2020-06-09,294.8834533691406,0.495352571558938,-0.14513999289212517
2020-06-09,9953.75,0.32532176849986205,-0.3797291557157499
2020-06-10,293.238037109375,0.19827846032700738,-0.0907539455928037
2020-06-10,10020.349609375,0.26601034592962935,0.10778742918734949
2020-06-11,276.3331298828125,-0.03839621888840918,0.14253716870721891
2020-06-12,9588.8095703125,-0.20933081684940277,-0.5255348914824164
2020-06-12,279.6424865722656,0.10221057871716836,-0.19437116442734317
2020-06-15,282.2530212402344,0.2243358773647479,-0.0746396671755931
2020-06-15,9726.01953125,-0.48114925868891956,0.08906898874108254
2020-06-16,9895.8701171875,0.1751117038244605,-0.01824804540237645
2020-06-16,287.6856994628906,-0.021063375518716947,-0.1514383162514624
2020-06-17,9910.5302734375,0.0649239159500018,0.05778511937927821
2020-06-17,286.4907531738281,-0.4489430643272139,-0.14896138813329798
2020-06-18,9943.0498046875,0.27589768934229525,-0.670647634352849
2020-06-18,286.6011657714844,-0.8625047474062775,-0.11463778919161499
2020-06-19,284.96319580078125,1.4352713239140011,1.0666304364617871
2020-06-19,9946.1201171875,-0.06939884689100209,0.34915226818713613
2020-06-22,10056.48046875,0.7942298665383195,0.21162573531269743
2020-06-22,286.7913818359375,1.7318134673501675,0.2546452875042369
2020-06-23,10131.3701171875,0.06645233478595887,-0.38645854353855513
2020-06-23,288.1115417480469,-0.9144864852110839,-0.4301091213520209
2020-06-24,280.76220703125,-0.286062996107453,-0.17868916159204334
2020-06-24,9909.169921875,-0.6522771824609612,0.35181323671836817
2020-06-25,10017.0,-0.740328577918797,-0.059424774136480535
2020-06-25,283.772216796875,-0.20212803665940085,-0.08047642995044658
2020-06-26,277.0321655273437,-0.14266976853845,0.6027675359196693
2020-06-26,9757.2197265625,-1.0657573526078457,-1.3407849483198033
2020-06-29,281.10382080078125,0.20076312650739786,0.2250710285777172
2020-06-29,9874.150390625,0.03339811288696336,-0.1375419093199866
2020-06-30,10058.76953125,0.1774599913393987,1.4556024163598729
2020-06-30,284.7046203613281,0.021965093747218795,-1.155808239070522
2020-07-01,286.698974609375,0.13830788396650126,1.3981112599918482
2020-07-01,10154.6298828125,0.06037992817606123,1.3903604272724934
2020-07-02,10207.6298828125,-0.455978610149086,0.2094622052037739
2020-07-02,288.27783203125,-0.47798354785169433,1.120510594395885
2020-07-06,10433.650390625,-0.008090002360479888,0.1059777206217509
2020-07-06,292.72802734375,0.31423041133088364,-0.030571565680672777
2020-07-07,10343.8896484375,0.3124391777381569,-0.12576387797129818
2020-07-07,289.7088928222656,0.471954895849662,-0.9387041609892978
2020-07-08,291.9248352050781,0.510701839979092,0.6500345934420982
2020-07-08,10492.5,-0.7346344267909306,-0.7938374059545578
2020-07-09,10547.75,-1.4114872897626145,-0.3965721714630244
2020-07-09,290.26287841796875,0.17733161146941243,-0.36809665291728216
2020-07-10,293.22662353515625,-0.43484492018284393,-0.35914753781985886
2020-07-10,10617.4404296875,1.5440747978589855,-0.49344995031990985
2020-07-13,10390.83984375,-0.026150741615568063,0.11733099199606074
2020-07-13,290.6875305175781,-0.011640135316783486,-0.47784813982327107
2020-07-14,10488.580078125,0.5811859457757527,1.2765702213582073
2020-07-14,294.4546203613281,0.018997073869342115,-0.5896010291277954
2020-07-15,297.1596984863281,0.610118746322784,-0.3377006203646103
2020-07-15,10550.490234375,-0.06692073107117752,-0.40853302990795076
2020-07-16,296.1810913085937,0.6949023391916578,-0.07225822578964504
2020-07-16,10473.830078125,-0.6735609293595602,-0.04732423640704166
2020-07-17,10503.1904296875,1.1772512621441689,0.9093022891925762
2020-07-17,297.03973388671875,-0.4844670023466509,1.9754407459609986
2020-07-20,299.4403686523437,0.22865305202360597,-0.5980409105623359
2020-07-20,10767.08984375,-0.08685243552589625,-0.11976973357385538
2020-07-21,300.07745361328125,0.06080348664373025,-0.3684651479401886
2020-07-21,10680.3603515625,0.27522800296955596,0.5286244432547678
2020-07-22,301.7854309082031,-0.31584939077211616,-0.2322084133072113
2020-07-22,10706.1298828125,-0.05154049113840339,-0.3949843585510696
2020-07-23,10461.419921875,-0.043008768041083306,0.25476259623976966
2020-07-23,298.18463134765625,-0.08952072025318292,-0.800619932393598
2020-07-24,296.26422119140625,0.14030522126369782,0.036378256775505824
2020-07-24,10363.1796875,-0.002389885054434528,0.864034762037191
2020-07-27,298.4247131347656,0.09052562618173231,1.1457176667131355
2020-07-27,10536.26953125,0.030389331055411528,-1.1978628557241389
2020-07-28,296.5319519042969,0.053320691732338645,-1.0155635314277454
2020-07-28,10402.08984375,0.03904610151856491,-0.20567647741923065
2020-07-29,10542.9404296875,0.13509974465678629,1.6820857455463736
2020-07-29,300.1789245605469,0.1384002778759805,0.35256620533547506
2020-07-30,299.10797119140625,0.477293074721044,0.3039047562036249
2020-07-30,10587.8095703125,0.5744883746759566,-0.865717770589519
2020-07-31,301.4714660644531,0.1416027679947013,-1.0828426963863689
2020-07-31,10745.26953125,0.3501685674639274,0.1627972750693149
2020-08-03,303.5674743652344,1.4361877706192108,-0.1740815168328478
2020-08-03,10902.7998046875,0.5150444297651869,-0.3435840843646136
2020-08-04,304.739990234375,1.055142450984039,-0.3972240304684709
2020-08-04,10941.169921875,2.211575273060659,0.10275223041731357
2020-08-05,306.6327514648437,2.366950072442658,0.37940190118137374
2020-08-05,10998.400390625,2.1382592500055053,0.2726768946181275
2020-08-06,308.6824035644531,2.2011503464513593,-0.6341761913034626
2020-08-06,11108.0703125,2.5710464639570136,-0.07198946581173611
2020-08-07,308.9040222167969,3.4792781809403954,-0.1988836020972705
2020-08-07,11010.98046875,3.522469661776037,-0.18417302520602954
2020-08-10,10968.3603515625,6.934181409459209,-0.006540209181677418
2020-08-10,309.8273010253906,7.212595826822001,-0.43682236949774894
2020-08-11,10782.8203125,8.825129103637057,-0.4435548901172344
2020-08-11,307.2696838378906,8.910501010948009,0.3808266425259722
2020-08-12,11012.240234375,11.123718930677665,0.12211809380192125
2020-08-12,311.55377197265625,11.126041367360825,0.11215635780829121
2020-08-13,11042.5,13.449901547469231,-0.03363190438095892
2020-08-13,310.9906311035156,13.357314526626702,0.005657535139094287
2020-08-14,310.9998779296875,16.474590180016698,0.06728076880154857
2020-08-14,11019.2998046875,16.688354928438134,0.09687632735716271
2020-08-17,11129.73046875,28.273820120370413,0.2945813229955646
2020-08-17,311.98779296875,27.878531602073316,0.20934578439263718
2020-08-18,11210.83984375,32.277364150820624,0.03659754709019695
2020-08-18,312.6617736816406,31.929597517405057,0.21479108203723937
2020-08-19,11146.4599609375,38.383745059935016,-0.05042305598149768
2020-08-19,311.3599548339844,37.3176101596635,0.5675168224082491
2020-08-20,11264.9501953125,42.7563954586435,0.23953603850655025
2020-08-20,312.3294372558594,42.542329110595105,-0.29077162880943
2020-08-21,11311.7998046875,48.49667905138432,2.0704168309757653
2020-08-21,313.4373779296875,48.64884522678009,-0.058639513238818636
2020-08-24,11379.7197265625,66.64468636876646,0.8110369143515858
2020-08-24,316.6134033203125,66.90018882153103,1.230203004837689
2020-08-25,11466.4697265625,72.51012405833877,1.3317501814282886
2020-08-25,317.7213439941406,72.75997586540497,1.6299087835831547
2020-08-26,11665.0595703125,78.0287158014675,2.0525211372347956
2020-08-26,320.9067077636719,78.26086346580493,1.8291228316081158
2020-08-27,11625.33984375,83.55481953504236,2.4672103163393166
2020-08-27,321.6083984375,83.54517874877449,2.8292951217900164
2020-08-28,11695.6298828125,88.06550719305066,3.1954736774622767
2020-08-28,323.685791015625,88.3538288655603,3.3052891709824954
2020-08-31,11775.4599609375,97.93983307947003,7.926751617829354
2020-08-31,322.5133056640625,98.02749147582992,6.349780946206328
2020-09-01,11939.669921875,99.54512402805896,8.656728280366016
2020-09-01,325.55078125,99.33567272748077,9.181854658365054
2020-09-02,12056.4404296875,99.85723412404872,10.873099771821794
2020-09-02,330.2596435546875,100.14481589481014,10.814597010299922
2020-09-03,11458.099609375,2.9751235736659325,13.51584786533723
2020-09-03,318.8939819335937,1.5682029221765919,13.564733918467928
2020-09-04,11313.1298828125,0.6502681808174178,16.375177256228735
2020-09-04,316.290283203125,0.5729530117165195,16.71404809537547
2020-09-08,10847.6904296875,0.22549303762879827,32.38255235140287
2020-09-08,307.6483764648437,0.256509434388985,32.32491925488058
2020-09-09,11141.5595703125,0.21516055645923968,37.77703323914119
2020-09-09,313.7236022949219,0.4613426524492419,37.543917271017946
2020-09-10,10919.58984375,-1.0378380517324892,42.87357390588903
2020-09-10,308.27618408203125,-0.9131373708539028,42.91714788573299
2020-09-11,10853.5498046875,1.0733453081764173,48.52992891517348
2020-09-11,308.4330749511719,1.8419951416187275,48.952068206998874
2020-09-14,312.4955444335937,-0.2675762811438311,66.89146545380835
2020-09-14,11056.650390625,-1.1942643154699133,66.46894352429989
2020-09-15,11190.3203125,-0.8656061781152861,72.68904418334286
2020-09-15,314.0744323730469,0.36433232100519664,72.53951375307622
2020-09-16,11050.4697265625,-1.740313215808507,78.29835870154615
2020-09-16,312.8280334472656,-1.437039693847398,78.18518810042035
2020-09-17,10910.2802734375,-0.721029889865405,83.5120206238315
2020-09-17,310.0765380859375,-0.8976514247146974,83.16808789148875
2020-09-18,306.5067749023437,6.077731727575011,88.23493394137458
2020-09-18,10793.2802734375,-1.825691068000573,88.29156684433339
2020-09-21,303.09552001953125,0.36198307306302535,97.70418527686122
2020-09-21,10778.7998046875,-0.12622053780068135,98.26209670398369
2020-09-22,306.1823425292969,-1.2825175546152978,99.23538176983666
2020-09-22,10963.6396484375,-0.027602727283817016,99.38375711088138
2020-09-23,299.0816650390625,-0.7377244682866287,99.92929291473203
2020-09-23,10632.990234375,0.4804770111847451,99.49500021430372
2020-09-24,299.8788146972656,-0.9423119497453984,6.139627236644357
2020-09-24,10672.26953125,0.8314806708826228,3.4648435388362677
2020-09-25,304.7269897460937,1.7924401946861341,3.837447644723838
2020-09-25,10913.5595703125,-0.28238458877587524,-0.07784224334245968
2020-09-28,309.7882995605469,-0.007160425303797395,-1.8170140918937066
2020-09-28,11117.5302734375,-0.14322202227998632,2.3476748669686964
2020-09-29,11085.25,-0.6377507587568845,-3.0374541186854143
2020-09-29,308.1011962890625,-0.49301339566975416,-1.3630493024652743
2020-09-30,11167.509765625,0.21992900524257578,3.16981795770117
2020-09-30,310.4372253417969,-0.2587859650580751,0.9407372508258278
2020-10-01,312.4301452636719,0.7071012519356353,0.8425867538365196
2020-10-01,11326.509765625,-0.4672771467330554,1.1914255039809816
2020-10-02,309.4638366699219,-0.1915784053321667,-1.0244647279950898
2020-10-02,11075.01953125,-0.25934523155837097,-1.0088065890400382
2020-10-05,314.9515380859375,0.11281593362326126,-0.9623913554110513
2020-10-05,11332.490234375,0.35743784871099754,-0.8824004636154179
2020-10-06,11154.599609375,-1.1512220939782754,-0.30455938481098604
2020-10-06,310.4742736816406,-0.6101393762078254,-1.4411146640267245
2020-10-07,11364.599609375,3.8189165143533335,1.3424544952885238
2020-10-07,315.87860107421875,-2.03489215266755,-0.6597554971813183
2020-10-08,318.6781005859375,1.5912706112476462,0.06788527654811534
2020-10-08,11420.98046875,0.7698200124833143,-0.255991052640915
2020-10-09,321.5238647460937,-1.2120617778798997,-0.2413507675621128
2020-10-09,11579.9404296875,-1.079976674885546,0.07670599657559933
2020-10-12,11876.259765625,0.1533923360109408,0.759676682677695
2020-10-12,326.6965637207031,0.41763372681390953,0.41395268455338474
2020-10-13,324.5643615722656,0.037851530863239356,0.8510413688509074
2020-10-13,11863.900390625,0.34763186261207546,-2.9697790467138017
2020-10-14,322.5251159667969,0.017008627060055886,0.9966946794544709
2020-10-14,11768.73046875,0.5038132272437698,-1.9544295556132452
2020-10-15,322.1264343261719,-0.06625777819673778,0.5710877548867012
2020-10-15,11713.8701171875,0.14051916845410511,1.4729407943130146
2020-10-16,11671.5595703125,-0.5211518309942283,0.28243189616508363
2020-10-16,321.9317626953125,-0.09322879347332569,-0.5532827713122055
2020-10-19,11478.8798828125,-0.12558039446827637,0.11636929471946737
2020-10-19,317.0372314453125,-0.4411188857640038,-1.445054986530586
2020-10-20,318.3072509765625,-0.5427445404825334,-0.34449593754498825
2020-10-20,11516.490234375,-0.03349643443590948,-0.606322975505229
2020-10-21,11484.6904296875,0.09869294011325129,0.10474276941203736
2020-10-21,317.7046813964844,0.6453619272101345,0.2478570164189319
2020-10-22,319.4474182128906,0.388240686097462,0.07801961336987176
2020-10-22,11506.009765625,0.794181194404166,0.19067750261129185
2020-10-23,320.53204345703125,-0.35284144463303185,0.030639927727370904
2020-10-23,11548.2802734375,-0.6845569405232643,-0.23145609857300573
2020-10-26,314.6086120605469,-0.2555286861520879,0.27981032981326937
2020-10-26,11358.9404296875,0.376147999134601,-0.17006075834297887
2020-10-27,313.5240173339844,-0.4833667755571585,0.3195485155698243
2020-10-27,11431.349609375,-0.06423097396682015,0.24717245116403028
2020-10-28,302.8081359863281,-1.2218853398857268,-0.3713669859201962
2020-10-28,11004.8701171875,-0.16432173040206732,-0.6766399735601204
2020-10-29,305.8856506347656,0.35213741802326665,0.5515390273444437
2020-10-29,11185.58984375,0.10915602403730784,0.596627278068385
2020-10-30,302.6969299316406,0.4364113504143094,-0.5008697276996528
2020-10-30,10911.58984375,-1.0310437573093232,0.6599311296669529
2020-11-02,306.0896301269531,-0.11513094417131026,0.6120087925521649
2020-11-02,10957.6103515625,-0.6309757407115197,-0.4551599729840595
2020-11-03,311.4939270019531,-0.3621135758131434,0.6267952421242253
2020-11-03,11160.5703125,0.29498552456897165,0.12214024475173312
2020-11-04,318.4556579589844,0.3920388908087005,-0.6261165482320531
2020-11-04,11590.7802734375,0.7062956332674217,0.0024129041286801486
2020-11-05,324.66632080078125,0.452278573139996,0.03629467978578019
2020-11-05,11890.9296875,-0.06224806302020578,-1.8072641838757646
2020-11-06,11895.23046875,-0.6248183772148158,-0.2001461854964945
2020-11-06,324.5922241210937,-0.1754965415736397,0.4716166676898501
2020-11-09,328.67095947265625,0.5234643851474753,-0.3163952745625219
2020-11-09,11713.7802734375,0.0073716909596688715,0.17681075103991464
2020-11-10,328.1889343261719,0.07786126687601057,-0.11093124310772802
2020-11-10,11553.8603515625,0.14574612755045763,0.6125787792124691
2020-11-11,330.6269226074219,-0.04432473041697736,-0.20729439282333118
2020-11-11,11786.4296875,-0.003953621708672663,0.4286785674719664
2020-11-12,327.4194641113281,-0.46856371748779296,-1.8256505622768673
2020-11-12,11709.58984375,-0.5238541368928165,1.570923782207483
2020-11-13,331.95245361328125,-0.030657543879448478,0.41957092788841693
2020-11-13,11829.2900390625,0.19712402909313778,0.5046749135022162
2020-11-16,11924.1298828125,0.14994007392175324,-0.014381457028561497
2020-11-16,336.0960388183594,0.22783431256434158,0.4976068616263417
2020-11-17,11899.33984375,-0.22617470994992145,-0.20858220641841269
2020-11-17,334.2884216308594,-0.00047157891299362314,-0.05397327470886357
2020-11-18,11801.599609375,0.1610556259589488,0.09014535781765991
2020-11-18,330.2653503417969,0.09429014335438606,1.0976366492216363
2020-11-19,11904.7099609375,0.07646263064297175,0.7534343283107945
2020-11-19,331.65582275390625,0.04914610788103775,0.7704803427932237
2020-11-20,11854.9697265625,0.23277971596953592,-0.5764648056479047
2020-11-20,329.3847351074219,0.15733641198079412,0.6698791098163162
2020-11-23,11880.6298828125,-0.38821037109505585,-0.805470687101105
2020-11-23,331.3591613769531,-0.22335780042906694,-0.8755725320004862
2020-11-24,12036.7900390625,-0.607176097492502,-0.050194609684145144
2020-11-24,336.6986389160156,-0.006142226350875997,-0.40608280072949876
2020-11-25,12094.400390625,-0.1329473568848153,-0.5112898525170644
2020-11-25,336.17950439453125,0.22228694605048716,0.7092903570010195
2020-11-27,12205.849609375,-0.27984464317546465,-0.349785654445735
2020-11-27,337.1157531738281,-0.2744885339020091,0.11048021521939466
2020-11-30,335.6232604980469,0.003082951271684186,0.6981124997768778
2020-11-30,12198.740234375,-0.29889663052495036,-0.5150774587938111
2020-12-01,339.2940979003906,-0.06175790466605857,-0.5503528526079292
2020-12-01,12355.1103515625,-0.7160158500341023,-0.06571679493267955
2020-12-02,340.0079345703125,0.12455311698220714,0.6257539556782458
2020-12-02,12349.3701171875,-0.12010861993991337,-0.0459640461055405
2020-12-03,339.9151916503906,0.12900765098969938,-0.10320677765645875
2020-12-03,12377.1796875,-0.05373776701262696,0.13476058771188437
2020-12-04,342.8445129394531,-0.3424514010528237,0.5987039160885824
2020-12-04,12464.23046875,0.7331941715363525,0.638535317650071
2020-12-07,342.1399230957031,-0.18118761200869896,-0.23421660504854594
2020-12-07,12519.9501953125,-0.05982385309319868,0.4802670835092714
2020-12-08,343.14111328125,1.7908819163801075,-0.6947292157524737
2020-12-08,12582.76953125,1.3524857004890107,-0.7268074108074261
2020-12-09,12338.9501953125,-0.43725602934087326,-0.10403298831403734
2020-12-09,340.0635986328125,0.1515769051958628,-0.6768885710920347
2020-12-10,12405.8095703125,1.1876586707852241,1.1465228551822109
2020-12-10,339.9523010253906,1.2539583328096184,-0.5635621839771191
2020-12-11,12377.8701171875,-0.15172928640887465,-0.09461889353236048
2020-12-11,339.5537109375,-0.29206677789615954,-0.27628855499908556
2020-12-14,12440.0400390625,-1.1800791862104187,-0.9054686079868008
2020-12-14,338.033447265625,-0.07370251206103007,0.5407411031081188
2020-12-15,12595.0595703125,-0.4886673829014077,1.701069092364241
2020-12-15,342.6034240722656,-0.09378522994493317,-0.2964576708869234
2020-12-16,12658.1904296875,1.1327042634508353,2.6405790795482567
2020-12-16,343.14111328125,-0.6851938392358946,-2.1196787000756685
2020-12-17,345.0599060058594,-0.522089863765834,-0.7932582517292663
2020-12-17,12764.75,-0.36385887511673143,-0.9848267615215948
2020-12-18,343.6821594238281,-0.6732427022443261,-0.6065947020916801
2020-12-18,12755.6396484375,0.41578344431844594,-0.6678504918888091
2020-12-21,12742.51953125,-0.31778542669955573,0.3003842942673546
2020-12-21,342.4533386230469,-0.4166380953710676,-0.36353460508795754
2020-12-22,12807.919921875,-1.022716066576755,-0.13290487533918752
2020-12-22,341.8761291503906,-0.27380790742894023,0.05597200600052046
2020-12-23,12771.1103515625,-0.5308867774284973,0.737117920396925
2020-12-23,342.183349609375,-0.18826019958777812,0.848918012265299
2020-12-24,343.5146179199219,0.43211724516312994,-0.6208084237253721
2020-12-24,12804.73046875,0.3471524648937364,0.4456408817616359
2020-12-28,12899.419921875,0.2913792939548611,-0.3242191073350551
2020-12-28,346.4656677246094,-0.012047145265010266,0.6636358124546666
2020-12-29,12850.2197265625,-0.0016510438753206643,-0.7334564233399304
2020-12-29,345.8046875,0.24012792280139084,-0.7386084159051418
2020-12-30,12870.0,-0.20344940462601285,-0.48566139445310497
2020-12-30,346.29815673828125,0.09264654481065328,0.24620726236238602
2020-12-31,348.0575561523437,0.012365259789172555,1.592663362329164
2020-12-31,12888.2802734375,-0.18461755534162425,-1.039343296804124
2021-01-04,343.3191833496094,0.2189759666600852,-0.3275614660205718
2021-01-04,12698.4501953125,-0.13584901740712305,0.6211217619417447
2021-01-05,345.6837158203125,0.13222384443594962,-0.23329608204723537
2021-01-05,12818.9599609375,-0.18525237977006162,1.07225241547898
2021-01-06,12740.7900390625,0.3211377064839216,-0.6352061684006911
2021-01-06,347.7503662109375,0.2824794925614057,-0.19164223011613338
2021-01-07,13067.48046875,0.1163556965135603,0.5592693180501348
2021-01-07,352.9170227050781,0.13197519127151114,0.49075556177904484
2021-01-08,354.9278259277344,0.172602962160457,-0.9675072884145018
2021-01-08,13201.98046875,0.1280029719368553,-0.09512144982219196
2021-01-11,13036.4296875,0.2944014394341946,2.9644076617551396
2021-01-11,352.5353698730469,0.6969263364710069,-0.46271278749938555
2021-01-12,352.6098327636719,0.5449134092406037,-0.38723502415433686
2021-01-12,13072.4296875,1.0905313924832365,-1.668032138306096
2021-01-13,13128.9501953125,1.3250119383385526,2.0194163442441435
2021-01-13,353.5594177246094,0.35949365047546417,-1.8389074938944916
2021-01-14,352.3212280273437,1.5255783090310007,0.9965288423967262
2021-01-14,13112.6396484375,1.6137637383251306,-1.656241792028191
2021-01-15,349.7519226074219,2.0007916924902416,-1.3796268774011342
2021-01-15,12998.5,2.3047779051932746,-1.6053915966540009
2021-01-19,352.498046875,6.070344907829494,0.8037214501174025
2021-01-19,13197.1796875,5.44951609777172,0.017007325731717468
2021-01-20,357.3762512207031,7.107531410637078,-0.20320003138456616
2021-01-20,13457.25,7.238035123646147,0.26660496946883194
2021-01-21,13530.91015625,8.864298010700596,1.4309622857947504
2021-01-21,357.7021179199219,9.122402091555434,-0.005599652724693327
2021-01-22,356.43603515625,10.92769678600018,-0.1015925129119034
2021-01-25,357.8416442871094,20.007853876011026,-0.6111440533887641
2021-01-25,13635.990234375,19.68606127932545,0.8906273296637529
2021-01-26,357.2830810546875,23.196953176934233,0.5538693591721676
2021-01-26,13626.0595703125,23.982793013302114,0.058177775014796436
2021-01-27,13270.599609375,27.856770531667824,0.12902140938990578
2021-01-27,348.55096435546875,27.803662162753092,0.0350220987596139
2021-01-28,351.5486145019531,32.459693780664516,0.08147744970621298
2021-01-28,13337.16015625,32.45809590654493,-0.212623287597325
2021-01-29,13070.6904296875,37.46083614061453,0.20176830612712066
2021-01-29,344.5107421875,37.6342211896691,-0.23018579660402408
2021-02-01,350.24530029296875,54.614215717059594,0.13111598172049177
2021-02-01,13403.3896484375,54.49066047213255,0.41414073643481875
2021-02-02,355.19781494140625,60.273457410025074,0.6068649853472501
2021-02-02,13612.7802734375,60.71430303309798,0.21107892983930404
2021-02-03,355.4770812988281,66.6809878269531,0.5005994615874035
2021-02-03,13610.5400390625,66.6634895232385,0.5171598085991613
2021-02-04,359.51739501953125,72.60535305686803,0.5701844351835402
2021-02-04,13777.740234375,72.80814452424117,0.8435713800187371
2021-02-05,13856.2998046875,78.37540185062603,0.961877017339184
2021-02-05,360.9324340820313,78.23566670376937,0.8749254038651526
2021-02-08,13987.6396484375,92.09317520151427,1.7829613761964824
2021-02-08,363.5390625,92.44942053759958,1.6086966221207943
2021-02-09,363.29693603515625,95.68850298503479,2.731582400701647
2021-02-09,14007.7001953125,95.49796215687655,2.637872650181858
2021-02-10,13972.5302734375,98.0036270276076,3.590050348840599
2021-02-10,363.1386413574219,97.93972613623025,3.399678280577652
2021-02-11,363.7252197265625,99.49302714168041,4.115850500084615
2021-02-11,14025.76953125,99.2211999271367,4.594808528445196
2021-02-12,14095.4697265625,99.96300445463739,5.395439914529663
2021-02-12,365.5218505859375,99.9203948615021,5.440301241249157
2021-02-16,365.2053527832031,-1.9535510465035564,13.497003025112733
2021-02-16,14047.5,3.2284457770351764,13.488701692161388
2021-02-17,365.2891845703125,3.8870450503918352,16.83489305278126
2021-02-18,13865.3603515625,-2.1604480222648244,19.907823646363923
2021-02-18,363.7344665527344,-2.658681391975036,19.92244289849732
2021-02-19,13874.4599609375,4.648219447329666,23.52995076379679
2021-02-19,363.0921630859375,0.12179296970679654,23.243844145525987
2021-02-22,360.2993469238281,-1.395859127642913,37.54575769758711
2021-02-22,13533.0498046875,0.5419337586010063,37.65231829386667
2021-02-23,360.7369079589844,-1.3255433648458042,42.941064851439236
2021-02-23,13465.2001953125,0.5193749973617916,42.90237345603679
2021-02-24,364.7119445800781,0.17735463207566987,48.634293928188974
2021-02-24,13597.9697265625,-0.8667721977642859,48.474990612757736
2021-02-25,13119.4296875,-0.6385374425437816,54.436123732235735
2021-02-25,355.9239501953125,0.8383781305206447,54.759215654621975
2021-02-26,13192.349609375,-1.1336964060054877,60.543417611402916
2021-02-26,354.09002685546875,0.7235259593261826,60.675214212828244
2021-03-01,13588.830078125,1.3320400569462834,78.10961208898973
2021-03-01,362.6731872558594,-0.9997524734054783,78.3157741314889
2021-03-02,13358.7900390625,0.694427652862325,83.43336752954411
2021-03-02,359.8431701660156,0.9756289354524973,83.27356571286407
2021-03-03,12997.75,-0.7670191538642526,88.17543351916362
2021-03-03,355.07684326171875,0.8142449559485219,88.2542528521012
2021-03-04,12723.4697265625,0.12309052318878243,92.29863689254805
2021-03-04,350.6828918457031,0.26037844171840585,92.09273410572138
2021-03-05,12920.150390625,0.6139179204155006,95.58111187233219
2021-03-05,357.1341857910156,1.0856941713300532,95.49662956995726
2021-03-08,12609.16015625,-1.1097470807907361,99.75247904977253
2021-03-08,355.3560791015625,-0.42571110950640495,99.75837421451094
2021-03-09,13073.8203125,-0.8781412561750986,16.11528912085026
2021-03-09,360.42974853515625,-0.5670599914436724,2.0277918516837286
2021-03-10,13068.830078125,-0.08785413426895393,-1.7357101463002926
2021-03-10,362.6731872558594,-0.10125239496641594,-2.425090806235369
2021-03-11,13398.669921875,0.6233698332993887,-0.22900799448090375
2021-03-11,366.3504333496094,0.4818043599087753,0.9325001383194806
2021-03-12,13319.8603515625,-0.45141573156538883,0.36717951027181034
2021-03-12,366.8437805175781,-1.5514829071937655,2.332225894751676
2021-03-15,13459.7099609375,-0.574136042500071,1.1353321934484075
2021-03-15,369.0315246582031,0.26210037437246914,2.489158687539198
2021-03-16,13471.5703125,0.09122027462493343,-0.1764768776558155
2021-03-16,368.5660400390625,-0.45802334343791273,0.6149064772910594
2021-03-17,13525.2001953125,0.2823672683904608,-0.9254489882941583
2021-03-17,369.8228149414063,-0.3839111664022059,-1.3369003995190758
2021-03-18,13116.169921875,-0.2643642213316213,-0.15066746218563862
2021-03-18,364.4420166015625,-0.612534720925971,0.24406339087902323
2021-03-19,13215.240234375,0.48334491450766887,-0.7912703381845687
2021-03-19,363.7676696777344,-0.45198052248794524,-1.3406574330423278
2021-03-22,13377.5400390625,0.574859242893542,-2.183713513665049
2021-03-22,366.6724243164063,0.054355468922064804,1.0470928172779792
2021-03-23,13227.7001953125,0.11774079035345118,-0.799558493241427
2021-03-23,363.7864074707031,0.14338147228273176,-0.1850880242541063
2021-03-24,361.9371643066406,0.723644380780737,0.3258219234213817
2021-03-24,12961.8896484375,-0.2989990796389124,-0.12014015773177374
2021-03-25,12977.6796875,0.05760393994331059,-1.2858874928914172
2021-03-25,363.9732055664063,-0.17196892695359572,0.5582228577475086
2021-03-26,13138.73046875,0.09321991307529566,0.6273197412274438
2021-03-26,369.8385620117188,0.16545400466936325,0.15162720018544565
2021-03-29,369.6518249511719,0.33439765215648576,1.0767508553374388
2021-03-29,13059.650390625,-0.22257444865505496,0.9454533805621237
2021-03-30,368.6710510253906,0.7174714756700695,-0.2964397597673816
2021-03-30,13045.3896484375,0.6234216338424409,-0.6833478845766424
2021-03-31,370.16546630859375,0.3801700436533392,-0.39698212093474217
2021-03-31,13246.8701171875,-0.6691042233371872,-0.1463290268699513
2021-04-01,374.1628112792969,0.4564527223678148,-1.067764098795031
2021-04-01,13480.1103515625,0.29511117509017754,0.45767466704633364
2021-04-05,379.53326416015625,1.1501007633606575,1.0670741668086385
2021-04-05,13705.58984375,1.0614102665401082,-0.2008158693866003
2021-04-06,379.3092346191406,0.06696789216969115,-0.9161504756482439
2021-04-06,13698.3798828125,-1.5866022034164862,-0.1480602904520277
2021-04-07,379.74810791015625,0.19384002973858475,-0.23429399212298851
2021-04-07,13688.83984375,-0.20362549803182614,-0.19839903025322353
2021-04-08,13829.3095703125,-0.8864375903046228,-0.4304193763176906
2021-04-08,381.55072021484375,0.07861878179849269,0.3167906281121293
2021-04-09,384.3246765136719,-1.3454909377151378,-0.5736422956352996
2021-04-09,13900.1904296875,-2.007966948406355,0.6668791094682357
2021-04-12,13850.0,-0.6622134011141864,0.03205528051982493
2021-04-12,384.4646911621094,-0.8639079079592343,0.33562391103115524
2021-04-13,385.6042175292969,-0.35653376483784077,-0.37394476048758646
2021-04-13,13996.099609375,2.8464616521981077,-0.474788652802333
2021-04-14,13857.83984375,1.802586044791422,0.32858212166173206
2021-04-14,384.287353515625,-2.4121722905655787,-0.09142336596027685
2021-04-15,388.41552734375,-1.6323046299391055,1.931765091392887
2021-04-15,14038.759765625,2.0148743742883557,-0.34332937691973714
2021-04-16,14052.33984375,-0.10822002895693254,0.4869091448813027
2021-04-16,389.7137756347656,-0.3618702569233654,-0.023882795979990372
2021-04-19,13914.76953125,-1.3412629022578035,0.07762132468460217
2021-04-19,387.7990417480469,0.5336341507054914,-0.09688589502260511
2021-04-20,13786.26953125,-0.7717764026332005,0.09951381741119983
2021-04-20,384.9597778320313,-0.24065595515747226,-0.30451884808697494
2021-04-21,13950.2197265625,-1.9089364020405328,0.3754528746833022
2021-04-21,388.6022644042969,1.329938956297996,-0.10678173553860523
2021-04-22,13818.41015625,1.5207753754623794,-0.08577555590860735
2021-04-22,385.0531311035156,2.1359514306162217,-0.3233881081780223
2021-04-23,14016.8095703125,1.5951935871845369,-0.6829798672408763
2021-04-23,389.2280883789063,-2.057086850909008,-0.24765000826151878
2021-04-26,14138.7802734375,-1.209251805484721,0.03815909001355295
2021-04-26,390.0405883789063,-0.42721527027076467,-0.5958571657478887
2021-04-27,14090.2197265625,0.8723124393026439,-0.37332507294783934
2021-04-27,389.9565124511719,-1.142133727577424,0.0883886163716238
2021-04-28,14051.0302734375,0.5534179948203753,0.052418176006589295
2021-04-28,389.8444519042969,-0.07784032565664065,0.021774847810116973
2021-04-29,14082.5498046875,1.3260160459433936,-0.05086222944704714
2021-04-29,392.3289794921875,1.5747353539457025,-0.38178217600517844
2021-04-30,13962.6796875,-0.3252856908980016,-0.029549405392427223
2021-04-30,389.7510986328125,0.2492787438859713,-0.13700498975037778
2021-05-03,13895.1201171875,0.18398294675820107,0.5201164924030961
2021-05-03,390.5916442871094,1.0119670641575813,0.5930869388359451
2021-05-04,13633.5,-0.714306199516542,1.1529346037681738
2021-05-04,388.1819763183594,-2.9670933486438673,0.5383276393309472
2021-05-05,388.3033752441406,0.3203384636719115,0.6688940804017265
2021-05-06,13632.83984375,0.38009399123102816,0.9483810916447404
2021-05-06,391.4042663574219,0.7763621817499403,0.7561463073364779
2021-05-07,13752.240234375,1.775660166495854,0.47730149027056773
2021-05-07,394.2528991699219,0.5815883476661804,0.38547408229125585
2021-05-10,13401.8603515625,0.4170080561816147,0.7124512966237454
2021-05-10,390.3488464355469,1.0344069112245808,0.08736606215045291
2021-05-11,386.8651428222656,-1.3734780155933626,0.9996312669837251
2021-05-12,13031.6796875,-0.5156759705458108,0.815243001686075
2021-05-12,378.6460266113281,-0.6401699522387952,0.7282569226688593
2021-05-13,13124.990234375,-0.1636265335028331,-1.0614480725971154
2021-05-13,383.194580078125,-0.26146171282290565,-0.05849680774780232
2021-05-14,13429.98046875,1.7422701050863032,-0.35804811812970055
2021-05-14,389.07861328125,0.6918734881216028,-0.3362770377331342
2021-05-17,13379.0498046875,-0.18059648106639362,-0.1177956169021148
2021-05-17,388.0885620117188,0.8169864280181021,0.39970202152962675
2021-05-18,13303.6396484375,-1.778426671123734,1.3161660012775545
2021-05-18,384.744873046875,-0.8484275546193624,-0.30789046714082063
2021-05-19,13299.740234375,1.5321839754613167,0.629030990572397
2021-05-19,383.73626708984375,2.5248603451123635,0.538209336336379
2021-05-20,387.8644409179688,-0.8066342437963384,0.022516642307424797
2021-05-21,13470.990234375,-0.29238452086888106,-0.4355589156975421
2021-05-21,387.5469665527344,0.3983410873490066,-0.4276132649739416
2021-05-24,13661.169921875,-1.0165862527342724,-0.40270811388399014
2021-05-24,391.4975891113281,-0.4833810250064165,-1.0758168550200216
2021-05-25,390.62896728515625,1.1997978074960662,-0.060507765292931046
2021-05-26,13738.0,-0.0892159594755404,-0.5077150746424361
2021-05-26,391.4042663574219,0.37345713110703543,0.35894526843627156
2021-05-27,13736.2802734375,0.68706669775667,-0.6408469855545282
2021-05-27,391.6097412109375,-1.4727095759920026,0.007950033398255639
2021-05-28,13748.740234375,-1.4976237789067504,-0.2863113133210632
2021-05-28,392.3102722167969,-1.076953904846577,0.24508904271171192
2021-06-01,13736.48046875,0.6592200588437239,0.6487592181106039
2021-06-01,391.9646911621094,1.1945491506922712,0.5478989522083764
2021-06-02,13756.330078125,-0.10522280114389657,0.16536580847524257
2021-06-02,392.5810546875,0.25734978966039773,0.5312962190611311
2021-06-03,13614.509765625,0.22466992190556917,0.3156809513515146
2021-06-03,391.1240234375,1.1184886450596245,0.7719397446705081
2021-06-04,13814.490234375,1.423910217477348,0.22425016809832415
2021-06-04,394.7012023925781,1.6520125101204943,0.1489534202605579
2021-06-07,13881.7197265625,-0.8909582420494899,-0.3360123316401202
2021-06-07,394.3182373046875,-0.9424164732990725,0.10589470466101482
2021-06-08,13924.91015625,-0.3739503310678682,-0.19091439341967736
2021-06-08,394.40234375,-0.4417088677437064,0.18017955518219986
2021-06-09,13911.75,0.3818737004076475,-0.3907283467860448
2021-06-09,393.81390380859375,0.9778926496489839,-0.026256302060830728
2021-06-10,14020.330078125,-0.49953200772104855,0.05911162407889239
2021-06-10,395.6444396972656,-0.4103052112091968,0.4483627636077943
2021-06-11,14069.419921875,0.47381528703091824,0.46410142106014113
2021-06-11,396.29827880859375,-0.2458676612721744,0.06884304953424439
2021-06-14,14174.1396484375,-0.6851867878338348,-0.09664230795573012
2021-06-14,397.18560791015625,-1.0925425816808185,-0.10948954209733525
2021-06-15,14072.8603515625,-0.5140895481574942,0.17125564820875325
2021-06-15,396.4571228027344,-0.16128389114749647,0.24149609530053004
2021-06-16,14039.6796875,0.38792883563603653,0.14552535029782718
2021-06-16,394.2434997558594,0.008937570744480532,0.10407608258789847
2021-06-17,14161.349609375,0.6335087682558042,0.12918941255007094
2021-06-17,394.11279296875,0.8595582836763708,0.36070528320139383
2021-06-18,14030.3798828125,-0.8900320254095657,0.22731008890773113
2021-06-18,388.7960815429688,-0.7481161056804215,0.550850874007698
2021-06-21,14141.48046875,0.017768065246479073,0.43057183041947167
2021-06-21,394.3620300292969,-0.6054627971519301,0.444261088937465
2021-06-22,396.4703979492188,0.06451929916645542,0.04802563160551578
2021-06-22,14253.26953125,-0.47211756226714807,0.1406269555693768
2021-06-23,395.9924926757813,0.37454627917672434,-0.38860226898673356
2021-06-23,14271.73046875,-1.05955431889641,-0.4564797654011377
2021-06-24,398.3350830078125,0.23514191522381922,0.45726650724596424
2021-06-24,14369.7099609375,-1.4579593323857896,-0.1060215596697328
2021-06-25,14360.3896484375,0.4190390777751082,0.2212701231944235
2021-06-25,399.7500305175781,0.006696633630487699,0.27042836882056986
2021-06-28,400.5558776855469,0.37718300534653476,-0.016520130442170836
2021-06-28,14500.509765625,1.0021707202144279,0.047214991775735765
2021-06-29,400.7714538574219,-0.8030308460209673,0.1001716298349704
2021-06-29,14528.330078125,1.3212701438567245,0.24109083782502672
2021-06-30,401.1087036132813,-0.08469124546028824,0.33110361082975154
2021-06-30,14503.9501953125,-0.9247306138953397,0.23186878040407785
2021-07-01,14522.3798828125,-1.0243966374340188,-0.4448161663843808
2021-07-01,403.3295593261719,0.24923658896277576,0.09582707722025202
2021-07-02,406.4123840332031,-0.7179756276826581,0.17284002096059525
2021-07-02,14639.330078125,0.14726385708943224,0.13104129618761465
2021-07-06,405.6721801757813,0.34150445772052584,-0.5669942632824786
2021-07-06,14663.6396484375,1.836690832889956,0.2793596454577528
2021-07-07,407.105712890625,-0.16614834681699703,-0.2343680245776971
2021-07-07,14665.0595703125,0.009764342592924533,-0.13861012154155233
2021-07-08,403.7886657714844,-0.13842847819168508,-0.3911137524139895
2021-07-08,14559.7802734375,0.27690608772822445,-0.030154222076319365
2021-07-09,408.0989990234375,-0.3987485088782413,-0.24461399654085747
2021-07-09,14701.919921875,-0.7396768646187074,-0.13626069654601375
2021-07-12,409.5608215332031,1.2630867572285513,0.032074172350737826
2021-07-12,14733.240234375,-0.28302382117856045,0.06951398287918839
2021-07-13,408.1646423339844,-0.3269986391095087,-0.296587124615366
2021-07-13,14677.650390625,0.3305461280914336,-0.3792950404764766
2021-07-14,408.773681640625,-0.650502475819317,0.3205576770680219
2021-07-14,14644.9501953125,-0.5976442471025964,0.18260263296772922
2021-07-15,407.3774719238281,-0.10994608681706353,0.021608250810353325
2021-07-15,14543.1298828125,0.0640672826984372,0.008856141654331039
2021-07-16,404.1821594238281,-0.9068239241433903,-0.500943849779866
2021-07-16,14427.240234375,0.3797496829443686,-0.10619325107861154
2021-07-19,14274.98046875,1.0715901291774563,-0.6320354290379246
2021-07-19,398.2132873535156,-0.5159765796670087,-0.004739216848872727
2021-07-20,14498.8798828125,1.3700225388148422,-1.0124135846686237
2021-07-20,403.91986083984375,-0.3580458149854796,-0.670156851368645
2021-07-21,14631.9501953125,-1.0226689118305512,0.08190042203670311
2021-07-21,407.1901245117188,-1.0350621438967824,-0.26002089035439124
2021-07-22,14684.599609375,0.1226254768400602,-0.2927049540536741
2021-07-22,408.0427856445313,-0.9808087982741971,-0.08392137046588294
2021-07-23,14836.990234375,1.5662788309426785,0.2742038848296188
2021-07-23,412.2408142089844,2.6335599084030643,0.5346689368885883
2021-07-26,14840.7099609375,0.6844731840275822,-0.06952170275427266
2021-07-26,413.2528381347656,-1.6496264602209065,0.04012838465833285
2021-07-27,14660.580078125,-0.8502291141061517,0.07771282936202724
2021-07-27,411.3693542480469,0.36773976000393194,-0.34545386620270935
2021-07-28,14762.580078125,2.320119760580863,0.2239248063501732
2021-07-28,411.20062255859375,-0.804573737573071,-0.283695316661711
2021-07-29,14778.259765625,-1.6023371967612086,0.4209027234748574
2021-07-29,412.9060668945313,-0.7096763870576076,-0.1980659332860796
2021-07-30,410.9007873535156,-0.4077250599636479,1.1491946557986026
2021-07-30,14672.6796875,0.4404925136939637,-0.0607356822173286
2021-08-02,410.0387268066406,-0.6872084228273526,-0.4486101656059377
2021-08-02,14681.0703125,-0.7742956862143436,-0.06945111945047806
2021-08-03,14761.2900390625,2.485140773875766,0.05131303922882689
2021-08-03,413.3745727539063,2.4673026116521677,-0.0872463682310639
2021-08-04,411.3411865234375,-3.811189855537386,-0.10642713960361644
2021-08-04,14780.5302734375,1.3287126546901311,0.22334536366518845
2021-08-05,413.9461364746094,-0.2570494907411874,0.179459426954606
2021-08-05,14895.1201171875,4.512019949643147,-0.3632026218659694
2021-08-06,14835.759765625,2.916999008617438,-0.12656118978561914
2021-08-06,414.6301574707031,1.9781452473398238,-0.23277515896429476
2021-08-09,414.2928771972656,-1.245296821979827,-0.1957580276728516
2021-08-09,14860.1796875,1.8388674518444157,-0.36632994004037883
2021-08-10,14788.08984375,0.036394489931004956,0.839496161853769
2021-08-10,414.8082885742188,-2.9123956550222205,0.15407817916625882
2021-08-11,415.8389587402344,-0.29779024812519,-0.3692619226281278
2021-08-11,14765.1396484375,4.063248477934934,0.0041743670594461746
2021-08-12,14816.259765625,-1.573189088894706,-0.15734982339379364
2021-08-12,417.0852661132813,-1.2779510949268158,-0.11885202247688688
2021-08-13,417.84423828125,0.30466919791438396,0.04672551702675226
2021-08-13,14822.900390625,0.7058064845946593,0.14131275558433434
2021-08-16,14793.759765625,-0.5070510527251986,0.10302826002968828
2021-08-16,418.828125,1.6112154235682923,0.017113790172504764
2021-08-17,416.0826416015625,-0.5843335289920663,-0.21788269155810358
2021-08-17,14656.1796875,0.14820041569654055,0.34218058229121084
2021-08-18,14525.91015625,-1.013208938816243,-0.18783438891249066
2021-08-18,411.5285339355469,0.1058084060191251,-0.3435865701395755
2021-08-19,412.1658020019531,-0.40955577449992825,-0.32176103279531737
2021-08-19,14541.7900390625,0.3567737000229849,0.19771935833615614
2021-08-20,415.4454345703125,0.14080519626492025,0.4963081730510395
2021-08-20,14714.66015625,1.1162349708594634,-0.46272745674431653
2021-08-23,14942.650390625,0.07176693074191026,0.2797689258703442
2021-08-23,419.0998840332031,-1.1016554757383914,0.03580507385229942
2021-08-24,419.7651977539063,-0.6529058492544983,-0.14630344754392086
2021-08-24,15019.7998046875,1.8037513088301638,-0.2567662052175777
2021-08-25,420.64599609375,-0.9008628939087986,0.2605096353439242
2021-08-25,15041.8603515625,2.965938599969704,0.14643425346373706
2021-08-26,14945.8095703125,-1.2032516612795285,0.08701863234924477
2021-08-26,418.162841796875,-0.3816291057101634,-0.23802952783768583
2021-08-27,421.901611328125,-1.0071205099631775,0.28895471539158146
2021-08-27,15129.5,-1.6304170930083657,-0.015064568139308026
2021-08-30,423.7569885253906,-1.995065700978624,-0.20035847884989672
2021-08-30,15265.8896484375,1.1297422679731601,-0.5115004958479343
2021-08-31,423.129150390625,-0.8122288987708897,-0.28933504476600086
2021-08-31,15259.240234375,-0.80415544700705,-0.13836073176524707
2021-09-01,15309.3798828125,-0.02140364519966088,-0.22079314118979781
2021-09-01,423.3540344238281,-1.7790915172821034,-0.07339167106624284
2021-09-02,15331.1796875,0.8088350459045495,-0.22055589552777585
2021-09-02,424.6565551757813,0.7273249230469575,-0.04487874522796776
2021-09-03,424.5533752441406,-0.16587969198444108,-0.1771051500335262
2021-09-03,15363.51953125,2.466121266734167,-0.08751543023630262
2021-09-07,15374.330078125,-0.26584881416378514,-0.294656170096276
2021-09-07,423.0354919433594,-3.830045895266718,0.06419033399730688
2021-09-08,15286.6396484375,-1.637113671102653,-0.3137472126036781
2021-09-08,422.5201110839844,0.8936274897798359,-0.6367180844025637
2021-09-09,420.7115173339844,1.424218965936559,-0.2543842940130929
2021-09-09,15248.25,-1.2730274375672666,-0.29255843564033446
2021-09-10,417.3945007324219,-0.25185420701362127,-0.42512640427745174
2021-09-10,15115.490234375,0.3850700345911857,0.116665017530391
2021-09-13,418.4626159667969,-0.36030615276912115,-0.12730989040279717
2021-09-13,15105.580078125,-0.11509643691900676,-0.15610052712103906
2021-09-14,15037.759765625,-0.05437808472919899,0.15560741453184235
2021-09-14,416.2044372558594,0.03995023957824797,-0.50295926887086
2021-09-15,419.6808471679688,1.3256217981760188,-0.45762861763363183
2021-09-15,15161.5302734375,-1.6069755504610246,-0.6777136955888203
2021-09-16,419.0155334472656,-0.5762382573445864,0.002893485625801577
2021-09-16,15181.919921875,0.23042821340918332,0.09367849010209213
2021-09-17,414.9338684082031,-0.38818459192585913,-0.9063755323425978
2021-09-17,15043.9697265625,-0.10645288289263688,-0.5642876676174096
2021-09-20,408.0151672363281,0.021558588583952962,1.1547796204966112
2021-09-20,14713.900390625,0.19371778219597877,1.6949672189201974
2021-09-21,407.6296997070313,-0.15279971759066732,1.0315586880481067
2021-09-21,14746.400390625,0.09355343351872163,-1.038306306940086
2021-09-22,411.6061401367188,-0.15157283070730035,0.25809008836182595
2021-09-22,14896.849609375,-0.2796513430340696,0.09220199619006182
2021-09-23,15052.240234375,0.12360947394420604,0.15014451077293553
2021-09-23,416.607177734375,-0.7086961816057904,-0.7433268971718436
2021-09-24,15047.7001953125,-0.4033017808160809,0.5602947157856746
2021-09-24,417.2933349609375,-0.9053080446729328,-0.13443971607361987
2021-09-27,14969.9697265625,0.00048148181404304713,0.05731625419018262
2021-09-27,416.09954833984375,-0.08937520848647314,0.5584364583034506
2021-09-28,14546.6796875,0.12659062813316502,-0.45697344381166854
2021-09-28,407.7143859863281,-0.014497262811074559,0.2247594141183191
2021-09-29,408.4005737304688,-0.43388240053272575,-0.3261568257628983
2021-09-29,14512.4404296875,-0.08477216005434098,0.5916290718366507
2021-09-30,403.408935546875,0.4823634395608299,0.48127591689151233
2021-09-30,14448.580078125,0.3210161262756841,-0.9665399221404106
2021-10-01,14566.7001953125,0.19093419957813543,-0.3012185042908402
2021-10-01,408.2032165527344,0.25906269944127486,-0.23299858908991916
2021-10-04,14255.48046875,0.05997045155274345,0.7153835994430215
2021-10-04,402.9390258789063,0.13495682640804715,0.3875892147010257
2021-10-05,407.1315307617188,0.151926880883749,-0.34417397645329006
2021-10-05,14433.830078125,-0.04695179326278694,0.6306747545482275
2021-10-06,408.8236389160156,-0.16750494707493166,0.26680217074860035
2021-10-06,14501.91015625,-0.06106859981044312,0.4109099100299419
2021-10-07,14654.01953125,0.07935206135512668,0.5935651208794488
2021-10-07,412.3582458496094,-0.04458758295037964,-0.7056007931105138
2021-10-08,411.6061401367188,0.14396040105940297,0.19533018329454366
2021-10-08,14579.5400390625,-0.07916038805285887,0.30339491936960855
2021-10-11,408.6262512207031,-0.02648283336229648,-0.8093728455908188
2021-10-11,14486.2001953125,0.08118102285698149,0.48507937065174267
2021-10-12,407.620361328125,-0.19664962769460081,-0.13109656890783955
2021-10-12,14465.919921875,0.4557024933750138,1.0929392242877287
2021-10-13,409.0868225097656,0.2681844672147461,-1.9662171356096367
2021-10-13,14571.6396484375,0.33743065280973494,-0.38880333779014115
2021-10-14,415.9679260253906,0.10641201879738313,0.053783566831189955
2021-10-14,14823.4296875,-0.017931382154531536,-0.4405747902298814
2021-10-15,14897.33984375,0.1860328396155095,-0.08797595858459892
2021-10-15,419.1359252929688,0.32920138689189704,0.018734538950530705
2021-10-18,15021.8095703125,0.7473911453847676,0.32387445613211696
2021-10-18,420.3767395019531,0.6593617936788452,0.2969378424250452
2021-10-19,423.6198425292969,0.7652881823373705,-0.41395790639372765
2021-10-19,15129.08984375,0.869392210413424,0.39055016027361383
2021-10-20,425.2837219238281,1.1627039621643351,0.2186720557591553
2021-10-20,15121.6796875,0.979735579876093,0.2291538943628119
2021-10-21,426.3929443359375,1.3958663884341198,0.3808623200700101
2021-10-21,15215.7001953125,1.5728760604747598,0.11192459682838068
2021-10-22,425.951171875,2.0803055301964997,0.16707483788039817
2021-10-22,15090.2001953125,2.041963927362053,-0.013874725364319026
2021-10-25,428.2354736328125,4.31876397103536,-0.55912559133072
2021-10-25,15226.7099609375,4.296094233926003,-0.05056760239872878
2021-10-26,428.6208190917969,6.00356091979553,0.135979703058107
2021-10-26,15235.7099609375,5.546127440982665,0.1119209938897783
2021-10-27,15235.83984375,7.199991284651248,0.07464538176099682
2021-10-27,426.7220153808594,7.160393589367627,0.3043859358807605
2021-10-28,430.83935546875,8.78328055962156,0.049063663446541984
2021-10-28,15448.1201171875,8.9615313638559,-0.29503482189337293
2021-10-29,15498.3896484375,10.787746305922443,-0.16939596890705894
2021-10-29,431.713623046875,11.74615611200192,0.4650015914617046
2021-11-01,432.4561462402344,19.964050329450295,0.41623339723763747
2021-11-01,15595.919921875,18.832287569354115,-0.18679895456757045
2021-11-02,434.2047119140625,23.28739854069382,-0.03734929012414223
2021-11-02,15649.599609375,23.902583122383653,-0.07559044120022348
2021-11-03,436.8556213378906,27.67157729569122,0.07515852575431996
2021-11-03,15811.580078125,27.627956147284856,0.030578425353176175
2021-11-04,438.914306640625,32.74964454097062,-0.11321270246069197
2021-11-04,15940.3095703125,32.12699486379547,-0.02635220129921105
2021-11-05,440.4371948242188,37.706985154896685,1.0671163091915405
2021-11-05,15971.58984375,37.43676193364074,-0.12561793678416916
2021-11-08,440.8132629394531,54.33514053749903,0.24779829368619094
2021-11-08,15982.3603515625,54.726582655996445,0.15921059561976406
2021-11-09,439.3560485839844,60.50748504961661,-0.3001922197723596
2021-11-09,15886.5400390625,60.71315938200091,0.3823197145057358
2021-11-10,15622.7099609375,66.33379238616597,1.0909057901046364
2021-11-10,435.8215637207031,66.84744723690918,-0.4857300420309641
2021-11-11,15704.2802734375,72.41086459968292,-1.454891380267136
2021-11-11,435.9625549316406,72.61711579476311,-0.8065780753940797
2021-11-12,439.2527465820313,78.2119850997855,-0.039570733674488226
2021-11-12,15860.9599609375,78.21108605889467,-1.070468665215757
2021-11-15,15853.849609375,92.32375955681124,0.2910858743316038
2021-11-15,439.4031372070313,92.34322125787294,0.7701950895602067
2021-11-16,15973.8603515625,95.55945951191681,-0.4401596727431879
2021-11-16,441.1422424316406,95.50741175364446,0.4748486204183833
2021-11-17,15921.5703125,98.05170684871055,0.28781041068368785
2021-11-17,440.0705871582031,97.90802589186146,0.5616776561983049
2021-11-18,441.5652770996094,99.40430066753215,0.2695756893215408
2021-11-18,15993.7099609375,99.422016321373,1.1092907465438566
2021-11-19,440.7755737304688,100.0642442687298,0.048626117836493975
2021-11-19,16057.4404296875,99.580154428242,-0.8893067825308157
2021-11-22,15854.759765625,3.9503407426883013,-0.4901910104935201
2021-11-22,439.5347290039063,0.40920799227124477,0.2968240856372621
2021-11-23,15775.1396484375,-1.9873574303623964,-0.4128702817980706
2021-11-23,440.11761474609375,-0.8492577538650181,0.2586493054493051
2021-11-24,15845.23046875,3.4329885782219773,-1.663744302245869
2021-11-24,441.2926025390625,1.716937836599465,0.391315284817904
2021-11-26,15491.66015625,0.2780666944196691,0.34936264401014033
2021-11-26,431.4503479003906,0.42969246792821286,-1.3984881872312311
2021-11-29,15782.830078125,1.1522384609328984,-1.000422626674762
2021-11-29,436.7427673339844,1.0655434481969177,-1.4652872863418578
2021-11-30,15537.6904296875,-0.39523360067471563,-0.7120969318967774
2021-11-30,428.2448120117188,0.35943251667269377,-0.5323328910283186
2021-12-01,15254.0498046875,0.4045679884293187,1.2500964468941536
2021-12-01,423.4882507324219,-0.1037054508231127,-1.47369127274421
2021-12-02,15381.3203125,-0.890393025318577,2.059443511890287
2021-12-02,429.97454833984375,-0.24320137964207125,-1.8805544210474079
2021-12-03,15085.4697265625,-0.9070462085550356,-0.5693756560327944
2021-12-03,426.233154296875,-0.46153169304665714,4.765832592546314
2021-12-06,15225.150390625,-0.8993294880221655,1.4160281287317562
2021-12-06,431.28125,-0.59382860704915,-0.4717641350732198
2021-12-07,15686.919921875,-0.22159725488175655,-0.2546562360858676
2021-12-07,440.2021789550781,0.046151307330310254,0.7213391128881625
2021-12-08,15786.990234375,-0.4442677892462224,0.06604548601388185
2021-12-08,441.3677978515625,-0.32529080460991866,-0.12456091300645628
2021-12-09,15517.3701171875,0.42626884228961986,0.08813425041223125
2021-12-09,438.3879089355469,0.7753630116383085,-0.43857640857270935
2021-12-10,15630.599609375,-0.03158020297730218,-0.6132716736685555
2021-12-10,442.5146484375,0.13747062479986638,-0.3559860528198296
2021-12-13,15413.2802734375,-0.31837853818519646,-0.5159622716674873
2021-12-13,438.5947570800781,0.059842854121240706,-0.5799157066066574
2021-12-14,435.57720947265625,-0.11030839244272088,-1.087908108023684
2021-12-14,15237.6396484375,-0.19910168556102967,-0.6656723702988571
2021-12-15,15565.580078125,-0.5728406512489198,-0.06229354127770612
2021-12-15,442.383056640625,-0.7384541466447048,-0.21360045446249712
2021-12-16,15180.4296875,0.07213212286833955,-0.013729351299400509
2021-12-16,438.48193359375,0.10896415325632794,-0.22165358062763926
2021-12-17,15169.6796875,-0.0555675033505055,-0.15575307000529426
2021-12-17,433.815185546875,0.4649157434409033,-0.44134803596880545
2021-12-20,14980.9404296875,-0.28075006212274217,-0.836511621056946
2021-12-20,429.2022705078125,0.019451206886441152,-0.00609601659080937
2021-12-21,15341.08984375,-0.5892350404670101,0.9680554298700031
2021-12-21,436.824462890625,0.07083370396740471,-0.03556344129475502
2021-12-22,15521.8896484375,-1.244880991945006,0.1924348909773051
2021-12-22,441.1921081542969,-0.978831583321593,-0.2860873906770966
2021-12-23,15653.3701171875,1.9571122016024123,-0.27463386718095084
2021-12-23,443.937255859375,1.3213924527725358,-0.19732589627301797
2021-12-27,15871.259765625,-1.7026178682643143,-0.5790181880997667
2021-12-27,450.219970703125,-1.4875091551110786,-0.271377164061133
2021-12-28,15781.7197265625,-0.04071855320023376,0.7996117275043598
2021-12-28,449.85198974609375,-0.02895987549000977,0.18331514406440846
2021-12-29,15766.2197265625,1.4720903239785257,-0.021710592562516572
2021-12-29,450.427490234375,-0.4441017158072561,0.3148277574578774
2021-12-30,15741.5595703125,-0.5090479536692629,-0.1662133565294405
2021-12-30,449.1822204589844,-0.9024174122692715,0.4006114672554884
2021-12-31,15644.9697265625,0.9551669393635712,0.29294372899458837
2021-12-31,448.05023193359375,1.7307059622887015,-0.009548140753379439
2022-01-03,15832.7998046875,0.381658018948622,-0.8089266703317686
2022-01-03,450.6444091796875,-0.023960142565131723,0.11306368434662528
2022-01-04,15622.7197265625,0.14985328065713202,0.0019455090433508392
2022-01-04,450.4934692382813,-0.12136833420334284,-0.3348749800647209
2022-01-05,15100.169921875,-0.5200265323971192,0.6660360005706516
2022-01-05,441.843017578125,-0.10528237438204063,-0.303533929716687
2022-01-06,15080.8603515625,0.3372896111320849,-0.010228152308179219
2022-01-06,441.427978515625,-0.217402235621584,-0.27327656411703305
2022-01-07,14935.900390625,-0.014077072732334661,0.08904227800289265
2022-01-07,439.6828308105469,-0.00909157216511366,0.060446279901049504
2022-01-10,14942.830078125,0.015292434850988504,0.76779361597579
2022-01-10,439.1356506347656,0.2482478680991966,-0.309926286566117
2022-01-11,15153.4501953125,-0.15355450570685733,-0.25736033812527215
2022-01-11,443.1354064941406,-0.2014815833741521,-0.23392447330667002
2022-01-12,15188.3896484375,-0.9581524881169385,-0.12328456425589081
2022-01-12,444.3334655761719,-0.6397131529044005,0.2529285260304684
2022-01-13,14806.8095703125,0.42366232825599015,1.2060490792544778
2022-01-13,438.211181640625,0.4971884011638115,0.025634913354438287
2022-01-14,14893.75,0.3890679541487948,0.9830268167534599
2022-01-14,438.3904113769531,0.42441340655759346,-0.05142305451803302
2022-01-18,14506.900390625,0.17782443766787406,0.018106640083124726
2022-01-18,430.626708984375,0.284389785030661,-0.4279980056928673
2022-01-19,14340.259765625,-0.15004031437606663,-0.2500241564625686
2022-01-19,426.1552429199219,-0.10824820583280217,-0.612445946136713
2022-01-20,14154.01953125,0.5457797756591952,0.3385809022555097
2022-01-20,421.4385986328125,-0.04286692321672931,0.0817626612590465
2022-01-21,13768.919921875,0.18249746589618174,-0.9631090628572152
2022-01-21,413.16546630859375,-0.12020408688573013,-0.9612599727932165
2022-01-24,13855.1298828125,0.02614644456908802,-0.47126310089125445
2022-01-24,414.9200744628906,0.34965729179654625,-0.6241316105691331
2022-01-25,13539.2900390625,-0.013318565970098081,0.38204177023234903
2022-01-25,409.8542785644531,-0.06943136024142399,0.23944731893789628
2022-01-26,13542.1201171875,0.036985686087708185,0.34547252533464695
2022-01-26,408.8260803222656,0.08711205376190373,-1.0882530069803766
2022-01-27,13352.7802734375,0.18928127832354827,-0.10099300471429393
2022-01-27,406.8072814941406,0.36134484066405054,0.1480008912683616
2022-01-28,13770.5703125,0.3761213620436118,0.2094351584759353
2022-01-28,416.9104614257813,0.205523582625115,-0.34141611257686655
2022-01-31,14239.8798828125,0.029320901476938287,-0.1521131645719423
2022-01-31,424.4194641113281,-0.08412990701921262,-0.45536516975206487
2022-02-01,14346.0,0.03176138883543686,-0.11999630987903441
2022-02-01,427.2872619628906,0.24846336921608084,0.46829745860495875
2022-02-02,14417.5498046875,-0.025041663574593195,-0.1619132198602078
2022-02-02,431.4380187988281,0.17213315877148616,-0.19199293015919744
2022-02-03,421.2970275878906,0.3412066230434356,0.8610740695745663
2022-02-03,13878.8203125,0.4289141605199087,-0.1050859360233243
2022-02-04,423.2781066894531,-0.1994650185472945,0.3953816815599834
2022-02-04,14098.009765625,-1.1344278717420972,-0.9043661267106072
2022-02-07,421.9196472167969,-0.1553963302198923,0.6021610401463664
2022-02-07,14015.669921875,-0.583528845681435,0.7521036459968955
2022-02-08,425.3911437988281,-0.36434226211242043,0.9121258184532923
2022-02-08,14194.4501953125,-0.01355707444552354,0.3177259015290775
2022-02-09,431.6172180175781,-0.015096692138801432,-0.02515442927455404
2022-02-09,14490.3701171875,0.024024000618684246,-0.692162412227395
2022-02-10,423.8629455566406,0.4700558164820028,-0.4267722449949677
2022-02-10,14185.6396484375,0.6433873261841037,-0.6498210100017586
2022-02-11,415.5049133300781,0.2999891208394508,0.5721934054715793
2022-02-11,13791.150390625,0.032668768360024796,1.0177950502763147
2022-02-14,414.146484375,0.19046300462519755,0.05949561445230373
2022-02-14,13790.919921875,0.37874088317101495,0.3914483912568377
2022-02-15,420.8253479003906,0.6059144151601406,-0.2576584628216286
2022-02-15,14139.759765625,0.5030228290371244,0.07285219777668549
2022-02-16,421.2970275878906,-0.22777668237327836,-0.39529226581124577
2022-02-16,14124.08984375,0.4618762931001767,-1.468156648791133
2022-02-17,412.2974853515625,0.009976356316726036,-0.7222024211875824
2022-02-17,13716.7197265625,0.11861754099918055,-0.07668243902626946
2022-02-18,409.6278991699219,-0.16754981879019912,-0.7044512139380592
2022-02-18,13548.0703125,-0.11514291772300819,-0.08753566775415404
2022-02-22,405.23193359375,0.0835867441157006,1.0779821721809444
2022-02-22,13381.51953125,0.15791844698395407,1.1405603052915276
2022-02-23,398.0435791015625,0.05988906746926336,-0.2911690121350294
2022-02-23,13037.490234375,0.021815215876940765,0.26325373000033186
2022-02-24,404.0338439941406,-0.29134709059478353,-0.3707927462861576
2022-02-24,13473.58984375,-0.0848270550943402,-0.39741760895334116
2022-02-25,412.9485168457031,-0.036666893787846475,0.13302726398087056
2022-02-25,13694.6201171875,-0.0917434337506796,-0.6214145112961211
2022-02-28,411.891845703125,-0.198647995926548,0.7709350675891282
2022-02-28,13751.400390625,-0.25269549150259174,-0.6887316562532764
2022-03-01,405.6187133789063,-0.23201104468985229,1.4085979668842432
2022-03-01,13532.4599609375,-0.045243414493574635,0.21245427673551162
2022-03-02,413.0805358886719,0.25185230709421347,-0.5175213328623557
2022-03-02,13752.01953125,0.24189272058663192,-1.2786757931589383
2022-03-03,411.0239868164063,0.4152257741686161,-1.2525201299543158
2022-03-03,13537.9404296875,0.23851100441269746,-1.4409097023668105
2022-03-04,407.68463134765625,0.07743558898611023,-0.19600579815786895
2022-03-04,13313.4404296875,0.04486733485738376,-0.22141458120436175
2022-03-07,395.6664123535156,-0.0495449459785759,0.6512585206110743
2022-03-07,12830.9599609375,0.031328584364305426,-2.497790201402362
2022-03-08,392.6665344238281,-0.034767072709949526,1.403422638885533
2022-03-08,12795.5498046875,-0.11151082179728132,0.6583135182804591
2022-03-09,403.1943054199219,-0.04492590191045,1.014931068761899
2022-03-09,13255.5498046875,-0.08734933141965673,-0.3049194844471337
2022-03-10,401.3736572265625,-0.29298104948835324,-0.11473520831202744
2022-03-10,13129.9599609375,0.019401078209887998,2.7384589035800344
2022-03-11,396.2702026367188,0.023111355725832703,-0.40668391689846856
2022-03-11,12843.8095703125,0.39699055304632974,2.3833936927623838
2022-03-14,393.37408447265625,-0.02540547444149959,0.687756334683747
2022-03-14,12581.2197265625,-0.22054517532366855,-0.7367777750628708
2022-03-15,402.0245666503906,-0.4763347512226773,0.8082731013431786
2022-03-15,12948.6201171875,0.5488686932541216,-0.4327181157549053
2022-03-16,410.9391174316406,0.25989033389559535,0.04836993910658265
2022-03-16,13436.5498046875,0.19366066333150533,-0.7182418118486655
2022-03-17,416.0803833007813,-0.015997675716838886,-0.27355903139587323
2022-03-17,13614.7802734375,-0.42719385132604937,0.37157514669307895
2022-03-18,420.6376037597656,-0.17045100356400567,-0.12418956972466665
2022-03-18,13893.83984375,0.3114705249026071,0.17751653630332068
2022-03-21,420.51458740234375,0.04224570080654647,-0.5968867559496414
2022-03-21,13838.4599609375,0.4449351277958037,-0.24395684078553176
2022-03-22,425.4351501464844,-0.08007628168486568,-0.5276074814729645
2022-03-22,14108.8203125,-0.47395091530104555,-0.02470701903048223
2022-03-23,419.9563293457031,-0.10153987597874083,-0.11174434128485473
2022-03-23,13922.599609375,0.2858566230953766,0.15119471251529265
2022-03-24,426.2868347167969,-0.3874717479773518,1.617700172103779
2022-03-24,14191.83984375,-0.1897410340410046,0.8420622156765883
2022-03-25,428.36859130859375,0.21099697857364832,-0.2848312105387026
2022-03-25,14169.2998046875,0.03798218629092085,-0.3093839495000383
2022-03-28,431.4156494140625,-0.11591811828178167,-0.2399420093231
2022-03-28,14354.900390625,-0.6047344268141962,-0.15233000583344639
2022-03-29,436.7525939941406,0.7262974661731502,0.5675436248051059
2022-03-29,14619.6396484375,0.5364248874037079,0.26324535939768573
2022-03-30,434.0557861328125,0.7178983045908147,0.628379575702855
2022-03-30,14442.26953125,0.18854152949006417,0.5042964435831289
2022-03-31,427.37506103515625,0.46113590106934477,0.5809994076893675
2022-03-31,14220.51953125,0.23191398683246797,0.5232911192124413
2022-04-01,428.5862731933594,0.8480031522719129,0.9260187605651342
2022-04-01,14261.5,-1.3332008803147901,0.928733369302719
2022-04-04,432.2578125,0.4306220645590748,-0.6455738821402816
2022-04-04,14532.5498046875,0.8871964964230216,-0.8924080448536987
2022-04-05,426.7978210449219,-0.44588647609747756,-0.48572237375411714
2022-04-05,14204.169921875,-0.2560770830546323,-0.28028901671920065
2022-04-06,422.5301818847656,0.4205258536191712,-0.07394335858968777
2022-04-06,13888.8203125,0.08003339449467017,-0.37472865097277047
2022-04-07,424.65924072265625,0.6570070296826499,0.005585559890185293
2022-04-07,13897.2998046875,1.4328648786589169,-0.093804054367915
2022-04-08,423.5237731933594,0.0716692700762913,0.05662518324802623
2022-04-08,13711.0,-0.019894403540928734,-0.06537012613603438
2022-04-11,416.2847900390625,0.28167159784015805,-0.33268969374166807
2022-04-11,13411.9599609375,0.18381999528771664,-0.5399183645116529
2022-04-12,414.74224853515625,-0.07235404895918075,-0.11347874686214689
2022-04-12,13371.5703125,-0.2139009292474794,-0.039559980951721085
2022-04-13,419.49261474609375,-0.504620144618925,-0.19330755529967175
2022-04-13,13643.58984375,-0.3052968856392202,-0.0888214018031085
2022-04-14,414.2691955566406,-0.08034714504920537,0.26853007508350324
2022-04-14,13351.080078125,-0.24374788727105373,-0.18674169176403707
2022-04-18,414.43951416015625,0.1054077420754362,-0.4267997984208303
2022-04-18,13332.3603515625,0.7162380693908974,-0.1927196418025559
2022-04-19,421.1296997070313,-0.1777042492942439,0.319708486196098
2022-04-19,13619.66015625,-0.10904672544886512,-0.0007280369890354619
2022-04-20,420.8173828125,-0.9323371196839326,-0.6728491285335012
2022-04-20,13453.0703125,-0.3111192966171185,0.4286746345421614
2022-04-21,414.5247192382813,0.11778336540471662,-0.004354880239446469
2022-04-21,13174.650390625,-0.3517554401561304,-0.2638729479166368
2022-04-22,403.15045166015625,-0.1437833764143835,-0.007668554235766248
2022-04-22,12839.2900390625,-0.10917704544966014,0.635450739293765
2022-04-25,405.4878540039063,-0.2829553297334567,-0.5199571255878382
2022-04-25,13004.849609375,0.05754396515375376,0.5105363752788104
2022-04-26,393.7444763183594,0.0779801985979568,0.8092529791909968
2022-04-26,12490.740234375,0.21820454936682865,0.1276029624938027
2022-04-27,394.85162353515625,-0.2548183330739009,-0.6042382675265784
2022-04-27,12488.9296875,-0.015564115619418414,-0.2926713180110377
2022-04-28,404.8253784179688,0.062384470282660275,0.9378179205011025
2022-04-28,12871.5302734375,0.21801718032427128,0.5010917607900077
2022-04-29,389.86474609375,0.11982535221672833,0.3685226173784878
2022-04-29,12334.6396484375,0.17569790330501284,-0.46200809374415724
2022-05-02,392.2115783691406,0.5875464420442266,-0.23975522148013037
2022-05-02,12536.01953125,0.0576969203772422,0.3416340987460628
2022-05-03,394.0094909667969,0.29724500883802657,-0.5119565151708376
2022-05-03,12563.759765625,-0.35172188710281405,0.48780445227560476
2022-05-04,406.0081787109375,-0.6542405403060302,-0.15746933958540318
2022-05-04,12964.8603515625,-0.4724397829695053,0.2987919799041733
2022-05-05,391.5775451660156,-0.035547947811201616,-0.2827340204343025
2022-05-05,12317.6904296875,-0.22963009265722306,0.30273991014185253
2022-05-06,389.2402038574219,0.3478960234308563,-0.17704024967086487
2022-05-06,12144.66015625,0.07049560396360417,0.41199371509146726
2022-05-09,376.7778625488281,-0.34583587308267616,-0.2648290189537299
2022-05-09,11623.25,-0.2814307429922544,-0.8655080022356241
2022-05-10,377.6483459472656,-0.14429456250613612,-0.651872946326919
2022-05-10,11737.669921875,-0.10191298081492249,-0.3995530064346017
2022-05-11,371.6490478515625,-0.31833884591784595,-0.24827364944981176
2022-05-11,11364.240234375,-0.2382581456410322,0.13635639664268015
2022-05-12,371.2610778808594,-0.3883142874978062,0.2616884687459922
2022-05-12,11370.9599609375,0.01809761559057281,-0.34376993208036205
2022-05-13,380.1370849609375,0.4470008384142387,0.2986987387245643
2022-05-13,11805.0,-0.1323483108365348,0.2726555952218634
2022-05-16,378.59466552734375,0.21155199308203856,-0.17466642293039467
2022-05-16,11662.7900390625,-0.52631076102727,-0.052507591385671876
2022-05-17,386.3824462890625,0.00681788458969196,-0.2273300131837288
2022-05-17,11984.51953125,0.38092414022828136,0.04371336623417055
2022-05-18,370.8067932128906,-0.18021878138671527,0.5822203251725395
2022-05-18,11418.150390625,0.0037151775195227886,0.008929844015961533
2022-05-19,368.5356750488281,-0.02628915714493602,0.24413151904405164
2022-05-19,11388.5,-0.03320394479946374,-0.6433595946090417
2022-05-20,368.6966247558594,0.048764910246723664,0.9137082260715153
2022-05-20,11354.6201171875,-0.09128855713649997,-0.10414004536363722
2022-05-23,375.5950317382813,-0.16400340371401365,-0.39019595886124886
2022-05-23,11535.26953125,-0.17330912583316677,0.5854082575079185
2022-05-24,372.7277526855469,0.0008755021186048645,-0.18648534260466845
2022-05-24,11264.4501953125,0.134082835011943,-0.3807073583059638
2022-05-25,376.0207824707031,0.3082754878835993,-0.28406355288150803
2022-05-25,11434.740234375,0.34931631988628675,-0.057680777490450384
2022-05-26,383.53411865234375,0.2696078501666298,-0.5042847861182914
2022-05-26,11740.650390625,0.3159337067001088,-0.012748449870652776
2022-05-27,392.9495849609375,-0.4314641382563485,0.15025743248399387
2022-05-27,12131.1298828125,-0.31934553258315995,-0.161329545766279
2022-05-31,390.7448120117188,0.23271524649254197,-0.05760085476129063
2022-05-31,12081.3896484375,-0.3020793510614589,0.10234148672859988
2022-06-01,387.5842590332031,-0.16057809796483674,0.3305220303295257
2022-06-01,11994.4599609375,-0.09739091824926356,0.33666478792144955
2022-06-02,394.9651794433594,-0.5418606294422672,-0.10463331221889172
2022-06-02,12316.900390625,0.3917914449385637,0.35106202727396907
2022-06-03,388.4831848144531,-0.5495804231857312,-0.383908502581546
2022-06-03,12012.73046875,0.6895151705756855,1.0800298564135669
2022-06-06,389.6660461425781,0.09596806308707323,-0.09483550838324488
2022-06-06,12061.3701171875,0.13356781928986,-0.03771946491166205
2022-06-07,393.40380859375,0.11012510543165055,0.05181427666860053
2022-06-07,12175.23046875,0.3217430703935938,-0.2658235634978609
2022-06-08,12086.26953125,-0.30049511792542893,0.33735263254130043
2022-06-08,389.1266479492188,-0.20888212538804715,-0.009049330481898309
2022-06-09,379.8721618652344,-0.24594472688413002,-0.5720741467591413
2022-06-09,11754.23046875,0.06569337387678859,0.03495522260437855
2022-06-10,368.857421875,-0.4095717833811999,-0.28095308096457644
2022-06-10,11340.01953125,-0.06331582400608919,-0.3515984680800993
2022-06-13,354.85260009765625,0.22399124061468834,-0.13230712681017043
2022-06-13,10809.23046875,0.39441900121505896,-0.2573326515064947
2022-06-14,10828.349609375,0.13129942361033295,1.4767867607305487
2022-06-14,353.7832946777344,0.7473001454685299,0.9983032404606635
2022-06-15,358.8269958496094,0.2520021797769414,-0.024650024156565756
2022-06-15,11099.150390625,-0.2591530587124554,0.6129584850446043
2022-06-16,346.95123291015625,0.4886052869983984,-0.9537429022191245
2022-06-16,10646.099609375,0.5826764113808625,0.22017427308446033
2022-06-17,10798.349609375,0.5382971055444672,-1.3221503035344673
2022-06-17,347.6991882324219,0.0239422245266758,0.3486293633753663
2022-06-21,356.4520874023437,-0.3540289191152405,-1.20475373461211
2022-06-21,11069.2998046875,0.06058468426141797,-1.66572244723047
2022-06-22,355.8058166503906,-0.422270365768152,0.8418348429353764
2022-06-22,11053.080078125,-0.04141910391927818,-1.1396616830014459
2022-06-23,359.2936096191406,-0.496452130307247,0.44424620969617706
2022-06-23,11232.1904296875,-0.10210280899189854,2.1125233957773686
2022-06-24,370.7169494628906,-0.17367671148303676,0.29688979184892744
2022-06-24,11607.6201171875,0.09347206273876037,0.12756778840868901
2022-06-27,11524.5498046875,-0.5288192485287956,0.13117030272363386
2022-06-27,369.3009033203125,0.38442489246161193,-0.8597108697252828
2022-06-28,11181.5400390625,0.6887287456030183,-0.7990097810513354
2022-06-28,361.7550964355469,0.124832836633385,-1.0644690242963095
2022-06-29,11177.8896484375,-0.08295044483907689,1.2652886266997492
2022-06-29,361.4604187011719,-0.4175097123320041,1.7954145474286338
2022-06-30,11028.740234375,-0.21497747421855976,-2.3303303857951896
2022-06-30,358.5238342285156,-0.0007236284558535566,1.3814098927481266
2022-07-01,362.3157653808594,-0.429724328729959,-0.44870228702144654
2022-07-01,11127.849609375,-0.02534212532135806,-1.2856802449063114
2022-07-05,11322.240234375,0.11835017980795126,1.1991352937890827
2022-07-05,363.0,0.0950242606043419,-0.6880314763684359
2022-07-06,364.22601318359375,0.2552371782934586,-0.2973281780852793
2022-07-06,11361.849609375,0.3807972032281086,0.5015004764933003
2022-07-07,11621.349609375,-0.2365547700267792,0.7367302492787062
2022-07-07,369.6809997558594,-0.22971746052824618,0.37481137718788893
2022-07-08,11635.3095703125,-0.35312199833495483,1.2162119272238534
2022-07-08,369.37701416015625,-0.31985651894467304,0.8955897074485097
2022-07-11,365.1573791503906,-0.05241581145370527,-0.21089115479426154
2022-07-11,11372.599609375,-0.02827048690295314,0.5408975945976854
2022-07-12,11264.73046875,-0.07369872468057795,-0.9662469437803803
2022-07-12,361.9261169433594,0.19576549174984728,-0.17161844355427594
2022-07-13,11247.580078125,-0.04394968493740013,1.0079970584143363
2022-07-13,360.0254211425781,-0.35694995367103843,0.2478663704266455
2022-07-14,11251.1904296875,0.09525148765755839,-0.71931524530119
2022-07-14,359.151123046875,-0.1468818886271782,0.7067139036984772
2022-07-15,11452.419921875,-0.05619266016085575,-0.8434523574416224
2022-07-15,366.0126037597656,-0.0873961518310054,1.0366061792317096
2022-07-18,11360.0498046875,-0.19082376969898987,0.08734657093161761
2022-07-18,362.9905090332031,-0.5625620950065968,-0.2052809952604091
2022-07-19,11713.150390625,-0.12145919992885494,-0.1723954823322089
2022-07-19,372.79827880859375,0.09169562356840312,-0.11135426683009768
2022-07-20,11897.650390625,0.35195073310298874,-0.3283107661229068
2022-07-20,375.1741638183594,0.5175943389596088,-0.710890787055737
2022-07-21,378.99456787109375,-0.1744442677726256,-0.6657552329829837
2022-07-21,12059.6103515625,-0.038524082973702356,0.13714041003537294
2022-07-22,11834.1103515625,0.0038366766852012952,0.9824872165965701
2022-07-22,375.478271484375,0.01803726783483756,-1.3595949828806908
2022-07-25,11782.669921875,-0.21765377425463342,-0.4667946635454264
2022-07-25,375.9344787597656,-0.30713159421395725,-0.29060392041405814
2022-07-26,371.4867858886719,-0.0856328094788314,0.9448106038287992
2022-07-26,11562.5703125,-0.39359311929441343,-0.07417768241575669
2022-07-27,12032.419921875,-0.23322810687103018,-0.28326065925216065
2022-07-27,381.13287353515625,-0.06792029243205412,-0.34120219850141414
2022-07-28,385.9132995605469,-0.22778952187843937,-0.3579647782442808
2022-07-28,12162.58984375,-0.24172701725907977,0.2555122234832727
2022-07-29,12390.6904296875,0.020546475789836025,-0.06980638297699976
2022-07-29,391.5393371582031,0.37322485277080775,-0.466206523192403
2022-08-01,12368.98046875,-0.3862966753887509,0.11896307393787901
2022-08-01,390.3799133300781,-0.14265373911790166,0.23312422318240075
2022-08-02,12348.759765625,-0.06330151786676404,-0.3114716908695312
2022-08-02,387.8044738769531,0.1724279058213915,-0.5970217458213009
2022-08-03,12668.16015625,-0.2876322259289986,0.245494812434183
2022-08-03,393.8772277832031,-0.38697686507328666,-1.0406541843284787
2022-08-04,12720.580078125,0.22211412462120095,0.5925853483008598
2022-08-04,393.6111755371094,0.2780506545127649,-0.38878808776836804
2022-08-05,392.9458618164063,0.34134866192550833,0.8478053429382977
2022-08-05,12657.5498046875,0.20827239014806212,-0.24682915902702787
2022-08-08,12644.4599609375,-0.5437129404234383,1.0044244248834564
2022-08-08,392.48968505859375,-0.3251169743429125,0.07898028144723977
2022-08-09,12493.9296875,0.9207744578947615,0.7609127742318511
2022-08-09,390.9311218261719,3.687894253958496,0.7875236832543104
2022-08-10,12854.7998046875,-0.6182792791707866,0.11993620079506867
2022-08-10,399.1422424316406,-0.2232303530945947,-0.09063424430172969
2022-08-11,12779.91015625,0.17334630096857215,-0.05492968006563643
2022-08-11,399.1422424316406,0.07036154386254889,0.1039177641952038
2022-08-12,13047.1904296875,-0.3154677003004382,-0.23249609210322345
2022-08-12,405.8993835449219,0.46940743999879275,-0.24776581390249844
2022-08-15,13128.0498046875,0.40412913566961883,-0.03593255849557669
2022-08-15,407.5719909667969,-0.2643717266561108,0.02563791579691272
2022-08-16,13102.5498046875,0.3558695718338911,0.08052693323819511
2022-08-16,408.3702392578125,0.613183272894915,0.11436699791653303
2022-08-17,12938.1201171875,1.0673694209270217,-0.4282317296990337
2022-08-17,405.47161865234375,-0.5538644395774328,-0.4531610022369008
2022-08-18,12965.33984375,1.0679290249127773,-0.03892874819065614
2022-08-18,406.650146484375,0.942843169244605,0.23596626994837944
2022-08-19,12705.2197265625,-1.268172765974975,0.4088736764578199
2022-08-19,401.18560791015625,-2.663085912859649,0.9650699727438843
2022-08-22,12381.5703125,-0.630782339959147,0.2332614479728053
2022-08-22,392.8319396972656,-0.4711128661011186,0.08180753508563508
2022-08-23,12381.2998046875,-0.17022002470995612,-0.04935623636955151
2022-08-23,391.8815612792969,0.22350504980845654,-0.6647133316705082
2022-08-24,12431.5302734375,0.695229097918709,0.37091860736249055
2022-08-24,393.1360168457031,-0.1915585169345264,-0.5485059037912461
2022-08-25,12639.26953125,0.27162901282283286,0.31331797131642247
2022-08-25,398.6861267089844,0.48255172125085444,-0.17288418942109143
2022-08-26,385.19091796875,0.2535375651564053,-0.5004454061920504
2022-08-26,12141.7099609375,-0.022919370242142488,-1.118184747897708
2022-08-29,382.6440124511719,-0.044585660114421236,0.09018393539035816
2022-08-29,12017.669921875,0.05109256800497935,1.813715860612093
2022-08-30,378.44342041015625,0.08087166252671353,0.9006654939198387
2022-08-30,11883.1396484375,-0.007748153513928914,0.3979602978414505
2022-08-31,375.5638427734375,0.06541996010067316,-2.0371804874209967
2022-08-31,11816.2001953125,0.16564128434984518,-1.5563996718805113
2022-09-01,376.7422180175781,0.14122006596489264,0.5719918175859008
2022-09-01,11785.1298828125,0.27588622958305453,-0.030469454011228164
2022-09-02,372.769775390625,0.3681259434108927,-0.7040708478558163
2022-09-02,11630.8603515625,0.41121301636608,-0.9991353539728941
2022-09-06,371.3631896972656,0.3291117869426275,0.5940628865549186
2022-09-06,11544.91015625,0.6058664734207846,-0.16036606752210827
2022-09-07,378.0347290039063,0.2138012760726476,0.8970518665662447
2022-09-07,11791.900390625,0.13701215259520855,-0.2726537347284671
2022-09-08,380.5056762695313,0.6157903161375546,0.19652465191585616
2022-09-08,11862.1298828125,-0.05465190343619511,-0.1954780117798072
2022-09-09,386.4168701171875,-0.10285062967473205,-0.11724794064193099
2022-09-09,12112.3095703125,0.10029880193066606,0.3485731830343427
2022-09-12,390.5700378417969,0.015516083569503897,-0.6858975462743108
2022-09-12,12266.41015625,0.022253111461859192,0.6738506267835431
2022-09-13,373.5870361328125,-0.5757963206182332,0.4770738111885947
2022-09-13,11633.5703125,-0.04403743720126464,-0.13263927849931498
2022-09-14,375.0125427246094,-0.19484956649444996,-0.45882530219939394
2022-09-14,11719.6796875,-0.025001461496200226,-0.43898873870726474
2022-09-15,370.75494384765625,-0.49481574316028293,-0.529462346511271
2022-09-15,11552.3603515625,-0.06018772119962538,-0.3672935629100046
2022-09-16,367.9264831542969,-0.15422990927785798,0.4130367200896554
2022-09-16,11448.400390625,0.0001515763478317861,0.10990529084332253
2022-09-19,11535.01953125,-0.5763377016632527,2.4575352207660144
2022-09-19,370.7797546386719,-0.3746583169533198,-0.6771831986522904
2022-09-20,366.5237731933594,0.28775230981393635,0.23550115772669203
2022-09-20,11425.0498046875,0.2441127062032387,-0.36443989115726155
2022-09-21,11220.1904296875,-0.38796475290553534,-3.0133316999778303
2022-09-21,360.13018798828125,0.20568415139931956,4.353050575956462
2022-09-22,357.10516357421875,-0.3573901546906904,0.890749680186948
2022-09-22,11066.8095703125,-0.018356705351799927,-3.0269773787359533
2022-09-23,351.1219482421875,-0.8522196469282145,0.17853069402675054
2022-09-23,10867.9296875,0.09885906139336545,0.21711853913131596
2022-09-26,347.6483764648437,1.7622105905329881,-0.19209121347229605
2022-09-26,10802.919921875,0.2017616682031987,-0.015017227702097376
2022-09-27,10829.5,-0.16351488549885795,0.2508728566427528
2022-09-27,346.7609558105469,-0.7025898617807617,-0.19788653249956734
2022-09-28,11051.6396484375,0.4160915247587817,0.23549116937378045
2022-09-28,353.5839538574219,0.7005780193795621,0.4442435056504265
2022-09-29,346.1979064941406,0.5135982123123202,-0.09915900033899164
2022-09-29,10737.509765625,0.2971278438476724,-0.6737523066262753
2022-09-30,10575.6201171875,-0.898968601156868,0.3274815565693021
2022-09-30,340.8444519042969,1.550988343711095,-0.23932780631845998
2022-10-03,349.8432006835937,0.37677618915307926,0.3880711312893627
2022-10-03,10815.4296875,-0.1887275162554875,-0.14564317806363464
2022-10-04,360.68365478515625,-0.2957389330317732,-0.09215790876746899
2022-10-04,11176.41015625,-0.4382792254129003,-1.0869777070626305
2022-10-05,359.8438720703125,-0.9459581339635645,0.43061044065393167
2022-10-05,11148.6396484375,0.8682619339924739,-1.675249723573016
2022-10-06,356.1318359375,-0.13959985813979703,0.4362545063398075
2022-10-06,11073.3095703125,-0.085906976448822,0.4071876672694799
2022-10-07,10652.400390625,0.5618683132145644,2.4785013530066946
2022-10-07,346.1979064941406,-0.2337862449817091,-1.1486049565336964
2022-10-10,343.5545654296875,-0.31518470385139263,-0.276064796401458
2022-10-10,10542.099609375,-0.3656535462219358,0.39836756619234087
2022-10-11,341.3788757324219,0.03674649994048109,-0.39910806833906676
2022-10-11,10426.1904296875,0.033194354083804396,0.07978264896847777
2022-10-12,340.2528381347656,-0.3697606435565504,1.8752892086785795
2022-10-12,10417.099609375,-0.06911923938180926,2.118030541614946
2022-10-13,349.23248291015625,0.18020822608262363,-0.19636084174157825
2022-10-13,10649.150390625,0.11333669332887224,-0.3192109961066339
2022-10-14,341.2738952636719,-0.006761921676348818,-0.3556713254781827
2022-10-14,10321.3896484375,-0.22565357910451725,-1.4304543094015496
2022-10-17,10675.7998046875,0.010140793777561809,0.18812764205378174
2022-10-17,350.0435485839844,-0.18043212016028837,-0.8757609064165102
2022-10-18,10772.400390625,0.07003439833753179,0.9571423398230652
2022-10-18,354.156494140625,0.010915839887205231,-1.5695456805180275
2022-10-19,10680.509765625,-0.20438477758225945,0.3380014853570892
2022-10-19,351.6467590332031,-0.12164133795146193,0.6913796308239396
2022-10-20,348.69805908203125,0.04257618546678864,1.9051844681123582
2022-10-20,10614.83984375,0.09156022926464916,-2.205599138566091
2022-10-21,10859.7197265625,-0.06875594833511346,1.7585088095032058
2022-10-21,357.1719665527344,-0.022954956911204777,-0.6521382253340472
2022-10-24,361.54248046875,0.45084674278294257,0.6224150172406162
2022-10-24,10952.6103515625,-0.6755218007679807,-0.6663944028383092
2022-10-25,11199.1201171875,0.05563749466069476,-0.151889464788783
2022-10-25,367.3157958984375,-0.04973067283837169,-0.40177314705884243
2022-10-26,364.5483703613281,1.120539412309465,0.813062040412197
2022-10-26,10970.990234375,-0.07273024861021007,-0.8003348658448491
2022-10-27,10792.669921875,-0.19264838869332113,0.15884013334630726
2022-10-27,362.6017456054688,-0.28485818559577586,-0.5837696416673888
2022-10-28,11102.4501953125,0.2119321832402057,-1.8228985549108032
2022-10-28,371.2282409667969,-0.11337267713392545,1.9557039017991855
2022-10-31,10988.150390625,-0.05926499124743604,0.22125056788427375
2022-10-31,368.5467529296875,0.09518209558058716,0.7987099038519154
2022-11-01,10890.849609375,-0.0469339958969627,-0.2805499118319448
2022-11-01,366.93408203125,-0.1933678380404589,0.12220290168513659
2022-11-02,10524.7998046875,-0.10225353076234917,0.348619352685171
2022-11-02,357.7254943847656,0.14239806160598395,-0.7142781115380732
2022-11-03,354.0419921875,-0.010847724863970662,-0.25663488887653824
2022-11-03,10342.9404296875,0.47316153171694886,0.4684399198730469
2022-11-04,10475.25,-0.22289466508505779,-2.2414808440012886
2022-11-04,359.13775634765625,0.2564781684496963,-0.6314035393741323
2022-11-07,362.5731506347656,-0.12200592569173851,0.34552894275571056
2022-11-07,10564.51953125,-0.15754223183592617,0.2198675227442243
2022-11-08,364.52935791015625,0.025487186477877274,-0.28620175873085096
2022-11-08,10616.2001953125,0.021003247177394328,0.5681520479614253
2022-11-09,357.019287109375,-0.3373108691504904,0.5264143294723169
2022-11-09,10353.169921875,-0.12966278734457232,-0.7470805392644079
2022-11-10,11114.150390625,-0.3111705106661608,-0.7814371530196214
2022-11-10,376.6389465332031,-0.2861310063053281,-1.0156476764096385
2022-11-11,11323.330078125,0.14713031310617303,-0.40268902392635453
2022-11-11,380.2842712402344,0.30895673520969746,-0.25081863225786105
2022-11-14,11196.2197265625,0.6507855811027699,-0.08228933374150425
2022-11-14,377.04931640625,-0.3229383141017186,0.19127600760677982
2022-11-15,380.2651977539063,1.3627578643008313,-0.08147702481825748
2022-11-15,11358.41015625,-0.49108626169281966,0.18953422462615743
2022-11-16,11183.66015625,-0.8496602103427179,0.08522280986215865
2022-11-16,377.36419677734375,0.37090411760746583,0.10314536356394226
2022-11-17,11144.9599609375,-0.25208508345670366,-0.17323655389676054
2022-11-17,376.2095336914063,0.9765165626775861,0.015872699233327174
2022-11-18,377.9176940917969,-0.052184033395642336,0.019463970484132218
2022-11-18,11146.0595703125,0.7939112540326482,0.05621183018833557
2022-11-21,11024.509765625,-0.00755853537905582,-0.10598564468345631
2022-11-21,376.5435791015625,-1.2898492127079046,-0.042019832233452833
2022-11-22,11174.41015625,-0.16083847088206701,0.25061004308304846
2022-11-22,381.6107177734375,-0.9605879217225968,0.24262852223957215
2022-11-23,11285.3203125,0.29302216068805587,0.23014800827620746
2022-11-23,384.0154113769531,-0.5577663160980407,0.2951174867733675
2022-11-25,11226.3603515625,-0.161480807280059,0.021233005405908528
2022-11-25,383.9295654296875,0.02941306165246817,0.4385797038333432
2022-11-28,377.8031921386719,-0.47091104402427747,0.8690168506057347
2022-11-28,11049.5,0.5348458925500119,1.7920176742152856
2022-11-29,377.1542663574219,-1.1356428782619536,1.33106098066597
2022-11-29,10983.7802734375,0.5990475199364591,1.5689816607250742
2022-11-30,389.0348510742188,0.3787264201477066,1.9183845024020416
2022-11-30,11468.0,0.6290831697062316,2.1004128579031662
2022-12-01,11482.4501953125,0.08670821486728952,2.374236513089255
2022-12-01,388.7485656738281,1.0975674638938036,2.757572034460484
2022-12-02,11461.5,-0.7023383822419124,3.2812061226471942
2022-12-02,388.3001098632813,0.6165116030856183,3.3349501119795932
2022-12-05,11239.9404296875,0.6571286985847125,6.778260375706732
2022-12-05,381.3148193359375,1.023959049876914,7.300847758296519
2022-12-06,11014.8896484375,-0.1306233507565646,9.045632480995645
2022-12-06,375.81829833984375,0.29949263623999595,8.832296041733748
2022-12-07,375.1788940429688,0.15624053035189508,10.811181950567168
2022-12-07,10958.5498046875,0.0877547661721953,11.151489269201448
2022-12-08,378.1180725097656,0.3917922965600001,13.506772195219334
2022-12-08,11082.0,0.061923613662322616,13.498309747882168
2022-12-09,375.2934875488281,-0.14196975722565086,16.3109415216219
2022-12-09,11004.6201171875,-0.05594258396039497,16.658365340843876
2022-12-12,11143.740234375,0.23568644911110395,27.717883209663952
2022-12-12,380.7041320800781,0.3699902407917851,27.88937200652131
2022-12-13,383.58599853515625,0.43179747949971237,32.717848102839454
2022-12-13,11256.8095703125,-0.22136029314397695,31.976903004708117
2022-12-14,11170.8896484375,-0.6472808383482656,37.10514949081717
2022-12-14,381.1334838867188,-0.5804315118402994,37.35167614634792
2022-12-15,371.810302734375,-0.7932923058791008,43.189437563971254
2022-12-15,10810.5302734375,0.9392810372254135,42.87310976573734
2022-12-16,10705.41015625,1.4791944390125622,48.695889763566
2022-12-16,367.4207458496094,0.6673186170785526,48.692497541346164
2022-12-19,364.30511474609375,-0.3106658599182902,66.65529052714392
2022-12-19,10546.0302734375,0.06069178577369793,66.27854139260303
2022-12-20,364.8036193847656,-0.387528385818739,72.56685759520118
2022-12-20,10547.1103515625,0.3009117227326623,72.76207099807971
2022-12-21,370.2582702636719,0.2988832436193129,78.27822797391602
2022-12-21,10709.3701171875,-0.32953378129863653,78.18312086858217
2022-12-22,364.9762268066406,-0.0615657581956808,83.60870304457333
2022-12-22,10476.1201171875,-0.43473108265443,83.51660148609727
2022-12-23,10497.8603515625,0.41246988713436844,88.046922316429
2022-12-23,367.0756530761719,0.042532037411728195,88.46001513649779
2022-12-27,10353.23046875,0.4791641769518175,99.38202492348852
2022-12-27,365.6280517578125,1.3070861872716968,99.47989204195923
2022-12-28,10213.2900390625,-0.148197027355698,99.82621204574843
2022-12-28,361.0840759277344,-0.6019346953864121,99.79402781508028
2022-12-29,367.5837097167969,0.5045767376941682,2.1213553182374723
2022-12-29,10478.08984375,-0.10641777824410176,10.591403768973153
2022-12-30,10466.48046875,0.3504988459913634,5.345809377272909
2022-12-30,366.6154479980469,-0.4096057774752706,-3.5594949463994454
2023-01-03,365.072021484375,-1.3585124439835818,-2.5301244077659324
2023-01-03,10386.98046875,-0.3565056298776922,4.275495461670859
2023-01-04,10458.759765625,0.3399438248507788,-1.9059247808766209
2023-01-04,367.8904724121094,0.0823497711358011,1.9148069758754143
2023-01-05,10305.240234375,-0.3190283430923179,-1.504607681169873
2023-01-05,363.6916198730469,-0.3688992042512665,-1.6379182180588863
2023-01-06,10569.2900390625,-0.48018891805064623,0.2800090974643842
2023-01-06,372.0318908691406,0.4681592488870475,0.1701521630108602
2023-01-09,10635.650390625,0.20210994377841693,-0.25267118380900916
2023-01-09,371.8208923339844,0.13497209375558755,0.0824324405574757
2023-01-10,10742.6298828125,-0.38109365058170447,-1.360193691931168
2023-01-10,374.428466796875,-0.3553830862499408,1.034196835243642
2023-01-11,10931.669921875,-0.10836425499419981,1.2499877399144004
2023-01-11,379.1640930175781,0.10405303287123484,-0.09351869500257817
2023-01-12,11001.099609375,-0.1006324442022582,-1.7531647524385923
2023-01-12,380.5445861816406,0.09355439164095965,0.6969062027546034
2023-01-13,382.02093505859375,-0.4150874481347006,0.14756887855289824
2023-01-13,11079.16015625,-0.3163114938152636,-0.7384709015035416
2023-01-17,11095.1103515625,0.4408009219748269,2.392715443033764
2023-01-17,381.3211364746094,-0.10140671228866245,0.449331827253298
2023-01-18,10957.009765625,-0.07748094193775672,1.251582384674282
2023-01-18,375.3008117675781,0.2924146740907561,-0.11022196470886474
2023-01-19,372.5686645507813,-0.02275311354229168,-0.31914742666561974
2023-01-19,10852.26953125,0.1299688879081276,0.4283974386607986
2023-01-20,379.50921630859375,-0.20159234769993792,0.29067378075904915
2023-01-20,11140.4296875,0.17562446582219965,-2.1184291142800458
2023-01-23,11364.41015625,0.04900081406689632,0.9941417747986397
2023-01-23,384.0628051757813,-0.22972865952172164,-0.9232282564764958
2023-01-24,383.6506652832031,-0.7909878625177874,-1.0547625774327056
2023-01-24,11334.26953125,-0.13309286903073636,0.6973923565251133
2023-01-25,383.79443359375,0.0613571243256941,0.005576965684561789
2023-01-25,11313.3603515625,0.15666093772743261,0.17824226304041418
2023-01-26,388.012451171875,-0.0046451083820931195,-0.5344263489271777
2023-01-26,11512.41015625,0.0700992568627566,0.26945990654611357
2023-01-27,388.9039916992188,0.0878788664483992,0.6918847611348429
2023-01-27,11621.7099609375,0.4155962263399223,0.8523219351550663
2023-01-30,384.0244445800781,-0.16623347663124155,0.20954086100670802
2023-01-30,11393.8095703125,-0.07127322897513329,0.050685199555329505
2023-01-31,389.6708984375,0.26646123763773466,-0.2113130065856071
2023-01-31,11584.5498046875,0.3577049810869542,-0.013738723486950861
2023-02-01,393.8122863769531,-0.2861488870777062,-0.3612979418190956
2023-02-01,11816.3203125,-0.7390132143446239,0.38082807341592845
2023-02-02,12200.8203125,0.4444814309313741,-1.067045790697972
2023-02-02,399.5450134277344,-0.30885931347002227,-0.6512797798750914
2023-02-03,12006.9501953125,-0.23975256579920717,0.356137963456942
2023-02-03,395.2982177734375,0.19230978790285735,-0.3479122845423058
2023-02-06,11887.4501953125,-0.7642353718348974,-0.03909719581138667
2023-02-06,392.8824157714844,-0.33863290421199094,0.17665324435058175
2023-02-07,398.020751953125,-0.6037947193213437,-0.2043967478325527
2023-02-07,12113.7900390625,-0.3956215688434333,0.4206280565503823
2023-02-08,393.6684875488281,-0.47614012310509013,-0.09244292878790271
2023-02-08,11910.51953125,-0.42384129321908703,-0.027830144243901702
2023-02-09,11789.580078125,-0.38476421705324804,-0.7803425542744687
2023-02-09,390.2556762695313,1.2916631479833462,-0.2526003212228409
2023-02-10,11718.1201171875,0.6509357136647019,-1.2445272589895728
2023-02-10,391.16644287109375,1.23006132600112,2.7727711713648895
2023-02-13,395.7583312988281,1.5553878282606013,0.2953482792716392
2023-02-13,11891.7900390625,0.45609177432670867,0.6778078765292943
2023-02-14,395.57623291015625,0.4137594074760802,-0.21960650374576593
2023-02-14,11960.150390625,-0.7726472792083692,0.4357718290782649
2023-02-15,396.8608093261719,-0.7627765156801068,0.8920815693654567
2023-02-15,12070.58984375,-0.44904595686879173,0.4764543679406687
2023-02-16,391.3965148925781,0.739743349236881,-0.1181085596162578
2023-02-16,11855.830078125,0.24259943749821672,-0.8969076651262555
2023-02-17,390.4187316894531,-0.09173470479676146,0.7425063285804887
2023-02-17,11787.26953125,0.7011737187455157,-0.20192163233642615
2023-02-21,11492.2998046875,0.29949604593497153,-0.5601152730084303
2023-02-21,382.5865478515625,0.024535732510925723,2.1542629524682892
2023-02-22,11507.0703125,0.3472787890759766,-2.378357689633814
2023-02-22,382.0592651367188,0.001224596582297019,0.674413745167062
2023-02-23,11590.400390625,-0.13202415455986752,-0.39627117255568634
2023-02-23,384.0915222167969,0.4074192383602549,3.754103133991563
2023-02-24,11394.9404296875,-0.16756450083740845,-1.1279159984389004
2023-02-24,379.9885864257813,0.3459989257435717,0.4472201595685335
2023-02-27,11466.98046875,-0.47732003254217975,-0.3827812652400578
2023-02-27,381.2827758789063,-0.11814708700498083,-0.5055198694500103
2023-02-28,379.8735656738281,-0.22682857614963745,0.06784941765620557
2023-02-28,11455.5400390625,-0.26443381448763803,-1.4000379532603628
2023-03-01,378.4164123535156,-0.11944968997195578,-0.45443580233169406
2023-03-01,11379.48046875,-0.3138947766062349,1.876162059358655
2023-03-02,11462.98046875,-0.13773221202925293,-0.8759437289223031
2023-03-02,381.35943603515625,0.2767429907118104,-0.08087528364884798
2023-03-03,11689.009765625,-0.30499581677730525,-1.8178150839013032
2023-03-03,387.4755859375,-0.4645001890254902,0.17119343076624752
2023-03-06,387.7441101074219,-0.6506771498694375,2.552057325681376
2023-03-06,11675.740234375,-0.5102615347557413,-0.8302063921672759
2023-03-07,11530.330078125,-0.2874634286013509,-0.445210323996104
2023-03-07,381.8004455566406,-1.025615821732541,-1.7494294807558026
2023-03-08,382.423583984375,0.8477469736986474,-0.45337443739985195
2023-03-08,11576.0,-0.7388654038705924,-0.8070515939848977
2023-03-09,11338.349609375,-0.4243405669500923,-5.198574950570654
2023-03-09,375.3678894042969,-0.3439528496601278,15.37328667182498
2023-03-10,369.9515380859375,0.4304051601339343,0.09376358474160071
2023-03-10,11138.8896484375,-1.1777493381245514,2.388337199623906
2023-03-13,369.4243469238281,0.7870984149823425,-1.6266107197620008
2023-03-13,11188.83984375,0.4168051241145982,-1.6913415761800037
2023-03-14,375.5308837890625,-0.10987748034753486,-1.1013085167444627
2023-03-14,11428.150390625,-0.13356639347762803,-1.4082394430782104
2023-03-15,373.1822204589844,-0.4053443500305466,2.3472548320402415
2023-03-15,11434.0498046875,0.27385861837253034,0.5291747065277822
2023-03-16,379.729736328125,-0.12789300285825916,-1.5630866487929163
2023-03-16,11717.2802734375,0.2874651160154013,-2.106826668651229
2023-03-17,375.2896728515625,-0.7949218224977102,-0.11198966790651925
2023-03-17,11630.509765625,0.40281896732925465,0.5031043767792346
2023-03-20,378.8983459472656,-0.026643729735812152,-1.501840706894819
2023-03-20,11675.5400390625,0.13973911109399384,-0.43034088807023835
2023-03-21,383.8735656738281,-0.009838216876989396,2.5438498932799414
2023-03-21,11860.1103515625,-0.10768169307080006,-0.08445447988349238
2023-03-22,377.3297729492188,-0.03659059537813931,-1.770929840818841
2023-03-22,11669.9599609375,0.31805956740321883,2.2192967951475806
2023-03-23,378.3498229980469,0.042473724374688056,-0.12668960666598802
2023-03-23,11787.400390625,0.3866644439393748,0.9299175567411535
2023-03-24,11823.9599609375,0.6772954823399252,0.7712055201055681
2023-03-24,380.8325805664063,0.6645060148813181,-0.5995287182898106
2023-03-27,11768.83984375,0.050429057569869734,0.6538965430728031
2023-03-27,381.5447082519531,0.08134295912735894,-0.2130493644846694
2023-03-28,11716.080078125,-0.3509552938505843,-0.22251389581057546
2023-03-28,380.6882934570313,-0.18963325974159245,-1.2939859545892316
2023-03-29,11926.240234375,-0.7054486906279084,1.0483420384193072
2023-03-29,386.2214965820313,-0.4743617179240897,0.8358191306168036
2023-03-30,388.4829406738281,-0.7097974907058903,-0.22359124135847136
2023-03-30,12013.4697265625,-0.3756590991662674,0.458258300805424
2023-03-31,393.9584655761719,0.7385605816913156,0.024913829379095073
2023-03-31,12221.91015625,1.1275312121793737,0.6202236237573556
2023-04-03,12189.4501953125,-0.450928695542935,0.24437615340235286
2023-04-03,395.4596557617188,-0.30075696943448965,0.19119244234063276
2023-04-04,12126.330078125,-0.11875313476063258,-0.15847062405213536
2023-04-04,393.2655944824219,-0.08506762023995737,-0.2671690159638096
2023-04-05,392.2359313964844,-0.4882482035830111,-0.20560758566002627
2023-04-05,11996.8603515625,-0.5873966449692598,-0.7673433718616943
2023-04-06,12087.9599609375,0.16404325120364185,0.5209929869743587
2023-04-06,393.7659606933594,0.7562428721813449,0.26534013958022185
2023-04-10,394.1701354980469,1.873630091002553,0.12714250177967723
2023-04-10,12084.3603515625,0.7723606125658328,-0.04968532737625005
2023-04-11,394.2760009765625,-0.15633322787754744,0.42683211518009123
2023-04-11,12031.8798828125,0.9978709045594614,-0.23503838149972278
2023-04-12,11929.33984375,-1.1986792082753206,-0.22237610275049233
2023-04-12,392.6689147949219,-1.1703500403214862,-0.07438090832237414
2023-04-13,397.8846435546875,-0.8629127941321881,0.014437670900603885
2023-04-13,12166.26953125,-0.7330477886494726,0.6193243168976356
2023-04-14,396.9127502441406,-0.26835251432358026,0.4824032033267094
2023-04-14,12123.4697265625,0.4057564993486882,-0.7369484031979446
2023-04-17,12157.7197265625,0.3205866678931689,0.09887420341131863
2023-04-17,398.3370056152344,-0.2331664924014595,0.44617462657342716
2023-04-18,12153.41015625,-0.8709521174736738,-0.11716496641477535
2023-04-18,398.59674072265625,-1.9894805099315145,0.12467350100245439
2023-04-19,12157.23046875,1.8101879013387985,0.12120917886601612
2023-04-19,398.5294189453125,1.4337447976608053,0.12650656493859844
2023-04-20,396.3545837402344,-0.21212107044913306,-0.38251761338680734
2023-04-20,12059.5595703125,0.643811116627955,-0.37065065143100967
2023-04-21,396.6625061035156,0.7748169888427376,-0.41352694112077043
2023-04-21,12072.4599609375,0.5771939675327266,-0.34470009572952365
2023-04-24,12037.2001953125,1.3722472874615235,-0.019826874255090044
2023-04-24,397.0763549804688,-2.673471965153222,-0.03144512368569222
2023-04-25,11799.16015625,-0.8036549086416969,0.18543386946805188
2023-04-25,390.773193359375,-1.3081056979962236,-0.4247098897028846
2023-04-26,11854.349609375,-0.8764136288942698,-0.5655500921859203
2023-04-26,389.1180419921875,-0.23974199346507455,-0.6399279659840003
2023-04-27,396.8645935058594,0.9361427190609902,0.2103723538782629
2023-04-27,12142.240234375,0.7457543010977937,0.20084922682186776
2023-04-28,400.251953125,-0.15937085480768257,0.013516309913932385
2023-04-28,12226.580078125,-0.012608809387112264,-0.18639130189013395
2023-05-01,12212.599609375,0.24075383490333724,-0.3565653529679552
2023-05-01,399.8477478027344,2.2814695984691333,-0.03472124059572349
2023-05-02,12080.509765625,0.8815633977562162,-0.6769531141515146
2023-05-02,395.3537902832031,0.8623942452460773,-0.5865764046728166
2023-05-03,12025.330078125,0.012259410429672159,1.9311778459473612
2023-05-03,392.64007568359375,0.5599235096022521,1.5077399727584249
2023-05-04,11966.400390625,-0.07095441972925204,-0.237284045771277
2023-05-04,389.8590087890625,-0.4690275226047306,-0.31726019867960525
2023-05-05,397.0763549804688,0.28720438776632823,-0.4369271935592433
2023-05-05,12235.41015625,-0.7843269920918148,-0.4617552390071582
2023-05-08,397.1821594238281,-0.03384448568029992,-0.2788603374141188
2023-05-08,12256.919921875,0.26173292573184076,0.019279494753507216
2023-05-09,12179.5498046875,0.47943273083216065,-0.24384450325892024
2023-05-09,395.4403991699219,0.20163834080618787,-0.250256139796198
2023-05-10,397.2879943847656,-0.7076375618982226,-0.1276814393601762
2023-05-10,12306.4404296875,0.0027990149884521342,-0.3560780106760442
2023-05-11,396.59515380859375,-0.5246723781070615,0.22447386229323457
2023-05-11,12328.509765625,0.01896443375902783,-0.3358393373415342
2023-05-12,396.0755004882813,0.11293849501624008,-0.4051696231310479
2023-05-12,12284.740234375,-0.0001360549899375507,-0.5682939062950444
2023-05-15,397.4419860839844,-0.22839284504900825,0.47569871185284945
2023-05-15,12365.2099609375,0.6618897729152663,0.8403657998186111
2023-05-16,394.7860107421875,-0.5556807384841662,-0.32939260566056394
2023-05-16,12343.0498046875,-0.5496288357172467,0.009013906596700368
2023-05-17,12500.5703125,-0.18303185766675809,-0.38629334878889177
2023-05-17,399.5782775878906,-0.4479067392065476,-0.10906778575068153
2023-05-18,403.427490234375,0.1080184704598331,-0.6864333222673308
2023-05-18,12688.83984375,0.21875285895867846,0.3449738738481728
2023-05-19,402.8404541015625,0.16772504786118125,0.22816115957172517
2023-05-19,12657.900390625,-0.011741115618158385,0.19207755873616406
2023-05-22,403.0041198730469,-0.20239478370433178,-0.0465228991027025
2023-05-22,12720.7802734375,0.10572801574889928,-0.08494353260564413
2023-05-23,12560.25,0.017124382807299568,-0.22126990484443587
2023-05-23,398.4812316894531,-0.21595270809973918,-0.057390618487929715
2023-05-24,395.5943298339844,-0.4372323978337996,-0.764029287450427
2023-05-24,12484.16015625,0.05289235798122064,0.40502543322538304
2023-05-25,399.0201416015625,-0.7723123743782191,0.07090861693071171
2023-05-25,12698.08984375,0.011081920833806281,0.11683028837447726
2023-05-26,404.1877136230469,1.175078750951751,0.6134395029667629
2023-05-26,12975.6904296875,0.5569195242253273,0.9760167115890722
2023-05-30,404.3417053222656,-0.12561417345525244,-0.7278591229795981
2023-05-30,13017.4296875,0.9048747749914973,0.036046904185724205
2023-05-31,12935.2900390625,0.0816479196614454,0.2790286856911211
2023-05-31,402.0995788574219,0.057531011201980196,0.11651308541314205
2023-06-01,13100.98046875,-0.2635275113012295,0.17304029941681015
2023-06-01,405.9198913574219,0.2088432735201474,0.029603947696907988
2023-06-02,411.7899169921875,-0.2133646998216298,-0.20532922582552982
2023-06-02,13240.76953125,0.15069414766909514,0.05641719898990172
2023-06-05,411.0009460449219,0.004054683652271393,0.2084854933706175
2023-06-05,13229.4296875,-0.48257459229467603,-0.08978314278158658
2023-06-06,13276.419921875,-0.463058406427299,-0.34677585256242033
2023-06-06,411.8958435058594,0.5248536390784715,0.13546376827432505
2023-06-07,410.47161865234375,-0.23923477639431429,-0.31309239396065924
2023-06-07,13104.900390625,0.08885310977577011,0.4755109639438606
2023-06-08,412.954345703125,-0.16780368186534658,-0.2129758967225862
2023-06-08,13238.51953125,-0.345032516207166,-0.2732542325483385
2023-06-09,413.6953430175781,-0.20961742703307792,-0.4317157203280994
2023-06-09,13259.1396484375,0.33178668583431437,-0.46985859111817674
2023-06-12,417.44830322265625,-0.10304080921899234,0.16026105815283573
2023-06-12,13461.919921875,0.15895991651793287,0.14153732647612188
2023-06-13,13573.3203125,-0.5610330089206744,0.030593068682717613
2023-06-13,420.2005004882813,-0.5256129270421676,0.10761020032474256
2023-06-14,13626.48046875,-0.17578706420653276,-0.23865740802869762
2023-06-14,420.700927734375,-0.38648873308949566,0.09291805056579391
2023-06-15,13782.8203125,0.2815241196463843,-0.2311480937821226
2023-06-15,425.9166259765625,0.15958179938868772,-0.24743520798970678
2023-06-16,13689.5703125,0.004138775943328413,-0.18440738908808976
2023-06-16,424.4658203125,0.23687071191636005,-0.2885660127839097
2023-06-20,422.263671875,0.020283964620857808,0.05501518400313668
2023-06-20,13667.2900390625,-0.0749269349690967,-0.09570056000210712
2023-06-21,13502.2001953125,-0.20159553471246525,0.39004626091490097
2023-06-21,420.1000671386719,0.21904130244211237,0.08555645541033813
2023-06-22,421.6165161132813,-0.39826391208967654,0.13736865173489513
2023-06-22,13630.6103515625,0.3988225890348747,-0.17775331713225306
2023-06-23,13492.51953125,0.08134659680637973,-0.3223295074559329
2023-06-23,418.4290771484375,0.5912386423604901,-0.5438498920490933
2023-06-26,416.7195129394531,-0.2719767114540343,0.1424813736204559
2023-06-26,13335.7802734375,-0.21589465406494268,-0.45868938576103235
2023-06-27,421.28814697265625,-0.08659717476799517,0.9551275906643849
2023-06-27,13555.669921875,0.10899455741001264,-0.24269824163860473
2023-06-28,13591.75,-0.0410599720305931,0.2316034835933084
2023-06-28,421.5006713867188,-0.46221644449435895,-0.31504722075118174
2023-06-29,423.1618957519531,-1.0073119116049698,0.11361081830610356
2023-06-29,13591.330078125,-0.7624118821098714,-0.4278920974513061
2023-06-30,13787.919921875,5.152627262787569,-0.2531039791843898
2023-06-30,428.155517578125,-2.6898858256131524,-0.03290325107672741
2023-07-03,13816.76953125,0.3921741204595274,1.8652123875981852
2023-07-03,428.6481018066406,0.5806221320536351,-0.801537712322819
2023-07-05,428.0106201171875,0.5074724336568209,1.275960129699949
2023-07-05,13791.650390625,0.49064300191866367,-1.0108396816657355
2023-07-06,424.6590576171875,0.012681688015550651,-0.3194568847746133
2023-07-06,13679.0400390625,-1.2246340442349675,-0.1818427820408717
2023-07-07,13660.7197265625,0.2953460455687204,0.5890014562493207
2023-07-07,423.58685302734375,-0.6543472039324115,0.11556386575774633
2023-07-10,13685.48046875,0.4687980416075244,-0.042754810183696534
2023-07-10,424.6590576171875,0.4711719260413323,-0.12195366379651741
2023-07-11,13760.7001953125,-2.5468687847444413,-0.5031326716348233
2023-07-11,427.3634948730469,-0.32170917392384596,-0.3036971934311484
2023-07-12,13918.9599609375,-0.13434864728547719,0.12845741609112335
2023-07-12,430.8020629882813,0.7884901874011533,0.2241023836390547
2023-07-13,434.2212524414063,0.6214011802705367,-0.31462985691315903
2023-07-13,14138.5703125,-2.2813062049459303,-0.03779278478410427
2023-07-14,433.9507751464844,-1.0444063471104947,-0.0061072368341603765
2023-07-14,14113.7001953125,0.6724869202744338,-0.01619919459503693
2023-07-17,435.4576110839844,2.816133716688552,-0.5706031237820055
2023-07-17,14244.9501953125,-3.4958031174140753,-0.26774604299901417
2023-07-18,438.6932678222656,2.746175113953811,-0.14616162236621688
2023-07-18,14353.6396484375,-1.9599244602939412,-0.2232630011111369
2023-07-19,439.6688232421875,0.4992294986983765,-0.012346008013351218
2023-07-19,14358.01953125,0.19273908075599314,0.13702469393164077
2023-07-20,436.7518615722656,0.1380228534105962,-0.043584694163385514
2023-07-20,14063.3095703125,0.7608263846276214,0.06699260590532002
2023-07-21,436.7518615722656,0.3008081972937553,-0.009660111756658351
2023-07-21,14032.8095703125,0.8489559264547963,0.11908335171114222
2023-07-24,438.7029113769531,-0.429278495311883,0.029472156170010932
2023-07-24,14058.8701171875,-1.5288814877511812,-0.0165527824859535
2023-07-25,14144.5595703125,-0.7937428178647936,-0.7850501733837878
2023-07-25,439.9006652832031,-1.0814592635904379,-0.11253345649531295
2023-07-26,439.96826171875,2.926376796535868,-0.023472289550766166
2023-07-26,14127.2802734375,-0.4599736041234868,0.28751680222506987
2023-07-27,437.0513000488281,-1.020691932864083,-0.3690722489552206
2023-07-27,14050.1103515625,-1.3969387250214298,-0.2889950938868982
2023-07-28,441.3302001953125,-0.7417435801252489,-0.5948071093377281
2023-07-28,14316.66015625,0.14244734378784343,-0.28441090084874837
2023-07-31,442.1704406738281,0.08938213464700437,0.1347005684566361
2023-07-31,14346.01953125,-0.07150766904547426,0.3539195388142242
2023-08-01,14283.91015625,1.3913786000960962,-0.4495201072980125
2023-08-01,440.9051208496094,3.0499748243459375,0.6253701986739454
2023-08-02,13973.4501953125,0.16713746330967222,-0.03356077822153114
2023-08-02,434.7717895507813,-0.7176482189075033,-0.012426969272111558
2023-08-03,433.52581787109375,0.07705319769584193,-0.02964884022872967
2023-08-03,13959.7197265625,0.0632190115582806,-0.08995163860781195
2023-08-04,431.5650634765625,0.804617276973109,-0.1654824410787515
2023-08-04,13909.240234375,0.2916774801451843,0.6271337911852193
2023-08-07,435.33203125,-0.09263838000907262,-0.32791826754644937
2023-08-07,13994.400390625,-0.8319128105331176,-0.1947358153126044
2023-08-08,13884.3203125,-0.08410619719132792,0.646173948778059
2023-08-08,433.43890380859375,-1.382950522834626,1.0148354436487295
2023-08-09,13722.01953125,0.8833910275050781,0.20359911554559754
2023-08-09,430.541259765625,-2.305735080680656,0.10064831989935974
2023-08-10,13737.990234375,0.5210266916743554,-0.04681064274764948
2023-08-10,430.6957702636719,1.9155717087856412,0.2878902271045398
2023-08-11,13644.849609375,-0.8683690095191025,-0.15575416029774855
2023-08-11,430.4446411132813,5.349637204515694,0.5978620783290789
2023-08-14,13788.330078125,-3.023901339350929,0.5552650115908572
2023-08-14,432.8206787109375,1.134895291777127,0.6012004563435873
2023-08-15,13631.0498046875,-0.4336730602478741,0.10297375173929633
2023-08-15,427.77880859375,-0.6226989619204467,0.5178158284873082
2023-08-16,424.6397399902344,0.7003537655272652,0.07243086286289735
2023-08-16,13474.6298828125,-0.9746406725095804,-0.09431616912017683
2023-08-17,421.4040832519531,-0.20347930029332395,0.4918749975671123
2023-08-17,13316.9296875,-0.3532243049949108,-0.23080131927922543
2023-08-18,13290.7802734375,-0.1279571817169071,1.689259898427157
2023-08-18,421.60687255859375,-0.6946162546156212,1.2897909096105533
2023-08-21,424.3499450683594,0.8457344873295382,0.2288213892940708
2023-08-21,13497.58984375,-0.3395365913138899,0.43172905360724356
2023-08-22,423.2005920410156,-0.06351479053298029,0.1927166586280528
2023-08-22,13505.8701171875,0.033219312043364806,-0.8755521176994356
2023-08-23,427.9140625,-1.0661002908300239,-0.4016213357686632
2023-08-23,13721.0302734375,0.7619219872013678,-1.1093932982756143
2023-08-24,421.9836120605469,-0.27882802450514005,0.6768589819118399
2023-08-24,13463.9697265625,-0.010546930835434136,-0.5472900234403383
2023-08-25,424.95843505859375,-1.3239731187680959,0.5831350980013328
2023-08-25,13590.650390625,-0.6423716383715562,-0.612637699433146
2023-08-28,427.6532897949219,-0.2779031234680091,1.3040923379656109
2023-08-28,13705.1298828125,-0.5071843456192862,-0.06491722292409371
2023-08-29,433.83489990234375,1.5859878614097398,-0.17128692433728207
2023-08-29,13943.759765625,-0.6175319836665644,0.6654341397286294
2023-08-30,14019.3095703125,1.490257739886282,0.8240075570492547
2023-08-30,435.6217956542969,0.6028506957184585,1.352933587663609
2023-08-31,434.98431396484375,-0.5788707637099004,-0.0381969234212344
2023-08-31,14034.9697265625,-0.7707017487789085,-1.0022571507908697
2023-09-01,435.7955932617188,0.6502563708672557,0.20308709119739582
2023-09-01,14031.8095703125,-0.04963474859729258,0.5319905058130339
2023-09-05,433.912109375,0.10236814742285878,0.8019673483788196
2023-09-05,14020.9501953125,0.23066585014539356,0.7301563954461016
2023-09-06,430.9952087402344,-0.0340638337700412,0.6225307157596005
2023-09-06,13872.4697265625,-0.42936508424314523,0.17074325622759312
2023-09-07,429.67193603515625,-0.3306876922755656,0.3381935816152581
2023-09-07,13748.830078125,0.17555395347387934,0.534941223564146
2023-09-08,430.3190612792969,0.37002223428890146,0.5643292267208458
2023-09-08,13761.5302734375,0.6493324463473624,0.8120410156383908
2023-09-11,13917.8896484375,0.9482965619581556,-0.8699732905686486
2023-09-11,433.1491394042969,-0.2475690933778877,-0.7735470325729862
2023-09-12,13773.6103515625,0.6155555132362411,-0.7236855328073991
2023-09-12,430.7730712890625,0.33710144132824293,-0.2773874211354266
2023-09-13,431.27532958984375,-1.1706126454760604,-0.28319953400214504
2023-09-13,13813.58984375,-0.37689219605731933,-0.47614241473065877
2023-09-14,434.9939575195313,-1.3863669804836392,-0.4429625308167792
2023-09-14,13926.0498046875,-0.6285449978130488,-0.26731811829837293
2023-09-15,429.75299072265625,0.3946774854139034,-0.24405733601225862
2023-09-15,13708.330078125,-0.4911947503468569,-0.35666423995213486
2023-09-18,430.0050048828125,-0.17949034919798967,-0.3822588050953793
2023-09-18,13710.240234375,-0.6958432896889629,-0.21122168580854464
2023-09-19,13678.1904296875,1.3363241505563825,-0.4983414286064484
2023-09-19,429.1133117675781,0.7500748187831539,-0.38245731234430924
2023-09-20,425.1682739257813,-0.33984454644731094,-0.555647347358087
2023-09-20,13469.1298828125,0.28918073026036006,-0.76035929975672
2023-09-21,418.1409606933594,-0.37817743403793225,-0.8821393213587798
2023-09-21,13223.98046875,0.03453511609727137,2.1489736424149086
2023-09-22,13211.8095703125,0.7252060357508081,-1.8704054400448533
2023-09-22,417.2007141113281,0.38438313619152686,-0.7049132138508714
2023-09-25,13271.3203125,0.09303313004322233,-1.1975187400886753
2023-09-25,418.95513916015625,0.49995105280581215,1.5454441830516326
2023-09-26,412.8001708984375,-0.926821454352091,-0.8178237787883199
2023-09-26,13063.6103515625,0.837353536614162,-1.1260344066099177
2023-09-27,13092.849609375,0.9700169274064289,0.13831774420023826
2023-09-27,412.9649353027344,-0.15564220144612512,0.5149161962367068
2023-09-28,13201.2802734375,-0.5029621478744638,0.4465917132722721
2023-09-28,415.3591003417969,-0.24198371356940188,-0.2201930576731242
2023-09-29,414.3510437011719,-0.27178833312005585,0.42194038264493594
2023-09-29,13219.3203125,-0.36073959351120144,1.541401318531861
2023-10-02,414.1862487792969,-0.2718566553374891,0.2470812780906979
2023-10-02,13307.76953125,-0.2958059990085188,-0.877686605431832
2023-10-03,408.6419372558594,0.0922207525071289,0.2716959378106603
2023-10-03,13059.4697265625,0.16585649179845996,-1.101793134018597
2023-10-04,13236.009765625,0.1877755293808892,-0.5469237470613226
2023-10-04,411.61767578125,-0.21533649878645988,-2.0294911412280796
2023-10-05,13219.830078125,0.5216571028339355,2.468840584454529
2023-10-05,411.4625549316406,-0.29908253463353573,2.0895590025663084
2023-10-06,13431.33984375,0.43551403779936687,-0.031614984160292875
2023-10-06,416.3477783203125,0.7727865488228174,0.22667756051402815
2023-10-09,13484.240234375,0.30738791624572154,0.4553643775334433
2023-10-09,419.0133666992188,0.25550522063675857,0.06429438911067707
2023-10-10,421.1941833496094,0.052685817307740114,0.4743357653424998
2023-10-10,13562.83984375,0.30449130052583123,1.4538692388234178
2023-10-11,13659.6796875,-0.15116382664520142,1.1309167764539942
2023-10-11,422.9195556640625,-0.11800797338481693,1.4424182520121145
2023-10-12,13574.2197265625,0.2213754974477146,0.1422423556897877
2023-10-12,420.3412170410156,0.03468625598560458,0.41294899311199046
2023-10-13,418.24755859375,-0.41037187654265134,-0.13999588372665342
2023-10-13,13407.23046875,-0.23051618749247452,-0.5282901455816866
2023-10-16,422.6481018066406,0.05658790628338542,0.2848831949678388
2023-10-16,13567.98046875,0.027009575841531172,-1.6527336898979748
2023-10-17,422.6286926269531,0.12608956041660066,-0.548055749128179
2023-10-17,13533.75,0.18843615364966362,-1.12702692328969
2023-10-18,13314.2998046875,-0.24923397859149804,-1.3834319187062092
2023-10-18,416.9972229003906,-0.3123952586854593,1.1446853478829753
2023-10-19,413.3332824707031,-0.3843832813144373,1.348121789431304
2023-10-19,13186.1796875,0.11322801995833331,-3.84345742321413
2023-10-20,12983.8095703125,0.16747207677415446,2.943005845846271
2023-10-20,408.2541809082031,-0.05652277136303066,-0.9606480733087795
2023-10-23,407.546630859375,-0.45725652743091094,-0.4268336776513129
2023-10-23,13018.330078125,-0.009984929467946274,-1.7612269858586556
2023-10-24,13139.8701171875,0.1609651894645118,1.2615201789782744
2023-10-24,410.6192932128906,-0.46187227604559333,0.2858747358694845
2023-10-25,12821.2197265625,-0.1367074636293664,-0.511295717977653
2023-10-25,404.72601318359375,0.287922681862622,-0.4702222619397558
2023-10-26,12595.6103515625,-0.3213475268252507,0.647446103404886
2023-10-26,399.8795471191406,-0.2860122134783486,-1.9798143912552912
2023-10-27,12643.009765625,0.18197984861446412,0.03750385280138699
2023-10-27,398.0669860839844,-0.3086864245342848,2.975877589620257
2023-10-30,12789.48046875,-0.49056929672323357,-0.402508010404011
2023-10-30,402.82623291015625,0.21542313155663884,-1.5612120095460615
2023-10-31,12851.240234375,-0.07054373289813808,-1.4075275876054165
2023-10-31,405.3560791015625,0.316671560329013,1.402576704362458
2023-11-01,409.6791076660156,-0.312390101084232,-0.2890692638283105
2023-11-01,13061.4697265625,-0.13316810641126295,0.13805863736928084
2023-11-02,417.5303649902344,0.14133328520038482,-1.7175500258675673
2023-11-02,13294.1904296875,0.29772106787500396,0.3530517118103923
2023-11-03,421.3395690917969,-0.05779065412546745,0.93343511833623
2023-11-03,13478.2802734375,0.51903785914573,-0.2059838517206542
2023-11-06,13518.7802734375,0.7829582571689031,-0.2698546419037612
2023-11-06,422.3088989257813,0.13190938289580925,0.49743413641390105
2023-11-07,13639.8603515625,0.1680766510138775,0.26712767760157863
2023-11-07,423.51080322265625,-0.15300134011478153,-0.8832201454472488
2023-11-08,13650.41015625,0.36023847177532786,1.2978817426625104
2023-11-08,423.8209533691406,0.26517669124808263,1.9676129559994895
2023-11-09,13521.4501953125,0.1696578915738686,-0.4339564850783875
2023-11-09,420.51568603515625,-0.04415949708429207,-0.17285787410028622
2023-11-10,427.0777282714844,-0.06521789497411386,0.10729660594869093
2023-11-10,13798.1103515625,-0.13400814395817126,-0.04350720272757651
2023-11-13,13767.740234375,0.6244422052024765,0.9313202717717517
2023-11-13,426.6706848144531,0.10319257782424153,0.036936950133252926
2023-11-14,14094.3798828125,0.1742576296955904,-0.7226843811107657
2023-11-14,434.9483642578125,-0.16177309958935446,-0.07728544976001243
2023-11-15,14103.83984375,-0.30936527084569226,0.36750699582364094
2023-11-15,435.8692321777344,-0.4394714425529168,0.3353481541520518
2023-11-16,14113.669921875,0.3377611550055275,-0.21044430095323577
2023-11-16,436.40234375,0.08421349425714574,-0.11738489775999743
2023-11-17,14125.48046875,0.010830653100235722,-0.03360060102063837
2023-11-17,436.9451293945313,-0.4545774880717232,0.06793589053070696
2023-11-20,14284.5302734375,-0.36231206303270735,-0.2358882018399046
2023-11-20,440.30853271484375,-0.26514713112852206,-0.12092721349772598
2023-11-21,439.3489685058594,0.14486191124529782,-0.10783506045283155
2023-11-21,14199.98046875,-0.6490321929152799,-0.11724864145930394
2023-11-22,14265.8603515625,0.40315531831734397,-0.032032876565385074
2023-11-22,441.0451965332031,0.11243096779944092,0.06708894682719935
2023-11-24,14250.849609375,0.2610220976538708,-0.18870380182744415
2023-11-24,441.3165588378906,0.19094924070800104,-0.10895973534097533
2023-11-27,14241.01953125,0.45675638710836003,0.14691026519506376
2023-11-27,440.5217590332031,-0.06756020599073263,-0.032581715997824556
2023-11-28,14281.759765625,0.8068687289939701,-0.28171463364599275
2023-11-28,440.9580383300781,0.9170923750983809,-0.18225459097736524
2023-11-29,440.6478271484375,-0.28829643919213105,0.5264750278650797
2023-11-29,14258.490234375,0.3195608853157105,0.15254440626902582
2023-11-30,14226.2197265625,0.8112961306807749,-0.5157117776973277
2023-11-30,442.3828430175781,0.7539337648197589,-0.6270169825120478
2023-12-01,14305.0302734375,0.17238991749939508,0.010880129947232949
2023-12-01,444.9998779296875,0.17391718086061975,-0.419050181680945
2023-12-04,14185.490234375,1.0893989325261701,-0.01837306417655851
2023-12-04,442.6639099121094,0.5671333370606846,0.027901185208262645
2023-12-05,442.5766906738281,0.2892997680214808,0.4276658616782368
2023-12-05,14229.91015625,-0.2586649731837924,-0.1861893286782143
2023-12-06,14146.7099609375,-1.1348276861674647,-0.02512239415237627
2023-12-06,440.7932434082031,1.8198001048825234,0.5703059748937288
2023-12-07,444.1566162109375,-1.2173853880694578,-0.39619966895579517
2023-12-07,14339.990234375,0.3317909568386667,-0.5308262292479953
2023-12-08,14403.9697265625,0.07707139058733913,-0.08795753295132501
2023-12-08,446.0661315917969,-0.10822730059366704,0.31707281930274867
2023-12-11,14432.490234375,-0.1387102163985258,-0.2853774622188841
2023-12-11,447.8011474609375,-0.35085973634979467,-0.24726471262341115
2023-12-12,14533.400390625,0.14496472981804823,0.1000929834608893
2023-12-12,449.8463439941406,0.1040025198097072,-0.000941885773185127
2023-12-13,456.0498046875,-0.08313626091843705,-0.13883626208174063
2023-12-13,14733.9599609375,0.2837140349164548,0.339741694107401
2023-12-14,14761.5595703125,-0.6965397940464021,-0.4746511336129856
2023-12-14,457.5133972167969,0.159190644025859,-0.7446294390018898
2023-12-15,14813.919921875,0.15904827607218197,-0.5414457179411438
2023-12-15,456.7601013183594,-0.11147022922118352,-0.06892094405547121
2023-12-18,14904.8095703125,-0.3160501600344774,0.3430252669517478
2023-12-18,459.3294372558594,-0.06362680972401173,-0.06984993879967444
2023-12-19,15003.2197265625,0.3520954380814262,-0.12080141743448299
2023-12-19,462.12255859375,-1.5881506666341683,-0.36764088266190337
2023-12-20,14777.9404296875,0.20816706031546534,-0.03694872043101331
2023-12-20,455.71881103515625,-0.3543378258295511,-0.3172867501809524
2023-12-21,14963.8701171875,0.16039706056057126,-0.37485128846205396
2023-12-21,460.0398559570313,-0.12452189036606294,-0.10466869567615936
2023-12-22,14992.9697265625,-0.1870806146961681,-0.3066321833459746
2023-12-22,460.9644165039063,-0.6158031332423856,-0.1810799963208509
2023-12-26,15074.5703125,-0.1318098223590392,0.015261017554092203
2023-12-26,462.9108581542969,-0.10562707378103739,-0.1347298241460645
2023-12-27,15099.1796875,0.5599147294039399,-0.14164435313595442
2023-12-27,463.7478332519531,0.6276654675357962,-0.060161444760922694
2023-12-28,463.9230041503906,-0.36374116853409794,0.2777672679679339
2023-12-28,15095.1396484375,-0.4767698768953899,-0.2228408115467524
2023-12-29,462.5799865722656,1.2468545891199954,-0.14166076321625137
2023-12-29,15011.349609375,1.1140751335224752,-0.4130239176033047
2024-01-02,14765.9404296875,-0.11949336553926071,-0.3042399908618873
2024-01-02,459.9912414550781,-0.13838345071281055,-0.04139463653040272
2024-01-03,456.234619140625,-0.5787528094920155,0.7700552326501421
2024-01-03,14592.2099609375,-0.04348572701166425,-0.14442559299532964
2024-01-04,14510.2998046875,-0.19842978603419054,-0.021710382482061405
2024-01-04,454.7650146484375,0.20599671156152832,-0.5033018880629982
2024-01-05,455.3878784179688,-1.795458920566253,0.8785280691006182
2024-01-05,14524.0703125,1.1544562277954773,0.8108815177234315
2024-01-08,461.8890075683594,-0.8703969276049045,0.06618486651977883
2024-01-08,14843.76953125,1.27635056206211,-0.74142087791671
2024-01-09,461.1882629394531,0.4800025781648716,0.7978388199676447
2024-01-09,14857.7099609375,-0.47206883952558465,-0.20943225583486355
2024-01-10,463.7965087890625,-0.30980569539486563,0.40239675476992864
2024-01-10,14969.650390625,0.8768145607126787,-0.26884756142761196
2024-01-11,463.5921325683594,0.02560200954582542,-0.6940132957523691
2024-01-11,14970.1904296875,0.3712056754578661,0.03393405157125268
2024-01-12,463.9132690429688,-0.3607489907385867,-0.06914096262426633
2024-01-12,14972.759765625,0.03925598125886932,0.05371564700417914
2024-01-16,462.2101440429688,0.4066616881072462,1.0063833567817402
2024-01-16,14944.349609375,1.1726039216846857,-0.32106648979605934
2024-01-17,459.640869140625,0.4130309570721556,-0.36815549674241055
2024-01-17,14855.6201171875,1.2301129258904981,0.1843466407180049
2024-01-18,15055.650390625,-0.9272207337658415,-0.14152268761250655
2024-01-18,463.7283325195313,-0.6401309279500588,-0.18998071258301194
2024-01-19,15310.9697265625,-0.15527476975598797,1.3840609630593173
2024-01-19,469.50921630859375,-0.003930299090468603,-0.14737736418194472
2024-01-22,15360.2900390625,-0.12286629412764596,0.11852950655048826
2024-01-22,470.501953125,0.06666626260338897,0.24810795791190843
2024-01-23,15425.9404296875,-0.21821918215917785,-0.6071947927917978
2024-01-23,471.8741455078125,-0.09880906907725698,-0.32696286904761235
2024-01-24,15481.919921875,0.32842655463197723,0.19962600127023386
2024-01-24,472.3900146484375,-0.4907754170208322,0.022553381745727998
2024-01-25,15510.5,-0.16303345315744247,0.013995689458811026
2024-01-25,474.9592590332031,-0.14421840886126505,0.1126564043107884
2024-01-26,15455.3603515625,0.3362936299255514,-0.013696870897597906
2024-01-26,474.3559265136719,0.5420356355827051,0.18763372887245308
2024-01-29,478.1124877929688,-0.660615338004175,0.520391430543506
2024-01-29,15628.0400390625,-0.19148538865306172,0.34393630533878516
2024-01-30,15509.900390625,0.8010271243339608,-0.24452165280718471
2024-01-30,477.7427062988281,1.8622663751465607,-0.030771729175249878
2024-01-31,469.947265625,0.4701380926162946,0.6372845513721563
2024-01-31,15164.009765625,-1.4513003855994944,1.0097919194886134
2024-02-01,15361.6396484375,0.9529212216032142,0.7613468379594224
2024-02-01,476.0979919433594,0.8202324566784809,0.6442448265676933
2024-02-02,481.1100463867188,-0.9747506836104145,-0.269775013617497
2024-02-02,15628.9501953125,0.4849548024420701,-1.4698593717938502
2024-02-05,479.3582153320313,-1.056862823460442,0.18624489840924896
2024-02-05,15597.6796875,0.05928884469327008,-0.8110945688060776
2024-02-06,480.74993896484375,-0.014745299613407073,-0.10607049888069714
2024-02-06,15609.0,0.14933795838636754,-0.8074452761681169
2024-02-07,484.7596435546875,-0.19155172496721265,0.2456775092984044
2024-02-07,15756.6396484375,-0.16967258057216592,-0.15649410373921355
2024-02-08,484.97369384765625,0.8232829786661711,-0.09192268099019976
2024-02-08,15793.7099609375,0.5940355156431303,0.14337669520528495
2024-02-09,15990.66015625,0.3435691688799298,0.26457750333309565
2024-02-09,487.7765502929688,0.24051433412686377,0.0973095757459882
2024-02-12,15942.5498046875,-1.0924065535936018,0.005064893943663858
2024-02-12,487.5624694824219,-0.9256353999189693,0.580630293760838
2024-02-13,480.8472595214844,0.03420651528047885,0.2920921005081842
2024-02-13,15655.599609375,-0.8648073330000166,-0.5480469579665832
2024-02-14,485.2170104980469,0.19172355042438144,0.523916796777055
2024-02-14,15859.150390625,0.11971134144072593,0.25254166872380857
2024-02-15,488.5649108886719,-0.11549856721856927,-0.5709496053031013
2024-02-15,15906.169921875,0.23984023749793512,-0.9068934757984068
2024-02-16,486.1318664550781,-0.43539480085029697,-0.017745189937038285
2024-02-16,15775.650390625,-0.007696467038556585,0.22266217713957656
2024-02-20,483.45550537109375,0.37088456990088,0.33539493429575573
2024-02-20,15630.7802734375,0.22536687077358147,-0.22072218479486955
2024-02-21,483.89349365234375,-0.6502613172704891,0.22959934761317985
2024-02-21,15580.8701171875,-0.31924927914416673,0.048955042865583526
2024-02-22,16041.6201171875,-0.037426694837462963,-0.7229130691239742
2024-02-22,493.9078063964844,-0.11902837034947193,-0.5140778761359164
2024-02-23,15996.8203125,-0.3179668898151724,-0.18117668563323652
2024-02-23,494.24847412109375,0.2176136288247269,-0.46489808474872213
2024-02-26,15976.25,0.6963492613906079,1.9562961539628125
2024-02-26,492.4382934570313,-0.16943271894354384,-0.7945842566308589
2024-02-27,493.3530578613281,-0.015738027815449716,0.38069775000508854
2024-02-27,16035.2998046875,0.5508587745457053,-0.011202009973567958
2024-02-28,492.7010803222656,-0.1786375954885259,0.09537852316232187
2024-02-28,15947.740234375,0.489539203817949,-0.02903799070017011
2024-02-29,494.4722595214844,-0.4770054591170271,0.13419077351878544
2024-02-29,16091.919921875,-0.4883169149301913,-0.44897044866514585
2024-03-01,16274.9404296875,-0.528418819140033,0.1303693723623327
2024-03-01,499.114501953125,-1.1135633500428064,0.20431889208743667
2024-03-04,498.5793151855469,-0.02397249057335787,0.3179971508458481
2024-03-04,16207.509765625,-0.6758345390504703,-0.011546377862712577
2024-03-05,493.596435546875,1.7584250342592778,-0.4501501852470759
2024-03-05,15939.58984375,1.7679943174080497,-0.05978922796330706
2024-03-06,16031.5400390625,0.31950677093821733,-0.3434768585453239
2024-03-06,496.0975646972656,1.0456199229845222,0.5107395298002608
2024-03-07,501.0220642089844,0.12257517041113442,0.45000779004006697
2024-03-07,16273.3798828125,0.28575746868561136,-0.3117059745659942
2024-03-08,498.0148315429688,0.8140481081704853,-0.6624671127081212
2024-03-08,16085.1103515625,-0.7157407964391103,0.19318363277793224
2024-03-11,497.5865783691406,-0.7322964946698555,1.9903156064119372
2024-03-11,16019.26953125,-1.7581969024562134,2.7176340072430434
2024-03-12,16265.6396484375,2.263488986340946,0.497755696212092
2024-03-12,502.9392700195313,-2.3669056625208524,0.2459065803949636
2024-03-13,16177.76953125,-1.8521725357541794,0.10838061254457981
2024-03-13,502.1509704589844,1.0647154771121514,-0.11510380678811187
2024-03-14,16128.5302734375,0.08362188957241219,-0.499686778266177
2024-03-14,501.1583557128906,0.41897051964112697,-0.36642854044664264
2024-03-15,15973.169921875,0.5008709889471584,-0.21576397950130033
2024-03-15,497.7170715332031,-1.2889669627751406,-0.425399139119982
2024-03-18,16103.4501953125,1.6597862782881947,-0.40957350753819116
2024-03-18,500.675048828125,-0.1402477885145349,0.03829702664257923
2024-03-19,16166.7900390625,-0.39375017413458646,0.010426597023571748
2024-03-19,503.4573974609375,1.3874609212269562,-0.012188242627443748
2024-03-20,508.114013671875,-1.6436669047102404,-0.0770343279347331
2024-03-20,16369.41015625,3.6482188239320235,-0.11696528818939331
2024-03-21,16401.83984375,1.0277476958880163,-0.33612565629816366
2024-03-21,509.7932739257813,-0.4887797789382052,0.1364367579130352
2024-03-22,508.8266906738281,-1.5262859823878043,0.03677781315745746
2024-03-22,16428.8203125,0.3598882221785774,0.15170214222550912
2024-03-25,507.4209289550781,0.9099667105458122,0.18525831240304746
2024-03-25,16384.470703125,0.39243220744991814,-0.007546983349859684
2024-03-26,506.4836730957031,1.3405644170659075,-0.4113450822180672
2024-03-26,16315.7001953125,-0.43390708148559176,-0.27762261259811716
2024-03-27,16399.51953125,-0.11364424344332251,-0.7727787622485038
2024-03-27,510.7401123046875,-1.2173313562620791,0.39581753042104795
2024-03-28,510.6424865722656,0.1183676250014305,-0.39657822905708845
2024-03-28,16379.4599609375,-1.612736482362575,0.4008543506407681
2024-04-01,509.7540893554688,1.4230948915098158,-0.7262822177315033
2024-04-01,16396.830078125,-1.019720759450832,-0.2062600367830623
2024-04-02,16240.4501953125,-0.6845061575130713,-0.1721618628097715
2024-04-02,506.5130310058594,1.440566315837968,-0.7571725603405348
2024-04-03,507.0694580078125,1.2785320858444584,-0.3382803923841054
2024-04-03,16277.4599609375,-1.367854110303103,0.3659611443914517
2024-04-04,500.8801574707031,-0.30922401087510154,1.4988095159211676
2024-04-04,16049.080078125,-1.14617690483048,3.031346173712719
2024-04-05,506.11279296875,-1.0416173306455805,-1.063701783982846
2024-04-05,16248.51953125,0.5166582270314914,-0.20214950492560899
2024-04-08,506.3958740234375,0.8984129421993111,0.04190584080819875
2024-04-08,16253.9599609375,0.5610256238304503,-0.052213050110524364
2024-04-09,16306.6396484375,-0.5572628417538152,1.1371515884858123
2024-04-09,506.9815979003906,0.3589538847567639,0.9686472673175581
2024-04-10,501.9051513671875,-1.2511305269404045,0.06775418648600294
2024-04-10,16170.3603515625,-0.832449631595228,0.008808626325562039
2024-04-11,16442.19921875,1.2547178085779305,0.880228157501495
2024-04-11,505.6929626464844,-0.4237561148567125,-0.13729199734384
2024-04-12,16175.08984375,0.09228248770218779,-0.030756959904541154
2024-04-12,498.7128601074219,0.002869085245110476,-1.7488001253301713
2024-04-15,492.46490478515625,0.03684017112708208,0.26160074054955074
2024-04-15,15885.01953125,0.17733848406953118,0.18650975277275597
2024-04-16,15865.25,-0.05448355345490503,-0.21107502082361532
2024-04-16,491.5667724609375,-0.6121484120023097,0.9098503792222035
2024-04-17,488.6575622558594,-0.03214380776252276,-0.6648003031139768
2024-04-17,15683.3701171875,0.11210368133524985,-0.5838073037268517
2024-04-18,487.6520080566406,-0.40100566999203535,-0.5324309892951982
2024-04-18,15601.5,-0.27583741545257806,-1.0353275053193973
2024-04-19,483.3955993652344,-0.17966531267743577,-1.3302249733432983
2024-04-19,15282.009765625,-0.6741600720691624,-1.7978913939331929
2024-04-22,487.8473205566406,-0.306252844456775,2.1919259464787264
2024-04-22,15451.3095703125,-0.938551252207361,0.9011890862798201
2024-04-23,493.6364135742188,-0.5023573954389939,0.7839235834377726
2024-04-23,15696.6396484375,0.44078268857867864,1.4779511169300108
2024-04-24,15712.75,-0.4033794243693201,-0.6116107241826395
2024-04-24,493.4020690917969,-0.6946225423874851,-0.29836177832979366
2024-04-25,15611.759765625,-0.043407928155714155,-0.7897822963229375
2024-04-25,491.5276489257813,0.17095590790215992,-0.5570066640523885
2024-04-26,496.1843872070313,-0.523108794354571,-0.46403879903015005
2024-04-26,15927.900390625,-0.07028050697723667,-0.6888274152097027
2024-04-29,497.941650390625,0.7017355362397721,-0.1597485923919976
2024-04-29,15983.080078125,1.1029529891813405,-0.16712692623357425
2024-04-30,15657.8203125,-0.5427803124571753,3.4342228850078023
2024-04-30,490.0536193847656,-0.39299576109742496,2.746965733536433
2024-05-01,488.4623107910156,-0.18018235865940088,0.04599186274350456
2024-05-01,15605.48046875,-0.08444453211025932,1.249788782793437
2024-05-02,493.0311279296875,0.539051279948648,-1.4691529168797683
2024-05-02,15840.9599609375,0.038893570759161104,0.26710935369743516
2024-05-03,16156.330078125,-0.26766336782952405,-0.9976063158774443
2024-05-03,499.1423950195313,0.03824523588911865,-1.2040457678259135
2024-05-06,16349.25,0.036505066740235806,0.2505237986744519
2024-05-06,504.296875,0.91921652353702,0.2685360839078306
2024-05-07,504.8533630371094,-0.17711218661558373,0.45969190560742246
2024-05-07,16332.5595703125,-0.9939127601022627,-0.5114128382211873
2024-05-08,16302.759765625,-0.034282587177632606,-1.1795346172953864
2024-05-08,504.9022521972656,0.31355887681961897,0.03730853866556188
2024-05-09,507.8114013671875,0.15836197843273533,-0.8083434035326477
2024-05-09,16346.259765625,-0.29138093884900884,0.039561952604961384
2024-05-10,16340.8701171875,-0.4795830824213092,0.008617912860922818
2024-05-10,508.4655456542969,-0.08998361686845656,0.06939501027106752
2024-05-13,16388.240234375,-0.7692587896603348,-0.28358569663917715
2024-05-13,508.5338745117188,0.3443065130703218,0.3672093663305334
2024-05-14,16511.1796875,1.2795299536242792,0.06591276271071539
2024-05-14,510.86712646484375,-1.14342499896221,0.12573990498251153
2024-05-15,16742.390625,-0.7469916478107876,0.0816004749375108
2024-05-15,517.193115234375,-0.7253662601556402,-0.007077894824468829
2024-05-16,16698.3203125,0.20867434690019185,0.18545905462977744
2024-05-16,516.1290283203125,2.0634486583052287,0.2295854054084969
2024-05-17,516.8709716796875,1.1116131289852005,-0.19041127689896814
2024-05-17,16685.970703125,-0.9116132991209507,-0.22277510325043196
2024-05-20,16794.869140625,1.0575983826510347,-0.5533381713120628
2024-05-20,517.4664306640625,1.4231880580570737,0.04582860777447822
2024-05-21,518.735595703125,0.685507872121928,-0.1819706243699761
2024-05-21,16832.619140625,0.03890185195396012,0.14299144687093
2024-05-22,16801.5390625,1.2883425640328234,-0.25105054912600855
2024-05-22,517.2418823242188,1.4739086962908927,0.11301512219809329
2024-05-23,16736.029296875,-0.46910957115890106,0.12196716330039982
2024-05-23,513.4638061523438,0.5556365329572455,0.032847047286793794
2024-05-24,16920.7890625,-0.5195233710244817,-0.04376469687915152
2024-05-24,516.8612060546875,-0.12388753920922012,-0.13898193037111628
2024-05-28,17019.880859375,0.13589263564008774,-0.3931910216800064
2024-05-28,517.2223510742188,0.05075209708381134,-0.2581208264707949
2024-05-29,16920.580078125,-0.24066848885893305,0.01645362378647655
2024-05-29,513.6004638671875,0.11607643461874913,0.30275882222596456
2024-05-30,16737.080078125,0.12252206129681197,-0.029967299534131957
2024-05-30,510.1935119628906,0.052457224395165425,-0.07922422755219488
2024-05-31,16735.01953125,0.09458460794437491,0.1661840830500376
2024-05-31,514.84033203125,-0.09541098951034863,0.036943851545616274
2024-06-03,16828.669921875,0.05731329022184195,-0.7957936998604156
2024-06-03,515.2601318359375,0.1388447669340685,-0.6467795930529356
2024-06-04,16857.05078125,0.07461557234194557,1.2706306690463671
2024-06-04,515.8361206054688,0.16907111345267167,0.6480294715845936
2024-06-05,17187.900390625,0.3193986265908092,1.6122493152434605
2024-06-05,521.9669189453125,-0.033465139116882696,-0.11808538518623829
2024-06-06,17173.119140625,0.36743471760479013,-0.6788945668916516
2024-06-06,521.9571533203125,0.26781873435311865,-0.7006024413827766
2024-06-07,17133.130859375,0.5250134901480454,0.005037535277718735
2024-06-07,521.3225708007812,0.25700904002914987,0.11538195070609523
2024-06-10,522.9332885742188,1.1471307462257123,-0.20977212044752203
2024-06-10,17192.529296875,1.0766344452620897,0.06379249330541516
2024-06-11,524.1928100585938,1.858549588878762,-0.22642390497244091
2024-06-11,17343.55078125,1.620740093473178,0.1411408669759423
2024-06-12,528.4978637695312,2.2397743516085113,-0.08841946386054446
2024-06-12,17608.439453125,1.7894363535478097,0.23659160725652795
2024-06-13,529.5620727539062,2.429664024649229,0.2874754940016843
2024-06-13,17667.560546875,2.4585633066935744,0.4515290121322558
2024-06-14,529.8842163085938,3.4301557349984098,0.2909243596999889
2024-06-14,17688.880859375,3.4956820124241523,0.4349345420248901
2024-06-17,534.1015014648438,7.1976499758355255,0.09487742162561545
2024-06-17,17857.01953125,7.09779488373845,0.712450541657197
2024-06-18,535.4585571289062,8.815865990942994,-0.04010520421596962
2024-06-18,17862.23046875,8.781547094768184,0.2607928175236237
2024-06-20,17721.58984375,13.608108389453465,-0.3157476847274648
2024-06-20,534.00390625,13.417782687099308,0.19850794654411194
2024-06-21,533.2880859375,16.307583870387685,-0.32525950450043417
2024-06-21,17689.359375,16.22527748012004,0.27869089107650036
2024-06-24,531.5545043945312,27.69347087528745,-0.015912110962582354
2024-06-24,17496.8203125,27.357015510238483,0.06340073750805456
2024-06-25,533.6015014648438,32.37131159833429,0.22779670185367124
2024-06-25,17717.650390625,32.642411790305005,-0.016782185657811043
2024-06-26,534.2673950195312,37.6554846574303,0.0448191742323579
2024-06-26,17805.16015625,37.722836344882786,-0.07135940083140088
2024-06-27,535.1097412109375,42.58991578940405,0.1252813954253412
2024-06-27,17858.6796875,42.87604686023089,-0.04588164965905346
2024-06-28,17732.599609375,48.507724744132936,0.07804845396273552
2024-06-28,533.0039672851562,48.835983981265045,0.25402537711482825
2024-07-01,534.1008911132812,66.62474545557355,0.17306831015071678
2024-07-01,17879.30078125,66.65179993205142,0.000634168230389862
2024-07-02,18028.759765625,72.47651142095792,0.05806261577545177
2024-07-02,537.6953125,72.70438649875658,0.24255517001281082
2024-07-03,540.0948486328125,78.08035269236561,0.5016470421419705
2024-07-03,18188.30078125,78.3885417194703,0.2820445959270175
2024-07-05,18352.759765625,88.22338386748373,0.1903347571976498
2024-07-05,543.2092895507812,88.20857338370918,0.7104766449403735
2024-07-08,543.8360595703125,97.54795685719051,0.7491970330614861
2024-07-08,18403.740234375,98.35649366472315,0.9818247468922381
2024-07-09,544.3649291992188,99.28438229238803,1.3614941474477147
2024-07-09,18429.2890625,99.34751463572444,1.2450223725052723
2024-07-10,549.7515258789062,100.05739005845697,1.8810079664165207
2024-07-10,18647.44921875,99.67305496959234,1.9376620275721832
2024-07-11,18283.41015625,4.289044112164358,2.271606052592385
2024-07-11,545.0113525390625,-1.1157762634804702,2.776313105530824
2024-07-12,18398.44921875,3.008198531486879,3.5716455192979337
2024-07-12,548.448974609375,-2.2206289835537563,3.753292814200966
2024-07-15,549.9572143554688,0.8815092103539408,7.191250200102498
2024-07-15,18472.5703125,5.989807584691674,6.773837732594591
2024-07-16,18509.33984375,0.07352497408996395,8.734765663141346
2024-07-16,553.2186279296875,-3.1663415382388087,8.380278471408502
2024-07-17,545.4618530273438,-0.33191225646689787,11.240080885077099
2024-07-17,17996.919921875,-1.7574261074877557,11.141623627912972
2024-07-18,541.2699584960938,-0.8174880359234785,13.292036967816491
2024-07-18,17871.220703125,0.22899323839970417,13.412695024290144
2024-07-19,537.6757202148438,0.39763555738893025,16.559658812446497
2024-07-19,17726.939453125,-1.0545107180145743,16.52837195166263
2024-07-22,543.2190551757812,4.056228198082425,27.348149742456254
2024-07-22,18007.5703125,4.436085781176009,28.114493888834854
2024-07-23,17997.349609375,-1.4992754807880115,32.54725806605289
2024-07-23,542.3670654296875,0.234595040866048,31.937828516639488
2024-07-24,530.0756225585938,-0.3442382017740152,37.837554383584674
2024-07-24,17342.41015625,-0.2625593966986968,37.31858482896618
2024-07-25,527.313720703125,-0.16315750155543163,43.05779960299647
2024-07-25,17181.720703125,-0.16813941159712523,42.68051148079838
2024-07-26,533.219482421875,0.9412502103531057,48.74929293457226
2024-07-26,17357.880859375,-0.37978094656680955,48.81647183447509
2024-07-29,533.5328979492188,0.06872150140210813,66.42597652095401
2024-07-29,17370.19921875,0.7790792721367799,66.82681632854887
2024-07-30,530.8297729492188,-1.1597743973882981,72.51304552808338
2024-07-30,17147.419921875,-0.3574500496095353,72.57956827954933
2024-07-31,17599.400390625,0.30799232447812824,78.32623379546992
2024-07-31,539.458251953125,-0.6812995645794563,77.82323223932943
2024-08-01,17194.150390625,0.0759462621778227,83.51104641301112
2024-08-01,531.8189697265625,-0.7190850807997714,83.31188932740378
2024-08-02,16776.16015625,1.18196832463126,88.22829931871841
2024-08-02,521.9173583984375,-0.4167008427135622,88.2726218877452
2024-08-05,506.7171936035156,-0.1401089717722643,98.08493621989483
2024-08-05,16200.080078125,0.24074050200996733,97.89528464610142
2024-08-06,16366.849609375,0.15781756002567482,99.3701372482966
2024-08-06,511.3888854980469,-0.04384160267361962,99.60971864710334
2024-08-07,507.9707946777344,0.5440425324314007,99.86338398395559
2024-08-07,16195.8095703125,0.0513032164633297,99.92773378788878
2024-08-08,16660.01953125,-0.6699417218762964,1.1597226187068255
2024-08-08,519.7136840820312,2.3410344967316634,6.715978206585341
2024-08-09,522.0054931640625,0.2996968157666145,-1.097224864166776
2024-08-09,16745.30078125,-0.24077353410917102,-0.7718283603959014
2024-08-12,16780.609375,0.563195635244549,-0.24930283841254652
2024-08-12,522.2797241210938,-1.1356328695841669,0.8759822234056008
2024-08-13,17187.609375,-0.2495108650974781,0.48845034837289875
2024-08-13,530.8689575195312,-0.8438566563689245,-0.15648833251765076
2024-08-14,17192.599609375,-0.2024332906524235,0.48638253369608775
2024-08-14,532.5437622070312,-0.06403341716648492,-0.06733080258082438
2024-08-15,17594.5,-0.5385696716962485,0.01890077071088787
2024-08-15,541.6716918945312,-1.1459703988961656,-0.2979923886596646
2024-08-16,17631.720703125,0.34351255798464303,-0.47191536708340703
2024-08-16,542.8860473632812,-0.08035399380000055,-1.1628386968553714
2024-08-19,548.0768432617188,0.9619798106045142,-1.431705128814144
2024-08-19,17876.76953125,0.5879405184252883,0.505129234001821
2024-08-20,17816.939453125,-0.5371827420795569,1.4332516024936095
2024-08-20,547.1856079101562,-1.144131747285056,0.01936761889390618
2024-08-21,549.0660400390625,1.1310764165236715,-0.2928504758630091
2024-08-21,17918.990234375,-0.3256713517563272,-1.1822048962756175
2024-08-22,544.7566528320312,1.2137145721232643,0.7127731021833504
2024-08-22,17619.349609375,-1.3633210093271297,0.2922254435477226
2024-08-23,550.5448608398438,0.3084930233235815,-0.1797011611600337
2024-08-23,17877.7890625,-1.9293675829422123,0.4276086277281556
2024-08-26,17725.76953125,-0.017571695794986547,-0.4257025706617296
2024-08-26,549.2326049804688,0.6708792162803185,-0.48069651197937696
2024-08-27,17754.8203125,-0.09439662747928046,-0.7204218160735284
2024-08-27,549.9866333007812,0.41894219517893844,-0.021617074440443577
2024-08-28,17556.029296875,-0.9563188861985202,-0.507233818547636
2024-08-28,546.7938842773438,1.1792008775703113,0.083477522765231
2024-08-29,546.8426513671875,1.9077151057804111,-0.0382902508844735
2024-08-29,17516.4296875,-1.6933932129426814,-0.12860019018299051
2024-08-30,17713.619140625,0.7085790616466984,-0.3018181890434847
2024-08-30,552.0628662109375,-0.23367181774408985,-0.05861310900371078
2024-09-03,17136.30078125,-0.8551793252801675,0.6509951125295835
2024-09-03,540.7021484375,1.1078243010714688,-0.7342926704852074
2024-09-04,539.5952758789062,-0.7885641036588756,-0.3848102318218569
2024-09-04,17084.30078125,0.06597390063911505,0.13418758363579608
2024-09-05,17127.66015625,0.3632587840300407,0.23198004860280844
2024-09-05,538.2828979492188,-0.29615468585245913,0.057470908812789
2024-09-06,16690.830078125,-0.6713021706258536,0.08106901759196475
2024-09-06,529.2235717773438,-0.23181405082026463,-1.4424399598929152
2024-09-09,16884.599609375,0.5600893870584613,-0.18965859196504115
2024-09-09,535.1488037109375,-0.3989397690907742,-0.028186141076371827
2024-09-10,17025.880859375,0.45551405404945394,0.2664262806184514
2024-09-10,537.4797973632812,0.42130125677314756,1.0870230455228522
2024-09-11,542.9938354492188,0.14485351169099522,-0.26477127218462587
2024-09-11,17395.529296875,0.015604076067073818,1.1825834365688426
2024-09-12,547.567626953125,-0.31690428505869184,-0.11499909492772023
2024-09-12,17569.6796875,0.3605396805359279,-0.5938628519944834
2024-09-13,550.4274291992188,-1.3617323012028606,0.5632784732795629
2024-09-13,17683.98046875,-0.9883704247050727,-0.3837157519373066
2024-09-16,17592.130859375,0.26378618793264674,0.21139147964768346
2024-09-16,551.240234375,0.383499962412871,-0.019410926290262715
2024-09-17,17628.060546875,-0.08252567050785543,-0.15051363922976685
2024-09-17,551.4655151367188,-0.21635001732166026,-0.1187660862836594
2024-09-18,17573.30078125,-0.3522083049201019,-0.5197386180332708
2024-09-18,549.8299560546875,0.23419379821805908,-0.5414379230276817
2024-09-19,18013.98046875,-0.4529605331334356,0.32786693561759933
2024-09-19,559.2124633789062,0.3327065001683686,-0.010995289385822657
2024-09-20,558.245849609375,-0.24411417191555343,0.06433998173322864
2024-09-20,17948.3203125,-0.25053214646504396,0.19208218331141333
2024-09-23,559.6408081054688,0.3991741195456679,-0.4221704430009623
2024-09-23,17974.26953125,0.15301812260511716,-0.10712017609435977
2024-09-24,561.2421264648438,0.7113834179900644,0.2406266266689371
2024-09-24,18074.51953125,-0.2587033960357291,-0.020680897769656745
2024-09-25,18082.2109375,0.4291435740782673,-0.08283681026627161
2024-09-25,560.0043334960938,-0.00780321937290353,-0.09419013481369029
2024-09-26,562.2244873046875,0.22959390833404023,0.06348727288592854
2024-09-26,18190.2890625,0.12392741385152467,-0.13499451915770228
2024-09-27,18119.58984375,-0.04544265180741087,0.0660400880679052
2024-09-27,561.4091796875,-0.9383917668697389,0.17390508872328758
2024-09-30,563.6588745117188,-0.4519130104825878,-0.3126140109696286
2024-09-30,18189.169921875,0.03201056036288296,0.07042765831665247
2024-10-01,17910.359375,-0.11512362258339068,-0.47094427356749946
2024-10-01,558.6093139648438,1.225363984700777,-0.50948284647524
2024-10-02,558.8450317382812,0.7365827384135338,-0.11750883613034663
2024-10-02,17925.119140625,1.0650798319597228,-0.36193320512944854
2024-10-03,557.8233032226562,0.3185007389684032,-0.6648461080241529
2024-10-03,17918.48046875,0.655442836966548,-0.811930906387581
2024-10-04,562.892578125,2.2019362871188872,-0.08020795003003081
2024-10-04,18137.849609375,-0.49448889400113544,0.026575137340461262
2024-10-07,557.8036499023438,-1.3570938568650883,-0.0063144702565987865
2024-10-07,17923.900390625,0.6664941034597626,-0.015504751538503824
2024-10-08,18182.919921875,-0.15271755000799614,1.4405785266173166
2024-10-08,563.0791625976562,-0.0404430067440522,0.16363584162347036
2024-10-09,18291.619140625,-0.7184920438208828,-0.49204271537726924
2024-10-09,566.9793701171875,-0.3238999546750475,-0.3083744606488284
2024-10-10,18282.05078125,0.03212847333963494,0.4655757949410632
2024-10-10,565.9871215820312,-0.49921900668178987,-0.18635620662460867
2024-10-11,569.3764038085938,-0.5115961346534914,0.22985336829619565
2024-10-11,18342.939453125,-0.18080424623894734,-0.22139746804332042
2024-10-14,18502.689453125,-0.45403187848414595,0.09618071980050441
2024-10-14,574.0328369140625,-0.827988865480404,-0.5057977599408895
2024-10-15,569.5728149414062,-0.07219533223485285,-1.1824736110609406
2024-10-15,18315.58984375,0.19198327125005116,-0.6051612885377314
2024-10-16,18367.080078125,-0.13593445310708385,0.054866246589151
2024-10-16,572.0484619140625,-0.023935723855972254,-0.06731749384075567
2024-10-17,18373.609375,0.21707030585368903,-0.3464254029766437
2024-10-17,572.0975341796875,-0.335519055328724,-0.47456630124268323
2024-10-18,18489.55078125,0.12483807258894772,-0.1814791407235557
2024-10-18,574.298095703125,-0.5026074613657557,0.10474711104921333
2024-10-21,18540.009765625,0.1409241410799244,0.5645570122057862
2024-10-21,573.3550415039062,0.46150788528764547,0.27513611953541367
2024-10-22,18579.76953125,1.197777271853934,0.2417714656517895
2024-10-22,573.0504760742188,0.046940802371945915,0.6604345049895639
2024-10-23,18276.650390625,-0.10644944379637605,0.11482721850943729
2024-10-23,567.8142700195312,0.15862660691632152,-0.09718948917838756
2024-10-24,18415.490234375,0.061553661775188645,0.1679553471709253
2024-10-24,569.0423583984375,-0.13961614762831778,0.29661759853307285
2024-10-25,568.845947265625,-0.5842988760877278,-0.09526461464918627
2024-10-25,18518.609375,-0.7012378507357113,0.11115258440408347
2024-10-28,18567.189453125,0.4603874568672024,0.5747759044400799
2024-10-28,570.6043701171875,0.28477785468179023,0.9020133587488536
2024-10-29,18712.75,-0.3578013602639809,0.8327142289738999
2024-10-29,571.52783203125,0.6976914040340297,0.5503260320201957
2024-10-30,569.7987060546875,0.5963943871734605,-0.0692168065137101
2024-10-30,18607.9296875,-0.19159959149225003,0.10418976891018739
2024-10-31,558.62890625,-0.09708134350006664,0.0009747257912047468
2024-10-31,18095.150390625,-0.26269364464296635,-1.1974615117604008
2024-11-01,18239.919921875,0.05721656841520019,0.6600312943342661
2024-11-01,560.9866333007812,0.020952659141769223,-1.7960612159306786
2024-11-04,559.7783813476562,0.1132299009600435,2.412493996654732
2024-11-04,18179.98046875,0.07172520309113369,-2.259664530149715
2024-11-05,566.5470581054688,-0.1191817085956602,0.5837444761408926
2024-11-05,18439.169921875,0.19855431539018317,0.9099516510616097
2024-11-06,580.6346435546875,-0.05189916370605582,0.36228862994703936
2024-11-06,18983.470703125,0.06318452758579872,0.19164961963940721
2024-11-07,585.1241455078125,0.15549675025290707,0.2968177188047784
2024-11-07,19269.4609375,0.007667317835839278,-0.3054094319065434
2024-11-08,587.6587524414062,0.3219526580633678,0.12934789922321482
2024-11-08,19286.779296875,-0.37585235419672464,-0.033617317239161754
2024-11-11,588.2186889648438,0.386360695216067,0.7267429454529774
2024-11-11,19298.759765625,0.5497166920557562,0.027793517615564256
2024-11-12,586.3914184570312,0.2664069504102218,0.42001190872693295
2024-11-12,19281.400390625,-0.1641460817505887,0.7147964055964521
2024-11-13,19230.720703125,0.4792222733976901,0.31062766159674904
2024-11-13,586.6763305664062,0.6774328398582965,1.0410408446951798
2024-11-14,19107.650390625,0.6942258337871529,0.1481012137336217
2024-11-14,582.9039306640625,0.6175844192353163,0.015536742907547965
2024-11-15,18680.119140625,0.942434457271091,0.4337385929749694
2024-11-15,575.437744140625,0.6827718366242622,-0.26174571108678524
2024-11-18,577.7954711914062,1.9245764270300278,-0.1892897086789217
2024-11-18,18791.810546875,2.1759917747798063,-0.11223605510774241
2024-11-19,579.9075927734375,2.5648719044335873,0.09378914203393267
2024-11-19,18987.470703125,2.5304058853142535,0.2405042476117316
2024-11-20,18966.140625,3.2715811407428115,0.18103275293676924
2024-11-20,580.1041259765625,3.621983392028117,0.2821298557353478
2024-11-21,18972.419921875,4.3220214538754655,-0.23996611335710655
2024-11-21,583.2183227539062,4.318864325622823,-0.1530548086482061
2024-11-22,585.0259399414062,5.4953704471301545,0.12135066600879436
2024-11-22,19003.650390625,5.8272947450053,0.2734379259075397
2024-11-25,587.0103759765625,10.948040467358183,-0.06329684598954334
2024-11-25,19054.83984375,10.93383965797497,0.3338813059277677
2024-11-26,590.0753784179688,13.579098817756028,0.04295080761300489
2024-11-26,19174.30078125,13.842125250157602,-0.024083113767310885
2024-11-27,588.2874145507812,16.5855921504912,-0.41439975567149945
2024-11-27,19060.48046875,16.21946157944001,-0.14155450329570654
2024-11-29,591.94189453125,23.47931521423665,0.15927493469529114
2024-11-29,19218.169921875,23.764371442340735,0.1012104991886221
2024-12-02,19403.94921875,37.61735132516526,-0.04904709010655927
2024-12-02,593.0028686523438,37.334991191402466,0.16700727092271617
2024-12-03,593.2780151367188,42.74318499703549,0.32350307426458585
2024-12-03,19480.91015625,43.32521123741761,0.4157949224191351
2024-12-04,19735.119140625,48.73079229139294,0.16625610913164318
2024-12-04,596.9619750976562,48.87156078311851,-0.15295434771522862
2024-12-05,595.9795532226562,54.806474175064515,-0.21191330848471474
2024-12-05,19700.259765625,53.93102131569196,0.06800006240277363
2024-12-06,597.1093139648438,60.73294433916597,0.05871696995153213
2024-12-06,19859.76953125,60.509755554060575,0.3625916101642118
2024-12-09,19736.689453125,77.88195798393144,0.0022313973933115894
2024-12-09,594.0344848632812,78.36682534218627,0.10932076038221616
2024-12-10,19687.240234375,83.56416281874544,0.5884671565214186
2024-12-10,592.1875610351562,83.54155486932353,0.3292213949479719
2024-12-11,596.7655029296875,88.0755771001883,-0.03437100894014805
2024-12-11,20034.890625,88.21980007697812,-0.06994356796085242
2024-12-12,593.690673828125,92.41074232838707,-0.08621039661877736
2024-12-12,19902.83984375,92.34433249212442,-0.11923138458951027
2024-12-13,593.57275390625,95.38077265467459,0.032550325776721574
2024-12-13,19926.720703125,95.7202937964603,0.41939042071164917
2024-12-16,596.1072387695312,99.78734040347554,0.1721631714195053
2024-12-16,20173.890625,99.79125789347715,-0.1773188819264592
2024-12-17,593.6513671875,5.652249995328026,-0.020033329485425917
2024-12-17,20109.060546875,6.240092776684601,-0.42682581617467186
2024-12-18,575.9584350585938,-0.37746058117169723,4.3435428391130495
2024-12-18,19392.689453125,-2.034484699909367,-2.4559609911240146
2024-12-19,575.7816162109375,2.492996950373409,-0.3858882041491704
2024-12-19,19372.76953125,-0.3000235493935041,0.6259499387192563
2024-12-20,582.697265625,-1.246813920075416,-0.6150113222573118
2024-12-20,19572.599609375,0.8608826821546439,0.1322890231497693
2024-12-23,586.1867065429688,-0.3724931490463264,-0.25319841664719683
2024-12-23,19764.880859375,-1.4039574665578898,0.16844193168131377
2024-12-24,592.7020874023438,0.3605125353039007,0.1237368272362773
2024-12-24,20031.130859375,0.8129008468651185,-0.031092145633507633
2024-12-26,20020.359375,-0.27265775559720895,0.1876597641806289
2024-12-26,592.7415161132812,-0.06274585470334904,0.18222888562090878
2024-12-27,586.5020141601562,-0.7297900185945925,-0.10976447978878272
2024-12-27,19722.029296875,-0.0885242728111732,-0.05762733119735063
2024-12-30,579.8092041015625,0.23905590954289777,-0.5105076575275463
2024-12-30,19486.7890625,0.03905867246030456,-0.3345714051803772
2024-12-31,577.69970703125,0.5616396519321871,-0.5333487183236018
2024-12-31,19310.7890625,0.35010812903345356,-0.37354804637489597
2025-01-02,576.2803344726562,-0.5266628119587173,-0.005076273597672482
2025-01-02,19280.7890625,-0.17593551361541557,-0.13125309122275472
2025-01-03,583.4857788085938,-0.47464386071581777,-0.24996206268142102
2025-01-03,19621.6796875,0.32959619356524605,-0.13899980291400243
2025-01-06,586.8470458984375,-0.26683759980914046,0.17553942055768507
2025-01-06,19864.98046875,-0.10775390821864901,0.24374400300724816
2025-01-07,580.2133178710938,-0.14555352628274754,-0.5366858638385256
2025-01-07,19489.6796875,0.5649258593128039,-0.24033244282758917
2025-01-08,581.0609741210938,0.24528183230560696,-0.595244013787096
2025-01-08,19478.880859375,0.430387959192261,-1.0675331996729953
2025-01-10,19161.630859375,-0.17998926099411974,-0.8710103560780504
2025-01-10,572.189697265625,-0.4927983064464256,2.0900024296222965
2025-01-13,19088.099609375,0.005495501380824222,0.6884295311467407
2025-01-13,573.0768432617188,-0.41337495532228724,-0.6156794527763674
2025-01-14,19044.390625,-1.4139690680399648,0.48699797077152673
2025-01-14,573.8653564453125,0.45414745107457,1.3103307787821066
2025-01-15,19511.23046875,0.1697945484744149,-0.4869616970150806
2025-01-15,584.3040161132812,-0.14745097113327724,0.901317703187607
2025-01-16,19338.2890625,-0.4391265592906201,-0.6004253440153561
2025-01-16,583.1802978515625,-0.8342019585126174,1.1515549371541238
2025-01-17,589.035400390625,1.0936408590362767,0.1628157471263255
2025-01-17,19630.19921875,0.5405402812446922,1.29738099092357
2025-01-21,19756.779296875,-0.010157099467158485,0.7874106037458599
2025-01-21,594.4270629882812,-0.5716662467579631,0.7810688940680588
2025-01-22,597.7686157226562,-0.17163401085478489,0.8145904195622506
2025-01-22,20009.33984375,-0.34036876544840544,0.45064169632799667
2025-01-23,601.03125,-0.5085530397556274,-0.8178551668285815
2025-01-23,20053.6796875,-0.680409274199688,-0.02244235170308198
2025-01-24,599.2767333984375,-1.4833411839375599,-0.09898992871398248
2025-01-24,19954.30078125,0.9539650568226063,-1.228475745299664
2025-01-27,590.7997436523438,-0.8781984697896676,-0.908409582083676
2025-01-27,19341.830078125,1.2081923935549415,-0.5077733226716993
2025-01-28,595.8760986328125,-0.8849595573612403,-0.4748222319312933
2025-01-28,19733.58984375,0.8846334335849058,-0.5855328664773761
2025-01-29,19632.3203125,-0.22521573544337503,1.1999522850377675
2025-01-29,593.2048950195312,-0.7698292212484903,-0.32407535872756194
2025-01-30,596.3886108398438,0.25600777701580524,-0.16622261278087988
2025-01-30,19681.75,-0.9247344453487031,-0.121614115093024
2025-01-31,593.2146606445312,1.3082010940797741,-0.5503873505371011
2025-01-31,19627.439453125,0.48431098938851164,-0.4234705021882229
2025-02-03,589.2225952148438,-0.5279042564221975,3.5528179485197136
2025-02-03,19391.9609375,-0.26234831902470135,3.7365789699341274
2025-02-04,593.1752319335938,-0.10308321363701846,0.29820399299226463
2025-02-04,19654.01953125,-0.32164471235652947,-0.1610149636853497
2025-02-05,19692.330078125,1.4965808877879814,-0.3789131021661877
2025-02-05,595.580322265625,-0.2804365789497309,0.5487492281517763
2025-02-06,19791.990234375,0.4116637999804882,-0.5078276860444277
2025-02-06,597.6502685546875,-1.268792693788311,-0.11793271301438647
2025-02-07,19523.400390625,0.548374117030495,0.08999741426228144
2025-02-07,592.1796875,-0.19500498392023927,0.09228893084339643
2025-02-10,596.2013549804688,-0.14888994900750976,-0.1552153258090011
2025-02-10,19714.26953125,0.42418252933753836,-0.2619758541041337
2025-02-11,596.6548461914062,-0.7123220044544513,0.004851004341877343
2025-02-11,19643.859375,1.3489985238280784,-0.3890709227837129
2025-02-12,594.732666015625,-0.4880595713341846,0.10652195391357501
2025-02-12,19649.94921875,-0.34749331387505483,0.2047686878334492
2025-02-13,601.0115356445312,0.4874260239506502,0.3724057922689631
2025-02-13,19945.640625,0.03714475966619048,0.29463486878511636
2025-02-14,20026.76953125,2.6355786611814955,-0.44976855952959127
2025-02-14,600.9820556640625,-0.3994602401710143,-0.0777176708747383
2025-02-18,20041.259765625,1.249713176877214,-0.11090984337438432
2025-02-18,602.7463989257812,-0.8776119271882946,0.11558675758912025
2025-02-19,20056.25,-0.8753551435644277,-0.06641712787176203
2025-02-19,604.1658325195312,-1.2152872554725718,0.2528588318178223
2025-02-20,19962.359375,0.08058740770508217,-0.09982712432042005
2025-02-20,601.65234375,0.021393246209771177,0.266398420381404
2025-02-21,19524.009765625,-0.06655065361659515,-0.02771441392317137
2025-02-21,591.361572265625,0.10570917723331456,0.8647519290529706
2025-02-24,19286.9296875,-0.17506154519999476,-0.30998734723639104
2025-02-24,588.6705932617188,0.06008530168718216,0.20258813844108603
2025-02-25,19026.390625,-0.17671176571284017,0.1023505506756303
2025-02-25,585.7430419921875,-0.46217633270322384,-0.04997924096790267
2025-02-26,19075.259765625,0.43577463335013683,-0.06473073320197233
2025-02-26,586.0386962890625,-0.30276387157509155,-0.09331975790989427
2025-02-27,18544.419921875,0.26869310852407124,0.22387588114879714
2025-02-27,576.6844482421875,0.42421781283953286,-0.19714349868129022
2025-02-28,18847.279296875,0.31393521851254036,0.09070913843987162
2025-02-28,585.6839599609375,0.44597008217985523,0.0026411990527126002
2025-03-03,18350.189453125,-0.5527233593225687,0.0243758139221355
2025-03-03,575.4227905273438,-0.09515807059555846,0.30963965705581115
2025-03-04,568.611572265625,-0.2820227478677391,0.3117569467380696
2025-03-04,18285.16015625,0.033779606366315496,0.05372753180490148
2025-03-05,574.722900390625,-0.17202356917705283,0.44393183614236414
2025-03-05,18552.73046875,-0.11253078606277628,0.4653016833513102
2025-03-06,564.5209350585938,0.47108600021225555,0.4107881948464916
2025-03-06,18069.259765625,0.5761385213343762,0.36157442940682977
2025-03-07,567.6849975585938,-0.6689663637375775,0.5664958167676819
2025-03-07,18196.220703125,-0.4749370784039447,0.513198698874692
2025-03-10,552.5643310546875,-0.03257041844878514,1.5022959574970698
2025-03-10,17468.3203125,0.1429956554694671,1.371029386298749
2025-03-11,547.9710693359375,-1.0224237934954965,2.1950907587307515
2025-03-11,17436.099609375,0.0832954621441567,2.115328080752903
2025-03-12,550.8787841796875,-0.05226366637183136,2.661018416430566
2025-03-12,17648.44921875,0.1997541783522372,2.4209672130607283
2025-03-13,17303.009765625,0.2911542674126874,3.6088565882742323
2025-03-13,543.5353393554688,0.3772393264327364,3.1749381127144125
2025-03-14,17754.08984375,0.11387162351482429,4.552516778697802
2025-03-14,554.762451171875,-0.2257996485581402,4.278358222694471
2025-03-17,559.0404052734375,-0.17603401830730436,8.739208271271222
2025-03-17,17808.66015625,0.18447242766158367,8.890287849760139
2025-03-18,552.998046875,0.01400117006303722,10.689048599400968
2025-03-18,17504.119140625,0.8083033375509698,11.324085057103291
2025-03-19,17750.7890625,-0.5286518460659402,13.409716727933747
2025-03-19,559.0206909179688,1.9064752495437844,13.717439875890117
2025-03-20,17691.630859375,0.14683038004467344,16.79243627950982
2025-03-20,557.4041748046875,-0.1035955117236208,16.24946026958474
2025-03-21,557.5880737304688,-0.6695217052078967,19.791598179134194
2025-03-21,17784.05078125,0.39882910769524343,19.68173356200822
2025-03-24,567.5735473632812,-0.14429886970330177,32.484731374242465
2025-03-24,18188.58984375,0.4628748970733425,32.55180436891347
2025-03-25,18271.859375,-0.7122228406639229,37.44230706203025
2025-03-25,568.93798828125,0.2372513800707814,37.54971127417635
2025-03-26,17899.01953125,0.7995215286315648,42.966707234493015
2025-03-26,562.1458129882812,-0.7559686642578735,43.02415743065261
2025-03-27,560.65283203125,0.05405141026108479,48.60443247487076
2025-03-27,17804.029296875,0.25941737403263687,48.58786678292376
2025-03-28,17322.990234375,-0.6443895659198041,54.40048476900795
2025-03-28,549.3623046875,-0.7422268242799845,54.88999208232229
2025-03-31,17299.2890625,0.2499183273266053,72.49555456168102
2025-03-31,553.0501708984375,0.234775690978914,72.62165354626391
2025-04-01,554.6121826171875,0.28402357006217205,78.23586969361952
2025-04-01,17449.890625,-1.2940010800113944,78.29846772571946
2025-04-02,558.1219482421875,0.48695280126163,83.48023133789408
2025-04-02,17601.05078125,-0.8451280759719565,83.45067849465333
2025-04-03,530.6172485351562,-0.1197413086502094,88.28580899396766
2025-04-03,16550.609375,-0.3552194599149154,88.15566649162534
2025-04-04,499.5533752441406,0.23725944245216757,92.35389575504591
2025-04-04,15587.7900390625,0.28769300260809005,92.22383541042332
2025-04-07,498.6635437011719,-0.03576884844445878,99.46086700820503
2025-04-07,15603.259765625,-0.11055446784699899,99.5888712503447
2025-04-08,490.8530883789063,-0.11923969715410676,99.77250243263771
2025-04-08,15267.91015625,-0.2703012707456879,100.00622162459749
2025-04-09,542.4021606445312,-0.0263792526795982,1.540827561664048
2025-04-09,17124.970703125,0.1998399437764719,2.4033117947909375
2025-04-10,16387.310546875,-0.4034403361290608,-1.3920576373295017
2025-04-10,518.6346435546875,0.6531290378371298,2.3048270463717375
2025-04-11,527.8885498046875,0.43679944032816354,-0.08553175815585137
2025-04-11,16724.4609375,-0.3312763102114415,-1.342245716831667
2025-04-14,533.009765625,0.09914423731177258,-0.8165770816678755
2025-04-14,16831.48046875,0.18076561851853268,0.17463362276811845
2025-04-15,16823.169921875,0.3802193147036711,-0.28876892561443046
2025-04-15,531.5169067382812,-0.11268204976872528,1.1710439102122245
2025-04-16,519.7023315429688,-0.15545567446207803,-0.7475035585752111
2025-04-16,16307.16015625,-0.07920871222947626,1.4792485199911063
2025-04-17,16286.4501953125,-0.6080254185293954,-0.8836995566169721
2025-04-17,520.44384765625,-0.5832638226253778,0.9213215241801378
2025-04-21,15870.900390625,0.02146949189474072,-0.4618069551619958
2025-04-21,508.0558776855469,-0.23049812600320935,0.7764651796741712
2025-04-22,16300.419921875,-0.3066879638552732,-0.4050120630115972
2025-04-22,521.2744140625,-0.6724317448472727,-0.8281516050087571
2025-04-23,16708.05078125,0.35820635489332575,-0.5853889175396172
2025-04-23,529.3516845703125,0.17522791547250696,-1.5157005084938244
2025-04-24,17166.0390625,-0.4402159039644934,2.2072416278686364
2025-04-24,540.4940185546875,0.3232881973045818,1.464638566009928
2025-04-25,544.3992919921875,0.03642217714198613,-0.2691701620258588
2025-04-25,17382.939453125,0.1319703329559299,-2.0677306154710675
2025-04-28,17366.130859375,-0.1371421827215484,0.7911891987493965
2025-04-28,544.60693359375,0.10903416984672917,-0.7874769123480447
2025-04-29,548.0375366210938,-0.6915780401964549,0.7322541155568062
2025-04-29,17461.3203125,0.7104576513106585,0.36896269785696095
2025-04-30,548.2550659179688,-0.16783970203935256,0.017438589922405677
2025-04-30,17446.33984375,0.5065685323119219,-0.2598233039920198
2025-05-01,552.1405029296875,0.28318430886026985,0.20889652912052967
2025-05-01,17710.740234375,0.49274291490806665,-0.5540460604681515
2025-05-02,17977.73046875,0.3310077755425175,0.07710940374448297
2025-05-02,560.3366088867188,0.36261236947599007,-0.28775581295633107
2025-05-05,17844.240234375,0.061706441072659886,0.5699504884059726
2025-05-05,557.1233520507812,0.4357020608294301,0.3433789681756328
2025-05-06,17689.66015625,0.12045496809612982,-0.694262699138923
2025-05-06,552.466796875,0.16676000277482295,-0.12485752202812651
2025-05-07,17738.16015625,0.04345401415397136,0.3002976261664923
2025-05-07,554.7901611328125,0.4982759241396406,0.62136477992205
2025-05-08,17928.140625,0.18727257891061566,0.035356237916736324
2025-05-08,558.6558227539062,0.10979410312311425,-0.08488288234648883
2025-05-09,557.9440307617188,0.18005928114203437,0.4547581630269277
2025-05-09,17928.919921875,0.2621276077718146,0.15406962287323892
2025-05-12,18708.33984375,0.5278834181331813,0.11684834751927553
2025-05-12,576.3826293945312,0.37004126968657963,0.15146764055071218
2025-05-13,19010.08984375,-0.3670568169471607,0.05867973466499927
2025-05-13,580.18896484375,0.06850120821474184,0.1162217187204702
2025-05-14,19146.810546875,-0.4577121468824874,-0.6055223174254639
2025-05-14,580.930419921875,-0.12928168780185945,-0.49187137469622616
2025-05-15,19112.3203125,0.44517779965216786,0.029717979277940607
2025-05-15,583.7679443359375,-0.21977329965714054,-0.13533066957378836
2025-05-16,19211.099609375,-0.06319280985909312,0.3691157719801624
2025-05-16,587.465576171875,-0.6997057033072722,0.059541704383892766
2025-05-19,588.1082153320312,-0.14496955438936693,-0.4760321406167734
2025-05-19,19215.4609375,-0.08025106775026088,-0.08998517011734963
2025-05-20,19142.7109375,-0.09167876847718706,-0.005084121950729503
2025-05-20,586.1307983398438,-0.23448944397981886,0.0472844355642215
2025-05-21,576.2540893554688,0.11906798753276437,-0.2537855326302412
2025-05-21,18872.640625,-0.08105061707437118,-0.4383238439946129
2025-05-22,18925.740234375,0.02491812403883301,0.25874581907484817
2025-05-22,576.4815063476562,0.13899494913302268,0.03763429965644538
2025-05-23,572.5465698242188,0.0390953523192139,-1.1895428461010507
2025-05-23,18737.2109375,-0.025424071057940017,-0.1542515928421756
2025-05-27,584.4501953125,-0.20123098489589744,-0.46622105917845685
2025-05-27,19199.16015625,-0.04538415377206177,-0.622177972075135
2025-05-28,19100.939453125,-0.06695958459571462,-0.002711467736702608
2025-05-28,581.06884765625,0.020596859228906576,-0.12774540515237828
2025-05-29,583.362548828125,0.34071826712651304,-0.3888260269054392
2025-05-29,19175.869140625,0.5690377160303104,-0.5349209576902303
2025-05-30,582.7101440429688,-0.5843250897191562,0.7626804020613289
2025-05-30,19113.76953125,-0.21315727266986975,0.44708018037475705
2025-06-02,585.9924926757812,0.674633164861274,-0.025611885605943817
2025-06-02,19242.609375,0.40408414926152053,0.1644989626765873
2025-06-03,19398.9609375,-0.7743380213485177,-0.06538865763627028
2025-06-03,589.3341064453125,0.19012004348147102,-0.266023470285775
2025-06-04,19460.490234375,-0.0519649519223268,0.16977708589971935
2025-06-04,589.1759643554688,-0.04707729265971009,0.26821591587865223
2025-06-05,586.3285522460938,-0.13535985711439913,0.25595672843103795
2025-06-05,19298.44921875,0.02447813470965056,0.17230010128336473
2025-06-06,19529.94921875,-0.6925165084238997,0.21315958937220486
2025-06-06,592.3495483398438,-0.6667408241030871,0.3560264534880399
2025-06-09,592.8834228515625,-0.497803792571184,-0.05089291110453047
2025-06-09,19591.240234375,0.19941015038499782,0.5228973807744057
2025-06-10,596.2449340820312,-0.5020200280141518,-0.4126813086295826
2025-06-10,19714.990234375,-0.7136125829282114,0.21854377148071866
2025-06-11,594.54443359375,-1.004230745697482,0.25062078041075786
2025-06-11,19615.880859375,-0.7848229176952886,0.20551465792945378
2025-06-12,596.9072265625,-0.03350035742708922,0.3070643662917972
2025-06-12,19662.490234375,0.17692928578842046,-0.22803438942145446
2025-06-13,19406.830078125,-0.3664150619354552,0.18555842601926606
2025-06-13,590.2338256835938,-0.30045044217867944,0.20543728540697734
2025-06-16,595.8494873046875,0.10720869080801665,-0.9346920633887722
2025-06-16,19701.2109375,0.4867152946467267,-0.5582666721568502
2025-06-17,590.7578125,0.08398578604980286,1.4643714361569389
2025-06-17,19521.08984375,0.04954758759204888,1.5975833917733524
2025-06-18,590.6688232421875,0.457412283095923,0.9635999760671996
2025-06-18,19546.26953125,0.33766457453517706,-0.16051171758656513
2025-06-20,589.2816162109375,0.0349057145943066,-0.15206361821312245
2025-06-20,19447.41015625,-0.08213052980289663,0.09186040418197963
2025-06-23,595.1022338867188,0.46449801477730635,-0.7627665955824731
2025-06-23,19630.970703125,0.028237982637851045,-0.2548901116974065
2025-06-24,19912.529296875,1.4633112615433481,-0.256330376626273
2025-06-24,601.6764526367188,0.3393835285906082,0.07060631636411605
2025-06-25,19973.55078125,0.6268454736979288,0.2018627942703549
2025-06-25,602.0136108398438,-0.5710951582025089,-0.2786098363123364
2025-06-26,20167.91015625,-0.10518399658341128,-0.10119615705289971
2025-06-26,606.7236328125,0.4545943063297868,-0.4632306043173221
2025-06-27,609.738037109375,-0.44335780037252126,-0.5069474145929158
2025-06-27,20273.4609375,-0.5602404636604637,0.5098185475378438
2025-06-30,20369.73046875,-0.7369868342805502,0.34070034839525715
2025-06-30,612.6533813476562,0.06298474024713037,0.5128693279734934
2025-07-01,612.455078125,0.29186026964934636,0.34669694486470104
2025-07-01,20202.890625,0.13841351863991908,0.22648638183460879
2025-07-02,20393.130859375,-0.04747071708483758,-0.06045325829079795
2025-07-02,615.2315063476562,-0.07409429002127078,0.1826625821076964
2025-07-03,620.0803833007812,0.045008588642920386,0.10067304886209173
2025-07-03,20601.099609375,-1.0671642426844907,0.29658892158622757
2025-07-07,20412.51953125,0.9642372463917188,0.0012660196133792469
2025-07-07,615.4595336914062,-0.36770388908749724,0.5343709691619529
2025-07-08,20418.4609375,0.21629629270412937,-0.008196752318272061
2025-07-08,615.1224365234375,-0.2253227307185272,-0.25114683032039653
2025-07-09,20611.33984375,1.5388566609715149,-0.4851490353063201
2025-07-09,618.8110961914062,-1.0573199260621455,0.189705538987708
2025-07-10,20630.66015625,0.17235599775859056,0.22300428920587523
2025-07-10,620.5563354492188,0.44397612732350833,0.35159144444574003
2025-07-11,20585.529296875,0.10967213011769854,-0.13611731354237752
2025-07-11,618.3748168945312,-0.1603463065624372,-0.03687898730185938
2025-07-14,619.5547485351562,-0.6645427131415089,0.22777354245752812
2025-07-14,20640.330078125,-0.9989184996396013,0.1896445866926938
2025-07-15,20677.80078125,0.37827001341946404,-0.48358888756108787
2025-07-15,616.9072875976562,0.46982191208182345,-0.02866196098463812
2025-07-16,618.9697265625,-0.6368591643569901,-0.08836351299033178
2025-07-16,20730.490234375,1.0933622768242233,0.11651628248401544
2025-07-17,622.7576293945312,-0.2526404334216401,0.03333934578970114
2025-07-17,20885.650390625,0.9485033278120342,0.17071888567641727
2025-07-18,622.301513671875,0.4547926425137758,-0.0870865488295939
2025-07-18,20895.650390625,-1.7023628093040624,-0.023148520305934936
2025-07-21,20974.1796875,0.18116377740600983,-0.15323301122382862
2025-07-21,623.4815063476562,0.9307327824660211,0.18392903859269763
2025-07-22,20892.689453125,-0.03931900678000811,0.05663815203799372
2025-07-22,623.5707397460938,-0.2591245456406552,0.016931398683798227
2025-07-23,21020.01953125,-0.0703374810733903,-0.11199798380114417
2025-07-23,628.8757934570312,0.05437639050531835,0.08398463972777007
2025-07-24,629.083984375,0.14328708829465386,-0.14586546532235956
2025-07-24,21057.9609375,0.5124388108553836,-0.07606800276730535
2025-07-25,21108.3203125,-0.8409380110178474,-0.27529101576878795
2025-07-25,631.741455078125,-0.17173257032607686,-0.0013340658894039868
2025-07-28,21178.580078125,0.2716420535473323,-0.0845200956832268
2025-07-28,631.5828247070312,0.36198535098897616,0.22214576240077613
2025-07-29,629.9168701171875,-0.5412840511650598,0.11053889776754855
2025-07-29,21098.2890625,-0.19891934459331306,0.1297760357351072
2025-07-30,21129.669921875,-0.11459188340923672,-0.27569150257445546
2025-07-30,629.1236572265625,-0.23565139755955958,0.3064147646144151
2025-07-31,21122.44921875,0.09889156166608504,-0.24237031701361947
2025-07-31,626.7637329101562,0.03691465006751815,0.14774095972908988
2025-08-01,20650.130859375,-0.26227035337345017,-1.1540365878813623
2025-08-01,616.49072265625,-0.636850915508997,0.623415675861995
2025-08-04,21053.580078125,0.33940750439799666,-0.07405150510383914
2025-08-04,625.8612670898438,0.3793629969373237,0.6123541592596999
2025-08-05,622.6881713867188,-0.02988719557526303,0.031367851062484464
2025-08-05,20916.55078125,0.4403812561527912,-0.10996311611231901
2025-08-06,627.457763671875,0.650912588098907,-0.5807825672698708
2025-08-06,21169.419921875,-0.9480395047509363,0.11054138341108732
2025-08-07,626.9321899414062,0.39204821647622384,-0.09242058634958045
2025-08-07,21242.69921875,-0.4117189022124483,0.02727569876744289
2025-08-08,21450.01953125,-0.9357466495927719,-0.30421993571619327
2025-08-08,631.8207397460938,-1.2973385009214338,-0.12135726243559615
2025-08-11,21385.400390625,0.3772783166379062,0.143466826204954
2025-08-11,630.5713500976562,0.244245542151705,0.010002766698833937
2025-08-12,21681.900390625,0.028096124765748385,-0.08598129540842442
2025-08-12,637.2844848632812,1.099248963569076,0.1046770381786561
2025-08-13,21713.140625,-2.138613594775747,-0.15686571056339943
2025-08-13,639.4659423828125,0.12267062012101884,0.44172234901517343
2025-08-14,639.525390625,0.06851878990214288,-0.039307892731979654
2025-08-14,21710.669921875,-0.126640013924204,0.24344128766846296
2025-08-15,638.0281372070312,-0.3965372504276324,0.047075235864472924
2025-08-15,21622.98046875,-0.6598961767121081,1.09192526715494
2025-08-18,21629.76953125,0.049513514664420555,0.004990461675495337
2025-08-18,637.8892822265625,-0.3149366028100546,-0.08144955631144297
2025-08-19,21314.94921875,-0.5602018494666714,0.4713866099726622
2025-08-19,634.4286499023438,-0.22504826317804447,-0.17442497098723792
2025-08-20,21172.859375,0.3031671535653045,0.0828266705273141
2025-08-20,632.742919921875,-0.2518608115097514,0.7002798511391923
2025-08-21,21100.310546875,0.22720320281036907,-0.24309056082081767
2025-08-21,630.2044677734375,0.09242830869771591,0.10163897880083272
2025-08-22,639.8824462890625,0.26958254555888966,-0.12003264631721
2025-08-22,21496.5390625,0.731113757939471,0.7781234659857871
2025-08-25,21449.2890625,-0.7478764573111597,-0.1410911012890126
2025-08-25,637.0662231445312,-0.14112382270750942,0.21406963153325875
2025-08-26,21544.26953125,1.346967093465233,0.017491131883976822
2025-08-26,639.733642578125,0.28436547109174964,0.16105067020034908
2025-08-27,21590.140625,-0.391404072770164,0.8111155801802744
2025-08-27,641.1912841796875,-0.3205498205467562,-0.069042892625801
2025-08-28,643.4619750976562,1.1894417224976621,0.38153164944358714
2025-08-28,21705.16015625,0.4471797527561444,0.10121632360193825
2025-08-29,639.6245727539062,-0.30989580335309785,0.12466252329640187
2025-08-29,21455.55078125,0.40427969822294163,-1.0196879858464911
2025-09-02,634.884765625,-0.039783033628237374,0.6319798323467952
2025-09-02,21279.630859375,0.5092342200529059,-0.30357099581672214
2025-09-03,21497.73046875,0.08301945461764072,-0.10544935520776895
2025-09-03,638.3255615234375,0.09210234217682839,-0.1685245336293798
2025-09-04,21707.689453125,-0.5520821520735031,0.21592973190335374
2025-09-04,643.6602783203125,-0.513522061541824,-0.902453666141624
2025-09-05,21700.390625,0.8212530324195361,0.2885563980387324
2025-09-05,641.796142578125,-0.27358198232084385,0.25925197337730604
2025-09-08,643.3727416992188,0.26466623555353247,-0.15175111085750706
2025-09-08,21798.69921875,-0.48652068486305583,0.05915473652773041
2025-09-09,644.8601684570312,-0.1585204436944079,-0.23964822713587264
2025-09-09,21879.490234375,0.026987764408270686,-0.1078971692902983
2025-09-10,21886.060546875,0.18499137725597029,0.9795538817086373
2025-09-10,646.724365234375,-0.5264071137376435,0.05639669175488997
2025-09-11,652.0988159179688,0.5421141401725524,-0.663168324333094
2025-09-11,22043.0703125,-0.5541050262334147,-0.3513881450189036
2025-09-12,651.880615234375,0.40640396041153215,-0.5165027391762299
2025-09-12,22141.099609375,1.149355430419844,-0.14096441014826794
2025-09-15,655.3511352539062,-0.03197889651203107,0.9053086080054068
2025-09-15,22348.75,0.15776971614145377,0.5072511827423335
2025-09-16,654.4488525390625,-0.20376339290065862,-0.18780677215274286
2025-09-16,22333.9609375,0.2585862112684062,-0.005118724025641476
2025-09-17,653.6357421875,0.24030078615812214,-0.2975991814073453
2025-09-17,22261.330078125,-0.2112064669937221,0.035701573208684584
2025-09-18,22470.720703125,0.10633811938210964,-0.43726915703132735
2025-09-18,656.6898193359375,-0.22108631038435445,-0.39895428022927165
2025-09-19,659.9423217773438,0.3883022932802598,0.008123198500394408
2025-09-19,22631.48046875,-0.2627155629610787,-0.00456208204786507
2025-09-22,22788.98046875,-0.036822576900402776,-0.5280105379153579
2025-09-22,663.0645141601562,0.5084780842646992,-0.06390789764410255
2025-09-23,22573.470703125,0.27863765567310833,-0.21939551709089827
2025-09-23,659.4551391601562,-0.1533583017370952,-0.16908876831631858
2025-09-24,22497.859375,0.024990077418385145,-0.04034233686763433
2025-09-24,657.3569946289062,-0.23431650093704307,-0.226788847573038
2025-09-25,654.3242797851562,0.08383649263378042,0.16877338056560676
2025-09-25,22384.69921875,0.4303123444311047,-0.04345911640006572
2025-09-26,22484.0703125,0.660212236741524,-0.5021551283871044
2025-09-26,658.072998046875,0.2694871477365852,0.2033610196471401
2025-09-29,659.9224243164062,1.0630175399985045,0.29980628481233124
2025-09-29,22591.150390625,0.8566682292585924,0.04197171929977406
2025-09-30,662.4082641601562,1.9964607606624687,0.201226793694804
2025-09-30,22660.009765625,1.9107617995460555,-0.05637820147286633
2025-10-01,664.6654663085938,1.8799666237518313,0.4134657725838634
2025-10-01,22755.16015625,1.9315328486810703,0.3637499450986803
2025-10-02,22844.05078125,2.718816563579921,-0.3303145209126348
2025-10-02,665.4309692382812,2.883835565032112,0.05411381298489286
2025-10-03,665.421142578125,3.5424765545190486,0.7878401041291433
2025-10-03,22780.509765625,3.314192138981741,-0.29754682134064986
2025-10-06,22941.669921875,7.117962229747623,1.357395126700415
2025-10-06,667.8074951171875,7.130047201646085,0.2082200115116789
2025-10-07,665.3316040039062,9.059042594381056,-0.10062335751758449
2025-10-07,22788.359375,8.012272151334335,0.02018550333125048
2025-10-08,23043.380859375,10.908562841586185,-0.2110868078722175
2025-10-08,669.2990112304688,10.846974917635782,-0.11385404656541265
2025-10-09,23024.630859375,13.519270820618004,-0.38664085104469814
2025-10-09,667.3600463867188,13.862728468742114,-0.33630870249387557
2025-10-10,22204.4296875,16.366274794238244,0.0338769517654645
2025-10-10,649.32275390625,16.47803101381036,-0.4581407949530189
2025-10-13,659.2860107421875,27.658629782334163,-0.03325357784462181
2025-10-13,22694.609375,28.06281721992601,0.34933142238965126
2025-10-14,22521.69921875,32.34470118818387,0.19701806247489245
2025-10-14,658.4805908203125,32.522594127732795,0.026906881851798056
2025-10-15,22670.080078125,37.342895829037076,0.0655714973516643
2025-10-15,661.4039916992188,37.48908677310795,0.11579180717329791
2025-10-16,656.899658203125,42.935958657568634,0.5647604586363963
2025-10-16,22562.5390625,43.18067984247267,-1.952222309655146
2025-10-17,22679.970703125,48.97582184923743,-0.28644790717284024
2025-10-17,660.62841796875,48.74588513767556,0.2768690027157832
2025-10-20,22990.5390625,66.64577957702521,0.5318955439338149
2025-10-20,667.499267578125,66.6235531973244,0.010845202600851533
2025-10-21,22953.669921875,72.48878596347643,-0.966469108649807
2025-10-21,667.4892578125,72.9528106046594,0.3723890555912398
2025-10-22,664.0191040039062,78.0090363109448,0.16016241577589094
2025-10-22,22740.400390625,78.00565890432644,0.7213039191923236
2025-10-23,22941.80078125,83.4161353909287,-0.3067735183836825
2025-10-23,667.9566650390625,83.7554681412796,0.11828854595363408
2025-10-24,23204.869140625,88.28301053535996,0.2857845081469993
2025-10-24,673.4155883789062,88.08019755505869,0.1577307340339724
2025-10-27,681.3603515625,97.80358327822886,0.22768066484637303
2025-10-27,23637.4609375,98.05850213436085,-0.19401720291858238
2025-10-28,683.1700439453125,99.41243957999397,0.5491612597756766
2025-10-28,23827.490234375,99.40192175363309,-0.823243704038282
2025-10-29,683.4981689453125,100.13767045610152,-0.31783844523348703
2025-10-29,23958.470703125,99.5675837745245,-0.21460385415736447
2025-10-30,675.98095703125,5.753364345024863,0.4360133453700875
2025-10-30,23581.140625,6.885856874641348,0.05798596827141838
2025-10-31,678.1983642578125,0.46815355924398533,-0.2082002264356242
2025-10-31,23724.9609375,-0.09206998905366268,0.5172496683892318
2025-11-03,679.4711303710938,1.2059109273017399,-0.4581498520274982
2025-11-03,23834.720703125,0.9064225683384604,0.04593404419393252
2025-11-04,671.4169921875,-0.26822915428445987,-0.6180794927268304
2025-11-04,23348.640625,0.1927478732875374,-0.19567228584927082
2025-11-05,673.7437133789062,-1.0391997917816544,0.3361872565741825
2025-11-05,23499.80078125,0.1937704877980144,0.5355700593394422
2025-11-06,666.514892578125,0.5764452192661559,-0.20361624823673413
2025-11-06,23053.990234375,-0.6108938465000456,-0.15267774695218614
2025-11-07,23004.5390625,-0.5806078185602702,0.34381996732607617
2025-11-07,667.1710815429688,-0.1799675186887511,-0.3557139945859958
2025-11-10,23527.169921875,-0.13897609349679024,0.03040847306776699
2025-11-10,677.5819091796875,0.12929794986734175,0.2253720890546883
2025-11-11,23468.30078125,0.04215077568538336,-0.30896388637915495
2025-11-11,679.1329956054688,-0.19711028278205875,-0.8188124059303011
2025-11-12,23406.4609375,0.37565871872628337,-0.9053040845590755
2025-11-12,679.5108642578125,-0.20195167821333976,-1.232893900755337
2025-11-13,668.2350463867188,-0.43729016007011273,0.6470209406995275
2025-11-13,22870.359375,0.03126491505112543,-0.2939646239243328
2025-11-14,668.125732421875,0.1354061757927235,1.737870066090707
2025-11-14,22900.58984375,0.7847353426156907,2.446604009762961
2025-11-17,661.901123046875,-0.4286138106937967,0.9657051976035159
2025-11-17,22708.0703125,0.5153746113443302,0.6578858411884372
2025-11-18,22432.849609375,-0.17994182841335757,-0.8800125049619041
2025-11-18,656.3428344726562,0.2960425318415455,0.24413595251406414
2025-11-19,658.87841796875,-0.15612315323505926,-2.1514002516598474
2025-11-19,22564.23046875,0.5240638018253143,4.35900657540032
2025-11-20,648.8355712890625,-0.030477383359056684,-2.3845214122433576
2025-11-20,22078.05078125,-0.35818953243996027,1.3998652986328428
2025-11-21,22273.080078125,0.1583711466528994,2.2584203829843945
2025-11-21,655.2987670898438,-0.1035691372463363,-4.200605838341268
2025-11-24,664.9437866210938,-0.5188587036507308,-0.004005977862394348
2025-11-24,22872.009765625,0.6089802809565534,-0.4759816026655975
2025-11-25,23025.58984375,0.13437375349055258,-1.2042130022121922
2025-11-25,671.1981811523438,0.4861583245031732,-0.22711744680472695
2025-11-26,675.8318481445312,-0.5648286307089507,0.1891026710906286
2025-11-26,23214.689453125,-0.8470152580800319,1.1715502969211664
2025-11-28,23365.689453125,0.3676580869040406,-0.17370721865799302
2025-11-28,679.5208129882812,0.5055855121962887,-0.4660431993869146
2025-12-01,23275.919921875,0.723289592040467,-0.06418750457070366
2025-12-01,676.4185180664062,0.4487899919755808,-1.3165028839962456
2025-12-02,677.67138671875,-0.6286095645767056,0.1993847836123249
2025-12-02,23413.669921875,-0.0616536515971706,-0.28504208026740285
2025-12-03,23454.08984375,0.318743279643951,-0.47184941412322423
2025-12-03,680.0180053710938,0.12266645849269725,-0.13677319933103407
2025-12-04,23505.140625,-0.4366020756736502,-0.04299531178210389
2025-12-04,680.51513671875,0.033437857534236705,-0.01664209613280202
2025-12-05,23578.130859375,-0.8965543878701476,-0.2517484422041191
2025-12-05,681.8078002929688,0.42680447171688385,-0.01318560092192036
2025-12-08,679.7594604492188,0.01260501422080513,0.5238044075178835
2025-12-08,23545.900390625,0.060783305066526114,0.6237243425293488
2025-12-09,679.1727294921875,-0.10454942933642541,0.2474759672857854
2025-12-09,23576.490234375,-0.35418568169514253,0.2621392486961512
2025-12-10,23654.150390625,-0.34535989255090377,-0.29413851646063205
2025-12-10,683.6771850585938,-0.9955221113583043,0.2663300143781032
2025-12-11,685.26806640625,0.19765500998178348,0.32406256559515634
2025-12-11,23593.859375,0.20099859227503952,0.20528548230644775
2025-12-12,23195.169921875,1.3532274987614399,0.5944029653578958
2025-12-12,677.9000244140625,0.21888955850427433,-0.6465306464160492
2025-12-15,23057.41015625,0.1318561805665549,0.1803602667197118
2025-12-15,676.8758544921875,-0.1170169427713325,-0.2855189381291136
2025-12-16,23111.4609375,-1.0554245375933757,0.07393732382443839
2025-12-16,675.0264282226562,1.5977030486281147,-0.2844751394366745
2025-12-17,22693.3203125,0.03721751512254786,1.709843268944468
2025-12-17,667.5986938476562,-0.13868473291855715,-0.7642193976052415
2025-12-18,23006.359375,-0.17201092559160053,0.12077862650650106
2025-12-18,672.6399536132812,-1.452007158852982,-0.9970093502635169
2025-12-19,678.7363891601562,0.030008754570783204,-0.08779099333003369
2025-12-19,23307.619140625,0.13329886706746052,0.13834907410788974
2025-12-22,23428.830078125,0.504076061219984,-0.18862526340603802
2025-12-22,682.96484375,0.2960026528171887,0.10821150662203805
2025-12-23,686.0863037109375,-0.38014415075988645,0.6687594535033359
2025-12-23,23561.83984375,-0.504784271119606,-0.4058887523539315
2025-12-24,688.4996948242188,-1.100221813137118,-0.27612321571068393
2025-12-24,23613.310546875,0.24801201814797733,-0.5292647382187039
2025-12-26,688.4298706054688,-1.0838419866775164,-0.9291973369969785
2025-12-26,23593.099609375,0.9177324820727105,0.3686802080691847
2025-12-29,23474.349609375,-0.38025420822980355,0.612151446072054
2025-12-29,685.9765625,1.33637835430893,-0.048392855722469603
2025-12-30,23419.080078125,-0.6316523029525177,0.21412681976961906
2025-12-30,685.138916015625,-1.0161486437027956,0.1676471918906926
2025-12-31,23241.990234375,0.5228244306937493,0.6945496599844854
2025-12-31,680.062744140625,1.4668136507117524,0.22779842865218952
2026-01-02,681.309326171875,1.8192398134229324,-0.4916654628994357
2026-01-02,23235.630859375,-2.3224589731710426,-0.4858467403773018
2026-01-05,23395.8203125,-0.3403960420741641,0.3094226132307595
2026-01-05,685.846923828125,-0.42427573591700896,-0.5773273173634771
2026-01-06,23547.169921875,-0.7090530849727709,-0.3630367834178392
2026-01-06,689.92578125,-0.529901767936462,-0.21822192804852789
2026-01-07,687.701904296875,-1.3492415495418892,0.37791164269919475
2026-01-07,23584.279296875,-0.07239685764317325,0.009489181379686408
2026-01-08,23480.01953125,-0.09114105129199508,0.04647500277197305
2026-01-08,687.632080078125,0.906194207551429,-0.08020270501076145
2026-01-09,23671.349609375,-1.3363956148295826,-0.5951332599397553
2026-01-09,692.1796264648438,-0.33233314606198255,-0.30365550079072756
2026-01-12,23733.900390625,-0.2506430684965466,0.08297483352561145
2026-01-12,693.2666625976562,4.600668980811685,0.10255340281750508
2026-01-13,23709.869140625,0.8181731592933688,0.1733809406928022
2026-01-13,691.8804931640625,0.29100382482687454,-0.031524322205728386
2026-01-14,688.479736328125,3.715793208157708,-0.05118426351259349
2026-01-14,23471.75,-2.043184627186455,0.15402226371497868
2026-01-15,690.3546142578125,3.003226840048438,-0.47316269492657587
2026-01-15,23530.01953125,-0.40668272680810535,-0.14340967918895853
2026-01-16,689.7761840820312,0.675008127123754,0.16838148433330258
2026-01-16,23515.390625,-1.8812801804731047,0.023353774896542293
2026-01-20,22954.3203125,-0.8901751693750439,-1.3287715049886513
2026-01-20,675.7345581054688,-0.42460319359008464,1.3691456603980436
2026-01-21,23224.8203125,-0.16830357742223417,-0.03861599223904845
2026-01-21,683.5332641601562,0.5004313427310736,-0.8128937732340481
2026-01-22,23436.01953125,-0.3149659684296683,1.165937436135007
2026-01-22,687.103515625,-0.3628124870162534,-0.42755829396514017
2026-01-23,23501.240234375,-0.3278326097142338,0.4336755117322237
2026-01-23,687.352783203125,-1.2588874300651989,-0.08002789344252119
2026-01-26,690.84326171875,2.1407371877514527,1.5483789783523658
2026-01-26,23601.359375,-1.4934476283129454,1.7569425949907416
2026-01-27,693.5957641601562,-0.46495101469589073,0.25487699549466686
2026-01-27,23817.099609375,0.9912615798586956,-2.3930242246835456
2026-01-28,23857.44921875,0.5506108111522284,1.098497927768294
2026-01-28,693.5259399414062,-0.7205917753145443,0.2696671068126392
2026-01-29,23685.119140625,0.10422120761611998,0.13143271696481926
2026-01-29,692.1497192382812,-1.023954984728733,0.5998737836533671
2026-01-30,23461.8203125,-1.4989241646617988,-0.04971671580583143
2026-01-30,690.0853271484375,2.6929253257616597,1.6690891198871658
2026-02-02,23592.109375,-0.4769765889884676,-0.16456762746949263
2026-02-02,693.5159912109375,-0.7115878063749558,-0.9179992948836273
2026-02-03,687.6520385742188,-1.149311614867048,-0.9912678312371832
2026-02-03,23255.189453125,0.006670101607083036,-0.02236314652274669
2026-02-04,684.3211059570312,-1.1913445212182554,0.19462536860911378
2026-02-04,22904.580078125,0.5079000732491847,-0.3426234363414752
2026-02-05,675.7744750976562,0.05307608144569049,-0.02576045564870489
2026-02-05,22540.58984375,0.3156414035915066,0.07778931658245784
2026-02-06,23031.2109375,-0.33188787149627197,0.5594652551094859
2026-02-06,688.739013671875,-0.8432443697354975,-0.4187850235010287
2026-02-09,23238.669921875,0.8947875347868414,-0.04524483276481471
2026-02-09,692.0599975585938,-0.5453261401771862,0.3106875540810247
2026-02-10,690.2349243164062,0.2266756674464936,0.1451574061137038
2026-02-10,23102.470703125,0.11850684005600552,0.01331325385650227
2026-02-11,690.075439453125,-1.0195107119244988,-0.008272217039947486
2026-02-11,23066.470703125,-0.7596458771525049,0.32215692810798524
2026-02-12,679.41455078125,0.23047825427238175,-0.33754819804604247
2026-02-12,22597.150390625,0.015458344488438445,-0.59376845080206
2026-02-13,22546.669921875,-1.0202261858121506,0.0649666629939923
2026-02-13,679.8931884765625,-0.8579969006080785,0.07820870434716455
2026-02-17,22578.380859375,0.2549317526230066,-0.11428091840174094
2026-02-17,680.9901733398438,0.03448567713025322,-0.1306305139223424
2026-02-18,22753.630859375,0.9802374245215946,0.13478388634524108
2026-02-18,684.4208374023438,-0.5226504009752795,0.1713791053541583
2026-02-19,22682.73046875,-0.6179059202245413,0.07599304770972357
2026-02-19,682.61572265625,-0.5921877705733124,0.01060845236151244
2026-02-20,22886.0703125,0.5932378710753431,0.13811934267321643
2026-02-20,687.5523071289062,0.8727198308311847,0.16497633828237432
2026-02-23,22627.26953125,0.25555494378934196,0.12500757517681468
2026-02-23,680.531494140625,0.37029127483929297,0.37094132257441226
2026-02-24,22863.6796875,0.22137417961406627,0.3138403433423279
2026-02-24,685.4779052734375,0.18256217431648347,0.4075945126069309
2026-02-25,691.26220703125,0.5051396001669519,0.7332791175427962
2026-02-25,23152.080078125,0.24505306969108728,0.3190780305429614
2026-02-26,687.422607421875,-1.0384364305069835,0.5626645937207926
2026-02-26,22878.380859375,-0.15063684726529178,0.43259547030189954
2026-02-27,684.1216430664062,-0.21678279998844702,0.7327432905704471
2026-02-27,22668.2109375,-0.6480138127152081,0.6235399811922941
2026-03-02,22748.859375,0.28695929673826515,2.1475362046051742
2026-03-02,684.5106201171875,0.31995682043942225,1.9763478420216547
2026-03-03,678.4771118164062,-0.15652939591846374,2.521184900071304
2026-03-03,22516.689453125,-0.3190321470039372,2.237217285670476
2026-03-04,22807.48046875,0.8112907029009957,3.1118687623867807
2026-03-04,683.2639770507812,0.39593825765379814,3.3449266133825444
2026-03-05,679.4544067382812,0.09154183570155776,4.531802462512695
2026-03-05,22748.990234375,0.04838802545899937,4.686348701057214
2026-03-06,22387.6796875,-0.48085621455110705,5.669102850183393
2026-03-06,670.5487060546875,-0.020525958584128264,5.526624606346903
2026-03-09,22695.94921875,-0.7478552780878022,11.482419075795924
2026-03-09,676.4227294921875,0.5476127971777244,10.637264791990273
2026-03-10,22697.099609375,0.10644359249705936,13.465652161602309
2026-03-10,675.3356323242188,-0.15936004764477657,13.252143351227291
2026-03-11,22716.130859375,-0.011471481541864116,16.323995162480518
2026-03-11,674.4879760742188,1.7898230887199649,16.68483482519808
2026-03-12,22311.98046875,-0.2893977304715496,19.766008078498224
2026-03-12,664.2459106445312,0.043299741414917874,19.79700551183005
2026-03-13,660.4862060546875,0.049921129724634826,23.517796591370583
2026-03-13,22105.359375,-0.029273563640533188,23.739283265641557
2026-03-16,22374.1796875,-0.3830556816370807,37.70122944546692
2026-03-16,667.2078857421875,-0.5642080636977497,37.23702774731177
2026-03-17,668.9630126953125,0.5571073131992103,42.896825215397435
2026-03-17,22479.529296875,0.5265130258409626,42.8883415780389
2026-03-18,659.6285400390625,0.04751247231324621,48.57849060268899
2026-03-18,22152.419921875,-0.09310852041870814,48.76579208142693
2026-03-19,658.0029907226562,0.13830663740039298,54.353945469571364
2026-03-19,22090.689453125,0.08532626180375355,54.266068353433695
2026-03-20,21647.609375,0.39427499285749773,60.29676015917104
2026-03-20,648.5700073242188,-0.5704919220975165,61.31362499023428
2026-03-23,21946.759765625,0.1057722166047282,78.30725116285151
2026-03-23,655.3800048828125,0.011609151627687673,78.0526839777011
2026-03-24,21761.890625,0.23604021815273146,83.44947868582383
2026-03-24,653.1799926757812,-0.5877029881882465,83.39594481021798
2026-03-25,656.8200073242188,0.05532912542993253,87.99630358435577
2026-03-25,21929.8203125,-0.2351615024441935,88.228121434507
2026-03-26,645.0900268554688,-0.9693174111691241,92.09830254838914
2026-03-26,21408.080078125,-0.24210230797930102,92.3981875808606
2026-03-27,20948.359375,-0.28802861926906775,95.44625324001727
2026-03-27,634.0900268554688,-0.2457446281914599,95.56775386654029
2026-03-30,631.969970703125,2.598281099630044,99.91121698993246
2026-03-30,20794.640625,-0.7838073983169713,99.84387311455147
2026-03-31,21590.630859375,0.1492785971716885,2.115381257595838
2026-03-31,650.3400268554688,0.11935699400496133,2.347708676948413
2026-04-01,21840.94921875,0.24659223127604812,1.5287960310995936
2026-04-01,655.239990234375,0.5310494139908439,6.0385318610446745
2026-04-02,21879.1796875,0.19985210383830573,-2.1005248204112124
2026-04-02,655.8300170898438,0.4573522268215193,-0.4411123768901541
2026-04-06,21996.33984375,0.3630261748613278,-0.05620546610915945
2026-04-06,658.9299926757812,0.8691776754564213,-0.43274585685760314
2026-04-07,659.219970703125,0.32186198229633356,-1.4969657961425147
2026-04-07,22017.849609375,0.03840149633375348,1.7314828658067818
2026-04-08,22634.990234375,0.1833043111344895,-0.13567831425635526
2026-04-08,676.010009765625,0.3007570790348959,-0.5314796163843114
2026-04-09,679.9099731445312,0.20048611339059552,-0.4354186502108748
2026-04-09,22822.419921875,0.30353401086164683,-0.20198428939069615
2026-04-10,679.4600219726562,-0.21576625828370502,-0.27273191197347363
2026-04-10,22902.890625,-0.46546591043388047,0.42188197736091027
2026-04-13,686.0999755859375,-0.31845883047807255,0.28735189450146853
2026-04-13,23183.740234375,-0.276965464882804,0.24788220499564342
2026-04-14,694.4600219726562,-0.480834227863248,0.1168920920104113
2026-04-14,23639.080078125,-0.09479932779663033,0.22905054155921237
2026-04-15,699.9400024414062,0.7951094527534702,-0.024107774474988533
2026-04-15,24016.01953125,0.06930383151338676,-0.16104635086452498
2026-04-16,701.6599731445312,-0.2184009261783011,-0.17000684212435452
2026-04-16,24102.69921875,0.17305670654447386,0.34829385265630697
2026-04-17,24468.48046875,-0.8192372508987634,-0.3719668061445671
2026-04-17,710.1400146484375,-0.29024969367386144,0.14548148874755043
2026-04-20,24404.390625,-0.4717252419751398,-0.14594151247651493
2026-04-20,708.719970703125,0.38200411146577934,0.13905463551460523
2026-04-21,24259.9609375,-0.04478488780973102,-0.10378731640692626
2026-04-21,704.0800170898438,-0.07899560031556672,-0.35794457148380154
2026-04-22,711.2100219726562,-0.400822788074611,0.19912489317848894
2026-04-22,24657.5703125,-0.16004820580068782,-0.04917327930602822
2026-04-23,708.4500122070312,-0.46886862089333464,0.08537709522643322
2026-04-23,24438.5,0.04617185614286245,0.16237909480753424
2026-04-24,24836.599609375,-0.34921018732522546,-0.14254883547211697
2026-04-24,713.9400024414062,-0.27743849589005937,-0.46198149542462547
2026-04-27,715.1699829101562,-0.18071817494687334,-0.0521571847487326
2026-04-27,24887.099609375,0.03624551794760255,0.05787632383896389
2026-04-28,711.6900024414062,0.1409708898638435,-0.4860101346117786
2026-04-28,24663.80078125,-0.0044599061751082105,-0.23264555482597685
2026-04-29,711.5800170898438,0.1329113837898658,0.001160212213226616
2026-04-29,24673.240234375,0.639712440990257,0.2462606719306173
2026-04-30,24892.310546875,0.5358868962178753,-0.9425424159483533
2026-04-30,718.6599731445312,-0.2674059792679156,0.20419785532762563
2026-05-01,25114.439453125,0.2104497345890244,0.07649450297590725
2026-05-01,720.6500244140625,0.470458120107429,-0.03315965031458309
2026-05-04,25067.80078125,0.16806219429104968,-0.0033015010299012526
2026-05-04,718.010009765625,-0.04794006455379043,0.13146885442210332
2026-05-05,723.77001953125,-0.34702372706793794,0.3457471858623122
2026-05-05,25326.130859375,-0.23324249721150653,0.047826555316588
2026-05-06,733.8300170898438,-0.17165050248663496,0.29097870643717527
2026-05-06,25838.939453125,-0.05979970723077699,-0.03395101776754289
2026-05-07,25806.19921875,-1.0796305228504295,0.1643847309954401
2026-05-07,731.5800170898438,-1.0423398099682228,0.06516602458360421
2026-05-08,737.6199951171875,2.8476597957481364,-0.05700451060053526
2026-05-08,26247.080078125,-1.0732578927443075,-0.15493131852426875
2026-05-11,739.2999877929688,0.8534864080872918,0.15609959661890146
2026-05-11,26274.130859375,-0.17811782650919494,-0.5093062750064246
2026-05-12,738.1799926757812,0.05476071968791607,0.16902302748219072
2026-05-12,26088.19921875,-0.6392750496344657,-0.08279478984012709
2026-05-13,742.3099975585938,-0.15708227202919886,0.013559984331896964
2026-05-13,26402.33984375,0.9668925970827633,-0.17913000821609262
2026-05-14,26635.220703125,1.438320535808209,-0.17735955938399595
2026-05-14,748.1699829101562,1.443549804512291,-0.18043629645037249
2026-05-15,739.1699829101562,0.8133108049372284,0.09670507798077185
2026-05-15,26225.140625,-0.8757177393794504,0.20199059540188957
2026-05-18,738.6500244140625,1.9410207033595293,1.3193681031619275
2026-05-18,26090.73046875,-1.5089786025221437,-0.6304436938360815
2026-05-19,733.72998046875,-0.7631181384689197,-0.08499777643417455
2026-05-19,25870.7109375,0.03370605061695435,0.021271245287349857
2026-05-20,26270.359375,0.002238567238422895,-0.14090478069286103
2026-05-20,741.25,-0.47472356340613475,0.6951694325854457
2026-05-21,742.719970703125,-0.6259476232801785,0.4472705575323556
2026-05-21,26293.099609375,-2.295461101260823,-0.008975483163665416
2026-05-22,745.6400146484375,0.1779998584694499,0.049508315595342064
2026-05-22,26343.970703125,0.662109016785485,-0.024112370787870655
2026-05-26,750.5900268554688,-0.9634766087921248,-0.21510011697309467
2026-05-26,26656.1796875,0.24902396767955134,-0.2844879903633078
2026-05-27,750.4600219726562,0.9160406070240985,0.062303284426804564
2026-05-27,26674.73046875,0.8808387617849803,0.031876574979247355
2026-05-28,754.5999755859375,-1.7204625070469661,0.17220224699765943
2026-05-28,26917.470703125,2.1581121416764817,0.23685325930930723
2026-05-29,26972.619140625,1.465401003005457,-0.4237911448382468
2026-05-29,756.47998046875,-0.5749369170826276,-0.04126446981428572
2026-06-01,27086.810546875,0.16644124651417777,-0.2742228766911983
2026-06-01,758.5399780273438,-1.056863885953364,-0.03714906348741019
2026-06-02,759.5700073242188,0.8560308575482223,0.02906747189212934
2026-06-02,27093.900390625,0.19711878004115754,0.016486887949731077
2026-06-03,754.239990234375,-1.2381000802317998,-0.29491781646518334
2026-06-03,26853.98046875,-0.18273604951890024,-0.09023041209434099
2026-06-04,26830.9609375,-0.2561261934341539,0.12184840496798509
2026-06-04,757.0900268554688,0.1474075333866449,0.08391434661297735
2026-06-05,25709.4296875,0.08126139135302368,0.6656707464031172
2026-06-05,737.5499877929688,1.241266612185842,0.08973542154302161
