Date,Close,pred_top,pred_bot,label_top,label_bot
2012-06-14,2836.330078125,1.077933872613294,4.052984491591618,0.0,0.0
2012-06-15,2872.800048828125,1.416166167820693,1.73748716062007,0.0,0.0
2012-06-18,2895.330078125,2.5963834339788883,1.2155749559612303,0.0,0.0
2012-06-19,2929.760009765625,2.5989067860284423,1.1860339483364755,0.0,0.0
2012-06-20,2930.449951171875,3.277001184774116,1.157653920127525,0.0,0.0
2012-06-21,2859.090087890625,1.290627744104072,1.4668373431620776,0.0,0.0
2012-06-22,2892.419921875,2.2477303237952966,1.3858022067841176,0.0,0.0
2012-06-25,2836.159912109375,1.4371868366545366,2.373042038903427,0.0,0.0
2012-06-26,2854.06005859375,2.07258503853561,1.9747457485110445,0.0,0.0
2012-06-27,2875.320068359375,2.456702741117788,1.4176433388645895,0.0,0.0
2012-06-28,2849.489990234375,2.0276232232278217,1.6076375309794293,0.0,0.0
2012-06-29,2935.050048828125,3.5073964610013264,1.0789681943960248,0.0,0.0
2012-07-02,2951.22998046875,4.39291234753534,0.8886801202220054,0.0,0.0
2012-07-03,2976.080078125,4.706110968110701,0.8275428845695874,0.0,0.0
2012-07-05,2976.1201171875,3.289305070418636,0.7782117170094728,0.0,0.0
2012-07-06,2937.330078125,2.468592326621649,0.5425905182210898,0.0,0.0
2012-07-09,2931.77001953125,1.843562198816005,0.428689613975184,0.0,0.0
2012-07-10,2902.330078125,1.4140821011632931,0.5536019726946219,0.0,0.0
2012-07-11,2887.97998046875,1.1368637414027463,0.6979924569136221,0.0,0.0
2012-07-12,2866.18994140625,1.3792802219629627,1.4732711236449472,0.0,0.0
2012-07-13,2908.469970703125,1.450111061916202,0.35646060339684915,0.0,0.0
2012-07-16,2896.93994140625,1.6298448905783822,0.7412011644873696,0.0,0.0
2012-07-17,2910.0400390625,1.6564210882663695,0.3997307761092026,0.0,0.0
2012-07-18,2942.60009765625,2.2116042349653284,0.3934400177046074,0.0,0.0
2012-07-19,2965.89990234375,4.155983895214064,0.3924191913237799,0.0,0.0
2012-07-20,2925.300048828125,2.362753056361605,0.30236327178436406,0.0,0.0
2012-07-23,2890.14990234375,1.6977285593015312,0.9411508378576705,0.0,0.0
2012-07-24,2862.989990234375,1.999597392403584,2.463129860963883,0.0,0.0
2012-07-25,2854.239990234375,1.944615963600093,3.9938754862050083,0.0,0.0
2012-07-26,2893.25,2.3495807204730146,0.7310633741346712,0.0,0.0
2012-07-27,2958.090087890625,4.617475085161214,0.4202425361116033,0.0,0.0
2012-07-30,2945.840087890625,6.161443140751285,0.345341915136205,0.0,0.0
2012-07-31,2939.52001953125,7.709221422965633,0.542171638084158,0.0,0.0
2012-08-01,2920.2099609375,5.4795987015475,0.7332785393201657,0.0,0.0
2012-08-02,2909.77001953125,8.438693827107954,0.8610037446348604,13.886858824614645,0.0
2012-08-03,2967.89990234375,20.84582590752533,0.2435714616329624,32.144018548844876,0.0
2012-08-06,2989.909912109375,28.37412191834047,0.22793755548979133,39.05681871943929,0.0
2012-08-07,3015.860107421875,38.01190299758171,0.2158260550123769,47.207133803050716,0.0
2012-08-08,3011.25,37.68236982378414,0.21914248253743332,45.75921298376202,0.0
2012-08-09,3018.639892578125,40.07675478262378,0.18281878024523177,48.080195628418565,0.0
2012-08-10,3020.860107421875,39.28849095663456,0.137334226756871,48.777510246361246,0.0
2012-08-13,3022.52001953125,42.987765548701105,0.06945862411734967,49.29884762126691,0.0
2012-08-14,3016.97998046875,42.49207097533619,0.10144433651540341,47.558858253512895,0.0
2012-08-15,3030.929931640625,45.352677125384155,0.10493906890478007,51.94019319464179,0.0
2012-08-16,3062.389892578125,50.085523156425246,0.09622993763570041,61.82098950738564,0.0
2012-08-17,3076.590087890625,55.1143252570006,0.07978580977213706,66.28091994921735,0.0
2012-08-20,3076.2099609375,56.839863037786415,0.061527485434221894,66.16153146668637,0.0
2012-08-21,3067.260009765625,54.05635461580698,0.043987789017229155,63.350572968867965,0.0
2012-08-22,3073.669921875,55.50063991462184,0.032685702681773204,65.36376796491865,0.0
2012-08-23,3053.39990234375,49.58773157823503,0.042310167708852625,58.997455729454806,0.0
2012-08-24,3069.7900390625,54.380442288583346,0.03279442445943506,64.14519265060757,0.0
2012-08-27,3073.18994140625,56.934429739838826,0.1171210351888233,65.21301796064382,0.0
2012-08-28,3077.139892578125,58.3321146095751,0.04674806652271399,66.45360001515168,0.0
2012-08-29,3081.18994140625,58.01378964433158,0.1705078249818286,67.72562026994066,0.0
2012-08-30,3048.7099609375,47.20589280993825,0.19162660221310943,57.52446102847848,0.0
2012-08-31,3066.9599609375,53.417469239666396,0.18172896170599323,63.256335046561894,0.0
2012-09-04,3075.06005859375,55.22053087844685,0.19440087297884343,65.80037555613984,0.0
2012-09-05,3069.27001953125,51.25393237797352,0.23210311072673312,63.98186736622029,0.0
2012-09-06,3135.81005859375,64.33068758478177,0.13214464409953175,84.8804493423627,0.0
2012-09-07,3136.419921875,65.64630991147301,0.034097625493973986,85.0719923284657,0.0
2012-09-10,3104.02001953125,59.89262459535584,0.05409991376791345,74.89598364722842,0.0
2012-09-11,3104.530029296875,59.75163366554129,0.05633489550841036,75.05616511158759,0.0
2012-09-12,3114.31005859375,59.480572969554586,0.06004756149501959,78.12783063612744,0.0
2012-09-13,3155.830078125,65.87135596646674,0.08954975264895135,91.168242755661,0.0
2012-09-14,3183.949951171875,66.29935118535593,0.06944576750799406,100.0,0.0
2012-09-17,3178.669921875,48.1538202778608,0.05433749521993318,0.0,0.0
2012-09-18,3177.800048828125,45.3970245529007,0.09881832684553607,0.0,0.0
2012-09-19,3182.6201171875,47.52691450475088,0.021738838289309493,0.0,0.0
2012-09-20,3175.9599609375,36.33556362912245,0.025245439305335012,0.0,0.0
2012-09-21,3179.9599609375,38.92550335632659,0.0682815062927473,0.0,0.0
2012-09-24,3160.780029296875,28.08857731429349,0.02585430897223915,0.0,0.0
2012-09-25,3117.72998046875,13.867825696795801,0.14916415684611722,0.0,0.0
2012-09-26,3093.699951171875,7.9942314797257,0.6151097437042814,0.0,0.0
2012-09-27,3136.60009765625,11.31861272117268,0.06723771596310517,0.0,0.0
2012-09-28,3116.22998046875,7.344752160909018,0.509089497361774,0.0,0.0
2012-10-01,3113.530029296875,5.671208264366441,0.45604165776321176,0.0,0.0
2012-10-02,3120.0400390625,5.216319364400936,0.22733819148002313,0.0,0.10467202278533483
2012-10-03,3135.22998046875,10.016828717057885,0.18068172333253957,0.0,0.0
2012-10-04,3149.4599609375,11.259018223905127,0.29614472103112144,0.0,0.0
2012-10-05,3136.18994140625,8.308016471535074,0.6237219472658835,0.0,0.0
2012-10-08,3112.35009765625,5.027948787397281,1.0725938580343946,0.0,1.4599952874784439
2012-10-09,3065.02001953125,2.0619420088098086,6.66866127397582,0.0,9.801743632975468
2012-10-10,3051.780029296875,1.532993143517543,8.39096063322036,0.0,12.13524213978771
2012-10-11,3049.409912109375,1.2058403763935013,12.198303769889684,0.0,12.552966384299758
2012-10-12,3044.110107421875,1.2120045624619065,14.177126125671268,0.0,13.48703703735577
2012-10-15,3064.179931640625,1.3526390264034296,9.771082496148034,0.0,9.94980596562544
2012-10-16,3101.169921875,2.0307758187866334,2.7106289435108732,0.0,3.430459240216921
2012-10-17,3104.1201171875,2.4600873326553176,2.844621076792002,0.0,2.9104984068131556
2012-10-18,3072.8701171875,1.3820123474810129,12.03747530248543,0.0,16.836386862563902
2012-10-19,3005.6201171875,0.6935586267251503,29.669572114578678,0.0,40.5415062478776
2012-10-22,3016.9599609375,0.8383768657596474,28.049305448007296,0.0,36.54429658386936
2012-10-23,2990.4599609375,0.9137530931974617,36.18518296188059,0.0,45.885347345368444
2012-10-24,2981.699951171875,0.9148687777345892,37.49715631007113,0.0,48.973184926196026
2012-10-25,2986.1201171875,0.9847975525438337,39.58751840702123,0.0,47.41510963841466
2012-10-26,2987.949951171875,2.040802117682535,38.51899723897007,0.0,46.77010691640851
2012-10-31,2977.22998046875,2.2638303645366507,42.77941220182777,0.0,50.54881599186789
2012-11-01,3020.06005859375,1.15283587430205,23.232366920571963,0.0,35.451535467920856
2012-11-02,2982.1298828125,0.8267887579812404,39.76684073322305,0.0,48.82163725528837
2012-11-05,2999.659912109375,1.0931422101227795,34.90807939695686,0.0,42.64243372650818
2012-11-06,3011.929931640625,1.3393031457170295,27.258022348919884,0.0,38.31734409307453
2012-11-07,2937.2900390625,0.4638163170914236,51.17930731710579,0.0,64.62734505175771
2012-11-08,2895.580078125,0.4759691283748808,66.63527584933209,0.0,79.32979268863812
2012-11-09,2904.8701171875,0.8235091743440185,64.99095685495422,0.0,76.0551237656524
2012-11-12,2904.25,0.706424189142697,63.857589889623526,0.0,76.27371041193601
2012-11-13,2883.889892578125,0.534280527698394,73.23406698987768,0.0,83.4504952020231
2012-11-14,2846.81005859375,0.5723328439314849,78.18669809880377,0.0,96.52085789923088
2012-11-15,2836.93994140625,0.8808845031798072,73.28554529722115,0.0,100.0
2012-11-16,2853.1298828125,0.5094104117084521,48.15438320248993,0.0,0.0
2012-11-19,2916.070068359375,0.5157739057766915,16.771324839166763,0.0,0.0
2012-11-20,2916.679931640625,0.48596514681833286,6.50513808382847,0.0,0.0
2012-11-21,2926.550048828125,0.9666534657656599,4.80414028547802,0.0,0.0
2012-11-23,2966.85009765625,1.699036999918796,1.5629899715817521,0.0,0.0
2012-11-26,2976.780029296875,1.4912629765275727,1.0176566083124157,0.0,0.0
2012-11-27,2967.7900390625,0.8698768783091773,0.9052090003147961,0.0,0.0
2012-11-28,2991.780029296875,1.461399606284979,0.5631272724745178,0.0,0.0
2012-11-29,3012.030029296875,1.9971983605103063,0.25733860166930206,0.0,0.0
2012-11-30,3010.239990234375,1.388774746407709,0.3960555478804681,0.0,0.0
2012-12-03,3002.199951171875,1.4555861274255166,0.22053915262054083,0.0,0.0
2012-12-04,2996.68994140625,1.2404576406293168,0.3128953524566237,0.0,0.0
2012-12-05,2973.699951171875,1.2078130247762349,0.3973427111163948,0.0,0.0
2012-12-06,2989.27001953125,1.8229051200554456,0.22307910817433216,0.0,0.0
2012-12-07,2978.0400390625,1.6057007173314375,0.26181589066505945,0.0,0.0
2012-12-10,2986.9599609375,1.784596714597227,0.1372363523500351,0.0,0.0
2012-12-11,3022.300048828125,2.0794704893426132,0.12365252537784228,0.0,0.0
2012-12-12,3013.81005859375,1.8898885546686606,0.10257292908817395,0.0,0.0
2012-12-13,2992.159912109375,1.7022170333481266,0.14109694032919687,0.0,0.0
2012-12-14,2971.330078125,1.5785889925548169,0.29683924369128944,0.0,0.0
2012-12-17,3010.60009765625,1.7883390895318083,0.1492661144165425,0.0,0.0
2012-12-18,3054.530029296875,2.40881907616116,0.05251568422819898,0.0,0.0
2012-12-19,3044.360107421875,2.563263319465637,0.1445568790723325,0.0,0.0
2012-12-20,3050.389892578125,3.1625581877843105,0.20889840848344,0.0,0.0
2012-12-21,3021.010009765625,1.930068255566309,0.2499948717548846,0.0,0.0
2012-12-24,3012.60009765625,2.298071158565949,0.35705015315968325,0.0,0.0
2012-12-26,2990.159912109375,3.0836123117458785,1.0594297236849126,0.0,0.0
2012-12-27,2985.909912109375,2.5265857003862258,1.1339790344161262,0.0,0.0
2012-12-28,2960.31005859375,4.011768317234871,3.7150957012623076,0.0,0.0
2012-12-31,3019.510009765625,1.8959858545786286,0.4354285524914951,0.0,0.0
2013-01-02,3112.260009765625,3.9460181503230256,0.1790217780609319,0.0,0.0
2013-01-03,3100.570068359375,3.68169567757276,0.18244075573323434,0.0,0.0
2013-01-04,3101.659912109375,5.483215864990256,0.17960475268222645,0.0,0.0
2013-01-07,3098.81005859375,6.967331202822521,0.2952827741976249,0.0,0.0
2013-01-08,3091.81005859375,5.566311909750622,0.09719192725722839,0.0,0.0
2013-01-09,3105.81005859375,3.6378309051655076,0.06381386222407255,0.0,0.0
2013-01-10,3121.760009765625,4.511506426414005,0.02700813500040004,0.0,0.0
2013-01-11,3125.6298828125,4.492690027145736,0.027515953114265444,0.0,0.0
2013-01-14,3117.5,4.045047920269272,0.026790665610108955,0.0,0.0
2013-01-15,3110.780029296875,3.6591275014004725,0.024393407851346974,0.0,0.0
2013-01-16,3117.5400390625,3.8419556531053636,0.029063272682022585,0.0,0.0
2013-01-17,3136.0,4.502287589871022,0.06450740579299823,0.0,0.0
2013-01-18,3134.7099609375,5.016912097478391,0.06848888905260819,0.0,0.0
2013-01-22,3143.179931640625,5.653090411154197,0.05596444537816887,0.0,0.0
2013-01-23,3153.669921875,7.728554329586595,0.08836451777076174,0.0,0.0
2013-01-24,3130.3798828125,4.552993358491182,0.06403208282272159,0.0,0.0
2013-01-25,3149.7099609375,4.188817618953214,0.047463784098270685,0.0,0.0
2013-01-28,3154.300048828125,5.298553168870083,0.06271486481510298,0.0,0.0
2013-01-29,3153.659912109375,5.544844008036374,0.0727881036318507,0.0,0.0
2013-01-30,3142.31005859375,5.044091758228813,0.10320454743285215,0.0,0.0
2013-01-31,3142.1298828125,4.978719707751577,0.12180019567715736,0.0,0.0
2013-02-01,3179.10009765625,4.968674914693144,0.09515264641158236,0.0,0.0
2013-02-04,3131.169921875,3.5671786573920454,0.10906181686193304,0.0,0.0
2013-02-05,3171.580078125,3.253524517542474,0.026079359030787605,0.0,0.0
2013-02-06,3168.47998046875,3.2637252839965654,0.053362840573754934,0.0,0.0
2013-02-07,3165.1298828125,3.1414844125705192,0.08956970348067744,0.0,0.0
2013-02-08,3193.8701171875,3.6521589599501563,0.07446116798161247,0.0,0.0
2013-02-11,3192.0,3.0950816290908945,0.06361996219768037,0.0,0.0
2013-02-12,3186.489990234375,2.447483785673035,0.10479438439457121,0.0,0.0
2013-02-13,3196.8798828125,3.29745850446847,0.06416727712695815,0.0,0.0
2013-02-14,3198.659912109375,4.298069727441508,0.02059172598300307,0.0,0.0
2013-02-15,3192.030029296875,2.309257060223608,0.08077327859688602,0.0,0.0
2013-02-19,3213.590087890625,3.7839871271439307,0.019943001171215332,0.0,0.0
2013-02-20,3164.409912109375,3.6968931160248135,0.13903970682524824,0.0,0.0
2013-02-21,3131.489990234375,2.537354174130582,0.8406909842075818,0.0,0.0
2013-02-22,3161.820068359375,2.776555597927478,0.1387317369139614,0.0,0.0
2013-02-25,3116.25,5.679656198316113,2.8957866302433612,0.0,0.0
2013-02-26,3129.64990234375,3.514736901527573,0.8087814607801305,0.0,0.0
2013-02-27,3162.260009765625,2.6858357080244635,0.09354162918720936,0.0,0.0
2013-02-28,3160.18994140625,2.066447459136134,0.15838754625219822,0.0,0.0
2013-03-01,3169.739990234375,2.0983803988144234,0.12205832670667288,0.0,0.0
2013-03-04,3182.030029296875,3.232838212264868,0.08737884606068395,0.0,0.0
2013-03-05,3224.1298828125,4.245800435530117,0.021063334795978453,0.0,0.0
2013-03-06,3222.3701171875,2.149357041653517,0.01941549065821876,0.0,0.0
2013-03-07,3232.090087890625,2.939908111536045,0.01812713437147569,0.0,0.0
2013-03-08,3244.3701171875,3.3399397714879613,0.019203890048551487,0.0,0.0
2013-03-11,3252.8701171875,4.422246195897304,0.01883490203865336,0.0,0.0
2013-03-12,3242.320068359375,1.6050403308984504,0.018673815708026762,0.0,0.0
2013-03-13,3245.1201171875,2.4259881069826004,0.018572400287478436,0.0,0.0
2013-03-14,3258.929931640625,2.590993451025581,0.01849076849375479,0.0,0.0
2013-03-15,3249.070068359375,2.40925978941408,0.020724880109918832,0.0,0.0
2013-03-18,3237.590087890625,2.820179513484193,0.024852156274208823,0.0,0.0
2013-03-19,3229.10009765625,2.793431190344131,0.058674679649415355,0.0,0.0
2013-03-20,3254.18994140625,2.4425300777999426,0.02119535733461525,0.0,0.0
2013-03-21,3222.60009765625,3.0471189505946423,0.11153592011791151,0.0,0.0
2013-03-22,3245.0,2.7660658946545205,0.050085403194122,0.0,0.0
2013-03-25,3235.300048828125,2.822636610225828,0.06597061815836415,0.0,0.0
2013-03-26,3252.47998046875,2.970675677594394,0.024243276912520626,0.0,0.0
2013-03-27,3256.52001953125,3.393750471414202,0.02493032049666237,0.0,0.0
2013-03-28,3267.52001953125,3.4177886066623815,0.02310023149402202,0.0,0.0
2013-04-01,3239.169921875,3.7577922858187014,0.16275240593760398,0.0,0.0
2013-04-02,3254.860107421875,2.4236610306613144,0.023285811691857835,0.0,0.0
2013-04-03,3218.60009765625,3.4477536794962327,0.732467342604026,0.0,0.0
2013-04-04,3224.97998046875,3.751514355610181,0.5849679484864154,0.0,0.0
2013-04-05,3203.860107421875,3.153902262219239,2.238191105671625,0.0,0.0
2013-04-08,3222.25,2.8646067539966893,0.5364777080485112,0.0,0.0
2013-04-09,3237.860107421875,2.84727691438531,0.15497051827548747,0.0,0.0
2013-04-10,3297.25,4.068727686003201,0.026754534782940372,0.0,0.0
2013-04-11,3300.159912109375,4.031426352464358,0.02365550919262109,0.0,0.0
2013-04-12,3294.949951171875,4.035148538026755,0.08274445462096502,0.0,0.0
2013-04-15,3216.489990234375,5.680096518603817,1.2168612466704312,0.0,0.0
2013-04-16,3264.6298828125,3.421986918495484,0.14682315659083323,0.0,0.0
2013-04-17,3204.669921875,5.0106071291895935,1.286031332539252,0.0,0.0
2013-04-18,3166.360107421875,5.1212801158470596,3.6392644034008397,0.0,0.0
2013-04-19,3206.06005859375,3.921529894746759,0.5254665320600378,0.0,0.0
2013-04-22,3233.550048828125,2.6220433373230154,0.11796964847763801,0.0,0.0
2013-04-23,3269.330078125,2.1447833693475764,0.042422673623455094,0.0,0.0
2013-04-24,3269.64990234375,2.5546790430106974,0.0271119452110699,0.0,0.0
2013-04-25,3289.989990234375,3.2616402052395843,0.031139784053953748,0.0,0.0
2013-04-26,3279.260009765625,2.2795365210125964,0.02258376936764327,0.0,0.0
2013-04-29,3307.02001953125,2.5376394877110684,0.018905983236442502,0.0,0.0
2013-04-30,3328.7900390625,2.7400715371301763,0.0190808525105064,0.0,0.0
2013-05-01,3299.1298828125,2.72556043786448,0.0659862495718072,0.0,0.0
2013-05-02,3340.6201171875,4.301218979732989,0.019398172202848625,0.0,0.0
2013-05-03,3378.6298828125,5.616433983062018,0.026752394655780463,0.0,0.0
2013-05-06,3392.969970703125,4.934197616741106,0.019262294115126945,0.0,0.0
2013-05-07,3396.6298828125,4.017260612894882,0.02762518639118701,0.0,0.0
2013-05-08,3413.27001953125,7.330854006941042,0.032250423994706214,0.0,0.0
2013-05-09,3409.169921875,5.413397504171815,0.030462342000992123,0.0,0.0
2013-05-10,3436.580078125,8.060690050576337,0.02284299369390754,0.0,0.0
2013-05-13,3438.7900390625,6.276610508428146,0.021085553621584405,0.0,0.0
2013-05-14,3462.610107421875,8.213104229158676,0.0457939098334024,0.0,0.0
2013-05-15,3471.6201171875,10.447004559375136,0.033269663529294266,0.0,0.0
2013-05-16,3465.239990234375,8.400858668498477,0.06292173974250331,0.0,0.0
2013-05-17,3498.969970703125,11.041820419772726,0.07047151677015008,0.0,0.0
2013-05-20,3496.429931640625,11.565557538351515,0.02479640381384778,0.0,0.0
2013-05-21,3502.1201171875,12.542482102743811,0.025989573751651885,0.0,0.0
2013-05-22,3463.300048828125,8.153051328146404,0.04079358257638394,0.0,0.0
2013-05-23,3459.419921875,7.935261868921778,0.04950776852725579,0.0,0.0
2013-05-24,3459.139892578125,7.32063281204315,0.06730838847886575,0.0,0.0
2013-05-28,3488.889892578125,9.410075063452151,0.26103636702590555,0.0,0.0
2013-05-29,3467.52001953125,5.900019987132101,0.22582170464603912,0.0,0.0
2013-05-30,3491.300048828125,8.57200874561768,0.1201290228139574,0.0,0.0
2013-05-31,3455.909912109375,5.684087985701124,0.4174501142486076,0.0,0.0
2013-06-03,3465.3701171875,6.684214926668909,0.38382678423873556,0.0,0.0
2013-06-04,3445.260009765625,3.5203027391449564,0.36809780898156313,0.0,0.0
2013-06-05,3401.47998046875,1.9277422772301667,1.6232180409883226,0.0,0.0
2013-06-06,3424.050048828125,1.704089423035564,0.33329077663397605,0.0,0.0
2013-06-07,3469.219970703125,4.15858926283537,0.06720790715260196,0.0,0.0
2013-06-10,3473.77001953125,4.381846934851781,0.0461192406101035,0.0,0.0
2013-06-11,3436.949951171875,2.162982480016206,0.29493553896955566,0.0,0.0
2013-06-12,3400.429931640625,1.2729965445005929,1.0939324304179647,0.0,0.0
2013-06-13,3445.360107421875,1.833583264201001,0.07784305432634775,0.0,0.0
2013-06-14,3423.56005859375,0.9594590673123891,0.2041806367574726,0.0,0.0
2013-06-17,3452.1298828125,1.1314614249346442,0.12436519942898888,0.0,0.0
2013-06-18,3482.179931640625,2.944123092279042,0.18329249843792703,0.0,0.0
2013-06-19,3443.199951171875,1.8192504677587518,0.4050611675324959,0.0,0.0
2013-06-20,3364.639892578125,1.5948145150987332,1.9925995336717208,0.0,0.0
2013-06-21,3357.25,1.1367479906981184,2.3928974635363134,0.0,0.0
2013-06-24,3320.760009765625,0.9749524997116826,6.974149220536645,0.0,0.0
2013-06-25,3347.889892578125,1.0028888422966131,5.112041529887529,0.0,0.0
2013-06-26,3376.219970703125,0.8387114800194742,1.4602130376078002,0.0,0.0
2013-06-27,3401.860107421875,0.8549869199115586,1.2172281801663252,0.0,0.0
2013-06-28,3403.25,0.9463954573777945,0.5641364511344635,0.0,0.0
2013-07-01,3434.489990234375,1.6480289103987056,0.23631194193206081,0.0,0.0
2013-07-02,3433.39990234375,0.9825300529719007,0.1838618817734894,0.0,0.0
2013-07-03,3443.669921875,1.3568895531803618,0.2943704622468456,0.0,0.0
2013-07-05,3479.3798828125,2.1955875478786724,0.07061668489586308,0.0,0.0
2013-07-08,3484.830078125,1.8980190711455485,0.03984040747175326,0.0,0.0
2013-07-09,3504.260009765625,2.4068043405256194,0.027150954578773565,0.0,0.0
2013-07-10,3520.760009765625,2.9910027666756505,0.020378103762560437,0.0,0.0
2013-07-11,3578.300048828125,7.328250502386361,0.03338029138382349,0.0,0.0
2013-07-12,3600.080078125,7.933369508906545,0.03024536342907878,0.0,0.0
2013-07-15,3607.489990234375,8.700741315572392,0.03612610195016962,0.0,0.0
2013-07-16,3598.5,7.5285157771174624,0.026230770498708436,0.0,0.0
2013-07-17,3610.0,6.768485392789935,0.020379627751331317,0.0,0.0
2013-07-18,3611.280029296875,6.510337799347432,0.04457688076800537,0.0,0.0
2013-07-19,3587.610107421875,4.6628950191376575,0.1857369662615383,0.0,0.0
2013-07-22,3600.389892578125,5.327691435768186,0.18540866346305532,0.0,0.0
2013-07-23,3579.27001953125,5.3239923745152895,0.19447648577674553,0.0,0.0
2013-07-24,3579.60009765625,4.459345411187344,0.06132541847702504,0.0,0.0
2013-07-25,3605.18994140625,4.465963486270198,0.043072792495660206,0.0,0.0
2013-07-26,3613.159912109375,6.039861456589855,0.03406492726687513,0.0,0.0
2013-07-29,3599.139892578125,2.8898199256032955,0.0332505131434106,0.0,0.0
2013-07-30,3616.469970703125,5.342774189578138,0.034137869893454936,0.0,0.0
2013-07-31,3626.3701171875,5.2336572599792035,0.05828095524057322,0.0,0.0
2013-08-01,3675.739990234375,10.998220051153655,0.03202594182000399,0.0,0.0
2013-08-02,3689.590087890625,14.977941676773458,0.03364331298647671,0.0,0.0
2013-08-05,3692.949951171875,16.53988254975848,0.028129927878899702,0.0,0.0
2013-08-06,3665.77001953125,8.803744104555815,0.028192118557075384,0.0,0.0
2013-08-07,3654.010009765625,6.025157177398322,0.021565123903405356,0.0,0.0
2013-08-08,3669.1201171875,5.936854155241892,0.03237986015342856,0.0,0.0
2013-08-09,3660.110107421875,3.717924976186733,0.03134029362945606,0.0,0.0
2013-08-12,3669.949951171875,4.8901211051796585,0.05184997877568018,0.0,0.0
2013-08-13,3684.43994140625,5.479889681793621,0.024384244131661827,0.0,0.0
2013-08-14,3669.27001953125,2.687720481580411,0.021487801349083117,0.0,0.0
2013-08-15,3606.1201171875,1.6702035814508056,0.40815259223751493,0.0,0.0
2013-08-16,3602.780029296875,1.9840309035200576,0.4137363489516146,0.0,0.0
2013-08-19,3589.090087890625,1.8348049613890771,0.6255930739029947,0.0,0.0
2013-08-20,3613.590087890625,1.8264119619816734,0.155554779596596,0.0,0.0
2013-08-21,3599.7900390625,1.7830781403181346,0.9384151806953532,0.0,0.0
2013-08-22,3638.7099609375,1.7713665522440143,0.2371625882662814,0.0,0.0
2013-08-23,3657.7900390625,1.9689417658081545,0.029738801644317022,0.0,0.0
2013-08-26,3657.570068359375,2.3691690943515056,0.024342623751423563,0.0,0.0
2013-08-27,3578.52001953125,0.9860796556963416,0.9497204624272638,0.0,0.0
2013-08-28,3593.35009765625,1.19037026616135,0.7488612570558523,0.0,0.0
2013-08-29,3620.300048828125,1.4882333173295892,0.13321664723902743,0.0,0.0
2013-08-30,3589.8701171875,0.7773338550191545,0.9046624197525237,0.0,0.0
2013-09-03,3612.610107421875,1.1002585073366706,0.5334254999050788,0.0,0.0
2013-09-04,3649.0400390625,1.8163012927110875,0.03715098741859716,0.0,0.0
2013-09-05,3658.780029296875,1.396971982792708,0.019590074720739745,0.0,0.0
2013-09-06,3660.010009765625,1.3191137834250388,0.04279139969379848,0.0,0.0
2013-09-09,3706.179931640625,2.8752987054720314,0.026157804994541883,0.0,0.0
2013-09-10,3729.02001953125,3.497177035364802,0.02447796306985365,0.0,0.0
2013-09-11,3725.010009765625,1.9638404441968733,0.018881153306879832,0.0,0.0
2013-09-12,3715.969970703125,1.3655449484427526,0.018065266991756302,0.0,0.0
2013-09-13,3722.179931640625,2.388100466646273,0.08876817982754229,0.0,0.0
2013-09-16,3717.85009765625,1.5387737424966954,0.019314903724222506,0.0,0.0
2013-09-17,3745.699951171875,2.3930588208210843,0.01915529944975002,0.0,0.0
2013-09-18,3783.639892578125,5.745398834869527,0.051022488105411025,0.0,0.0
2013-09-19,3789.3798828125,5.804364861465804,0.046091884634710936,0.0,0.0
2013-09-20,3774.72998046875,3.760134632650617,0.04241628857154812,0.0,0.0
2013-09-23,3765.2900390625,2.083819813268768,0.023616327082405523,0.0,0.0
2013-09-24,3768.25,1.9554205016490385,0.03391311433549772,0.0,0.0
2013-09-25,3761.10009765625,2.6384480888303496,0.08311239005783216,0.0,0.0
2013-09-26,3787.429931640625,3.3220174788608645,0.06541165066131471,0.0,0.0
2013-09-27,3781.590087890625,3.1257699495593205,0.32771703181035566,0.0,0.0
2013-09-30,3771.47998046875,3.8535009836222236,0.20931468816022578,0.0,0.0
2013-10-01,3817.97998046875,5.693913378817919,0.1360401583338455,0.0,0.0
2013-10-02,3815.02001953125,5.922333424782164,0.07354395913701345,0.0,0.0
2013-10-03,3774.340087890625,4.212680624937347,0.11644566849825418,0.0,0.0
2013-10-04,3807.75,4.186357688774517,0.05527760702397009,0.0,0.0
2013-10-07,3770.3798828125,3.4824000857328015,0.36851565369834655,0.0,0.0
2013-10-08,3694.830078125,3.807853352510415,1.162770411617707,0.0,0.0
2013-10-09,3677.780029296875,2.818162753789301,1.3827578840375219,0.0,0.0
2013-10-10,3760.75,3.831648420696042,0.17543956943163402,0.0,0.0
2013-10-11,3791.8701171875,3.639806929298512,0.07284499468795909,0.0,0.0
2013-10-14,3815.280029296875,3.0892475478878763,0.20472355168174303,0.0,0.0
2013-10-15,3794.010009765625,3.04522524556482,0.3097330813729574,0.0,0.0
2013-10-16,3839.429931640625,3.755838905198332,0.14572574686791714,0.0,0.0
2013-10-17,3863.14990234375,3.102701375809502,0.059749779230433224,0.0,0.0
2013-10-18,3914.280029296875,6.657178456529244,0.04094954970580624,0.0,0.0
2013-10-21,3920.050048828125,5.197587754780507,0.020728746031042793,0.0,0.0
2013-10-22,3929.570068359375,6.477806490340421,0.04707008837618735,0.0,0.0
2013-10-23,3907.070068359375,3.359319583220646,0.020766796267782012,0.0,0.0
2013-10-24,3928.9599609375,3.306553586324655,0.01896681872354178,0.0,0.0
2013-10-25,3943.360107421875,3.5948253978536813,0.01949399532061848,0.0,0.0
2013-10-28,3940.1298828125,2.479230141437198,0.020672569049761003,0.0,0.0
2013-10-29,3952.340087890625,3.0719556064209974,0.03672811115786268,0.0,0.0
2013-10-30,3930.6201171875,1.4690931208370268,0.02282118749152416,0.0,0.0
2013-10-31,3919.7099609375,1.7525089169005232,0.04579505255420786,0.0,0.0
2013-11-01,3922.0400390625,1.71837009413418,0.06544738440217135,0.0,0.0
2013-11-04,3936.590087890625,2.017535356171804,0.07701323452579127,0.0,0.0
2013-11-05,3939.860107421875,3.490208665685498,0.05105594077201016,0.0,0.0
2013-11-06,3931.949951171875,3.6042704480839824,0.052354299454992315,0.0,0.0
2013-11-07,3857.330078125,2.4143046678861855,0.8035832170010953,0.0,0.0
2013-11-08,3919.22998046875,2.0838194628934903,0.05716308645864305,0.0,0.0
2013-11-11,3919.7900390625,2.174352227348686,0.0494494932386378,0.0,0.0
2013-11-12,3919.919921875,2.4491420853451795,0.02916543883477449,0.0,0.0
2013-11-13,3965.580078125,3.4283413041325184,0.031117856887983773,0.0,0.0
2013-11-14,3972.739990234375,3.7452399417614513,0.019709363681570967,0.0,0.0
2013-11-15,3985.969970703125,4.014655262072158,0.021313391310647654,0.0,0.0
2013-11-18,3949.070068359375,2.32048003256955,0.021756210911657248,0.0,0.0
2013-11-19,3931.550048828125,1.7393646742260522,0.037651845391440536,0.0,0.0
2013-11-20,3921.27001953125,2.215537424574065,0.1521588996051148,0.0,0.0
2013-11-21,3969.159912109375,2.1653081256536133,0.053052527783627984,0.0,0.0
2013-11-22,3991.64990234375,2.352338639851438,0.03736010979822089,0.0,0.0
2013-11-25,3994.570068359375,2.568105970409615,0.033957788724205795,0.0,0.0
2013-11-26,4017.75,3.7583012003288125,0.0206156115071774,0.0,0.0
2013-11-27,4044.75,5.64776406161009,0.06550786449608602,0.0,0.0
2013-11-29,4059.889892578125,6.2132016754261254,0.23925357181439558,0.0,0.0
2013-12-02,4045.260009765625,3.842540991868428,0.24460373155725035,0.0,0.0
2013-12-03,4037.199951171875,2.3475293122793084,0.044802728059039565,0.0,0.0
2013-12-04,4038.0,2.2539090120817935,0.06218722906930664,0.0,0.0
2013-12-05,4033.169921875,2.585519728271452,0.1432965211862024,0.0,0.0
2013-12-06,4062.52001953125,5.111962470644811,0.03581514005910948,0.0,0.0
2013-12-09,4068.75,4.5011250794946704,0.04654600978236698,0.0,0.0
2013-12-10,4060.489990234375,2.9588738838153206,0.07125160609661957,0.0,0.0
2013-12-11,4003.81005859375,2.6283724045599,0.1437312712185111,0.0,0.0
2013-12-12,3998.39990234375,1.9291368049332909,0.07812098531889117,0.0,0.0
2013-12-13,4000.97998046875,2.2602123545941,0.08130151703298322,0.0,0.0
2013-12-16,4029.52001953125,1.9504211801005076,0.17752421331116974,0.0,0.0
2013-12-17,4023.679931640625,1.8074476683986962,0.13110302622807615,0.0,0.0
2013-12-18,4070.06005859375,4.295895809238488,0.14712440486820474,0.0,0.0
2013-12-19,4058.139892578125,3.810170692365485,0.10477843839611573,0.0,0.0
2013-12-20,4104.740234375,7.67207250532047,0.12365242248211186,0.0,0.0
2013-12-23,4148.89990234375,10.416134443280844,0.08533408658073043,0.0,0.0
2013-12-24,4155.419921875,10.387598947786111,0.04386678443453921,0.0,0.0
2013-12-26,4167.18017578125,11.733914056508256,0.02805824144546603,0.0,0.0
2013-12-27,4156.58984375,7.740005294703157,0.019796162582847224,0.0,0.0
2013-12-30,4154.2001953125,5.456693101802582,0.05234209235852146,0.0,0.0
2013-12-31,4176.58984375,6.789066440691559,0.0323873609045064,0.0,0.0
2014-01-02,4143.06982421875,3.0680262421137994,0.04254738920631483,0.0,0.0
2014-01-03,4131.91015625,2.5946416001363612,0.06233696744076894,0.0,0.0
2014-01-06,4113.68017578125,1.8386777132716225,0.08727896710269566,0.0,0.0
2014-01-07,4153.18017578125,2.446792475906327,0.05291209187394516,0.0,0.0
2014-01-08,4165.60986328125,2.7735129686131703,0.030753305307226572,0.0,0.0
2014-01-09,4156.18994140625,2.112476982866768,0.024630740178164592,0.0,0.0
2014-01-10,4174.669921875,4.936044274125383,0.03223278543356611,0.0,0.0
2014-01-13,4113.2998046875,2.9888409900693076,0.063177011635386,0.0,0.0
2014-01-14,4183.02001953125,5.547546336767378,0.02820463734677742,0.0,0.0
2014-01-15,4214.8798828125,8.375803979211295,0.021222674288984212,0.0,0.0
2014-01-16,4218.68994140625,9.641295585112106,0.022655392443852732,0.0,0.0
2014-01-17,4197.580078125,5.373504938550623,0.024713026286216935,0.0,0.0
2014-01-21,4225.759765625,11.13177315190841,0.026086014260536538,0.0,0.0
2014-01-22,4243.0,8.821201307611041,0.01962816310435538,0.0,0.0
2014-01-23,4218.8798828125,4.86982527844633,0.0985654666772566,0.0,0.0
2014-01-24,4128.169921875,5.192134976572361,1.5062427078719738,0.0,0.0
2014-01-27,4083.610107421875,2.5637733158011122,1.603491123757808,0.0,0.0
2014-01-28,4097.9599609375,2.754854249687593,0.9893043378583531,0.0,0.0
2014-01-29,4051.429931640625,1.7843829870022105,2.8231662697468614,0.0,0.0
2014-01-30,4123.1298828125,1.686982962023552,1.3235934858694811,0.0,0.0
2014-01-31,4103.8798828125,1.5634238947800687,1.9554267923962088,0.0,0.0
2014-02-03,3996.9599609375,1.2042178680637294,8.176678541956582,0.0,0.0
2014-02-04,4031.52001953125,0.8668344513208363,4.373797874883767,0.0,0.0
2014-02-05,4011.550048828125,0.6474636231303905,6.960430746403357,0.0,0.0
2014-02-06,4057.1201171875,0.49747493595987113,4.0661591233593475,0.0,0.0
2014-02-07,4125.85986328125,0.751305326923944,0.7204729493105955,0.0,0.0
2014-02-10,4148.169921875,1.6556515980866064,0.5739567270928079,0.0,0.0
2014-02-11,4191.0498046875,2.5670257228749587,0.1566226361456302,0.0,0.0
2014-02-12,4201.2900390625,2.6551186029915455,0.09605269345540773,0.0,0.0
2014-02-13,4240.669921875,2.1438995032474137,0.04510926849209336,0.0,0.0
2014-02-14,4244.02001953125,2.9164903077545508,0.041621801368732995,0.0,0.0
2014-02-18,4272.77978515625,3.2621136503843973,0.02618689680805144,0.0,0.0
2014-02-19,4237.9501953125,2.293327006472596,0.045565357766887124,0.0,0.0
2014-02-20,4267.5498046875,2.1000203685687446,0.021197717587891133,0.0,0.0
2014-02-21,4263.41015625,1.9887691146182462,0.02167656275886313,0.0,0.0
2014-02-24,4292.97021484375,1.4442090434812922,0.019980379012173848,0.0,0.0
2014-02-25,4287.58984375,1.6456725528837746,0.021543633140687565,0.0,0.0
2014-02-26,4292.06005859375,1.6036258397317822,0.019749136480004554,0.0,0.0
2014-02-27,4318.93017578125,2.6464221041545763,0.020932210254850474,0.0,0.0
2014-02-28,4308.1201171875,1.8707777244116148,0.02096929426704076,0.0,0.0
2014-03-03,4277.2998046875,3.181742834836227,0.050228844137493636,0.0,0.0
2014-03-04,4351.97021484375,4.562545880822544,0.048827750743212966,0.0,0.0
2014-03-05,4357.97021484375,4.200223516845258,0.01939228521898695,0.0,0.0
2014-03-06,4352.1298828125,4.14935885393661,0.02038625687405449,0.0,0.0
2014-03-07,4336.22021484375,3.3902101656923973,0.041593147204119406,0.0,0.0
2014-03-10,4334.4501953125,3.4933438132120798,0.02098824821936767,0.0,0.0
2014-03-11,4307.18994140625,2.982243311702868,0.05161340572890357,0.0,0.0
2014-03-12,4323.330078125,2.69561440064758,0.04528762534361921,0.0,0.0
2014-03-13,4260.419921875,1.6330835667073598,0.2906446489426708,0.0,0.0
2014-03-14,4245.39990234375,2.557232348557591,1.7785058950811592,0.0,0.0
2014-03-17,4279.9501953125,2.4272976851931074,0.07658355424669099,0.0,0.0
2014-03-18,4333.31005859375,1.855846778346282,0.0833588516933117,0.0,0.0
2014-03-19,4307.60009765625,1.3146437559172237,0.03631295704303668,0.0,0.0
2014-03-20,4319.2900390625,2.0856106405401036,0.03502350921244573,0.0,0.0
2014-03-21,4276.7900390625,1.8066269880444994,0.21233399698204622,0.0,0.0
2014-03-24,4226.39013671875,0.599687079648646,1.5692860462197944,0.0,0.0
2014-03-25,4234.27001953125,0.822749655210612,0.9774487765559617,0.0,0.0
2014-03-26,4173.580078125,0.6121937548119701,4.135991657087698,0.0,0.0
2014-03-27,4151.22998046875,0.7886959002512863,10.03836680537082,0.0,0.0
2014-03-28,4155.759765625,0.5560295951433126,7.117445045607045,0.0,0.0
2014-03-31,4198.990234375,0.6721401112851713,1.8826070220432318,0.0,0.0
2014-04-01,4268.0400390625,0.8928759976497361,0.5932686511473487,0.0,0.0
2014-04-02,4276.4599609375,1.345738033787577,0.32318480631476343,0.0,0.0
2014-04-03,4237.740234375,0.7091832685132384,0.6714368992711872,0.0,0.0
2014-04-04,4127.72998046875,0.3158907510701285,11.53153737179422,0.0,0.0
2014-04-07,4079.75,0.17837922799152428,17.01175382539482,0.0,0.0
2014-04-08,4112.990234375,0.18081643105444864,8.730669248422029,0.0,0.0
2014-04-09,4183.89990234375,0.5103062276041105,2.356901815198617,0.0,0.0
2014-04-10,4054.110107421875,0.3459268914925329,11.850023953502793,0.0,0.0
2014-04-11,3999.72998046875,0.35583710163922677,19.230924887768413,0.0,0.0
2014-04-14,4022.68994140625,0.35275604850002135,16.959081077529078,0.0,0.0
2014-04-15,4034.159912109375,0.4459930836047702,14.848929459126717,0.0,0.0
2014-04-16,4086.22998046875,0.3235948753568897,7.9932462124832835,0.0,0.0
2014-04-17,4095.52001953125,0.5472864733433056,5.594938546918094,0.0,0.0
2014-04-21,4121.5498046875,0.7206336114221443,1.548528954161656,0.0,0.0
2014-04-22,4161.4599609375,0.9017868037134378,0.7234767870673416,0.0,0.0
2014-04-23,4126.97021484375,0.5100704244937556,0.8278021635722423,0.0,0.0
2014-04-24,4148.33984375,0.7482786073125189,0.2954680919179595,0.0,0.0
2014-04-25,4075.56005859375,0.39659782434722746,1.7661811214278933,0.0,0.0
2014-04-28,4074.39990234375,0.5869590556754855,1.0091158350811327,0.0,0.0
2014-04-29,4103.5400390625,0.48297861296817934,0.48567093739678324,0.0,0.0
2014-04-30,4114.56005859375,0.3667032760037689,0.877354434977545,0.0,0.0
2014-05-01,4127.4501953125,0.7213322884390677,0.8061898220651385,0.0,0.0
2014-05-02,4123.89990234375,1.413893502938184,0.8926053049077716,0.0,0.0
2014-05-05,4138.06005859375,1.6506884100634605,0.1776350467623109,0.0,0.0
2014-05-06,4080.760009765625,1.425053553262187,0.843156270106993,0.0,0.0
2014-05-07,4067.669921875,0.8382603451405195,0.8211164576284106,0.0,0.0
2014-05-08,4051.5,1.0723691037366867,2.509604249920005,0.0,0.0
2014-05-09,4071.8701171875,1.1929338575490847,0.6910884710436082,0.0,0.0
2014-05-12,4143.85986328125,1.1950983950337264,0.06859016427084531,0.0,0.0
2014-05-13,4130.169921875,1.15379772122635,0.07232282973141821,0.0,0.0
2014-05-14,4100.6298828125,1.30236309646489,0.2165716426820951,0.0,0.0
2014-05-15,4069.2900390625,0.9461160711375997,0.7110521161396247,0.0,0.0
2014-05-16,4090.590087890625,0.7209807590561147,0.285969252319639,0.0,0.0
2014-05-19,4125.81005859375,0.757260829551954,0.059691664730043725,0.0,0.0
2014-05-20,4096.89013671875,0.7523580359637256,0.23690178321670732,0.0,0.0
2014-05-21,4131.5400390625,1.0594192719247706,0.04660870374958635,0.0,0.0
2014-05-22,4154.33984375,1.6457792090465968,0.04664451904749436,0.0,0.0
2014-05-23,4185.81005859375,2.498173964784123,0.03436835861785994,0.0,0.0
2014-05-27,4237.06982421875,2.2451236100479117,0.020724927317997632,0.0,0.0
2014-05-28,4225.080078125,1.9171117243467348,0.03215492121435508,0.0,0.0
2014-05-29,4247.9501953125,1.7451465991375341,0.024601198384865384,0.0,0.0
2014-05-30,4242.6201171875,1.8379564806278184,0.0245796472255551,0.0,0.0
2014-06-02,4237.2001953125,1.2979833166175871,0.01971013337218265,0.0,0.0
2014-06-03,4234.080078125,1.2973026329073323,0.0214570455231906,0.0,0.0
2014-06-04,4251.64013671875,1.1810152941441785,0.029908794748345482,0.0,0.0
2014-06-05,4296.22998046875,1.6812362218328927,0.021563016779078122,0.0,0.0
2014-06-06,4321.39990234375,2.7154490362467767,0.021896156947296932,0.0,0.0
2014-06-09,4336.240234375,2.835303155066713,0.021404641024702364,0.0,0.0
2014-06-10,4338.0,3.276093084496993,0.023972066652999998,0.0,0.0
2014-06-11,4331.93017578125,2.058036202916186,0.024254009183617184,0.0,0.0
2014-06-12,4297.6298828125,1.8063990190951602,0.03194905464442976,0.0,0.0
2014-06-13,4310.64990234375,1.4260560419570538,0.03663854768976618,0.0,0.0
2014-06-16,4321.10009765625,1.4761128352550268,0.02185525207748609,0.0,0.0
2014-06-17,4337.22998046875,1.3895975026985221,0.023293551193482975,0.0,0.0
2014-06-18,4362.83984375,2.414846594238107,0.03012875758306537,0.0,0.0
2014-06-19,4359.330078125,2.3339570936395124,0.034296635086910957,0.0,0.0
2014-06-20,4368.0400390625,2.3484701099145706,0.032133073074410115,0.0,0.0
2014-06-23,4368.68017578125,1.6732152636115742,0.024190382877273185,0.0,0.0
2014-06-24,4350.35009765625,1.5299175572288892,0.02293772218564089,0.0,0.0
2014-06-25,4379.759765625,1.288101204829854,0.02351702652247252,0.0,0.0
2014-06-26,4379.0498046875,1.36104479843669,0.09898446203668586,0.0,0.0
2014-06-27,4397.93017578125,1.698905132946447,0.05833964366051999,0.0,0.0
2014-06-30,4408.18017578125,2.1929670925975784,0.0204861856211026,0.0,0.0
2014-07-01,4458.64990234375,5.652899485127994,0.02372733853220376,0.0,0.0
2014-07-02,4457.72998046875,6.510742039687435,0.023364056119774445,0.0,0.0
2014-07-03,4485.93017578125,9.365711942419376,0.03497324193941336,0.0,0.0
2014-07-07,4451.52978515625,5.772353369156536,0.03726936126140991,0.0,0.0
2014-07-08,4391.4599609375,2.82578731564304,0.0624573752675759,0.0,0.0
2014-07-09,4419.02978515625,3.049753969782729,0.05291909697930462,0.0,0.0
2014-07-10,4396.2001953125,3.567021928804936,0.0634482119953386,0.0,0.0
2014-07-11,4415.490234375,3.773032630549571,0.03030017197498402,0.0,0.0
2014-07-14,4440.419921875,5.3810877398533545,0.026462548795213897,0.0,0.0
2014-07-15,4416.39013671875,3.177459486091891,0.026987518353293764,0.0,0.0
2014-07-16,4425.97021484375,2.517088857249052,0.027439662793313488,0.0,0.0
2014-07-17,4363.4501953125,2.485875401503762,0.42459075083669645,0.0,0.0
2014-07-18,4432.14990234375,4.008184003656857,0.077401164085714,0.0,0.0
2014-07-21,4424.7001953125,3.286442615330204,0.09411906810532349,0.0,0.0
2014-07-22,4456.02001953125,3.8947824054315405,0.05588390884305777,0.0,0.0
2014-07-23,4473.7001953125,6.283729921325445,0.0239256181287288,0.0,0.0
2014-07-24,4472.10986328125,4.495923633003026,0.021847040311702162,0.0,0.0
2014-07-25,4449.56005859375,2.4716759225165155,0.04544209026574444,0.0,0.0
2014-07-28,4444.91015625,3.130720844972556,0.04229962098746885,0.0,0.0
2014-07-29,4442.7001953125,4.26389609855857,0.03876735271881722,0.0,0.0
2014-07-30,4462.89990234375,4.592289379366544,0.03126583703185963,0.0,0.0
2014-07-31,4369.77001953125,2.9037358829256723,0.9044184962022946,0.0,0.0
2014-08-01,4352.64013671875,2.1447140171996573,1.586831097192044,0.0,0.0
2014-08-04,4383.89013671875,1.9794366498162104,0.29739662378122095,0.0,0.0
2014-08-05,4352.83984375,1.8561759527120543,0.3941383179714688,0.0,0.0
2014-08-06,4355.0498046875,1.8306268465815114,0.6424575746456832,0.0,0.0
2014-08-07,4334.97021484375,1.7659585462119758,2.0160388333009376,0.0,0.0
2014-08-08,4370.89990234375,1.3542282898877727,0.8711196141929826,0.0,0.0
2014-08-11,4401.330078125,1.7738901685040431,0.3936435302628074,0.0,0.0
2014-08-12,4389.25,1.2035794134313138,0.3545935659552584,0.0,0.0
2014-08-13,4434.1298828125,3.0030231394598728,0.08636867412839871,0.0,0.0
2014-08-14,4453.0,4.158680317695871,0.02018675335433502,0.0,0.0
2014-08-15,4464.93017578125,3.680139122626375,0.11927667735581561,0.0,0.0
2014-08-18,4508.31005859375,5.152007262251829,0.018337725285935746,0.0,0.0
2014-08-19,4527.509765625,5.6628420860925734,0.01854649692721989,0.0,0.0
2014-08-20,4526.47998046875,3.704334761584469,0.021664696415478506,0.0,0.0
2014-08-21,4532.10009765625,3.0432587426161137,0.02191153978789805,0.0,0.0
2014-08-22,4538.5498046875,2.233444027454417,0.019237471962736355,0.0,0.0
2014-08-25,4557.35009765625,1.572021091220895,0.027624217453854044,0.0,0.0
2014-08-26,4570.64013671875,1.8146862351688138,0.05233459265617671,0.0,0.0
2014-08-27,4569.6201171875,2.3511755305762994,0.05368527496534322,0.0,0.0
2014-08-28,4557.7001953125,2.1812814009138743,0.023403219775354672,0.0,0.0
2014-08-29,4580.27001953125,3.5912740227595816,0.024610645292380898,0.0,0.0
2014-09-02,4598.18994140625,3.062946459630001,0.08011536613927198,0.0,0.0
2014-09-03,4572.56005859375,3.8216392561780563,0.09449522140105683,0.0,0.0
2014-09-04,4562.2900390625,3.3779685375072797,0.030175551535406797,0.0,0.0
2014-09-05,4582.89990234375,3.898694104126225,0.02433144138435996,0.0,0.0
2014-09-08,4592.2900390625,3.231771611833258,0.033015382384719356,0.0,0.0
2014-09-09,4552.2900390625,3.841775357821862,0.04603360426264396,0.0,0.0
2014-09-10,4586.52001953125,4.219655094147983,0.0288337859375019,0.0,0.0
2014-09-11,4591.81005859375,5.839277392012758,0.03408830786045673,0.0,0.0
2014-09-12,4567.60009765625,6.987037948055414,0.03932199062546926,0.0,0.0
2014-09-15,4518.89990234375,4.824284210315983,0.2824462677554436,0.0,0.0
2014-09-16,4552.759765625,4.865372656615024,0.05087899153587851,0.0,0.0
2014-09-17,4562.18994140625,5.530765691098087,0.05268531639143972,0.0,0.0
2014-09-18,4593.43017578125,7.042997857674689,0.03621587866670746,0.0,0.0
2014-09-19,4579.7900390625,7.066668749662939,0.0788128015545457,0.0,0.0
2014-09-22,4527.68994140625,5.7020186869355785,0.6788157180645017,0.0,0.0
2014-09-23,4508.68994140625,4.28853199769844,0.5260022270390603,0.0,0.0
2014-09-24,4555.22021484375,6.6335065849681705,0.09718514473179439,0.0,0.0
2014-09-25,4466.75,4.149930599525941,1.260027704543829,0.0,0.0
2014-09-26,4512.18994140625,4.474665864964551,0.31383375921533985,0.0,0.0
2014-09-29,4505.85009765625,3.1599275659034296,0.4204415332158572,0.0,0.0
2014-09-30,4493.39013671875,2.628521122640911,0.8306688193390959,0.0,0.0
2014-10-01,4422.08984375,2.5958288254713424,6.456770812128891,0.0,0.0
2014-10-02,4430.2001953125,1.7663683886050143,2.8323779908146007,0.0,0.0
2014-10-03,4475.6201171875,1.8211386698304526,0.9305110379846474,0.0,0.0
2014-10-06,4454.7998046875,1.2104265036487776,1.610118176417345,0.0,0.0
2014-10-07,4385.2001953125,1.3931488553487728,8.856921040436001,0.0,0.0
2014-10-08,4468.58984375,1.4506019195756348,1.1320493105488316,0.0,0.0
2014-10-09,4378.33984375,1.1945722488092725,9.261311870443206,0.0,0.0
2014-10-10,4276.240234375,1.3174334644535954,19.75068511011232,0.0,0.0
2014-10-13,4213.66015625,1.8649308660015556,28.992852681815393,0.0,0.0
2014-10-14,4227.169921875,0.7980564838864495,38.27042223984394,0.0,0.0
2014-10-15,4215.31982421875,1.1011878225665144,46.36352988350985,0.0,0.0
2014-10-16,4217.39013671875,0.6071958839400243,36.76176987469865,0.0,0.0
2014-10-17,4258.43994140625,0.5096622333925863,16.126586191303087,0.0,0.0
2014-10-20,4316.06982421875,0.6824004091507395,6.751631104080471,0.0,0.0
2014-10-21,4419.47998046875,1.3760100361001193,0.6850737103764292,0.0,0.0
2014-10-22,4382.85009765625,1.084934227678609,1.4516227941785937,0.0,0.0
2014-10-23,4452.7900390625,1.765561203615157,0.2141640846698723,0.0,0.0
2014-10-24,4483.72021484375,1.267180575405201,0.13637411967365626,0.0,0.0
2014-10-27,4485.93017578125,1.1148372130774764,0.09550474077586087,0.0,0.0
2014-10-28,4564.2900390625,2.8672679755964072,0.06359775981987562,0.0,0.0
2014-10-29,4549.22998046875,2.670454477854954,0.022227132485018203,0.0,0.0
2014-10-30,4566.14013671875,2.9230764090862817,0.0432787190977454,0.0,0.0
2014-10-31,4630.740234375,3.979788174582118,0.028606335405079644,0.0,0.0
2014-11-03,4638.91015625,3.097759159665759,0.020786997547666105,0.0,0.0
2014-11-04,4623.64013671875,2.093241514768452,0.02243433665405528,0.0,0.0
2014-11-05,4620.72021484375,2.1147180517836603,0.020521434340225905,0.0,0.0
2014-11-06,4638.47021484375,1.9647238222485388,0.024154079653443412,0.0,0.0
2014-11-07,4632.52978515625,2.426811021648912,0.025332709434313795,0.0,0.0
2014-11-10,4651.6201171875,3.91316266219705,0.036104951285381104,0.0,0.0
2014-11-11,4660.56005859375,3.846173846656198,0.02696968967772762,0.0,0.0
2014-11-12,4675.14013671875,4.4165020373812185,0.04466847932509511,0.0,0.0
2014-11-13,4680.14013671875,4.244174155831324,0.039746942323587255,0.0,0.0
2014-11-14,4688.5400390625,2.846958295094823,0.06577585014765625,0.0,0.0
2014-11-17,4671.0,2.8530391553604266,0.02461271775065587,0.0,0.0
2014-11-18,4702.43994140625,2.783161979044539,0.06945560606186128,0.0,0.0
2014-11-19,4675.7099609375,2.709288145363459,0.09594414391011309,0.0,0.0
2014-11-20,4701.8701171875,2.830070160301985,0.0843584163475605,0.0,0.0
2014-11-21,4712.97021484375,3.3851160993196707,0.09694834007714882,0.0,0.0
2014-11-24,4754.89013671875,4.810517803715052,0.07007800338151743,0.0,0.0
2014-11-25,4758.25,4.0881825743718165,0.08783549580478757,0.0,0.0
2014-11-26,4787.31982421875,6.2311705167886124,0.09154347726424357,0.0,0.0
2014-11-28,4791.6298828125,6.270344514083898,0.08881152958636486,0.0,0.0
2014-12-01,4727.35009765625,3.5357312345098366,0.10812546949535184,0.0,0.0
2014-12-02,4755.81005859375,3.519318962800893,0.06317600198742827,0.0,0.0
2014-12-03,4774.47021484375,4.11757288498628,0.022619920631903257,0.0,0.0
2014-12-04,4769.43994140625,3.890297401810094,0.03092769231665586,0.0,0.0
2014-12-05,4780.759765625,4.308223817834986,0.02896025311835282,0.0,0.0
2014-12-08,4740.68994140625,4.683003863809007,0.03057052065423043,0.0,0.0
2014-12-09,4766.47021484375,6.3517359457359595,0.061177320772202136,0.0,0.0
2014-12-10,4684.02001953125,4.842429168680138,0.9692562257902103,0.0,0.0
2014-12-11,4708.16015625,5.589727093978833,1.367234488384755,0.0,0.0
2014-12-12,4653.60009765625,5.0054693580294485,2.3992554518886893,0.0,0.0
2014-12-15,4605.16015625,3.838647178908582,2.738208441513517,0.0,0.0
2014-12-16,4547.830078125,3.0984056165637295,7.429055996854222,0.0,0.0
2014-12-17,4644.31005859375,2.52457197597812,2.012914556691697,0.0,0.0
2014-12-18,4748.39990234375,4.27011491832624,0.6849309070518796,0.0,0.0
2014-12-19,4765.3798828125,5.434904723512271,0.6738884585298358,0.0,0.0
2014-12-22,4781.419921875,6.571841148866577,0.1419002966188793,0.0,0.0
2014-12-23,4765.419921875,5.589290791745092,0.17551488311871408,0.0,0.0
2014-12-24,4773.47021484375,5.581265771521583,0.07081597655126422,0.0,0.0
2014-12-26,4806.85986328125,5.831974147297494,0.058068537457470586,0.0,0.0
2014-12-29,4806.91015625,5.440149882875203,0.03074638149951119,0.0,0.0
2014-12-30,4777.43994140625,3.853408475695299,0.03609013195269281,0.0,0.0
2014-12-31,4736.0498046875,4.452873640243934,0.34684321836704785,0.0,0.0
2015-01-02,4726.81005859375,3.6919367851616443,0.18806990621860076,0.0,0.0
2015-01-05,4652.56982421875,2.9819966073173507,0.8272090202149759,0.0,0.0
2015-01-06,4592.740234375,1.9426970057734683,5.3292738311702355,0.0,0.0
2015-01-07,4650.47021484375,2.165876917599064,1.2106875428556587,0.0,0.0
2015-01-08,4736.18994140625,3.239491941076789,0.22935028004470723,0.0,0.0
2015-01-09,4704.06982421875,2.075200316474131,0.44561683836935473,0.0,0.0
2015-01-12,4664.7099609375,1.5579917606766425,1.4129836951301495,0.0,0.0
2015-01-13,4661.5,1.6726342022182108,1.223826063402876,0.0,0.0
2015-01-14,4639.31982421875,1.6028990030867076,1.605148419019265,0.0,0.0
2015-01-15,4570.81982421875,1.2546490953500953,7.199021636488959,0.0,0.0
2015-01-16,4634.3798828125,0.8052625825534953,1.9932801408823897,0.0,0.0
2015-01-20,4654.85009765625,1.3485641773220571,2.3922622811711927,0.0,0.0
2015-01-21,4667.419921875,1.0917721680898689,0.4727160042300084,0.0,0.0
2015-01-22,4750.39990234375,2.2461935371518185,0.07794527409552118,0.0,0.0
2015-01-23,4757.8798828125,2.0119429682680536,0.5151752853727797,0.0,0.0
2015-01-26,4771.759765625,2.1767587096715553,0.20898352354253202,0.0,0.0
2015-01-27,4681.5,0.6717753508412592,0.3395896749448068,0.0,0.0
2015-01-28,4637.990234375,1.3538359372312527,2.3277356419445785,0.0,0.0
2015-01-29,4683.41015625,0.7427197679945581,0.3104526192773576,0.0,0.0
2015-01-30,4635.240234375,1.1729628963822072,2.532560993476176,0.0,0.0
2015-02-02,4676.68994140625,1.258884627211709,0.4858492320221091,0.0,0.0
2015-02-03,4727.740234375,1.495996278705597,0.02580007742908721,0.0,0.0
2015-02-04,4716.7001953125,1.5928126147369064,0.043619450535977884,0.0,0.0
2015-02-05,4765.10009765625,2.1515846459723535,0.031335721286217866,0.0,0.0
2015-02-06,4744.39990234375,2.291474721126028,0.0423326063813858,0.0,0.0
2015-02-09,4726.009765625,2.2717550170789926,0.06927312734229649,0.0,0.0
2015-02-10,4787.64013671875,3.0240686786702,0.022665751407494068,0.0,0.0
2015-02-11,4801.18017578125,3.546389259110933,0.024769625698571236,0.0,0.0
2015-02-12,4857.60986328125,6.198634213228948,0.020286114471436648,0.0,0.0
2015-02-13,4893.83984375,8.551642428482488,0.025024405865206125,0.0,0.0
2015-02-17,4899.27001953125,6.934003380324144,0.07647277479387901,0.0,0.0
2015-02-18,4906.35986328125,5.842329213869286,0.028669345839152465,0.0,0.0
2015-02-19,4924.7001953125,6.52836837850106,0.08002562792880503,0.0,0.0
2015-02-20,4955.97021484375,7.3752832544047005,0.03177469407563361,0.0,0.0
2015-02-23,4960.97021484375,6.972685045755245,0.04743228235826041,0.0,0.0
2015-02-24,4968.1201171875,7.927949015488035,0.03161626319643247,0.0,0.0
2015-02-25,4967.14013671875,6.304739974475143,0.02560004558524228,0.0,0.0
2015-02-26,4987.89013671875,7.456680259974115,0.025469572245485683,0.0,0.0
2015-02-27,4963.52978515625,7.2671602841070415,0.0347455336438566,0.0,0.0
2015-03-02,5008.10009765625,9.48225926797544,0.04466466395728213,0.0,0.0
2015-03-03,4979.89990234375,6.778298321521606,0.0446165014216611,0.0,0.0
2015-03-04,4967.14013671875,5.781669931762637,0.030533111644883072,0.0,0.0
2015-03-05,4982.81005859375,4.7497216746048005,0.026034535213397908,0.0,0.0
2015-03-06,4927.3701171875,5.877982828765324,0.0657897853204967,0.0,0.0
2015-03-09,4942.43994140625,5.0892068791459275,0.041176709091860865,0.0,0.0
2015-03-10,4859.7900390625,4.577591543558087,0.5016653288230859,0.0,0.0
2015-03-11,4849.93994140625,4.177997775874985,0.4596599925869845,0.0,0.0
2015-03-12,4893.2900390625,3.3642763033764993,0.26643689340000726,0.0,0.0
2015-03-13,4871.759765625,3.9515461599016586,0.6168126042390522,0.0,0.0
2015-03-16,4929.509765625,5.014883511036793,0.33093306293533226,0.0,0.0
2015-03-17,4937.43017578125,5.476849576349919,0.11072385439649003,0.0,0.0
2015-03-18,4982.830078125,5.465096406711756,0.06571199549585499,0.0,0.0
2015-03-19,4992.3798828125,5.391605862321858,0.09741294050296892,0.0,0.0
2015-03-20,5026.419921875,10.274091847380623,0.30036854968813037,0.0,0.0
2015-03-23,5010.97021484375,5.608908659237502,0.18668247010271746,0.0,0.0
2015-03-24,4994.72998046875,4.309525429458698,0.08313709792718062,0.0,0.0
2015-03-25,4876.52001953125,2.646797510857666,0.5758811435500836,0.0,0.0
2015-03-26,4863.35986328125,2.1394254913276076,0.6724662897677925,0.0,0.0
2015-03-27,4891.22021484375,3.029621825664863,0.10451628995357348,0.0,0.0
2015-03-30,4947.43994140625,3.291562180636001,0.02662959304258725,0.0,0.0
2015-03-31,4900.8798828125,2.5394807586679717,0.15905025667957512,0.0,0.0
2015-04-01,4880.22998046875,2.1281445770507763,0.37809967001630573,0.0,0.0
2015-04-02,4886.93994140625,1.8454210187888327,0.4540613458904971,0.0,0.0
2015-04-06,4917.31982421875,1.7588154317756992,0.22473271640041273,0.0,0.0
2015-04-07,4910.22998046875,1.6834144069408166,0.2196162822045273,0.0,0.0
2015-04-08,4950.81982421875,3.4440331899979615,0.1475765104598125,0.0,0.0
2015-04-09,4974.56005859375,4.431688204355051,0.025992596391935664,0.0,0.0
2015-04-10,4995.97998046875,5.383296718655842,0.019305615363474915,0.0,0.0
2015-04-13,4988.25,4.9177126728566565,0.036344015531852944,0.0,0.0
2015-04-14,4977.2900390625,4.740007357912405,0.01996926519292407,0.0,0.0
2015-04-15,5011.02001953125,6.563830474263061,0.021339589772722482,0.0,0.0
2015-04-16,5007.7900390625,6.590484314354236,0.025690757802407316,0.0,0.0
2015-04-17,4931.81005859375,5.584409976893837,0.030917056373157073,0.0,0.0
2015-04-20,4994.60009765625,6.06988525414377,0.020326235386145367,0.0,0.0
2015-04-21,5014.10009765625,6.787486349766537,0.018628106910287934,0.0,0.0
2015-04-22,5035.169921875,7.515756322255083,0.03965401193975633,0.0,0.0
2015-04-23,5056.06005859375,9.818697260492888,0.019091890359955146,0.0,0.0
2015-04-24,5092.080078125,14.470775810235434,0.02028075350883973,0.0,0.0
2015-04-27,5060.25,10.2544293622077,0.02001408815437942,0.0,0.0
2015-04-28,5055.419921875,8.482523356340453,0.02466181033516286,0.0,0.0
2015-04-29,5023.64013671875,9.729795321973905,0.03262728607508152,0.0,0.0
2015-04-30,4941.419921875,6.349626296558942,0.34986856028961155,0.0,0.0
2015-05-01,5005.39013671875,7.7057916807168745,0.08338847326745034,0.0,0.0
2015-05-04,5016.93017578125,8.643164286800152,0.038914111031459024,0.0,0.0
2015-05-05,4939.330078125,5.67651739439144,0.3528279345163628,0.0,0.0
2015-05-06,4919.64013671875,6.330403971449101,0.6876354400289196,0.0,0.0
2015-05-07,4945.5400390625,3.873769449016413,0.2866722385866644,0.0,0.0
2015-05-08,5003.5498046875,5.275956678775536,0.1733183899503671,0.0,0.0
2015-05-11,4993.56982421875,6.664593095146915,0.25847080090769986,0.0,0.0
2015-05-12,4976.18994140625,5.7855370960045125,0.20834006896944982,0.0,0.0
2015-05-13,4981.68994140625,6.191950008816771,0.1515395710285936,0.0,0.0
2015-05-14,5050.7998046875,9.945354820480492,0.03199931209097395,0.0,0.0
2015-05-15,5048.2900390625,8.928716326202661,0.021393950594667564,0.0,0.0
2015-05-18,5078.43994140625,11.430075889997442,0.023832011836459777,0.0,0.0
2015-05-19,5070.02978515625,9.939425848419173,0.03156406682119708,0.0,0.0
2015-05-20,5071.740234375,9.909732620361437,0.02293923818140578,0.0,0.0
2015-05-21,5090.7900390625,10.350724779093932,0.029143353187369412,0.0,0.0
2015-05-22,5089.35986328125,11.60452562506019,0.041811870177857015,0.0,0.0
2015-05-26,5032.75,9.094380973965778,0.050442745243718536,0.0,0.0
2015-05-27,5106.58984375,8.219334319063677,0.04146123838880696,0.0,0.0
2015-05-28,5097.97998046875,7.933851356032999,0.037990718762575,0.0,0.0
2015-05-29,5070.02978515625,9.659474954510745,0.055374243051091364,0.0,0.0
2015-06-01,5082.93017578125,12.135592101628298,0.06246261668390433,0.0,0.0
2015-06-02,5076.52001953125,16.850675210512414,0.04411436214997295,0.0,0.0
2015-06-03,5099.22998046875,21.17038343989326,0.03890538740735547,0.0,0.0
2015-06-04,5059.1201171875,29.588008729095687,0.04651522031577989,0.0,0.0
2015-06-05,5068.4599609375,52.21961962823569,0.044661147280109885,71.18146371357264,0.0
2015-06-08,5021.6298828125,52.33987802297731,0.40097781440476743,62.20822447132242,0.0
2015-06-09,5013.8701171875,51.107849533319126,0.3210399931202516,60.721354574777386,0.0
2015-06-10,5076.68994140625,59.953063040827935,0.042084626432534626,72.75843276128637,0.0
2015-06-11,5082.509765625,58.06714373228361,0.03579752653152548,73.87358518369514,0.0
2015-06-12,5051.10009765625,61.1490809821141,0.1261151441586743,67.85509287089297,0.0
2015-06-15,5029.97021484375,58.39777689782968,0.6343767110699642,63.80633828348486,0.0
2015-06-16,5055.5498046875,61.35431653731847,0.1859416415016486,68.70771339488081,0.0
2015-06-17,5064.8798828125,62.67519109067727,0.09228629469561882,70.49547516074934,0.0
2015-06-18,5132.9501953125,64.33166586354757,0.026302316829080942,83.5386137548564,0.0
2015-06-19,5117.0,63.274008186127574,0.024635909498721777,80.48235324387352,0.0
2015-06-22,5153.97021484375,65.20014902721492,0.025749377347225228,87.56631713872042,0.0
2015-06-23,5160.08984375,61.263923807225666,0.05105431666748491,88.73891595657838,0.0
2015-06-24,5122.41015625,63.63907232779839,0.034573790525573835,81.51900806728901,0.0
2015-06-25,5112.18994140625,62.647215477565936,0.03269213209130489,79.56068477226106,0.0
2015-06-26,5080.509765625,56.197222782326016,0.11698831095062112,73.49035971828812,0.0
2015-06-29,4958.47021484375,38.80455254280702,2.714004682439205,50.10602789518372,0.0
2015-06-30,4986.8701171875,43.36736486028972,2.0652005903865374,55.547810791782545,0.0
2015-07-01,5013.1201171875,43.3773505594658,1.2943783109110054,60.57764502524975,0.0
2015-07-02,5009.2099609375,44.29292219496369,0.8983978178249754,59.82840930088953,0.0
2015-07-06,4991.93994140625,40.54932305207325,1.7197642858593611,56.51925366466368,0.0
2015-07-07,4997.4599609375,34.43500633024832,2.078983101577159,57.57695969162325,0.0
2015-07-08,4909.759765625,14.567034769278841,7.790246602400491,20.386242804581677,0.0
2015-07-09,4922.39990234375,16.99882500579707,8.41466460582701,21.597248373794525,0.0
2015-07-10,4997.7001953125,20.692176376768906,2.6963093119645296,28.811495828353163,0.0
2015-07-13,5071.509765625,27.071500549327578,0.6108599517294423,35.882922561978255,0.0
2015-07-14,5104.89013671875,30.997285017421675,0.2889769332295859,39.080974623943646,0.0
2015-07-15,5098.93994140625,31.36040382982561,0.11278766828715997,38.51090803196976,0.0
2015-07-16,5163.18017578125,34.27487999006225,0.12706753274056387,44.6655314610237,0.0
2015-07-17,5210.14013671875,36.69732032097485,0.0999141369441658,49.16459468246598,0.0
2015-07-20,5218.85986328125,34.15044760066416,0.05588268630736059,50.0,0.0
2015-07-21,5208.1201171875,18.46563049481429,0.05271259891014971,0.0,0.0
2015-07-22,5171.77001953125,13.685414003426924,0.06919360046246466,0.0,0.0
2015-07-23,5146.41015625,9.210808276008274,0.1321520707377057,0.0,0.0
2015-07-24,5088.6298828125,4.950674853516658,0.854348837743265,0.0,0.0
2015-07-27,5039.77978515625,5.140728386391215,1.8965140363179367,0.0,0.0
2015-07-28,5089.2099609375,4.500585778572487,0.7245817515613159,0.0,0.0
2015-07-29,5111.72998046875,4.536446959291523,0.09498913516167706,0.0,0.0
2015-07-30,5128.77978515625,5.997609725716026,0.14343514108197658,0.0,0.0
2015-07-31,5128.27978515625,5.988504526523153,0.20310490229367573,0.0,0.0
2015-08-03,5115.3798828125,4.360701979376037,0.781898629502307,0.0,0.0
2015-08-04,5105.5498046875,3.030680849265719,0.3144932219778728,0.0,0.0
2015-08-05,5139.93994140625,6.614581330732125,0.19698944285958556,0.0,0.0
2015-08-06,5056.43994140625,2.2143623163306425,1.3282623555039856,0.0,0.0
2015-08-07,5043.5400390625,1.8345453519827366,3.662759123696684,0.0,0.0
2015-08-10,5101.7998046875,2.5571230520042882,0.7986299979238866,0.0,0.0
2015-08-11,5036.7900390625,1.4263862646941852,2.124460365675403,0.0,0.0
2015-08-12,5044.39013671875,1.858450296450145,1.0931640043924975,0.0,0.0
2015-08-13,5033.56005859375,1.4873497277757122,1.8362834296234694,0.0,0.0
2015-08-14,5048.240234375,2.0250924850046226,4.389564674895335,0.0,0.0
2015-08-17,5091.7001953125,2.0656439812219762,0.7483724773242687,0.0,0.0
2015-08-18,5059.35009765625,1.9184474383364887,2.0098996867920706,0.0,0.0
2015-08-19,5019.0498046875,1.4373860546174644,4.398456542295137,0.0,0.0
2015-08-20,4877.490234375,1.3293262557126098,15.461121769509392,0.0,0.0
2015-08-21,4706.0400390625,2.5156369598886643,24.957990090592514,0.0,0.0
2015-08-24,4526.25,2.074064616618944,39.2919929450071,0.0,0.0
2015-08-25,4506.490234375,1.2334260237905295,35.64638496929407,0.0,0.0
2015-08-26,4697.5400390625,0.8919427264466661,17.97091919725018,0.0,0.0
2015-08-27,4812.7099609375,0.7516631071819406,5.13765624035825,0.0,0.0
2015-08-28,4828.31982421875,0.6927660241994501,4.351484865424738,0.0,0.0
2015-08-31,4776.509765625,1.1808329880177517,5.273243069299491,0.0,0.0
2015-09-01,4636.10009765625,0.3342759443130186,13.091780045040771,0.0,0.0
2015-09-02,4749.97998046875,0.3943031745538331,5.205930310487413,0.0,0.0
2015-09-03,4733.5,0.05837429798349115,4.840354772351627,0.0,0.0
2015-09-04,4683.919921875,0.4431242548482193,8.491834825957717,0.0,0.0
2015-09-08,4811.93017578125,0.3850692668333924,2.3377188635604274,0.0,0.0
2015-09-09,4756.52978515625,0.22367902259300923,2.394333774600753,0.0,0.0
2015-09-10,4796.25,0.14412310748180462,1.2012836242754754,0.0,0.0
2015-09-11,4822.33984375,0.07671792835684603,2.0744287072106675,0.0,0.0
2015-09-14,4805.759765625,0.4544901218416176,1.3516750936739184,0.0,0.0
2015-09-15,4860.52001953125,0.4700030322174447,1.2209488706940594,0.0,0.0
2015-09-16,4889.240234375,0.6100091605267,0.623688004026493,0.0,0.0
2015-09-17,4893.9501953125,0.44032495671465965,0.44254062992722576,0.0,0.0
2015-09-18,4827.22998046875,0.2782165336532161,1.6335499873077364,0.0,0.0
2015-09-21,4828.9501953125,0.669407059418362,0.4089568862824311,0.0,0.0
2015-09-22,4756.72021484375,0.47349331473799633,0.8667350443047723,0.0,0.0
2015-09-23,4752.740234375,0.8834259921186541,1.086955554166924,0.0,0.0
2015-09-24,4734.47998046875,0.6808492606058646,1.7910870678330386,0.0,0.0
2015-09-25,4686.5,0.48011584927563783,3.768184867029897,0.0,0.0
2015-09-28,4543.97021484375,0.5754717478177699,19.508333786666007,0.0,0.0
2015-09-29,4517.31982421875,0.23358582527632674,16.507779229990305,0.0,0.0
2015-09-30,4620.16015625,0.531083660937111,8.195980066987445,0.0,0.0
2015-10-01,4627.080078125,0.6311946051997455,7.3078631957109765,0.0,0.0
2015-10-02,4707.77978515625,0.2978261455119468,3.130619472863539,0.0,0.0
2015-10-05,4781.259765625,0.8913911222394687,0.6714723710686074,0.0,0.0
2015-10-06,4748.35986328125,0.4558525723665663,1.0020377004794232,0.0,0.0
2015-10-07,4791.14990234375,0.6203494835304947,0.3484898683102419,0.0,0.0
2015-10-08,4810.7900390625,0.9104085269854553,0.11140752158267175,0.0,0.0
2015-10-09,4830.47021484375,1.3315692701880593,0.21878518737873762,0.0,0.0
2015-10-12,4838.64013671875,1.3738728779852065,0.1258016780357144,0.0,0.0
2015-10-13,4796.60986328125,0.6349819998585972,0.11669016084562726,0.0,0.0
2015-10-14,4782.85009765625,0.6029038190610523,0.23233882228545966,0.0,0.0
2015-10-15,4870.10009765625,1.4853938979183716,0.09693900372147417,0.0,0.0
2015-10-16,4886.68994140625,2.344018664653258,0.048969802001678296,0.0,0.0
2015-10-19,4905.47021484375,1.1997166836845243,0.062306279695778226,0.0,0.0
2015-10-20,4880.97021484375,1.332315320538085,0.03781276982618192,0.0,0.0
2015-10-21,4840.1201171875,0.8087033124037842,0.05369696024738309,0.0,0.0
2015-10-22,4920.0498046875,2.1486348368094395,0.3164744496321634,0.0,0.0
2015-10-23,5031.85986328125,2.644138914847089,0.04984119728578683,0.0,0.0
2015-10-26,5034.7001953125,3.119038622851098,0.0876450619738666,0.0,0.0
2015-10-27,5030.14990234375,2.538245931087824,0.05466509461844861,0.0,0.0
2015-10-28,5095.68994140625,5.489254371702283,0.04531890723030223,0.0,0.0
2015-10-29,5074.27001953125,3.450228276912045,0.04106255208913299,0.0,0.0
2015-10-30,5053.75,3.4809196560029068,0.034529744949863425,0.0,0.0
2015-11-02,5127.14990234375,6.4510860331094655,0.028746776514465448,0.0,0.0
2015-11-03,5145.1298828125,6.9855964869810805,0.027397377472049133,0.0,0.0
2015-11-04,5142.47998046875,5.7900118384073265,0.04090080028945475,0.0,0.0
2015-11-05,5127.740234375,5.584916455859421,0.048988793099716765,0.0,0.0
2015-11-06,5147.1201171875,7.763698257812858,0.034312644876863044,0.0,0.0
2015-11-09,5095.2998046875,6.238654131314396,0.061114545378751606,0.0,0.0
2015-11-10,5083.240234375,5.5380162025691275,0.058349088221755156,0.0,0.0
2015-11-11,5067.02001953125,6.07915405355913,0.08906056775309995,0.0,0.0
2015-11-12,5005.080078125,4.254884080200071,0.5443314418579889,0.0,0.0
2015-11-13,4927.8798828125,3.318737184927969,1.9891581578988617,0.0,0.0
2015-11-16,4984.6201171875,1.9585798186502383,0.6924203929063921,0.0,0.0
2015-11-17,4986.02001953125,2.507523105822743,1.0383135452085224,0.0,0.0
2015-11-18,5075.2001953125,4.553296567325628,0.5250578059622641,0.0,0.0
2015-11-19,5073.64013671875,4.2116117864570315,0.3821379346587322,0.0,0.0
2015-11-20,5104.919921875,6.689688255021078,0.31937199013463274,0.0,0.0
2015-11-23,5102.47998046875,4.250173757972714,0.04860390163307091,0.0,0.0
2015-11-24,5102.81005859375,4.158513086966067,0.06412377138694877,0.0,0.0
2015-11-25,5116.14013671875,6.989275231537902,0.08480079859233224,0.0,0.0
2015-11-27,5127.52001953125,7.9338588377060555,0.046698225047583135,0.0,0.0
2015-11-30,5108.669921875,7.442622283561763,0.11911323967691377,0.0,0.0
2015-12-01,5156.31005859375,12.441448779675143,0.04563215185298389,0.0,0.0
2015-12-02,5123.22021484375,8.612803086389569,0.0766756003150252,0.0,0.0
2015-12-03,5037.52978515625,2.618678571021003,0.39834024220559416,0.0,0.0
2015-12-04,5142.27001953125,8.993887126525332,0.135348704147824,0.0,0.0
2015-12-07,5101.81005859375,5.09593865540865,0.1372506761255435,0.0,0.0
2015-12-08,5098.240234375,5.374758942250859,0.23101030146445162,0.0,0.0
2015-12-09,5022.8701171875,2.8525607955868693,0.5571903550608871,0.0,0.0
2015-12-10,5045.169921875,2.657299110796637,0.37015678781774153,0.0,0.0
2015-12-11,4933.47021484375,3.0098139331098515,4.028242764388859,0.0,0.0
2015-12-14,4952.22998046875,1.7663907948001685,2.410844104535345,0.0,0.0
2015-12-15,4995.35986328125,1.6911635405489533,1.3695163594208064,0.0,0.0
2015-12-16,5071.1298828125,3.5340610614201244,0.43279565507443213,0.0,0.0
2015-12-17,5002.5498046875,1.000313378751435,1.1645744054948084,0.0,0.0
2015-12-18,4923.080078125,0.7672685942141952,4.996366678185191,0.0,0.0
2015-12-21,4968.919921875,0.9807550652107958,2.753773372280304,0.0,0.0
2015-12-22,5001.10986328125,1.3890214576982611,0.9703845149299233,0.0,0.0
2015-12-23,5045.93017578125,2.3035689240928128,0.48820464576766676,0.0,0.0
2015-12-24,5048.490234375,2.977403328590518,0.43064470934229304,0.0,0.0
2015-12-28,5040.990234375,2.5747304638112274,0.32340451098146494,0.0,0.0
2015-12-29,5107.93994140625,4.02280883754608,0.1275143710029757,0.0,0.0
2015-12-30,5065.85009765625,1.7520153964748426,0.18513056281571713,0.0,0.0
2015-12-31,5007.41015625,0.7160846414053594,0.9183828150668519,0.0,0.0
2016-01-04,4903.08984375,0.7909973289364333,2.737819592231404,0.0,0.0
2016-01-05,4891.43017578125,0.19583363802718337,5.564478922670164,0.0,0.0
2016-01-06,4835.759765625,0.3339743486775783,9.150214084039632,0.0,0.0
2016-01-07,4689.43017578125,0.7180323636119436,10.770758559873624,0.0,0.9594108271362201
2016-01-08,4643.6298828125,0.8110842919006647,16.324641431599513,0.0,11.693418815703572
2016-01-11,4637.990234375,0.18103177634819884,15.380849917778484,0.0,13.015157771001128
2016-01-12,4685.919921875,0.17888663876442054,10.257643062674353,0.0,1.7820931950699004
2016-01-13,4526.06005859375,0.12525187880719363,37.66875243414046,0.0,39.24772798223217
2016-01-14,4615.0,0.0438944853857131,24.3107707569722,0.0,18.4032752576876
2016-01-15,4488.419921875,0.1074232019058211,50.50817716449307,0.0,48.069276973316214
2016-01-19,4476.9501953125,0.07510719471382439,49.68583480795796,0.0,50.75738503045378
2016-01-20,4471.68994140625,0.13126314553928467,48.98603713258511,0.0,51.990207001485835
2016-01-21,4472.06005859375,0.02231977307680777,42.94535141934184,0.0,51.903464306410896
2016-01-22,4591.18017578125,0.2207694676912436,27.42850713936473,0.0,23.985819972516985
2016-01-25,4518.490234375,0.019335051229305497,35.14786220686712,0.0,41.02183352543369
2016-01-26,4567.669921875,0.0111459042281389,29.997830287572878,0.0,29.49581209014649
2016-01-27,4468.169921875,0.085422588125267,36.63561502824362,0.0,52.81517809488323
2016-01-28,4506.68017578125,0.06508745964605442,31.087669728874133,0.0,43.78970366498186
2016-01-29,4613.9501953125,0.12361289335993035,22.50635555060846,0.0,18.64931324503736
2016-02-01,4620.3701171875,0.14953579208744766,18.9948902982548,0.0,17.144705125188707
2016-02-02,4516.9501953125,0.17884025619323168,33.034819175093475,0.0,41.38276553106211
2016-02-03,4504.240234375,0.09553916293978935,31.501357529337692,0.0,44.36154172209197
2016-02-04,4509.56005859375,0.11956578820953037,27.910777910934602,0.0,43.11475852573123
2016-02-05,4363.14013671875,0.05563316209889604,56.85242128558532,0.0,77.43053489345067
2016-02-08,4283.75,0.25249596033498617,76.22346267543018,0.0,96.03684298702476
2016-02-09,4268.759765625,0.05768042615944395,81.11116811769666,0.0,99.55003657383291
2016-02-10,4283.58984375,0.04809166672375051,77.19288685522439,0.0,96.07437808462974
2016-02-11,4266.83984375,0.0710839685956152,73.00078045266744,0.0,100.0
2016-02-12,4337.509765625,0.12504353880601055,25.759302794287237,0.0,0.0
2016-02-16,4435.9599609375,0.11971869411810841,5.574599504237344,0.0,0.0
2016-02-17,4534.06005859375,0.1322865908406221,1.620796593741994,0.0,0.0
2016-02-18,4487.5400390625,0.09845388179568543,1.5994334930087157,0.0,0.0
2016-02-19,4504.43017578125,0.2640946031125097,1.5802531941774975,0.0,0.0
2016-02-22,4570.60986328125,0.24536411655800286,0.9446867762301064,0.0,0.0
2016-02-23,4503.580078125,0.18314462588204974,1.125433136464246,0.0,0.0
2016-02-24,4542.60986328125,0.022919788356509874,0.5834275992522491,0.0,0.0
2016-02-25,4582.2001953125,0.2750365137454966,0.3046308160092474,0.0,0.0
2016-02-26,4590.47021484375,0.2899206351133638,0.3236946138964776,0.0,0.0
2016-02-29,4557.9501953125,0.2076154264658826,0.7134406020141079,0.0,0.0
2016-03-01,4689.60009765625,0.89683329458914,0.1808034147570676,0.0,0.0
2016-03-02,4703.419921875,0.5851864940427357,0.06459657201544036,0.0,0.0
2016-03-03,4707.419921875,0.6106990039159853,0.11782330984122713,0.0,0.0
2016-03-04,4717.02001953125,0.5450294540828109,0.07302835554205599,0.0,0.0
2016-03-07,4708.25,0.6887053602347455,0.06939559307001505,0.0,0.0
2016-03-08,4648.81982421875,0.5944238445447451,0.2242718606221372,0.0,0.0
2016-03-09,4674.3798828125,0.5005509229049161,0.10975394192152794,0.0,0.0
2016-03-10,4662.16015625,0.5425743428619648,0.16268925804176834,0.0,0.0
2016-03-11,4748.47021484375,0.9966886790541636,0.0684584769775147,0.0,0.0
2016-03-14,4750.27978515625,1.125405123625507,0.06626374151356021,0.0,0.0
2016-03-15,4728.669921875,0.6329651739910388,0.06709726636107069,0.0,0.0
2016-03-16,4763.97021484375,1.0663235216259406,0.07363898427082974,0.0,0.0
2016-03-17,4774.990234375,1.4392572760622566,0.07123870292455665,0.0,0.0
2016-03-18,4795.64990234375,2.0168643324306648,0.06064722667171232,0.0,0.0
2016-03-21,4808.8701171875,3.326652675457091,0.047235489991441046,0.0,0.0
2016-03-22,4821.66015625,2.888507765320029,0.08715824570853573,0.0,0.0
2016-03-23,4768.85986328125,1.6139586754990762,0.06056511168624961,0.0,0.0
2016-03-24,4773.5,2.719060394157631,0.2077717367902497,0.0,0.0
2016-03-28,4766.7900390625,1.838550467689896,0.15297071146043204,0.0,0.0
2016-03-29,4846.6201171875,2.8622780982430123,0.1210069218959547,0.0,0.0
2016-03-30,4869.2900390625,2.733787089430313,0.029361555346694535,0.0,0.0
2016-03-31,4869.85009765625,3.3111104354475467,0.02355621664485341,0.0,0.0
2016-04-01,4914.5400390625,5.690275824812789,0.030240729145161516,0.0,0.0
2016-04-04,4891.7998046875,3.8315422729973343,0.025087866616978295,0.0,0.0
2016-04-05,4843.93017578125,6.132896162482728,0.19575680329402345,0.0,0.0
2016-04-06,4920.72021484375,5.770289624200986,0.026881160781190534,0.0,0.0
2016-04-07,4848.3701171875,4.224584392704458,0.13496031211767717,0.0,0.0
2016-04-08,4850.68994140625,4.641983678068646,0.38609835946142435,0.0,0.0
2016-04-11,4833.39990234375,4.571402678237063,0.14214118901634454,0.0,0.0
2016-04-12,4872.08984375,4.802485569936394,0.03723650938686673,0.0,0.0
2016-04-13,4947.419921875,7.136292048812291,0.04501057481297862,0.0,0.0
2016-04-14,4945.89013671875,7.197659423050356,0.023258567067732893,0.0,0.0
2016-04-15,4938.22021484375,7.529166148691227,0.028295130774163686,0.0,0.0
2016-04-18,4960.02001953125,8.438569509927534,0.024548747286230802,0.0,0.0
2016-04-19,4940.330078125,8.190994832997976,0.02640754066695698,0.0,0.0
2016-04-20,4948.1298828125,7.181255217102614,0.03306038594748627,0.0,0.0
2016-04-21,4945.89013671875,8.444371286002129,0.028293963409268288,0.0,0.0
2016-04-22,4906.22998046875,6.588101605089856,0.05718312108935451,0.0,0.0
2016-04-25,4895.7900390625,4.74304171953213,0.10861072619605325,0.0,0.0
2016-04-26,4888.27978515625,4.925442642291859,0.1121126085415192,0.0,0.0
2016-04-27,4863.14013671875,3.58664978940614,0.40511969291717637,0.0,0.0
2016-04-28,4805.2900390625,2.526224130879802,1.3186595651240804,0.0,0.0
2016-04-29,4775.35986328125,2.25189378103131,2.2576243752829357,0.0,0.0
2016-05-02,4817.58984375,2.4041528210798453,1.1158380524517153,0.0,0.0
2016-05-03,4763.22021484375,1.5407015241353617,3.2263043640590428,0.0,0.0
2016-05-04,4725.64013671875,1.2447058891604437,6.999796157574767,0.0,0.0
2016-05-05,4717.08984375,1.188913706103584,7.412953560132416,0.0,0.0
2016-05-06,4736.16015625,1.3932583409139727,5.787700934379452,0.0,0.0
2016-05-09,4750.2099609375,2.03523396683061,5.223673849228532,0.0,0.0
2016-05-10,4809.8798828125,3.367319729896286,1.895593794808453,0.0,0.0
2016-05-11,4760.68994140625,2.0464122268386067,6.534292321542939,0.0,0.0
2016-05-12,4737.330078125,1.9151151763475973,6.180331177472904,0.0,0.0
2016-05-13,4717.68017578125,1.2511730644271013,7.590291839574756,0.0,0.0
2016-05-16,4775.4599609375,1.0307335863848792,3.629831003982037,0.0,0.0
2016-05-17,4715.72998046875,0.5625855554646716,5.976413857360324,0.0,0.0
2016-05-18,4739.1201171875,0.7776062939961219,4.307525604580951,0.0,0.0
2016-05-19,4712.52978515625,0.7757439355364575,6.111472282782694,0.0,0.0
2016-05-20,4769.56005859375,1.0907570750987545,0.7207453384413693,0.0,0.0
2016-05-23,4765.77978515625,0.9775098679971475,0.6453623829410016,0.0,0.0
2016-05-24,4861.06005859375,2.3656626753045495,0.20015340576353374,0.0,0.0
2016-05-25,4894.89013671875,3.3553634039281097,0.08069290541750104,0.0,0.0
2016-05-26,4901.77001953125,3.982780221493489,0.04259026830117886,0.0,0.0
2016-05-27,4933.5,4.010800878213017,0.03728755188640628,0.0,0.0
2016-05-31,4948.0498046875,2.5193188021169735,0.022372567978750472,0.0,0.0
2016-06-01,4952.25,2.598948786740382,0.01982128026693688,0.0,0.0
2016-06-02,4971.35986328125,5.003271772633673,0.037296355077735814,0.0,0.0
2016-06-03,4942.52001953125,4.083157700637388,0.02373638323414721,0.0,0.0
2016-06-06,4968.7099609375,3.1823305560656325,0.019350330530546005,0.0,0.0
2016-06-07,4961.75,3.037756293658102,0.02097959365635049,0.0,0.0
2016-06-08,4974.64013671875,4.386649827518769,0.026729591802893207,0.0,0.0
2016-06-09,4958.6201171875,5.5609234378957675,0.03154442219984872,0.0,0.0
2016-06-10,4894.5498046875,4.545817250847571,0.26957136256554204,0.0,0.0
2016-06-13,4848.43994140625,4.582614294115653,1.7583152417329277,0.0,0.0
2016-06-14,4843.5498046875,4.033918864649499,1.2265938249870996,0.0,0.0
2016-06-15,4834.93017578125,3.7404680044680148,1.2330077073091796,0.0,0.0
2016-06-16,4844.919921875,3.1376571710245575,1.0878711053342713,0.0,0.0
2016-06-17,4800.33984375,2.4164828615689338,2.711270714898934,0.0,0.0
2016-06-20,4837.2099609375,2.715915861523964,1.4135265416259515,0.0,0.0
2016-06-21,4843.759765625,2.4071183377628858,1.456503350935704,0.0,0.0
2016-06-22,4833.31982421875,3.061230185428731,3.0344973815363265,0.0,0.0
2016-06-23,4910.0400390625,3.7182395867284206,1.1158829023505303,0.0,0.0
2016-06-24,4707.97998046875,3.8483361923153208,10.562083556641394,0.0,0.0
2016-06-27,4594.43994140625,2.4224520050949794,27.7450371109502,0.0,0.0
2016-06-28,4691.8701171875,1.6768084462424395,18.58566818383326,0.0,0.0
2016-06-29,4779.25,1.8349867354170197,4.1800490703022835,0.0,0.0
2016-06-30,4842.669921875,2.171145371601286,3.701743979522047,0.0,0.0
2016-07-01,4862.56982421875,3.399708378296138,1.3578760755921977,0.0,0.0
2016-07-05,4822.89990234375,1.5393231685560553,2.032330367907373,0.0,0.0
2016-07-06,4859.16015625,1.2694943218918222,1.5450392173048548,0.0,0.0
2016-07-07,4876.81005859375,1.630620785020903,1.3562640915444224,0.0,0.0
2016-07-08,4956.759765625,3.1635224649797293,1.1058090621373962,0.0,0.0
2016-07-11,4988.64013671875,2.582146080076444,0.4878885239519182,0.0,0.0
2016-07-12,5022.81982421875,3.0196382216296147,0.17913059644496143,0.0,0.0
2016-07-13,5005.72998046875,2.412968908673277,0.38612892237135044,0.0,0.0
2016-07-14,5034.06005859375,2.9363675947674714,0.07740986512881706,0.0,0.0
2016-07-15,5029.58984375,2.8032563722281005,0.05509532403277118,0.0,0.0
2016-07-18,5055.77978515625,3.8652875135471287,0.06933681011540543,0.0,0.0
2016-07-19,5036.3701171875,3.2188894315952408,0.07255386008690667,0.0,0.0
2016-07-20,5089.93017578125,4.356577445522048,0.038307493953534874,0.0,0.0
2016-07-21,5073.89990234375,4.1541405520469725,0.05112010460692976,0.0,0.0
2016-07-22,5100.16015625,4.669539243179576,0.073952815875728,0.0,0.0
2016-07-25,5097.6298828125,5.199402454134196,0.061787196338200234,0.0,0.0
2016-07-26,5110.0498046875,5.861668688561487,0.11921239260468607,0.0,0.0
2016-07-27,5139.81005859375,6.478431894746234,0.2892526275544767,0.0,0.0
2016-07-28,5154.97998046875,7.084536248446308,0.1716768024141355,0.0,0.0
2016-07-29,5162.1298828125,6.543522582195544,0.39141999882565126,0.0,0.0
2016-08-01,5184.2001953125,6.66960038501208,0.2706297048572659,0.0,0.0
2016-08-02,5137.72998046875,7.901910194171693,0.08359573062820132,0.0,0.0
2016-08-03,5159.740234375,8.522404973319592,0.05496983259894506,0.0,0.0
2016-08-04,5166.25,9.99837721175875,0.10557831682099067,0.0,0.0
2016-08-05,5221.1201171875,12.696576743561447,0.03721069209521841,0.0,0.0
2016-08-08,5213.14013671875,12.262055415943372,0.049896722224961144,0.0,0.0
2016-08-09,5225.47998046875,15.836603758184907,0.04748914463437677,0.0,0.0
2016-08-10,5204.580078125,11.550170869775439,0.10780432088329231,0.0,0.0
2016-08-11,5228.39990234375,13.523755549967655,0.029608888240956796,0.0,0.0
2016-08-12,5232.89013671875,10.908627453097171,0.06747767939536342,0.0,0.0
2016-08-15,5262.02001953125,16.593792235439206,0.03195313208605746,0.0,0.0
2016-08-16,5227.10986328125,13.606463798222775,0.027825661617849357,0.0,0.0
2016-08-17,5228.66015625,11.280606505769669,0.10804689101560641,0.0,0.0
2016-08-18,5240.14990234375,9.714937772077464,0.0333828207062134,0.0,0.0
2016-08-19,5238.3798828125,7.896312211975458,0.04073668057969177,0.0,0.0
2016-08-22,5244.60009765625,9.281751919827979,0.030306625881551322,0.0,0.0
2016-08-23,5260.080078125,12.468704739108956,0.07181833698402575,0.0,0.0
2016-08-24,5217.68994140625,5.865951549615073,0.03702449696698782,0.0,0.0
2016-08-25,5212.2001953125,4.583559312046272,0.16342902353932684,0.0,0.0
2016-08-26,5218.919921875,4.561412715789993,0.10870424137410802,0.0,0.0
2016-08-29,5232.330078125,3.9495791208230426,0.03972840348474872,0.0,0.0
2016-08-30,5222.990234375,3.7504862983415053,0.04196775049143967,0.0,0.0
2016-08-31,5213.22021484375,3.0122896389839746,0.11591843221273122,0.0,0.0
2016-09-01,5227.2099609375,3.5521641672486277,0.06892534667807979,0.0,0.0
2016-09-02,5249.89990234375,5.694052560403469,0.03361762639131625,0.0,0.0
2016-09-06,5275.91015625,6.660665872091473,0.05771467932011363,0.0,0.0
2016-09-07,5283.93017578125,6.974465531020893,0.039005956523424125,0.0,0.0
2016-09-08,5259.47998046875,4.808497254235042,0.034019521628469336,0.0,0.0
2016-09-09,5125.91015625,4.295422549806783,1.3663743960601211,0.0,0.0
2016-09-12,5211.89013671875,5.096986069377665,0.3259386988498304,0.0,0.0
2016-09-13,5155.25,4.339374675280729,0.8949982116885931,0.0,0.0
2016-09-14,5173.77001953125,5.369754802201303,0.9191011332825492,0.0,0.0
2016-09-15,5249.68994140625,5.4722179950553205,0.31380865125551943,0.0,0.0
2016-09-16,5244.56982421875,5.605069598804648,0.05192413049584206,0.0,0.0
2016-09-19,5235.02978515625,4.54239958408956,0.11346526039909755,0.0,0.0
2016-09-20,5241.35009765625,4.92876637064416,0.05391992890380554,0.0,0.0
2016-09-21,5295.18017578125,8.763204190618024,0.10039206589879394,0.0,0.0
2016-09-22,5339.52001953125,14.754810894204088,0.03414991085755431,0.0,0.0
2016-09-23,5305.75,9.36377311436476,0.023646926852740932,0.0,0.0
2016-09-26,5257.490234375,5.4750473022394965,0.09099328993951954,0.0,0.0
2016-09-27,5305.7099609375,9.313507267467715,0.07809129599789007,0.0,0.0
2016-09-28,5318.5498046875,11.465267393061733,0.061913230162595825,0.0,0.0
2016-09-29,5269.14990234375,6.786038156054815,0.12371422243628143,0.0,0.0
2016-09-30,5312.0,9.651746215005389,0.07956265270671561,0.0,0.0
2016-10-03,5300.8701171875,9.21696842585654,0.01927549280324196,0.0,0.0
2016-10-04,5289.66015625,6.193316624815659,0.022533117283131364,0.0,0.0
2016-10-05,5316.02001953125,6.340312907128686,0.020476347956955927,0.0,0.0
2016-10-06,5306.85009765625,6.171061503323292,0.033475323884144655,0.0,0.0
2016-10-07,5292.39990234375,6.632040680615372,0.025042758488174256,0.0,0.0
2016-10-10,5328.669921875,7.103364932341749,0.026616048013312413,0.0,0.0
2016-10-11,5246.7900390625,4.654067707236423,0.1296753058278368,0.0,0.0
2016-10-12,5239.02001953125,3.7403106959791983,0.29201262602243083,0.0,0.0
2016-10-13,5213.330078125,2.0674264131808,0.4869936966655476,0.0,0.0
2016-10-14,5214.16015625,1.8299904192307828,0.2639772957145582,0.0,0.0
2016-10-17,5199.81982421875,1.8317821132311496,0.3607540532017287,0.0,0.0
2016-10-18,5243.83984375,2.3391504307141764,0.13964146537470667,0.0,0.0
2016-10-19,5246.41015625,1.8002218414763302,0.16580554220696872,0.0,0.0
2016-10-20,5241.830078125,1.5576203702545621,0.37253420023324846,0.0,0.0
2016-10-21,5257.39990234375,2.419018966866663,0.0920704274624087,0.0,0.0
2016-10-24,5309.830078125,3.7465226348060563,0.027572051801894787,0.0,0.0
2016-10-25,5283.39990234375,3.101548264717484,0.03504632145195012,0.0,0.0
2016-10-26,5250.27001953125,1.8694176051247136,0.10911856755349764,0.0,0.0
2016-10-27,5215.97021484375,1.8757660905303886,0.5105658926385911,0.0,0.0
2016-10-28,5190.10009765625,2.0881915697410096,3.275335938727257,0.0,0.0
2016-10-31,5189.14013671875,3.2891277436581863,2.126047241207718,0.0,0.0
2016-11-01,5153.580078125,2.5017081918214674,4.141671389529932,0.0,0.0
2016-11-02,5105.56982421875,2.113908528401646,6.00438363851544,0.0,0.0
2016-11-03,5058.41015625,2.6771969845476713,8.368239217874244,0.0,0.0
2016-11-04,5046.3701171875,2.3434713511420178,8.963960317986023,0.0,0.0
2016-11-07,5166.169921875,2.684045473439055,3.008234171360291,0.0,0.0
2016-11-08,5193.490234375,2.115142198505929,1.5051565162029232,0.0,0.0
2016-11-09,5251.06982421875,4.693629634983393,0.7940531174460937,0.0,0.0
2016-11-10,5208.7998046875,2.9893584005343024,0.7084298546749187,0.0,0.0
2016-11-11,5237.10986328125,4.126099068809517,0.3993929112428309,0.0,0.0
2016-11-14,5218.39990234375,2.215251600811359,0.3395418458916481,0.0,0.0
2016-11-15,5275.6201171875,4.3025764568256335,0.16779049344334215,0.0,0.0
2016-11-16,5294.580078125,3.2076007744043684,0.05830936525934112,0.0,0.0
2016-11-17,5333.97021484375,4.427961076953232,0.188004880775864,0.0,0.0
2016-11-18,5321.509765625,5.144714614827689,0.028886090125103583,0.0,0.0
2016-11-21,5368.85986328125,4.810942571498054,0.07303496403919293,0.0,0.0
2016-11-22,5386.35009765625,3.721766022697678,0.07179071464343997,0.0,0.0
2016-11-23,5380.68017578125,2.5612673315928576,0.021255862217487587,0.0,0.0
2016-11-25,5398.919921875,2.79265062791666,0.022917764816527377,0.0,0.0
2016-11-28,5368.81005859375,1.2847909767561456,0.031686233964314504,0.0,0.0
2016-11-29,5379.919921875,1.5564731106113638,0.024094102448561416,0.0,0.0
2016-11-30,5323.68017578125,2.0307326893531736,0.041151383590792436,0.0,0.0
2016-12-01,5251.10986328125,3.615089478411058,0.15999126808019862,0.0,0.0
2016-12-02,5255.64990234375,3.4714589037548085,0.32585160081037795,0.0,0.0
2016-12-05,5308.89013671875,2.354846385880115,0.07332810408026852,0.0,0.0
2016-12-06,5333.0,2.0142483719911435,0.08219207543891598,0.0,0.0
2016-12-07,5393.759765625,2.412007712145858,0.026552119392250717,0.0,0.0
2016-12-08,5417.35986328125,3.3275081153366335,0.03699954539765403,0.0,0.0
2016-12-09,5444.5,3.090792358768627,0.019098577731585013,0.0,0.0
2016-12-12,5412.5400390625,1.8826166737662031,0.01880446767085052,0.0,0.0
2016-12-13,5463.830078125,2.311347425218569,0.03593470064412444,0.0,0.0
2016-12-14,5436.669921875,1.4266426342463019,0.019788449029589827,0.0,0.0
2016-12-15,5456.85009765625,1.9371808900143512,0.018369754221185083,0.0,0.0
2016-12-16,5437.16015625,1.6641775648493347,0.034896242061373074,0.0,0.0
2016-12-19,5457.43994140625,1.9852407328978534,0.01848841356352038,0.0,0.0
2016-12-20,5483.93994140625,2.3339156272783863,0.02243303295160949,0.0,0.0
2016-12-21,5471.43017578125,1.945392342479743,0.019166952572017042,0.0,0.0
2016-12-22,5447.419921875,1.8671103707062644,0.038835477381667996,0.0,0.0
2016-12-23,5462.68994140625,2.290769647013228,0.036924982311772256,0.0,0.0
2016-12-27,5487.43994140625,1.5055957439308558,0.02222344696921893,0.0,0.0
2016-12-28,5438.56005859375,1.7565329263306804,0.03477379245682158,0.0,0.0
2016-12-29,5432.08984375,1.865504761186144,0.05012685561982168,0.0,0.0
2016-12-30,5383.1201171875,2.0650543968876343,0.19759639826914974,0.0,0.0
2017-01-03,5429.080078125,2.584155003791359,0.036474372403894964,0.0,0.0
2017-01-04,5477.0,1.9243599228435242,0.026180428415236382,0.0,0.0
2017-01-05,5487.93994140625,1.7596221264478658,0.019599061027032606,0.0,0.0
2017-01-06,5521.06005859375,2.8018574967875,0.018556678655764318,0.0,0.0
2017-01-09,5531.81982421875,2.9189396183284164,0.019641297351818725,0.0,0.0
2017-01-10,5551.81982421875,2.7025485234473847,0.018985631293704505,0.0,0.0
2017-01-11,5563.64990234375,2.7490233130740576,0.04652099891250313,0.0,0.0
2017-01-12,5547.490234375,1.7221108997990633,0.019673400911025943,0.0,0.0
2017-01-13,5574.1201171875,2.5328317590178893,0.018342440704113238,0.0,0.0
2017-01-17,5538.72998046875,1.3919004267713782,0.02043969587839053,0.0,0.0
2017-01-18,5555.64990234375,2.082617755955938,0.019058742252428318,0.0,0.0
2017-01-19,5540.080078125,2.2019143354617094,0.02033846773418672,0.0,0.0
2017-01-20,5555.330078125,2.5048142096371055,0.01945597281350303,0.0,0.0
2017-01-23,5552.93994140625,1.0698242217301484,0.03219458990813456,0.0,0.0
2017-01-24,5600.9599609375,1.3766590410171324,0.020671601549563448,0.0,0.0
2017-01-25,5656.33984375,2.173919633653104,0.01974536829385998,0.0,0.0
2017-01-26,5655.18017578125,2.687794700351731,0.01955445918735413,0.0,0.0
2017-01-27,5660.77978515625,2.3537666560005475,0.03570486457757878,0.0,0.0
2017-01-30,5613.7099609375,1.863513177139591,0.02217812645537922,0.0,0.0
2017-01-31,5614.7900390625,2.177005379883484,0.0209540788659441,0.0,0.0
2017-02-01,5642.64990234375,2.035698833108604,0.02167115608610599,0.0,0.0
2017-02-02,5636.2001953125,1.5356388756192443,0.02094051266836675,0.0,0.0
2017-02-03,5666.77001953125,1.4366208663410671,0.023108624311599865,0.0,0.0
2017-02-06,5663.5498046875,1.3748348063495237,0.02110764336987928,0.0,0.0
2017-02-07,5674.22021484375,1.2131480715821332,0.022518966057541084,0.0,0.0
2017-02-08,5682.4501953125,2.350380561936462,0.025749076494729194,0.0,0.0
2017-02-09,5715.18017578125,1.6022287424054902,0.02206285961327377,0.0,0.0
2017-02-10,5734.1298828125,1.8599685414359441,0.03145352416918475,0.0,0.0
2017-02-13,5763.9599609375,3.5164656118389352,0.028521988413498494,0.0,0.0
2017-02-14,5782.56982421875,4.564038882179877,0.06309541325212169,0.0,0.0
2017-02-15,5819.43994140625,6.7019332385808426,0.2370476046998036,0.0,0.0
2017-02-16,5814.89990234375,5.739756973794688,0.15724158615199657,0.0,0.0
2017-02-17,5838.580078125,8.484498357109484,0.03337675102409448,0.0,0.0
2017-02-21,5865.9501953125,10.884144650952505,0.026222188222261907,0.0,0.0
2017-02-22,5860.6298828125,9.618918673893827,0.027196773894159358,0.0,0.0
2017-02-23,5835.509765625,6.394884268369005,0.041337106105432855,0.0,0.0
2017-02-24,5845.31005859375,7.341740648487841,0.031182565198013972,0.0,0.0
2017-02-27,5861.89990234375,8.94683732103747,0.08507097222810715,0.0,0.0
2017-02-28,5825.43994140625,7.722940499321999,0.06091505697862862,0.0,0.0
2017-03-01,5904.02978515625,13.933437676311694,0.0369010673112751,0.0,0.0
2017-03-02,5861.22021484375,8.329396453174507,0.038765245080963545,0.0,0.0
2017-03-03,5870.75,8.887632101808467,0.03470056870479446,0.0,0.0
2017-03-06,5849.18017578125,5.1481647191956785,0.03922814694767133,0.0,0.0
2017-03-07,5833.93017578125,4.656824025480955,0.043690819466513556,0.0,0.0
2017-03-08,5837.5498046875,4.139044038210728,0.06695982161201233,0.0,0.0
2017-03-09,5838.81005859375,3.5034460218084367,0.07293930021469619,0.0,0.0
2017-03-10,5861.72998046875,3.2830046866957057,0.03504456089451036,0.0,0.0
2017-03-13,5875.77978515625,4.475326206698724,0.05574912119435454,0.0,0.0
2017-03-14,5856.81982421875,4.6523125362672415,0.09909100790441033,0.0,0.0
2017-03-15,5900.0498046875,5.250787239641919,0.029045936236006327,0.0,0.0
2017-03-16,5900.759765625,5.061855104360109,0.03944393972537944,0.0,0.0
2017-03-17,5901.0,5.416361070777023,0.053513330377086034,0.0,0.0
2017-03-20,5901.52978515625,4.219577992191055,0.03936620112731581,0.0,0.0
2017-03-21,5793.830078125,4.053373702422613,2.015158483041182,0.0,0.0
2017-03-22,5821.64013671875,3.272237477632839,0.7187783293997483,0.0,0.0
2017-03-23,5817.68994140625,3.4468599221122194,0.8693103065296651,0.0,0.0
2017-03-24,5828.740234375,2.8356609333919383,0.43349299879064385,0.0,0.0
2017-03-27,5840.3701171875,2.8058202435271276,0.3678443176944764,0.0,0.0
2017-03-28,5875.14013671875,4.376948180391584,0.032742786289747895,0.0,0.0
2017-03-29,5897.5498046875,4.030796364186162,0.21036246184293828,0.0,0.0
2017-03-30,5914.33984375,4.700074275664957,0.12651954200935223,0.0,0.0
2017-03-31,5911.740234375,3.8986001573532807,0.08630211056952214,0.0,0.0
2017-04-03,5894.68017578125,3.5025508315370026,0.05104009242348883,0.0,0.0
2017-04-04,5898.60986328125,2.860484828261695,0.056993035001786374,0.0,0.0
2017-04-05,5864.47998046875,2.5086945423408635,0.1577560490598936,0.0,0.0
2017-04-06,5878.9501953125,2.361408850751517,0.04906418377312351,0.0,0.0
2017-04-07,5877.81005859375,2.3711948087951673,0.14847555273718724,0.0,0.0
2017-04-10,5880.93017578125,3.8387069153023696,0.24926783153612128,0.0,0.0
2017-04-11,5866.77001953125,4.211213951549611,0.21895099778202462,0.0,0.0
2017-04-12,5836.16015625,3.4433005892246773,0.5739325437031754,0.0,0.0
2017-04-13,5805.14990234375,3.8236097317213225,0.8411283659591983,0.0,0.0
2017-04-17,5856.7900390625,2.6255158346824414,0.18743386339581586,0.0,0.0
2017-04-18,5849.47021484375,2.4519563767021335,0.18153253725186955,0.0,0.0
2017-04-19,5863.02978515625,2.6938244572038994,0.15281604094805756,0.0,0.0
2017-04-20,5916.77978515625,3.8052323824618863,0.09658777380664708,0.0,0.0
2017-04-21,5910.52001953125,4.100208666235515,0.1721558701781198,0.0,0.0
2017-04-24,5983.81982421875,4.663679958822387,0.12995814974134506,0.0,0.0
2017-04-25,6025.490234375,6.132745297923341,0.02312284961324203,0.0,0.0
2017-04-26,6025.22998046875,4.385611391970443,0.034356973901873235,0.0,0.0
2017-04-27,6048.93994140625,4.295329015669451,0.023671261594605492,0.0,0.0
2017-04-28,6047.60986328125,4.481212202059286,0.025222993286667286,0.0,0.0
2017-05-01,6091.60009765625,2.867658745303429,0.026106088449877593,0.0,0.0
2017-05-02,6095.3701171875,2.5639253687302914,0.01887910215827705,0.0,0.0
2017-05-03,6072.5498046875,2.0734139013762265,0.022408475481057722,0.0,0.0
2017-05-04,6075.33984375,2.067705996758574,0.02273968322304213,0.0,0.0
2017-05-05,6100.759765625,2.6869755417916266,0.03486622757222292,0.0,0.0
2017-05-08,6102.66015625,2.4194450661780778,0.030045841672601204,0.0,0.0
2017-05-09,6120.58984375,2.38089675336425,0.03273290817025753,0.0,0.0
2017-05-10,6129.14013671875,2.8615495812713547,0.13974482239991276,0.0,0.0
2017-05-11,6115.9599609375,1.9969102913046655,0.10615470076264347,0.0,0.0
2017-05-12,6121.22998046875,2.6639078405168397,0.13721603074653999,0.0,0.0
2017-05-15,6149.669921875,2.532928804120653,0.08607672467622386,0.0,0.0
2017-05-16,6169.8701171875,4.090170356350362,0.07984840099978942,0.0,0.0
2017-05-17,6011.240234375,6.267407763062205,1.4577308416894565,0.0,0.0
2017-05-18,6055.1298828125,4.458041362517061,0.4175628885389636,0.0,0.0
2017-05-19,6083.7001953125,3.428227412135833,0.21600590023772617,0.0,0.0
2017-05-22,6133.6201171875,2.5467206574970986,0.15818522190312156,0.0,0.0
2017-05-23,6138.7099609375,2.2187295671130856,0.19544682103975622,0.0,0.0
2017-05-24,6163.02001953125,3.2276793645063693,0.1484420694727966,0.0,0.0
2017-05-25,6205.259765625,3.039067672124197,0.09546781335843701,0.0,0.0
2017-05-26,6210.18994140625,2.4352149591514007,0.0665477556909392,0.0,0.0
2017-05-30,6203.18994140625,1.3624939555599103,0.045894901525507466,0.0,0.0
2017-05-31,6198.52001953125,1.5930314584953125,0.04721542736039241,0.0,0.0
2017-06-01,6246.830078125,2.7341230417549585,0.04846440109399191,0.0,0.0
2017-06-02,6305.7998046875,5.955571336263267,0.04853166210890443,0.0,0.0
2017-06-05,6295.68017578125,3.065115034860411,0.0470725204287862,0.0,0.0
2017-06-06,6275.06005859375,2.9169960849419883,0.04756266502104333,0.0,0.0
2017-06-07,6297.3798828125,3.4003936368850183,0.052606777448540865,0.0,0.0
2017-06-08,6321.759765625,4.577572864587265,0.06162486466057146,0.0,0.0
2017-06-09,6207.919921875,2.6827060628684456,0.2071425679436653,0.0,0.0
2017-06-12,6175.4599609375,2.7797778171683265,0.13070191125495367,0.0,0.0
2017-06-13,6220.3701171875,2.5699776273892705,0.03645318990020532,0.0,0.0
2017-06-14,6194.89013671875,2.766377126347386,0.04873983167486611,0.0,0.0
2017-06-15,6165.5,3.0688746689945923,0.2265470074824292,0.0,0.0
2017-06-16,6151.759765625,2.897682682518753,0.8921487215114924,0.0,0.0
2017-06-19,6239.009765625,2.98584019093523,0.02688009809051392,0.0,0.0
2017-06-20,6188.02978515625,2.0434902826801773,0.057270486935539065,0.0,0.0
2017-06-21,6233.9501953125,2.083087090215991,0.08783600221955326,0.0,0.0
2017-06-22,6236.68994140625,1.7858256762313405,0.08809456782876919,0.0,0.0
2017-06-23,6265.25,2.2342677102095956,0.04604550526772724,0.0,0.0
2017-06-26,6247.14990234375,2.2586368584435297,0.05674703992782817,0.0,0.0
2017-06-27,6146.6201171875,1.301006254556442,0.6783640357129218,0.0,0.0
2017-06-28,6234.41015625,2.474311170069404,0.09105554822326417,0.0,0.0
2017-06-29,6144.35009765625,1.4741533165760368,0.4745586639852179,0.0,0.0
2017-06-30,6140.419921875,1.362308564645927,0.6887733206152925,0.0,0.0
2017-07-03,6110.06005859375,1.348078795444893,1.194593468947619,0.0,0.0
2017-07-05,6150.85986328125,1.5428570434621616,0.3205457159939757,0.0,0.0
2017-07-06,6089.4599609375,2.303662902418692,1.8576602809453688,0.0,0.0
2017-07-07,6153.080078125,1.6945493330452754,0.5833254254042838,0.0,0.0
2017-07-10,6176.39013671875,1.3308428271217063,0.09195429198109184,0.0,0.0
2017-07-11,6193.2998046875,1.5404628069167234,0.04389777194456918,0.0,0.0
2017-07-12,6261.169921875,2.486843663420865,0.018829578416175653,0.0,0.0
2017-07-13,6274.43994140625,3.962211460803345,0.02000191272929586,0.0,0.0
2017-07-14,6312.47021484375,4.148919683428233,0.02375807676678019,0.0,0.0
2017-07-17,6314.43017578125,4.120248023748057,0.018484671184507487,0.0,0.0
2017-07-18,6344.31005859375,5.721293680714995,0.017946742537388382,0.0,0.0
2017-07-19,6385.0400390625,7.231412989940094,0.02032169593798183,0.0,0.0
2017-07-20,6390.0,5.901568939925292,0.01833088376633742,0.0,0.0
2017-07-21,6387.75,4.925370861240077,0.018993974644152378,0.0,0.0
2017-07-24,6410.81005859375,5.4362340053040015,0.021209429684459533,0.0,0.0
2017-07-25,6412.169921875,4.9013803348471665,0.02082663525648354,0.0,0.0
2017-07-26,6422.75,7.631568605190954,0.057968326178697745,0.0,0.0
2017-07-27,6382.18994140625,6.511323903894697,0.03777448082421777,0.0,0.0
2017-07-28,6374.68017578125,7.6593900711256175,0.046679348759904184,0.0,0.0
2017-07-31,6348.1201171875,5.405220912367969,0.04875396179866716,0.0,0.0
2017-08-01,6362.93994140625,4.061121468501366,0.028241714417739514,0.0,0.0
2017-08-02,6362.64990234375,3.4392804735066718,0.02670499050450699,0.0,0.0
2017-08-03,6340.33984375,2.8397822190996,0.04259301217723786,0.0,0.0
2017-08-04,6351.56005859375,2.4622983422193654,0.03118872435966664,0.0,0.0
2017-08-07,6383.77001953125,3.2318902434464234,0.02648246831517499,0.0,0.0
2017-08-08,6370.4599609375,3.2783482725946707,0.03473081714178361,0.0,0.0
2017-08-09,6352.330078125,3.7490847363826854,0.11578123209688783,0.0,0.0
2017-08-10,6216.8701171875,3.955338547682414,2.71419998793302,0.0,0.0
2017-08-11,6256.56005859375,3.538064933591027,1.7917607879082873,0.0,0.0
2017-08-14,6340.22998046875,3.648767783577675,0.19894197494292432,0.0,0.0
2017-08-15,6333.009765625,3.4276890354817877,0.17420541933750622,0.0,0.0
2017-08-16,6345.10986328125,3.209000265249149,0.1972707926474313,0.0,0.0
2017-08-17,6221.91015625,3.5979865543253644,2.238976012109135,0.0,0.0
2017-08-18,6216.52978515625,2.7400060043077974,1.8056557122982366,0.0,0.0
2017-08-21,6213.1298828125,2.0925893780377587,2.537585149968356,0.0,0.0
2017-08-22,6297.47998046875,1.674961963672825,0.19302633243018652,0.0,0.0
2017-08-23,6278.41015625,1.62150364401562,0.49395481393562174,0.0,0.0
2017-08-24,6271.330078125,1.9222066612034243,0.3728302883698118,0.0,0.0
2017-08-25,6265.64013671875,1.8260529197928512,0.6314778056978124,0.0,0.0
2017-08-28,6283.02001953125,1.666284889383779,0.1643261733033739,0.0,0.0
2017-08-29,6301.89013671875,1.5637884312470667,0.10483876801067578,0.0,0.0
2017-08-30,6368.31005859375,2.38646592819441,0.06074927598711746,0.0,0.0
2017-08-31,6428.66015625,3.8427257249355553,0.02063538033320094,0.0,0.0
2017-09-01,6435.330078125,4.297016974356164,0.02577793185994467,0.0,0.0
2017-09-05,6375.56982421875,2.247070251802235,0.024971105587051227,0.0,0.0
2017-09-06,6393.31005859375,2.05462601009911,0.02830302846859104,0.0,0.0
2017-09-07,6397.8701171875,2.260370151626396,0.02182652972239974,0.0,0.0
2017-09-08,6360.18994140625,2.6795258323891833,0.024779015632555548,0.0,0.0
2017-09-11,6432.259765625,2.317717560576595,0.018490747520205162,0.0,0.0
2017-09-12,6454.27978515625,1.9973855504888998,0.017963958533934458,0.0,0.0
2017-09-13,6460.18994140625,1.875059385960687,0.018246527364017127,0.0,0.0
2017-09-14,6429.080078125,1.3608298709284838,0.0189028038015713,0.0,0.0
2017-09-15,6448.47021484375,2.8189563668577606,0.03542305523796972,0.0,0.0
2017-09-18,6454.64013671875,1.6774437508544957,0.018713884728894327,0.0,0.0
2017-09-19,6461.31982421875,1.346541269638965,0.018668630875275777,0.0,0.0
2017-09-20,6456.0400390625,1.064221758422912,0.02049061790805329,0.0,0.0
2017-09-21,6422.68994140625,1.2985073248599344,0.022513864807903818,0.0,0.0
2017-09-22,6426.919921875,1.1248191847704874,0.026839461185294303,0.0,0.0
2017-09-25,6370.58984375,1.4698684059086327,0.1006493186871423,0.0,0.0
2017-09-26,6380.16015625,1.2580295945419477,0.07757569078738318,0.0,0.0
2017-09-27,6453.259765625,1.4313125817477022,0.04113420267668595,0.0,0.0
2017-09-28,6453.4501953125,1.1984828769850902,0.02062736810446296,0.0,0.0
2017-09-29,6495.9599609375,1.9374726269325995,0.019590555750959093,0.0,0.0
2017-10-02,6516.72021484375,1.511531639058258,0.01879001748302475,0.0,0.0
2017-10-03,6531.7099609375,1.8754577808648598,0.018722924355572733,0.0,0.0
2017-10-04,6534.6298828125,1.6826082535273277,0.018523271351185963,0.0,0.0
2017-10-05,6585.35986328125,2.763626480547144,0.018520894991835873,0.0,0.0
2017-10-06,6590.18017578125,2.8430255140612717,0.018673727547240036,0.0,0.0
2017-10-09,6579.72998046875,1.2393906999618791,0.02328835684404585,0.0,0.0
2017-10-10,6587.25,0.7880123782638246,0.022198149563806946,0.0,0.0
2017-10-11,6603.5498046875,0.9089940055980511,0.02072830681755271,0.0,0.0
2017-10-12,6591.509765625,0.9465426355100129,0.0243335504053654,0.0,0.0
2017-10-13,6605.7998046875,1.9843248836632483,0.02428924196473227,0.0,0.0
2017-10-16,6624.0,2.4129950457933704,0.023720262843555332,0.0,0.0
2017-10-17,6623.66015625,2.7826031716142947,0.025847203769289465,0.0,0.0
2017-10-18,6624.22021484375,1.9524255059523528,0.029108789946820902,0.0,0.0
2017-10-19,6605.06982421875,1.3091942900798546,0.03642780902789055,0.0,0.0
2017-10-20,6629.0498046875,1.6069425058603637,0.09101715768187604,0.0,0.0
2017-10-23,6586.830078125,2.0469694182315075,0.03984500343793761,0.0,0.0
2017-10-24,6598.43017578125,2.2325544026101687,0.040833078633375486,0.0,0.0
2017-10-25,6563.89013671875,1.991355456709421,0.06451705062403212,0.0,0.0
2017-10-26,6556.77001953125,2.1145567825692857,0.06031217681277801,0.0,0.0
2017-10-27,6701.259765625,3.3043005545763298,0.07666930813832278,0.0,0.0
2017-10-30,6698.9599609375,1.9747709557747275,0.07896453433606493,0.0,0.0
2017-10-31,6727.669921875,2.613056929091183,0.11646948053510504,0.0,0.0
2017-11-01,6716.52978515625,1.8605633531415509,0.1600683639669282,0.0,0.0
2017-11-02,6714.93994140625,2.1404288706425385,0.12918267591544555,0.0,0.0
2017-11-03,6764.43994140625,2.4292950757252676,0.11320122681862735,0.0,0.0
2017-11-06,6786.43994140625,2.5665974917058567,0.05148769835943081,0.0,0.0
2017-11-07,6767.77978515625,1.9620585847937764,0.05686004422926157,0.0,0.0
2017-11-08,6789.1201171875,2.689660203126888,0.052834545011679564,0.0,0.0
2017-11-09,6750.0498046875,1.5067182613624088,0.07344367473478931,0.0,0.0
2017-11-10,6750.93994140625,1.4158222999055445,0.09104421337122742,0.0,0.0
2017-11-13,6757.60009765625,1.7289129087304087,0.05994004238799765,0.0,0.0
2017-11-14,6737.8701171875,1.5502167914046052,0.09937432633047738,0.0,0.0
2017-11-15,6706.2099609375,3.382982143677781,0.5300513921080302,0.0,0.0
2017-11-16,6793.2900390625,2.7968789014162008,0.035832437745552975,0.0,0.0
2017-11-17,6782.7900390625,2.0856025909171954,0.07035100892088861,0.0,0.0
2017-11-20,6790.7099609375,2.051823610634876,0.07576393692774164,0.0,0.0
2017-11-21,6862.47998046875,3.903025961180585,0.023350636546503302,0.0,0.0
2017-11-22,6867.35986328125,4.531905140182292,0.022371356699968828,0.0,0.0
2017-11-24,6889.16015625,4.355141572953388,0.02250429899780245,0.0,0.0
2017-11-27,6878.52001953125,1.9092146135857857,0.028040012629084732,0.0,0.0
2017-11-28,6912.35986328125,3.106533638795038,0.02806586115705346,0.0,0.0
2017-11-29,6824.39013671875,1.7112573146034469,0.035683755551502196,0.0,0.0
2017-11-30,6873.97021484375,1.3834237463865668,0.04875733072905062,0.0,0.0
2017-12-01,6847.58984375,1.7520804039633573,0.07086098613759768,0.0,0.0
2017-12-04,6775.3701171875,3.187693646792592,0.523612783622972,0.0,0.0
2017-12-05,6762.2099609375,2.878904199081889,0.6345203757815718,0.0,0.0
2017-12-06,6776.3798828125,2.4544825851823937,0.381990379592547,0.0,0.0
2017-12-07,6812.83984375,2.2118648298767103,0.20429128254909032,0.0,0.0
2017-12-08,6840.080078125,2.7546599005206764,0.02889202398092144,0.0,0.0
2017-12-11,6875.080078125,3.593338369653091,0.025049049997696565,0.0,0.0
2017-12-12,6862.31982421875,2.5080372560536826,0.03142329161797179,0.0,0.0
2017-12-13,6875.7998046875,2.554824340489142,0.02031302354574867,0.0,0.0
2017-12-14,6856.52978515625,2.5743967774244685,0.025977843907504655,0.0,0.0
2017-12-15,6936.580078125,3.125914831745992,0.05373218522221297,0.0,0.0
2017-12-18,6994.759765625,3.614440779799719,0.020622426363265653,0.0,0.0
2017-12-19,6963.85009765625,2.140803332396111,0.018144305897891008,0.0,0.0
2017-12-20,6960.9599609375,2.2404248248504532,0.034360846768517125,0.0,0.0
2017-12-21,6965.35986328125,2.0727625827422984,0.048069549167162724,0.0,0.0
2017-12-22,6959.9599609375,2.611785275720215,0.08397164682910851,0.0,0.0
2017-12-26,6936.25,2.3740095508514076,0.10014014482210858,0.0,0.0
2017-12-27,6939.33984375,3.4621571316869666,0.26309472815883406,0.0,0.0
2017-12-28,6950.16015625,2.408566685071047,0.04357961673172314,0.0,0.0
2017-12-29,6903.39013671875,2.992565115093174,0.10736846397666505,0.0,0.0
2018-01-02,7006.89990234375,2.959983536290336,0.025026578532625354,0.0,0.0
2018-01-03,7065.52978515625,4.895094043683435,0.033660926078627466,0.0,0.0
2018-01-04,7077.91015625,5.820261488156678,0.023456551667908578,0.0,0.0
2018-01-05,7136.56005859375,7.811376859910047,0.02489840432216577,0.0,0.0
2018-01-08,7157.39013671875,8.491112901834676,0.019174977986778075,0.0,0.0
2018-01-09,7163.580078125,6.70407204363553,0.019053738613860085,0.0,0.0
2018-01-10,7153.56982421875,6.139276479327565,0.0209205975825708,0.0,0.0
2018-01-11,7211.77978515625,10.185989174322716,0.020777185306300246,0.0,0.0
2018-01-12,7261.06005859375,11.888988133633143,0.022881126622787667,0.0,0.0
2018-01-16,7223.68994140625,9.496130374019481,0.09604953283720752,0.0,0.0
2018-01-17,7298.27978515625,13.426095320364778,0.1768216618710571,0.0,0.0
2018-01-18,7296.0498046875,15.296688039195278,0.2992878023645216,0.0,0.0
2018-01-19,7336.3798828125,19.18949355208775,0.021934271396507332,0.0,0.0
2018-01-22,7408.02978515625,23.94498952364725,0.031811410154484465,0.0,0.0
2018-01-23,7460.2900390625,29.938412061931988,0.04208230076957938,0.0,0.0
2018-01-24,7415.06005859375,20.104774947099664,0.10503373515503849,0.0,0.0
2018-01-25,7411.16015625,19.5578758359736,0.09139907188002913,0.0,0.0
2018-01-26,7505.77001953125,30.916975807311513,0.10053266468066638,0.0,0.0
2018-01-29,7466.509765625,21.16076750415349,0.5901929210278379,0.0,0.0
2018-01-30,7402.47998046875,14.49391412282755,0.8078455385203268,0.0,0.0
2018-01-31,7411.47998046875,14.508978977252722,0.3448957832816446,0.0,0.0
2018-02-01,7385.85986328125,13.240066175831375,0.2745825693849941,0.0,0.0
2018-02-02,7240.9501953125,7.4966185297616175,2.071020872603604,0.0,0.0
2018-02-05,6967.52978515625,4.893378280650064,10.534362486312851,0.0,0.0
2018-02-06,7115.8798828125,4.083067032296163,5.972705655667515,0.0,0.0
2018-02-07,7051.97998046875,3.060913227853482,7.389213541323442,0.0,0.0
2018-02-08,6777.16015625,1.9667170086015109,15.623481385441599,0.0,0.0
2018-02-09,6874.490234375,1.259100885373134,11.773291571042634,0.0,0.0
2018-02-12,6981.9599609375,1.984686038487601,8.033352078233532,0.0,0.0
2018-02-13,7013.509765625,1.140642768975068,6.371442860005419,0.0,0.0
2018-02-14,7143.6201171875,1.6424695257529438,3.511949723968257,0.0,0.0
2018-02-15,7256.43017578125,2.535034531425229,1.9537210480837903,0.0,0.0
2018-02-16,7239.47021484375,1.2522697166070695,1.202241189818952,0.0,0.0
2018-02-20,7234.31005859375,1.180949203381195,0.8301430397514428,0.0,0.0
2018-02-21,7218.22998046875,0.8416427996278376,0.8324136397768515,0.0,0.0
2018-02-22,7210.08984375,1.011489345663142,0.4729561210107438,0.0,0.0
2018-02-23,7337.39013671875,2.404764174379047,0.14616602827249855,0.0,0.0
2018-02-26,7421.4599609375,5.470987478680097,0.14689467203928405,0.0,0.0
2018-02-27,7330.35009765625,1.4304068347526162,0.2350805684507118,0.0,0.0
2018-02-28,7273.009765625,0.8673591246796473,0.14489421970866684,0.0,0.0
2018-03-01,7180.56005859375,0.8336547646403809,1.3258624371275671,0.0,0.0
2018-03-02,7257.8701171875,0.7289728680226609,0.39363156519587034,0.0,0.0
2018-03-05,7330.7099609375,1.0038618651204045,0.11750470757241364,0.0,0.0
2018-03-06,7372.009765625,3.997677101729882,0.0505121869700117,0.0,0.0
2018-03-07,7396.64990234375,4.685405733847009,0.03259517146689996,0.0,0.0
2018-03-08,7427.9501953125,8.83811838517964,0.07426647490211594,0.0,0.0
2018-03-09,7560.81005859375,24.180618742398035,0.11708555795770265,0.0,0.0
2018-03-12,7588.31982421875,25.544947448316584,0.09854646573838201,0.0,0.0
2018-03-13,7511.009765625,15.29069348240823,0.036544355916275445,0.0,0.0
2018-03-14,7496.81005859375,13.411907431779879,0.06137699850664269,0.0,0.0
2018-03-15,7481.740234375,11.819264922015044,0.042259852994101406,0.0,0.0
2018-03-16,7481.990234375,10.110865977568391,0.12446918391099532,0.0,0.0
2018-03-19,7344.240234375,4.9705861000898395,0.4797660584299623,0.0,0.0
2018-03-20,7364.2998046875,3.3739440896070554,0.1252151011664369,0.0,0.0
2018-03-21,7345.2900390625,3.0792883268035687,0.14335893625083643,0.0,0.0
2018-03-22,7166.68017578125,2.0533010374940277,2.6071800115729635,0.0,0.0
2018-03-23,6992.669921875,2.028079680110031,8.083075509076714,0.0,0.0
2018-03-26,7220.5400390625,1.161315938605181,2.3603449729910686,0.0,0.0
2018-03-27,7008.81005859375,0.3442059684445593,5.318827742950072,0.0,0.0
2018-03-28,6949.22998046875,0.2561680894268917,6.695119613524267,0.0,0.0
2018-03-29,7063.4501953125,0.13366252267159492,5.351950010182623,0.0,0.0
2018-04-02,6870.1201171875,0.12364730909107592,10.50302596953621,0.0,0.0
2018-04-03,6941.27978515625,0.04120076129950553,7.320086535204285,0.0,0.0
2018-04-04,7042.10986328125,0.07361183535658379,4.179068754391644,0.0,0.0
2018-04-05,7076.5498046875,0.09584666281703534,3.669876059698184,0.0,0.0
2018-04-06,6915.10986328125,0.019320886283708993,8.014296565022756,0.0,0.0
2018-04-09,6950.33984375,0.20719555389261218,6.278807512367634,0.0,0.0
2018-04-10,7094.2998046875,0.18691320216898236,2.562626009192789,0.0,0.0
2018-04-11,7069.02978515625,0.1474525282606683,1.7235570964402844,0.0,0.0
2018-04-12,7140.25,0.41187267256699117,0.498304637976954,0.0,0.0
2018-04-13,7106.64990234375,0.2443640147780293,0.5878658571864699,0.0,0.0
2018-04-16,7156.27978515625,0.7364400735850508,0.4125623301318234,0.0,0.0
2018-04-17,7281.10009765625,0.8709246528092189,0.11331069066017,0.0,0.0
2018-04-18,7295.240234375,1.3501295955755974,0.07666944082092421,0.0,0.0
2018-04-19,7238.06005859375,0.7156585727950189,0.1249352134713619,0.0,0.0
2018-04-20,7146.1298828125,0.39598009955204877,0.14560684057895507,0.0,0.0
2018-04-23,7128.60009765625,0.6385785972800441,0.0998310299899564,0.0,0.0
2018-04-24,7007.35009765625,0.30027797875771495,0.9417450256665834,0.0,0.0
2018-04-25,7003.740234375,0.4214306028527526,0.7259299662666356,0.0,0.0
2018-04-26,7118.68017578125,0.6467917789054339,0.0839875821277405,0.0,0.0
2018-04-27,7119.7998046875,0.470172346579705,0.07908767544541637,0.0,0.0
2018-04-30,7066.27001953125,0.7047445746731781,0.14394060109898876,0.0,0.0
2018-05-01,7130.7001953125,0.8481937055464317,0.19198970142580674,0.0,0.0
2018-05-02,7100.89990234375,0.8220329243770561,0.94146081862701,0.0,0.0
2018-05-03,7088.14990234375,0.5879703482454606,0.29410292768201163,0.0,0.0
2018-05-04,7209.6201171875,1.1169151292897466,0.04371112555568529,0.0,0.0
2018-05-07,7265.2099609375,1.917305125919408,0.054400327768726935,0.0,0.0
2018-05-08,7266.89990234375,1.4949540099767475,0.03202118691384165,0.0,0.0
2018-05-09,7339.91015625,4.507612666812862,0.025681443982995173,0.0,0.0
2018-05-10,7404.97021484375,4.197801011276408,0.02551174400089097,0.0,0.0
2018-05-11,7402.8798828125,3.3793922947276727,0.025102655753571738,0.0,0.0
2018-05-14,7411.31982421875,4.020220199856418,0.022835249702785623,0.0,0.0
2018-05-15,7351.6298828125,2.966624558283255,0.022771743422731652,0.0,0.0
2018-05-16,7398.2998046875,2.882053358401928,0.02665097412160831,0.0,0.0
2018-05-17,7382.47021484375,2.8054004862045074,0.03255007476076197,0.0,0.0
2018-05-18,7354.33984375,3.328050585891612,0.02956741983042193,0.0,0.0
2018-05-21,7394.0400390625,3.0894100668704025,0.03296573363914117,0.0,0.0
2018-05-22,7378.4599609375,3.7847679029947763,0.024687563539566304,0.0,0.0
2018-05-23,7425.9599609375,4.328074643339579,0.02331404197069506,0.0,0.0
2018-05-24,7424.43017578125,4.004608189990425,0.025736351975686526,0.0,0.0
2018-05-25,7433.85009765625,5.185512046628129,0.022766717633371583,0.0,0.0
2018-05-29,7396.58984375,7.240873720656575,0.4298451751742778,0.0,0.0
2018-05-30,7462.4501953125,8.46751026779925,0.14042652195654914,0.0,0.0
2018-05-31,7442.1201171875,8.32029035089681,0.0954577416225321,0.0,0.0
2018-06-01,7554.330078125,11.781076577721784,0.039442342231683324,0.0,0.0
2018-06-04,7606.4599609375,11.36633356095878,0.025436687898430798,0.0,0.0
2018-06-05,7637.85986328125,15.183678722926105,0.03279909543279193,0.0,0.0
2018-06-06,7689.240234375,14.879424047845221,0.03376518748143195,0.0,0.0
2018-06-07,7635.06982421875,11.999429266827528,0.024796768984801286,0.0,0.0
2018-06-08,7645.509765625,11.355111338197473,0.035137333906810196,0.0,0.0
2018-06-11,7659.93017578125,11.174291772707694,0.030153446025244446,0.0,0.0
2018-06-12,7703.7900390625,13.653841070740176,0.03556048518526767,0.0,0.0
2018-06-13,7695.7001953125,12.180528718265561,0.03756838778442823,0.0,0.0
2018-06-14,7761.0400390625,16.139147331260208,0.043252374101440894,0.0,0.0
2018-06-15,7746.3798828125,12.234434523138775,0.03364991766524138,0.0,0.0
2018-06-18,7747.02978515625,13.951572565395574,0.03280040838592478,0.0,0.0
2018-06-19,7725.58984375,11.595667571286869,0.05236754888654743,0.0,0.0
2018-06-20,7781.509765625,14.283675566058196,0.039276719367981265,0.0,0.0
2018-06-21,7712.9501953125,12.578608971392159,0.05675256828876949,0.0,0.0
2018-06-22,7692.81982421875,10.359057032208323,0.0723164639243394,0.0,0.0
2018-06-25,7532.009765625,7.048937573562145,0.6065712498617322,0.0,0.0
2018-06-26,7561.6298828125,8.289182090108863,0.2959960574865584,0.0,0.0
2018-06-27,7445.080078125,4.0733192944776695,1.7765958156500419,0.0,0.0
2018-06-28,7503.68017578125,3.9720209793797148,0.7297166873028652,0.0,0.0
2018-06-29,7510.2998046875,3.3493647981359014,0.9560167683695738,0.0,0.0
2018-07-02,7567.68994140625,4.941377815437768,0.8649644904988724,0.0,0.0
2018-07-03,7502.669921875,2.3314875268557294,1.2629216705783328,0.0,0.0
2018-07-05,7586.43017578125,4.61506292562812,1.2108635024116292,0.0,0.0
2018-07-06,7688.39013671875,10.397450232729517,0.26532237530846486,0.0,0.0
2018-07-09,7756.2001953125,14.877735312644296,0.07826539555451777,0.0,0.0
2018-07-10,7759.2001953125,15.95901305703601,0.034396153701917176,0.0,0.0
2018-07-11,7716.60986328125,14.488519198359274,0.026670937870707203,0.0,0.0
2018-07-12,7823.919921875,21.476768760904438,0.02051376142383089,0.0,0.0
2018-07-13,7825.97998046875,21.333585920634395,0.0379755594278018,0.0,0.0
2018-07-16,7805.72021484375,24.744301612050773,0.02705641780391876,0.0,0.0
2018-07-17,7855.1201171875,29.144555797010835,0.023821507292256548,0.0,0.0
2018-07-18,7854.43994140625,49.51357668749864,0.025940878719807003,68.52530715178752,0.0
2018-07-19,7825.2998046875,53.17809960502196,0.05639500358170431,64.93205797342287,0.0
2018-07-20,7820.2001953125,56.28074493843661,0.0208910074017281,64.30322883052771,0.0
2018-07-23,7841.8701171875,56.62144155006567,0.0227624446367472,66.9753312205782,0.0
2018-07-24,7840.77001953125,56.64547705174898,0.047866876650946494,66.83967897441363,0.0
2018-07-25,7932.240234375,59.96367924065694,0.02581223472883473,78.118804995832,0.0
2018-07-26,7852.18017578125,52.36128685711003,0.04388299295340869,68.24665708731807,0.0
2018-07-27,7737.419921875,40.01649747380953,0.21983746790694295,54.09565319747638,0.0
2018-07-30,7630.0,32.95418783656596,0.4586948030978506,40.84978034029868,0.0
2018-07-31,7671.7900390625,38.3289462286915,0.34092143330410857,46.00287982553664,0.0
2018-08-01,7707.2900390625,38.44801018563645,0.27900716288415445,50.38035914428901,0.0
2018-08-02,7802.68994140625,48.17271320958984,0.10743435094887917,62.144052088535815,0.0
2018-08-03,7812.009765625,52.81060379018801,0.04510345085996723,63.29327287084527,0.0
2018-08-06,7859.68017578125,58.55910810523137,0.02722857964945481,69.17147666170239,0.0
2018-08-07,7883.66015625,58.35093014797704,0.03149441792673331,72.12843070581616,0.0
2018-08-08,7888.330078125,60.0533777625753,0.05189986330920964,72.70427539392888,0.0
2018-08-09,7891.77978515625,58.45646711262866,0.06076587315231477,73.12965627238104,0.0
2018-08-10,7839.10986328125,57.861601692945975,0.026616372511984187,66.63496630820876,0.0
2018-08-13,7819.7099609375,56.25664581091448,0.14350705491681848,64.24277838438958,0.0
2018-08-14,7870.89013671875,58.32841693642289,0.02602721791589614,70.55376883544685,0.0
2018-08-15,7774.1201171875,46.4947248101036,0.19922401026931902,58.621127731973324,0.0
2018-08-16,7806.52001953125,54.7967873857234,0.04187032607821993,62.61633625139197,0.0
2018-08-17,7816.330078125,57.34872073140076,0.04018500775138518,63.82600747983956,0.0
2018-08-20,7821.009765625,57.33904798021869,0.042746019374707685,64.40305636010643,0.0
2018-08-21,7859.169921875,58.24862786715574,0.0238785468284892,69.10855762164825,0.0
2018-08-22,7889.10009765625,57.476489123697654,0.05288522319818784,72.79922594528333,0.0
2018-08-23,7878.4599609375,51.28068968950597,0.020113058507457027,71.4871983837333,0.0
2018-08-24,7945.97998046875,57.918798203858834,0.01896193938662764,79.81304314710803,0.0
2018-08-27,8017.89990234375,67.5307065955236,0.018902418751670168,88.68143668553334,0.0
2018-08-28,8030.0400390625,63.78654880957512,0.018439049005857404,90.17842816196023,0.0
2018-08-29,8109.68994140625,63.195739704867506,0.021795147177571417,100.0,0.0
2018-08-30,8088.35986328125,30.0102684170016,0.018739524168290236,0.0,0.0
2018-08-31,8109.5400390625,27.802906537711767,0.018472898446113602,0.0,0.0
2018-09-04,8091.25,20.351563965719066,0.019412498496763828,0.0,0.0
2018-09-05,7995.169921875,12.684238813856199,0.023399057498898774,0.0,0.0
2018-09-06,7922.72998046875,6.669782071601145,0.09826460945361534,0.0,0.0
2018-09-07,7902.5400390625,5.820199311271552,0.08972969439615626,0.0,0.0
2018-09-10,7924.16015625,5.873497894014661,0.059142423899469936,0.0,0.0
2018-09-11,7972.47021484375,6.97886572429844,0.047945590374433064,0.0,0.0
2018-09-12,7954.22998046875,6.057299516154262,0.09018343664722223,0.0,0.0
2018-09-13,8013.7099609375,9.724192763493859,0.04819554162878522,0.0,0.0
2018-09-14,8010.0400390625,7.486529617400418,0.049698799371495926,0.0,0.0
2018-09-17,7895.7900390625,3.8707975161233583,0.6408915130536983,0.0,0.0
2018-09-18,7956.10986328125,3.3913186128472184,0.2125755202260112,0.0,0.0
2018-09-19,7950.0400390625,4.245541934289851,0.5577647153491708,0.0,0.0
2018-09-20,8028.22998046875,6.862959273054563,0.07962790275846611,0.0,0.0
2018-09-21,7986.9599609375,6.147572608075969,0.221937207104019,0.0,0.0
2018-09-24,7993.25,7.989960447863467,0.13547573123145726,0.0,0.0
2018-09-25,8007.47021484375,7.910495792597208,0.12254639732501615,0.0,0.0
2018-09-26,7990.3701171875,8.063382397484748,0.1874340044042878,0.0,0.0
2018-09-27,8041.97021484375,8.414466505104544,0.21273272871297172,0.0,0.0
2018-09-28,8046.35009765625,10.762055286002068,0.15376965407872947,0.0,0.0
2018-10-01,8037.2998046875,10.347584029544485,0.21058200934857074,0.0,0.0
2018-10-02,7999.5498046875,9.558661140978932,0.255644575207747,0.0,0.0
2018-10-03,8025.08984375,9.298820160692776,0.1137902689332948,0.0,0.0
2018-10-04,7879.509765625,5.742623673830924,1.0727456933672863,0.0,0.0
2018-10-05,7788.4501953125,3.7824327617787428,1.5648137107904168,0.0,0.0
2018-10-08,7735.9501953125,3.6757686150147,2.9436981090175074,0.0,0.0
2018-10-09,7738.02001953125,2.8023832149102006,3.9967345037294884,0.0,0.0
2018-10-10,7422.0498046875,2.64235770443562,11.305771407464505,0.0,0.0
2018-10-11,7329.06005859375,1.6385209966489125,13.932894315343814,0.0,0.0
2018-10-12,7496.89013671875,1.4087641592335118,6.202709123755244,0.0,0.0
2018-10-15,7430.740234375,0.6156116468957582,6.675586396929182,0.0,0.0
2018-10-16,7645.490234375,1.3588307364040169,2.780380468101647,0.0,0.0
2018-10-17,7642.7001953125,1.096946439798722,2.998248022059235,0.0,0.0
2018-10-18,7485.14013671875,0.4364802491589634,3.969563076144571,0.0,0.0
2018-10-19,7449.02978515625,0.34221396606607285,3.8723973760240074,0.0,0.0
2018-10-22,7468.6298828125,0.43198673618602734,3.4658675492313167,0.0,0.0
2018-10-23,7437.5400390625,0.3590555505668064,4.52223467168732,0.0,0.0
2018-10-24,7108.39990234375,0.17246130869796977,16.05451316827441,0.0,0.0
2018-10-25,7318.33984375,0.08186827095105653,4.979794581991908,0.0,0.0
2018-10-26,7167.2099609375,0.0818426047947846,10.007430859043687,0.0,0.0
2018-10-29,7050.2900390625,0.121787487005066,13.533698459125173,0.0,0.0
2018-10-30,7161.64990234375,0.09078374050031496,6.091011916998233,0.0,0.0
2018-10-31,7305.89990234375,0.1345980442033264,3.871196438225805,0.0,0.0
2018-11-01,7434.06005859375,0.11181807004578874,1.526685923990231,0.0,0.0
2018-11-02,7356.990234375,0.05360910849681581,1.8283210149580909,0.0,0.0
2018-11-05,7328.85009765625,0.09021557542135586,1.1532410985014396,0.0,0.0
2018-11-06,7375.9599609375,0.041645899855143616,0.7867758215962727,0.0,0.0
2018-11-07,7570.75,0.7923113826368615,0.32724595511372634,0.0,0.0
2018-11-08,7530.8798828125,0.36204799746918387,0.1838086837681232,0.0,0.0
2018-11-09,7406.89990234375,0.24855326907611672,0.22323220788663237,0.0,0.0
2018-11-12,7200.8701171875,0.14777761111819407,1.2068163168767114,0.0,0.0
2018-11-13,7200.8701171875,0.05459699718373718,1.369168668948772,0.0,0.0
2018-11-14,7136.39013671875,0.10527224515884426,4.291311894937424,0.0,0.0
2018-11-15,7259.02978515625,0.0444540010454907,0.9126496151438156,0.0,0.0
2018-11-16,7247.8701171875,0.018609683027143022,1.1609607796260584,0.0,0.0
2018-11-19,7028.47998046875,0.13923864266670435,9.830799513924637,0.0,0.0
2018-11-20,6908.81982421875,0.08004403024306005,13.572751583805411,0.0,0.0
2018-11-21,6972.25,0.07168554487675109,6.550459789459564,0.0,0.0
2018-11-23,6938.97998046875,0.18162218770211347,13.461393554094732,0.0,0.0
2018-11-26,7081.85009765625,0.0961299921177389,2.5256974895162956,0.0,0.0
2018-11-27,7082.7001953125,0.1420729920222077,1.9936764925911905,0.0,0.0
2018-11-28,7291.58984375,0.2401209746586499,0.7538363967145176,0.0,0.0
2018-11-29,7273.080078125,0.13110535630421366,0.9111624961555851,0.0,0.0
2018-11-30,7330.5400390625,0.21064345115275554,0.4678632191105525,0.0,0.0
2018-12-03,7441.509765625,0.5087140279862636,0.28596455235801077,0.0,0.0
2018-12-04,7158.43017578125,0.370282056523985,2.159246697136843,0.0,0.0
2018-12-06,7188.259765625,0.31460276109973734,2.450321438725053,0.0,0.0
2018-12-07,6969.25,0.4284046132868709,13.946760803535671,0.0,0.0
2018-12-10,7020.52001953125,0.40333755292595364,7.715605298792774,0.0,0.0
2018-12-11,7031.830078125,0.556140214019641,6.4474668710881975,0.0,0.0
2018-12-12,7098.31005859375,0.2998382239622914,1.5659048230600616,0.0,0.0
2018-12-13,7070.330078125,0.11733175972117536,2.0612081270043037,0.0,0.0
2018-12-14,6910.66015625,0.10871792420786634,7.631995212433989,0.0,0.0
2018-12-17,6753.72998046875,0.04127818723219431,12.531343264354975,0.0,9.443353754208362
2018-12-18,6783.91015625,0.04861557823941484,13.473340698489425,0.0,4.570018370903006
2018-12-19,6636.830078125,0.05258268634455672,32.80717964944547,0.0,28.31973255749778
2018-12-20,6528.41015625,0.050959391849524874,42.26188790445437,0.0,45.82680890318612
2018-12-21,6332.990234375,0.14523963800078363,62.746628812024795,0.0,77.38218574323312
2018-12-24,6192.919921875,0.4783880360989148,70.66532896665815,0.0,100.0
2018-12-26,6554.35986328125,0.540647837790875,13.281813724221754,0.0,0.0
2018-12-27,6579.490234375,0.05187276668007839,10.636371537535483,0.0,0.0
2018-12-28,6584.52001953125,0.17756706774726752,13.299064696458457,0.0,0.0
2018-12-31,6635.27978515625,0.37383085285474016,7.830070043362369,0.0,0.0
2019-01-02,6665.93994140625,0.6280095466945464,6.715737287307615,0.0,0.0
2019-01-03,6463.5,0.24597671277432884,25.634100319773488,0.0,0.0
2019-01-04,6738.85986328125,0.43456506378100995,2.7248080317735295,0.0,0.0
2019-01-07,6823.47021484375,0.26051209898886174,1.4124527652311247,0.0,0.0
2019-01-08,6897.0,0.5284421498518429,0.5646395793739188,0.0,0.0
2019-01-09,6957.080078125,0.44195549421056324,0.24213050427024704,0.0,0.0
2019-01-10,6986.06982421875,0.7317753060006236,0.20966310691721815,0.0,0.0
2019-01-11,6971.47998046875,0.467425882799176,0.300117373237641,0.0,0.0
2019-01-14,6905.919921875,0.19223374759782208,0.33905173289587326,0.0,0.0
2019-01-15,7023.830078125,0.3760198324584466,0.24979382187184654,0.0,0.0
2019-01-16,7034.68994140625,0.34547809086519526,0.18442856318373163,0.0,0.0
2019-01-17,7084.4599609375,0.5569723525880588,0.1300139193104121,0.0,0.0
2019-01-18,7157.22998046875,0.678702881861522,0.0879445660912455,0.0,0.0
2019-01-22,7020.35986328125,0.6077317475500207,0.14068832241884868,0.0,0.0
2019-01-23,7025.77001953125,0.5482260296388983,0.13056291084653474,0.0,0.0
2019-01-24,7073.4599609375,0.6950551838545403,0.09594003892135362,0.0,0.0
2019-01-25,7164.85986328125,0.46655479864502536,0.14970516084361427,0.0,0.0
2019-01-28,7085.68017578125,0.8332749929340351,0.31679799840581835,0.0,0.0
2019-01-29,7028.2900390625,0.669333975476256,0.12678761340761469,0.0,0.0
2019-01-30,7183.080078125,0.4241685289246475,0.0816944349631447,0.0,0.0
2019-01-31,7281.740234375,0.5589429341136503,0.07189774405560691,0.0,0.0
2019-02-01,7263.8701171875,0.7153677778434074,0.07034357459255891,0.0,0.0
2019-02-04,7347.5400390625,1.628923929643664,0.07721004748997894,0.0,0.0
2019-02-05,7402.080078125,2.1123759915791314,0.057936967153811955,0.0,0.0
2019-02-06,7375.27978515625,1.4090323919633516,0.06395113309271673,0.0,0.0
2019-02-07,7288.35009765625,1.0539964916433853,0.19136537675801252,0.0,0.0
2019-02-08,7298.2001953125,1.041663147692346,0.08274709641317846,0.0,0.0
2019-02-11,7307.89990234375,1.125870459992094,0.07375586253341902,0.0,0.0
2019-02-12,7414.6201171875,1.2906476373414864,0.04467097231340261,0.0,0.0
2019-02-13,7420.3798828125,1.3647705544869666,0.05323940559898464,0.0,0.0
2019-02-14,7426.9501953125,1.7881065727308532,0.050135248476043115,0.0,0.0
2019-02-15,7472.41015625,2.9455723500248343,0.06841256213343931,0.0,0.0
2019-02-19,7486.77001953125,4.118708227909121,0.062278768219432054,0.0,0.0
2019-02-20,7489.06982421875,3.466472890890037,0.08571587594489677,0.0,0.0
2019-02-21,7459.7099609375,3.5771209005319577,0.09335503715413229,0.0,0.0
2019-02-22,7527.5400390625,4.948443092586911,0.11663181634171636,0.0,0.0
2019-02-25,7554.4599609375,4.101646935167217,0.06281656451250692,0.0,0.0
2019-02-26,7549.2998046875,5.456582575999804,0.06083833644280813,0.0,0.0
2019-02-27,7554.509765625,5.049471084990427,0.05721666710478699,0.0,0.0
2019-02-28,7532.52978515625,5.442320563841305,0.10711903800062135,0.0,0.0
2019-03-01,7595.35009765625,6.795878979435045,0.1055411300189912,0.0,0.0
2019-03-04,7577.56982421875,5.870776817735498,0.09390830906481396,0.0,0.0
2019-03-05,7576.35986328125,5.32189237371441,0.09985143039408385,0.0,0.0
2019-03-06,7505.919921875,5.109363697992291,0.12772576935467606,0.0,0.0
2019-03-07,7421.4599609375,4.8338604784086945,0.30577607052986633,0.0,0.0
2019-03-08,7408.14013671875,4.720150483575982,0.46736526696697667,0.0,0.0
2019-03-11,7558.06005859375,5.5414463776559675,0.09493599560383605,0.0,0.0
2019-03-12,7591.02978515625,6.178847262458512,0.08990934141821513,0.0,0.0
2019-03-13,7643.41015625,8.71159255627512,0.06295790716687973,0.0,0.0
2019-03-14,7630.91015625,9.978267775904234,0.04965905965642512,0.0,0.0
2019-03-15,7688.52978515625,12.932001902351056,0.04986431504232876,0.0,0.0
2019-03-18,7714.47998046875,15.113720489422068,0.04697877919243694,0.0,0.0
2019-03-19,7723.9501953125,18.086169326320185,0.040444534437511434,0.0,0.0
2019-03-20,7728.97021484375,19.88094913460195,0.045668706799482095,0.0,0.0
2019-03-21,7838.9599609375,50.390938872332946,0.056248608296957534,60.18617845878246,0.0
2019-03-22,7642.669921875,32.4644451120937,0.4070617236006211,36.142812576555606,0.0
2019-03-25,7637.5400390625,32.910865680658354,0.25465250275373497,35.514458483892696,0.0
2019-03-26,7691.52001953125,36.44153927649437,0.1292189872367413,42.12641101558672,0.0
2019-03-27,7643.3798828125,33.053635873034985,0.20046662636978635,36.229774964784426,0.0
2019-03-28,7669.169921875,35.57366164198983,0.28401635552631,39.388770440347876,0.0
2019-03-29,7729.31982421875,39.065931772801335,0.12290977725792823,46.75647038446227,0.0
2019-04-01,7828.91015625,50.02374501456076,0.12268585447373734,58.955188173689365,0.0
2019-04-02,7848.68994140625,56.08055326241279,0.1099703677906831,61.37799380282337,0.0
2019-04-03,7895.5498046875,60.614188411779594,0.07559468508912794,67.11781047127633,0.0
2019-04-04,7891.77978515625,58.38036274047328,0.09158772550782945,66.65602463942308,0.0
2019-04-05,7938.68994140625,64.97959539977307,0.11577165459932702,72.40200164211782,0.0
2019-04-08,7953.8798828125,67.99470548447249,0.1956231354943691,74.26260201035032,0.0
2019-04-09,7909.27978515625,62.87924197084382,0.10478676454534575,68.79958171928588,0.0
2019-04-10,7964.240234375,70.44946520849085,0.12488228899655994,75.53163086415972,0.0
2019-04-11,7947.35986328125,70.36627704915243,0.1253020559408608,73.46397149451862,0.0
2019-04-12,7984.16015625,71.27530445168856,0.20705670673592166,77.97160169647232,0.0
2019-04-15,7976.009765625,71.16040320623075,0.17743195545201382,76.97326869487996,0.0
2019-04-16,8000.22998046875,72.82438356654468,0.19982806432517902,79.93997800940103,0.0
2019-04-17,7996.080078125,69.41612896404969,0.23682857279766142,79.43166072084762,0.0
2019-04-18,7998.06005859375,66.04061940145054,1.0327693634646904,79.67418650094929,4.654423600972829
2019-04-22,8015.27001953125,67.25888437462699,0.8687963179390912,81.78221699304875,3.480967037942734
2019-04-23,8120.81982421875,78.57772665349752,0.41531823819267455,94.71090448539319,0.0
2019-04-24,8102.009765625,78.27027601107362,0.3782033971903891,92.4068796698922,0.0
2019-04-25,8118.68017578125,81.44059407850497,0.3840945126529768,94.44882113930059,0.0
2019-04-26,8146.39990234375,82.68364939653864,0.3455772192214046,97.84418206072391,0.0
2019-04-29,8161.85009765625,81.83110337189306,0.32467560091325753,99.73666066343092,0.0
2019-04-30,8095.39013671875,70.83490197276113,0.28298551675152267,91.59604810371754,0.0
2019-05-01,8049.64013671875,60.078649432307806,0.4700318035270865,85.99217745207619,1.1374498311196024
2019-05-02,8036.77001953125,57.197506833990396,0.5379482512804519,84.4157299768802,2.0149953139643797
2019-05-03,8164.0,72.76003788559865,0.1831610906779745,100.0,0.0
2019-05-06,8123.2900390625,39.65148726798288,0.41964149832313963,0.0,0.0
2019-05-07,7963.759765625,12.373064256190482,5.963536580175936,0.0,6.9931798621989225
2019-05-08,7943.31982421875,10.872471944189591,6.078651038470967,0.0,8.386871775749471
2019-05-09,7910.58984375,8.237638027445609,7.504274459979314,0.0,10.618556701030924
2019-05-10,7916.93994140625,7.7752600596339905,7.266037800771324,0.0,10.185576998307033
2019-05-13,7647.02001953125,2.6690759595087106,19.257622913402695,0.0,28.58999435678127
2019-05-14,7734.490234375,1.724071645629305,16.1471001033805,0.0,22.625861256723173
2019-05-15,7822.14990234375,1.6480033762841557,13.130013000702863,0.0,16.648810346233944
2019-05-16,7898.0498046875,3.7838280636233903,8.6621577353434,0.0,11.473595895598788
2019-05-17,7816.27978515625,1.9161077993022415,13.385961034740266,0.0,17.049062709643913
2019-05-20,7702.3798828125,1.2469758936107462,20.496129378070034,0.0,24.815296951496617
2019-05-21,7785.72021484375,1.6852720847003235,12.959253056854083,0.0,19.132758801506856
2019-05-22,7750.83984375,1.0225044535971688,15.505034582995119,0.0,21.511067533846827
2019-05-23,7628.27978515625,0.3050267655031822,44.82127775986572,0.0,59.73558440607204
2019-05-24,7637.009765625,0.46847349436541885,48.02100988771101,0.0,58.54508166020499
2019-05-28,7607.35009765625,0.25798571264198705,49.73790295454054,0.0,62.58975464483512
2019-05-29,7547.31005859375,0.15800042157078187,61.41381035835843,0.0,70.77738251201473
2019-05-30,7567.72021484375,0.309092012378689,55.32559370825466,0.0,67.99406047066773
2019-05-31,7453.14990234375,0.5357527830984676,72.52623454782913,0.0,83.61795242716668
2019-06-03,7333.02001953125,0.49757572307980347,79.64438538054337,0.0,100.0
2019-06-04,7527.1201171875,0.18401192723464757,19.108963114135573,0.0,0.0
2019-06-05,7575.47998046875,0.5231499438811403,7.861993552632947,0.0,0.0
2019-06-06,7615.5498046875,0.15945278491699533,3.3024880979709383,0.0,0.0
2019-06-07,7742.10009765625,0.4135222492317809,0.9289666940767434,0.0,0.0
2019-06-10,7823.169921875,0.6895609230916144,0.3658331730029456,0.0,0.0
2019-06-11,7822.56982421875,0.48692779191293606,0.16757918068156072,0.0,0.0
2019-06-12,7792.72021484375,0.33429414836345456,0.08145030509522022,0.0,0.0
2019-06-13,7837.1298828125,0.44958397965684505,0.21161032625417947,0.0,0.0
2019-06-14,7796.66015625,0.5329041943708022,0.2142930864466202,0.0,0.0
2019-06-17,7845.02001953125,0.5448527421182776,0.053406049944209805,0.0,0.0
2019-06-18,7953.8798828125,1.1433623136058624,0.03340890309561072,0.0,0.0
2019-06-19,7987.31982421875,1.3198159373343499,0.026248548405525395,0.0,0.0
2019-06-20,8051.33984375,3.7586516680984303,0.0296182281945799,0.0,0.0
2019-06-21,8031.7099609375,4.517018981180775,0.03220346583330716,0.0,0.0
2019-06-24,8005.7001953125,2.118447251332525,0.02962180736552349,0.0,0.0
2019-06-25,7884.72021484375,0.9225364541044766,0.07999181295385945,0.0,0.0
2019-06-26,7909.97021484375,1.4176172056141898,0.06564465241378123,0.0,0.0
2019-06-27,7967.759765625,1.6238392353451985,0.03920543217128833,0.0,0.0
2019-06-28,8006.240234375,2.4067242642351663,0.06769993778407954,0.0,0.0
2019-07-01,8091.16015625,3.966708924984007,0.033126672754887544,0.0,0.0
2019-07-02,8109.08984375,5.948450797420925,0.04222134820339072,0.0,0.0
2019-07-03,8170.22998046875,9.724524848986784,0.04421197365649069,0.0,0.0
2019-07-08,8098.3798828125,5.85183413096206,0.05048223318419105,0.0,0.0
2019-07-09,8141.72998046875,6.56171431991865,0.049845568400181395,0.0,0.0
2019-07-10,8202.5302734375,10.721835301886975,0.04433965947528709,0.0,0.0
2019-07-11,8196.0400390625,10.382171041695624,0.036573377094378655,0.0,0.0
2019-07-12,8244.1396484375,11.967848128663348,0.03783409111694609,0.0,0.0
2019-07-15,8258.1904296875,14.348631814752785,0.028087150922657993,0.0,0.0
2019-07-16,8222.7998046875,10.52115741881446,0.04862944316478772,0.0,0.0
2019-07-17,8185.2099609375,9.430375796180828,0.081075996299997,0.0,0.0
2019-07-18,8207.240234375,9.39003057891747,0.07482534505236801,0.0,0.0
2019-07-19,8146.490234375,8.88259956522061,0.11170243233695883,0.0,0.0
2019-07-22,8204.1396484375,10.287182050873865,0.12411031845597782,0.0,0.0
2019-07-23,8251.400390625,11.684714943283417,0.11701555670927472,0.0,0.0
2019-07-24,8321.5,14.915219947249428,0.10896578676643032,0.0,0.0
2019-07-25,8238.5400390625,11.599764130352996,0.09343560920928407,0.0,0.0
2019-07-26,8330.2099609375,18.377935582502026,0.1022589296375346,0.0,0.0
2019-07-29,8293.330078125,14.865216494620377,0.09521866818401635,0.0,0.0
2019-07-30,8273.6103515625,14.873401116004926,0.14135865303846146,0.0,0.0
2019-07-31,8175.419921875,8.715445042669849,0.6047011935300395,0.0,0.0
2019-08-01,8111.1201171875,4.997905321284655,1.092162113370718,0.0,0.0
2019-08-02,8004.06982421875,3.479775492956839,2.9204447618612948,0.0,0.0
2019-08-05,7726.0400390625,3.062710688547099,15.063872602064793,0.0,0.0
2019-08-06,7833.27001953125,1.925532077832467,10.810758104105718,0.0,0.0
2019-08-07,7862.830078125,1.3683785127054364,12.4388526474513,0.0,0.0
2019-08-08,8039.16015625,1.9932225054230033,5.389786083561996,0.0,0.0
2019-08-09,7959.14013671875,0.6787907263099925,5.778135227498396,0.0,0.0
2019-08-12,7863.41015625,0.8945381477745117,13.164806449003258,0.0,0.0
2019-08-13,8016.35986328125,1.1626115624138407,4.736847178564638,0.0,0.0
2019-08-14,7773.93994140625,0.5364869751095548,16.735422030217393,0.0,0.0
2019-08-15,7766.6201171875,0.3222787515554878,25.85944307772097,0.0,0.0
2019-08-16,7895.990234375,0.6236905101295164,7.121813135678779,0.0,0.0
2019-08-19,8002.81005859375,1.7448864391768533,1.7460291233064333,0.0,0.0
2019-08-20,7948.56005859375,0.5273631719903694,2.104759019012814,0.0,0.0
2019-08-21,8020.2099609375,1.7466618048767302,1.2310906305662745,0.0,0.0
2019-08-22,7991.39013671875,0.8333651874507123,0.7943585507079615,0.0,0.0
2019-08-23,7751.77001953125,0.4867790461450442,16.259937652543304,0.0,0.0
2019-08-26,7853.740234375,0.4486147134592027,5.046362116223243,0.0,0.0
2019-08-27,7826.9501953125,0.3223666196813179,7.1987237800250075,0.0,0.0
2019-08-28,7856.8798828125,0.4691181518279533,3.5410574245630184,0.0,0.0
2019-08-29,7973.39013671875,0.9832874213065143,0.9788057501017888,0.0,0.0
2019-08-30,7962.8798828125,1.5862573926883714,0.4708682222155519,0.0,0.0
2019-09-03,7874.16015625,1.57259993197223,0.8366237893580573,0.0,0.0
2019-09-04,7976.8798828125,1.557061311717903,0.1336866999387961,0.0,0.0
2019-09-05,8116.830078125,2.6577264675255763,0.047654971456168,0.0,0.0
2019-09-06,8103.06982421875,2.778324684137406,0.033742600385270986,0.0,0.0
2019-09-09,8087.43994140625,2.8452358454182596,0.03582778464228761,0.0,0.0
2019-09-10,8084.16015625,3.1405122832877757,0.05858182267738275,0.0,0.0
2019-09-11,8169.68017578125,5.546214503878508,0.04686714496295983,0.0,0.0
2019-09-12,8194.4697265625,7.073832639389823,0.037516146158290894,0.0,0.0
2019-09-13,8176.7099609375,6.3605150349250845,0.0777753842576437,0.0,0.0
2019-09-16,8153.5400390625,3.860596001513471,0.049601859520409276,0.0,0.0
2019-09-17,8186.02001953125,6.23242500719693,0.04025485444642662,0.0,0.0
2019-09-18,8177.39013671875,5.092368178828148,0.13302669060927982,0.0,0.0
2019-09-19,8182.8798828125,5.769166506654028,0.05282136971709216,0.0,0.0
2019-09-20,8117.669921875,4.973964040707933,0.10750453568982976,0.0,0.0
2019-09-23,8112.4599609375,6.999725279413746,0.15152135733980363,0.0,0.0
2019-09-24,7993.6298828125,2.0150209344823953,0.3491378846043905,0.0,0.0
2019-09-25,8077.3798828125,3.114124864411,0.11213005295531032,0.0,0.0
2019-09-26,8030.66015625,1.457562534515503,0.2632459553499607,0.0,0.0
2019-09-27,7939.6298828125,1.3425100003524675,1.1242455495781962,0.0,0.0
2019-09-30,7999.33984375,1.396967984540937,0.6039049677491521,0.0,0.0
2019-10-01,7908.68017578125,1.2221247322031676,2.3671184930476237,0.0,0.0
2019-10-02,7785.25,0.8191086091853299,7.94596250185898,0.0,0.0
2019-10-03,7872.259765625,0.7987126493504393,6.799882274772429,0.0,0.0
2019-10-04,7982.47021484375,0.7281988975638195,0.8819585301684374,0.0,0.0
2019-10-07,7956.2900390625,0.5295115457112879,1.4386245474857382,0.0,0.0
2019-10-08,7823.77978515625,0.33769244962174816,6.129298253316129,0.0,0.0
2019-10-09,7903.740234375,0.7751580744663615,2.3985115647552213,0.0,0.0
2019-10-10,7950.77978515625,0.542366342271211,0.8924460990473425,0.0,0.0
2019-10-11,8057.0400390625,2.2406947385131675,0.17792102893014183,0.0,0.0
2019-10-14,8048.64990234375,2.3963459635936033,0.12936810754525113,0.0,0.0
2019-10-15,8148.7099609375,5.056406241887973,0.20932564216023258,0.0,0.0
2019-10-16,8124.18017578125,3.5939029597909338,0.1602185440123532,0.0,0.0
2019-10-17,8156.85009765625,4.092034476597773,0.16650507966166955,0.0,0.0
2019-10-18,8089.5400390625,1.97397988198853,0.17344977156686497,0.0,0.0
2019-10-21,8162.990234375,2.6333210180531386,0.18531128180655207,0.0,0.0
2019-10-22,8104.2998046875,1.3511854586901595,0.11438380297586474,0.0,0.0
2019-10-23,8119.7900390625,1.5624462330376145,0.021515345139022386,0.0,0.0
2019-10-24,8185.7998046875,3.695643855932952,0.021027674547226795,0.0,0.0
2019-10-25,8243.1201171875,7.5153752697904155,0.02234074799027141,0.0,0.0
2019-10-28,8325.990234375,8.059023907579862,0.020921713971097843,0.0,0.0
2019-10-29,8276.849609375,6.443340013027189,0.019984577073031837,0.0,0.0
2019-10-30,8303.98046875,7.473179594697239,0.022703074982048273,0.0,0.0
2019-10-31,8292.3603515625,6.340377478890216,0.022558229700002964,0.0,0.0
2019-11-01,8386.400390625,9.417686314660541,0.020431682800201814,0.0,0.0
2019-11-04,8433.2001953125,8.766464995244135,0.019418063419761225,0.0,0.0
2019-11-05,8434.6796875,10.043521663542377,0.02012906940792378,0.0,0.0
2019-11-06,8410.6298828125,8.039454107260196,0.032071182335745914,0.0,0.0
2019-11-07,8434.51953125,9.652958292804213,0.02565532182214561,0.0,0.0
2019-11-08,8475.3095703125,9.52898628163831,0.027889300598217186,0.0,0.0
2019-11-11,8464.2802734375,7.1649868678761,0.022973421064194463,0.0,0.0
2019-11-12,8486.08984375,6.5083173339012115,0.02662862917196636,0.0,0.0
2019-11-13,8482.099609375,7.161072229212381,0.022315300570634942,0.0,0.0
2019-11-14,8479.01953125,7.055775874529236,0.028587858466198792,0.0,0.0
2019-11-15,8540.830078125,6.381825432743676,0.027003535385272646,0.0,0.0
2019-11-18,8549.9404296875,5.766137942144494,0.09444475598071159,0.0,0.0
2019-11-19,8570.66015625,7.017300816009921,0.09293592505728643,0.0,0.0
2019-11-20,8526.73046875,7.210203447316075,0.10465776400555264,0.0,0.0
2019-11-21,8506.2099609375,6.045246122178722,0.03451144311084609,0.0,0.0
2019-11-22,8519.8798828125,6.9380070738000645,0.048568028128974663,0.0,0.0
2019-11-25,8632.490234375,8.209803718808558,0.02669806354025636,0.0,0.0
2019-11-26,8647.9296875,8.079586554265479,0.030595793709292916,0.0,0.0
2019-11-27,8705.1796875,11.78108601240013,0.026398836545297438,0.0,0.0
2019-11-29,8665.4697265625,11.734001758054898,0.024291287705177116,0.0,0.0
2019-12-02,8567.990234375,6.928500436424433,0.11590097070221998,0.0,0.0
2019-12-03,8520.6396484375,5.993167123555545,0.35971545636020186,0.0,0.0
2019-12-04,8566.669921875,4.839985824483367,0.05822089150988745,0.0,0.0
2019-12-05,8570.7001953125,4.2514065866232915,0.03034842230687261,0.0,0.0
2019-12-06,8656.5302734375,4.986394443917278,0.02150389053701206,0.0,0.0
2019-12-09,8621.830078125,4.153437535754592,0.11914645591636439,0.0,0.0
2019-12-10,8616.1796875,4.536192710530726,0.06053975821261773,0.0,0.0
2019-12-11,8654.0498046875,4.950097202961584,0.05025200376179723,0.0,0.0
2019-12-12,8717.3203125,6.037046911428585,0.02216892160184244,0.0,0.0
2019-12-13,8734.8798828125,5.308137610983382,0.019676824035179074,0.0,0.0
2019-12-16,8814.23046875,7.393612133467348,0.026970416195043864,0.0,0.0
2019-12-17,8823.3603515625,6.797284418376998,0.0217708361791573,0.0,0.0
2019-12-18,8827.740234375,6.651563486160255,0.023319616957783756,0.0,0.0
2019-12-19,8887.2197265625,9.887128602371712,0.031259258644739565,0.0,0.0
2019-12-20,8924.9599609375,10.206424824908447,0.0486271087262618,0.0,0.0
2019-12-23,8945.650390625,10.79689805026444,0.02962874210258643,0.0,0.0
2019-12-24,8952.8798828125,11.022961526115624,0.049830380829173807,0.0,0.0
2019-12-26,9022.3896484375,12.833845706128935,0.06907137909728056,0.0,0.0
2019-12-27,9006.6201171875,12.411541556160502,0.05578697866194793,0.0,0.0
2019-12-30,8945.990234375,10.217469560005261,0.14185292638256417,0.0,0.0
2019-12-31,8972.599609375,11.092203524563752,0.06649181808301793,0.0,0.0
2020-01-02,9092.1904296875,17.335257019106407,0.04420668546519993,0.0,0.0
2020-01-03,9020.76953125,18.55566147508584,0.05747268903929545,0.0,0.0
2020-01-06,9071.4697265625,26.68469011090039,0.03859091535663445,24.04030641437722,0.0
2020-01-07,9068.580078125,29.435703410621525,0.07917745481013347,23.745960326245697,0.0
2020-01-08,9129.240234375,34.113881142844015,0.031674830654488555,29.924940255403676,0.0
2020-01-09,9203.4296875,39.21294692281061,0.03323381429554152,37.48204478914913,0.0
2020-01-10,9178.8603515625,37.25952163911995,0.06446658292345468,34.97935697863838,0.0
2020-01-13,9273.9296875,43.861281095086206,0.033668353541775164,44.663333330680665,0.0
2020-01-14,9251.330078125,44.06172019709589,0.054628412338743146,42.361286297378875,0.0
2020-01-15,9258.7001953125,45.004620863072034,0.06576771139481341,43.11202300813546,0.0
2020-01-16,9357.1298828125,47.61436417645748,0.06903125863207359,53.13829232714653,0.0
2020-01-17,9388.9404296875,48.202332001815975,0.16790110060317434,56.37858616790241,0.0
2020-01-21,9370.8095703125,46.88739773853403,0.061246579030214854,54.531736058997346,0.0
2020-01-22,9383.76953125,47.540511182986464,0.07325797042078377,55.851866824659254,0.0
2020-01-23,9402.48046875,47.38957215432308,0.08687220252500097,57.757804995865826,0.0
2020-01-24,9314.91015625,38.728590691836985,0.1566705672136894,48.83769603509154,0.0
2020-01-27,9139.3095703125,27.37716308934999,2.607712183580074,30.950625458081692,0.0
2020-01-28,9269.6796875,38.29321500571077,0.4029657930812872,44.230418773212456,0.0
2020-01-29,9275.16015625,39.19999491074884,0.5333977077777896,44.78867164465355,0.0
2020-01-30,9298.9296875,39.43648031932479,0.38271370798996374,47.20988955108193,0.0
2020-01-31,9150.9404296875,25.592820063660604,2.605441780645388,32.13537094968244,0.0
2020-02-03,9273.400390625,34.54345816070975,0.9151431537171965,44.60941796070187,0.0
2020-02-04,9467.9697265625,55.40756713884192,0.34554509212994466,64.42868806994116,0.0
2020-02-05,9508.6796875,59.44700415711393,0.13304229986714367,68.57549624024848,0.0
2020-02-06,9572.150390625,64.1677315610143,0.1424155968158675,75.0407647944969,0.0
2020-02-07,9520.509765625,57.49833960459473,0.3090005022184556,69.78053460173055,0.0
2020-02-10,9628.3896484375,74.10314071045545,0.1615359391142259,80.76942206702377,0.0
2020-02-11,9638.9404296875,74.45411969970222,0.1784399347572035,81.84414837191498,0.0
2020-02-12,9725.9599609375,81.44315134637779,0.1202611564621509,90.70815351595856,0.0
2020-02-13,9711.9697265625,78.88659310257488,0.10512868333637045,89.28307678105745,0.0
2020-02-14,9731.1796875,80.01327614848128,0.12204238320563572,91.23984660181968,0.0
2020-02-18,9732.740234375,74.47669919398571,0.14527096205876547,91.39880741589003,0.0
2020-02-19,9817.1796875,77.0662924308069,0.197727004754515,100.0,0.0
2020-02-20,9750.9697265625,46.69477530793702,0.41986506636676063,0.0,0.0
2020-02-21,9576.58984375,19.487437617221868,1.2555867473162212,0.0,0.0
2020-02-24,9221.2802734375,7.792219638287812,7.982773404406544,0.0,0.0
2020-02-25,8965.6103515625,5.326658046689956,11.399419194505427,0.0,0.0
2020-02-26,8980.7802734375,3.9155374608605253,12.434569046649129,0.0,0.0
2020-02-27,8566.48046875,3.2380406981349745,29.474369397863413,0.0,0.0
2020-02-28,8567.3701171875,2.259522365902145,32.62262158061673,0.0,0.0
2020-03-02,8952.169921875,1.3392411779119984,13.954457269927184,0.0,0.0
2020-03-03,8684.08984375,0.6122229983213353,25.198323739838035,0.0,0.0
2020-03-04,9018.08984375,1.0423241957518554,12.191957768886775,0.0,0.0
2020-03-05,8738.58984375,0.9359476534739737,22.054406328002912,0.0,0.0
2020-03-06,8575.6201171875,0.5506543232930337,36.750216675724275,0.0,0.0
2020-03-09,7950.68017578125,0.5745982351779464,51.88411957208394,0.0,0.0
2020-03-10,8344.25,0.3340097864844198,37.091954574440045,0.0,0.0
2020-03-11,7952.0498046875,0.22504096011207275,52.56020338191561,0.0,0.0
2020-03-12,7201.7998046875,0.49382837071843,60.40861365851182,0.0,50.27746755097201
2020-03-13,7874.8798828125,0.4108851735317587,33.65848568582386,0.0,0.0
2020-03-16,6904.58984375,0.49221965229093767,71.18152803271288,0.0,93.59830419257412
2020-03-17,7334.77978515625,0.28623850301635584,53.10936485534008,0.0,30.894523613566115
2020-03-18,6989.83984375,0.3234813827951859,70.391525648252,0.0,81.17240395677013
2020-03-19,7150.580078125,0.6870464291749665,58.60518782183831,0.0,57.74317092189032
2020-03-20,6879.52001953125,0.550255645230571,76.94339430522308,0.0,97.25244066965718
2020-03-23,6860.669921875,0.5575493957230859,68.78249001180598,0.0,100.0
2020-03-24,7417.85986328125,0.5572808687322284,30.274973983668033,0.0,0.0
2020-03-25,7384.2998046875,0.39020614638349704,24.348884961618143,0.0,0.0
2020-03-26,7797.5400390625,0.6114268347095274,7.693134076142398,0.0,0.0
2020-03-27,7502.3798828125,0.30539600507369263,16.582973485091756,0.0,0.0
2020-03-30,7774.14990234375,0.2690795601034694,5.338968204767368,0.0,0.0
2020-03-31,7700.10009765625,0.34146892400454254,6.215311086265204,0.0,0.0
2020-04-01,7360.580078125,0.24558572589772373,14.630107485574328,0.0,0.0
2020-04-02,7487.31005859375,0.3410832227266684,12.605737243409193,0.0,0.0
2020-04-03,7373.080078125,0.5200349774138133,8.4300800640017,0.0,0.0
2020-04-06,7913.240234375,0.5440814329911688,2.746851613468177,0.0,0.0
2020-04-07,7887.259765625,0.3284589132760213,4.686706808038059,0.0,0.0
2020-04-08,8090.89990234375,0.42065201456860335,1.9098664683448676,0.0,0.0
2020-04-09,8153.580078125,0.6666959738693697,1.1079778789201022,0.0,0.0
2020-04-13,8192.419921875,0.5563416213017075,0.9999636247175249,0.0,0.0
2020-04-14,8515.740234375,0.8087817858970995,0.8170478608364122,0.0,0.0
2020-04-15,8393.1796875,0.5712410123161887,0.590765337551022,0.0,0.0
2020-04-16,8532.3603515625,0.6921196937259715,0.5717700078868986,0.0,0.0
2020-04-17,8650.1396484375,0.9042391941036957,0.46222520426267866,0.0,0.0
2020-04-20,8560.73046875,0.8710539048014944,1.188110223357817,0.0,0.0
2020-04-21,8263.23046875,0.7504056200696066,2.169731493271581,0.0,0.0
2020-04-22,8495.3798828125,0.6280173185040531,0.4591537406682174,0.0,0.0
2020-04-23,8494.75,0.6373837184988626,0.5439537435141892,0.0,0.0
2020-04-24,8634.51953125,1.0875879723386461,1.570911640120677,0.0,0.0
2020-04-27,8730.16015625,0.7076013898005906,0.9077433826436938,0.0,0.0
2020-04-28,8607.73046875,0.7658296056304612,1.2668591321827583,0.0,0.0
2020-04-29,8914.7099609375,1.2019926431140537,0.14663267378190026,0.0,0.0
2020-04-30,8889.5498046875,0.9307314172689651,0.18397528044692948,0.0,0.0
2020-05-01,8604.9501953125,0.688713399512775,0.7569050444986846,0.0,0.0
2020-05-04,8710.7099609375,0.551187537010475,0.7538113755906765,0.0,0.0
2020-05-05,8809.1201171875,0.9633872889261691,0.45149893579893546,0.0,0.0
2020-05-06,8854.3896484375,0.933141120450709,0.4386279658247182,0.0,0.0
2020-05-07,8979.66015625,1.3213533407072524,0.31869481989216913,0.0,0.0
2020-05-08,9121.3203125,2.863926643955826,0.601044674311232,0.0,0.0
2020-05-11,9192.33984375,2.353882135095875,0.4030225790331535,0.0,0.0
2020-05-12,9002.5498046875,1.407844955884736,0.4209787303184275,0.0,0.0
2020-05-13,8863.169921875,1.609817705411484,1.356205528014058,0.0,0.0
2020-05-14,8943.7197265625,1.616367573411977,0.8170951987045973,0.0,0.0
2020-05-15,9014.5595703125,1.618498065953548,0.8381351922146888,0.0,0.0
2020-05-18,9234.830078125,2.2397799139092567,0.5750300027928738,0.0,0.0
2020-05-19,9185.099609375,1.9280996215195767,0.2803508718762808,0.0,0.0
2020-05-20,9375.7802734375,3.4403387471557405,0.26397027007286156,0.0,0.0
2020-05-21,9284.8798828125,2.0702151466154244,0.33915916311159416,0.0,0.0
2020-05-22,9324.58984375,2.6003973628994532,0.34223982339861875,0.0,0.0
2020-05-26,9340.2197265625,1.5209887041174481,0.1998300830580281,0.0,0.0
2020-05-27,9412.3603515625,1.7490202180725536,0.19549287572564408,0.0,0.0
2020-05-28,9368.990234375,2.079179086694837,0.2922202200983254,0.0,0.0
2020-05-29,9489.8701171875,2.6453601585295594,0.25885771472011215,0.0,0.0
2020-06-01,9552.0498046875,4.798568989043056,0.4887109430397552,0.0,0.0
2020-06-02,9608.3798828125,4.880566398891161,0.4382277270674517,0.0,0.0
2020-06-03,9682.91015625,6.154733353679604,0.4096687800728184,0.0,0.0
2020-06-04,9615.8095703125,4.8373477782962215,0.3154900668637476,0.0,0.0
2020-06-05,9814.080078125,6.228586402839841,0.30270853006181225,0.0,0.0
2020-06-08,9924.75,8.874270279638157,0.42795101321005596,0.0,0.0
2020-06-09,9953.75,8.924154157784274,0.5348673976048819,0.0,0.0
2020-06-10,10020.349609375,12.83641012026881,0.8320710191048579,0.0,0.0
2020-06-12,9588.8095703125,6.26642595965461,2.9682974679659235,0.0,0.0
2020-06-15,9726.01953125,5.844916275399113,2.6364913791937066,0.0,0.0
2020-06-16,9895.8701171875,6.361164711413703,1.671877086275188,0.0,0.0
2020-06-17,9910.5302734375,6.061334692485145,1.5958888054780456,0.0,0.0
2020-06-18,9943.0498046875,6.796916002366133,0.7887355300547817,0.0,0.0
2020-06-19,9946.1201171875,6.463981372540018,0.9990815745821205,0.0,0.0
2020-06-22,10056.48046875,7.4914018778183795,0.7885483002451582,0.0,0.0
2020-06-23,10131.3701171875,8.03448722652851,0.7328592770375838,0.0,0.0
2020-06-24,9909.169921875,5.1772446461369706,1.7407935395855396,0.0,0.0
2020-06-25,10017.0,4.740230460080181,0.8348029765248524,0.0,0.0
2020-06-26,9757.2197265625,4.651047187708854,2.4730780717224703,0.0,0.0
2020-06-29,9874.150390625,4.473263856230821,1.862175497388411,0.0,0.0
2020-06-30,10058.76953125,5.7577369440822075,1.3804025773084974,0.0,0.0
2020-07-01,10154.6298828125,7.659628557878033,0.6240762404664141,0.0,0.0
2020-07-02,10207.6298828125,8.228818557354757,0.7182751314897,0.0,0.0
2020-07-06,10433.650390625,10.352081609641353,0.6042328774759957,0.0,0.0
2020-07-07,10343.8896484375,7.018558760138215,0.7726298950257313,0.0,0.0
2020-07-08,10492.5,9.148445741487334,0.7955725056721452,0.0,0.0
2020-07-09,10547.75,11.389388242125735,0.7722211507819602,0.0,0.0
2020-07-10,10617.4404296875,14.477223961443892,1.3036059497964028,0.0,0.0
2020-07-13,10390.83984375,6.535783031977809,1.6532072450165725,0.0,0.0
2020-07-14,10488.580078125,6.563084979021551,1.7792737521899136,0.0,0.0
2020-07-15,10550.490234375,4.985969399668812,1.0126711513325917,0.0,0.0
2020-07-16,10473.830078125,4.6991591172411225,1.038942366413499,0.0,0.0
2020-07-17,10503.1904296875,5.444161503109608,1.7327510110332753,0.0,0.0
2020-07-20,10767.08984375,9.739017937653454,1.1831254226471264,0.0,0.0
2020-07-21,10680.3603515625,7.083732603996222,1.5204609254601256,0.0,0.0
2020-07-22,10706.1298828125,7.580375918922437,1.094990292998367,0.0,0.0
2020-07-23,10461.419921875,4.369821599877907,2.004031396618182,0.0,0.0
2020-07-24,10363.1796875,4.572979194406917,4.455283386797158,0.0,0.0
2020-07-27,10536.26953125,5.28060917075177,2.1475364056998685,0.0,0.0
2020-07-28,10402.08984375,3.6718800926655333,2.778686827282514,0.0,0.0
2020-07-29,10542.9404296875,4.772568821466051,2.99295393083829,0.0,0.0
2020-07-30,10587.8095703125,6.43750558849412,2.41613933864934,0.0,0.0
2020-07-31,10745.26953125,10.632082173698013,2.736927224252589,0.0,0.0
2020-08-03,10902.7998046875,10.398601273040844,2.9979955530194573,4.31333097625547,0.0
2020-08-04,10941.169921875,13.774706540702107,3.2069992941233196,7.495872076281829,0.0
2020-08-05,10998.400390625,17.606450361076288,4.605540195645208,12.242751479349856,0.0
2020-08-06,11108.0703125,20.146227720592137,4.348740198967016,21.33912801889226,0.0
2020-08-07,11010.98046875,17.015110572077297,7.093339308024567,13.286183676304365,0.0
2020-08-10,10968.3603515625,13.866485049352617,8.44635314384545,9.751133888097119,0.0
2020-08-11,10782.8203125,8.267132778502468,19.78112565541597,0.0,42.95447118720095
2020-08-12,11012.240234375,15.864976648680875,22.082978234275636,13.390672694630034,32.16635247280033
2020-08-13,11042.5,18.752959325838535,22.11969833332082,15.900515114660507,30.743433568615952
2020-08-14,11019.2998046875,18.959656289824004,23.059315971868045,13.976216193448854,31.83438704459569
2020-08-17,11129.73046875,28.124486428788742,21.879129170319555,23.135691140181734,26.64155503646063
2020-08-18,11210.83984375,32.69351423011828,19.96192187318906,29.86316393557482,22.827511516614983
2020-08-19,11146.4599609375,26.640214148076765,20.900820217440867,24.523289103698865,25.854876415548528
2020-08-20,11264.9501953125,35.60707367762478,18.317136875954407,34.35125076999902,20.283055518359262
2020-08-21,11311.7998046875,43.37200199577163,15.898513667094786,38.23710826236788,18.080024746096274
2020-08-24,11379.7197265625,46.42551129976109,13.712292541102393,43.87060533566287,14.886194958901305
2020-08-25,11466.4697265625,55.05308887163061,11.355913389536061,51.065929735590146,10.806909730201053
2020-08-26,11665.0595703125,66.78205977743546,7.799151367543366,67.5376109841448,1.468527987500573
2020-08-27,11625.33984375,63.91411150807707,6.657488911392611,64.24312893580365,3.3362869944679465
2020-08-28,11695.6298828125,70.43242005137262,6.4034841404077625,70.07321116218112,0.031006094497687542
2020-08-31,11775.4599609375,72.90255084352432,7.115275594070938,76.6945749544683,0.0
2020-09-01,11939.669921875,74.74011928864974,7.397494412338981,90.31467799360024,0.0
2020-09-02,12056.4404296875,72.98918294513486,9.320556591421953,100.0,0.0
2020-09-03,11458.099609375,13.887175426327982,16.014625780616523,0.0,11.200501608073788
2020-09-04,11313.1298828125,9.669341500099584,18.417349256063282,0.0,18.017479869458462
2020-09-08,10847.6904296875,5.843697156653521,31.003030550148427,0.0,39.90405377132748
2020-09-09,11141.5595703125,6.563392996223196,24.88793189127086,0.0,26.085309742250818
2020-09-10,10919.58984375,4.017888798051618,32.00030096751631,0.0,36.52309448905244
2020-09-11,10853.5498046875,3.468883890277057,33.2746969877303,0.0,39.62852568041203
2020-09-14,11056.650390625,3.467096270042947,28.261201134164942,0.0,30.078033229055134
2020-09-15,11190.3203125,4.390691510486457,23.621793396381204,0.0,23.792410891000905
2020-09-16,11050.4697265625,1.7896284588315,28.61559335683001,0.0,30.368669443622455
2020-09-17,10910.2802734375,1.6072718315772694,31.86263862883046,0.0,36.96086270416861
2020-09-18,10793.2802734375,1.3026850844764035,34.948871471293046,0.0,42.46260762356838
2020-09-21,10778.7998046875,0.9466298827664129,35.26709580126268,0.0,43.143529378917435
2020-09-22,10963.6396484375,1.194933974974537,26.169698312124005,0.0,34.45172022289855
2020-09-23,10632.990234375,0.7414601161751412,40.483865490389775,0.0,50.0
2020-09-24,10672.26953125,0.7182219006421794,25.46861891070416,0.0,0.0
2020-09-25,10913.5595703125,1.4864743685472173,9.868466720537837,0.0,0.0
2020-09-28,11117.5302734375,1.7854700367949436,5.1024123670531205,0.0,0.0
2020-09-29,11085.25,1.6749013490649787,6.227318099592567,0.0,0.0
2020-09-30,11167.509765625,1.9175463401735682,5.186482615917251,0.0,0.0
2020-10-01,11326.509765625,3.2288734598581934,4.9367835620965455,0.0,0.0
2020-10-02,11075.01953125,1.8657217843357976,4.659879173543261,0.0,0.0
2020-10-05,11332.490234375,2.758245516409055,2.0219985632260387,0.0,0.0
2020-10-06,11154.599609375,2.0367579522423718,2.7735618928877237,0.0,0.0
2020-10-07,11364.599609375,2.893782346479673,1.7536197114376,0.0,0.0
2020-10-08,11420.98046875,3.658553865226045,1.632084328029564,0.0,0.0
2020-10-09,11579.9404296875,5.763941536487896,1.2092004004594037,0.0,0.0
2020-10-12,11876.259765625,9.236309269946798,0.7490287997066922,0.0,0.0
2020-10-13,11863.900390625,8.923398287236026,0.8942670887465476,0.0,0.0
2020-10-14,11768.73046875,7.142654481515372,1.031571560840297,0.0,0.0
2020-10-15,11713.8701171875,6.258282536361972,1.1753578286117008,0.0,0.0
2020-10-16,11671.5595703125,5.261809088917322,1.0858826601872265,0.0,0.0
2020-10-19,11478.8798828125,3.7052136944478637,2.12371868809148,0.0,0.0
2020-10-20,11516.490234375,3.212610576255487,1.8104811509640022,0.0,0.0
2020-10-21,11484.6904296875,3.5506053337173227,1.7367164688651147,0.0,0.0
2020-10-22,11506.009765625,3.339676894592012,1.2932356380235732,0.0,0.0
2020-10-23,11548.2802734375,3.008821649825999,1.2800964807184048,0.0,0.0
2020-10-26,11358.9404296875,2.6110754444695767,4.450555921593726,0.0,0.0
2020-10-27,11431.349609375,2.829532181461706,3.642372753976024,0.0,0.0
2020-10-28,11004.8701171875,2.5823603338403185,11.415860246342039,0.0,0.0
2020-10-29,11185.58984375,1.8695497870347353,7.548885031351619,0.0,0.0
2020-10-30,10911.58984375,2.050500698498678,14.061481988934455,0.0,0.0
2020-11-02,10957.6103515625,1.3202894068605535,14.230694946969985,0.0,0.0
2020-11-03,11160.5703125,1.4310863486961896,7.475280476846816,0.0,0.0
2020-11-04,11590.7802734375,2.053272611802966,2.455354798124184,0.0,0.0
2020-11-05,11890.9296875,6.498821442318769,1.2483199664599873,0.0,0.0
2020-11-06,11895.23046875,6.423924793470155,0.7928492686786683,0.0,0.0
2020-11-09,11713.7802734375,4.084443944572375,1.2841052541708697,0.0,0.0
2020-11-10,11553.8603515625,2.6810833092588204,1.8171354493113938,0.0,0.0
2020-11-11,11786.4296875,4.146237240356636,0.6820160998313147,0.0,0.0
2020-11-12,11709.58984375,2.513053041493629,0.9788877879690602,0.0,0.0
2020-11-13,11829.2900390625,3.59681009654301,0.722204102271434,0.0,0.0
2020-11-16,11924.1298828125,6.17856880006339,0.6329127506466556,0.0,0.0
2020-11-17,11899.33984375,5.2868440197252085,0.5741802958833554,0.0,0.0
2020-11-18,11801.599609375,2.90037677621448,0.5966352268759122,0.0,0.0
2020-11-19,11904.7099609375,4.128895938101529,0.6336757182437932,0.0,0.0
2020-11-20,11854.9697265625,3.4975469204116223,0.8293350660507727,0.0,0.0
2020-11-23,11880.6298828125,3.8561522809974504,0.7434598337841857,0.0,0.0
2020-11-24,12036.7900390625,6.267114330549543,0.6732050714641887,0.0,0.0
2020-11-25,12094.400390625,7.751325649972535,0.44474092614408284,0.0,0.0
2020-11-27,12205.849609375,7.892906809663042,0.6415167686597311,0.0,0.0
2020-11-30,12198.740234375,7.600287433913139,1.0754404926126138,0.0,0.0
2020-12-01,12355.1103515625,8.871653761474422,1.2145516151004425,0.0,0.0
2020-12-02,12349.3701171875,8.048023316409202,1.0565382566042252,0.0,0.0
2020-12-03,12377.1796875,8.083877878724572,0.9346888647799141,0.0,0.0
2020-12-04,12464.23046875,9.70872909219134,1.173336788610242,0.0,0.0
2020-12-07,12519.9501953125,11.09452843109262,1.0832965857821208,0.0,0.0
2020-12-08,12582.76953125,11.639621902279309,1.1154594167674117,0.0,0.0
2020-12-09,12338.9501953125,7.291494080893373,1.7724743705878692,0.0,0.0
2020-12-10,12405.8095703125,8.511385779738395,1.5132288012594866,0.0,0.0
2020-12-11,12377.8701171875,8.893953267254098,1.9212053877724433,0.0,0.0
2020-12-14,12440.0400390625,9.855325600983424,1.7105875548192262,0.0,0.0
2020-12-15,12595.0595703125,11.402461703925114,1.4339786762515283,0.0,0.0
2020-12-16,12658.1904296875,14.175774459257685,1.1566766245322542,0.0,0.0
2020-12-17,12764.75,18.04238410831577,1.163737971158379,0.0,0.0
2020-12-18,12755.6396484375,17.710362892106158,1.1992691175998575,0.0,0.0
2020-12-21,12742.51953125,16.101956168536585,1.9756389476526244,0.0,0.0
2020-12-22,12807.919921875,16.54764969774901,1.888935882001525,0.0,0.0
2020-12-23,12771.1103515625,12.973239714642263,1.348025247366605,0.0,0.0
2020-12-24,12804.73046875,14.340631865272028,1.4115942479055346,0.0,0.0
2020-12-28,12899.419921875,16.29087639159666,0.9472360723592642,0.0,0.0
2020-12-29,12850.2197265625,13.395941099618504,1.534525857506788,0.0,0.0
2020-12-30,12870.0,14.656892861844385,1.9580268633793974,13.059319743481957,0.0
2020-12-31,12888.2802734375,14.997285799432024,2.193187429805757,14.356209722469426,0.0
2021-01-04,12698.4501953125,9.270320786871531,5.837609541625498,0.8887565756423355,0.0
2021-01-05,12818.9599609375,12.677810551892158,4.4288917128755205,9.438295396466657,0.0
2021-01-06,12740.7900390625,9.909760096974784,4.753509553097927,3.892547479482311,0.0
2021-01-07,13067.48046875,29.141631196187554,3.0960384883045116,27.06952817079347,0.0
2021-01-08,13201.98046875,37.78866207377429,2.7050648604118503,36.611601092743605,0.0
2021-01-11,13036.4296875,27.468218744420913,3.3256120443041715,24.866637323425266,0.0
2021-01-12,13072.4296875,28.999192284615305,3.3581337045248207,27.42064940662382,0.0
2021-01-13,13128.9501953125,34.031259265622374,2.4788936122551872,31.43048440389169,0.0
2021-01-14,13112.6396484375,28.398737248389644,2.425605338124847,30.273336242715953,0.0
2021-01-15,12998.5,21.5736448489144,5.0696682849336,22.175723984899008,0.0
2021-01-19,13197.1796875,31.929390940226295,3.4263818334529277,36.271010722707686,0.0
2021-01-20,13457.25,47.1204395508613,3.1437246333325968,54.72164185065833,0.0
2021-01-21,13530.91015625,51.972014973319475,2.959850878213006,59.9474454371248,0.0
2021-01-25,13635.990234375,54.34948371160497,6.808374850809214,67.40232847142197,9.282376248665953
2021-01-26,13626.0595703125,54.66831083021674,6.788583238785278,66.69779969337168,9.676163937117888
2021-01-27,13270.599609375,32.14107566616151,15.580259026802453,41.47977093427001,23.771470703497116
2021-01-28,13337.16015625,34.463219468960844,15.250418618242294,46.20189429491038,21.132097975647046
2021-01-29,13070.6904296875,21.655251219985775,17.71366026354757,27.297258143598192,31.698611655403052
2021-02-01,13403.3896484375,35.95971710740945,14.362866095641289,50.90053105354869,18.505852794889627
2021-02-02,13612.7802734375,50.28496288272144,8.897932381423542,65.75570289684026,10.202737345276947
2021-02-03,13610.5400390625,53.30611924670597,7.436370051111926,65.59676996175841,10.291570953036683
2021-02-04,13777.740234375,64.90049428329982,4.897019498527471,77.45875104901626,3.6614626333472233
2021-02-05,13856.2998046875,71.23901180552974,2.825994287136664,83.03214248871103,0.5462840909619016
2021-02-08,13987.6396484375,75.44414928923126,2.900658624706665,92.3500188204585,0.0
2021-02-09,14007.7001953125,78.48884448891607,3.19136806933284,93.77320990696742,0.0
2021-02-10,13972.5302734375,76.66524277023466,3.046864335137399,91.27808753380356,0.0
2021-02-11,14025.76953125,79.08216326301239,2.2995738335198834,95.05513497140488,0.0
2021-02-12,14095.4697265625,75.86500649141406,2.727701045787479,100.0,0.0
2021-02-16,14047.5,46.44064420791007,2.760708007201055,0.0,0.0
2021-02-18,13865.3603515625,20.79567801254428,3.997878963448301,0.0,0.18699977849684357
2021-02-19,13874.4599609375,21.161459131699083,4.842615221551366,0.0,0.0
2021-02-22,13533.0498046875,8.54899450603733,13.461362597038557,0.0,13.364346356582907
2021-02-23,13465.2001953125,4.197325554793379,15.24681650063092,0.0,16.054835197006152
2021-02-24,13597.9697265625,4.629816854522459,11.688989702538393,0.0,10.790030499280501
2021-02-25,13119.4296875,3.518741318125629,24.746651649489042,0.0,29.76591918387705
2021-02-26,13192.349609375,2.904838606778988,24.190385210752265,0.0,26.874373633999337
2021-03-01,13588.830078125,5.015367603682117,12.430574317019143,0.0,11.152451482289816
2021-03-02,13358.7900390625,2.305086692301421,17.898337091531,0.0,20.274392841265882
2021-03-03,12997.75,1.5922726647430088,28.184856484581754,0.0,34.590970416162605
2021-03-04,12723.4697265625,1.4048186199536425,33.89698288255274,0.0,45.46720126891877
2021-03-05,12920.150390625,1.3885812964553248,29.98175217797698,0.0,37.668082944412
2021-03-08,12609.16015625,0.8876357555953289,36.30690267158637,0.0,50.0
2021-03-09,13073.8203125,1.019428457944375,11.73041671636732,0.0,0.0
2021-03-10,13068.830078125,1.0253306503158466,8.343709658798204,0.0,0.0
2021-03-11,13398.669921875,1.723666716402793,3.0118859904849447,0.0,0.0
2021-03-12,13319.8603515625,2.2787493641535277,2.2160554025718415,0.0,0.0
2021-03-15,13459.7099609375,2.5544508123736,1.4139044007519288,0.0,0.0
2021-03-16,13471.5703125,2.2903585094124805,1.0086908171172224,0.0,0.0
2021-03-17,13525.2001953125,2.1245296948670713,0.8980460778202641,0.0,0.0
2021-03-18,13116.169921875,0.8312307125220163,3.2073351724226136,0.0,0.0
2021-03-19,13215.240234375,0.813947343330216,1.6930021639655364,0.0,0.0
2021-03-22,13377.5400390625,1.6847124070555861,0.835182882197849,0.0,0.0
2021-03-23,13227.7001953125,0.5687818709365017,1.43178724547774,0.0,0.0
2021-03-24,12961.8896484375,0.7846817482151442,3.5147845841539214,0.0,0.0
2021-03-25,12977.6796875,0.7080251202568496,2.960368992838388,0.0,0.0
2021-03-26,13138.73046875,1.155826167488492,0.9691361556187836,0.0,0.0
2021-03-29,13059.650390625,0.6409608893273346,3.3398303022343443,0.0,0.0
2021-03-30,13045.3896484375,0.8895219324088736,3.5049612669744206,0.0,0.0
2021-03-31,13246.8701171875,1.3944525736997435,1.7138896355331166,0.0,0.0
2021-04-01,13480.1103515625,3.864417040806181,0.45744186789461255,0.0,0.0
2021-04-05,13705.58984375,3.086766984544592,0.4371592447035539,0.0,0.0
2021-04-06,13698.3798828125,4.213708291629183,0.4097918820713642,0.0,0.0
2021-04-07,13688.83984375,4.100235807533654,0.28094360066156865,0.0,0.0
2021-04-08,13829.3095703125,7.006473403495381,0.3200535801475127,0.0,0.0
2021-04-09,13900.1904296875,7.917774246029174,0.2460302742717358,0.0,0.0
2021-04-12,13850.0,6.195563330795239,0.30679205045534624,0.0,0.0
2021-04-13,13996.099609375,9.60038684850469,0.421058617659646,0.0,0.0
2021-04-14,13857.83984375,5.876592076968061,0.4492507841697938,0.0,0.0
2021-04-15,14038.759765625,11.889682459481255,0.47434489019146714,0.0,0.0
2021-04-16,14052.33984375,13.121794355709618,0.5678235309449631,0.0,0.0
2021-04-19,13914.76953125,5.300458189368904,0.47616072476553045,0.0,0.0
2021-04-20,13786.26953125,3.542041319555041,0.7852524476526023,0.0,0.0
2021-04-21,13950.2197265625,5.639280261136242,0.5764672146891737,0.0,0.0
2021-04-22,13818.41015625,4.450840150789841,0.8847904071427646,0.0,0.0
2021-04-23,14016.8095703125,7.771587722418158,0.5723960450536665,0.0,0.0
2021-04-26,14138.7802734375,11.444365248991952,0.47347412216423335,0.0,0.0
2021-04-27,14090.2197265625,9.03328118539727,0.40298536315333217,0.0,0.0
2021-04-28,14051.0302734375,6.723880046188866,0.3734797384918556,0.0,0.0
2021-04-29,14082.5498046875,10.259913655529287,0.2020361135422562,0.0,0.0
2021-04-30,13962.6796875,4.861071828626451,0.44249052566712294,0.0,0.0
2021-05-03,13895.1201171875,3.2285032370647144,0.5231558076113576,0.0,0.0
2021-05-04,13633.5,2.4638702521995985,2.1066886903176885,0.0,0.0
2021-05-06,13632.83984375,1.1794146421696834,1.9344302303903513,0.0,0.0
2021-05-07,13752.240234375,2.6765441310183973,1.1518426580607302,0.0,0.0
2021-05-10,13401.8603515625,0.938094815429724,5.353507106788658,0.0,0.0
2021-05-12,13031.6796875,0.7982750669785477,11.501515432706297,0.0,0.0
2021-05-13,13124.990234375,0.6499762193951842,10.526842533802453,0.0,0.0
2021-05-14,13429.98046875,0.7357488637905322,4.388454436612184,0.0,0.0
2021-05-17,13379.0498046875,0.5743621406883553,3.642143217901935,0.0,0.0
2021-05-18,13303.6396484375,0.17406095461979096,3.501778958061683,0.0,0.0
2021-05-19,13299.740234375,0.3758903665648917,4.362969089455876,0.0,0.0
2021-05-21,13470.990234375,0.7322350367118465,1.4595692775026072,0.0,0.0
2021-05-24,13661.169921875,1.0254266887266772,0.443533690556273,0.0,0.0
2021-05-26,13738.0,1.9096208631363816,0.3101814168867035,0.0,0.0
2021-05-27,13736.2802734375,2.2188264298650995,0.3052234763460455,0.0,0.0
2021-05-28,13748.740234375,2.331330561159459,0.15367206439760783,0.0,0.0
2021-06-01,13736.48046875,1.7229912123865487,0.12736168035423623,0.0,0.0
2021-06-02,13756.330078125,3.393722536014147,0.07666586179743015,0.0,0.0
2021-06-03,13614.509765625,1.9050176228137543,0.09720053173623239,0.0,0.0
2021-06-04,13814.490234375,2.746980306829143,0.15044160349570945,0.0,0.0
2021-06-07,13881.7197265625,3.2798222704237467,0.10198336170211364,0.0,0.0
2021-06-08,13924.91015625,4.41727750865867,0.04972009595651168,0.0,0.0
2021-06-09,13911.75,4.325091448428863,0.08452008443793921,0.0,0.0
2021-06-10,14020.330078125,10.380103134033037,0.165885219602524,0.0,0.0
2021-06-11,14069.419921875,9.114508532165505,0.13877093340521707,0.0,0.0
2021-06-14,14174.1396484375,10.367464525203758,0.1043898441024676,0.0,0.0
2021-06-15,14072.8603515625,6.048686751497115,0.07352740160308291,0.0,0.0
2021-06-16,14039.6796875,5.703834853832941,0.09361556211921716,0.0,0.0
2021-06-17,14161.349609375,8.40115991981612,0.057679369437856065,0.0,0.0
2021-06-18,14030.3798828125,6.1090032059320345,0.6879034173414742,0.0,0.0
2021-06-21,14141.48046875,5.947648350903981,0.11080178406355226,0.0,0.0
2021-06-22,14253.26953125,7.765107909818041,0.07679220450840028,0.0,0.0
2021-06-23,14271.73046875,9.487083632777432,0.048029433720506984,0.0,0.0
2021-06-24,14369.7099609375,10.724617649865595,0.029671389218300835,0.0,0.0
2021-06-25,14360.3896484375,10.586550638828946,0.03393117967417074,0.0,0.0
2021-06-28,14500.509765625,15.170297672570516,0.027451111783026016,0.0,0.0
2021-06-29,14528.330078125,16.082696775880724,0.03499501387142609,0.0,0.0
2021-06-30,14503.9501953125,14.18887873439374,0.03628415429927426,0.0,0.0
2021-07-01,14522.3798828125,14.019119834151953,0.034474069032607274,0.0,0.0
2021-07-02,14639.330078125,22.990552441640272,0.16503019277683742,0.0,0.0
2021-07-06,14663.6396484375,18.00854172878822,0.09538183127043684,0.0,0.0
2021-07-07,14665.0595703125,17.81931043864161,0.15350696871280897,0.0,0.0
2021-07-08,14559.7802734375,11.450718351009808,0.17212236857037758,0.0,0.0
2021-07-09,14701.919921875,13.233176137359546,0.063128294816523,0.0,0.0
2021-07-12,14733.240234375,13.735511361764488,0.051700985884993104,0.0,0.0
2021-07-13,14677.650390625,8.797152247878426,0.04340094110225016,0.0,0.0
2021-07-14,14644.9501953125,6.974318333616992,0.05442849255897401,0.0,0.0
2021-07-15,14543.1298828125,5.7617431887700254,0.07478091859406429,0.0,0.0
2021-07-16,14427.240234375,4.107849434093095,0.2936051203134741,0.0,0.0
2021-07-19,14274.98046875,5.045826711948635,1.9412777119220854,0.0,0.0
2021-07-20,14498.8798828125,5.2918365538946555,0.24044323399306744,0.0,0.0
2021-07-21,14631.9501953125,4.343165510077233,0.07611162240479989,0.0,0.0
2021-07-22,14684.599609375,5.401741693801581,0.05082841589681782,0.0,0.0
2021-07-23,14836.990234375,11.25159832794462,0.05346315368750373,0.0,0.0
2021-07-26,14840.7099609375,11.56746922688432,0.0652884023019998,0.0,0.0
2021-07-27,14660.580078125,4.131293539433434,0.07248490902555745,0.0,0.0
2021-07-28,14762.580078125,4.849572082743912,0.05173540080206462,0.0,0.0
2021-07-29,14778.259765625,5.335208549255021,0.043063236158037414,0.0,0.0
2021-07-30,14672.6796875,3.5335171185076737,0.08920868956660136,0.0,0.0
2021-08-02,14681.0703125,4.751213835293382,0.10672718459513142,0.0,0.0
2021-08-03,14761.2900390625,5.679472107103859,0.039114150022796626,0.0,0.0
2021-08-04,14780.5302734375,6.709281171983707,0.04291669979754617,0.0,0.0
2021-08-05,14895.1201171875,10.912896425695886,0.036295389975521196,0.0,0.0
2021-08-06,14835.759765625,11.07629327947996,0.2696185592993922,0.0,0.0
2021-08-09,14860.1796875,8.579862767131724,0.05641407627669246,0.0,0.0
2021-08-10,14788.08984375,5.063197853897002,0.042470022113097104,0.0,0.0
2021-08-11,14765.1396484375,8.316660180059063,0.18558118854683048,0.0,0.0
2021-08-12,14816.259765625,8.69628467832035,0.1075441759695524,0.0,0.0
2021-08-13,14822.900390625,9.291085698491756,0.2661133931565571,0.0,0.0
2021-08-16,14793.759765625,8.029470621538971,0.09525098644170982,0.0,0.0
2021-08-17,14656.1796875,4.8422958309689035,0.3231726637320783,0.0,0.0
2021-08-18,14525.91015625,4.389304559921254,1.378494353633615,0.0,0.0
2021-08-19,14541.7900390625,4.237189760860678,1.34255413736442,0.0,0.0
2021-08-20,14714.66015625,5.750240753045818,0.24791270232144366,0.0,0.0
2021-08-23,14942.650390625,8.710734434781918,0.07866261778286328,0.0,0.0
2021-08-24,15019.7998046875,11.863102625451015,0.05974147812163359,0.0,0.0
2021-08-25,15041.8603515625,11.861133224823336,0.04169914481119541,0.0,0.0
2021-08-26,14945.8095703125,9.713932046855566,0.23427269682863663,0.0,0.0
2021-08-27,15129.5,13.169353315226763,0.03842240387643827,0.0,0.0
2021-08-30,15265.8896484375,17.096619535935222,0.028523927547895254,0.0,0.0
2021-08-31,15259.240234375,14.229955241883005,0.03801289495221503,0.0,0.0
2021-09-01,15309.3798828125,19.01152240948201,0.08462779628074367,0.0,0.0
2021-09-02,15331.1796875,19.37135054421827,0.04868369382767325,0.0,0.0
2021-09-03,15363.51953125,19.968695339504222,0.06192073710820907,0.0,0.0
2021-09-07,15374.330078125,15.993758033157933,0.12455341640621062,0.0,0.0
2021-09-08,15286.6396484375,11.025043997065344,0.07889095547419334,0.0,0.0
2021-09-09,15248.25,9.403436813239363,0.1804620008311834,0.0,0.0
2021-09-10,15115.490234375,8.015912169360547,0.8400454517540835,0.0,0.0
2021-09-13,15105.580078125,6.716242490094197,0.5802019533543888,0.0,0.0
2021-09-14,15037.759765625,4.762521393513906,0.6095111860153024,0.0,0.0
2021-09-15,15161.5302734375,6.113127978228672,0.21605044037351925,0.0,0.0
2021-09-16,15181.919921875,8.313540746572153,0.2325923518475094,0.0,0.0
2021-09-17,15043.9697265625,5.60513203936784,0.7962002371742991,0.0,0.0
2021-09-20,14713.900390625,2.7831979142596586,4.766619563721109,0.0,0.0
2021-09-21,14746.400390625,1.6744827362458818,4.240269858504105,0.0,0.0
2021-09-22,14896.849609375,1.4728423573343163,2.538944441909827,0.0,0.0
2021-09-23,15052.240234375,2.080494870312306,1.074073073502983,0.0,0.0
2021-09-24,15047.7001953125,3.224832558445028,1.2298770840402264,0.0,0.0
2021-09-27,14969.9697265625,3.1000538069132175,1.458541514368843,0.0,0.0
2021-09-28,14546.6796875,1.08938178231957,8.713461861731846,0.0,0.0
2021-09-29,14512.4404296875,0.7299254150130153,7.558573474532502,0.0,0.0
2021-09-30,14448.580078125,1.0494663793290677,8.417031848465852,0.0,0.0
2021-10-01,14566.7001953125,0.6957163893850394,7.615574161814051,0.0,0.0
2021-10-04,14255.48046875,0.44829648115410864,14.323747011347702,0.0,0.0
2021-10-05,14433.830078125,0.42988771693594885,9.258716430377058,0.0,0.0
2021-10-06,14501.91015625,0.40649340929412126,4.630606657500525,0.0,0.0
2021-10-07,14654.01953125,0.8352019879384598,1.7864069462950207,0.0,0.0
2021-10-08,14579.5400390625,1.6840560227756962,1.861876532046092,3.980822874715101,0.0
2021-10-11,14486.2001953125,1.0063503310111281,2.5768256931072155,1.074386940584826,0.0
2021-10-12,14465.919921875,0.9236395191634433,2.466613608930562,0.44289546701207216,0.0
2021-10-13,14571.6396484375,1.950068937747654,1.474834180704421,3.7348188288151785,0.0
2021-10-14,14823.4296875,6.632870536604739,0.3740956400087628,11.57511069117771,0.0
2021-10-15,14897.33984375,9.199377018112834,0.2619298897898932,13.876540877814197,0.0
2021-10-18,15021.8095703125,13.734530213759857,0.10846734125981487,17.752305732976808,0.0
2021-10-19,15129.08984375,18.17939715907506,0.036248728954420995,21.092821735737648,0.0
2021-10-20,15121.6796875,18.330536229301178,0.03616545768709268,20.8620827122162,0.0
2021-10-21,15215.7001953125,19.140589563817837,0.019851884425840433,23.78971330889187,0.0
2021-10-22,15090.2001953125,16.106971664564,0.029369161911643047,19.881867580005597,0.0
2021-10-25,15226.7099609375,19.800238676143167,0.018037647613727958,24.132537735773894,0.0
2021-10-26,15235.7099609375,21.0253481905018,0.020592574530969493,24.412781652586457,0.0
2021-10-27,15235.83984375,21.874417320615034,0.04622074074109555,24.416825971264416,0.0
2021-10-28,15448.1201171875,30.406983412962806,0.02204397366565524,31.026854336838472,0.0
2021-10-29,15498.3896484375,34.76416261379475,0.021704115953888273,32.592157707264185,0.0
2021-11-01,15595.919921875,52.72790398975353,0.03585062902541323,71.25815226695617,0.0
2021-11-02,15649.599609375,59.505734937370946,0.020919837993262115,74.60113135101713,0.0
2021-11-03,15811.580078125,64.88696427595035,0.01999681603579466,84.68869601982483,0.0
2021-11-04,15940.3095703125,71.40726453315293,0.02206664005644465,92.70550870869528,0.0
2021-11-05,15971.58984375,75.35840810898188,0.04963034647250356,94.65353234138259,0.0
2021-11-08,15982.3603515625,73.71545540030554,0.052497846126689514,95.32428107370153,0.0
2021-11-09,15886.5400390625,68.30267192971421,0.03691193944782148,89.35693447698962,0.0
2021-11-10,15622.7099609375,48.595395999690545,0.11949337951431839,72.92654015105317,0.0
2021-11-11,15704.2802734375,56.26749823376335,0.07457760163897682,78.00644767785865,0.0
2021-11-12,15860.9599609375,70.87291657166031,0.08499935432813228,87.76389863562932,0.0
2021-11-15,15853.849609375,68.27241123682099,0.09270936171931796,87.32109135300948,0.0
2021-11-16,15973.8603515625,74.26106508236975,0.10689503476213169,94.79493145305558,0.0
2021-11-17,15921.5703125,73.28352633175147,0.2138922963687661,91.53849470702073,0.0
2021-11-18,15993.7099609375,76.487078390104,0.199972338348315,96.03109418159988,0.0
2021-11-19,16057.4404296875,74.13598707831186,0.2070740801707893,100.0,0.0
2021-11-22,15854.759765625,17.848787890839684,0.057190415225203,0.0,0.0
2021-11-23,15775.1396484375,12.949285138290927,0.06676154768729776,0.0,0.0
2021-11-24,15845.23046875,16.845110129663627,0.054236250126012985,0.0,0.0
2021-11-26,15491.66015625,7.411053508075102,2.9566605874021787,0.0,0.0
2021-11-29,15782.830078125,9.347154787580399,1.818614651198648,0.0,0.0
2021-11-30,15537.6904296875,5.78200236805579,2.6645383159100695,0.0,0.0
2021-12-01,15254.0498046875,3.3207485553869303,6.260044531819805,0.0,0.0
2021-12-02,15381.3203125,2.2118989935105766,4.638218433158377,0.0,0.0
2021-12-03,15085.4697265625,1.3389107243714016,15.474734803727786,0.0,0.0
2021-12-06,15225.150390625,0.7497045647443181,6.216817972540069,0.0,0.0
2021-12-07,15686.919921875,2.0656988465332673,2.0278910787418956,0.0,0.0
2021-12-08,15786.990234375,3.7502327283280703,1.1527847056085927,0.0,0.0
2021-12-09,15517.3701171875,0.7104438349282463,1.7302795963872668,0.0,0.0
2021-12-10,15630.599609375,2.7141578481195694,0.6548468309234736,0.0,0.0
2021-12-13,15413.2802734375,0.47690809790262895,1.4284832383233563,0.0,0.0
2021-12-14,15237.6396484375,0.16486066715277908,3.8425860018340083,0.0,0.0
2021-12-15,15565.580078125,1.3194581090835897,0.6318578146031507,0.0,0.0
2021-12-16,15180.4296875,0.5357562863594942,3.5227264702642698,0.0,0.0
2021-12-17,15169.6796875,0.8280229166443349,3.4731166977133054,0.0,0.0
2021-12-20,14980.9404296875,0.46857751749832594,8.737856222121309,0.0,0.0
2021-12-21,15341.08984375,0.5502688363453674,1.2090007220865047,0.0,0.0
2021-12-22,15521.8896484375,1.4757476294817822,0.8639403408489885,0.0,0.0
2021-12-23,15653.3701171875,2.2655913104896817,0.53261788552801,0.0,0.0
2021-12-27,15871.259765625,4.629356272431092,0.21438158925156278,0.0,0.0
2021-12-28,15781.7197265625,3.4644960992249314,0.13762526616800264,0.0,0.0
2021-12-29,15766.2197265625,4.107217173829277,0.25554111590096623,0.0,0.0
2021-12-30,15741.5595703125,2.555720017603424,0.15214386589464315,0.0,0.0
2021-12-31,15644.9697265625,2.1838548512261573,0.13185527586528217,0.0,0.0
2022-01-03,15832.7998046875,5.953978894111916,0.12746994631509853,0.0,0.0
2022-01-04,15622.7197265625,4.200977268543978,0.19068902601929533,0.0,0.0
2022-01-05,15100.169921875,1.4347171289733418,2.4928481805433447,0.0,0.0
2022-01-06,15080.8603515625,1.2308551564989993,2.2118665761712424,0.0,0.0
2022-01-07,14935.900390625,1.639254181915954,5.013851511257337,0.0,0.0
2022-01-10,14942.830078125,0.33725784870764636,4.669833218174501,0.0,0.0
2022-01-11,15153.4501953125,0.3361172046602139,1.6799179649075926,0.0,0.0
2022-01-12,15188.3896484375,1.0668454047612577,1.8612053084473634,0.0,0.0
2022-01-13,14806.8095703125,0.2818029162684927,5.097995932202594,0.0,0.0
2022-01-14,14893.75,0.5026062033620008,4.118652601250516,0.0,0.0
2022-01-18,14506.900390625,0.14357767376651603,6.451008548789895,0.0,0.0
2022-01-19,14340.259765625,0.07807527903886928,7.6191244284515065,0.0,0.0
2022-01-20,14154.01953125,0.19824263691173322,10.049851881622844,0.0,0.0
2022-01-21,13768.919921875,0.09128880009895185,16.288381625829807,0.0,0.0
2022-01-24,13855.1298828125,0.23601798425330178,15.961686804892954,0.0,0.0
2022-01-25,13539.2900390625,0.16626819293355113,18.408824881260806,0.0,0.0
2022-01-26,13542.1201171875,0.17028241153101678,16.707760471472493,0.0,0.0
2022-01-27,13352.7802734375,0.14122721940731903,19.889274271540195,0.0,0.0
2022-01-28,13770.5703125,0.04082903428307734,7.199784301902028,0.0,0.0
2022-01-31,14239.8798828125,0.18621200187700734,3.640077627080094,0.0,0.0
2022-02-01,14346.0,0.39192757835618985,3.0075198508762977,0.0,0.0
2022-02-02,14417.5498046875,0.4246099220773806,2.3520361693226395,0.0,0.0
2022-02-03,13878.8203125,0.08555588483139073,3.041050263123792,0.0,0.0
2022-02-04,14098.009765625,0.06368260799843209,1.2940356189453357,0.0,0.0
2022-02-07,14015.669921875,0.08027166454286282,1.2824842372897811,0.0,0.0
2022-02-08,14194.4501953125,0.14481054381126413,1.1983896023242195,0.0,0.0
2022-02-09,14490.3701171875,0.680878803455604,0.3641408391740274,0.0,0.0
2022-02-10,14185.6396484375,0.20860960055768904,0.9304157743096819,0.0,0.0
2022-02-11,13791.150390625,0.08879248040377463,2.524521161277901,0.0,0.0
2022-02-14,13790.919921875,0.10717606491579543,2.9347038662970637,0.0,0.0
2022-02-15,14139.759765625,0.16891868405789556,0.77002138371116,0.0,0.0
2022-02-16,14124.08984375,0.3122976097130324,1.0357669705738228,0.0,0.0
2022-02-17,13716.7197265625,0.03755366676821427,3.152866074686388,0.0,0.0
2022-02-18,13548.0703125,0.005682789462233123,3.5700226950401346,0.0,0.0
2022-02-22,13381.51953125,0.08132117690895985,6.24716415950403,0.0,0.0
2022-02-23,13037.490234375,0.08404427252372482,11.25338767469841,0.0,0.0
2022-02-24,13473.58984375,0.12925057157198383,3.526875300911827,0.0,0.0
2022-02-25,13694.6201171875,0.16004200804277796,1.1989800218883333,0.0,0.0
2022-02-28,13751.400390625,0.18930660048829376,1.3785912566136598,0.0,0.0
2022-03-01,13532.4599609375,0.06528775147526533,2.5684158764357745,0.0,0.0
2022-03-02,13752.01953125,0.13283312257459054,1.4735157229946878,0.0,0.0
2022-03-03,13537.9404296875,0.044660228649933124,2.351219063953125,0.0,0.0
2022-03-04,13313.4404296875,0.010627935295535615,4.934270330468706,0.0,0.0
2022-03-07,12830.9599609375,0.08533288035269165,16.556326332350988,0.0,0.0
2022-03-08,12795.5498046875,0.028335232303179435,14.415089078106046,0.0,0.0
2022-03-09,13255.5498046875,0.039580071703782374,2.5776891345661297,0.0,0.0
2022-03-10,13129.9599609375,0.002885841887683289,3.726405676370388,0.0,0.0
2022-03-11,12843.8095703125,0.04272903775275873,8.619079412880197,0.0,0.0
2022-03-14,12581.2197265625,0.08026782635139491,11.56059267124138,0.0,0.0
2022-03-15,12948.6201171875,0.022095196771228228,2.5495305266366,0.0,0.0
2022-03-16,13436.5498046875,0.08378135178525861,0.925191356520054,0.0,0.0
2022-03-17,13614.7802734375,0.262383041241222,0.30736390778887435,0.0,0.0
2022-03-18,13893.83984375,0.6678408759987202,0.5149941792536877,0.0,0.0
2022-03-21,13838.4599609375,0.8179503775589183,0.40902580467314614,0.0,0.0
2022-03-22,14108.8203125,0.9331819163069981,0.3757739139267623,0.0,0.0
2022-03-23,13922.599609375,0.2591582541026691,0.30226476596661256,0.0,0.0
2022-03-24,14191.83984375,0.4824586854637732,0.19574709028492548,0.0,0.0
2022-03-25,14169.2998046875,1.0555351725921083,0.20368687297684285,0.0,0.0
2022-03-28,14354.900390625,1.2971371889519336,0.12252605991375977,0.0,0.0
2022-03-29,14619.6396484375,2.075285704062248,0.06876896805492856,0.0,0.0
2022-03-30,14442.26953125,1.1961982324847311,0.11824239463235683,0.0,0.0
2022-03-31,14220.51953125,0.6462138160084797,0.12310957835368144,0.0,0.0
2022-04-01,14261.5,1.7017072747254376,0.195234402739608,0.0,0.0
2022-04-04,14532.5498046875,2.629872560840703,0.20775442537746366,0.0,0.0
2022-04-05,14204.169921875,1.3105937435220096,0.4563382920667644,0.0,0.0
2022-04-06,13888.8203125,0.7559609009425379,0.9868380050644431,0.0,0.0
2022-04-07,13897.2998046875,0.6151006052121077,1.0049119289805644,0.0,0.0
2022-04-08,13711.0,1.3498735589584128,1.6454949030707535,0.0,0.0
2022-04-11,13411.9599609375,1.5266076785272638,4.720778838561763,0.0,0.0
2022-04-12,13371.5703125,0.9109948688228063,4.142907516349762,0.0,0.0
2022-04-13,13643.58984375,0.9283610075323591,2.7480382985562706,0.0,0.0
2022-04-14,13351.080078125,1.0035955835654125,4.818330959701149,0.0,0.0
2022-04-18,13332.3603515625,0.6265983461395951,5.228963437459038,0.0,0.0
2022-04-19,13619.66015625,0.6221604516588557,3.328920769701685,0.0,0.0
2022-04-20,13453.0703125,0.38279057649615206,4.573157127207304,0.0,0.0
2022-04-21,13174.650390625,0.3018921667787788,6.635881251292368,0.0,0.0
2022-04-22,12839.2900390625,0.22403794699191926,6.332249402713562,0.0,0.0
2022-04-25,13004.849609375,0.03837470855276519,4.774156078733407,0.0,0.0
2022-04-26,12490.740234375,0.30830206458848225,14.587539887623006,0.0,0.0
2022-04-27,12488.9296875,0.13553020187538206,9.773849444860376,0.0,0.0
2022-04-28,12871.5302734375,0.04672026605727319,3.278735977627576,0.0,0.0
2022-04-29,12334.6396484375,0.030435178316234632,7.346825956603945,0.0,0.0
2022-05-02,12536.01953125,0.3096452586297965,2.807159251454235,0.0,0.0
2022-05-03,12563.759765625,0.0589770259082451,3.0429183474325283,0.0,0.0
2022-05-04,12964.8603515625,0.13330035899823817,2.601176628604022,0.0,0.0
2022-05-05,12317.6904296875,0.31852751122695805,4.289320840180286,0.0,0.0
2022-05-06,12144.66015625,0.6855557258903046,5.527953835725835,0.0,0.0
2022-05-09,11623.25,0.5503858486716169,12.85887675034372,0.0,0.0
2022-05-10,11737.669921875,0.09950937531603936,8.527460101640221,0.0,0.0
2022-05-11,11364.240234375,0.06049633092063918,17.034897627531294,0.0,0.0
2022-05-12,11370.9599609375,0.13047082498132795,15.340003444796123,0.0,0.0
2022-05-13,11805.0,0.13255722100721706,4.631674811356326,0.0,0.0
2022-05-16,11662.7900390625,0.10315541969440996,4.591408780420844,0.0,0.0
2022-05-17,11984.51953125,0.12493962746197948,3.3425164235841116,0.0,0.0
2022-05-18,11418.150390625,0.04414395879918338,8.945887136467341,0.0,0.0
2022-05-19,11388.5,0.04607407534661264,7.229084433501669,0.0,0.0
2022-05-20,11354.6201171875,0.06973687598904366,11.312332326312191,0.0,0.0
2022-05-23,11535.26953125,0.013442615670803041,3.35746226296162,0.0,0.0
2022-05-24,11264.4501953125,0.016900296309471596,10.035338295037656,0.0,0.0
2022-05-25,11434.740234375,0.049622476068542615,2.7920129181345987,0.0,0.0
2022-05-26,11740.650390625,0.05170941482263164,1.8345101122050231,0.0,0.0
2022-05-27,12131.1298828125,0.5205926150401865,1.0654139170307424,0.0,0.0
2022-05-31,12081.3896484375,0.12989986949889745,0.8358900497813191,0.0,0.0
2022-06-01,11994.4599609375,0.26368176350341244,0.42329647116047514,0.0,0.0
2022-06-02,12316.900390625,0.4997739656987339,0.5274204238904475,0.0,0.0
2022-06-03,12012.73046875,0.11671259852409399,0.4512468425321286,0.0,0.0
2022-06-06,12061.3701171875,0.3238591058899231,0.3748274626119197,0.0,0.0
2022-06-07,12175.23046875,0.27917420828044254,0.369816579194033,0.0,0.0
2022-06-08,12086.26953125,0.3783351408886498,0.3103304742700954,0.0,0.0
2022-06-09,11754.23046875,0.30720245412899705,1.202849760453746,0.0,0.0
2022-06-10,11340.01953125,0.2678013852395782,3.560476308697478,0.0,0.0
2022-06-13,10809.23046875,0.6557721885611216,12.715123502783333,0.0,0.0
2022-06-14,10828.349609375,0.26474798050379594,11.038798497212214,0.0,0.0
2022-06-15,11099.150390625,0.15056607125412638,6.3891691443246055,0.0,0.0
2022-06-16,10646.099609375,0.03534879650504775,16.271153504438676,0.0,0.0
2022-06-17,10798.349609375,0.09552305820777135,10.561626859276256,0.0,0.0
2022-06-21,11069.2998046875,0.13068340325877986,3.6702702035384434,0.0,0.0
2022-06-22,11053.080078125,0.1322588044333749,6.4413341116185245,0.0,0.0
2022-06-23,11232.1904296875,0.2767379831010413,4.11457104241868,0.0,0.0
2022-06-24,11607.6201171875,0.5141487237677493,0.7251290780011281,0.0,0.0
2022-06-27,11524.5498046875,0.09142016913867917,0.6116159954130387,0.0,0.0
2022-06-28,11181.5400390625,0.14140622237973716,2.4677614574526743,0.0,0.0
2022-06-29,11177.8896484375,0.038040052010863815,2.5766374920098194,0.0,0.0
2022-06-30,11028.740234375,0.10902870278971342,5.83984234175332,0.0,0.0
2022-07-01,11127.849609375,0.35738733038963466,7.676229615540155,0.0,0.0
2022-07-05,11322.240234375,0.1297263987094276,4.217196653783722,0.0,0.0
2022-07-06,11361.849609375,0.15946105033663532,2.2595792335570257,0.0,0.0
2022-07-07,11621.349609375,0.03862867940452374,0.5854144695322077,0.0,0.0
2022-07-08,11635.3095703125,0.5301166534308208,0.8307706299702953,0.0,0.0
2022-07-11,11372.599609375,0.11097009569853974,0.8108147869480086,0.0,0.0
2022-07-12,11264.73046875,0.11597785674726052,0.8101601706908055,0.0,0.0
2022-07-13,11247.580078125,0.11924875639403987,0.9380821511811055,0.0,0.0
2022-07-14,11251.1904296875,0.1669224721023321,1.1572916752874873,0.0,0.0
2022-07-15,11452.419921875,0.2965474256087835,0.9503962495288863,0.0,0.0
2022-07-18,11360.0498046875,0.16856996081594866,0.8028651355675156,0.0,0.0
2022-07-19,11713.150390625,0.36378321712288514,0.42963144256520314,0.0,0.0
2022-07-20,11897.650390625,0.7789478474154239,0.4340593383732551,0.0,0.0
2022-07-21,12059.6103515625,0.7619540424262322,0.37255586658742396,0.0,0.0
2022-07-22,11834.1103515625,0.26700092263960296,0.636499371578502,0.0,0.0
2022-07-25,11782.669921875,0.4848593275108939,0.49633249047908007,0.0,0.0
2022-07-26,11562.5703125,0.4008850757537156,1.0531893422038432,0.0,0.0
2022-07-27,12032.419921875,0.3777828965931581,0.425129370974705,0.0,0.0
2022-07-28,12162.58984375,0.5278012605225167,0.458633835909271,0.0,0.0
2022-07-29,12390.6904296875,0.9309930268478463,0.34821169271890545,0.0,0.0
2022-08-01,12368.98046875,0.6795145068734618,0.41664886600550644,0.0,0.0
2022-08-02,12348.759765625,1.4773685683836824,0.37369820034809953,0.0,0.0
2022-08-03,12668.16015625,2.0392065387848994,0.3329627652795505,0.0,0.0
2022-08-04,12720.580078125,1.9223286816082734,0.24539247075840748,0.0,0.0
2022-08-05,12657.5498046875,1.2418833309531239,0.2183389771137403,0.0,0.0
2022-08-08,12644.4599609375,1.2367854608259545,0.1487360682445996,0.0,0.0
2022-08-09,12493.9296875,1.193657148464656,0.40499722616513617,0.0,0.0
2022-08-10,12854.7998046875,2.5903338360751533,0.2275637064376432,0.0,0.0
2022-08-11,12779.91015625,1.7434471924675123,0.30504776371492714,0.0,0.0
2022-08-12,13047.1904296875,3.9794221958822886,0.20183017249607102,0.0,0.0
2022-08-15,13128.0498046875,6.342474512087345,0.21425739725255483,0.0,0.0
2022-08-16,13102.5498046875,7.128228222330041,0.1690557605367397,0.0,0.0
2022-08-17,12938.1201171875,5.066432665955809,0.2169278615580204,0.0,0.0
2022-08-18,12965.33984375,6.715044350593074,0.20729828589800378,0.0,0.0
2022-08-19,12705.2197265625,5.100112727442905,0.46229672203263816,0.0,0.0
2022-08-22,12381.5703125,3.1416568743456557,2.6559335739481735,0.0,0.0
2022-08-23,12381.2998046875,3.4478982322589298,2.711201412244814,0.0,0.0
2022-08-24,12431.5302734375,2.804112696851643,2.1040468054842183,0.0,0.0
2022-08-25,12639.26953125,2.97897437578104,1.0485733581544716,0.0,0.0
2022-08-26,12141.7099609375,1.7438036114179856,4.6851360545624345,0.0,0.0
2022-08-29,12017.669921875,1.0096611185888578,4.62799425824916,0.0,0.0
2022-08-30,11883.1396484375,0.6964493122456168,6.496268951472551,0.0,0.0
2022-08-31,11816.2001953125,0.44398621537467337,7.752320466498485,0.0,0.0
2022-09-01,11785.1298828125,0.3260297392030459,8.915651761016735,0.0,0.0
2022-09-02,11630.8603515625,0.29545483355889834,9.684023551156788,0.0,0.0
2022-09-06,11544.91015625,0.3017380544202595,8.840901813404061,0.0,0.0
2022-09-07,11791.900390625,0.08589400935329225,5.311808323467758,0.0,0.0
2022-09-08,11862.1298828125,0.201377627770559,5.001846700791139,0.0,0.0
2022-09-09,12112.3095703125,0.404666983789504,2.1002705932108237,0.0,0.0
2022-09-12,12266.41015625,0.6967245486328857,2.09963904076208,0.0,0.0
2022-09-13,11633.5703125,0.2875806505850526,4.650018126475165,0.0,0.0
2022-09-14,11719.6796875,0.36770976961417773,3.046401796467045,0.0,0.0
2022-09-15,11552.3603515625,0.12036108967733408,5.934139129065004,0.0,0.0
2022-09-16,11448.400390625,0.09286533866017349,6.8128709251529145,0.0,0.0
2022-09-19,11535.01953125,0.24224913139852458,5.3387979905131315,0.0,0.0
2022-09-20,11425.0498046875,0.2783045968810841,5.8270035994223734,0.0,0.0
2022-09-21,11220.1904296875,0.11187148957098503,9.354616341805798,0.0,0.0
2022-09-22,11066.8095703125,0.05626539737425347,9.401906645882631,0.0,0.0
2022-09-23,10867.9296875,0.15362245905384692,12.966305850869322,0.0,0.0
2022-09-26,10802.919921875,0.4427673238341352,15.282523273893347,0.0,0.0
2022-09-27,10829.5,0.374188035749313,10.93254538065898,0.0,0.0
2022-09-28,11051.6396484375,0.16905804983494696,3.91860152871092,0.0,0.0
2022-09-29,10737.509765625,0.06816121520035727,9.727505377872635,0.0,0.0
2022-09-30,10575.6201171875,0.044015652232163936,11.072605101637256,0.0,0.0
2022-10-03,10815.4296875,0.07308845326758873,4.046469766185375,0.0,0.0
2022-10-04,11176.41015625,0.08606974701453085,1.1678356253271,0.0,0.0
2022-10-05,11148.6396484375,0.03548840032743316,0.7640355251777203,0.0,0.0
2022-10-06,11073.3095703125,0.02821347569430914,1.0590935905802772,0.0,0.0
2022-10-07,10652.400390625,0.06719074393294941,9.122977934778525,0.0,0.0
2022-10-10,10542.099609375,0.07716066334453053,12.88775353610455,0.0,0.0
2022-10-11,10426.1904296875,0.2093738410454735,15.38941881829369,0.0,0.0
2022-10-12,10417.099609375,0.20909320869943926,14.836989220101954,0.0,0.0
2022-10-13,10649.150390625,0.06798660942408902,4.529041198334121,0.0,0.0
2022-10-14,10321.3896484375,0.0015978014340647434,12.018417249281129,0.0,0.0
2022-10-17,10675.7998046875,0.08914853366907564,2.4923722252450626,0.0,0.0
2022-10-18,10772.400390625,0.09461480348349194,2.2141171168236684,0.0,0.0
2022-10-19,10680.509765625,0.1497556975240809,2.654475208558117,0.0,0.0
2022-10-20,10614.83984375,0.22564927667201812,2.822718989641814,0.0,0.0
2022-10-21,10859.7197265625,0.3852535998962606,1.1688037279978998,0.0,0.0
2022-10-24,10952.6103515625,0.45666394683149975,0.9996494074858371,0.0,0.0
2022-10-25,11199.1201171875,0.6652505575042394,0.8456465440217033,0.0,0.0
2022-10-26,10970.990234375,0.41344413355397736,1.1020513892815833,0.0,0.0
2022-10-27,10792.669921875,0.23949498753289197,1.7103124531343235,0.0,0.0
2022-10-28,11102.4501953125,0.38061498880829703,1.311777829170988,0.0,0.0
2022-10-31,10988.150390625,0.3093575195886611,1.681234343494831,0.0,0.0
2022-11-01,10890.849609375,0.3624467483089479,2.213171714046355,0.0,0.0
2022-11-02,10524.7998046875,0.2572277589546111,5.711450691988547,0.0,0.0
2022-11-03,10342.9404296875,0.20078611363011378,12.572849141237562,0.0,0.0
2022-11-04,10475.25,0.24036035819868076,6.003456182480168,0.0,0.0
2022-11-07,10564.51953125,0.21926183602836583,4.257804117324826,0.0,0.0
2022-11-08,10616.2001953125,0.3836154445452487,5.188781239929217,0.0,0.0
2022-11-09,10353.169921875,0.22703233155835723,12.046564642940023,0.0,0.0
2022-11-10,11114.150390625,0.8490245103397602,2.376103704455092,0.0,0.0
2022-11-11,11323.330078125,1.3329299017339054,1.9544265686518805,0.0,0.0
2022-11-14,11196.2197265625,0.7900308477824773,2.772185528452638,0.0,3.7597401287327914
2022-11-15,11358.41015625,1.0437646958740205,1.970950534620969,0.0,0.0
2022-11-16,11183.66015625,1.0472553504744764,2.8667554652727545,0.0,2.4947341416844626
2022-11-17,11144.9599609375,0.4106200222022221,3.6214723473317822,0.0,4.3893339799581375
2022-11-18,11146.0595703125,0.8604794683659753,4.313882268930499,0.0,4.3355017001151905
2022-11-21,11024.509765625,0.5829283876427966,5.702803066487909,0.0,10.286072193198798
2022-11-22,11174.41015625,0.669341418233777,3.5548998699791383,0.0,2.947575486864207
2022-11-23,11285.3203125,1.099090669031183,1.8871001089382602,0.0,0.0
2022-11-25,11226.3603515625,0.9788363616952501,1.4539269685831269,0.0,0.40431101900871846
2022-11-28,11049.5,0.5578142260724989,6.590419447671477,0.0,9.062654749876387
2022-11-29,10983.7802734375,0.47846413991338826,6.130551619782456,0.0,12.280017926244808
2022-11-30,11468.0,1.0432507595588796,1.3505603028218722,0.0,0.0
2022-12-01,11482.4501953125,1.063900190051924,1.37675214246633,0.0,0.0
2022-12-02,11461.5,1.2829344257651338,1.8053904348572891,0.0,0.0
2022-12-05,11239.9404296875,0.9313248601489854,2.7095788048477263,0.0,0.0
2022-12-06,11014.8896484375,0.9770842938395331,8.254836849971472,0.0,10.75703292919602
2022-12-07,10958.5498046875,1.3550166086383588,10.27962596029602,0.0,13.5151962406519
2022-12-08,11082.0,1.0384674109823655,7.66302838340951,0.0,7.4715905641096985
2022-12-09,11004.6201171875,0.7800405765384794,7.949519924004737,0.0,11.259786263857146
2022-12-12,11143.740234375,1.1618834033596512,4.208803714970086,0.0,4.449046695343428
2022-12-13,11256.8095703125,1.1363617576447216,2.054348278578574,0.0,0.0
2022-12-14,11170.8896484375,1.1707771618896692,3.2393984401744103,0.0,3.1199248375159194
2022-12-15,10810.5302734375,1.516220853326518,16.938004844398872,0.0,20.761613931908762
2022-12-16,10705.41015625,1.2807193673259873,20.607225568972385,0.0,25.907855583005023
2022-12-19,10546.0302734375,1.1943522109671285,27.1369267657767,0.0,33.710428612994576
2022-12-20,10547.1103515625,1.3748089940340085,27.563570794901718,0.0,33.6575525015325
2022-12-21,10709.3701171875,1.4327205356829325,20.675347875758426,0.0,25.713992443783752
2022-12-22,10476.1201171875,1.1903338625699826,40.62643176953934,0.0,37.13293771547852
2022-12-23,10497.8603515625,1.3346389407571846,37.206218334296366,0.0,36.068626690732785
2022-12-27,10353.23046875,1.0902460248591208,54.46468729337785,0.0,86.29820271897954
2022-12-28,10213.2900390625,0.9789515115958127,62.81730396194152,0.0,100.0
2022-12-29,10478.08984375,0.44856665449651384,23.19673053384548,0.0,0.0
2022-12-30,10466.48046875,0.48515041026286787,17.859282903673563,0.0,0.0
2023-01-03,10386.98046875,0.443405804338236,22.050313746195904,0.0,0.0
2023-01-04,10458.759765625,0.35558725644903477,14.68561551972144,0.0,0.0
2023-01-05,10305.240234375,0.4557866396676621,22.66016219617448,0.0,0.0
2023-01-06,10569.2900390625,0.21073519012991615,2.4012386732179025,0.0,0.0
2023-01-09,10635.650390625,0.2925457501012672,2.3601904183700406,0.0,0.0
2023-01-10,10742.6298828125,0.4452592540077469,1.2304389554525288,0.0,0.0
2023-01-11,10931.669921875,0.7837645062230065,1.087008132824253,0.0,0.0
2023-01-12,11001.099609375,1.7798613017282876,1.1590534490972266,0.0,0.0
2023-01-13,11079.16015625,2.199299735329326,0.7154406568028345,0.0,0.0
2023-01-17,11095.1103515625,1.2685678673698892,0.4547652981462685,0.0,0.0
2023-01-18,10957.009765625,0.6991697887763442,0.7972125361326008,0.0,0.0
2023-01-19,10852.26953125,0.466268830353198,0.9884843159473471,0.0,0.0
2023-01-20,11140.4296875,0.4994589545787487,0.41186945803478153,0.0,0.0
2023-01-23,11364.41015625,1.2762160773685098,0.38170428147684893,0.0,0.0
2023-01-24,11334.26953125,1.1636209294608906,0.27519350695927336,0.0,0.0
2023-01-25,11313.3603515625,1.0560502482171206,0.4125211952760403,0.0,0.0
2023-01-26,11512.41015625,2.195326490782862,0.26576463756942065,0.0,0.0
2023-01-27,11621.7099609375,2.787773479560878,0.14253789399241856,0.0,0.0
2023-01-30,11393.8095703125,1.8143243203952106,0.36780528710658406,0.0,0.0
2023-01-31,11584.5498046875,1.7706147894425117,0.17961756013551156,0.0,0.0
2023-02-01,11816.3203125,2.176670319225838,0.17200525858005902,0.0,0.0
2023-02-02,12200.8203125,4.50727062405699,0.16228589506793284,0.0,0.0
2023-02-03,12006.9501953125,3.188950130468999,0.25260279707828054,0.0,0.0
2023-02-06,11887.4501953125,2.7367413804490237,0.14100260153128416,0.0,0.0
2023-02-07,12113.7900390625,6.0221213133297935,0.16148993838776288,0.0,0.0
2023-02-08,11910.51953125,4.585049933426557,0.30124728717510574,0.0,0.0
2023-02-09,11789.580078125,3.6274680459349042,0.6943117849102389,0.0,0.0
2023-02-10,11718.1201171875,2.8222580067480947,0.5773427701296007,0.0,0.0
2023-02-13,11891.7900390625,2.461535315102781,0.31076247179319333,0.0,0.0
2023-02-14,11960.150390625,3.215615108079326,0.44065334051490185,0.0,0.0
2023-02-15,12070.58984375,5.245066585440374,0.206756794612837,0.0,0.0
2023-02-16,11855.830078125,1.9659610292522298,1.0410843651851636,0.0,0.0
2023-02-17,11787.26953125,2.3490163048170802,0.6152075546007851,0.0,0.0
2023-02-21,11492.2998046875,1.2379884093577436,3.2503796154531406,0.0,0.0
2023-02-22,11507.0703125,0.7144102581170967,3.677967157663792,0.0,0.0
2023-02-23,11590.400390625,0.8675045285469073,3.0461886753014364,0.0,0.0
2023-02-24,11394.9404296875,0.7094097721300072,7.787126490703947,0.0,0.0
2023-02-27,11466.98046875,0.7766079818270691,4.286536038702756,0.0,0.0
2023-02-28,11455.5400390625,0.7983298968355824,5.748255894905944,0.0,0.0
2023-03-01,11379.48046875,0.3751743863817198,7.589558493879741,0.0,0.0
2023-03-02,11462.98046875,0.55024982637263,4.3176447659955866,0.0,0.0
2023-03-03,11689.009765625,1.376626659195211,1.8927251177758648,0.0,0.0
2023-03-06,11675.740234375,0.6601083387803547,1.1300409849988533,0.0,0.0
2023-03-07,11530.330078125,0.3658028560849608,1.900441811251086,0.0,0.0
2023-03-08,11576.0,0.5645569061855609,2.8954481114748614,0.0,0.0
2023-03-09,11338.349609375,0.6608111127825319,9.329859282987973,0.0,0.0
2023-03-10,11138.8896484375,1.04862918671754,18.58936241001872,0.0,0.0
2023-03-13,11188.83984375,1.0089255243081303,13.90100298657974,0.0,0.0
2023-03-14,11428.150390625,0.507450654581158,2.273603145061421,0.0,0.0
2023-03-15,11434.0498046875,0.9883910518295199,5.9032949109819715,0.0,0.0
2023-03-16,11717.2802734375,1.5156636072310885,1.9534562570156244,0.0,0.0
2023-03-17,11630.509765625,1.325410721312673,2.3592772023618225,0.0,0.0
2023-03-20,11675.5400390625,1.3877003204353038,1.295209459495241,0.0,0.0
2023-03-21,11860.1103515625,1.7049371324169535,0.23442206050120318,0.0,0.0
2023-03-22,11669.9599609375,0.9920053466052814,0.6912581268886863,0.0,0.0
2023-03-23,11787.400390625,1.0282214194732295,0.5265520001815411,0.0,0.0
2023-03-24,11823.9599609375,2.034235043129796,0.3918840287778062,0.0,0.0
2023-03-27,11768.83984375,1.417928479760619,0.05462740832632668,0.0,0.0
2023-03-28,11716.080078125,1.2224515160988136,0.14376766862400292,0.0,0.0
2023-03-29,11926.240234375,1.9895574690560933,0.09183381119987852,0.0,0.0
2023-03-30,12013.4697265625,2.2555097358798846,0.04006306009828016,0.0,0.0
2023-03-31,12221.91015625,6.048291163317065,0.04217290902433545,0.0,0.0
2023-04-03,12189.4501953125,6.254076959052878,0.047647380863827714,0.0,0.0
2023-04-04,12126.330078125,5.43073830415239,0.08457675717064213,0.0,0.0
2023-04-05,11996.8603515625,3.1026901781799707,0.143877323737438,0.0,0.0
2023-04-06,12087.9599609375,4.754326330703889,0.15928745213376672,0.0,0.0
2023-04-10,12084.3603515625,4.0573046746519665,0.07903805159416483,0.0,0.0
2023-04-11,12031.8798828125,3.5367670315147683,0.09461237029898831,0.0,0.0
2023-04-12,11929.33984375,3.0688730221026503,0.19809435742062517,0.0,0.0
2023-04-13,12166.26953125,6.180601350749275,0.058798942203430654,0.0,0.0
2023-04-14,12123.4697265625,4.70384858553893,0.1731171509597162,0.0,0.0
2023-04-17,12157.7197265625,6.101871404100086,0.12265587802578416,0.0,0.0
2023-04-18,12153.41015625,6.04735879523374,0.06568301064608109,0.0,0.0
2023-04-19,12157.23046875,6.1168088759087125,0.03404838875779519,0.0,0.0
2023-04-20,12059.5595703125,4.275940620553734,0.06227924603982853,0.0,0.0
2023-04-21,12072.4599609375,4.572148029238693,0.1161855457236571,0.0,0.0
2023-04-24,12037.2001953125,3.293107870810503,0.1562736942430466,0.0,0.0
2023-04-25,11799.16015625,2.067787268213959,1.8626658673258065,0.0,0.0
2023-04-26,11854.349609375,2.31557378924229,1.30013032113931,0.0,0.0
2023-04-27,12142.240234375,4.28362855672383,0.17162093685935015,0.0,0.0
2023-04-28,12226.580078125,7.038495180388853,0.04244501903733121,0.0,0.0
2023-05-01,12212.599609375,4.791586489345696,0.04629995964509936,0.0,0.0
2023-05-02,12080.509765625,3.6325073990547403,0.10208443313680804,0.0,0.0
2023-05-03,12025.330078125,3.0056076811564028,0.21991313713248314,0.0,0.0
2023-05-04,11966.400390625,2.596653268431427,0.43812579934544466,0.0,0.0
2023-05-05,12235.41015625,3.725566751226559,0.053240567753146215,0.0,0.0
2023-05-08,12256.919921875,2.86461673024134,0.03155152929268666,0.0,0.0
2023-05-09,12179.5498046875,2.608867637688539,0.04057113849127141,0.0,0.0
2023-05-10,12306.4404296875,4.739136949320856,0.022263307073328,0.0,0.0
2023-05-11,12328.509765625,4.118659180015197,0.02318562901127907,0.0,0.0
2023-05-12,12284.740234375,3.4107513744988247,0.02342159055076533,0.0,0.0
2023-05-15,12365.2099609375,2.7223853043294057,0.021045357784923256,0.0,0.0
2023-05-16,12343.0498046875,2.741629284538169,0.021612685315961527,0.0,0.0
2023-05-17,12500.5703125,4.428766429125101,0.022364578427862946,0.0,0.0
2023-05-18,12688.83984375,6.968866347882625,0.02330361482589591,0.0,0.0
2023-05-19,12657.900390625,6.278870004219458,0.02324202231567782,0.0,0.0
2023-05-22,12720.7802734375,6.625806012600403,0.022739450772208812,0.0,0.0
2023-05-23,12560.25,4.524284659061065,0.022478425301290638,0.0,0.0
2023-05-24,12484.16015625,3.124207280302249,0.026918796774435164,0.0,0.0
2023-05-25,12698.08984375,4.690122622646309,0.058523661711680316,0.0,0.0
2023-05-26,12975.6904296875,6.2522007028575795,0.05114120127340534,0.0,0.0
2023-05-30,13017.4296875,5.323801643401744,0.06200230659481103,0.0,0.0
2023-05-31,12935.2900390625,5.203038666648966,0.09058948192938758,0.0,0.0
2023-06-01,13100.98046875,7.051064118742955,0.04327374680261164,0.0,0.0
2023-06-02,13240.76953125,6.267741446951171,0.04584857494363525,0.0,0.0
2023-06-05,13229.4296875,4.913808947212005,0.04988747261000958,0.0,0.0
2023-06-06,13276.419921875,6.24337898181727,0.04491551457629409,0.0,0.0
2023-06-07,13104.900390625,4.740694159576239,0.04311496555101642,0.0,0.0
2023-06-08,13238.51953125,5.661795842634173,0.04054522008199247,0.0,0.0
2023-06-09,13259.1396484375,4.845230978010355,0.0664714454421979,0.0,0.0
2023-06-12,13461.919921875,6.753693932538665,0.06658767315794291,0.0,0.0
2023-06-13,13573.3203125,6.400131547296569,0.0904953102262104,0.0,0.0
2023-06-14,13626.48046875,8.11799708878875,0.0811664989485408,0.0,0.0
2023-06-15,13782.8203125,8.759370337199911,0.1660406110106483,0.0,0.0
2023-06-16,13689.5703125,6.770182499541655,0.15501673662591747,0.0,0.0
2023-06-20,13667.2900390625,5.971439954513333,0.14666833107689314,0.0,0.0
2023-06-21,13502.2001953125,6.544552036985589,0.388555759929976,0.0,0.0
2023-06-22,13630.6103515625,6.009191066904985,0.211481531835067,0.0,0.0
2023-06-23,13492.51953125,6.329385451109526,0.34441138192393805,0.0,0.0
2023-06-26,13335.7802734375,5.101816792407517,0.33472470890754985,0.0,0.0
2023-06-27,13555.669921875,4.4427602312057966,0.29195381143045096,0.0,0.0
2023-06-28,13591.75,4.45353543199649,0.2602730167725652,0.0,0.0
2023-06-29,13591.330078125,3.648645259905014,0.1532704229107467,0.0,0.0
2023-06-30,13787.919921875,5.394973225465315,0.18057456658461732,0.0,0.0
2023-07-03,13816.76953125,6.6994372368221144,0.1608489153573123,0.0,0.0
2023-07-05,13791.650390625,6.827535596496526,0.09458124982934522,0.0,0.0
2023-07-06,13679.0400390625,5.033829386784876,0.15286103020843356,0.0,0.0
2023-07-07,13660.7197265625,5.274435734951802,0.17162860785936312,0.0,0.0
2023-07-10,13685.48046875,6.433181896526377,0.19901021509493821,0.0,0.0
2023-07-11,13760.7001953125,8.73694537754189,0.11025410525032281,0.0,0.0
2023-07-12,13918.9599609375,12.795590974607506,0.1771441059963766,0.0,0.0
2023-07-13,14138.5703125,17.13172723327928,0.14922718388846967,0.0,0.0
2023-07-14,14113.7001953125,15.660713894025456,0.13286314646917163,0.0,0.0
2023-07-17,14244.9501953125,16.118302943560636,0.3755258374448151,0.0,0.0
2023-07-18,14353.6396484375,20.29213135057263,0.3432825599254639,0.0,0.0
2023-07-19,14358.01953125,23.293323921489684,0.43194284323716026,0.0,0.0
2023-07-20,14063.3095703125,10.872259865261906,0.28347864784739274,0.0,0.0
2023-07-21,14032.8095703125,7.07875973588087,0.382864167670932,0.0,0.0
2023-07-24,14058.8701171875,7.705773708961751,0.3946146646237183,0.0,0.0
2023-07-25,14144.5595703125,9.661245262433642,0.5007085605443796,0.0,0.0
2023-07-26,14127.2802734375,9.141191777263836,0.6408497054741875,0.0,0.0
2023-07-27,14050.1103515625,7.0875632350173134,0.47176754574946844,0.0,0.0
2023-07-28,14316.66015625,18.728295577577473,0.6650176212643294,0.0,0.0
2023-07-31,14346.01953125,18.452825501645904,0.6062888024208202,0.0,0.0
2023-08-01,14283.91015625,10.191490607504472,0.9433174911851321,0.0,0.0
2023-08-02,13973.4501953125,4.230945617087047,1.7078994992051961,0.0,0.0
2023-08-03,13959.7197265625,3.4775534399118446,0.8774409996333639,0.0,0.0
2023-08-04,13909.240234375,3.44415769127782,1.2521879967098593,0.0,0.0
2023-08-07,13994.400390625,3.115952030843429,0.9945878804967342,0.0,0.0
2023-08-08,13884.3203125,2.2183698964330314,1.59262162568492,0.0,0.0
2023-08-09,13722.01953125,0.8385685885335031,3.5320018964733584,0.0,0.0
2023-08-10,13737.990234375,1.1222792192347315,3.628866180588958,0.0,0.0
2023-08-11,13644.849609375,1.0796030397842398,7.402196412108264,0.0,0.0
2023-08-14,13788.330078125,0.9230909919143404,4.841300856934288,0.0,0.0
2023-08-15,13631.0498046875,0.6327762409337087,10.143712137421767,0.0,0.0
2023-08-16,13474.6298828125,0.5695307759575788,14.3119583234702,0.0,0.0
2023-08-17,13316.9296875,0.4949475715219149,15.861369055174503,0.0,0.0
2023-08-18,13290.7802734375,0.31174959887751363,18.93232569357919,0.0,0.0
2023-08-21,13497.58984375,0.19384851469149522,9.128527570587716,0.0,0.0
2023-08-22,13505.8701171875,0.18670544203494246,7.985029736892183,0.0,0.0
2023-08-23,13721.0302734375,0.44109435204467096,1.3918031281734824,0.0,0.0
2023-08-24,13463.9697265625,0.24709649011792748,4.226293199527723,0.0,0.0
2023-08-25,13590.650390625,0.5037303972178717,4.878548200280796,0.0,0.0
2023-08-28,13705.1298828125,0.7202383356825703,3.342249570978858,0.0,0.0
2023-08-29,13943.759765625,1.4307897783416599,0.5000853025311466,0.0,0.0
2023-08-30,14019.3095703125,0.9589917260547032,0.15693041015855447,0.0,0.0
2023-08-31,14034.9697265625,2.05295924889153,0.08968930200917113,0.0,0.0
2023-09-01,14031.8095703125,2.611981439361559,0.0239691473217603,0.0,0.0
2023-09-05,14020.9501953125,0.9452812904554636,0.0461848810526981,0.0,0.0
2023-09-06,13872.4697265625,0.6633945440212667,0.08852890538316198,0.0,0.0
2023-09-07,13748.830078125,0.35303573058139714,0.1385540003484002,0.0,0.0
2023-09-08,13761.5302734375,0.5122886588832787,0.0727095874594613,0.0,0.0
2023-09-11,13917.8896484375,0.5775841319584686,0.04318499720146584,0.0,0.0
2023-09-12,13773.6103515625,0.5452093011846357,0.08136862069896264,0.0,0.0
2023-09-13,13813.58984375,0.7977232087491584,0.0484500762502552,0.0,0.0
2023-09-14,13926.0498046875,1.742126447928073,0.04118783611352238,0.0,0.0
2023-09-15,13708.330078125,1.1113721545477222,0.4387948160750479,0.0,0.0
2023-09-18,13710.240234375,0.9040729822772745,0.3437649231754104,0.0,0.0
2023-09-19,13678.1904296875,0.8321881485655539,0.6177229232848739,0.0,0.0
2023-09-20,13469.1298828125,0.41411377422789125,3.4436377123784023,0.0,0.0
2023-09-21,13223.98046875,0.497465574874976,5.394212665706802,0.0,0.0
2023-09-22,13211.8095703125,0.6098186011879682,4.410347185421142,0.0,0.0
2023-09-25,13271.3203125,0.3950960010836443,4.522481424631179,0.0,0.0
2023-09-26,13063.6103515625,0.3271432870942701,7.159217578456029,0.0,0.0
2023-09-27,13092.849609375,0.5238053645550851,8.365834530123985,0.0,0.0
2023-09-28,13201.2802734375,0.265422826848787,6.259864678022932,0.0,0.0
2023-09-29,13219.3203125,0.33713436898988325,6.727576309834557,0.0,0.0
2023-10-02,13307.76953125,0.2731123324786547,5.255085542225817,0.0,0.0
2023-10-03,13059.4697265625,0.37297981398558516,13.041090487261298,0.0,0.0
2023-10-04,13236.009765625,0.2762997548789948,6.372180880438287,0.0,0.0
2023-10-05,13219.830078125,0.44142972923656815,5.228087482214363,0.0,0.0
2023-10-06,13431.33984375,0.6374079989647992,1.2948577751231938,0.0,0.0
2023-10-09,13484.240234375,0.3374522912813681,0.6614882664245407,0.0,0.0
2023-10-10,13562.83984375,0.7141988671955632,0.3122764388578044,0.0,0.0
2023-10-11,13659.6796875,1.696862404259491,0.2785329016128224,0.0,0.0
2023-10-12,13574.2197265625,0.7150136359230174,0.31225101425786217,0.0,0.0
2023-10-13,13407.23046875,0.9517053651807449,1.259657528580944,0.0,0.0
2023-10-16,13567.98046875,0.7501216790680522,0.2388742988142554,0.0,0.0
2023-10-17,13533.75,0.6585403526958687,0.22853662897336202,0.0,0.0
2023-10-18,13314.2998046875,0.7026749608619759,1.2111740613423176,0.0,0.0
2023-10-19,13186.1796875,1.358123180885392,3.7861543786366942,0.0,0.0
2023-10-20,12983.8095703125,0.47004178167690186,6.849617998181108,0.0,0.0
2023-10-23,13018.330078125,0.3501780111070152,4.878747990255998,0.0,0.0
2023-10-24,13139.8701171875,0.5212977847085947,2.1426937800080945,0.0,0.0
2023-10-25,12821.2197265625,0.3106384649320901,8.441150729460135,0.0,0.0
2023-10-26,12595.6103515625,0.14347843714146363,14.713729049545085,0.0,0.0
2023-10-27,12643.009765625,0.04481446324313652,15.499261134781543,0.0,0.0
2023-10-30,12789.48046875,0.04833709392482605,9.388068353296418,0.0,0.0
2023-10-31,12851.240234375,0.16783334281909898,6.666186213044008,0.0,0.0
2023-11-01,13061.4697265625,0.14835024621900522,1.745008544494461,0.0,0.0
2023-11-02,13294.1904296875,0.5292236380766329,0.5318079614772326,0.0,0.0
2023-11-03,13478.2802734375,1.14941392312871,0.20700201286140338,0.0,0.0
2023-11-06,13518.7802734375,0.841150654930885,0.04629687194332725,0.0,0.0
2023-11-07,13639.8603515625,1.055285790901561,0.08954317608238231,0.0,0.0
2023-11-08,13650.41015625,1.2542025323994992,0.3377826210002886,0.0,0.0
2023-11-09,13521.4501953125,0.4496959996034871,0.0374258541539822,0.0,0.0
2023-11-10,13798.1103515625,1.1307513306023176,0.03186606929901235,0.0,0.0
2023-11-13,13767.740234375,0.5820126786434452,0.032513429776702005,0.0,0.0
2023-11-14,14094.3798828125,3.0947853694328593,0.07416619095782102,0.0,0.0
2023-11-15,14103.83984375,5.350933797219068,0.03556900449012894,0.0,0.0
2023-11-16,14113.669921875,6.164616737467703,0.04295813500336627,0.0,0.0
2023-11-17,14125.48046875,6.721380611458543,0.03331763035500596,0.0,0.0
2023-11-20,14284.5302734375,7.281258487239397,0.040243608936036374,0.0,0.0
2023-11-21,14199.98046875,3.8661137402336525,0.03347624464516419,0.0,0.0
2023-11-22,14265.8603515625,5.831060402279493,0.04749472469342959,0.0,0.0
2023-11-24,14250.849609375,6.220998143274026,0.05302617907865489,0.0,0.0
2023-11-27,14241.01953125,4.45258028995664,0.05877149616671885,0.0,0.0
2023-11-28,14281.759765625,4.218030063921401,0.06424294783450712,0.0,0.0
2023-11-29,14258.490234375,3.110755258644766,0.08054965459473488,0.0,0.0
2023-11-30,14226.2197265625,3.228728830221248,0.0714928634748135,0.0,0.0
2023-12-01,14305.0302734375,3.6827862098424196,0.06778964454847858,0.0,0.0
2023-12-04,14185.490234375,3.267681536739651,0.07419852248895649,0.0,0.0
2023-12-05,14229.91015625,4.032527317391774,0.11040305945199391,0.0,0.0
2023-12-06,14146.7099609375,4.711687290862766,0.2720682779330572,0.0,0.0
2023-12-07,14339.990234375,4.100485129920758,0.41801358471579714,0.0,0.0
2023-12-08,14403.9697265625,4.6072232081732984,0.2258151262416169,0.0,0.0
2023-12-11,14432.490234375,4.718896367899985,0.13337354079634778,0.0,0.0
2023-12-12,14533.400390625,5.720455037784359,0.07023420361048428,0.0,0.0
2023-12-13,14733.9599609375,7.143745987667244,0.07484023460478996,0.0,0.0
2023-12-14,14761.5595703125,7.575734658747732,0.4930971283854059,0.0,0.0
2023-12-15,14813.919921875,8.21939712805214,0.35185371185986114,0.0,0.0
2023-12-18,14904.8095703125,9.205554319752014,0.12112243827569114,0.0,0.0
2023-12-19,15003.2197265625,10.268716702194565,0.32543644685393763,0.0,0.0
2023-12-20,14777.9404296875,7.338631411315426,0.2076181805104539,0.0,0.0
2023-12-21,14963.8701171875,6.974783128217283,0.13405430182027733,0.0,0.0
2023-12-22,14992.9697265625,7.240773582796548,0.14890118095321506,0.0,0.0
2023-12-26,15074.5703125,7.729961630382391,0.11440200182038378,0.0,0.0
2023-12-27,15099.1796875,8.43048097168012,0.1810834656821175,0.0,0.0
2023-12-28,15095.1396484375,10.862400906059854,0.05896419254649678,0.0,0.0
2023-12-29,15011.349609375,11.379477645783945,0.15448400163268133,0.0,0.0
2024-01-02,14765.9404296875,8.441626208920528,0.2963521514469693,0.0,0.0
2024-01-03,14592.2099609375,6.646282266083811,0.9774766614934125,0.0,0.0
2024-01-04,14510.2998046875,5.000565341403045,2.0328125798199723,0.0,0.0
2024-01-05,14524.0703125,4.668423963699505,1.7672347356418234,0.0,0.0
2024-01-08,14843.76953125,4.982017027272158,0.6440825373479495,0.0,0.0
2024-01-09,14857.7099609375,3.770436317212475,0.2894833720486869,0.0,0.0
2024-01-10,14969.650390625,5.774035072493984,0.20986393315802918,0.0,0.0
2024-01-11,14970.1904296875,5.356808958164883,0.11540087766598356,0.0,0.0
2024-01-12,14972.759765625,4.814670154662403,0.0819069007637164,0.0,0.0
2024-01-16,14944.349609375,3.964223481076322,0.12984079950060776,0.0,0.0
2024-01-17,14855.6201171875,3.4312486031879366,0.2622463466304745,0.0,0.0
2024-01-18,15055.650390625,4.711020608786008,0.05875809848211655,0.0,0.0
2024-01-19,15310.9697265625,7.444900276994583,0.04905425782034593,0.0,0.0
2024-01-22,15360.2900390625,7.195026713770736,0.05625896269769322,0.0,0.0
2024-01-23,15425.9404296875,6.3509246134744295,0.06276646730901518,0.0,0.0
2024-01-24,15481.919921875,7.023154910468712,0.03765210895804842,0.0,0.0
2024-01-25,15510.5,6.813308222710051,0.05400676627233334,0.0,0.0
2024-01-26,15455.3603515625,7.082108946359887,0.08557676206095519,0.0,0.0
2024-01-29,15628.0400390625,8.118676991284111,0.16451979540682898,0.0,0.0
2024-01-30,15509.900390625,5.565524705795418,0.13657642856112293,0.0,0.0
2024-01-31,15164.009765625,5.973487481364568,0.47329154581342353,0.0,0.0
2024-02-01,15361.6396484375,7.658229125796543,0.6003819204928972,0.0,0.0
2024-02-02,15628.9501953125,7.581797859593784,0.24600209781478835,0.0,0.0
2024-02-05,15597.6796875,6.6387212087040295,0.23055716048420907,0.0,0.0
2024-02-06,15609.0,5.683447980628284,0.11671270432077434,0.0,0.0
2024-02-07,15756.6396484375,9.553647202870263,0.05879095301881143,0.0,0.0
2024-02-08,15793.7099609375,10.85345860094993,0.06514997039892392,0.0,0.0
2024-02-09,15990.66015625,13.61233535736085,0.05668654945098723,0.0,0.0
2024-02-12,15942.5498046875,10.552144649883711,0.09461161230427367,0.0,0.0
2024-02-13,15655.599609375,8.143796112232037,0.43581585294902586,0.0,0.0
2024-02-14,15859.150390625,9.101098967317762,0.2348380343168726,0.0,0.0
2024-02-15,15906.169921875,9.399136183325608,0.09594918927353643,0.0,0.0
2024-02-16,15775.650390625,6.712517908140371,0.24581724171672548,0.0,0.0
2024-02-20,15630.7802734375,5.485916391158132,0.503440587390112,0.0,0.0
2024-02-21,15580.8701171875,4.608543016214399,0.45475869522203244,0.0,0.0
2024-02-22,16041.6201171875,11.547493672051463,0.25167980458274014,0.0,0.0
2024-02-23,15996.8203125,8.521963562648478,0.07021927088491,0.0,0.0
2024-02-26,15976.25,7.729886943592891,0.06444478934274223,0.0,0.0
2024-02-27,16035.2998046875,9.437524644959876,0.05973652089169796,0.0,0.0
2024-02-28,15947.740234375,7.0143637871160704,0.1159901314057409,0.0,0.0
2024-02-29,16091.919921875,10.82252402438909,0.06903102186481708,0.0,0.0
2024-03-01,16274.9404296875,15.065521814109893,0.07114534816118095,0.0,0.0
2024-03-04,16207.509765625,14.4477451091101,0.046172546664873484,0.0,0.0
2024-03-05,15939.58984375,6.479000184654302,0.2845981555087884,0.0,0.0
2024-03-06,16031.5400390625,8.715634898210503,0.14467166455863928,0.0,0.0
2024-03-07,16273.3798828125,17.792762366693104,0.14480254798499784,0.0,0.0
2024-03-08,16085.1103515625,8.935853405342181,0.3060768727086002,0.0,0.0
2024-03-11,16019.26953125,8.020048107172261,0.7837494166781385,0.0,0.0
2024-03-12,16265.6396484375,13.608556761224724,0.14705098973951922,0.0,0.0
2024-03-13,16177.76953125,8.730563240590353,0.16362632195745502,0.0,0.0
2024-03-14,16128.5302734375,6.501721250079941,0.18924535417718372,0.0,0.0
2024-03-15,15973.169921875,4.498457081301851,0.9112178072980313,0.0,0.0
2024-03-18,16103.4501953125,6.307839632298002,0.15863416908433062,0.0,0.0
2024-03-19,16166.7900390625,7.087759359050616,0.05165600143339005,0.0,0.0
2024-03-20,16369.41015625,23.082209257280905,0.06885652624525278,0.0,0.0
2024-03-21,16401.83984375,17.809632804625554,0.07292145884978336,0.0,0.0
2024-03-22,16428.8203125,20.79262501335036,0.05098741779969973,0.0,0.0
2024-03-25,16384.470703125,15.006465233544509,0.052667008529435635,0.0,0.0
2024-03-26,16315.7001953125,8.653542707816024,0.06371612471315594,0.0,0.0
2024-03-27,16399.51953125,11.536799930166012,0.05516844810696232,0.0,0.0
2024-03-28,16379.4599609375,8.921717660711625,0.06057625960141315,0.0,0.0
2024-04-01,16396.830078125,8.572751953670943,0.13075284825717534,0.0,0.0
2024-04-02,16240.4501953125,4.500933944753607,0.1336417910807861,0.0,0.0
2024-04-03,16277.4599609375,4.7375396161860115,0.08238008690013475,0.0,0.0
2024-04-04,16049.080078125,3.1347138264607564,0.7921865036017581,0.0,0.0
2024-04-05,16248.51953125,4.840510052416973,0.2551024948674725,0.0,0.0
2024-04-08,16253.9599609375,4.290013466908988,0.104069881206506,0.0,0.0
2024-04-09,16306.6396484375,5.2612661391766276,0.030236813018568995,0.0,0.0
2024-04-10,16170.3603515625,3.374605326039709,0.5397638238026586,0.0,0.0
2024-04-11,16442.19921875,10.443302333069168,0.11274063448666423,0.0,0.0
2024-04-12,16175.08984375,4.423601898040099,0.40403526367238285,0.0,0.0
2024-04-15,15885.01953125,3.17833961366595,1.5451954802044057,0.0,0.0
2024-04-16,15865.25,2.282907858853418,1.9677039677741566,0.0,0.0
2024-04-17,15683.3701171875,0.9271528791055225,5.303681517804801,0.0,0.0
2024-04-18,15601.5,1.4064191006760212,9.978669173416181,0.0,0.0
2024-04-19,15282.009765625,0.8845657971082539,18.97774630835993,0.0,0.0
2024-04-22,15451.3095703125,0.7320172603071214,17.221314186251643,0.0,0.0
2024-04-23,15696.6396484375,0.41713894203003954,7.043127744079533,0.0,0.0
2024-04-24,15712.75,0.5435452601595009,3.831965732056683,0.0,0.0
2024-04-25,15611.759765625,0.5138779328243112,8.144382328202305,0.0,0.0
2024-04-26,15927.900390625,0.8059594963745998,1.0689615169462356,0.0,0.0
2024-04-29,15983.080078125,0.6859716326187639,0.5215437459705745,0.0,0.0
2024-04-30,15657.8203125,0.2688725702863472,2.482965473506092,0.0,0.0
2024-05-01,15605.48046875,0.2736061941177328,4.340110223915096,0.0,0.0
2024-05-02,15840.9599609375,0.3885907132413797,0.29367015655666273,0.0,0.0
2024-05-03,16156.330078125,1.1801420381947043,0.06212404186380198,0.0,0.0
2024-05-06,16349.25,2.022697147698362,0.14233723108080865,0.0,0.0
2024-05-07,16332.5595703125,2.3776308511915505,0.07809206377466206,0.0,0.0
2024-05-08,16302.759765625,2.759062288781231,0.03902791446459435,0.0,0.0
2024-05-09,16346.259765625,2.7757108065058897,0.05693146531139837,0.0,0.0
2024-05-10,16340.8701171875,3.181513996494199,0.024752647070067208,0.0,0.0
2024-05-13,16388.240234375,3.526461761474046,0.03579155472368177,0.0,0.0
2024-05-14,16511.1796875,4.400352119893354,0.0283122377788372,0.0,0.0
2024-05-15,16742.390625,8.284066127979402,0.05591553432811677,0.0,0.0
2024-05-16,16698.3203125,8.939760374716165,0.05862205119847335,0.0,0.0
2024-05-17,16685.970703125,8.590487352861983,0.061206427733306375,0.0,0.0
2024-05-20,16794.869140625,9.596868284463365,0.026982850110133575,0.0,0.0
2024-05-21,16832.619140625,10.536256390059595,0.0321978312239662,0.0,0.0
2024-05-22,16801.5390625,7.364401134437941,0.04075584933681747,0.0,0.0
2024-05-23,16736.029296875,7.80555661800876,0.06660776755698854,0.0,0.0
2024-05-24,16920.7890625,8.976141931329783,0.03633228777983995,7.4050216737502,0.0
2024-05-28,17019.880859375,11.919724039748438,0.09002632533242037,12.718981546361796,0.0
2024-05-29,16920.580078125,8.704114233430905,0.10391533341513068,7.393814544423893,0.0
2024-05-30,16737.080078125,6.566837193840195,0.05566937784870335,0.0,0.0
2024-05-31,16735.01953125,7.155320888932135,0.05772606024533861,0.0,0.0
2024-06-03,16828.669921875,5.725734514163558,0.14536818547991856,2.4649819104363813,0.0
2024-06-04,16857.05078125,6.427811724365073,0.11926663124357893,3.9869519687574573,0.0
2024-06-05,17187.900390625,19.174813184127295,0.27068884040762636,21.72930404564799,0.0
2024-06-06,17173.119140625,19.65175121214429,0.080660139853399,20.936635309747253,0.0
2024-06-07,17133.130859375,17.757865273284793,0.042670250046622005,18.79219824594809,0.0
2024-06-10,17192.529296875,20.998024687560655,0.035206299123695446,21.97753672324906,0.0
2024-06-11,17343.55078125,28.65945719910572,0.03538235057218021,30.076311124154675,0.0
2024-06-12,17608.439453125,41.29858931721028,0.053318272720120234,44.2813999149934,0.0
2024-06-13,17667.560546875,43.69518013642304,0.07718301403335072,47.45186537954358,0.0
2024-06-14,17688.880859375,45.346384011473496,0.1451127261481654,48.59520204987822,0.0
2024-06-17,17857.01953125,49.39867070959646,0.06835902958980222,57.61191366027567,0.0
2024-06-18,17862.23046875,48.76360505768394,0.09776089683732786,57.89135871674809,0.0
2024-06-20,17721.58984375,43.368646220276915,0.05352239506580736,50.34927489873259,0.0
2024-06-21,17689.359375,42.31640254540082,0.07840572707687575,48.62086323384964,0.0
2024-06-24,17496.8203125,34.41338660082654,0.16462455980903576,38.295640719962755,0.0
2024-06-25,17717.650390625,42.793254050026135,0.5568516368341064,50.13801527395566,3.017451406007865
2024-06-26,17805.16015625,44.71953072782152,0.19204209198517788,54.83086975493256,0.31583389053000954
2024-06-27,17858.6796875,46.14507112479974,0.16363280506828679,57.700942257727526,0.0
2024-06-28,17732.599609375,40.59694877561861,0.4071014300672314,50.93969160912801,2.5559363861782094
2024-07-01,17879.30078125,44.826866175417145,0.09682620300152509,58.806782177605974,0.0
2024-07-02,18028.759765625,51.40144861494469,0.11199702334648087,66.82176495738044,0.0
2024-07-03,18188.30078125,56.783810983014675,0.1339249952413602,75.3774131725037,0.0
2024-07-05,18352.759765625,64.10577570041877,0.10653724628531511,84.19679551513727,0.0
2024-07-08,18403.740234375,69.0189205649951,0.09131667466031154,86.93070663359411,0.0
2024-07-09,18429.2890625,72.29258060241325,0.10106796023693007,88.30080437861496,0.0
2024-07-10,18647.44921875,73.18508145327914,0.22722770362830788,100.0,0.0
2024-07-11,18283.41015625,26.436196673463307,0.2168973781477441,0.0,0.0
2024-07-12,18398.44921875,27.770418766157487,0.15673451094196714,0.0,0.0
2024-07-15,18472.5703125,28.824040933493908,0.11791955378449998,0.0,0.0
2024-07-16,18509.33984375,28.57464672796237,0.1638477783083957,0.0,0.0
2024-07-17,17996.919921875,10.65455094536738,1.547302004840388,0.0,0.0
2024-07-18,17871.220703125,6.0557672136111735,1.440781480542367,0.0,0.0
2024-07-19,17726.939453125,4.110841603426032,3.404217888779926,0.0,2.7306777668244466
2024-07-22,18007.5703125,5.64398317081456,1.6135310541031358,0.0,0.0
2024-07-23,17997.349609375,4.341296585754311,3.0329569020765486,0.0,0.0
2024-07-24,17342.41015625,2.4456982002335663,15.313135981384388,0.0,14.60193666270132
2024-07-25,17181.720703125,1.1590206962253318,17.9392638611871,0.0,19.56277089662407
2024-07-26,17357.880859375,0.9293285570268645,16.15821769884629,0.0,14.124322281714823
2024-07-29,17370.19921875,0.627799107427575,15.676261702952411,0.0,13.744027634462974
2024-07-30,17147.419921875,0.6613290223400703,19.126378729665912,0.0,20.621710899008228
2024-07-31,17599.400390625,1.5445155490628049,7.566158748931294,0.0,6.668087068480588
2024-08-01,17194.150390625,0.9104814021470531,18.432843690011726,0.0,19.17903930710279
2024-08-02,16776.16015625,1.565484107750336,39.72079105276779,0.0,32.08331039526102
2024-08-05,16200.080078125,1.787956255503533,72.60946444903668,0.0,99.73632020097791
2024-08-06,16366.849609375,1.6103539417217174,64.75495982119251,0.0,89.43924116173714
2024-08-07,16195.8095703125,0.77634999986114,68.84467998921286,0.0,100.0
2024-08-08,16660.01953125,0.5986199790296035,14.748011007224752,0.0,0.0
2024-08-09,16745.30078125,0.6693177932514519,11.302649023055785,0.0,0.0
2024-08-12,16780.609375,0.5582108222382574,11.243673516228375,0.0,0.0
2024-08-13,17187.609375,1.041827768387185,3.411602555185768,0.0,0.0
2024-08-14,17192.599609375,1.3583298116253455,2.229817193014856,0.0,0.0
2024-08-15,17594.5,1.6520807063794867,0.5163646375646261,0.0,0.0
2024-08-16,17631.720703125,1.7626709714325879,0.3446993542916848,0.0,0.0
2024-08-19,17876.76953125,2.246518996886078,0.35084254966189565,0.0,0.0
2024-08-20,17816.939453125,1.0811487138508018,0.2674730154043515,0.0,0.0
2024-08-21,17918.990234375,1.7472049449720293,0.3289685407613397,0.0,0.0
2024-08-22,17619.349609375,1.3276696841052968,0.3716677034744431,0.0,0.0
2024-08-23,17877.7890625,1.9901467214792468,0.24795219966311546,0.0,0.0
2024-08-26,17725.76953125,1.3232610962944713,0.2974429524417526,0.0,0.0
2024-08-27,17754.8203125,1.4919016014769642,0.22150023444484196,0.0,0.0
2024-08-28,17556.029296875,1.216640558634014,0.43658151202479023,0.0,0.0
2024-08-29,17516.4296875,1.8759883624369569,0.39145553169263764,0.0,0.0
2024-08-30,17713.619140625,2.944517877287237,0.2170383520829594,0.0,0.0
2024-09-03,17136.30078125,2.6095075019111706,2.6193038737295833,0.0,0.0
2024-09-04,17084.30078125,1.1675431913260441,2.4285627651335506,0.0,0.0
2024-09-05,17127.66015625,1.2212745061403718,2.545768901525757,0.0,0.0
2024-09-06,16690.830078125,0.7493286920659862,7.644526660029097,0.0,0.0
2024-09-09,16884.599609375,0.7436650188017564,7.28699521990857,0.0,0.0
2024-09-10,17025.880859375,0.5509724972417153,4.390559512556253,0.0,0.0
2024-09-11,17395.529296875,1.0276727118030615,1.8604404256790628,0.0,0.0
2024-09-12,17569.6796875,1.1893093948943338,0.6209439765982634,0.0,0.0
2024-09-13,17683.98046875,1.63961194900524,0.35376547926348995,0.0,0.0
2024-09-16,17592.130859375,1.467120929278497,0.34029885465008103,0.0,0.0
2024-09-17,17628.060546875,1.0494405117832908,0.25200298521552583,0.0,0.0
2024-09-18,17573.30078125,1.0822276243539877,0.23379758600268774,0.0,0.0
2024-09-19,18013.98046875,2.206220626656925,0.068413741532391,0.0,0.0
2024-09-20,17948.3203125,1.8207941915393457,0.09645307151751244,0.0,0.0
2024-09-23,17974.26953125,1.5490592791620963,0.052439032059365405,0.0,0.0
2024-09-24,18074.51953125,2.0778652010342746,0.05534010871914751,0.0,0.0
2024-09-25,18082.2109375,1.5907924543524772,0.05021177215102588,0.0,0.0
2024-09-26,18190.2890625,2.929076772789518,0.03720904453590753,0.0,0.0
2024-09-27,18119.58984375,2.396108228604716,0.0523507405975482,0.0,0.0
2024-09-30,18189.169921875,2.4866599741192217,0.048076263301540564,0.0,0.0
2024-10-01,17910.359375,2.4709720465777405,0.22665902689175202,0.0,0.0
2024-10-02,17925.119140625,1.9392952842507116,0.1503259454444315,0.0,0.0
2024-10-03,17918.48046875,3.0636985916626793,0.2543865062588967,0.0,0.0
2024-10-04,18137.849609375,4.374172455563694,0.15081334847321642,0.0,0.0
2024-10-07,17923.900390625,3.7241267511791625,0.9339826842026226,0.0,0.0
2024-10-08,18182.919921875,4.350515690889971,0.4261710263110867,0.0,0.0
2024-10-09,18291.619140625,7.063911994711884,0.1379458848207128,0.0,0.0
2024-10-10,18282.05078125,7.038746448088367,0.13552796357196023,0.0,0.0
2024-10-11,18342.939453125,7.450569773463491,0.09273785468931574,0.0,0.0
2024-10-14,18502.689453125,11.216936864423781,0.038680466259941926,0.0,0.0
2024-10-15,18315.58984375,5.772815136036964,0.04121372799053991,0.0,0.0
2024-10-16,18367.080078125,6.775458122444842,0.028522902579477583,0.0,0.0
2024-10-17,18373.609375,5.798153142088706,0.047892363555573865,0.0,0.0
2024-10-18,18489.55078125,6.4978280492965625,0.029901266643308805,0.0,0.0
2024-10-21,18540.009765625,7.724882399833784,0.028776831346437503,0.0,0.0
2024-10-22,18579.76953125,7.974899013076655,0.09892167784909496,0.0,0.0
2024-10-23,18276.650390625,3.996544274706429,0.14033419140412595,0.0,0.0
2024-10-24,18415.490234375,4.4157768445607415,0.21859331826830689,0.0,0.0
2024-10-25,18518.609375,6.038782453147781,0.1716513052165203,0.0,0.0
2024-10-28,18567.189453125,6.867286416312695,0.11133867182431971,0.0,0.0
2024-10-29,18712.75,11.643416663506923,0.20606302145407046,0.0,0.0
2024-10-30,18607.9296875,10.574392466769135,0.32912323261441806,0.0,0.0
2024-10-31,18095.150390625,5.870782193747625,1.7617179359989932,0.0,0.0
2024-11-01,18239.919921875,5.473129742497811,0.8914051968258099,4.13496637439017,0.0
2024-11-04,18179.98046875,5.430651039830263,1.092596795266945,1.163826387603406,0.0
2024-11-05,18439.169921875,11.052829041503683,0.36232486411480236,14.011593729209103,0.0
2024-11-06,18983.470703125,34.73806020552821,0.2863273259367562,40.99205036832105,0.0
2024-11-07,19269.4609375,44.96956984899243,0.13051910355820168,55.16830618784026,0.0
2024-11-08,19286.779296875,49.241502943902255,0.08599984906272817,56.02676030048121,0.0
2024-11-11,19298.759765625,51.376783932299865,0.09034325255770471,56.62062040276379,0.0
2024-11-12,19281.400390625,51.327537403295125,0.07612248157170365,55.76013318576223,0.0
2024-11-13,19230.720703125,47.55099611265684,0.032898427564182854,53.247990712004764,0.0
2024-11-14,19107.650390625,39.05148265272484,0.12771126616983314,47.14751585627772,0.0
2024-11-15,18680.119140625,22.011789221012044,0.4086103123969656,25.95521051730695,0.0
2024-11-18,18791.810546875,25.60671242640336,0.2869606405204544,31.49164413470691,0.0
2024-11-19,18987.470703125,32.90473983859332,0.08497551842905607,41.19032645072645,0.0
2024-11-20,18966.140625,32.01894527481095,0.1287967525397779,40.13301536871994,0.0
2024-11-21,18972.419921875,32.281573672356146,0.09942214036665992,40.444273964878796,0.0
2024-11-22,19003.650390625,34.83097962777239,0.09272055049450391,41.992337713737356,0.0
2024-11-25,19054.83984375,36.811130771722574,0.050257608800659694,44.5297487702623,0.0
2024-11-26,19174.30078125,40.24256800591787,0.029621673100902773,50.45131044225635,0.0
2024-11-27,19060.48046875,36.8129978344062,0.09987834096471171,44.80934902709179,0.0
2024-11-29,19218.169921875,42.164464385035764,0.03533320588485768,52.625860777660485,0.0
2024-12-02,19403.94921875,52.31245487709953,0.04382458256423989,61.83475857176162,0.0
2024-12-03,19480.91015625,57.57332448667555,0.024372004786365517,65.64963686819829,0.0
2024-12-04,19735.119140625,68.76377026002423,0.029909058865311294,78.25052725173084,0.0
2024-12-05,19700.259765625,69.35629622099898,0.04534489293575607,76.52258217420568,0.0
2024-12-06,19859.76953125,71.81934692326233,0.06427072524819932,84.42932503258776,0.0
2024-12-09,19736.689453125,65.29656315954473,0.03319002073309738,78.32836610439391,0.0
2024-12-10,19687.240234375,58.61217558872722,0.033206223682436295,75.87721676145452,0.0
2024-12-11,20034.890625,75.24190574284064,0.03538617624972475,93.10990613641239,0.0
2024-12-12,19902.83984375,67.741957712642,0.03302231536359972,86.56427824020683,0.0
2024-12-13,19926.720703125,64.7345595408695,0.054255482327308806,87.74802905054415,0.0
2024-12-16,20173.890625,67.97361206649369,0.04568420174624896,100.0,0.0
2024-12-17,20109.060546875,45.985346130418215,0.04190726142970913,0.0,0.0
2024-12-18,19392.689453125,9.514778601373276,4.940181510877352,0.0,0.0
2024-12-19,19372.76953125,7.688156745442535,3.218385518885601,0.0,0.0
2024-12-20,19572.599609375,9.391850184339885,1.2582497245259234,0.0,0.0
2024-12-23,19764.880859375,13.149840563498818,0.70575912402218,0.0,0.0
2024-12-24,20031.130859375,32.45177388899376,0.4397470993021438,0.0,0.0
2024-12-26,20020.359375,28.99102555360685,0.23327353965863756,0.0,0.0
2024-12-27,19722.029296875,11.22975394442811,0.4170203806685926,0.0,0.0
2024-12-30,19486.7890625,4.193239358172661,1.3911660500269545,0.0,0.0
2024-12-31,19310.7890625,2.5626401895005317,3.7273443968469318,0.0,0.0
2025-01-02,19280.7890625,1.7440329480522416,4.639131798889501,0.0,0.0
2025-01-03,19621.6796875,3.1245868499563114,1.264899556003029,0.0,0.0
2025-01-06,19864.98046875,7.381128322344884,0.5150964544958698,0.0,0.0
2025-01-07,19489.6796875,1.462686143626432,1.4560683862037962,0.0,0.0
2025-01-08,19478.880859375,1.1687734022686223,1.1750920544783527,0.0,0.0
2025-01-10,19161.630859375,0.502509388415427,4.05707629854639,0.0,0.0
2025-01-13,19088.099609375,0.4812393471197977,5.4605661335507,0.0,0.0
2025-01-14,19044.390625,0.5906464241917239,5.7707864341244095,0.0,0.0
2025-01-15,19511.23046875,1.2191852410288573,0.8968927086524342,0.0,0.0
2025-01-16,19338.2890625,0.5448087184293001,2.309399681493159,0.0,0.0
2025-01-17,19630.19921875,1.1104006813339866,0.38882951558366813,0.0,0.0
2025-01-21,19756.779296875,2.065074714287014,0.046726598509489424,0.0,0.0
2025-01-22,20009.33984375,5.58168685689868,0.05804249733651963,0.0,0.0
2025-01-23,20053.6796875,5.640710295061279,0.02966994653529376,0.0,0.0
2025-01-24,19954.30078125,4.979837516892306,0.04022089170421446,0.0,0.0
2025-01-27,19341.830078125,0.9063369865025482,1.2707998613027955,0.0,0.0
2025-01-28,19733.58984375,1.599734192359227,0.1660588825713191,0.0,0.0
2025-01-29,19632.3203125,1.0589504892012866,0.24682825328999558,0.0,0.0
2025-01-30,19681.75,1.44949957063503,0.1714769616315938,0.0,0.0
2025-01-31,19627.439453125,1.6663960605564232,0.20396448026568526,0.0,0.0
2025-02-03,19391.9609375,0.6957515786565804,0.34651106407516613,0.0,0.0
2025-02-04,19654.01953125,1.1699897222361928,0.09837013607485746,0.0,0.0
2025-02-05,19692.330078125,2.064967725526841,0.14371266510693165,0.0,0.0
2025-02-06,19791.990234375,2.819358760750442,0.06228411677225996,0.0,0.0
2025-02-07,19523.400390625,1.286036540635678,0.1815891506925749,0.0,0.0
2025-02-10,19714.26953125,2.0933372688475953,0.036746162737803734,0.0,0.0
2025-02-11,19643.859375,1.2974677221852071,0.10457637144564876,0.0,0.0
2025-02-12,19649.94921875,1.4353231936801807,0.11422167097866402,0.0,0.0
2025-02-13,19945.640625,3.724095562684301,0.042801455055165374,0.0,0.0
2025-02-14,20026.76953125,7.654012909376625,0.057941605057579657,0.0,0.0
2025-02-18,20041.259765625,6.620669724444107,0.1284598082504762,0.0,0.0
2025-02-19,20056.25,5.334564183088036,0.13532675177103587,0.0,0.0
2025-02-20,19962.359375,4.786713031473719,0.17151336593595579,0.0,0.0
2025-02-21,19524.009765625,2.3446599249961553,1.0873648312247155,0.0,0.0
2025-02-24,19286.9296875,1.9159568897477948,2.563620175975463,0.0,0.0
2025-02-25,19026.390625,0.987226212547089,4.816613285093562,0.0,0.0
2025-02-26,19075.259765625,0.938349821102785,6.488230861543171,0.0,0.0
2025-02-27,18544.419921875,0.6679905772989477,12.523229105914291,0.0,0.0
2025-02-28,18847.279296875,0.14965359989613797,5.31650703970521,0.0,0.0
2025-03-03,18350.189453125,0.0974577392294634,17.913194447295485,0.0,0.0
2025-03-04,18285.16015625,0.10354732629918525,13.44893279712056,0.0,0.0
2025-03-05,18552.73046875,0.05381185355194447,7.5071098514334125,0.0,0.0
2025-03-06,18069.259765625,0.3750411056497631,13.378240737367639,0.0,0.0
2025-03-07,18196.220703125,0.2740965745188402,9.265148550080635,0.0,0.0
2025-03-10,17468.3203125,0.3648976341917913,19.40568621262121,0.0,0.0
2025-03-11,17436.099609375,0.25314302281343787,15.273958750022155,0.0,0.0
2025-03-12,17648.44921875,0.30489290357759696,10.965916470431607,0.0,0.0
2025-03-13,17303.009765625,0.055526438329313685,19.115214451516145,0.0,0.0
2025-03-14,17754.08984375,0.524549154971962,5.946181033775734,0.0,0.0
2025-03-17,17808.66015625,0.1907047969019481,5.203801855209264,0.0,0.0
2025-03-18,17504.119140625,0.2181725759057357,9.637162548872572,0.0,0.0
2025-03-19,17750.7890625,0.254248339041291,4.783536147699188,0.0,0.0
2025-03-20,17691.630859375,0.39874688931040014,6.228473919069304,0.0,0.0
2025-03-21,17784.05078125,0.40757915820177815,4.315685587870399,0.0,0.0
2025-03-24,18188.58984375,0.8693385885379087,1.5115487966763381,0.0,0.0
2025-03-25,18271.859375,1.2112821016477042,1.0108592155673806,0.0,0.0
2025-03-26,17899.01953125,0.4917973281403803,1.8018137224612998,0.0,0.0
2025-03-27,17804.029296875,0.47656932125032897,1.3052076173746037,0.0,0.0
2025-03-28,17322.990234375,0.29129341938521996,10.353171552093173,0.0,0.0
2025-03-31,17299.2890625,0.30546587997540237,6.312723165890263,0.0,0.0
2025-04-01,17449.890625,0.18988221829908303,3.9004801667164575,0.0,0.0
2025-04-02,17601.05078125,0.48847901099618996,2.5429892855996528,0.0,0.0
2025-04-03,16550.609375,0.8120041956885041,24.42455073790482,0.0,15.987243465346147
2025-04-04,15587.7900390625,1.04864746517648,63.699947994050476,0.0,79.04887574403526
2025-04-07,15603.259765625,0.9351770376832814,58.92817194325383,0.0,78.03565740542933
2025-04-08,15267.91015625,0.9941238786415287,61.26215403503313,0.0,100.0
2025-04-09,17124.970703125,1.2293602870843239,7.030495344445821,0.0,0.0
2025-04-10,16387.310546875,0.5803506591075943,10.327821908256807,0.0,0.0
2025-04-11,16724.4609375,0.6485229689051123,5.137316123528448,0.0,0.0
2025-04-14,16831.48046875,1.3168946528641425,3.2389376245134107,0.0,0.0
2025-04-15,16823.169921875,0.9287887098381025,2.90429172926905,0.0,0.0
2025-04-16,16307.16015625,0.3079115732417979,7.954336344557516,0.0,0.0
2025-04-17,16286.4501953125,0.47556561329667596,3.9821615901517324,0.0,0.0
2025-04-21,15870.900390625,0.4561163251813431,8.14447836235292,0.0,0.0
2025-04-22,16300.419921875,0.4590119873442668,5.053077595246936,0.0,0.0
2025-04-23,16708.05078125,0.3365764311135493,3.475342775313828,0.0,0.0
2025-04-24,17166.0390625,0.155743446045386,1.4448005501153451,0.0,0.0
2025-04-25,17382.939453125,0.3262497358620681,0.8376839898932371,0.0,0.0
2025-04-28,17366.130859375,0.42438674249009395,0.7347638149320004,0.0,0.0
2025-04-29,17461.3203125,0.36159747230096656,0.7596890908899603,0.0,0.0
2025-04-30,17446.33984375,0.23726844375529033,0.5757266697653631,0.0,0.0
2025-05-01,17710.740234375,0.39960542602848265,0.40094633936177076,0.0,0.0
2025-05-02,17977.73046875,0.3954501438458531,0.40138894745625187,0.0,0.0
2025-05-05,17844.240234375,0.6630748236890436,0.5917980470934635,0.0,0.0
2025-05-06,17689.66015625,0.37095805586055897,0.6052222824808171,0.0,0.0
2025-05-07,17738.16015625,0.42025248733200027,0.6259240789456988,0.0,0.0
2025-05-08,17928.140625,0.5482361895771832,0.3755767228197234,0.0,0.0
2025-05-09,17928.919921875,0.663733701210525,0.4040124567979582,0.0,0.0
2025-05-12,18708.33984375,1.6884148055071946,0.36030595917930136,0.0,0.0
2025-05-13,19010.08984375,1.7273764491678678,0.24068400898864342,0.0,0.0
2025-05-14,19146.810546875,2.0977124776921388,0.23026936196915082,0.0,0.0
2025-05-15,19112.3203125,1.7257484346610843,0.1491159337732152,0.0,0.0
2025-05-16,19211.099609375,2.6652933932129765,0.13306749836731407,0.0,0.0
2025-05-19,19215.4609375,2.177505884963992,0.12454733109904474,0.0,0.0
2025-05-20,19142.7109375,2.895760748799826,0.17275904526030053,0.0,0.0
2025-05-21,18872.640625,2.398781334551278,0.4019946069790669,0.0,0.0
2025-05-22,18925.740234375,1.9604204935865464,0.28986804131503824,0.0,0.0
2025-05-23,18737.2109375,3.1479514961343797,1.2113043482217616,0.0,0.0
2025-05-27,19199.16015625,2.6616745636498393,0.27722779505412626,0.0,0.0
2025-05-28,19100.939453125,1.9864667563676681,0.2503224276928862,0.0,0.0
2025-05-29,19175.869140625,2.3261754642443737,0.18009814707073704,0.0,0.0
2025-05-30,19113.76953125,2.4828236356174123,0.23117053846748628,0.0,0.0
2025-06-02,19242.609375,2.576513173683355,0.28690768087132545,0.0,0.0
2025-06-03,19398.9609375,2.9576293176972723,0.23667978036798326,0.0,0.0
2025-06-04,19460.490234375,5.081099098878372,0.10143866594571195,0.0,0.0
2025-06-05,19298.44921875,2.650716326641594,0.08336501570327451,0.0,0.0
2025-06-06,19529.94921875,7.483801986911396,0.05495569505647209,0.0,0.0
2025-06-09,19591.240234375,8.188666823664095,0.11176335853555024,0.0,0.0
2025-06-10,19714.990234375,7.62600674656596,0.06063208900477765,0.0,0.0
2025-06-11,19615.880859375,6.170449880672293,0.08624336089473815,0.0,0.0
2025-06-12,19662.490234375,6.566906143004076,0.12669688470797233,0.0,0.0
2025-06-13,19406.830078125,5.397435136591539,0.24874273240117206,0.0,0.0
2025-06-16,19701.2109375,7.095815685976703,0.0898844033947983,0.0,0.0
2025-06-17,19521.08984375,7.211312836871002,0.6722647617296237,0.0,0.0
2025-06-18,19546.26953125,6.254462506968329,0.17074151838001475,0.0,0.0
2025-06-20,19447.41015625,5.874448436722321,0.29388358100220713,0.0,0.0
2025-06-23,19630.970703125,8.989117691814236,0.10802829250666389,0.0,0.0
2025-06-24,19912.529296875,12.046317532831083,0.12822110507073947,0.0,0.0
2025-06-25,19973.55078125,11.030851936014736,0.09225073051609019,0.0,0.0
2025-06-26,20167.91015625,11.559439326463616,0.08235486547485456,0.0,0.0
2025-06-27,20273.4609375,11.584686651885047,0.1779224750061918,0.0,0.0
2025-06-30,20369.73046875,14.231990200717247,0.08668686454531191,0.0,0.0
2025-07-01,20202.890625,9.448091045662263,0.10400113253232157,0.0,0.0
2025-07-02,20393.130859375,11.133610935290855,0.09076222930875077,0.0,0.0
2025-07-03,20601.099609375,11.284990277068342,0.1852158899950075,0.0,0.0
2025-07-07,20412.51953125,8.692408140341863,0.34597279166900563,0.0,0.0
2025-07-08,20418.4609375,7.488781477348998,0.23873229766680484,0.0,0.0
2025-07-09,20611.33984375,8.273573462945798,0.2955474336220853,0.0,0.0
2025-07-10,20630.66015625,7.791772917347898,0.3012427810317173,0.0,0.0
2025-07-11,20585.529296875,7.724877553739065,0.3069292535217703,0.0,0.0
2025-07-14,20640.330078125,8.105844207477874,0.33535848079196484,0.0,0.0
2025-07-15,20677.80078125,8.24928674194885,0.36489322061999474,0.0,0.0
2025-07-16,20730.490234375,9.213777646444179,0.38980553937793533,0.0,0.0
2025-07-17,20885.650390625,10.449805417626425,0.5036164717905366,0.0,0.0
2025-07-18,20895.650390625,10.10974835248335,0.45800715149088334,0.0,0.0
2025-07-21,20974.1796875,10.97731595448284,0.24343522918539945,0.0,0.0
2025-07-22,20892.689453125,10.589640545738103,0.15964946018672152,0.0,0.0
2025-07-23,21020.01953125,11.498611496192806,0.2599399677649145,0.0,0.0
2025-07-24,21057.9609375,9.819617477319834,0.2596123497753727,0.0,0.0
2025-07-25,21108.3203125,12.91584351898673,0.23335391665989744,0.0,0.0
2025-07-28,21178.580078125,11.97809313843578,0.23348752048127971,0.0,0.0
2025-07-29,21098.2890625,11.399375208568305,0.2812545200315347,0.0,0.0
2025-07-30,21129.669921875,11.373089598443373,0.2992571901151793,0.0,0.0
2025-07-31,21122.44921875,11.281320690537543,0.3601997416229009,0.0,0.0
2025-08-01,20650.130859375,13.292954004056417,1.6946147951096024,0.0,0.0
2025-08-04,21053.580078125,15.913683716349336,0.6156760071988587,0.0,0.0
2025-08-05,20916.55078125,13.653300607717116,0.6071743872308525,0.0,0.0
2025-08-06,21169.419921875,14.412312594796276,0.6040250912618698,0.0,0.0
2025-08-07,21242.69921875,16.232202455983604,0.4643993584480996,0.0,0.0
2025-08-08,21450.01953125,26.195564037923436,0.31532957409988466,0.0,0.0
2025-08-11,21385.400390625,19.920568265723954,0.18642501644872644,0.0,0.0
2025-08-12,21681.900390625,28.939949462787204,0.11136445498577507,0.0,0.0
2025-08-13,21713.140625,28.45668793100649,0.08652278041516985,0.0,0.0
2025-08-14,21710.669921875,28.295652807979152,0.05765876342784615,0.0,0.0
2025-08-15,21622.98046875,25.973947465914353,0.05755972068355,0.0,0.0
2025-08-18,21629.76953125,20.689007258359645,0.03893765301554265,0.0,0.0
2025-08-19,21314.94921875,11.422822334863325,0.24969110999233002,0.0,0.0
2025-08-20,21172.859375,8.21252602042069,0.8137958785552654,0.0,0.0
2025-08-21,21100.310546875,7.924105183476785,1.2933401993158946,0.0,0.0
2025-08-22,21496.5390625,13.026057726480312,0.23567359521759307,0.0,0.0
2025-08-25,21449.2890625,10.976457537710258,0.1205606565592674,0.0,0.0
2025-08-26,21544.26953125,12.763513192120246,0.11775969831375535,0.0,0.0
2025-08-27,21590.140625,12.476983677130137,0.08573055977355862,0.0,0.0
2025-08-28,21705.16015625,16.45143536005364,0.04959965404892171,0.0,0.0
2025-08-29,21455.55078125,12.807843787922888,0.09996693813253718,0.0,0.0
2025-09-02,21279.630859375,6.982512092798628,0.6998682213642741,0.0,0.0
2025-09-03,21497.73046875,9.920547675307363,0.10850864733312947,0.0,0.0
2025-09-04,21707.689453125,11.643020072788447,0.04583201908809169,0.0,0.0
2025-09-05,21700.390625,12.344975703484494,0.029271412382465164,0.0,0.0
2025-09-08,21798.69921875,15.603002301312156,0.046873825434494774,0.0,0.0
2025-09-09,21879.490234375,17.238699367554297,0.03847606909364018,0.0,0.0
2025-09-10,21886.060546875,15.258792877168737,0.13745071669671985,0.0,0.0
2025-09-11,22043.0703125,17.208492785307456,0.06259263772195035,0.0,0.0
2025-09-12,22141.099609375,17.82251774288805,0.05058219487614486,0.0,0.0
2025-09-15,22348.75,28.000441954711242,0.08499472241964647,0.0,0.0
2025-09-16,22333.9609375,28.3310965871465,0.12562861590013039,0.0,0.0
2025-09-17,22261.330078125,32.06829751398821,0.09496125094309874,29.16323224342383,0.0
2025-09-18,22470.720703125,40.51511782729517,0.08518478308485333,37.90296474115324,0.0
2025-09-19,22631.48046875,45.469612507251256,0.15503949738009062,44.612899094518774,0.0
2025-09-22,22788.98046875,47.01884812304738,0.6473426282822472,51.18677444539652,0.0
2025-09-23,22573.470703125,42.27090599828001,0.6833366715465568,42.191635803392536,0.0
2025-09-24,22497.859375,38.75809256171545,0.6738645685948177,39.035702811595286,0.0
2025-09-25,22384.69921875,33.362892882035624,0.7346994865951494,34.31252337112958,0.0
2025-09-26,22484.0703125,34.36755293556409,0.8036697287205111,38.46016263330665,0.0
2025-09-29,22591.150390625,39.26808660019009,0.14878523349569547,42.929566354932035,0.0
2025-09-30,22660.009765625,42.366775116580065,0.11955637177600452,45.80368031041997,0.0
2025-10-01,22755.16015625,45.15461505492537,0.08711184657397039,49.77515210442679,0.0
2025-10-02,22844.05078125,50.64079457133631,0.14961096718100403,53.48534822259579,0.0
2025-10-03,22780.509765625,46.835275309169106,0.11979958550889806,50.8332166899804,0.0
2025-10-06,22941.669921875,51.48324462186912,0.1137407068238512,57.559862904046945,0.0
2025-10-07,22788.359375,41.89090130993935,0.1429219286439509,51.16085068099202,0.0
2025-10-08,23043.380859375,54.30964926537705,0.07573360075398895,61.8051646497353,0.0
2025-10-09,23024.630859375,50.939263614179254,0.07493165460640867,61.02256044129747,0.0
2025-10-10,22204.4296875,25.42305830748207,3.1879209935263697,26.788273034630162,0.0
2025-10-13,22694.609375,39.218944419596546,0.6730548030422164,47.247829638802884,0.0
2025-10-14,22521.69921875,32.98437294487242,1.0388153079328803,40.03075145411531,0.0
2025-10-15,22670.080078125,38.007786394118625,0.9785314011145286,46.22400398736845,0.0
2025-10-16,22562.5390625,32.59798522278672,3.4981866494945613,41.73536124561894,0.0
2025-10-17,22679.970703125,39.666797641081686,0.8752179610381047,46.636827707319405,0.0
2025-10-20,22990.5390625,46.59586227413592,0.24664580959334095,59.59960664355973,0.0
2025-10-21,22953.669921875,46.94699391121659,0.13702296235023712,58.06072959744715,0.0
2025-10-22,22740.400390625,38.763220296066045,0.3743054427178257,49.159095854097146,0.0
2025-10-23,22941.80078125,44.20951655753665,0.16677454414739423,57.56532482925165,0.0
2025-10-24,23204.869140625,54.608434120029784,0.047867603364749337,68.5455064374495,0.0
2025-10-27,23637.4609375,70.78346062363237,0.08186196243788374,86.60140834518585,0.0
2025-10-28,23827.490234375,74.52961779105108,0.08540086803513147,94.5330204764315,0.0
2025-10-29,23958.470703125,74.0758677339462,0.12702767134572213,100.0,0.0
2025-10-30,23581.140625,35.477878310584366,0.12377092309864368,0.0,0.0
2025-10-31,23724.9609375,39.84350427806696,0.1846696639205001,0.0,0.0
2025-11-03,23834.720703125,33.89792680013761,0.14470163432602562,0.0,0.0
2025-11-04,23348.640625,13.85437309145384,0.42397986276402505,0.0,0.0
2025-11-05,23499.80078125,16.1139879345977,0.2287250929386967,0.0,0.0
2025-11-06,23053.990234375,7.561636699788593,0.7543033900836564,0.0,0.0
2025-11-07,23004.5390625,7.322146514141161,0.8278277582373759,0.0,0.0
2025-11-10,23527.169921875,15.18135926209087,0.22408724347939768,0.0,0.0
2025-11-11,23468.30078125,13.64768288942164,0.1226723645010942,0.0,0.0
2025-11-12,23406.4609375,9.312667032868077,0.4248217326358321,0.0,0.0
2025-11-13,22870.359375,3.0493440164336936,1.3753894972656355,0.0,0.0
2025-11-14,22900.58984375,2.128317239995732,2.3090365286270482,0.0,0.0
2025-11-17,22708.0703125,1.4505140277595168,4.686383489707587,0.0,0.0
2025-11-18,22432.849609375,1.36806407020411,7.877106005508056,0.0,0.0
2025-11-19,22564.23046875,1.0305766550136237,5.401907381601422,0.0,0.0
2025-11-20,22078.05078125,0.8188656756875143,11.889253511964249,0.0,0.0
2025-11-21,22273.080078125,0.8704475181670612,10.38676692395456,0.0,0.0
2025-11-24,22872.009765625,1.3905628714472977,4.079329394123448,0.0,0.0
2025-11-25,23025.58984375,1.9496780455359355,2.634393943318427,0.0,0.0
2025-11-26,23214.689453125,2.4279073337453148,1.2525134106657874,0.0,0.0
2025-11-28,23365.689453125,3.1668514181327665,0.2427742043673774,0.0,0.0
2025-12-01,23275.919921875,1.1630475208678164,0.23592271547685684,0.0,0.0
2025-12-02,23413.669921875,1.612108283348076,0.20911345687569047,0.0,0.0
2025-12-03,23454.08984375,2.1486384694981484,0.08581085200397058,0.0,0.0
2025-12-04,23505.140625,2.504285506536694,0.043390076921729484,0.0,0.0
2025-12-05,23578.130859375,5.237679954722907,0.03998823768338951,0.0,0.0
2025-12-08,23545.900390625,3.978531699914407,0.02338298421175953,0.0,0.0
2025-12-09,23576.490234375,3.9238947063426646,0.062890805256726,0.0,0.0
2025-12-10,23654.150390625,5.533129720858148,0.03959934649771948,0.0,0.0
2025-12-11,23593.859375,7.788175298093697,0.05014967809133368,0.0,0.0
2025-12-12,23195.169921875,3.643304711780094,0.12042394459648813,0.0,0.0
2025-12-15,23057.41015625,3.0776509963049805,0.15160559580038757,0.0,0.0
2025-12-16,23111.4609375,3.0587818028162626,0.30325332515591713,0.0,0.0
2025-12-17,22693.3203125,1.793741113667022,3.0923333567384494,0.0,0.0
2025-12-18,23006.359375,1.6623436291549736,0.8120055078215964,0.0,0.0
2025-12-19,23307.619140625,4.463836346552034,0.34409664305143284,0.0,0.0
2025-12-22,23428.830078125,5.132744866131315,0.1461553259424442,0.0,0.0
2025-12-23,23561.83984375,7.1039519591611775,0.09006650182660636,0.0,0.0
2025-12-24,23613.310546875,8.997366496649288,0.03451590907812718,0.0,0.0
2025-12-26,23593.099609375,7.068847889569519,0.03684138677923017,0.0,0.0
2025-12-29,23474.349609375,3.1682561140092456,0.06305009036951366,0.0,0.0
2025-12-30,23419.080078125,2.62758045573077,0.03986200734073868,0.0,0.0
2025-12-31,23241.990234375,1.946926062964048,0.2968092575287367,0.0,0.0
2026-01-02,23235.630859375,2.3640928092550744,0.3630712144771833,0.0,0.0
2026-01-05,23395.8203125,2.058067634152448,0.10369775082895266,0.0,0.0
2026-01-06,23547.169921875,2.5002376550031666,0.034411344567806014,0.0,0.0
2026-01-07,23584.279296875,2.702693991235649,0.03725882206146128,0.0,0.0
2026-01-08,23480.01953125,1.9843330555254188,0.06253978705429517,0.0,0.0
2026-01-09,23671.349609375,3.5725395109147478,0.027892615112359544,0.0,0.0
2026-01-12,23733.900390625,4.028009685364071,0.03271216492696489,0.0,0.0
2026-01-13,23709.869140625,4.758380881715345,0.03577269172380057,0.0,0.0
2026-01-14,23471.75,3.640462887455443,0.06457477394396219,0.0,0.0
2026-01-15,23530.01953125,3.891451732555505,0.030676666569888857,0.0,0.0
2026-01-16,23515.390625,5.327676838414989,0.04765034702224425,0.0,0.0
2026-01-20,22954.3203125,3.3389936774119104,2.4017821443232874,0.0,0.0
2026-01-21,23224.8203125,2.9964180012971915,0.8055202544348136,0.0,0.0
2026-01-22,23436.01953125,2.270161736773871,0.188016194513547,0.0,0.0
2026-01-23,23501.240234375,2.7555007032857763,0.11376456821885378,0.0,0.0
2026-01-26,23601.359375,3.6281582406633714,0.1720520408531345,0.0,0.0
2026-01-27,23817.099609375,5.441159188561354,0.1474787800942157,0.0,0.0
2026-01-28,23857.44921875,7.378072810222789,0.13026935138397466,0.0,0.0
2026-01-29,23685.119140625,4.782748773140006,0.5249121451086998,0.0,0.0
2026-01-30,23461.8203125,2.706792824656768,0.5907457871714225,0.0,0.0
2026-02-02,23592.109375,4.564377101944935,0.3971519968894,0.0,0.0
2026-02-03,23255.189453125,2.4053354229804778,1.6129885502153083,0.0,0.0
2026-02-04,22904.580078125,1.446744177217822,4.858537325625262,0.0,0.0
2026-02-05,22540.58984375,0.9744754057930559,11.358268917091031,0.0,0.0
2026-02-06,23031.2109375,1.3769883240907206,4.477093773017124,0.0,0.0
2026-02-09,23238.669921875,1.6816390388804523,1.8628893790392451,0.0,0.0
2026-02-10,23102.470703125,1.054824426720356,3.9990881113426493,0.0,0.0
2026-02-11,23066.470703125,0.7402397997315742,4.656196419316244,0.0,0.0
2026-02-12,22597.150390625,0.3785816914667593,10.4701436835335,0.0,0.0
2026-02-13,22546.669921875,0.31349830215795066,14.990859663216506,0.0,15.74611321877557
2026-02-17,22578.380859375,0.2910954857706946,14.157761447376016,0.0,14.221155991966071
2026-02-18,22753.630859375,0.16510230785788008,7.1080991936662015,0.0,5.793503734811479
2026-02-19,22682.73046875,0.28930166955519615,8.344123277242623,0.0,9.203054873664108
2026-02-20,22886.0703125,0.2974326851529461,3.1353843088972324,0.0,0.0
2026-02-23,22627.26953125,0.2258143442210148,11.166179682962383,0.0,11.870133305080866
2026-02-24,22863.6796875,0.4088921093355767,2.2569219337166264,0.0,0.5013310971802354
2026-02-25,23152.080078125,0.942832754239225,1.4521711850856889,0.0,0.0
2026-02-26,22878.380859375,0.6940740316494671,3.828271595354574,0.0,0.0
2026-02-27,22668.2109375,0.38677903006902065,9.165872952935345,0.0,9.901289169309702
2026-03-02,22748.859375,0.3531657749356029,5.941452000937351,0.0,6.02296114458577
2026-03-03,22516.689453125,0.7648243298799023,14.576052761119737,0.0,17.187853390709883
2026-03-04,22807.48046875,0.7696899749735893,3.8681094146011805,0.0,3.203912967358613
2026-03-05,22748.990234375,1.0384550642221477,6.669391998191583,0.0,6.016668207027498
2026-03-06,22387.6796875,1.9779726530694917,17.176056801326116,0.0,23.391844503203586
2026-03-09,22695.94921875,1.2508880477350628,7.330404484147957,0.0,8.567374255836647
2026-03-10,22697.099609375,0.9262423937141318,7.280275222677632,0.0,8.512052759988487
2026-03-11,22716.130859375,1.09969943636413,6.76600451664736,0.0,7.5968530052439975
2026-03-12,22311.98046875,1.0628237624562227,23.53659609737605,0.0,27.032167994006862
2026-03-13,22105.359375,0.4608389920689566,26.09579605016861,0.0,36.96843462520767
2026-03-16,22374.1796875,0.5167999634997283,18.39053648861186,0.0,24.04105024055928
2026-03-17,22479.529296875,0.5990121657251721,12.712848716484235,0.0,18.97485980837912
2026-03-18,22152.419921875,0.3620356384801535,26.301141117710984,0.0,34.70532521525603
2026-03-19,22090.689453125,0.2056265953164423,27.252471821174773,0.0,37.673901102823216
2026-03-20,21647.609375,0.22974329369336394,45.65803862172037,0.0,58.98131805295386
2026-03-23,21946.759765625,0.15304224163390845,30.130901152431974,0.0,44.59538102140199
2026-03-24,21761.890625,0.2669217832248319,41.77361957667385,0.0,53.48561115131078
2026-03-25,21929.8203125,0.25037286338254106,33.57103737130135,0.0,45.40998769965518
2026-03-26,21408.080078125,0.27411761965179093,54.39578480804556,0.0,70.50011759340033
2026-03-27,20948.359375,0.4875434385643995,64.62532091920646,0.0,92.6077707822854
2026-03-30,20794.640625,0.4033556381641631,64.93942496711165,0.0,100.0
2026-03-31,21590.630859375,0.3032560108044048,9.483932283868098,0.0,0.0
2026-04-01,21840.94921875,0.1903208058061837,3.1923783893310493,0.0,0.0
2026-04-02,21879.1796875,0.23134263860466817,2.481544944087343,0.0,0.0
2026-04-06,21996.33984375,0.4062190647551935,2.1690091675799743,0.0,0.0
2026-04-07,22017.849609375,0.49954835388327845,2.2374290746527232,0.0,0.0
2026-04-08,22634.990234375,1.0461209506885565,0.8350962740906864,0.0,0.0
2026-04-09,22822.419921875,1.423980700301391,0.3529903848652832,0.0,0.0
2026-04-10,22902.890625,1.729008991737172,0.23356824221496872,0.0,0.0
2026-04-13,23183.740234375,2.745784876515635,0.11506845415728689,0.0,0.0
2026-04-14,23639.080078125,6.503873238688866,0.10291546394617752,0.0,0.0
2026-04-15,24016.01953125,9.137171822042784,0.03274716429855186,0.0,0.0
2026-04-16,24102.69921875,8.757803865933267,0.03490212023453536,0.0,0.0
2026-04-17,24468.48046875,9.512995901404091,0.04238029219795993,0.0,0.0
2026-04-20,24404.390625,7.619703165823307,0.07025453995790083,0.0,0.0
2026-04-21,24259.9609375,5.6672763097908,0.046873860541850616,0.0,0.0
2026-04-22,24657.5703125,6.493455139191621,0.04517004652292022,0.0,0.0
2026-04-23,24438.5,4.790333720526327,0.07639201311387842,0.0,0.0
2026-04-24,24836.599609375,6.431534509194877,0.12501032414430116,0.0,0.0
2026-04-27,24887.099609375,8.314187919037865,0.09101946553636003,0.0,0.0
2026-04-28,24663.80078125,7.538070554756674,0.08755717088106635,0.0,0.0
2026-04-29,24673.240234375,7.00122232871846,0.1552668864076454,0.0,0.0
2026-04-30,24892.310546875,8.384764717338037,0.09374646177815646,0.0,0.0
2026-05-01,25114.439453125,7.267479884315607,0.052046072945688374,0.0,0.0
2026-05-04,25067.80078125,6.7420812945561535,0.04133320068528869,0.0,0.0
2026-05-05,25326.130859375,8.849890049586518,0.05905754022758166,0.0,0.0
2026-05-06,25838.939453125,10.256131267779622,0.07013048505593125,0.0,0.0
2026-05-07,25806.19921875,10.432560861778367,0.03934808611396628,0.0,0.0
2026-05-08,26247.080078125,14.665532615273351,0.1728633925036855,0.0,0.0
2026-05-11,26274.130859375,15.114798924436982,0.18072338143622946,0.0,0.0
2026-05-12,26088.19921875,10.813559027968974,0.1702687241557076,0.0,0.0
2026-05-13,26402.33984375,15.217578290883548,0.06037886587916341,0.0,0.0
2026-05-14,26635.220703125,16.725269237511963,0.11051867580602256,0.0,0.0
2026-05-15,26225.140625,12.590053440730722,0.2301658627321882,0.0,0.0
2026-05-18,26090.73046875,9.424964310197291,0.2014261936468921,0.0,0.0
2026-05-19,25870.7109375,8.383044002983285,0.5174257684025473,0.0,0.0
2026-05-20,26270.359375,12.333653346412408,0.18592251101008658,0.0,0.0
2026-05-21,26293.099609375,11.248286770405311,0.25169710006240287,0.0,0.0
2026-05-22,26343.970703125,11.062465825583478,0.21401081415497508,0.0,0.0
2026-05-26,26656.1796875,15.997971194614184,0.14795712571029068,0.0,0.0
2026-05-27,26674.73046875,16.62808336018902,0.10148088020903326,0.0,0.0
2026-05-28,26917.470703125,18.89644149636838,0.10179252011255514,0.0,0.0
2026-05-29,26972.619140625,18.61869738713186,0.09426208131134876,0.0,0.0
2026-06-01,27086.810546875,20.06598903984801,0.09293588382830488,0.0,0.0
2026-06-02,27093.900390625,20.4889232756684,0.08985969256016253,0.0,0.0
2026-06-03,26853.98046875,13.147042263229514,0.15376163631694706,0.0,0.0
2026-06-04,26830.9609375,11.630582944926374,0.30779783803485156,0.0,0.0
2026-06-05,25709.4296875,9.855651332122399,6.658028449351795,0.0,0.0
