Date,Yield_10Y,Yield_Short,Spread_10Y_2Y
2011-06-06,3.002000093460083,0.029999999329447746,2.9720000941306353
2011-06-07,3.010999917984009,0.03999999910593033,2.9709999188780785
2011-06-08,2.9619998931884766,0.03500000014901161,2.926999893039465
2011-06-09,2.997999906539917,0.03999999910593033,2.9579999074339867
2011-06-10,2.9709999561309814,0.03500000014901161,2.93599995598197
2011-06-13,2.990999937057495,0.03999999910593033,2.950999937951565
2011-06-14,3.0989999771118164,0.05000000074505806,3.0489999763667583
2011-06-15,2.9730000495910645,0.04500000178813934,2.928000047802925
2011-06-16,2.9089999198913574,0.03500000014901161,2.873999919742346
2011-06-17,2.944000005722046,0.02500000037252903,2.919000005349517
2011-06-20,2.9630000591278076,0.014999999664723873,2.9480000594630837
2011-06-21,2.984999895095825,0.019999999552965164,2.96499989554286
2011-06-22,2.993000030517578,0.009999999776482582,2.9830000307410955
2011-06-23,2.9089999198913574,0.004999999888241291,2.903999920003116
2011-06-24,2.871000051498413,0.009999999776482582,2.8610000517219305
2011-06-27,2.927000045776367,0.014999999664723873,2.9120000461116433
2011-06-28,3.0450000762939453,0.02500000037252903,3.0200000759214163
2011-06-29,3.1080000400543213,0.019999999552965164,3.088000040501356
2011-06-30,3.1579999923706055,0.014999999664723873,3.1429999927058816
2011-07-01,3.197000026702881,0.009999999776482582,3.1870000269263983
2011-07-05,3.135999917984009,0.009999999776482582,3.125999918207526
2011-07-06,3.0950000286102295,0.004999999888241291,3.090000028721988
2011-07-07,3.1489999294281006,0.019999999552965164,3.1289999298751354
2011-07-08,3.0160000324249268,0.019999999552965164,2.9960000328719616
2011-07-11,2.9170000553131104,0.014999999664723873,2.9020000556483865
2011-07-12,2.9079999923706055,0.029999999329447746,2.8779999930411577
2011-07-13,2.8910000324249268,0.004999999888241291,2.8860000325366855
2011-07-14,2.944000005722046,0.004999999888241291,2.9390000058338046
2011-07-15,2.9079999923706055,0.004999999888241291,2.902999992482364
2011-07-18,2.9089999198913574,0.004999999888241291,2.903999920003116
2011-07-19,2.8910000324249268,0.02500000037252903,2.8660000320523977
2011-07-20,2.933000087738037,0.019999999552965164,2.913000088185072
2011-07-21,3.009999990463257,0.03500000014901161,2.9749999903142452
2011-07-22,2.9639999866485596,0.029999999329447746,2.933999987319112
2011-07-25,3.003999948501587,0.03500000014901161,2.9689999483525753
2011-07-26,2.9509999752044678,0.06499999761581421,2.8859999775886536
2011-07-27,2.9800000190734863,0.07000000029802322,2.910000018775463
2011-07-28,2.9509999752044678,0.06499999761581421,2.8859999775886536
2011-07-29,2.805000066757202,0.09000000357627869,2.7150000631809235
2011-08-01,2.740000009536743,0.07500000298023224,2.665000006556511
2011-08-02,2.624000072479248,0.05000000074505806,2.57400007173419
2011-08-03,2.5989999771118164,0.009999999776482582,2.588999977335334
2011-08-04,2.4579999446868896,0.009999999776482582,2.447999944910407
2011-08-05,2.558000087738037,0.009999999776482582,2.5480000879615545
2011-08-08,2.3389999866485596,0.014999999664723873,2.3239999869838357
2011-08-09,2.181999921798706,0.029999999329447746,2.1519999224692583
2011-08-10,2.13700008392334,0.014999999664723873,2.122000084258616
2011-08-11,2.3359999656677246,0.009999999776482582,2.325999965891242
2011-08-12,2.236999988555908,0.004999999888241291,2.231999988667667
2011-08-15,2.2850000858306885,0.004999999888241291,2.280000085942447
2011-08-16,2.2139999866485596,0.019999999552965164,2.1939999870955944
2011-08-17,2.1649999618530273,0.004999999888241291,2.159999961964786
2011-08-18,2.0829999446868896,0.009999999776482582,2.072999944910407
2011-08-19,2.071000099182129,0.009999999776482582,2.0610000994056463
2011-08-22,2.0880000591278076,0.004999999888241291,2.0830000592395663
2011-08-23,2.13700008392334,0.004999999888241291,2.1320000840350986
2011-08-24,2.259999990463257,0.009999999776482582,2.2499999906867743
2011-08-25,2.2219998836517334,0.009999999776482582,2.211999883875251
2011-08-26,2.187999963760376,0.009999999776482582,2.1779999639838934
2011-08-29,2.2709999084472656,0.004999999888241291,2.2659999085590243
2011-08-30,2.1760001182556152,0.014999999664723873,2.1610001185908914
2011-08-31,2.2179999351501465,0.014999999664723873,2.2029999354854226
2011-09-01,2.1459999084472656,0.009999999776482582,2.135999908670783
2011-09-02,1.996000051498413,0.014999999664723873,1.9810000518336892
2011-09-06,1.9789999723434448,0.014999999664723873,1.963999972678721
2011-09-07,2.0360000133514404,0.014999999664723873,2.0210000136867166
2011-09-08,1.9859999418258667,0.009999999776482582,1.9759999420493841
2011-09-09,1.9149999618530273,0.004999999888241291,1.909999961964786
2011-09-12,1.9299999475479126,0.004999999888241291,1.9249999476596713
2011-09-13,1.99399995803833,0.004999999888241291,1.9889999581500888
2011-09-14,2.010999917984009,0.004999999888241291,2.0059999180957675
2011-09-15,2.0850000381469727,0.004999999888241291,2.0800000382587314
2011-09-16,2.0759999752044678,0.004999999888241291,2.0709999753162265
2011-09-19,1.940000057220459,0.004999999888241291,1.9350000573322177
2011-09-20,1.9470000267028809,0.004999999888241291,1.9420000268146396
2011-09-21,1.875,0.004999999888241291,1.8700000001117587
2011-09-22,1.715000033378601,0.004999999888241291,1.7100000334903598
2011-09-23,1.8079999685287476,0.004999999888241291,1.8029999686405063
2011-09-26,1.9040000438690186,0.004999999888241291,1.8990000439807773
2011-09-27,2.0160000324249268,0.009999999776482582,2.006000032648444
2011-09-28,2.002000093460083,0.009999999776482582,1.9920000936836004
2011-09-29,1.9570000171661377,0.009999999776482582,1.9470000173896551
2011-09-30,1.9240000247955322,0.009999999776482582,1.9140000250190496
2011-10-03,1.784999966621399,0.019999999552965164,1.7649999670684338
2011-10-04,1.781000018119812,0.004999999888241291,1.7760000182315707
2011-10-05,1.9049999713897705,0.004999999888241291,1.8999999715015292
2011-10-06,1.9859999418258667,0.004999999888241291,1.9809999419376254
2011-10-07,2.068000078201294,0.004999999888241291,2.0630000783130527
2011-10-10,2.0759999752044678,0.004999999888241291,2.0709999753162265
2011-10-11,2.1600000858306885,0.004999999888241291,2.155000085942447
2011-10-12,2.2260000705718994,0.014999999664723873,2.2110000709071755
2011-10-13,2.1689999103546143,0.014999999664723873,2.1539999106898904
2011-10-14,2.2320001125335693,0.014999999664723873,2.2170001128688455
2011-10-17,2.1549999713897705,0.019999999552965164,2.1349999718368053
2011-10-18,2.1510000228881836,0.02500000037252903,2.1260000225156546
2011-10-19,2.1589999198913574,0.019999999552965164,2.1389999203383923
2011-10-20,2.180000066757202,0.014999999664723873,2.1650000670924783
2011-10-21,2.203000068664551,0.014999999664723873,2.188000068999827
2011-10-24,2.2339999675750732,0.004999999888241291,2.228999967686832
2011-10-25,2.128000020980835,0.014999999664723873,2.113000021316111
2011-10-26,2.203000068664551,0.014999999664723873,2.188000068999827
2011-10-27,2.3949999809265137,0.009999999776482582,2.384999981150031
2011-10-28,2.305999994277954,0.009999999776482582,2.2959999945014715
2011-10-31,2.174999952316284,0.004999999888241291,2.169999952428043
2011-11-01,2.000999927520752,0.004999999888241291,1.9959999276325107
2011-11-02,2.00600004196167,0.004999999888241291,2.0010000420734286
2011-11-03,2.065999984741211,0.004999999888241291,2.0609999848529696
2011-11-04,2.049999952316284,0.004999999888241291,2.044999952428043
2011-11-07,1.99399995803833,0.004999999888241291,1.9889999581500888
2011-11-08,2.065000057220459,0.004999999888241291,2.0600000573322177
2011-11-09,1.9550000429153442,0.004999999888241291,1.950000043027103
2011-11-10,2.055999994277954,0.004999999888241291,2.050999994389713
2011-11-11,2.055999994277954,0.004999999888241291,2.050999994389713
2011-11-14,2.0429999828338623,0.004999999888241291,2.037999982945621
2011-11-15,2.056999921798706,0.009999999776482582,2.0469999220222235
2011-11-16,2.0239999294281006,0.004999999888241291,2.0189999295398593
2011-11-17,1.9579999446868896,0.004999999888241291,1.9529999447986484
2011-11-18,2.01200008392334,0.004999999888241291,2.0070000840350986
2011-11-21,1.9620000123977661,0.004999999888241291,1.9570000125095248
2011-11-22,1.9390000104904175,0.014999999664723873,1.9240000108256936
2011-11-23,1.878999948501587,0.014999999664723873,1.863999948836863
2011-11-25,1.9670000076293945,0.004999999888241291,1.9620000077411532
2011-11-28,1.9579999446868896,0.009999999776482582,1.947999944910407
2011-11-29,1.996000051498413,0.014999999664723873,1.9810000518336892
2011-11-30,2.068000078201294,0.014999999664723873,2.05300007853657
2011-12-01,2.117000102996826,0.014999999664723873,2.1020001033321023
2011-12-02,2.0420000553131104,0.014999999664723873,2.0270000556483865
2011-12-05,2.053999900817871,0.014999999664723873,2.038999901153147
2011-12-06,2.0929999351501465,0.004999999888241291,2.087999935261905
2011-12-07,2.0169999599456787,0.004999999888241291,2.0119999600574374
2011-12-08,1.972000002861023,0.004999999888241291,1.9670000029727817
2011-12-09,2.052000045776367,0.004999999888241291,2.047000045888126
2011-12-12,2.009000062942505,0.004999999888241291,2.0040000630542636
2011-12-13,1.9620000123977661,0.004999999888241291,1.9570000125095248
2011-12-14,1.9010000228881836,0.004999999888241291,1.8960000229999423
2011-12-15,1.9129999876022339,0.004999999888241291,1.9079999877139926
2011-12-16,1.8539999723434448,0.004999999888241291,1.8489999724552035
2011-12-19,1.812999963760376,0.004999999888241291,1.8079999638721347
2011-12-20,1.9249999523162842,0.004999999888241291,1.9199999524280429
2011-12-21,1.9670000076293945,0.004999999888241291,1.9620000077411532
2011-12-22,1.9509999752044678,0.004999999888241291,1.9459999753162265
2011-12-23,2.0299999713897705,0.004999999888241291,2.024999971501529
2011-12-27,2.009000062942505,0.004999999888241291,2.0040000630542636
2011-12-28,1.9079999923706055,0.004999999888241291,1.9029999924823642
2011-12-29,1.8969999551773071,0.004999999888241291,1.8919999552890658
2011-12-30,1.871000051498413,0.004999999888241291,1.8660000516101718
2012-01-03,1.9600000381469727,0.004999999888241291,1.9550000382587314
2012-01-04,1.9950000047683716,0.009999999776482582,1.985000004991889
2012-01-05,1.9930000305175781,0.009999999776482582,1.9830000307410955
2012-01-06,1.9609999656677246,0.014999999664723873,1.9459999660030007
2012-01-09,1.9600000381469727,0.004999999888241291,1.9550000382587314
2012-01-10,1.972000002861023,0.009999999776482582,1.9620000030845404
2012-01-11,1.9040000438690186,0.014999999664723873,1.8890000442042947
2012-01-12,1.9329999685287476,0.019999999552965164,1.9129999689757824
2012-01-13,1.8530000448226929,0.019999999552965164,1.8330000452697277
2012-01-17,1.850000023841858,0.019999999552965164,1.8300000242888927
2012-01-18,1.8969999551773071,0.02500000037252903,1.871999954804778
2012-01-19,1.972000002861023,0.03999999910593033,1.9320000037550926
2012-01-20,2.0280001163482666,0.03999999910593033,1.9880001172423363
2012-01-23,2.066999912261963,0.03500000014901161,2.0319999121129513
2012-01-24,2.063999891281128,0.03500000014901161,2.0289998911321163
2012-01-25,2.006999969482422,0.03500000014901161,1.9719999693334103
2012-01-26,1.930999994277954,0.04500000178813934,1.8859999924898148
2012-01-27,1.8980000019073486,0.05000000074505806,1.8480000011622906
2012-01-30,1.8370000123977661,0.04500000178813934,1.7920000106096268
2012-01-31,1.7990000247955322,0.054999999701976776,1.7440000250935555
2012-02-01,1.8459999561309814,0.054999999701976776,1.7909999564290047
2012-02-02,1.8250000476837158,0.07500000298023224,1.7500000447034836
2012-02-03,1.9490000009536743,0.07000000029802322,1.879000000655651
2012-02-06,1.9010000228881836,0.06499999761581421,1.8360000252723694
2012-02-07,1.965999960899353,0.07999999821186066,1.8859999626874924
2012-02-08,1.975000023841858,0.07500000298023224,1.9000000208616257
2012-02-09,2.046999931335449,0.08500000089406967,1.9619999304413795
2012-02-10,1.968999981880188,0.07999999821186066,1.8889999836683273
2012-02-13,1.9900000095367432,0.0949999988079071,1.895000010728836
2012-02-14,1.9240000247955322,0.10999999940395355,1.8140000253915787
2012-02-15,1.930999994277954,0.10499999672174454,1.8259999975562096
2012-02-16,1.9930000305175781,0.0949999988079071,1.898000031709671
2012-02-17,2.009999990463257,0.07500000298023224,1.9349999874830246
2012-02-21,2.0450000762939453,0.07000000029802322,1.975000075995922
2012-02-22,2.005000114440918,0.07999999821186066,1.9250001162290573
2012-02-23,1.9839999675750732,0.08500000089406967,1.8989999666810036
2012-02-24,1.9769999980926514,0.09000000357627869,1.8869999945163727
2012-02-27,1.9220000505447388,0.10000000149011612,1.8220000490546227
2012-02-28,1.9290000200271606,0.0949999988079071,1.8340000212192535
2012-02-29,1.9769999980926514,0.07500000298023224,1.9019999951124191
2012-03-01,2.0369999408721924,0.07000000029802322,1.9669999405741692
2012-03-02,1.9859999418258667,0.05999999865889549,1.9259999431669712
2012-03-05,2.005000114440918,0.05999999865889549,1.9450001157820225
2012-03-06,1.944000005722046,0.07000000029802322,1.8740000054240227
2012-03-07,1.972000002861023,0.07500000298023224,1.8969999998807907
2012-03-08,2.0139999389648438,0.07500000298023224,1.9389999359846115
2012-03-09,2.0380001068115234,0.07999999821186066,1.9580001085996628
2012-03-12,2.0309998989105225,0.07500000298023224,1.9559998959302902
2012-03-13,2.1070001125335693,0.07999999821186066,2.0270001143217087
2012-03-14,2.2739999294281006,0.07999999821186066,2.19399993121624
2012-03-15,2.2809998989105225,0.07500000298023224,2.2059998959302902
2012-03-16,2.2980000972747803,0.07999999821186066,2.2180000990629196
2012-03-19,2.378999948501587,0.07500000298023224,2.3039999455213547
2012-03-20,2.371999979019165,0.0949999988079071,2.276999980211258
2012-03-21,2.2939999103546143,0.08500000089406967,2.2089999094605446
2012-03-22,2.2750000953674316,0.07000000029802322,2.2050000950694084
2012-03-23,2.236999988555908,0.07000000029802322,2.166999988257885
2012-03-26,2.24399995803833,0.07000000029802322,2.173999957740307
2012-03-27,2.187000036239624,0.07999999821186066,2.1070000380277634
2012-03-28,2.196000099182129,0.07500000298023224,2.1210000962018967
2012-03-29,2.1589999198913574,0.054999999701976776,2.1039999201893806
2012-03-30,2.2160000801086426,0.06499999761581421,2.1510000824928284
2012-04-02,2.193000078201294,0.05999999865889549,2.1330000795423985
2012-04-03,2.2839999198913574,0.07500000298023224,2.208999916911125
2012-04-04,2.243000030517578,0.07000000029802322,2.173000030219555
2012-04-05,2.174999952316284,0.07000000029802322,2.104999952018261
2012-04-09,2.0369999408721924,0.07500000298023224,1.9619999378919601
2012-04-10,1.9880000352859497,0.08500000089406967,1.90300003439188
2012-04-11,2.0280001163482666,0.08500000089406967,1.943000115454197
2012-04-12,2.0490000247955322,0.08500000089406967,1.9640000239014626
2012-04-13,1.9980000257492065,0.07999999821186066,1.9180000275373459
2012-04-16,1.9739999771118164,0.07500000298023224,1.8989999741315842
2012-04-17,2.009000062942505,0.07500000298023224,1.9340000599622726
2012-04-18,1.9819999933242798,0.06499999761581421,1.9169999957084656
2012-04-19,1.9520000219345093,0.06499999761581421,1.887000024318695
2012-04-20,1.9700000286102295,0.06499999761581421,1.9050000309944153
2012-04-23,1.9329999685287476,0.07000000029802322,1.8629999682307243
2012-04-24,1.9609999656677246,0.07999999821186066,1.880999967455864
2012-04-25,1.9839999675750732,0.08500000089406967,1.8989999666810036
2012-04-26,1.9589999914169312,0.08500000089406967,1.8739999905228615
2012-04-27,1.9329999685287476,0.08500000089406967,1.8479999676346779
2012-04-30,1.9149999618530273,0.09000000357627869,1.8249999582767487
2012-05-01,1.9559999704360962,0.08500000089406967,1.8709999695420265
2012-05-02,1.9220000505447388,0.07999999821186066,1.8420000523328781
2012-05-03,1.9240000247955322,0.07500000298023224,1.8490000218153
2012-05-04,1.8799999952316284,0.07000000029802322,1.8099999949336052
2012-05-07,1.8769999742507935,0.07500000298023224,1.8019999712705612
2012-05-08,1.8370000123977661,0.09000000357627869,1.7470000088214874
2012-05-09,1.8350000381469727,0.09000000357627869,1.745000034570694
2012-05-10,1.8839999437332153,0.09000000357627869,1.7939999401569366
2012-05-11,1.840999960899353,0.09000000357627869,1.7509999573230743
2012-05-14,1.7879999876022339,0.08500000089406967,1.7029999867081642
2012-05-15,1.7769999504089355,0.09000000357627869,1.6869999468326569
2012-05-16,1.7649999856948853,0.0949999988079071,1.6699999868869781
2012-05-17,1.7020000219345093,0.09000000357627869,1.6120000183582306
2012-05-18,1.7020000219345093,0.07500000298023224,1.627000018954277
2012-05-21,1.7350000143051147,0.05999999865889549,1.6750000156462193
2012-05-22,1.7929999828338623,0.08500000089406967,1.7079999819397926
2012-05-23,1.7209999561309814,0.07999999821186066,1.6409999579191208
2012-05-24,1.7589999437332153,0.09000000357627869,1.6689999401569366
2012-05-25,1.7450000047683716,0.07999999821186066,1.665000006556511
2012-05-29,1.7309999465942383,0.07500000298023224,1.655999943614006
2012-05-30,1.625,0.06499999761581421,1.5600000023841858
2012-05-31,1.5809999704360962,0.05999999865889549,1.5209999717772007
2012-06-01,1.4670000076293945,0.06499999761581421,1.4020000100135803
2012-06-04,1.5269999504089355,0.06499999761581421,1.4619999527931213
2012-06-05,1.555999994277954,0.07999999821186066,1.4759999960660934
2012-06-06,1.6510000228881836,0.07999999821186066,1.571000024676323
2012-06-07,1.6540000438690186,0.07999999821186066,1.574000045657158
2012-06-08,1.6369999647140503,0.07999999821186066,1.5569999665021896
2012-06-11,1.600000023841858,0.07500000298023224,1.5250000208616257
2012-06-12,1.6610000133514404,0.09000000357627869,1.5710000097751617
2012-06-13,1.5989999771118164,0.09000000357627869,1.5089999735355377
2012-06-14,1.6109999418258667,0.0949999988079071,1.5159999430179596
2012-06-15,1.5870000123977661,0.08500000089406967,1.5020000115036964
2012-06-18,1.5839999914169312,0.07500000298023224,1.508999988436699
2012-06-19,1.6200000047683716,0.09000000357627869,1.530000001192093
2012-06-20,1.6419999599456787,0.07999999821186066,1.561999961733818
2012-06-21,1.6180000305175781,0.07500000298023224,1.5430000275373459
2012-06-22,1.6720000505447388,0.07500000298023224,1.5970000475645065
2012-06-25,1.6080000400543213,0.07500000298023224,1.533000037074089
2012-06-26,1.628000020980835,0.0949999988079071,1.5330000221729279
2012-06-27,1.621000051498413,0.07999999821186066,1.5410000532865524
2012-06-28,1.5770000219345093,0.07500000298023224,1.502000018954277
2012-06-29,1.659000039100647,0.07999999821186066,1.5790000408887863
2012-07-02,1.5800000429153442,0.07000000029802322,1.510000042617321
2012-07-03,1.63100004196167,0.07500000298023224,1.5560000389814377
2012-07-05,1.597000002861023,0.07500000298023224,1.5219999998807907
2012-07-06,1.5440000295639038,0.07000000029802322,1.4740000292658806
2012-07-09,1.5130000114440918,0.07000000029802322,1.4430000111460686
2012-07-10,1.4980000257492065,0.09000000357627869,1.4080000221729279
2012-07-11,1.4980000257492065,0.09000000357627869,1.4080000221729279
2012-07-12,1.4789999723434448,0.0949999988079071,1.3839999735355377
2012-07-13,1.4989999532699585,0.09000000357627869,1.4089999496936798
2012-07-16,1.4639999866485596,0.08500000089406967,1.37899998575449
2012-07-17,1.5010000467300415,0.0949999988079071,1.4060000479221344
2012-07-18,1.4789999723434448,0.08500000089406967,1.3939999714493752
2012-07-19,1.5149999856948853,0.07999999821186066,1.4349999874830246
2012-07-20,1.4600000381469727,0.08500000089406967,1.375000037252903
2012-07-23,1.434999942779541,0.09000000357627869,1.3449999392032623
2012-07-24,1.4040000438690186,0.0949999988079071,1.3090000450611115
2012-07-25,1.406000018119812,0.0949999988079071,1.311000019311905
2012-07-26,1.4279999732971191,0.10000000149011612,1.327999971807003
2012-07-27,1.5549999475479126,0.10000000149011612,1.4549999460577965
2012-07-30,1.503999948501587,0.09000000357627869,1.4139999449253082
2012-07-31,1.4919999837875366,0.10000000149011612,1.3919999822974205
2012-08-01,1.5390000343322754,0.09000000357627869,1.4490000307559967
2012-08-02,1.4780000448226929,0.08500000089406967,1.3930000439286232
2012-08-03,1.5770000219345093,0.07500000298023224,1.502000018954277
2012-08-06,1.5579999685287476,0.07500000298023224,1.4829999655485153
2012-08-07,1.628000020980835,0.10000000149011612,1.5280000194907188
2012-08-08,1.6399999856948853,0.10499999672174454,1.5349999889731407
2012-08-09,1.687999963760376,0.10999999940395355,1.5779999643564224
2012-08-10,1.6490000486373901,0.0949999988079071,1.554000049829483
2012-08-13,1.6540000438690186,0.0949999988079071,1.5590000450611115
2012-08-14,1.7259999513626099,0.10499999672174454,1.6209999546408653
2012-08-15,1.8049999475479126,0.07999999821186066,1.724999949336052
2012-08-16,1.8359999656677246,0.07500000298023224,1.7609999626874924
2012-08-17,1.815999984741211,0.07999999821186066,1.7359999865293503
2012-08-20,1.8140000104904175,0.08500000089406967,1.7290000095963478
2012-08-21,1.8049999475479126,0.10499999672174454,1.699999950826168
2012-08-22,1.718999981880188,0.10000000149011612,1.6189999803900719
2012-08-23,1.6660000085830688,0.0949999988079071,1.5710000097751617
2012-08-24,1.6779999732971191,0.09000000357627869,1.5879999697208405
2012-08-27,1.6490000486373901,0.0949999988079071,1.554000049829483
2012-08-28,1.6299999952316284,0.10000000149011612,1.5299999937415123
2012-08-29,1.6540000438690186,0.0949999988079071,1.5590000450611115
2012-08-30,1.6200000047683716,0.09000000357627869,1.530000001192093
2012-08-31,1.562000036239624,0.08500000089406967,1.4770000353455544
2012-09-04,1.5809999704360962,0.09000000357627869,1.4909999668598175
2012-09-05,1.593999981880188,0.10000000149011612,1.4939999803900719
2012-09-06,1.6729999780654907,0.10000000149011612,1.5729999765753746
2012-09-07,1.6610000133514404,0.10000000149011612,1.5610000118613243
2012-09-10,1.6829999685287476,0.0949999988079071,1.5879999697208405
2012-09-11,1.6950000524520874,0.10000000149011612,1.5950000509619713
2012-09-12,1.7649999856948853,0.0949999988079071,1.6699999868869781
2012-09-13,1.75600004196167,0.0949999988079071,1.6610000431537628
2012-09-14,1.8700000047683716,0.0949999988079071,1.7750000059604645
2012-09-17,1.8380000591278076,0.09000000357627869,1.748000055551529
2012-09-18,1.812000036239624,0.10000000149011612,1.712000034749508
2012-09-19,1.781999945640564,0.10499999672174454,1.6769999489188194
2012-09-20,1.7769999504089355,0.10499999672174454,1.671999953687191
2012-09-21,1.7599999904632568,0.10000000149011612,1.6599999889731407
2012-09-24,1.718000054359436,0.0949999988079071,1.623000055551529
2012-09-25,1.6820000410079956,0.10499999672174454,1.577000044286251
2012-09-26,1.6180000305175781,0.10000000149011612,1.518000029027462
2012-09-27,1.6399999856948853,0.08500000089406967,1.5549999848008156
2012-09-28,1.6369999647140503,0.09000000357627869,1.5469999611377716
2012-10-01,1.625,0.07999999821186066,1.5450000017881393
2012-10-02,1.6150000095367432,0.09000000357627869,1.5250000059604645
2012-10-03,1.6230000257492065,0.08500000089406967,1.5380000248551369
2012-10-04,1.6649999618530273,0.0949999988079071,1.5699999630451202
2012-10-05,1.7319999933242798,0.10000000149011612,1.6319999918341637
2012-10-08,1.746000051498413,0.0949999988079071,1.651000052690506
2012-10-09,1.7200000286102295,0.0949999988079071,1.6250000298023224
2012-10-10,1.690999984741211,0.0949999988079071,1.5959999859333038
2012-10-11,1.6749999523162842,0.0949999988079071,1.579999953508377
2012-10-12,1.6629999876022339,0.10000000149011612,1.5629999861121178
2012-10-15,1.6629999876022339,0.0949999988079071,1.5679999887943268
2012-10-16,1.7200000286102295,0.10000000149011612,1.6200000271201134
2012-10-17,1.8109999895095825,0.10499999672174454,1.705999992787838
2012-10-18,1.8259999752044678,0.0949999988079071,1.7309999763965607
2012-10-19,1.7680000066757202,0.09000000357627869,1.6780000030994415
2012-10-22,1.7979999780654907,0.09000000357627869,1.707999974489212
2012-10-23,1.7640000581741333,0.10000000149011612,1.6640000566840172
2012-10-24,1.774999976158142,0.10499999672174454,1.6699999794363976
2012-10-25,1.8279999494552612,0.10999999940395355,1.7179999500513077
2012-10-26,1.75,0.10499999672174454,1.6450000032782555
2012-10-31,1.6859999895095825,0.10499999672174454,1.580999992787838
2012-11-01,1.715000033378601,0.09000000357627869,1.6250000298023224
2012-11-02,1.7259999513626099,0.09000000357627869,1.6359999477863312
2012-11-05,1.684000015258789,0.09000000357627869,1.5940000116825104
2012-11-06,1.7419999837875366,0.10000000149011612,1.6419999822974205
2012-11-07,1.6319999694824219,0.09000000357627869,1.5419999659061432
2012-11-08,1.6319999694824219,0.08500000089406967,1.5469999685883522
2012-11-09,1.6130000352859497,0.09000000357627869,1.523000031709671
2012-11-12,1.6109999418258667,0.08699999749660492,1.5239999443292618
2012-11-13,1.5889999866485596,0.08500000089406967,1.50399998575449
2012-11-14,1.5889999866485596,0.0949999988079071,1.4939999878406525
2012-11-15,1.5889999866485596,0.07500000298023224,1.5139999836683273
2012-11-16,1.5740000009536743,0.07500000298023224,1.498999997973442
2012-11-19,1.6109999418258667,0.07500000298023224,1.5359999388456345
2012-11-20,1.656000018119812,0.08500000089406967,1.5710000172257423
2012-11-21,1.687000036239624,0.09000000357627869,1.5970000326633453
2012-11-23,1.6929999589920044,0.09000000357627869,1.6029999554157257
2012-11-26,1.6640000343322754,0.09000000357627869,1.5740000307559967
2012-11-27,1.6449999809265137,0.0949999988079071,1.5499999821186066
2012-11-28,1.6169999837875366,0.09200000017881393,1.5249999836087227
2012-11-29,1.6200000047683716,0.07999999821186066,1.540000006556511
2012-11-30,1.6059999465942383,0.07500000298023224,1.530999943614006
2012-12-03,1.628000020980835,0.07699999958276749,1.5510000213980675
2012-12-04,1.6080000400543213,0.09000000357627869,1.5180000364780426
2012-12-05,1.590999960899353,0.09000000357627869,1.5009999573230743
2012-12-06,1.5809999704360962,0.09000000357627869,1.4909999668598175
2012-12-07,1.6269999742507935,0.07999999821186066,1.5469999760389328
2012-12-10,1.6160000562667847,0.07500000298023224,1.5410000532865524
2012-12-11,1.6490000486373901,0.07500000298023224,1.574000045657158
2012-12-12,1.6970000267028809,0.05999999865889549,1.6370000280439854
2012-12-13,1.7280000448226929,0.052000001072883606,1.6760000437498093
2012-12-14,1.7079999446868896,0.02500000037252903,1.6829999443143606
2012-12-17,1.7630000114440918,0.02199999988079071,1.741000011563301
2012-12-18,1.8270000219345093,0.054999999701976776,1.7720000222325325
2012-12-19,1.7999999523162842,0.04500000178813934,1.7549999505281448
2012-12-20,1.7999999523162842,0.05000000074505806,1.7499999515712261
2012-12-21,1.753999948501587,0.05000000074505806,1.7039999477565289
2012-12-24,1.7740000486373901,0.05000000074505806,1.724000047892332
2012-12-26,1.7580000162124634,0.054999999701976776,1.7030000165104866
2012-12-27,1.715000033378601,0.07000000029802322,1.6450000330805779
2012-12-28,1.7109999656677246,0.009999999776482582,1.700999965891242
2012-12-31,1.75600004196167,0.03500000014901161,1.7210000418126583
2013-01-02,1.8389999866485596,0.054999999701976776,1.7839999869465828
2013-01-03,1.8990000486373901,0.06499999761581421,1.834000051021576
2013-01-04,1.9149999618530273,0.06499999761581421,1.8499999642372131
2013-01-07,1.902999997138977,0.057999998331069946,1.844999998807907
2013-01-08,1.871000051498413,0.05999999865889549,1.8110000528395176
2013-01-09,1.8519999980926514,0.054999999701976776,1.7969999983906746
2013-01-10,1.8940000534057617,0.054999999701976776,1.839000053703785
2013-01-11,1.875,0.06300000101327896,1.811999998986721
2013-01-14,1.8569999933242798,0.05999999865889549,1.7969999946653843
2013-01-15,1.8309999704360962,0.07999999821186066,1.7509999722242355
2013-01-16,1.8240000009536743,0.07199999690055847,1.7520000040531158
2013-01-17,1.875,0.07000000029802322,1.8049999997019768
2013-01-18,1.843000054359436,0.07000000029802322,1.7730000540614128
2013-01-22,1.8350000381469727,0.05999999865889549,1.7750000394880772
2013-01-23,1.8329999446868896,0.07000000029802322,1.7629999443888664
2013-01-24,1.843999981880188,0.07500000298023224,1.7689999788999557
2013-01-25,1.9470000267028809,0.07000000029802322,1.8770000264048576
2013-01-28,1.9739999771118164,0.05999999865889549,1.913999978452921
2013-01-29,1.9880000352859497,0.06300000101327896,1.9250000342726707
2013-01-30,2.00600004196167,0.05999999865889549,1.9460000433027744
2013-01-31,1.9850000143051147,0.06499999761581421,1.9200000166893005
2013-02-01,2.009999990463257,0.05999999865889549,1.9499999918043613
2013-02-04,1.9730000495910645,0.054999999701976776,1.9180000498890877
2013-02-05,2.0160000324249268,0.07000000029802322,1.9460000321269035
2013-02-06,1.968000054359436,0.06499999761581421,1.9030000567436218
2013-02-07,1.9509999752044678,0.06499999761581421,1.8859999775886536
2013-02-08,1.9539999961853027,0.06499999761581421,1.8889999985694885
2013-02-11,1.9459999799728394,0.06499999761581421,1.8809999823570251
2013-02-12,1.9819999933242798,0.08299999684095383,1.898999996483326
2013-02-13,2.0190000534057617,0.08500000089406967,1.934000052511692
2013-02-14,2.0,0.0949999988079071,1.905000001192093
2013-02-15,2.006999969482422,0.0949999988079071,1.9119999706745148
2013-02-19,2.0260000228881836,0.10000000149011612,1.9260000213980675
2013-02-20,2.0209999084472656,0.11500000208616257,1.905999906361103
2013-02-21,1.9759999513626099,0.11999999731779099,1.8559999540448189
2013-02-22,1.9670000076293945,0.11999999731779099,1.8470000103116035
2013-02-25,1.8949999809265137,0.11500000208616257,1.779999978840351
2013-02-26,1.878999948501587,0.10999999940395355,1.7689999490976334
2013-02-27,1.902999997138977,0.10000000149011612,1.802999995648861
2013-02-28,1.8880000114440918,0.10000000149011612,1.7880000099539757
2013-03-01,1.8530000448226929,0.10000000149011612,1.7530000433325768
2013-03-04,1.8769999742507935,0.08500000089406967,1.7919999733567238
2013-03-05,1.8940000534057617,0.08500000089406967,1.809000052511692
2013-03-06,1.937999963760376,0.09200000017881393,1.845999963581562
2013-03-07,1.9910000562667847,0.09000000357627869,1.901000052690506
2013-03-08,2.055999994277954,0.08699999749660492,1.9689999967813492
2013-03-11,2.055999994277954,0.08699999749660492,1.9689999967813492
2013-03-12,2.0230000019073486,0.09200000017881393,1.9310000017285347
2013-03-13,2.0209999084472656,0.08500000089406967,1.935999907553196
2013-03-14,2.0329999923706055,0.09000000357627869,1.9429999887943268
2013-03-15,1.996000051498413,0.08299999684095383,1.9130000546574593
2013-03-18,1.9559999704360962,0.07199999690055847,1.8839999735355377
2013-03-19,1.9079999923706055,0.07000000029802322,1.8379999920725822
2013-03-20,1.937000036239624,0.06300000101327896,1.874000035226345
2013-03-21,1.9320000410079956,0.05999999865889549,1.8720000423491001
2013-03-22,1.9149999618530273,0.06499999761581421,1.8499999642372131
2013-03-25,1.9149999618530273,0.057999998331069946,1.8569999635219574
2013-03-26,1.906000018119812,0.07199999690055847,1.8340000212192535
2013-03-27,1.8509999513626099,0.07999999821186066,1.7709999531507492
2013-03-28,1.8519999980926514,0.06499999761581421,1.7870000004768372
2013-04-01,1.840000033378601,0.06499999761581421,1.7750000357627869
2013-04-02,1.8609999418258667,0.06800000369548798,1.7929999381303787
2013-04-03,1.812000036239624,0.054999999701976776,1.7570000365376472
2013-04-04,1.7589999437332153,0.06499999761581421,1.6939999461174011
2013-04-05,1.694000005722046,0.05999999865889549,1.6340000070631504
2013-04-08,1.7319999933242798,0.054999999701976776,1.676999993622303
2013-04-09,1.746999979019165,0.06300000101327896,1.683999978005886
2013-04-10,1.8049999475479126,0.06499999761581421,1.7399999499320984
2013-04-11,1.7910000085830688,0.06300000101327896,1.7280000075697899
2013-04-12,1.7209999561309814,0.054999999701976776,1.6659999564290047
2013-04-15,1.7020000219345093,0.054999999701976776,1.6470000222325325
2013-04-16,1.718999981880188,0.052000001072883606,1.6669999808073044
2013-04-17,1.7039999961853027,0.05000000074505806,1.6539999954402447
2013-04-18,1.684999942779541,0.05000000074505806,1.634999942034483
2013-04-19,1.7029999494552612,0.04500000178813934,1.6579999476671219
2013-04-22,1.6979999542236328,0.04500000178813934,1.6529999524354935
2013-04-23,1.6979999542236328,0.04500000178813934,1.6529999524354935
2013-04-24,1.6979999542236328,0.04800000041723251,1.6499999538064003
2013-04-25,1.7109999656677246,0.05000000074505806,1.6609999649226665
2013-04-26,1.6629999876022339,0.04500000178813934,1.6179999858140945
2013-04-29,1.6679999828338623,0.04500000178813934,1.622999981045723
2013-04-30,1.6749999523162842,0.04500000178813934,1.6299999505281448
2013-05-01,1.6390000581741333,0.05000000074505806,1.5890000574290752
2013-05-02,1.63100004196167,0.05000000074505806,1.5810000412166119
2013-05-03,1.7519999742507935,0.04500000178813934,1.7069999724626541
2013-05-06,1.7710000276565552,0.029999999329447746,1.7410000283271074
2013-05-07,1.7829999923706055,0.03500000014901161,1.7479999922215939
2013-05-08,1.7599999904632568,0.03500000014901161,1.7249999903142452
2013-05-09,1.812999963760376,0.03500000014901161,1.7779999636113644
2013-05-10,1.899999976158142,0.03500000014901161,1.8649999760091305
2013-05-13,1.9229999780654907,0.03500000014901161,1.887999977916479
2013-05-14,1.9520000219345093,0.03999999910593033,1.912000022828579
2013-05-15,1.9429999589920044,0.03700000047683716,1.9059999585151672
2013-05-16,1.8650000095367432,0.02500000037252903,1.8400000091642141
2013-05-17,1.9490000009536743,0.029999999329447746,1.9190000016242266
2013-05-20,1.965000033378601,0.03500000014901161,1.9300000332295895
2013-05-21,1.944000005722046,0.03999999910593033,1.9040000066161156
2013-05-22,2.0260000228881836,0.03500000014901161,1.991000022739172
2013-05-23,2.0230000019073486,0.03999999910593033,1.9830000028014183
2013-05-24,2.010999917984009,0.03700000047683716,1.9739999175071716
2013-05-28,2.134999990463257,0.03500000014901161,2.0999999903142452
2013-05-29,2.124000072479248,0.03999999910593033,2.0840000733733177
2013-05-30,2.124000072479248,0.02500000037252903,2.099000072106719
2013-05-31,2.1640000343322754,0.029999999329447746,2.1340000350028276
2013-06-03,2.134000062942505,0.029999999329447746,2.104000063613057
2013-06-04,2.13700008392334,0.03999999910593033,2.0970000848174095
2013-06-05,2.0999999046325684,0.04500000178813934,2.054999902844429
2013-06-06,2.075000047683716,0.04500000178813934,2.0300000458955765
2013-06-07,2.1610000133514404,0.03999999910593033,2.12100001424551
2013-06-10,2.2149999141693115,0.03999999910593033,2.174999915063381
2013-06-11,2.194999933242798,0.04500000178813934,2.1499999314546585
2013-06-12,2.2300000190734863,0.03999999910593033,2.190000019967556
2013-06-13,2.1740000247955322,0.0430000014603138,2.1310000233352184
2013-06-14,2.125999927520752,0.03999999910593033,2.0859999284148216
2013-06-17,2.1710000038146973,0.03999999910593033,2.131000004708767
2013-06-18,2.181999921798706,0.04500000178813934,2.1369999200105667
2013-06-19,2.311000108718872,0.03999999910593033,2.2710001096129417
2013-06-20,2.4189999103546143,0.03999999910593033,2.378999911248684
2013-06-21,2.5139999389648438,0.03999999910593033,2.4739999398589134
2013-06-24,2.5480000972747803,0.03999999910593033,2.50800009816885
2013-06-25,2.5889999866485596,0.057999998331069946,2.5309999883174896
2013-06-26,2.5390000343322754,0.054999999701976776,2.4840000346302986
2013-06-27,2.4830000400543213,0.04500000178813934,2.438000038266182
2013-06-28,2.4779999256134033,0.029999999329447746,2.4479999262839556
2013-07-01,2.490000009536743,0.009999999776482582,2.4800000097602606
2013-07-02,2.4690001010894775,0.03500000014901161,2.434000100940466
2013-07-03,2.500999927520752,0.03500000014901161,2.4659999273717403
2013-07-05,2.7149999141693115,0.03500000014901161,2.6799999140203
2013-07-08,2.6449999809265137,0.03500000014901161,2.609999980777502
2013-07-09,2.630000114440918,0.03500000014901161,2.5950001142919064
2013-07-10,2.680000066757202,0.029999999329447746,2.6500000674277544
2013-07-11,2.5739998817443848,0.029999999329447746,2.543999882414937
2013-07-12,2.6010000705718994,0.029999999329447746,2.5710000712424517
2013-07-15,2.555999994277954,0.019999999552965164,2.535999994724989
2013-07-16,2.5320000648498535,0.03500000014901161,2.497000064700842
2013-07-17,2.490999937057495,0.02500000037252903,2.465999936684966
2013-07-18,2.5339999198913574,0.02199999988079071,2.5119999200105667
2013-07-19,2.490999937057495,0.019999999552965164,2.47099993750453
2013-07-22,2.48799991607666,0.004999999888241291,2.482999916188419
2013-07-23,2.5160000324249268,0.019999999552965164,2.4960000328719616
2013-07-24,2.5880000591278076,0.019999999552965164,2.5680000595748425
2013-07-25,2.6070001125335693,0.014999999664723873,2.5920001128688455
2013-07-26,2.561000108718872,0.014999999664723873,2.546000109054148
2013-07-29,2.5850000381469727,0.019999999552965164,2.5650000385940075
2013-07-30,2.6029999256134033,0.029999999329447746,2.5729999262839556
2013-07-31,2.5929999351501465,0.029999999329447746,2.5629999358206987
2013-08-01,2.7230000495910645,0.03500000014901161,2.688000049442053
2013-08-02,2.6019999980926514,0.029999999329447746,2.5719999987632036
2013-08-05,2.640000104904175,0.03500000014901161,2.605000104755163
2013-08-06,2.6419999599456787,0.03999999910593033,2.6019999608397484
2013-08-07,2.5999999046325684,0.03999999910593033,2.559999905526638
2013-08-08,2.5869998931884766,0.04500000178813934,2.541999891400337
2013-08-09,2.5799999237060547,0.04800000041723251,2.531999923288822
2013-08-12,2.6050000190734863,0.04800000041723251,2.557000018656254
2013-08-13,2.7149999141693115,0.052000001072883606,2.662999913096428
2013-08-14,2.7119998931884766,0.05000000074505806,2.6619998924434185
2013-08-15,2.755000114440918,0.04500000178813934,2.7100001126527786
2013-08-16,2.8289999961853027,0.03999999910593033,2.7889999970793724
2013-08-19,2.884000062942505,0.03999999910593033,2.8440000638365746
2013-08-20,2.813999891281128,0.04500000178813934,2.7689998894929886
2013-08-21,2.8550000190734863,0.032999999821186066,2.8220000192523003
2013-08-22,2.9010000228881836,0.019999999552965164,2.8810000233352184
2013-08-23,2.818000078201294,0.02199999988079071,2.7960000783205032
2013-08-26,2.805000066757202,0.013000000268220901,2.7920000664889812
2013-08-27,2.7209999561309814,0.032999999821186066,2.6879999563097954
2013-08-28,2.7820000648498535,0.029999999329447746,2.7520000655204058
2013-08-29,2.750999927520752,0.019999999552965164,2.730999927967787
2013-08-30,2.749000072479248,0.019999999552965164,2.729000072926283
2013-09-03,2.8480000495910645,0.014999999664723873,2.8330000499263406
2013-09-04,2.8970000743865967,0.014999999664723873,2.882000074721873
2013-09-05,2.9790000915527344,0.014999999664723873,2.9640000918880105
2013-09-06,2.937999963760376,0.014999999664723873,2.922999964095652
2013-09-09,2.8970000743865967,0.009999999776482582,2.887000074610114
2013-09-10,2.9590001106262207,0.014999999664723873,2.944000110961497
2013-09-11,2.9200000762939453,0.014999999664723873,2.9050000766292214
2013-09-12,2.9070000648498535,0.009999999776482582,2.897000065073371
2013-09-13,2.8980000019073486,0.009999999776482582,2.888000002130866
2013-09-16,2.874000072479248,0.003000000026077032,2.871000072453171
2013-09-17,2.8529999256134033,0.004999999888241291,2.847999925725162
2013-09-18,2.7079999446868896,0.004999999888241291,2.7029999447986484
2013-09-19,2.747999906539917,0.004999999888241291,2.7429999066516757
2013-09-20,2.7320001125335693,0.004999999888241291,2.727000112645328
2013-09-23,2.7139999866485596,0.004999999888241291,2.7089999867603183
2013-09-24,2.6530001163482666,0.014999999664723873,2.6380001166835427
2013-09-25,2.614000082015991,0.014999999664723873,2.5990000823512673
2013-09-26,2.6429998874664307,0.003000000026077032,2.6399998874403536
2013-09-27,2.61899995803833,0.004999999888241291,2.613999958150089
2013-09-30,2.615000009536743,0.004999999888241291,2.610000009648502
2013-10-01,2.6459999084472656,0.013000000268220901,2.6329999081790447
2013-10-02,2.625999927520752,0.009999999776482582,2.6159999277442694
2013-10-03,2.6059999465942383,0.019999999552965164,2.585999947041273
2013-10-04,2.6519999504089355,0.017999999225139618,2.633999951183796
2013-10-07,2.634000062942505,0.017999999225139618,2.6160000637173653
2013-10-08,2.635999917984009,0.04500000178813934,2.5909999161958694
2013-10-09,2.6500000953674316,0.03700000047683716,2.6130000948905945
2013-10-10,2.684999942779541,0.03999999910593033,2.6449999436736107
2013-10-11,2.681999921798706,0.06300000101327896,2.618999920785427
2013-10-14,2.690999984741211,0.057999998331069946,2.632999986410141
2013-10-15,2.7200000286102295,0.09200000017881393,2.6280000284314156
2013-10-16,2.6710000038146973,0.09200000017881393,2.5790000036358833
2013-10-17,2.5869998931884766,0.03700000047683716,2.5499998927116394
2013-10-18,2.5889999866485596,0.02500000037252903,2.5639999862760305
2013-10-21,2.6089999675750732,0.02500000037252903,2.583999967202544
2013-10-22,2.51200008392334,0.032999999821186066,2.479000084102154
2013-10-23,2.484999895095825,0.029999999329447746,2.4549998957663774
2013-10-24,2.5220000743865967,0.029999999329447746,2.492000075057149
2013-10-25,2.503000020980835,0.029999999329447746,2.473000021651387
2013-10-28,2.51200008392334,0.019999999552965164,2.4920000843703747
2013-10-29,2.506999969482422,0.03999999910593033,2.4669999703764915
2013-10-30,2.5269999504089355,0.03500000014901161,2.491999950259924
2013-10-31,2.5420000553131104,0.032999999821186066,2.5090000554919243
2013-11-01,2.619999885559082,0.032999999821186066,2.586999885737896
2013-11-04,2.6019999980926514,0.032999999821186066,2.5689999982714653
2013-11-05,2.6619999408721924,0.04500000178813934,2.616999939084053
2013-11-06,2.640000104904175,0.04500000178813934,2.5950001031160355
2013-11-07,2.61299991607666,0.04800000041723251,2.5649999156594276
2013-11-08,2.746000051498413,0.052000001072883606,2.6940000504255295
2013-11-11,2.750999927520752,0.052000001072883606,2.6989999264478683
2013-11-12,2.7679998874664307,0.057999998331069946,2.7099998891353607
2013-11-13,2.7249999046325684,0.07000000029802322,2.654999904334545
2013-11-14,2.7019999027252197,0.06800000369548798,2.6339998990297318
2013-11-15,2.7090001106262207,0.07000000029802322,2.6390001103281975
2013-11-18,2.677999973297119,0.06499999761581421,2.612999975681305
2013-11-19,2.7119998931884766,0.07999999821186066,2.631999894976616
2013-11-20,2.7920000553131104,0.07699999958276749,2.715000055730343
2013-11-21,2.7839999198913574,0.07000000029802322,2.713999919593334
2013-11-22,2.752000093460083,0.06499999761581421,2.687000095844269
2013-11-25,2.740999937057495,0.05999999865889549,2.6809999383985996
2013-11-26,2.696000099182129,0.06800000369548798,2.628000095486641
2013-11-27,2.7360000610351562,0.06300000101327896,2.6730000600218773
2013-11-29,2.740999937057495,0.054999999701976776,2.6859999373555183
2013-12-02,2.8010001182556152,0.05000000074505806,2.751000117510557
2013-12-03,2.7750000953674316,0.03500000014901161,2.74000009521842
2013-12-04,2.8410000801086426,0.052000001072883606,2.789000079035759
2013-12-05,2.861999988555908,0.04800000041723251,2.8139999881386757
2013-12-06,2.882999897003174,0.052000001072883606,2.8309998959302902
2013-12-09,2.8570001125335693,0.052000001072883606,2.8050001114606857
2013-12-10,2.796999931335449,0.07000000029802322,2.726999931037426
2013-12-11,2.8440001010894775,0.06800000369548798,2.7760000973939896
2013-12-12,2.877000093460083,0.06300000101327896,2.814000092446804
2013-12-13,2.868000030517578,0.05999999865889549,2.8080000318586826
2013-12-16,2.877000093460083,0.057999998331069946,2.819000095129013
2013-12-17,2.8429999351501465,0.06300000101327896,2.7799999341368675
2013-12-18,2.884999990463257,0.05999999865889549,2.8249999918043613
2013-12-19,2.924999952316284,0.057999998331069946,2.8669999539852142
2013-12-20,2.88700008392334,0.054999999701976776,2.832000084221363
2013-12-23,2.928999900817871,0.057999998331069946,2.870999902486801
2013-12-24,2.9830000400543213,0.06800000369548798,2.9150000363588333
2013-12-26,2.990000009536743,0.05999999865889549,2.9300000108778477
2013-12-27,3.00600004196167,0.057999998331069946,2.9480000436306
2013-12-30,2.9760000705718994,0.054999999701976776,2.9210000708699226
2013-12-31,3.0260000228881836,0.06300000101327896,2.9630000218749046
2014-01-02,2.984999895095825,0.057999998331069946,2.9269998967647552
2014-01-03,2.994999885559082,0.057999998331069946,2.936999887228012
2014-01-06,2.9609999656677246,0.04500000178813934,2.9159999638795853
2014-01-07,2.937000036239624,0.0430000014603138,2.8940000347793102
2014-01-08,2.993000030517578,0.03999999910593033,2.953000031411648
2014-01-09,2.9630000591278076,0.032999999821186066,2.9300000593066216
2014-01-10,2.859999895095825,0.032999999821186066,2.826999895274639
2014-01-13,2.8269999027252197,0.029999999329447746,2.796999903395772
2014-01-14,2.86899995803833,0.032999999821186066,2.835999958217144
2014-01-15,2.884000062942505,0.03500000014901161,2.8490000627934933
2014-01-16,2.8429999351501465,0.029999999329447746,2.8129999358206987
2014-01-17,2.8269999027252197,0.029999999329447746,2.796999903395772
2014-01-21,2.825000047683716,0.02800000086426735,2.7970000468194485
2014-01-22,2.859999895095825,0.029999999329447746,2.8299998957663774
2014-01-23,2.7730000019073486,0.029999999329447746,2.743000002577901
2014-01-24,2.734999895095825,0.032999999821186066,2.701999895274639
2014-01-27,2.7660000324249268,0.04800000041723251,2.7180000320076942
2014-01-28,2.746000051498413,0.04500000178813934,2.7010000497102737
2014-01-29,2.674999952316284,0.03999999910593033,2.634999953210354
2014-01-30,2.693000078201294,0.014999999664723873,2.67800007853657
2014-01-31,2.6679999828338623,0.009999999776482582,2.6579999830573797
2014-02-03,2.5810000896453857,0.019999999552965164,2.5610000900924206
2014-02-04,2.624000072479248,0.054999999701976776,2.5690000727772713
2014-02-05,2.6670000553131104,0.054999999701976776,2.6120000556111336
2014-02-06,2.7019999027252197,0.05999999865889549,2.6419999040663242
2014-02-07,2.674999952316284,0.07199999690055847,2.6029999554157257
2014-02-10,2.677999973297119,0.054999999701976776,2.6229999735951424
2014-02-11,2.7190001010894775,0.04500000178813934,2.674000099301338
2014-02-12,2.763000011444092,0.0430000014603138,2.720000009983778
2014-02-13,2.7360000610351562,0.02500000037252903,2.711000060662627
2014-02-14,2.746000051498413,0.009999999776482582,2.7360000517219305
2014-02-18,2.7109999656677246,0.014999999664723873,2.6959999660030007
2014-02-19,2.7339999675750732,0.04500000178813934,2.688999965786934
2014-02-20,2.753999948501587,0.03999999910593033,2.7139999493956566
2014-02-21,2.7339999675750732,0.03500000014901161,2.6989999674260616
2014-02-24,2.75,0.032999999821186066,2.717000000178814
2014-02-25,2.7009999752044678,0.03999999910593033,2.6609999760985374
2014-02-26,2.6730000972747803,0.03999999910593033,2.63300009816885
2014-02-27,2.6419999599456787,0.03500000014901161,2.606999959796667
2014-02-28,2.6579999923706055,0.0430000014603138,2.6149999909102917
2014-03-03,2.6070001125335693,0.0430000014603138,2.5640001110732555
2014-03-04,2.690999984741211,0.04800000041723251,2.6429999843239784
2014-03-05,2.697999954223633,0.05000000074505806,2.6479999534785748
2014-03-06,2.736999988555908,0.04500000178813934,2.691999986767769
2014-03-07,2.7899999618530273,0.04500000178813934,2.744999960064888
2014-03-10,2.7839999198913574,0.03999999910593033,2.743999920785427
2014-03-11,2.7660000324249268,0.04500000178813934,2.7210000306367874
2014-03-12,2.7260000705718994,0.03999999910593033,2.686000071465969
2014-03-13,2.6530001163482666,0.03999999910593033,2.6130001172423363
2014-03-14,2.6449999809265137,0.03999999910593033,2.6049999818205833
2014-03-17,2.6989998817443848,0.0430000014603138,2.655999880284071
2014-03-18,2.680999994277954,0.05000000074505806,2.630999993532896
2014-03-19,2.7720000743865967,0.05000000074505806,2.7220000736415386
2014-03-20,2.7750000953674316,0.052000001072883606,2.723000094294548
2014-03-21,2.75,0.04500000178813934,2.7049999982118607
2014-03-24,2.7330000400543213,0.0430000014603138,2.6900000385940075
2014-03-25,2.734999895095825,0.04500000178813934,2.689999893307686
2014-03-26,2.7009999752044678,0.03700000047683716,2.6639999747276306
2014-03-27,2.671999931335449,0.032999999821186066,2.638999931514263
2014-03-28,2.7119998931884766,0.032999999821186066,2.6789998933672905
2014-03-31,2.7230000495910645,0.02800000086426735,2.695000048726797
2014-04-01,2.759000062942505,0.029999999329447746,2.729000063613057
2014-04-02,2.802999973297119,0.017999999225139618,2.7849999740719795
2014-04-03,2.7899999618530273,0.014999999664723873,2.7749999621883035
2014-04-04,2.7260000705718994,0.019999999552965164,2.7060000710189342
2014-04-07,2.694999933242798,0.019999999552965164,2.6749999336898327
2014-04-08,2.680999994277954,0.02500000037252903,2.655999993905425
2014-04-09,2.684000015258789,0.02800000086426735,2.6560000143945217
2014-04-10,2.628000020980835,0.02800000086426735,2.6000000201165676
2014-04-11,2.61899995803833,0.029999999329447746,2.5889999587088823
2014-04-14,2.6389999389648438,0.029999999329447746,2.608999939635396
2014-04-15,2.628000020980835,0.029999999329447746,2.598000021651387
2014-04-16,2.63700008392334,0.02500000037252903,2.612000083550811
2014-04-17,2.7209999561309814,0.02500000037252903,2.6959999557584524
2014-04-21,2.7209999561309814,0.02500000037252903,2.6959999557584524
2014-04-22,2.7260000705718994,0.02500000037252903,2.7010000701993704
2014-04-23,2.686000108718872,0.014999999664723873,2.671000109054148
2014-04-24,2.687999963760376,0.007000000216066837,2.680999963544309
2014-04-25,2.6659998893737793,0.007000000216066837,2.6589998891577125
2014-04-28,2.677000045776367,0.003000000026077032,2.67400004575029
2014-04-29,2.694999933242798,0.014999999664723873,2.679999933578074
2014-04-30,2.6480000019073486,0.019999999552965164,2.6280000023543835
2014-05-01,2.6059999465942383,0.017999999225139618,2.5879999473690987
2014-05-02,2.5910000801086426,0.014999999664723873,2.5760000804439187
2014-05-05,2.6110000610351562,0.014999999664723873,2.5960000613704324
2014-05-06,2.5950000286102295,0.019999999552965164,2.5750000290572643
2014-05-07,2.5899999141693115,0.019999999552965164,2.5699999146163464
2014-05-08,2.6019999980926514,0.02199999988079071,2.5799999982118607
2014-05-09,2.622999906539917,0.02199999988079071,2.6009999066591263
2014-05-12,2.6559998989105225,0.019999999552965164,2.6359998993575573
2014-05-13,2.618000030517578,0.019999999552965164,2.598000030964613
2014-05-14,2.5429999828338623,0.019999999552965164,2.522999983280897
2014-05-15,2.502000093460083,0.017999999225139618,2.4840000942349434
2014-05-16,2.5179998874664307,0.014999999664723873,2.502999887801707
2014-05-19,2.5360000133514404,0.017999999225139618,2.518000014126301
2014-05-20,2.509000062942505,0.02500000037252903,2.484000062569976
2014-05-21,2.5369999408721924,0.02500000037252903,2.5119999404996634
2014-05-22,2.555000066757202,0.02800000086426735,2.527000065892935
2014-05-23,2.5360000133514404,0.02800000086426735,2.508000012487173
2014-05-27,2.5179998874664307,0.02800000086426735,2.4899998866021633
2014-05-28,2.437999963760376,0.02800000086426735,2.4099999628961086
2014-05-29,2.447000026702881,0.029999999329447746,2.417000027373433
2014-05-30,2.4570000171661377,0.029999999329447746,2.42700001783669
2014-06-02,2.5339999198913574,0.02500000037252903,2.5089999195188284
2014-06-03,2.5929999351501465,0.029999999329447746,2.5629999358206987
2014-06-04,2.6059999465942383,0.029999999329447746,2.5759999472647905
2014-06-05,2.5840001106262207,0.029999999329447746,2.554000111296773
2014-06-06,2.5969998836517334,0.02800000086426735,2.568999882787466
2014-06-09,2.61299991607666,0.029999999329447746,2.5829999167472124
2014-06-10,2.634999990463257,0.03500000014901161,2.5999999903142452
2014-06-11,2.640000104904175,0.032999999821186066,2.6070001050829887
2014-06-12,2.5859999656677246,0.032999999821186066,2.5529999658465385
2014-06-13,2.6040000915527344,0.029999999329447746,2.5740000922232866
2014-06-16,2.5969998836517334,0.02500000037252903,2.5719998832792044
2014-06-17,2.6549999713897705,0.032999999821186066,2.6219999715685844
2014-06-18,2.61299991607666,0.017999999225139618,2.5949999168515205
2014-06-19,2.621999979019165,0.009999999776482582,2.6119999792426825
2014-06-20,2.624000072479248,0.009999999776482582,2.6140000727027655
2014-06-23,2.622999906539917,0.004999999888241291,2.6179999066516757
2014-06-24,2.5859999656677246,0.02199999988079071,2.563999965786934
2014-06-25,2.559000015258789,0.019999999552965164,2.539000015705824
2014-06-26,2.5250000953674316,0.02500000037252903,2.5000000949949026
2014-06-27,2.5320000648498535,0.017999999225139618,2.514000065624714
2014-06-30,2.5160000324249268,0.019999999552965164,2.4960000328719616
2014-07-01,2.562999963760376,0.02500000037252903,2.537999963387847
2014-07-02,2.628000020980835,0.007000000216066837,2.621000020764768
2014-07-03,2.6480000019073486,0.003000000026077032,2.6450000018812716
2014-07-07,2.617000102996826,0.007000000216066837,2.6100001027807593
2014-07-08,2.565000057220459,0.02500000037252903,2.54000005684793
2014-07-09,2.546999931335449,0.014999999664723873,2.5319999316707253
2014-07-10,2.5320000648498535,0.014999999664723873,2.5170000651851296
2014-07-11,2.5199999809265137,0.014999999664723873,2.50499998126179
2014-07-14,2.5490000247955322,0.014999999664723873,2.5340000251308084
2014-07-15,2.5490000247955322,0.019999999552965164,2.529000025242567
2014-07-16,2.5380001068115234,0.017999999225139618,2.520000107586384
2014-07-17,2.4749999046325684,0.007000000216066837,2.4679999044165015
2014-07-18,2.4839999675750732,0.009999999776482582,2.4739999677985907
2014-07-21,2.4739999771118164,0.013000000268220901,2.4609999768435955
2014-07-22,2.4660000801086426,0.019999999552965164,2.4460000805556774
2014-07-23,2.4639999866485596,0.019999999552965164,2.4439999870955944
2014-07-24,2.509000062942505,0.019999999552965164,2.4890000633895397
2014-07-25,2.4690001010894775,0.019999999552965164,2.4490001015365124
2014-07-28,2.490999937057495,0.02500000037252903,2.465999936684966
2014-07-29,2.4619998931884766,0.02800000086426735,2.433999892324209
2014-07-30,2.553999900817871,0.02800000086426735,2.5259998999536037
2014-07-31,2.555999994277954,0.017999999225139618,2.5379999950528145
2014-08-01,2.505000114440918,0.017999999225139618,2.4870001152157784
2014-08-04,2.490999937057495,0.014999999664723873,2.4759999373927712
2014-08-05,2.4830000400543213,0.02500000037252903,2.4580000396817923
2014-08-06,2.4739999771118164,0.019999999552965164,2.4539999775588512
2014-08-07,2.4240000247955322,0.019999999552965164,2.404000025242567
2014-08-08,2.4149999618530273,0.019999999552965164,2.394999962300062
2014-08-11,2.4200000762939453,0.02500000037252903,2.3950000759214163
2014-08-12,2.441999912261963,0.02500000037252903,2.416999911889434
2014-08-13,2.4130001068115234,0.029999999329447746,2.3830001074820757
2014-08-14,2.4000000953674316,0.02800000086426735,2.3720000945031643
2014-08-15,2.3450000286102295,0.02199999988079071,2.323000028729439
2014-08-18,2.38700008392334,0.02199999988079071,2.365000084042549
2014-08-19,2.4049999713897705,0.02500000037252903,2.3799999710172415
2014-08-20,2.4260001182556152,0.02500000037252903,2.401000117883086
2014-08-21,2.4070000648498535,0.014999999664723873,2.3920000651851296
2014-08-22,2.4030001163482666,0.014999999664723873,2.3880001166835427
2014-08-25,2.38700008392334,0.014999999664723873,2.372000084258616
2014-08-26,2.3910000324249268,0.02500000037252903,2.3660000320523977
2014-08-27,2.3610000610351562,0.02500000037252903,2.336000060662627
2014-08-28,2.3340001106262207,0.02199999988079071,2.31200011074543
2014-08-29,2.3429999351501465,0.017999999225139618,2.324999935925007
2014-09-02,2.4189999103546143,0.019999999552965164,2.398999910801649
2014-09-03,2.4100000858306885,0.019999999552965164,2.3900000862777233
2014-09-04,2.447999954223633,0.019999999552965164,2.4279999546706676
2014-09-05,2.4609999656677246,0.019999999552965164,2.4409999661147594
2014-09-08,2.4690001010894775,0.019999999552965164,2.4490001015365124
2014-09-09,2.5,0.014999999664723873,2.485000000335276
2014-09-10,2.5339999198913574,0.014999999664723873,2.5189999202266335
2014-09-11,2.5309998989105225,0.009999999776482582,2.52099989913404
2014-09-12,2.614000082015991,0.009999999776482582,2.6040000822395086
2014-09-15,2.5910000801086426,0.009999999776482582,2.58100008033216
2014-09-16,2.5889999866485596,0.014999999664723873,2.5739999869838357
2014-09-17,2.5999999046325684,0.013000000268220901,2.5869999043643475
2014-09-18,2.628999948501587,0.009999999776482582,2.6189999487251043
2014-09-19,2.5869998931884766,0.007000000216066837,2.5799998929724097
2014-09-22,2.565999984741211,0.003000000026077032,2.562999984715134
2014-09-23,2.5350000858306885,0.007000000216066837,2.5280000856146216
2014-09-24,2.569000005722046,0.007000000216066837,2.562000005505979
2014-09-25,2.510999917984009,0.004999999888241291,2.5059999180957675
2014-09-26,2.5350000858306885,0.004999999888241291,2.530000085942447
2014-09-29,2.490999937057495,0.004999999888241291,2.485999937169254
2014-09-30,2.507999897003174,0.013000000268220901,2.494999896734953
2014-10-01,2.4030001163482666,0.013000000268220901,2.3900001160800457
2014-10-02,2.437999963760376,0.009999999776482582,2.4279999639838934
2014-10-03,2.447000026702881,0.009999999776482582,2.4370000269263983
2014-10-06,2.424999952316284,0.009999999776482582,2.4149999525398016
2014-10-07,2.3499999046325684,0.009999999776482582,2.3399999048560858
2014-10-08,2.3299999237060547,0.004999999888241291,2.3249999238178134
2014-10-09,2.3269999027252197,0.004999999888241291,2.3219999028369784
2014-10-10,2.306999921798706,0.004999999888241291,2.3019999219104648
2014-10-13,2.2860000133514404,0.004999999888241291,2.281000013463199
2014-10-14,2.2060000896453857,0.004999999888241291,2.2010000897571445
2014-10-15,2.0899999141693115,0.009999999776482582,2.079999914392829
2014-10-16,2.1530001163482666,0.019999999552965164,2.1330001167953014
2014-10-17,2.1989998817443848,0.02199999988079071,2.176999881863594
2014-10-20,2.180999994277954,0.019999999552965164,2.160999994724989
2014-10-21,2.2079999446868896,0.017999999225139618,2.18999994546175
2014-10-22,2.2290000915527344,0.014999999664723873,2.2140000918880105
2014-10-23,2.2750000953674316,0.014999999664723873,2.2600000957027078
2014-10-24,2.2730000019073486,0.004999999888241291,2.2680000020191073
2014-10-27,2.256999969482422,0.004999999888241291,2.2519999695941806
2014-10-28,2.2839999198913574,0.014999999664723873,2.2689999202266335
2014-10-29,2.322999954223633,0.014999999664723873,2.307999954558909
2014-10-30,2.305000066757202,0.003000000026077032,2.302000066731125
2014-10-31,2.3350000381469727,0.003000000026077032,2.3320000381208956
2014-11-03,2.3480000495910645,0.003000000026077032,2.3450000495649874
2014-11-04,2.3420000076293945,0.02199999988079071,2.320000007748604
2014-11-05,2.3499999046325684,0.019999999552965164,2.329999905079603
2014-11-06,2.375,0.017999999225139618,2.3570000007748604
2014-11-07,2.312000036239624,0.017999999225139618,2.2940000370144844
2014-11-10,2.3589999675750732,0.014999999664723873,2.3439999679103494
2014-11-11,2.359999895095825,0.014999999664723873,2.3449998954311013
2014-11-12,2.3589999675750732,0.013000000268220901,2.3459999673068523
2014-11-13,2.3469998836517334,0.004999999888241291,2.341999883763492
2014-11-14,2.319999933242798,0.003000000026077032,2.316999933216721
2014-11-17,2.3399999141693115,0.009999999776482582,2.329999914392829
2014-11-18,2.322000026702881,0.014999999664723873,2.307000027038157
2014-11-19,2.3510000705718994,0.014999999664723873,2.3360000709071755
2014-11-20,2.3350000381469727,0.014999999664723873,2.320000038482249
2014-11-21,2.315000057220459,0.003000000026077032,2.312000057194382
2014-11-24,2.309999942779541,0.004999999888241291,2.3049999428912997
2014-11-25,2.259999990463257,0.017999999225139618,2.241999991238117
2014-11-26,2.2339999675750732,0.009999999776482582,2.2239999677985907
2014-11-28,2.194000005722046,0.004999999888241291,2.1890000058338046
2014-12-01,2.2179999351501465,0.007000000216066837,2.2109999349340796
2014-12-02,2.2850000858306885,0.014999999664723873,2.2700000861659646
2014-12-03,2.2869999408721924,0.004999999888241291,2.281999940983951
2014-12-04,2.256999969482422,0.013000000268220901,2.243999969214201
2014-12-05,2.306999921798706,0.009999999776482582,2.2969999220222235
2014-12-08,2.256999969482422,0.004999999888241291,2.2519999695941806
2014-12-09,2.2200000286102295,0.02800000086426735,2.192000027745962
2014-12-10,2.1689999103546143,0.02500000037252903,2.1439999099820852
2014-12-11,2.177999973297119,0.02199999988079071,2.1559999734163284
2014-12-12,2.1029999256134033,0.014999999664723873,2.0879999259486794
2014-12-15,2.115999937057495,0.009999999776482582,2.1059999372810125
2014-12-16,2.071000099182129,0.029999999329447746,2.041000099852681
2014-12-17,2.1480000019073486,0.019999999552965164,2.1280000023543835
2014-12-18,2.2039999961853027,0.032999999821186066,2.1709999963641167
2014-12-19,2.1760001182556152,0.02500000037252903,2.151000117883086
2014-12-22,2.1619999408721924,0.014999999664723873,2.1469999412074685
2014-12-23,2.256999969482422,0.019999999552965164,2.2369999699294567
2014-12-24,2.2639999389648438,0.019999999552965164,2.2439999394118786
2014-12-26,2.25,0.009999999776482582,2.2400000002235174
2014-12-29,2.2070000171661377,0.003000000026077032,2.2040000171400607
2014-12-30,2.190000057220459,0.019999999552965164,2.170000057667494
2014-12-31,2.1700000762939453,0.03700000047683716,2.133000075817108
2015-01-02,2.122999906539917,0.014999999664723873,2.107999906875193
2015-01-05,2.0390000343322754,0.003000000026077032,2.0360000343061984
2015-01-06,1.9630000591278076,0.019999999552965164,1.9430000595748425
2015-01-07,1.9539999961853027,0.019999999552965164,1.9339999966323376
2015-01-08,2.0160000324249268,0.017999999225139618,1.9980000331997871
2015-01-09,1.9709999561309814,0.014999999664723873,1.9559999564662576
2015-01-12,1.9119999408721924,0.013000000268220901,1.8989999406039715
2015-01-13,1.8899999856948853,0.023000000044703484,1.8669999856501818
2015-01-14,1.8370000123977661,0.02500000037252903,1.812000012025237
2015-01-15,1.774999976158142,0.023000000044703484,1.7519999761134386
2015-01-16,1.815000057220459,0.017999999225139618,1.7970000579953194
2015-01-20,1.8070000410079956,0.00800000037997961,1.799000040628016
2015-01-21,1.8530000448226929,0.019999999552965164,1.8330000452697277
2015-01-22,1.8960000276565552,0.014999999664723873,1.8810000279918313
2015-01-23,1.8170000314712524,0.013000000268220901,1.8040000312030315
2015-01-26,1.8279999494552612,0.004999999888241291,1.82299994956702
2015-01-27,1.8250000476837158,0.017999999225139618,1.8070000484585762
2015-01-28,1.7239999771118164,0.014999999664723873,1.7089999774470925
2015-01-29,1.7510000467300415,0.009999999776482582,1.741000046953559
2015-01-30,1.6749999523162842,0.004999999888241291,1.6699999524280429
2015-02-02,1.6729999780654907,0.004999999888241291,1.6679999781772494
2015-02-03,1.7799999713897705,0.014999999664723873,1.7649999717250466
2015-02-04,1.7970000505447388,0.004999999888241291,1.7920000506564975
2015-02-05,1.815000057220459,0.00800000037997961,1.8070000568404794
2015-02-06,1.937999963760376,0.014999999664723873,1.922999964095652
2015-02-09,1.9479999542236328,0.003000000026077032,1.9449999541975558
2015-02-10,1.9910000562667847,0.004999999888241291,1.9860000563785434
2015-02-11,1.9880000352859497,0.004999999888241291,1.9830000353977084
2015-02-12,1.9859999418258667,0.00800000037997961,1.977999941445887
2015-02-13,2.0209999084472656,0.004999999888241291,2.0159999085590243
2015-02-17,2.1449999809265137,0.00800000037997961,2.136999980546534
2015-02-18,2.065999984741211,0.013000000268220901,2.05299998447299
2015-02-19,2.11299991607666,0.013000000268220901,2.0999999158084393
2015-02-20,2.132999897003174,0.009999999776482582,2.1229998972266912
2015-02-23,2.059000015258789,0.014999999664723873,2.044000015594065
2015-02-24,1.9880000352859497,0.017999999225139618,1.97000003606081
2015-02-25,1.968999981880188,0.014999999664723873,1.9539999822154641
2015-02-26,2.0160000324249268,0.013000000268220901,2.003000032156706
2015-02-27,2.002000093460083,0.00800000037997961,1.9940000930801034
2015-03-02,2.0840001106262207,0.004999999888241291,2.0790001107379794
2015-03-03,2.121999979019165,0.013000000268220901,2.108999978750944
2015-03-04,2.122999906539917,0.009999999776482582,2.1129999067634344
2015-03-05,2.111999988555908,0.003000000026077032,2.108999988529831
2015-03-06,2.240000009536743,0.004999999888241291,2.235000009648502
2015-03-09,2.194999933242798,0.004999999888241291,2.1899999333545566
2015-03-10,2.125999927520752,0.009999999776482582,2.1159999277442694
2015-03-11,2.1089999675750732,0.013000000268220901,2.0959999673068523
2015-03-12,2.0959999561309814,0.017999999225139618,2.077999956905842
2015-03-13,2.111999988555908,0.023000000044703484,2.0889999885112047
2015-03-16,2.0980000495910645,0.029999999329447746,2.0680000502616167
2015-03-17,2.058000087738037,0.04800000041723251,2.0100000873208046
2015-03-18,1.9509999752044678,0.03799999877810478,1.912999976426363
2015-03-19,1.9769999980926514,0.009999999776482582,1.9669999983161688
2015-03-20,1.9299999475479126,0.003000000026077032,1.9269999475218356
2015-03-23,1.9149999618530273,0.003000000026077032,1.9119999618269503
2015-03-24,1.878000020980835,0.014999999664723873,1.863000021316111
2015-03-25,1.9199999570846558,0.017999999225139618,1.9019999578595161
2015-03-26,2.006999969482422,0.02800000086426735,1.9789999686181545
2015-03-27,1.9479999542236328,0.029999999329447746,1.917999954894185
2015-03-30,1.9630000591278076,0.023000000044703484,1.9400000590831041
2015-03-31,1.934000015258789,0.02500000037252903,1.90900001488626
2015-04-01,1.8680000305175781,0.032999999821186066,1.835000030696392
2015-04-02,1.9040000438690186,0.009999999776482582,1.894000044092536
2015-04-06,1.9040000438690186,0.003000000026077032,1.9010000438429415
2015-04-07,1.8930000066757202,0.014999999664723873,1.8780000070109963
2015-04-08,1.8949999809265137,0.017999999225139618,1.876999981701374
2015-04-09,1.9579999446868896,0.019999999552965164,1.9379999451339245
2015-04-10,1.9509999752044678,0.014999999664723873,1.935999975539744
2015-04-13,1.9390000104904175,0.004999999888241291,1.9340000106021762
2015-04-14,1.9040000438690186,0.009999999776482582,1.894000044092536
2015-04-15,1.899999976158142,0.014999999664723873,1.8849999764934182
2015-04-16,1.878000020980835,0.009999999776482582,1.8680000212043524
2015-04-17,1.850000023841858,0.013000000268220901,1.837000023573637
2015-04-20,1.8949999809265137,0.013000000268220901,1.8819999806582928
2015-04-21,1.9160000085830688,0.019999999552965164,1.8960000090301037
2015-04-22,1.972000002861023,0.019999999552965164,1.9520000033080578
2015-04-23,1.9470000267028809,0.019999999552965164,1.9270000271499157
2015-04-24,1.9170000553131104,0.014999999664723873,1.9020000556483865
2015-04-27,1.9240000247955322,0.013000000268220901,1.9110000245273113
2015-04-28,1.9730000495910645,0.013000000268220901,1.9600000493228436
2015-04-29,2.0350000858306885,0.003000000026077032,2.0320000858046114
2015-04-30,2.0460000038146973,0.004999999888241291,2.041000003926456
2015-05-01,2.117000102996826,0.003000000026077032,2.114000102970749
2015-05-04,2.134999990463257,0.003000000026077032,2.13199999043718
2015-05-05,2.1760001182556152,0.00800000037997961,2.1680001178756356
2015-05-06,2.240000009536743,0.009999999776482582,2.2300000097602606
2015-05-07,2.184000015258789,0.004999999888241291,2.1790000153705478
2015-05-08,2.1500000953674316,0.003000000026077032,2.1470000953413546
2015-05-11,2.2739999294281006,0.004999999888241291,2.2689999295398593
2015-05-12,2.259999990463257,0.013000000268220901,2.246999990195036
2015-05-13,2.2820000648498535,0.009999999776482582,2.272000065073371
2015-05-14,2.239000082015991,0.009999999776482582,2.2290000822395086
2015-05-15,2.1410000324249268,0.009999999776482582,2.131000032648444
2015-05-18,2.2279999256134033,0.00800000037997961,2.2199999252334237
2015-05-19,2.26200008392334,0.009999999776482582,2.2520000841468573
2015-05-20,2.250999927520752,0.013000000268220901,2.237999927252531
2015-05-21,2.184999942779541,0.013000000268220901,2.17199994251132
2015-05-22,2.2149999141693115,0.009999999776482582,2.204999914392829
2015-05-26,2.13700008392334,0.009999999776482582,2.1270000841468573
2015-05-27,2.134999990463257,0.013000000268220901,2.121999990195036
2015-05-28,2.130000114440918,0.003000000026077032,2.127000114414841
2015-05-29,2.0950000286102295,0.003000000026077032,2.0920000285841525
2015-06-01,2.191999912261963,0.00800000037997961,2.1839999118819833
2015-06-02,2.2660000324249268,0.009999999776482582,2.256000032648444
2015-06-03,2.365999937057495,0.009999999776482582,2.3559999372810125
2015-06-04,2.306999921798706,0.004999999888241291,2.3019999219104648
2015-06-05,2.4019999504089355,0.009999999776482582,2.391999950632453
2015-06-08,2.38100004196167,0.009999999776482582,2.3710000421851873
2015-06-09,2.4170000553131104,0.013000000268220901,2.4040000550448895
2015-06-10,2.4779999256134033,0.013000000268220901,2.4649999253451824
2015-06-11,2.382999897003174,0.00800000037997961,2.374999896623194
2015-06-12,2.384999990463257,0.004999999888241291,2.3799999905750155
2015-06-15,2.3580000400543213,0.003000000026077032,2.3550000400282443
2015-06-16,2.318000078201294,0.00800000037997961,2.3100000778213143
2015-06-17,2.305999994277954,0.003000000026077032,2.302999994251877
2015-06-18,2.3510000705718994,0.003000000026077032,2.3480000705458224
2015-06-19,2.2669999599456787,0.003000000026077032,2.2639999599196017
2015-06-22,2.359999895095825,0.003000000026077032,2.356999895069748
2015-06-23,2.4089999198913574,0.00800000037997961,2.400999919511378
2015-06-24,2.371000051498413,0.004999999888241291,2.366000051610172
2015-06-25,2.3929998874664307,0.004999999888241291,2.3879998875781894
2015-06-26,2.4760000705718994,0.004999999888241291,2.471000070683658
2015-06-29,2.3310000896453857,0.004999999888241291,2.3260000897571445
2015-06-30,2.3350000381469727,0.009999999776482582,2.32500003837049
2015-07-01,2.4179999828338623,0.003000000026077032,2.4149999828077853
2015-07-02,2.3929998874664307,0.003000000026077032,2.3899998874403536
2015-07-06,2.2780001163482666,0.004999999888241291,2.2730001164600253
2015-07-07,2.2309999465942383,0.009999999776482582,2.2209999468177557
2015-07-08,2.2060000896453857,0.009999999776482582,2.196000089868903
2015-07-09,2.3010001182556152,0.00800000037997961,2.2930001178756356
2015-07-10,2.4170000553131104,0.00800000037997961,2.4090000549331307
2015-07-13,2.430000066757202,0.00800000037997961,2.4220000663772225
2015-07-14,2.3989999294281006,0.009999999776482582,2.388999929651618
2015-07-15,2.3499999046325684,0.013000000268220901,2.3369999043643475
2015-07-16,2.3519999980926514,0.009999999776482582,2.341999998316169
2015-07-17,2.3489999771118164,0.013000000268220901,2.3359999768435955
2015-07-20,2.371999979019165,0.023000000044703484,2.3489999789744616
2015-07-21,2.3399999141693115,0.029999999329447746,2.3099999148398638
2015-07-22,2.322000026702881,0.029999999329447746,2.292000027373433
2015-07-23,2.2769999504089355,0.029999999329447746,2.246999951079488
2015-07-24,2.2709999084472656,0.029999999329447746,2.240999909117818
2015-07-27,2.2279999256134033,0.02800000086426735,2.199999924749136
2015-07-28,2.25,0.0430000014603138,2.206999998539686
2015-07-29,2.2790000438690186,0.04500000178813934,2.234000042080879
2015-07-30,2.2679998874664307,0.05999999865889549,2.207999888807535
2015-07-31,2.2049999237060547,0.057999998331069946,2.1469999253749847
2015-08-03,2.1500000953674316,0.06300000101327896,2.0870000943541527
2015-08-04,2.2109999656677246,0.07500000298023224,2.1359999626874924
2015-08-05,2.2679998874664307,0.07500000298023224,2.1929998844861984
2015-08-06,2.2339999675750732,0.02800000086426735,2.205999966710806
2015-08-07,2.174999952316284,0.054999999701976776,2.1199999526143074
2015-08-10,2.23799991607666,0.06499999761581421,2.172999918460846
2015-08-11,2.13700008392334,0.09799999743700027,2.0390000864863396
2015-08-12,2.130000114440918,0.09000000357627869,2.0400001108646393
2015-08-13,2.188999891281128,0.08299999684095383,2.105999894440174
2015-08-14,2.196000099182129,0.07999999821186066,2.1160001009702682
2015-08-17,2.1500000953674316,0.05999999865889549,2.090000096708536
2015-08-18,2.196000099182129,0.08500000089406967,2.1110000982880592
2015-08-19,2.128999948501587,0.03999999910593033,2.0889999493956566
2015-08-20,2.0840001106262207,0.014999999664723873,2.069000110961497
2015-08-21,2.053999900817871,0.019999999552965164,2.033999901264906
2015-08-24,1.996999979019165,0.014999999664723873,1.9819999793544412
2015-08-25,2.132999897003174,0.05299999937415123,2.0799998976290226
2015-08-26,2.171999931335449,0.054999999701976776,2.1169999316334724
2015-08-27,2.1679999828338623,0.05000000074505806,2.1179999820888042
2015-08-28,2.186000108718872,0.05000000074505806,2.136000107973814
2015-08-31,2.200000047683716,0.003000000026077032,2.197000047657639
2015-09-01,2.171999931335449,0.03799999877810478,2.1339999325573444
2015-09-02,2.193000078201294,0.02500000037252903,2.168000077828765
2015-09-03,2.1679999828338623,0.014999999664723873,2.1529999831691384
2015-09-04,2.128000020980835,0.02500000037252903,2.103000020608306
2015-09-08,2.194000005722046,0.02500000037252903,2.169000005349517
2015-09-09,2.180999994277954,0.03500000014901161,2.1459999941289425
2015-09-10,2.2219998836517334,0.014999999664723873,2.2069998839870095
2015-09-11,2.183000087738037,0.023000000044703484,2.1600000876933336
2015-09-14,2.180000066757202,0.02500000037252903,2.155000066384673
2015-09-15,2.2809998989105225,0.057999998331069946,2.2229999005794525
2015-09-16,2.302999973297119,0.05299999937415123,2.249999973922968
2015-09-17,2.2170000076293945,0.003000000026077032,2.2140000076033175
2015-09-18,2.130000114440918,0.009999999776482582,2.1200001146644354
2015-09-21,2.2139999866485596,0.013000000268220901,2.2009999863803387
2015-09-22,2.125,0.003000000026077032,2.121999999973923
2015-09-23,2.1440000534057617,0.003000000026077032,2.1410000533796847
2015-09-24,2.119999885559082,0.004999999888241291,2.1149998856708407
2015-09-25,2.1679999828338623,0.019999999552965164,2.147999983280897
2015-09-28,2.0950000286102295,0.013000000268220901,2.0820000283420086
2015-09-29,2.053999900817871,0.003000000026077032,2.050999900791794
2015-09-30,2.059999942779541,0.004999999888241291,2.0549999428912997
2015-10-01,2.0420000553131104,0.017999999225139618,2.0240000560879707
2015-10-02,1.9889999628067017,0.00800000037997961,1.980999962426722
2015-10-05,2.055999994277954,0.00800000037997961,2.0479999938979745
2015-10-06,2.0350000858306885,0.004999999888241291,2.030000085942447
2015-10-07,2.062000036239624,0.004999999888241291,2.0570000363513827
2015-10-08,2.1080000400543213,0.003000000026077032,2.1050000400282443
2015-10-09,2.0989999771118164,0.003000000026077032,2.0959999770857394
2015-10-12,2.0899999141693115,0.009999999776482582,2.079999914392829
2015-10-13,2.055000066757202,0.004999999888241291,2.050000066868961
2015-10-14,1.9809999465942383,0.009999999776482582,1.9709999468177557
2015-10-15,2.0230000019073486,0.004999999888241291,2.0180000020191073
2015-10-16,2.0230000019073486,0.004999999888241291,2.0180000020191073
2015-10-19,2.0280001163482666,0.004999999888241291,2.0230001164600253
2015-10-20,2.071000099182129,0.009999999776482582,2.0610000994056463
2015-10-21,2.0299999713897705,0.004999999888241291,2.024999971501529
2015-10-22,2.0250000953674316,0.004999999888241291,2.0200000954791903
2015-10-23,2.0829999446868896,0.003000000026077032,2.0799999446608126
2015-10-26,2.058000087738037,0.00800000037997961,2.0500000873580575
2015-10-27,2.0280001163482666,0.009999999776482582,2.018000116571784
2015-10-28,2.0920000076293945,0.03500000014901161,2.057000007480383
2015-10-29,2.1730000972747803,0.05299999937415123,2.120000097900629
2015-10-30,2.1510000228881836,0.06800000369548798,2.0830000191926956
2015-11-02,2.187000036239624,0.05299999937415123,2.134000036865473
2015-11-03,2.2200000286102295,0.057999998331069946,2.1620000302791595
2015-11-04,2.2300000190734863,0.054999999701976776,2.1750000193715096
2015-11-05,2.244999885559082,0.03999999910593033,2.2049998864531517
2015-11-06,2.3329999446868896,0.0729999989271164,2.2599999457597733
2015-11-09,2.3420000076293945,0.07500000298023224,2.2670000046491623
2015-11-10,2.322000026702881,0.125,2.197000026702881
2015-11-11,2.3380000591278076,0.12300000339746475,2.215000055730343
2015-11-12,2.319000005722046,0.12300000339746475,2.196000002324581
2015-11-13,2.2799999713897705,0.11299999803304672,2.166999973356724
2015-11-16,2.2730000019073486,0.09799999743700027,2.1750000044703484
2015-11-17,2.260999917984009,0.13500000536441803,2.1259999126195908
2015-11-18,2.2690000534057617,0.12300000339746475,2.146000050008297
2015-11-19,2.247999906539917,0.08799999952316284,2.159999907016754
2015-11-20,2.26200008392334,0.09300000220537186,2.169000081717968
2015-11-23,2.25,0.10499999672174454,2.1450000032782555
2015-11-24,2.243000030517578,0.15299999713897705,2.090000033378601
2015-11-25,2.2320001125335693,0.17499999701976776,2.0570001155138016
2015-11-27,2.2249999046325684,0.1599999964237213,2.064999908208847
2015-11-30,2.2179999351501465,0.17000000178813934,2.047999933362007
2015-12-01,2.1549999713897705,0.2029999941587448,1.9519999772310257
2015-12-02,2.177999973297119,0.20000000298023224,1.977999970316887
2015-12-03,2.3299999237060547,0.1979999989271164,2.1319999247789383
2015-12-04,2.2750000953674316,0.20499999821186066,2.070000097155571
2015-12-07,2.2249999046325684,0.23499999940395355,1.9899999052286148
2015-12-08,2.23799991607666,0.2680000066757202,1.96999990940094
2015-12-09,2.2079999446868896,0.24500000476837158,1.962999939918518
2015-12-10,2.239000082015991,0.23000000417232513,2.009000077843666
2015-12-11,2.1389999389648438,0.21299999952316284,1.925999939441681
2015-12-14,2.2249999046325684,0.1979999989271164,2.026999905705452
2015-12-15,2.2679998874664307,0.25,2.0179998874664307
2015-12-16,2.2869999408721924,0.23499999940395355,2.051999941468239
2015-12-17,2.23799991607666,0.21299999952316284,2.0249999165534973
2015-12-18,2.1989998817443848,0.17499999701976776,2.023999884724617
2015-12-21,2.197000026702881,0.15299999713897705,2.044000029563904
2015-12-22,2.239000082015991,0.19300000369548798,2.0460000783205032
2015-12-23,2.2639999389648438,0.1899999976158142,2.0739999413490295
2015-12-24,2.243000030517578,0.18299999833106995,2.060000032186508
2015-12-28,2.2249999046325684,0.1899999976158142,2.034999907016754
2015-12-29,2.306999921798706,0.2150000035762787,2.0919999182224274
2015-12-30,2.302999973297119,0.19499999284744263,2.1079999804496765
2015-12-31,2.2690000534057617,0.14800000190734863,2.121000051498413
2016-01-04,2.244999885559082,0.1550000011920929,2.089999884366989
2016-01-05,2.247999906539917,0.20499999821186066,2.0429999083280563
2016-01-06,2.177000045776367,0.20499999821186066,1.9720000475645065
2016-01-07,2.1530001163482666,0.1899999976158142,1.9630001187324524
2016-01-08,2.130000114440918,0.1899999976158142,1.9400001168251038
2016-01-11,2.1579999923706055,0.17499999701976776,1.9829999953508377
2016-01-12,2.1019999980926514,0.20999999344348907,1.8920000046491623
2016-01-13,2.065999984741211,0.2150000035762787,1.8509999811649323
2016-01-14,2.0980000495910645,0.23999999463558197,1.8580000549554825
2016-01-15,2.0329999923706055,0.22300000488758087,1.8099999874830246
2016-01-19,2.0350000858306885,0.23000000417232513,1.8050000816583633
2016-01-20,1.9839999675750732,0.2529999911785126,1.7309999763965607
2016-01-21,2.0190000534057617,0.27300000190734863,1.746000051498413
2016-01-22,2.0480000972747803,0.2879999876022339,1.7600001096725464
2016-01-25,2.0220000743865967,0.2750000059604645,1.7470000684261322
2016-01-26,1.99399995803833,0.30000001192092896,1.6939999461174011
2016-01-27,2.000999927520752,0.30000001192092896,1.700999915599823
2016-01-28,1.9850000143051147,0.3179999887943268,1.667000025510788
2016-01-29,1.930999994277954,0.30000001192092896,1.6309999823570251
2016-02-01,1.965999960899353,0.29499998688697815,1.6709999740123749
2016-02-02,1.8639999628067017,0.33000001311302185,1.5339999496936798
2016-02-03,1.88100004196167,0.3330000042915344,1.5480000376701355
2016-02-04,1.8639999628067017,0.28299999237060547,1.5809999704360962
2016-02-05,1.8480000495910645,0.27799999713897705,1.5700000524520874
2016-02-08,1.7350000143051147,0.25999999046325684,1.475000023841858
2016-02-09,1.7289999723434448,0.30000001192092896,1.4289999604225159
2016-02-10,1.7050000429153442,0.2980000078678131,1.4070000350475311
2016-02-11,1.6440000534057617,0.27300000190734863,1.371000051498413
2016-02-12,1.7480000257492065,0.27000001072883606,1.4780000150203705
2016-02-16,1.777999997138977,0.27300000190734863,1.5049999952316284
2016-02-17,1.819000005722046,0.2930000126361847,1.5259999930858612
2016-02-18,1.7589999437332153,0.2879999876022339,1.4709999561309814
2016-02-19,1.7480000257492065,0.28299999237060547,1.465000033378601
2016-02-22,1.7660000324249268,0.2930000126361847,1.473000019788742
2016-02-23,1.7450000047683716,0.3179999887943268,1.4270000159740448
2016-02-24,1.7419999837875366,0.3149999976158142,1.4269999861717224
2016-02-25,1.6970000267028809,0.3100000023841858,1.387000024318695
2016-02-26,1.7619999647140503,0.30300000309944153,1.4589999616146088
2016-02-29,1.7400000095367432,0.30799999833106995,1.4320000112056732
2016-03-01,1.8339999914169312,0.3199999928474426,1.5139999985694885
2016-03-02,1.8480000495910645,0.30300000309944153,1.545000046491623
2016-03-03,1.8300000429153442,0.2630000114440918,1.5670000314712524
2016-03-04,1.8830000162124634,0.26499998569488525,1.6180000305175781
2016-03-07,1.9019999504089355,0.26499998569488525,1.6369999647140503
2016-03-08,1.8320000171661377,0.3050000071525574,1.5270000100135803
2016-03-09,1.8919999599456787,0.2879999876022339,1.6039999723434448
2016-03-10,1.9290000200271606,0.30300000309944153,1.6260000169277191
2016-03-11,1.9769999980926514,0.30799999833106995,1.6689999997615814
2016-03-14,1.9630000591278076,0.30799999833106995,1.6550000607967377
2016-03-15,1.9589999914169312,0.32499998807907104,1.63400000333786
2016-03-16,1.937999963760376,0.30000001192092896,1.637999951839447
2016-03-17,1.902999997138977,0.2750000059604645,1.6279999911785126
2016-03-18,1.871000051498413,0.2800000011920929,1.5910000503063202
2016-03-21,1.9229999780654907,0.2879999876022339,1.6349999904632568
2016-03-22,1.934999942779541,0.29499998688697815,1.6399999558925629
2016-03-23,1.875,0.2930000126361847,1.5819999873638153
2016-03-24,1.899999976158142,0.2750000059604645,1.6249999701976776
2016-03-28,1.8700000047683716,0.2549999952316284,1.6150000095367432
2016-03-29,1.8140000104904175,0.22499999403953552,1.589000016450882
2016-03-30,1.8300000429153442,0.1850000023841858,1.6450000405311584
2016-03-31,1.7860000133514404,0.19300000369548798,1.5930000096559525
2016-04-01,1.7920000553131104,0.21799999475479126,1.574000060558319
2016-04-04,1.7790000438690186,0.18299999833106995,1.5960000455379486
2016-04-05,1.7269999980926514,0.21799999475479126,1.50900000333786
2016-04-06,1.7549999952316284,0.2199999988079071,1.5349999964237213
2016-04-07,1.690999984741211,0.2199999988079071,1.4709999859333038
2016-04-08,1.7200000286102295,0.21799999475479126,1.5020000338554382
2016-04-11,1.7239999771118164,0.20999999344348907,1.5139999836683273
2016-04-12,1.781000018119812,0.23000000417232513,1.5510000139474869
2016-04-13,1.7619999647140503,0.22300000488758087,1.5389999598264694
2016-04-14,1.781000018119812,0.2150000035762787,1.5660000145435333
2016-04-15,1.7519999742507935,0.20999999344348907,1.5419999808073044
2016-04-18,1.7730000019073486,0.1979999989271164,1.5750000029802322
2016-04-19,1.7829999923706055,0.2150000035762787,1.5679999887943268
2016-04-20,1.8539999723434448,0.21799999475479126,1.6359999775886536
2016-04-21,1.8700000047683716,0.22499999403953552,1.645000010728836
2016-04-22,1.8880000114440918,0.22499999403953552,1.6630000174045563
2016-04-25,1.9019999504089355,0.23800000548362732,1.6639999449253082
2016-04-26,1.930999994277954,0.24500000476837158,1.6859999895095825
2016-04-27,1.8600000143051147,0.24500000476837158,1.6150000095367432
2016-04-28,1.8380000591278076,0.20999999344348907,1.6280000656843185
2016-04-29,1.819000005722046,0.19300000369548798,1.626000002026558
2016-05-02,1.8650000095367432,0.1850000023841858,1.6800000071525574
2016-05-03,1.7999999523162842,0.2029999941587448,1.5969999581575394
2016-05-04,1.784000039100647,0.1979999989271164,1.5860000401735306
2016-05-05,1.746999979019165,0.18299999833106995,1.563999980688095
2016-05-06,1.7790000438690186,0.18000000715255737,1.5990000367164612
2016-05-09,1.7599999904632568,0.2029999941587448,1.556999996304512
2016-05-10,1.7599999904632568,0.24300000071525574,1.516999989748001
2016-05-11,1.7369999885559082,0.24799999594688416,1.488999992609024
2016-05-12,1.7569999694824219,0.257999986410141,1.4989999830722809
2016-05-13,1.7050000429153442,0.257999986410141,1.4470000565052032
2016-05-16,1.753000020980835,0.257999986410141,1.495000034570694
2016-05-17,1.7589999437332153,0.2680000066757202,1.4909999370574951
2016-05-18,1.8799999952316284,0.27000001072883606,1.6099999845027924
2016-05-19,1.8450000286102295,0.28999999165534973,1.5550000369548798
2016-05-20,1.8489999771118164,0.2980000078678131,1.5509999692440033
2016-05-23,1.8380000591278076,0.31299999356269836,1.5250000655651093
2016-05-24,1.8589999675750732,0.34299999475479126,1.515999972820282
2016-05-25,1.8700000047683716,0.3149999976158142,1.5550000071525574
2016-05-26,1.8229999542236328,0.2750000059604645,1.5479999482631683
2016-05-27,1.8509999513626099,0.2980000078678131,1.5529999434947968
2016-05-31,1.8339999914169312,0.28299999237060547,1.5509999990463257
2016-06-01,1.8459999561309814,0.29499998688697815,1.5509999692440033
2016-06-02,1.8109999895095825,0.27000001072883606,1.5409999787807465
2016-06-03,1.7039999961853027,0.27000001072883606,1.4339999854564667
2016-06-06,1.7230000495910645,0.25,1.4730000495910645
2016-06-07,1.7130000591278076,0.26499998569488525,1.4480000734329224
2016-06-08,1.7059999704360962,0.23499999940395355,1.4709999710321426
2016-06-09,1.6799999475479126,0.23999999463558197,1.4399999529123306
2016-06-10,1.6390000581741333,0.23999999463558197,1.3990000635385513
2016-06-13,1.6160000562667847,0.24500000476837158,1.371000051498413
2016-06-14,1.6109999418258667,0.2630000114440918,1.347999930381775
2016-06-15,1.5959999561309814,0.2549999952316284,1.340999960899353
2016-06-16,1.5640000104904175,0.24500000476837158,1.319000005722046
2016-06-17,1.6180000305175781,0.24799999594688416,1.370000034570694
2016-06-20,1.6699999570846558,0.24799999594688416,1.4219999611377716
2016-06-21,1.6970000267028809,0.26499998569488525,1.4320000410079956
2016-06-22,1.684999942779541,0.2680000066757202,1.4169999361038208
2016-06-23,1.7389999628067017,0.2750000059604645,1.4639999568462372
2016-06-24,1.5789999961853027,0.23800000548362732,1.3409999907016754
2016-06-27,1.4600000381469727,0.23499999940395355,1.225000038743019
2016-06-28,1.4609999656677246,0.25999999046325684,1.2009999752044678
2016-06-29,1.4769999980926514,0.2549999952316284,1.222000002861023
2016-06-30,1.4880000352859497,0.24799999594688416,1.2400000393390656
2016-07-01,1.4559999704360962,0.24300000071525574,1.2129999697208405
2016-07-05,1.3669999837875366,0.23800000548362732,1.1289999783039093
2016-07-06,1.3849999904632568,0.2630000114440918,1.121999979019165
2016-07-07,1.3869999647140503,0.27000001072883606,1.1169999539852142
2016-07-08,1.3660000562667847,0.27300000190734863,1.093000054359436
2016-07-11,1.434000015258789,0.2750000059604645,1.1590000092983246
2016-07-12,1.5130000114440918,0.29499998688697815,1.2180000245571136
2016-07-13,1.468000054359436,0.2980000078678131,1.170000046491623
2016-07-14,1.531000018119812,0.30300000309944153,1.2280000150203705
2016-07-15,1.593999981880188,0.2980000078678131,1.2959999740123749
2016-07-18,1.5870000123977661,0.2879999876022339,1.2990000247955322
2016-07-19,1.5579999685287476,0.3100000023841858,1.2479999661445618
2016-07-20,1.5800000429153442,0.3149999976158142,1.26500004529953
2016-07-21,1.565000057220459,0.30300000309944153,1.2620000541210175
2016-07-22,1.5700000524520874,0.30300000309944153,1.2670000493526459
2016-07-25,1.5709999799728394,0.2980000078678131,1.2729999721050262
2016-07-26,1.562999963760376,0.30799999833106995,1.254999965429306
2016-07-27,1.5149999856948853,0.28299999237060547,1.2319999933242798
2016-07-28,1.5110000371932983,0.2199999988079071,1.2910000383853912
2016-07-29,1.4579999446868896,0.23999999463558197,1.2179999500513077
2016-08-01,1.496000051498413,0.23800000548362732,1.2580000460147858
2016-08-02,1.5369999408721924,0.2800000011920929,1.2569999396800995
2016-08-03,1.5420000553131104,0.2680000066757202,1.2740000486373901
2016-08-04,1.503000020980835,0.24799999594688416,1.2550000250339508
2016-08-05,1.5820000171661377,0.25,1.3320000171661377
2016-08-08,1.5829999446868896,0.25,1.3329999446868896
2016-08-09,1.5449999570846558,0.2930000126361847,1.251999944448471
2016-08-10,1.5089999437332153,0.27300000190734863,1.2359999418258667
2016-08-11,1.5729999542236328,0.2750000059604645,1.2979999482631683
2016-08-12,1.5149999856948853,0.2630000114440918,1.2519999742507935
2016-08-15,1.5529999732971191,0.2750000059604645,1.2779999673366547
2016-08-16,1.5759999752044678,0.2879999876022339,1.2879999876022339
2016-08-17,1.5609999895095825,0.2879999876022339,1.2730000019073486
2016-08-18,1.5360000133514404,0.2849999964237213,1.2510000169277191
2016-08-19,1.5779999494552612,0.2930000126361847,1.2849999368190765
2016-08-22,1.5390000343322754,0.2800000011920929,1.2590000331401825
2016-08-23,1.5529999732971191,0.3050000071525574,1.2479999661445618
2016-08-24,1.559000015258789,0.3050000071525574,1.2540000081062317
2016-08-25,1.5770000219345093,0.3050000071525574,1.272000014781952
2016-08-26,1.6349999904632568,0.3050000071525574,1.3299999833106995
2016-08-29,1.565999984741211,0.3050000071525574,1.2609999775886536
2016-08-30,1.5700000524520874,0.32499998807907104,1.2450000643730164
2016-08-31,1.5679999589920044,0.3199999928474426,1.2479999661445618
2016-09-01,1.5700000524520874,0.3149999976158142,1.2550000548362732
2016-09-02,1.5959999561309814,0.30300000309944153,1.29299995303154
2016-09-06,1.5429999828338623,0.30300000309944153,1.2399999797344208
2016-09-07,1.5410000085830688,0.33000001311302185,1.210999995470047
2016-09-08,1.6160000562667847,0.3330000042915344,1.2830000519752502
2016-09-09,1.6720000505447388,0.3330000042915344,1.3390000462532043
2016-09-12,1.6720000505447388,0.3499999940395355,1.3220000565052032
2016-09-13,1.7339999675750732,0.3449999988079071,1.3889999687671661
2016-09-14,1.6890000104904175,0.3149999976158142,1.3740000128746033
2016-09-15,1.7029999494552612,0.27799999713897705,1.4249999523162842
2016-09-16,1.7009999752044678,0.27300000190734863,1.4279999732971191
2016-09-19,1.6959999799728394,0.23800000548362732,1.457999974489212
2016-09-20,1.687999963760376,0.2879999876022339,1.399999976158142
2016-09-21,1.6679999828338623,0.22300000488758087,1.4449999779462814
2016-09-22,1.6319999694824219,0.1599999964237213,1.4719999730587006
2016-09-23,1.6150000095367432,0.16500000655651093,1.4500000029802322
2016-09-26,1.5889999866485596,0.17299999296665192,1.4159999936819077
2016-09-27,1.555999994277954,0.2549999952316284,1.3009999990463257
2016-09-28,1.5670000314712524,0.2630000114440918,1.3040000200271606
2016-09-29,1.5570000410079956,0.23499999940395355,1.322000041604042
2016-09-30,1.6080000400543213,0.25999999046325684,1.3480000495910645
2016-10-03,1.621999979019165,0.2879999876022339,1.3339999914169312
2016-10-04,1.6829999685287476,0.3149999976158142,1.3679999709129333
2016-10-05,1.715999960899353,0.31299999356269836,1.4029999673366547
2016-10-06,1.7419999837875366,0.3100000023841858,1.4319999814033508
2016-10-07,1.7359999418258667,0.3100000023841858,1.425999939441681
2016-10-10,1.7230000495910645,0.30799999833106995,1.4150000512599945
2016-10-11,1.7589999437332153,0.3199999928474426,1.4389999508857727
2016-10-12,1.777999997138977,0.3400000035762787,1.4379999935626984
2016-10-13,1.7380000352859497,0.2750000059604645,1.4630000293254852
2016-10-14,1.7940000295639038,0.28999999165534973,1.504000037908554
2016-10-17,1.7660000324249268,0.29499998688697815,1.4710000455379486
2016-10-18,1.7489999532699585,0.3330000042915344,1.415999948978424
2016-10-19,1.7519999742507935,0.3230000138282776,1.4289999604225159
2016-10-20,1.746999979019165,0.3199999928474426,1.4269999861717224
2016-10-21,1.7400000095367432,0.3149999976158142,1.425000011920929
2016-10-24,1.7630000114440918,0.31299999356269836,1.4500000178813934
2016-10-25,1.7580000162124634,0.32499998807907104,1.4330000281333923
2016-10-26,1.7899999618530273,0.31299999356269836,1.476999968290329
2016-10-27,1.843000054359436,0.2750000059604645,1.5680000483989716
2016-10-28,1.8450000286102295,0.27300000190734863,1.5720000267028809
2016-10-31,1.8339999914169312,0.29499998688697815,1.539000004529953
2016-11-01,1.8200000524520874,0.3449999988079071,1.4750000536441803
2016-11-02,1.7990000247955322,0.3449999988079071,1.4540000259876251
2016-11-03,1.812000036239624,0.3580000102519989,1.4540000259876251
2016-11-04,1.7829999923706055,0.3580000102519989,1.4249999821186066
2016-11-07,1.8279999494552612,0.38999998569488525,1.437999963760376
2016-11-08,1.8619999885559082,0.41999998688697815,1.44200000166893
2016-11-09,2.072000026702881,0.4180000126361847,1.6540000140666962
2016-11-10,2.117000102996826,0.4580000042915344,1.6590000987052917
2016-11-14,2.2219998836517334,0.503000020980835,1.7189998626708984
2016-11-15,2.23799991607666,0.4880000054836273,1.7499999105930328
2016-11-16,2.2230000495910645,0.453000009059906,1.7700000405311584
2016-11-17,2.2760000228881836,0.41999998688697815,1.8560000360012054
2016-11-18,2.3350000381469727,0.4180000126361847,1.917000025510788
2016-11-21,2.3389999866485596,0.41999998688697815,1.9189999997615814
2016-11-22,2.321000099182129,0.4749999940395355,1.8460001051425934
2016-11-23,2.3570001125335693,0.48500001430511475,1.8720000982284546
2016-11-25,2.371999979019165,0.47999998927116394,1.891999989748001
2016-11-28,2.319999933242798,0.44999998807907104,1.8699999451637268
2016-11-29,2.302000045776367,0.46799999475479126,1.834000051021576
2016-11-30,2.368000030517578,0.46799999475479126,1.9000000357627869
2016-12-01,2.440999984741211,0.4580000042915344,1.9829999804496765
2016-12-02,2.390000104904175,0.45500001311302185,1.935000091791153
2016-12-05,2.38700008392334,0.453000009059906,1.9340000748634338
2016-12-06,2.3959999084472656,0.48500001430511475,1.9109998941421509
2016-12-07,2.3469998836517334,0.4880000054836273,1.858999878168106
2016-12-08,2.38700008392334,0.49000000953674316,1.8970000743865967
2016-12-09,2.4639999866485596,0.5199999809265137,1.944000005722046
2016-12-12,2.4790000915527344,0.5,1.9790000915527344
2016-12-13,2.4809999465942383,0.5230000019073486,1.9579999446868896
2016-12-14,2.5250000953674316,0.5230000019073486,2.002000093460083
2016-12-15,2.5799999237060547,0.4880000054836273,2.0919999182224274
2016-12-16,2.5969998836517334,0.48500001430511475,2.1119998693466187
2016-12-19,2.5420000553131104,0.4779999852180481,2.0640000700950623
2016-12-20,2.568000078201294,0.5130000114440918,2.055000066757202
2016-12-21,2.5460000038146973,0.503000020980835,2.0429999828338623
2016-12-22,2.552999973297119,0.49300000071525574,2.0599999725818634
2016-12-23,2.5429999828338623,0.5,2.0429999828338623
2016-12-27,2.562999963760376,0.4950000047683716,2.0679999589920044
2016-12-28,2.50600004196167,0.4950000047683716,2.0110000371932983
2016-12-29,2.4769999980926514,0.4399999976158142,2.037000000476837
2016-12-30,2.446000099182129,0.47999998927116394,1.966000109910965
2017-01-03,2.450000047683716,0.4749999940395355,1.9750000536441803
2017-01-04,2.4519999027252197,0.5180000066757202,1.9339998960494995
2017-01-05,2.368000030517578,0.5080000162124634,1.8600000143051147
2017-01-06,2.4179999828338623,0.503000020980835,1.9149999618530273
2017-01-09,2.375999927520752,0.48500001430511475,1.8909999132156372
2017-01-10,2.378999948501587,0.503000020980835,1.875999927520752
2017-01-11,2.369999885559082,0.49799999594688416,1.8719998896121979
2017-01-12,2.3610000610351562,0.503000020980835,1.8580000400543213
2017-01-13,2.380000114440918,0.5130000114440918,1.8670001029968262
2017-01-17,2.3269999027252197,0.5130000114440918,1.813999891281128
2017-01-18,2.3889999389648438,0.5149999856948853,1.8739999532699585
2017-01-19,2.4590001106262207,0.503000020980835,1.9560000896453857
2017-01-20,2.4670000076293945,0.47999998927116394,1.9870000183582306
2017-01-23,2.4030001163482666,0.4729999899864197,1.930000126361847
2017-01-24,2.4709999561309814,0.49300000071525574,1.9779999554157257
2017-01-25,2.5230000019073486,0.4830000102519989,2.0399999916553497
2017-01-26,2.507999897003174,0.4880000054836273,2.0199998915195465
2017-01-27,2.4809999465942383,0.49799999594688416,1.9829999506473541
2017-01-30,2.4830000400543213,0.4950000047683716,1.9880000352859497
2017-01-31,2.4509999752044678,0.5,1.9509999752044678
2017-02-01,2.4739999771118164,0.5,1.9739999771118164
2017-02-02,2.4700000286102295,0.4880000054836273,1.9820000231266022
2017-02-03,2.490999937057495,0.4880000054836273,2.002999931573868
2017-02-06,2.4130001068115234,0.503000020980835,1.9100000858306885
2017-02-07,2.3889999389648438,0.5249999761581421,1.8639999628067017
2017-02-08,2.3510000705718994,0.5249999761581421,1.8260000944137573
2017-02-09,2.3949999809265137,0.527999997138977,1.8669999837875366
2017-02-10,2.4089999198913574,0.5230000019073486,1.8859999179840088
2017-02-13,2.434000015258789,0.5230000019073486,1.9110000133514404
2017-02-14,2.4700000286102295,0.5350000262260437,1.9350000023841858
2017-02-15,2.502000093460083,0.5199999809265137,1.9820001125335693
2017-02-16,2.450000047683716,0.5080000162124634,1.9420000314712524
2017-02-17,2.424999952316284,0.5080000162124634,1.9169999361038208
2017-02-21,2.427000045776367,0.5049999952316284,1.9220000505447388
2017-02-22,2.4179999828338623,0.5099999904632568,1.9079999923706055
2017-02-23,2.388000011444092,0.49799999594688416,1.8900000154972076
2017-02-24,2.316999912261963,0.49799999594688416,1.8189999163150787
2017-02-27,2.36899995803833,0.49000000953674316,1.878999948501587
2017-02-28,2.3580000400543213,0.5230000019073486,1.8350000381469727
2017-03-01,2.4630000591278076,0.6150000095367432,1.8480000495910645
2017-03-02,2.489000082015991,0.6449999809265137,1.8440001010894775
2017-03-03,2.492000102996826,0.6830000281333923,1.8090000748634338
2017-03-06,2.49399995803833,0.7049999833106995,1.7889999747276306
2017-03-07,2.510999917984009,0.7350000143051147,1.775999903678894
2017-03-08,2.552000045776367,0.7080000042915344,1.8440000414848328
2017-03-09,2.5980000495910645,0.7129999995231628,1.8850000500679016
2017-03-10,2.5820000171661377,0.7250000238418579,1.8569999933242798
2017-03-13,2.6080000400543213,0.7279999852180481,1.8800000548362732
2017-03-14,2.5950000286102295,0.753000020980835,1.8420000076293945
2017-03-15,2.507999897003174,0.7149999737739563,1.7929999232292175
2017-03-16,2.5220000743865967,0.7080000042915344,1.8140000700950623
2017-03-17,2.500999927520752,0.7080000042915344,1.7929999232292175
2017-03-20,2.4730000495910645,0.7099999785423279,1.7630000710487366
2017-03-21,2.436000108718872,0.753000020980835,1.683000087738037
2017-03-22,2.3959999084472656,0.7480000257492065,1.647999882698059
2017-03-23,2.4179999828338623,0.7480000257492065,1.6699999570846558
2017-03-24,2.4000000953674316,0.7480000257492065,1.652000069618225
2017-03-27,2.372999906539917,0.7580000162124634,1.6149998903274536
2017-03-28,2.4089999198913574,0.7730000019073486,1.6359999179840088
2017-03-29,2.385999917984009,0.7549999952316284,1.6309999227523804
2017-03-30,2.4159998893737793,0.7580000162124634,1.657999873161316
2017-03-31,2.3959999084472656,0.7379999756813049,1.6579999327659607
2017-04-03,2.3499999046325684,0.7400000095367432,1.6099998950958252
2017-04-04,2.3499999046325684,0.7799999713897705,1.5699999332427979
2017-04-05,2.3570001125335693,0.7799999713897705,1.5770001411437988
2017-04-06,2.3429999351501465,0.7879999876022339,1.5549999475479126
2017-04-07,2.372999906539917,0.7979999780654907,1.5749999284744263
2017-04-10,2.3610000610351562,0.7879999876022339,1.5730000734329224
2017-04-11,2.2980000972747803,0.800000011920929,1.4980000853538513
2017-04-12,2.2960000038146973,0.7929999828338623,1.503000020980835
2017-04-13,2.2320001125335693,0.7900000214576721,1.4420000910758972
2017-04-17,2.252000093460083,0.7900000214576721,1.4620000720024109
2017-04-18,2.178999900817871,0.8050000071525574,1.3739998936653137
2017-04-19,2.2019999027252197,0.7850000262260437,1.416999876499176
2017-04-20,2.240999937057495,0.7699999809265137,1.4709999561309814
2017-04-21,2.236999988555908,0.7630000114440918,1.4739999771118164
2017-04-24,2.2730000019073486,0.7699999809265137,1.503000020980835
2017-04-25,2.3269999027252197,0.8080000281333923,1.5189998745918274
2017-04-26,2.311000108718872,0.8029999732971191,1.508000135421753
2017-04-27,2.2960000038146973,0.7850000262260437,1.5109999775886536
2017-04-28,2.2820000648498535,0.7799999713897705,1.502000093460083
2017-05-01,2.325000047683716,0.7850000262260437,1.5400000214576721
2017-05-02,2.2960000038146973,0.8429999947547913,1.453000009059906
2017-05-03,2.309000015258789,0.8479999899864197,1.4610000252723694
2017-05-04,2.3559999465942383,0.8550000190734863,1.500999927520752
2017-05-05,2.3519999980926514,0.8679999709129333,1.484000027179718
2017-05-08,2.375999927520752,0.8700000047683716,1.5059999227523804
2017-05-09,2.4070000648498535,0.8899999856948853,1.5170000791549683
2017-05-10,2.4140000343322754,0.875,1.5390000343322754
2017-05-11,2.4000000953674316,0.8600000143051147,1.540000081062317
2017-05-12,2.3350000381469727,0.8550000190734863,1.4800000190734863
2017-05-15,2.3380000591278076,0.8629999756813049,1.4750000834465027
2017-05-16,2.3289999961853027,0.8899999856948853,1.4390000104904175
2017-05-17,2.2160000801086426,0.875,1.3410000801086426
2017-05-18,2.2330000400543213,0.8930000066757202,1.340000033378601
2017-05-19,2.244999885559082,0.8880000114440918,1.3569998741149902
2017-05-22,2.253999948501587,0.878000020980835,1.375999927520752
2017-05-23,2.2850000858306885,0.9129999876022339,1.3720000982284546
2017-05-24,2.2660000324249268,0.9049999713897705,1.3610000610351562
2017-05-25,2.255000114440918,0.9079999923706055,1.3470001220703125
2017-05-26,2.25,0.9100000262260437,1.3399999737739563
2017-05-30,2.2170000076293945,0.9100000262260437,1.3069999814033508
2017-05-31,2.196000099182129,0.949999988079071,1.2460001111030579
2017-06-01,2.2170000076293945,0.9480000138282776,1.268999993801117
2017-06-02,2.1589999198913574,0.953000009059906,1.2059999108314514
2017-06-05,2.181999921798706,0.9480000138282776,1.2339999079704285
2017-06-06,2.1470000743865967,0.9580000042915344,1.1890000700950623
2017-06-07,2.177999973297119,0.9729999899864197,1.2049999833106995
2017-06-08,2.194000005722046,0.9729999899864197,1.2210000157356262
2017-06-09,2.1989998817443848,0.9800000190734863,1.2189998626708984
2017-06-12,2.2130000591278076,0.9729999899864197,1.240000069141388
2017-06-13,2.2070000171661377,0.9829999804496765,1.2240000367164612
2017-06-14,2.138000011444092,0.9829999804496765,1.1550000309944153
2017-06-15,2.1619999408721924,0.9929999709129333,1.168999969959259
2017-06-16,2.1570000648498535,0.9850000143051147,1.1720000505447388
2017-06-19,2.190000057220459,0.9850000143051147,1.2050000429153442
2017-06-20,2.1530001163482666,0.9929999709129333,1.1600001454353333
2017-06-21,2.1549999713897705,0.9679999947547913,1.1869999766349792
2017-06-22,2.1530001163482666,0.9330000281333923,1.2200000882148743
2017-06-23,2.1440000534057617,0.9330000281333923,1.2110000252723694
2017-06-26,2.13700008392334,0.9330000281333923,1.2040000557899475
2017-06-27,2.197999954223633,0.9900000095367432,1.2079999446868896
2017-06-28,2.2209999561309814,0.9850000143051147,1.2359999418258667
2017-06-29,2.2669999599456787,1.003000020980835,1.2639999389648438
2017-06-30,2.302000045776367,0.9929999709129333,1.3090000748634338
2017-07-03,2.3459999561309814,1.0,1.3459999561309814
2017-07-05,2.3340001106262207,1.0199999809265137,1.314000129699707
2017-07-06,2.369999885559082,1.0080000162124634,1.3619998693466187
2017-07-07,2.3929998874664307,1.0080000162124634,1.3849998712539673
2017-07-10,2.371000051498413,1.0130000114440918,1.3580000400543213
2017-07-11,2.361999988555908,1.0329999923706055,1.3289999961853027
2017-07-12,2.3269999027252197,1.0230000019073486,1.303999900817871
2017-07-13,2.3480000495910645,1.0130000114440918,1.3350000381469727
2017-07-14,2.319000005722046,1.0080000162124634,1.3109999895095825
2017-07-17,2.309000015258789,1.0199999809265137,1.2890000343322754
2017-07-18,2.263000011444092,1.0399999618530273,1.2230000495910645
2017-07-19,2.2679998874664307,1.0850000381469727,1.182999849319458
2017-07-20,2.2660000324249268,1.1130000352859497,1.152999997138977
2017-07-21,2.2320001125335693,1.1380000114440918,1.0940001010894775
2017-07-24,2.253999948501587,1.149999976158142,1.1039999723434448
2017-07-25,2.3259999752044678,1.1430000066757202,1.1829999685287476
2017-07-26,2.2820000648498535,1.0950000286102295,1.187000036239624
2017-07-27,2.309999942779541,1.0779999494552612,1.2319999933242798
2017-07-28,2.2890000343322754,1.0529999732971191,1.2360000610351562
2017-07-31,2.2920000553131104,1.0529999732971191,1.2390000820159912
2017-08-01,2.250999927520752,1.0579999685287476,1.1929999589920044
2017-08-02,2.26200008392334,1.0499999523162842,1.2120001316070557
2017-08-03,2.2279999256134033,1.0579999685287476,1.1699999570846558
2017-08-04,2.2669999599456787,1.0529999732971191,1.2139999866485596
2017-08-07,2.256999969482422,1.0329999923706055,1.2239999771118164
2017-08-08,2.2829999923706055,1.0299999713897705,1.253000020980835
2017-08-09,2.240999937057495,1.024999976158142,1.215999960899353
2017-08-10,2.2119998931884766,1.0180000066757202,1.1939998865127563
2017-08-11,2.188999891281128,1.0130000114440918,1.1759998798370361
2017-08-14,2.2190001010894775,1.003000020980835,1.2160000801086426
2017-08-15,2.2660000324249268,1.0080000162124634,1.2580000162124634
2017-08-16,2.2260000705718994,0.9850000143051147,1.2410000562667847
2017-08-17,2.1989998817443848,0.9779999852180481,1.2209998965263367
2017-08-18,2.194000005722046,0.9879999756813049,1.206000030040741
2017-08-21,2.180000066757202,0.9649999737739563,1.2150000929832458
2017-08-22,2.2149999141693115,0.9950000047683716,1.21999990940094
2017-08-23,2.1710000038146973,0.9800000190734863,1.190999984741211
2017-08-24,2.194000005722046,0.9980000257492065,1.1959999799728394
2017-08-25,2.1689999103546143,0.9950000047683716,1.1739999055862427
2017-08-28,2.1589999198913574,1.0049999952316284,1.153999924659729
2017-08-29,2.135999917984009,1.0099999904632568,1.125999927520752
2017-08-30,2.1429998874664307,0.9980000257492065,1.1449998617172241
2017-08-31,2.121000051498413,0.9779999852180481,1.143000066280365
2017-09-01,2.1570000648498535,0.9850000143051147,1.1720000505447388
2017-09-05,2.069999933242798,0.9829999804496765,1.0869999527931213
2017-09-06,2.1080000400543213,1.0379999876022339,1.0700000524520874
2017-09-07,2.061000108718872,1.0230000019073486,1.0380001068115234
2017-09-08,2.061000108718872,1.0199999809265137,1.0410001277923584
2017-09-11,2.125,1.0199999809265137,1.1050000190734863
2017-09-12,2.1710000038146973,1.0180000066757202,1.152999997138977
2017-09-13,2.194999933242798,1.0180000066757202,1.1769999265670776
2017-09-14,2.197000026702881,1.027999997138977,1.1690000295639038
2017-09-15,2.2019999027252197,1.0099999904632568,1.191999912261963
2017-09-18,2.2290000915527344,1.0,1.2290000915527344
2017-09-19,2.243000030517578,1.0180000066757202,1.225000023841858
2017-09-20,2.2769999504089355,1.0199999809265137,1.2569999694824219
2017-09-21,2.2780001163482666,1.0080000162124634,1.2700001001358032
2017-09-22,2.26200008392334,1.003000020980835,1.2590000629425049
2017-09-25,2.2200000286102295,0.9980000257492065,1.222000002861023
2017-09-26,2.2290000915527344,1.0429999828338623,1.186000108718872
2017-09-27,2.309000015258789,1.0379999876022339,1.2710000276565552
2017-09-28,2.309000015258789,1.0299999713897705,1.2790000438690186
2017-09-29,2.3259999752044678,1.027999997138977,1.2979999780654907
2017-10-02,2.3369998931884766,1.0130000114440918,1.3239998817443848
2017-10-03,2.3340001106262207,1.034999966621399,1.2990001440048218
2017-10-04,2.3299999237060547,1.0429999828338623,1.2869999408721924
2017-10-05,2.3499999046325684,1.0429999828338623,1.306999921798706
2017-10-06,2.369999885559082,1.0429999828338623,1.3269999027252197
2017-10-09,2.3610000610351562,1.0449999570846558,1.3160001039505005
2017-10-10,2.3450000286102295,1.0549999475479126,1.290000081062317
2017-10-11,2.3450000286102295,1.0679999589920044,1.277000069618225
2017-10-12,2.322999954223633,1.0529999732971191,1.2699999809265137
2017-10-13,2.2799999713897705,1.0499999523162842,1.2300000190734863
2017-10-16,2.306999921798706,1.0549999475479126,1.2519999742507935
2017-10-17,2.2980000972747803,1.0729999542236328,1.2250001430511475
2017-10-18,2.3389999866485596,1.0679999589920044,1.2710000276565552
2017-10-19,2.321000099182129,1.065000057220459,1.25600004196167
2017-10-20,2.38100004196167,1.0750000476837158,1.305999994277954
2017-10-23,2.375999927520752,1.0700000524520874,1.3059998750686646
2017-10-24,2.4059998989105225,1.0980000495910645,1.307999849319458
2017-10-25,2.444000005722046,1.0829999446868896,1.3610000610351562
2017-10-26,2.4519999027252197,1.0800000429153442,1.3719998598098755
2017-10-27,2.427999973297119,1.0729999542236328,1.3550000190734863
2017-10-30,2.369999885559082,1.0750000476837158,1.2949998378753662
2017-10-31,2.375999927520752,1.1230000257492065,1.2529999017715454
2017-11-01,2.375999927520752,1.1380000114440918,1.2379999160766602
2017-11-02,2.3469998836517334,1.1380000114440918,1.2089998722076416
2017-11-03,2.3429999351501465,1.1480000019073486,1.1949999332427979
2017-11-06,2.319999933242798,1.1579999923706055,1.1619999408721924
2017-11-07,2.306999921798706,1.187999963760376,1.11899995803833
2017-11-08,2.325000047683716,1.1950000524520874,1.1299999952316284
2017-11-09,2.3310000896453857,1.2029999494552612,1.1280001401901245
2017-11-10,2.4000000953674316,1.2000000476837158,1.2000000476837158
2017-11-13,2.4000000953674316,1.184999942779541,1.2150001525878906
2017-11-14,2.38100004196167,1.2400000095367432,1.1410000324249268
2017-11-15,2.3350000381469727,1.2300000190734863,1.1050000190734863
2017-11-16,2.3610000610351562,1.2300000190734863,1.13100004196167
2017-11-17,2.3540000915527344,1.2400000095367432,1.1140000820159912
2017-11-20,2.371999979019165,1.2400000095367432,1.1319999694824219
2017-11-21,2.36299991607666,1.277999997138977,1.084999918937683
2017-11-22,2.322000026702881,1.2649999856948853,1.0570000410079956
2017-11-24,2.3399999141693115,1.2400000095367432,1.0999999046325684
2017-11-27,2.328000068664551,1.2230000495910645,1.1050000190734863
2017-11-28,2.3380000591278076,1.2649999856948853,1.0730000734329224
2017-11-29,2.375999927520752,1.2580000162124634,1.1179999113082886
2017-11-30,2.4170000553131104,1.2380000352859497,1.1790000200271606
2017-12-01,2.361999988555908,1.2350000143051147,1.1269999742507935
2017-12-04,2.378999948501587,1.2450000047683716,1.1339999437332153
2017-12-05,2.3559999465942383,1.2829999923706055,1.0729999542236328
2017-12-06,2.3299999237060547,1.2630000114440918,1.066999912261963
2017-12-07,2.375999927520752,1.2599999904632568,1.1159999370574951
2017-12-08,2.382999897003174,1.253000020980835,1.1299998760223389
2017-12-11,2.384999990463257,1.2630000114440918,1.121999979019165
2017-12-12,2.4030001163482666,1.309999942779541,1.0930001735687256
2017-12-13,2.3489999771118164,1.2730000019073486,1.0759999752044678
2017-12-14,2.3459999561309814,1.2829999923706055,1.062999963760376
2017-12-15,2.3550000190734863,1.284999966621399,1.0700000524520874
2017-12-18,2.3919999599456787,1.315000057220459,1.0769999027252197
2017-12-19,2.4630000591278076,1.3530000448226929,1.1100000143051147
2017-12-20,2.496999979019165,1.350000023841858,1.1469999551773071
2017-12-21,2.4809999465942383,1.3200000524520874,1.1609998941421509
2017-12-22,2.484999895095825,1.2979999780654907,1.1869999170303345
2017-12-26,2.4670000076293945,1.3029999732971191,1.1640000343322754
2017-12-27,2.4140000343322754,1.4079999923706055,1.00600004196167
2017-12-28,2.431999921798706,1.3700000047683716,1.0619999170303345
2017-12-29,2.4049999713897705,1.3550000190734863,1.0499999523162842
2018-01-02,2.4649999141693115,1.378000020980835,1.0869998931884766
2018-01-03,2.447000026702881,1.3700000047683716,1.0770000219345093
2018-01-04,2.453000068664551,1.3700000047683716,1.0830000638961792
2018-01-05,2.4760000705718994,1.3700000047683716,1.1060000658035278
2018-01-08,2.4800000190734863,1.3799999952316284,1.100000023841858
2018-01-09,2.5460000038146973,1.4149999618530273,1.13100004196167
2018-01-10,2.549999952316284,1.3949999809265137,1.1549999713897705
2018-01-11,2.5309998989105225,1.402999997138977,1.1279999017715454
2018-01-12,2.552000045776367,1.409999966621399,1.1420000791549683
2018-01-16,2.5439999103546143,1.3949999809265137,1.1489999294281006
2018-01-17,2.578000068664551,1.4149999618530273,1.1630001068115234
2018-01-18,2.6110000610351562,1.4049999713897705,1.2060000896453857
2018-01-19,2.63700008392334,1.402999997138977,1.2340000867843628
2018-01-22,2.6649999618530273,1.3899999856948853,1.274999976158142
2018-01-23,2.624000072479248,1.4129999876022339,1.2110000848770142
2018-01-24,2.6540000438690186,1.409999966621399,1.2440000772476196
2018-01-25,2.621000051498413,1.3930000066757202,1.2280000448226929
2018-01-26,2.6619999408721924,1.3880000114440918,1.2739999294281006
2018-01-29,2.6989998817443848,1.375,1.3239998817443848
2018-01-30,2.7260000705718994,1.4249999523162842,1.3010001182556152
2018-01-31,2.7200000286102295,1.4299999475479126,1.290000081062317
2018-02-01,2.7730000019073486,1.4529999494552612,1.3200000524520874
2018-02-02,2.8540000915527344,1.4500000476837158,1.4040000438690186
2018-02-05,2.7939999103546143,1.4579999446868896,1.3359999656677246
2018-02-06,2.7679998874664307,1.4880000352859497,1.279999852180481
2018-02-07,2.8440001010894775,1.5149999856948853,1.3290001153945923
2018-02-08,2.8510000705718994,1.5149999856948853,1.3360000848770142
2018-02-09,2.8289999961853027,1.524999976158142,1.3040000200271606
2018-02-12,2.8570001125335693,1.534999966621399,1.3220001459121704
2018-02-13,2.8399999141693115,1.5700000524520874,1.2699998617172241
2018-02-14,2.9130001068115234,1.5499999523162842,1.3630001544952393
2018-02-15,2.8910000324249268,1.559999942779541,1.3310000896453857
2018-02-16,2.877000093460083,1.5700000524520874,1.3070000410079956
2018-02-20,2.8929998874664307,1.5729999542236328,1.3199999332427979
2018-02-21,2.943000078201294,1.6080000400543213,1.3350000381469727
2018-02-22,2.9170000553131104,1.6050000190734863,1.312000036239624
2018-02-23,2.871000051498413,1.6050000190734863,1.2660000324249268
2018-02-26,2.8589999675750732,1.6080000400543213,1.250999927520752
2018-02-27,2.9079999923706055,1.6349999904632568,1.2730000019073486
2018-02-28,2.868000030517578,1.6180000305175781,1.25
2018-03-01,2.803999900817871,1.590000033378601,1.21399986743927
2018-03-02,2.8570001125335693,1.6050000190734863,1.252000093460083
2018-03-05,2.88100004196167,1.625,1.25600004196167
2018-03-06,2.877000093460083,1.6430000066757202,1.2340000867843628
2018-03-07,2.882999897003174,1.649999976158142,1.2329999208450317
2018-03-08,2.865999937057495,1.6349999904632568,1.2309999465942383
2018-03-09,2.8940000534057617,1.6349999904632568,1.2590000629425049
2018-03-12,2.869999885559082,1.6430000066757202,1.2269998788833618
2018-03-13,2.8480000495910645,1.690000057220459,1.1579999923706055
2018-03-14,2.816999912261963,1.718000054359436,1.0989998579025269
2018-03-15,2.8259999752044678,1.7330000400543213,1.0929999351501465
2018-03-16,2.8480000495910645,1.7380000352859497,1.1100000143051147
2018-03-19,2.8450000286102295,1.7280000448226929,1.1169999837875366
2018-03-20,2.878999948501587,1.7580000162124634,1.1209999322891235
2018-03-21,2.9070000648498535,1.7100000381469727,1.1970000267028809
2018-03-22,2.8320000171661377,1.6829999685287476,1.1490000486373901
2018-03-23,2.8299999237060547,1.687999963760376,1.1419999599456787
2018-03-26,2.8429999351501465,1.7050000429153442,1.1379998922348022
2018-03-27,2.7860000133514404,1.7330000400543213,1.0529999732971191
2018-03-28,2.7750000953674316,1.6950000524520874,1.0800000429153442
2018-03-29,2.740999937057495,1.6699999570846558,1.0709999799728394
2018-04-02,2.7320001125335693,1.6829999685287476,1.0490001440048218
2018-04-03,2.7839999198913574,1.7130000591278076,1.0709998607635498
2018-04-04,2.7880001068115234,1.6679999828338623,1.1200001239776611
2018-04-05,2.8320000171661377,1.6749999523162842,1.1570000648498535
2018-04-06,2.7750000953674316,1.6799999475479126,1.095000147819519
2018-04-09,2.7860000133514404,1.6749999523162842,1.1110000610351562
2018-04-10,2.796999931335449,1.6950000524520874,1.1019998788833618
2018-04-11,2.7899999618530273,1.6929999589920044,1.097000002861023
2018-04-12,2.8340001106262207,1.7050000429153442,1.1290000677108765
2018-04-13,2.8289999961853027,1.718000054359436,1.1109999418258667
2018-04-16,2.8320000171661377,1.7130000591278076,1.11899995803833
2018-04-17,2.813999891281128,1.7549999952316284,1.0589998960494995
2018-04-18,2.867000102996826,1.7699999809265137,1.0970001220703125
2018-04-19,2.9140000343322754,1.7829999923706055,1.13100004196167
2018-04-20,2.9509999752044678,1.7649999856948853,1.1859999895095825
2018-04-23,2.9730000495910645,1.7829999923706055,1.190000057220459
2018-04-24,2.9830000400543213,1.8229999542236328,1.1600000858306885
2018-04-25,3.0239999294281006,1.815000057220459,1.2089998722076416
2018-04-26,2.990000009536743,1.784999966621399,1.2050000429153442
2018-04-27,2.9570000171661377,1.7699999809265137,1.187000036239624
2018-04-30,2.936000108718872,1.7630000114440918,1.1730000972747803
2018-05-01,2.9760000705718994,1.809999942779541,1.1660001277923584
2018-05-02,2.9639999866485596,1.784999966621399,1.1790000200271606
2018-05-03,2.946000099182129,1.7879999876022339,1.158000111579895
2018-05-04,2.944000005722046,1.7929999828338623,1.1510000228881836
2018-05-07,2.950000047683716,1.7929999828338623,1.1570000648498535
2018-05-08,2.9690001010894775,1.8350000381469727,1.1340000629425049
2018-05-09,3.003999948501587,1.8450000286102295,1.1589999198913574
2018-05-10,2.9709999561309814,1.8450000286102295,1.125999927520752
2018-05-11,2.9709999561309814,1.8600000143051147,1.1109999418258667
2018-05-14,2.994999885559082,1.8550000190734863,1.1399998664855957
2018-05-15,3.0799999237060547,1.875,1.2049999237060547
2018-05-16,3.0950000286102295,1.8650000095367432,1.2300000190734863
2018-05-17,3.1089999675750732,1.8630000352859497,1.2459999322891235
2018-05-18,3.066999912261963,1.8550000190734863,1.2119998931884766
2018-05-21,3.065000057220459,1.8630000352859497,1.2020000219345093
2018-05-22,3.065000057220459,1.8930000066757202,1.1720000505447388
2018-05-23,3.003000020980835,1.8730000257492065,1.1299999952316284
2018-05-24,2.9809999465942383,1.8600000143051147,1.1209999322891235
2018-05-25,2.930999994277954,1.8530000448226929,1.0779999494552612
2018-05-29,2.7679998874664307,1.840000033378601,0.9279998540878296
2018-05-30,2.8420000076293945,1.878000020980835,0.9639999866485596
2018-05-31,2.822000026702881,1.8700000047683716,0.9520000219345093
2018-06-01,2.8949999809265137,1.8680000305175781,1.0269999504089355
2018-06-04,2.937000036239624,1.8650000095367432,1.0720000267028809
2018-06-05,2.9189999103546143,1.902999997138977,1.0159999132156372
2018-06-06,2.9749999046325684,1.899999976158142,1.0749999284744263
2018-06-07,2.933000087738037,1.8849999904632568,1.0480000972747803
2018-06-08,2.937000036239624,1.8799999952316284,1.0570000410079956
2018-06-11,2.9570000171661377,1.8680000305175781,1.0889999866485596
2018-06-12,2.9570000171661377,1.8880000114440918,1.069000005722046
2018-06-13,2.9769999980926514,1.8949999809265137,1.0820000171661377
2018-06-14,2.946000099182129,1.8830000162124634,1.0630000829696655
2018-06-15,2.9240000247955322,1.8880000114440918,1.0360000133514404
2018-06-18,2.9260001182556152,1.8830000162124634,1.0430001020431519
2018-06-19,2.8929998874664307,1.8980000019073486,0.994999885559082
2018-06-20,2.927999973297119,1.8880000114440918,1.0399999618530273
2018-06-21,2.8970000743865967,1.8899999856948853,1.0070000886917114
2018-06-22,2.9000000953674316,1.8700000047683716,1.03000009059906
2018-06-25,2.875,1.8530000448226929,1.0219999551773071
2018-06-26,2.880000114440918,1.8930000066757202,0.9870001077651978
2018-06-27,2.8269999027252197,1.8799999952316284,0.9469999074935913
2018-06-28,2.8469998836517334,1.8799999952316284,0.966999888420105
2018-06-29,2.8489999771118164,1.8799999952316284,0.968999981880188
2018-07-02,2.865999937057495,1.8949999809265137,0.9709999561309814
2018-07-03,2.8380000591278076,1.9329999685287476,0.9050000905990601
2018-07-05,2.8399999141693115,1.909999966621399,0.9299999475479126
2018-07-06,2.8310000896453857,1.9049999713897705,0.9260001182556152
2018-07-09,2.859999895095825,1.9149999618530273,0.9449999332427979
2018-07-10,2.872999906539917,1.934999942779541,0.937999963760376
2018-07-11,2.8420000076293945,1.9199999570846558,0.9220000505447388
2018-07-12,2.8529999256134033,1.9279999732971191,0.9249999523162842
2018-07-13,2.8310000896453857,1.9279999732971191,0.9030001163482666
2018-07-16,2.8580000400543213,1.937999963760376,0.9200000762939453
2018-07-17,2.864000082015991,1.975000023841858,0.8890000581741333
2018-07-18,2.875,1.9600000381469727,0.9149999618530273
2018-07-19,2.8469998836517334,1.9479999542236328,0.8989999294281006
2018-07-20,2.8949999809265137,1.9329999685287476,0.9620000123977661
2018-07-23,2.9649999141693115,1.9199999570846558,1.0449999570846558
2018-07-24,2.9489998817443848,1.9600000381469727,0.9889998435974121
2018-07-25,2.936000108718872,1.9529999494552612,0.9830001592636108
2018-07-26,2.9749999046325684,1.9450000524520874,1.029999852180481
2018-07-27,2.9600000381469727,1.9450000524520874,1.0149999856948853
2018-07-30,2.9749999046325684,1.9450000524520874,1.029999852180481
2018-07-31,2.9639999866485596,1.9850000143051147,0.9789999723434448
2018-08-01,3.003000020980835,1.9780000448226929,1.024999976158142
2018-08-02,2.9860000610351562,1.965000033378601,1.0210000276565552
2018-08-03,2.953000068664551,1.9600000381469727,0.9930000305175781
2018-08-06,2.937999963760376,1.968000054359436,0.9699999094009399
2018-08-07,2.9730000495910645,2.007999897003174,0.9650001525878906
2018-08-08,2.9709999561309814,2.007999897003174,0.9630000591278076
2018-08-09,2.934999942779541,2.005000114440918,0.929999828338623
2018-08-10,2.8570001125335693,2.0,0.8570001125335693
2018-08-13,2.877000093460083,1.9950000047683716,0.8820000886917114
2018-08-14,2.8949999809265137,2.0329999923706055,0.8619999885559082
2018-08-15,2.8519999980926514,2.0199999809265137,0.8320000171661377
2018-08-16,2.871000051498413,2.015000104904175,0.8559999465942383
2018-08-17,2.872999906539917,1.9950000047683716,0.8779999017715454
2018-08-20,2.822999954223633,1.9930000305175781,0.8299999237060547
2018-08-21,2.8440001010894775,2.0350000858306885,0.8090000152587891
2018-08-22,2.822999954223633,2.0350000858306885,0.7879998683929443
2018-08-23,2.821000099182129,2.0329999923706055,0.7880001068115234
2018-08-24,2.8259999752044678,2.0480000972747803,0.7779998779296875
2018-08-27,2.8480000495910645,2.059999942779541,0.7880001068115234
2018-08-28,2.884000062942505,2.078000068664551,0.8059999942779541
2018-08-29,2.884000062942505,2.0799999237060547,0.8040001392364502
2018-08-30,2.859999895095825,2.058000087738037,0.8019998073577881
2018-08-31,2.8529999256134033,2.055000066757202,0.7979998588562012
2018-09-04,2.9019999504089355,2.068000078201294,0.8339998722076416
2018-09-05,2.9019999504089355,2.0899999141693115,0.812000036239624
2018-09-06,2.878999948501587,2.0799999237060547,0.7990000247955322
2018-09-07,2.941999912261963,2.0880000591278076,0.8539998531341553
2018-09-10,2.937000036239624,2.0829999446868896,0.8540000915527344
2018-09-11,2.9769999980926514,2.1080000400543213,0.8689999580383301
2018-09-12,2.9630000591278076,2.1050000190734863,0.8580000400543213
2018-09-13,2.9630000591278076,2.0929999351501465,0.8700001239776611
2018-09-14,2.99399995803833,2.1029999256134033,0.8910000324249268
2018-09-17,3.000999927520752,2.1080000400543213,0.8929998874664307
2018-09-18,3.0480000972747803,2.125,0.9230000972747803
2018-09-19,3.0829999446868896,2.119999885559082,0.9630000591278076
2018-09-20,3.078000068664551,2.118000030517578,0.9600000381469727
2018-09-21,3.068000078201294,2.122999906539917,0.945000171661377
2018-09-24,3.078000068664551,2.122999906539917,0.9550001621246338
2018-09-25,3.1019999980926514,2.1679999828338623,0.9340000152587891
2018-09-26,3.061000108718872,2.1600000858306885,0.9010000228881836
2018-09-27,3.055999994277954,2.140000104904175,0.9159998893737793
2018-09-28,3.055999994277954,2.1500000953674316,0.9059998989105225
2018-10-01,3.0799999237060547,2.1549999713897705,0.9249999523162842
2018-10-02,3.055999994277954,2.174999952316284,0.8810000419616699
2018-10-03,3.1610000133514404,2.1700000762939453,0.9909999370574951
2018-10-04,3.197000026702881,2.1700000762939453,1.0269999504089355
2018-10-05,3.2249999046325684,2.1649999618530273,1.059999942779541
2018-10-08,3.2330000400543213,2.1649999618530273,1.068000078201294
2018-10-09,3.2079999446868896,2.184999942779541,1.0230000019073486
2018-10-10,3.2249999046325684,2.2200000286102295,1.0049998760223389
2018-10-11,3.132999897003174,2.2149999141693115,0.9179999828338623
2018-10-12,3.1410000324249268,2.2179999351501465,0.9230000972747803
2018-10-15,3.1630001068115234,2.2300000190734863,0.9330000877380371
2018-10-16,3.1559998989105225,2.259999990463257,0.8959999084472656
2018-10-17,3.178999900817871,2.259999990463257,0.9189999103546143
2018-10-18,3.174999952316284,2.255000114440918,0.9199998378753662
2018-10-19,3.197999954223633,2.259999990463257,0.937999963760376
2018-10-22,3.196000099182129,2.257999897003174,0.9380002021789551
2018-10-23,3.1659998893737793,2.2899999618530273,0.875999927520752
2018-10-24,3.124000072479248,2.2850000858306885,0.8389999866485596
2018-10-25,3.135999917984009,2.2799999713897705,0.8559999465942383
2018-10-26,3.0769999027252197,2.2730000019073486,0.8039999008178711
2018-10-29,3.0869998931884766,2.259999990463257,0.8269999027252197
2018-10-30,3.109999895095825,2.2829999923706055,0.8269999027252197
2018-10-31,3.1589999198913574,2.2780001163482666,0.8809998035430908
2018-11-01,3.1440000534057617,2.2699999809265137,0.874000072479248
2018-11-02,3.2139999866485596,2.2730000019073486,0.9409999847412109
2018-11-05,3.2009999752044678,2.2679998874664307,0.9330000877380371
2018-11-06,3.2139999866485596,2.309999942779541,0.9040000438690186
2018-11-07,3.2130000591278076,2.309999942779541,0.9030001163482666
2018-11-08,3.2339999675750732,2.302999973297119,0.9309999942779541
2018-11-09,3.188999891281128,2.299999952316284,0.8889999389648438
2018-11-12,3.186000108718872,2.299999952316284,0.8860001564025879
2018-11-13,3.1449999809265137,2.2950000762939453,0.8499999046325684
2018-11-14,3.119999885559082,2.325000047683716,0.7949998378753662
2018-11-15,3.118000030517578,2.309999942779541,0.8080000877380371
2018-11-16,3.0739998817443848,2.299999952316284,0.7739999294281006
2018-11-19,3.056999921798706,2.299999952316284,0.7569999694824219
2018-11-20,3.0480000972747803,2.3350000381469727,0.7130000591278076
2018-11-21,3.061000108718872,2.3499999046325684,0.7110002040863037
2018-11-23,3.053999900817871,2.3480000495910645,0.7059998512268066
2018-11-26,3.072000026702881,2.3429999351501465,0.7290000915527344
2018-11-27,3.055000066757202,2.3529999256134033,0.7020001411437988
2018-11-28,3.0439999103546143,2.3350000381469727,0.7089998722076416
2018-11-29,3.0350000858306885,2.309999942779541,0.7250001430511475
2018-11-30,3.013000011444092,2.308000087738037,0.7049999237060547
2018-12-03,2.992000102996826,2.2880001068115234,0.7039999961853027
2018-12-04,2.9240000247955322,2.365000009536743,0.5590000152587891
2018-12-06,2.875999927520752,2.3529999256134033,0.5230000019073486
2018-12-07,2.8499999046325684,2.3399999141693115,0.5099999904632568
2018-12-10,2.8559999465942383,2.3299999237060547,0.5260000228881836
2018-12-11,2.878999948501587,2.369999885559082,0.5090000629425049
2018-12-12,2.9059998989105225,2.375,0.5309998989105225
2018-12-13,2.9110000133514404,2.36299991607666,0.5480000972747803
2018-12-14,2.8910000324249268,2.368000030517578,0.5230000019073486
2018-12-17,2.8570001125335693,2.3399999141693115,0.5170001983642578
2018-12-18,2.825000047683716,2.328000068664551,0.49699997901916504
2018-12-19,2.7780001163482666,2.3380000591278076,0.440000057220459
2018-12-20,2.7890000343322754,2.3350000381469727,0.45399999618530273
2018-12-21,2.7920000553131104,2.3299999237060547,0.46200013160705566
2018-12-24,2.749000072479248,2.3329999446868896,0.4160001277923584
2018-12-26,2.796999931335449,2.380000114440918,0.41699981689453125
2018-12-27,2.743000030517578,2.3480000495910645,0.39499998092651367
2018-12-28,2.7360000610351562,2.328000068664551,0.40799999237060547
2018-12-31,2.686000108718872,2.299999952316284,0.3860001564025879
2019-01-02,2.6610000133514404,2.365000009536743,0.29600000381469727
2019-01-03,2.553999900817871,2.3550000190734863,0.19899988174438477
2019-01-04,2.6589999198913574,2.3580000400543213,0.30099987983703613
2019-01-07,2.681999921798706,2.3529999256134033,0.32899999618530273
2019-01-08,2.7160000801086426,2.4000000953674316,0.31599998474121094
2019-01-09,2.7279999256134033,2.390000104904175,0.3379998207092285
2019-01-10,2.7309999465942383,2.375,0.3559999465942383
2019-01-11,2.7009999752044678,2.369999885559082,0.33100008964538574
2019-01-14,2.7100000381469727,2.359999895095825,0.35000014305114746
2019-01-15,2.7109999656677246,2.382999897003174,0.3280000686645508
2019-01-16,2.7309999465942383,2.36299991607666,0.3680000305175781
2019-01-17,2.749000072479248,2.3550000190734863,0.3940000534057617
2019-01-18,2.7839999198913574,2.3480000495910645,0.43599987030029297
2019-01-22,2.7300000190734863,2.3450000286102295,0.38499999046325684
2019-01-23,2.755000114440918,2.3529999256134033,0.40200018882751465
2019-01-24,2.7119998931884766,2.305000066757202,0.4069998264312744
2019-01-25,2.753000020980835,2.328000068664551,0.4249999523162842
2019-01-28,2.74399995803833,2.3329999446868896,0.41100001335144043
2019-01-29,2.7119998931884766,2.365000009536743,0.3469998836517334
2019-01-30,2.694999933242798,2.365000009536743,0.3299999237060547
2019-01-31,2.634999990463257,2.3399999141693115,0.2950000762939453
2019-02-01,2.690999984741211,2.3399999141693115,0.3510000705718994
2019-02-04,2.7239999771118164,2.3350000381469727,0.38899993896484375
2019-02-05,2.7019999027252197,2.365000009536743,0.33699989318847656
2019-02-06,2.7019999027252197,2.365000009536743,0.33699989318847656
2019-02-07,2.6519999504089355,2.3550000190734863,0.2969999313354492
2019-02-08,2.631999969482422,2.365000009536743,0.2669999599456787
2019-02-11,2.6610000133514404,2.375,0.28600001335144043
2019-02-12,2.684000015258789,2.378000020980835,0.3059999942779541
2019-02-13,2.7079999446868896,2.372999906539917,0.33500003814697266
2019-02-14,2.6570000648498535,2.372999906539917,0.2840001583099365
2019-02-15,2.6659998893737793,2.369999885559082,0.29600000381469727
2019-02-19,2.6470000743865967,2.372999906539917,0.2740001678466797
2019-02-20,2.6540000438690186,2.382999897003174,0.2710001468658447
2019-02-21,2.687999963760376,2.3949999809265137,0.2929999828338623
2019-02-22,2.6549999713897705,2.3929998874664307,0.26200008392333984
2019-02-25,2.6730000972747803,2.3929998874664307,0.2800002098083496
2019-02-26,2.635999917984009,2.4000000953674316,0.23599982261657715
2019-02-27,2.693000078201294,2.3929998874664307,0.3000001907348633
2019-02-28,2.7109999656677246,2.382999897003174,0.3280000686645508
2019-03-01,2.755000114440918,2.378000020980835,0.377000093460083
2019-03-04,2.7219998836517334,2.375,0.3469998836517334
2019-03-05,2.7219998836517334,2.4000000953674316,0.32199978828430176
2019-03-06,2.691999912261963,2.4049999713897705,0.2869999408721924
2019-03-07,2.635999917984009,2.3949999809265137,0.24099993705749512
2019-03-08,2.625,2.3929998874664307,0.23200011253356934
2019-03-11,2.6429998874664307,2.380000114440918,0.2629997730255127
2019-03-12,2.6050000190734863,2.3949999809265137,0.21000003814697266
2019-03-13,2.6110000610351562,2.388000011444092,0.22300004959106445
2019-03-14,2.630000114440918,2.388000011444092,0.24200010299682617
2019-03-15,2.5929999351501465,2.388000011444092,0.2049999237060547
2019-03-18,2.6019999980926514,2.384999990463257,0.21700000762939453
2019-03-19,2.614000082015991,2.4049999713897705,0.2090001106262207
2019-03-20,2.5350000858306885,2.4079999923706055,0.127000093460083
2019-03-21,2.5369999408721924,2.4079999923706055,0.12899994850158691
2019-03-22,2.4549999237060547,2.3980000019073486,0.056999921798706055
2019-03-25,2.4200000762939453,2.390000104904175,0.029999971389770508
2019-03-26,2.4140000343322754,2.4049999713897705,0.009000062942504883
2019-03-27,2.374000072479248,2.378000020980835,-0.003999948501586914
2019-03-28,2.3889999389648438,2.369999885559082,0.01900005340576172
2019-03-29,2.4140000343322754,2.328000068664551,0.08599996566772461
2019-04-01,2.496999979019165,2.322999954223633,0.17400002479553223
2019-04-02,2.4809999465942383,2.369999885559082,0.11100006103515625
2019-04-03,2.5169999599456787,2.372999906539917,0.14400005340576172
2019-04-04,2.51200008392334,2.369999885559082,0.1420001983642578
2019-04-05,2.500999927520752,2.369999885559082,0.13100004196166992
2019-04-08,2.5190000534057617,2.365000009536743,0.15400004386901855
2019-04-09,2.499000072479248,2.365000009536743,0.13400006294250488
2019-04-10,2.4769999980926514,2.36299991607666,0.11400008201599121
2019-04-11,2.503999948501587,2.365000009536743,0.13899993896484375
2019-04-12,2.559999942779541,2.375,0.18499994277954102
2019-04-15,2.552999973297119,2.359999895095825,0.19300007820129395
2019-04-16,2.5920000076293945,2.378000020980835,0.21399998664855957
2019-04-17,2.5920000076293945,2.380000114440918,0.21199989318847656
2019-04-18,2.559999942779541,2.365000009536743,0.19499993324279785
2019-04-22,2.5899999141693115,2.375,0.21499991416931152
2019-04-23,2.569999933242798,2.390000104904175,0.17999982833862305
2019-04-24,2.5220000743865967,2.375,0.14700007438659668
2019-04-25,2.5339999198913574,2.365000009536743,0.16899991035461426
2019-04-26,2.505000114440918,2.359999895095825,0.14500021934509277
2019-04-29,2.5360000133514404,2.359999895095825,0.17600011825561523
2019-04-30,2.509000062942505,2.368000030517578,0.14100003242492676
2019-05-01,2.510999917984009,2.36299991607666,0.14800000190734863
2019-05-02,2.552000045776367,2.372999906539917,0.1790001392364502
2019-05-03,2.5309998989105225,2.368000030517578,0.16299986839294434
2019-05-06,2.5,2.36299991607666,0.13700008392333984
2019-05-07,2.447999954223633,2.368000030517578,0.07999992370605469
2019-05-08,2.4820001125335693,2.369999885559082,0.1120002269744873
2019-05-09,2.4570000171661377,2.369999885559082,0.08700013160705566
2019-05-10,2.4549999237060547,2.369999885559082,0.08500003814697266
2019-05-13,2.4049999713897705,2.3499999046325684,0.05500006675720215
2019-05-14,2.4189999103546143,2.3529999256134033,0.06599998474121094
2019-05-15,2.378999948501587,2.3499999046325684,0.029000043869018555
2019-05-16,2.4049999713897705,2.3380000591278076,0.06699991226196289
2019-05-17,2.3929998874664307,2.3299999237060547,0.06299996376037598
2019-05-20,2.4159998893737793,2.319999933242798,0.09599995613098145
2019-05-21,2.4260001182556152,2.3299999237060547,0.09600019454956055
2019-05-22,2.3929998874664307,2.319999933242798,0.07299995422363281
2019-05-23,2.2960000038146973,2.302999973297119,-0.006999969482421875
2019-05-24,2.3239998817443848,2.2880001068115234,0.03599977493286133
2019-05-28,2.2679998874664307,2.2980000972747803,-0.03000020980834961
2019-05-29,2.2360000610351562,2.2980000972747803,-0.06200003623962402
2019-05-30,2.2269999980926514,2.309999942779541,-0.08299994468688965
2019-05-31,2.1419999599456787,2.2929999828338623,-0.1510000228881836
2019-06-03,2.0810000896453857,2.2799999713897705,-0.19899988174438477
2019-06-04,2.11899995803833,2.2950000762939453,-0.17600011825561523
2019-06-05,2.122999906539917,2.2850000858306885,-0.16200017929077148
2019-06-06,2.124000072479248,2.255000114440918,-0.13100004196166992
2019-06-07,2.0840001106262207,2.2149999141693115,-0.13099980354309082
2019-06-10,2.1429998874664307,2.2200000286102295,-0.07700014114379883
2019-06-11,2.140000104904175,2.2130000591278076,-0.07299995422363281
2019-06-12,2.127000093460083,2.1649999618530273,-0.037999868392944336
2019-06-13,2.0910000801086426,2.140000104904175,-0.04900002479553223
2019-06-14,2.0929999351501465,2.125,-0.032000064849853516
2019-06-17,2.0859999656677246,2.138000011444092,-0.05200004577636719
2019-06-18,2.059999942779541,2.1679999828338623,-0.10800004005432129
2019-06-19,2.0290000438690186,2.125,-0.09599995613098145
2019-06-20,2.000999927520752,2.078000068664551,-0.07700014114379883
2019-06-21,2.068000078201294,2.055000066757202,0.013000011444091797
2019-06-24,2.0209999084472656,2.058000087738037,-0.037000179290771484
2019-06-25,1.99399995803833,2.0829999446868896,-0.08899998664855957
2019-06-26,2.0490000247955322,2.0929999351501465,-0.04399991035461426
2019-06-27,2.005000114440918,2.0850000381469727,-0.07999992370605469
2019-06-28,2.0,2.0350000858306885,-0.03500008583068848
2019-07-01,2.0339999198913574,2.065000057220459,-0.031000137329101562
2019-07-02,1.9759999513626099,2.1480000019073486,-0.17200005054473877
2019-07-03,1.9529999494552612,2.1500000953674316,-0.1970001459121704
2019-07-05,2.0480000972747803,2.1630001068115234,-0.11500000953674316
2019-07-08,2.0339999198913574,2.177999973297119,-0.14400005340576172
2019-07-09,2.053999900817871,2.194999933242798,-0.14100003242492676
2019-07-10,2.061000108718872,2.130000114440918,-0.0690000057220459
2019-07-11,2.119999885559082,2.0980000495910645,0.021999835968017578
2019-07-12,2.1059999465942383,2.0899999141693115,0.016000032424926758
2019-07-15,2.0920000076293945,2.0850000381469727,0.006999969482421875
2019-07-16,2.121999979019165,2.1029999256134033,0.01900005340576172
2019-07-17,2.061000108718872,2.072999954223633,-0.011999845504760742
2019-07-18,2.0380001068115234,2.013000011444092,0.02500009536743164
2019-07-19,2.0480000972747803,2.013000011444092,0.03500008583068848
2019-07-22,2.0429999828338623,2.0250000953674316,0.017999887466430664
2019-07-23,2.0739998817443848,2.0329999923706055,0.0409998893737793
2019-07-24,2.049999952316284,2.0399999618530273,0.009999990463256836
2019-07-25,2.0739998817443848,2.059999942779541,0.01399993896484375
2019-07-26,2.0810000896453857,2.062999963760376,0.018000125885009766
2019-07-29,2.055000066757202,2.049999952316284,0.005000114440917969
2019-07-30,2.061000108718872,2.0399999618530273,0.021000146865844727
2019-07-31,2.0209999084472656,2.0299999713897705,-0.009000062942504883
2019-08-01,1.8940000534057617,2.0299999713897705,-0.1359999179840088
2019-08-02,1.8550000190734863,2.0,-0.14499998092651367
2019-08-05,1.7350000143051147,1.9529999494552612,-0.21799993515014648
2019-08-06,1.7389999628067017,1.9950000047683716,-0.2560000419616699
2019-08-07,1.684000015258789,1.968000054359436,-0.284000039100647
2019-08-08,1.715999960899353,1.9700000286102295,-0.25400006771087646
2019-08-09,1.7339999675750732,1.9500000476837158,-0.21600008010864258
2019-08-12,1.6390000581741333,1.9279999732971191,-0.28899991512298584
2019-08-13,1.6799999475479126,1.9550000429153442,-0.27500009536743164
2019-08-14,1.5809999704360962,1.9079999923706055,-0.3270000219345093
2019-08-15,1.5290000438690186,1.843000054359436,-0.3140000104904175
2019-08-16,1.5390000343322754,1.8229999542236328,-0.2839999198913574
2019-08-19,1.5980000495910645,1.8530000448226929,-0.2549999952316284
2019-08-20,1.5609999895095825,1.899999976158142,-0.33899998664855957
2019-08-21,1.5770000219345093,1.9279999732971191,-0.35099995136260986
2019-08-22,1.6100000143051147,1.937999963760376,-0.32799994945526123
2019-08-23,1.527999997138977,1.909999966621399,-0.3819999694824219
2019-08-26,1.5449999570846558,1.9329999685287476,-0.3880000114440918
2019-08-27,1.4900000095367432,1.9429999589920044,-0.45299994945526123
2019-08-28,1.465999960899353,1.940000057220459,-0.47400009632110596
2019-08-29,1.5160000324249268,1.940000057220459,-0.4240000247955322
2019-08-30,1.50600004196167,1.9329999685287476,-0.42699992656707764
2019-09-03,1.465999960899353,1.909999966621399,-0.4440000057220459
2019-09-04,1.4589999914169312,1.9049999713897705,-0.44599997997283936
2019-09-05,1.565000057220459,1.9199999570846558,-0.3549998998641968
2019-09-06,1.5499999523162842,1.909999966621399,-0.36000001430511475
2019-09-09,1.621999979019165,1.9079999923706055,-0.28600001335144043
2019-09-10,1.7020000219345093,1.9129999876022339,-0.2109999656677246
2019-09-11,1.7330000400543213,1.9129999876022339,-0.1799999475479126
2019-09-12,1.7910000085830688,1.8949999809265137,-0.10399997234344482
2019-09-13,1.902999997138977,1.899999976158142,0.003000020980834961
2019-09-16,1.840999960899353,1.9450000524520874,-0.10400009155273438
2019-09-17,1.812000036239624,1.937999963760376,-0.12599992752075195
2019-09-18,1.7860000133514404,1.8799999952316284,-0.09399998188018799
2019-09-19,1.7740000486373901,1.8830000162124634,-0.10899996757507324
2019-09-20,1.7549999952316284,1.850000023841858,-0.09500002861022949
2019-09-23,1.7079999446868896,1.8450000286102295,-0.13700008392333984
2019-09-24,1.6349999904632568,1.8799999952316284,-0.24500000476837158
2019-09-25,1.7319999933242798,1.8450000286102295,-0.11300003528594971
2019-09-26,1.684999942779541,1.7699999809265137,-0.08500003814697266
2019-09-27,1.6749999523162842,1.7300000190734863,-0.05500006675720215
2019-09-30,1.6749999523162842,1.7699999809265137,-0.09500002861022949
2019-10-01,1.6440000534057617,1.753000020980835,-0.10899996757507324
2019-10-02,1.5959999561309814,1.7350000143051147,-0.1390000581741333
2019-10-03,1.5360000133514404,1.6649999618530273,-0.12899994850158691
2019-10-04,1.5149999856948853,1.6549999713897705,-0.13999998569488525
2019-10-07,1.5529999732971191,1.6729999780654907,-0.12000000476837158
2019-10-08,1.5369999408721924,1.6549999713897705,-0.11800003051757812
2019-10-09,1.5889999866485596,1.628000020980835,-0.03900003433227539
2019-10-10,1.6579999923706055,1.6330000162124634,0.02499997615814209
2019-10-11,1.7519999742507935,1.6230000257492065,0.12899994850158691
2019-10-14,1.7330000400543213,1.6180000305175781,0.11500000953674316
2019-10-15,1.7710000276565552,1.6180000305175781,0.15299999713897705
2019-10-16,1.7480000257492065,1.6150000095367432,0.13300001621246338
2019-10-17,1.7569999694824219,1.625,0.13199996948242188
2019-10-18,1.746999979019165,1.625,0.12199997901916504
2019-10-21,1.7920000553131104,1.625,0.16700005531311035
2019-10-22,1.7680000066757202,1.6150000095367432,0.15299999713897705
2019-10-23,1.7589999437332153,1.6150000095367432,0.14399993419647217
2019-10-24,1.7660000324249268,1.6230000257492065,0.14300000667572021
2019-10-25,1.8009999990463257,1.625,0.17599999904632568
2019-10-28,1.8530000448226929,1.6050000190734863,0.24800002574920654
2019-10-29,1.8350000381469727,1.5950000286102295,0.24000000953674316
2019-10-30,1.7979999780654907,1.5950000286102295,0.20299994945526123
2019-10-31,1.690999984741211,1.4980000257492065,0.1929999589920044
2019-11-01,1.7280000448226929,1.4850000143051147,0.24300003051757812
2019-11-04,1.7860000133514404,1.503000020980835,0.28299999237060547
2019-11-05,1.8660000562667847,1.5180000066757202,0.34800004959106445
2019-11-06,1.8140000104904175,1.5149999856948853,0.2990000247955322
2019-11-07,1.9259999990463257,1.5180000066757202,0.40799999237060547
2019-11-08,1.9329999685287476,1.5099999904632568,0.4229999780654907
2019-11-11,1.9429999589920044,1.5130000114440918,0.4299999475479126
2019-11-12,1.909000039100647,1.5329999923706055,0.3760000467300415
2019-11-13,1.8700000047683716,1.534999966621399,0.33500003814697266
2019-11-14,1.815000057220459,1.527999997138977,0.28700006008148193
2019-11-15,1.8339999914169312,1.527999997138977,0.3059999942779541
2019-11-18,1.8079999685287476,1.5230000019073486,0.2849999666213989
2019-11-19,1.7860000133514404,1.524999976158142,0.26100003719329834
2019-11-20,1.7380000352859497,1.5199999809265137,0.21800005435943604
2019-11-21,1.7719999551773071,1.5299999713897705,0.24199998378753662
2019-11-22,1.7740000486373901,1.5429999828338623,0.23100006580352783
2019-11-25,1.7640000581741333,1.5449999570846558,0.21900010108947754
2019-11-26,1.7400000095367432,1.565000057220459,0.17499995231628418
2019-11-27,1.7669999599456787,1.565000057220459,0.20199990272521973
2019-11-29,1.7760000228881836,1.5399999618530273,0.23600006103515625
2019-12-02,1.8359999656677246,1.5379999876022339,0.2979999780654907
2019-12-03,1.7089999914169312,1.5379999876022339,0.17100000381469727
2019-12-04,1.781000018119812,1.4980000257492065,0.28299999237060547
2019-12-05,1.7970000505447388,1.4930000305175781,0.30400002002716064
2019-12-06,1.8420000076293945,1.4800000190734863,0.3619999885559082
2019-12-09,1.8289999961853027,1.4980000257492065,0.3309999704360962
2019-12-10,1.8329999446868896,1.5149999856948853,0.3179999589920044
2019-12-11,1.7899999618530273,1.5199999809265137,0.26999998092651367
2019-12-12,1.8969999551773071,1.5299999713897705,0.3669999837875366
2019-12-13,1.819000005722046,1.5230000019073486,0.29600000381469727
2019-12-16,1.8919999599456787,1.524999976158142,0.3669999837875366
2019-12-17,1.8890000581741333,1.5299999713897705,0.3590000867843628
2019-12-18,1.9240000247955322,1.5180000066757202,0.406000018119812
2019-12-19,1.9079999923706055,1.5329999923706055,0.375
2019-12-20,1.9170000553131104,1.527999997138977,0.3890000581741333
2019-12-23,1.934999942779541,1.5199999809265137,0.41499996185302734
2019-12-24,1.909999966621399,1.5379999876022339,0.37199997901916504
2019-12-26,1.9049999713897705,1.534999966621399,0.3700000047683716
2019-12-27,1.8739999532699585,1.5180000066757202,0.3559999465942383
2019-12-30,1.8949999809265137,1.4900000095367432,0.4049999713897705
2019-12-31,1.9190000295639038,1.5049999952316284,0.4140000343322754
2020-01-02,1.8819999694824219,1.4950000047683716,0.3869999647140503
2020-01-03,1.7879999876022339,1.4730000495910645,0.31499993801116943
2020-01-06,1.8109999895095825,1.4880000352859497,0.3229999542236328
2020-01-07,1.8270000219345093,1.5,0.3270000219345093
2020-01-08,1.8739999532699585,1.4930000305175781,0.38099992275238037
2020-01-09,1.8580000400543213,1.5,0.3580000400543213
2020-01-10,1.8250000476837158,1.4980000257492065,0.3270000219345093
2020-01-13,1.8480000495910645,1.5099999904632568,0.3380000591278076
2020-01-14,1.8179999589920044,1.5299999713897705,0.2879999876022339
2020-01-15,1.7879999876022339,1.5080000162124634,0.2799999713897705
2020-01-16,1.809000015258789,1.5180000066757202,0.29100000858306885
2020-01-17,1.8359999656677246,1.5230000019073486,0.312999963760376
2020-01-21,1.7690000534057617,1.503000020980835,0.26600003242492676
2020-01-22,1.7690000534057617,1.5130000114440918,0.2560000419616699
2020-01-23,1.7400000095367432,1.5149999856948853,0.2250000238418579
2020-01-24,1.680999994277954,1.4900000095367432,0.19099998474121094
2020-01-27,1.6050000190734863,1.5049999952316284,0.10000002384185791
2020-01-28,1.6410000324249268,1.5299999713897705,0.11100006103515625
2020-01-29,1.593999981880188,1.5199999809265137,0.07400000095367432
2020-01-30,1.5579999685287476,1.527999997138977,0.029999971389770508
2020-01-31,1.5199999809265137,1.5099999904632568,0.009999990463256836
2020-02-03,1.5199999809265137,1.5180000066757202,0.001999974250793457
2020-02-04,1.6030000448226929,1.5379999876022339,0.06500005722045898
2020-02-05,1.6490000486373901,1.5199999809265137,0.12900006771087646
2020-02-06,1.6440000534057617,1.5299999713897705,0.11400008201599121
2020-02-07,1.5779999494552612,1.5180000066757202,0.059999942779541016
2020-02-10,1.5470000505447388,1.5199999809265137,0.027000069618225098
2020-02-11,1.590000033378601,1.5379999876022339,0.05200004577636719
2020-02-12,1.6299999952316284,1.534999966621399,0.09500002861022949
2020-02-13,1.6169999837875366,1.5449999570846558,0.07200002670288086
2020-02-14,1.5880000591278076,1.534999966621399,0.05300009250640869
2020-02-18,1.555999994277954,1.534999966621399,0.021000027656555176
2020-02-19,1.5700000524520874,1.5429999828338623,0.027000069618225098
2020-02-20,1.524999976158142,1.5379999876022339,-0.013000011444091797
2020-02-21,1.4709999561309814,1.5180000066757202,-0.04700005054473877
2020-02-24,1.3769999742507935,1.503000020980835,-0.1260000467300415
2020-02-25,1.3300000429153442,1.4900000095367432,-0.15999996662139893
2020-02-26,1.309999942779541,1.4780000448226929,-0.16800010204315186
2020-02-27,1.2990000247955322,1.3949999809265137,-0.09599995613098145
2020-02-28,1.1269999742507935,1.2300000190734863,-0.10300004482269287
2020-03-02,1.0880000591278076,1.1349999904632568,-0.04699993133544922
2020-03-03,1.0099999904632568,0.9179999828338623,0.09200000762939453
2020-03-04,0.9919999837875366,0.675000011920929,0.31699997186660767
2020-03-05,0.9259999990463257,0.5950000286102295,0.3309999704360962
2020-03-06,0.7059999704360962,0.41499999165534973,0.29099997878074646
2020-03-09,0.49900001287460327,0.33000001311302185,0.16899999976158142
2020-03-10,0.7480000257492065,0.38999998569488525,0.3580000400543213
2020-03-11,0.8199999928474426,0.36800000071525574,0.4519999921321869
2020-03-12,0.8489999771118164,0.27300000190734863,0.5759999752044678
2020-03-13,0.9509999752044678,0.24300000071525574,0.707999974489212
2020-03-16,0.7279999852180481,0.1850000023841858,0.5429999828338623
2020-03-17,0.996999979019165,0.16500000655651093,0.8319999724626541
2020-03-18,1.2660000324249268,0.003000000026077032,1.2630000323988497
2020-03-19,1.11899995803833,-0.02800000086426735,1.1469999589025974
2020-03-20,0.9380000233650208,-0.032999999821186066,0.9710000231862068
2020-03-23,0.7639999985694885,-0.03999999910593033,0.8039999976754189
2020-03-24,0.8159999847412109,-0.032999999821186066,0.848999984562397
2020-03-25,0.8579999804496765,-0.07000000029802322,0.9279999807476997
2020-03-26,0.8109999895095825,-0.10499999672174454,0.9159999862313271
2020-03-27,0.7490000128746033,-0.057999998331069946,0.8070000112056732
2020-03-30,0.6700000166893005,0.013000000268220901,0.6570000164210796
2020-03-31,0.6980000138282776,0.029999999329447746,0.6680000144988298
2020-04-01,0.6349999904632568,0.06300000101327896,0.5719999894499779
2020-04-02,0.6269999742507935,0.06499999761581421,0.5619999766349792
2020-04-03,0.5870000123977661,0.057999998331069946,0.5290000140666962
2020-04-06,0.6759999990463257,0.05999999865889549,0.6160000003874302
2020-04-07,0.7360000014305115,0.12800000607967377,0.6079999953508377
2020-04-08,0.7639999985694885,0.1850000023841858,0.5789999961853027
2020-04-09,0.7289999723434448,0.20999999344348907,0.5189999788999557
2020-04-13,0.7490000128746033,0.20000000298023224,0.549000009894371
2020-04-14,0.7519999742507935,0.16500000655651093,0.5869999676942825
2020-04-15,0.6380000114440918,0.11500000208616257,0.5230000093579292
2020-04-16,0.609000027179718,0.10999999940395355,0.49900002777576447
2020-04-17,0.6539999842643738,0.10300000011920929,0.5509999841451645
2020-04-20,0.6259999871253967,0.07000000029802322,0.5559999868273735
2020-04-21,0.5709999799728394,0.09799999743700027,0.4729999825358391
2020-04-22,0.6190000176429749,0.09300000220537186,0.526000015437603
2020-04-23,0.6129999756813049,0.09300000220537186,0.5199999734759331
2020-04-24,0.5960000157356262,0.10000000149011612,0.4960000142455101
2020-04-27,0.656000018119812,0.09300000220537186,0.5630000159144402
2020-04-28,0.6100000143051147,0.08500000089406967,0.5250000134110451
2020-04-29,0.6269999742507935,0.09000000357627869,0.5369999706745148
2020-04-30,0.621999979019165,0.09000000357627869,0.5319999754428864
2020-05-01,0.6420000195503235,0.09300000220537186,0.5490000173449516
2020-05-04,0.6370000243186951,0.09000000357627869,0.5470000207424164
2020-05-05,0.6570000052452087,0.10999999940395355,0.5470000058412552
2020-05-06,0.7110000252723694,0.1080000028014183,0.6030000224709511
2020-05-07,0.6309999823570251,0.0949999988079071,0.535999983549118
2020-05-08,0.6819999814033508,0.0949999988079071,0.5869999825954437
2020-05-11,0.7260000109672546,0.10499999672174454,0.6210000142455101
2020-05-12,0.6779999732971191,0.12300000339746475,0.5549999698996544
2020-05-13,0.6489999890327454,0.11500000208616257,0.5339999869465828
2020-05-14,0.6190000176429749,0.10499999672174454,0.5140000209212303
2020-05-15,0.6399999856948853,0.10300000011920929,0.536999985575676
2020-05-18,0.7440000176429749,0.10499999672174454,0.6390000209212303
2020-05-19,0.7110000252723694,0.11800000071525574,0.5930000245571136
2020-05-20,0.6800000071525574,0.11800000071525574,0.5620000064373016
2020-05-21,0.6769999861717224,0.10999999940395355,0.5669999867677689
2020-05-22,0.6570000052452087,0.10999999940395355,0.5470000058412552
2020-05-26,0.6980000138282776,0.11800000071525574,0.5800000131130219
2020-05-27,0.6800000071525574,0.13500000536441803,0.5450000017881393
2020-05-28,0.7049999833106995,0.1379999965429306,0.5669999867677689
2020-05-29,0.6480000019073486,0.12800000607967377,0.5199999958276749
2020-06-01,0.6620000004768372,0.12800000607967377,0.5339999943971634
2020-06-02,0.6800000071525574,0.14499999582767487,0.5350000113248825
2020-06-03,0.7609999775886536,0.14800000190734863,0.6129999756813049
2020-06-04,0.8199999928474426,0.14000000059604645,0.6799999922513962
2020-06-05,0.9039999842643738,0.14499999582767487,0.7589999884366989
2020-06-08,0.8840000033378601,0.15299999713897705,0.7310000061988831
2020-06-09,0.8289999961853027,0.16500000655651093,0.6639999896287918
2020-06-10,0.7480000257492065,0.16500000655651093,0.5830000191926956
2020-06-11,0.652999997138977,0.15299999713897705,0.5
2020-06-12,0.6990000009536743,0.15000000596046448,0.5489999949932098
2020-06-15,0.7020000219345093,0.1550000011920929,0.5470000207424164
2020-06-16,0.7559999823570251,0.1599999964237213,0.5959999859333038
2020-06-17,0.7329999804496765,0.16500000655651093,0.5679999738931656
2020-06-18,0.6940000057220459,0.14000000059604645,0.5540000051259995
2020-06-19,0.6970000267028809,0.14300000667572021,0.5540000200271606
2020-06-22,0.7039999961853027,0.14000000059604645,0.5639999955892563
2020-06-23,0.7089999914169312,0.14000000059604645,0.5689999908208847
2020-06-24,0.6840000152587891,0.13500000536441803,0.549000009894371
2020-06-25,0.6740000247955322,0.12999999523162842,0.5440000295639038
2020-06-26,0.6359999775886536,0.13300000131130219,0.5029999762773514
2020-06-29,0.6359999775886536,0.125,0.5109999775886536
2020-06-30,0.652999997138977,0.13500000536441803,0.517999991774559
2020-07-01,0.6819999814033508,0.12999999523162842,0.5519999861717224
2020-07-02,0.6690000295639038,0.13300000131130219,0.5360000282526016
2020-07-06,0.6840000152587891,0.12800000607967377,0.5560000091791153
2020-07-07,0.6499999761581421,0.14000000059604645,0.5099999755620956
2020-07-08,0.652999997138977,0.13500000536441803,0.517999991774559
2020-07-09,0.6050000190734863,0.12300000339746475,0.4820000156760216
2020-07-10,0.6330000162124634,0.11999999731779099,0.5130000188946724
2020-07-13,0.6399999856948853,0.125,0.5149999856948853
2020-07-14,0.6150000095367432,0.13300000131130219,0.482000008225441
2020-07-15,0.6299999952316284,0.125,0.5049999952316284
2020-07-16,0.6119999885559082,0.10300000011920929,0.5089999884366989
2020-07-17,0.628000020980835,0.10499999672174454,0.5230000242590904
2020-07-20,0.6200000047683716,0.10499999672174454,0.515000008046627
2020-07-21,0.6069999933242798,0.10999999940395355,0.49699999392032623
2020-07-22,0.5950000286102295,0.10000000149011612,0.4950000271201134
2020-07-23,0.5820000171661377,0.10300000011920929,0.4790000170469284
2020-07-24,0.5889999866485596,0.09799999743700027,0.4909999892115593
2020-07-27,0.609000027179718,0.09300000220537186,0.5160000249743462
2020-07-28,0.5809999704360962,0.10300000011920929,0.4779999703168869
2020-07-29,0.5789999961853027,0.09000000357627869,0.48899999260902405
2020-07-30,0.5410000085830688,0.08500000089406967,0.4560000076889992
2020-07-31,0.5360000133514404,0.08299999684095383,0.4530000165104866
2020-08-03,0.5630000233650208,0.07800000160932541,0.48500002175569534
2020-08-04,0.5149999856948853,0.09000000357627869,0.42499998211860657
2020-08-05,0.5429999828338623,0.0949999988079071,0.4479999840259552
2020-08-06,0.5360000133514404,0.08799999952316284,0.4480000138282776
2020-08-07,0.5619999766349792,0.08799999952316284,0.4739999771118164
2020-08-10,0.5740000009536743,0.08799999952316284,0.4860000014305115
2020-08-11,0.6579999923706055,0.10000000149011612,0.5579999908804893
2020-08-12,0.6700000166893005,0.10000000149011612,0.5700000151991844
2020-08-13,0.7160000205039978,0.09000000357627869,0.6260000169277191
2020-08-14,0.7089999914169312,0.08799999952316284,0.6209999918937683
2020-08-17,0.6830000281333923,0.08500000089406967,0.5980000272393227
2020-08-18,0.6690000295639038,0.10000000149011612,0.5690000280737877
2020-08-19,0.675000011920929,0.0949999988079071,0.5800000131130219
2020-08-20,0.6439999938011169,0.08799999952316284,0.5559999942779541
2020-08-21,0.6399999856948853,0.08799999952316284,0.5519999861717224
2020-08-24,0.6460000276565552,0.08500000089406967,0.5610000267624855
2020-08-25,0.6819999814033508,0.0949999988079071,0.5869999825954437
2020-08-26,0.6869999766349792,0.09300000220537186,0.5939999744296074
2020-08-27,0.7459999918937683,0.0949999988079071,0.6509999930858612
2020-08-28,0.7289999723434448,0.0949999988079071,0.6339999735355377
2020-08-31,0.6930000185966492,0.0949999988079071,0.5980000197887421
2020-09-01,0.671999990940094,0.10000000149011612,0.5719999894499779
2020-09-02,0.6510000228881836,0.10000000149011612,0.5510000213980675
2020-09-03,0.621999979019165,0.10000000149011612,0.5219999775290489
2020-09-04,0.7210000157356262,0.10300000011920929,0.6180000156164169
2020-09-08,0.6840000152587891,0.1080000028014183,0.5760000124573708
2020-09-09,0.703000009059906,0.10499999672174454,0.5980000123381615
2020-09-10,0.6850000023841858,0.10300000011920929,0.5820000022649765
2020-09-11,0.6690000295639038,0.10300000011920929,0.5660000294446945
2020-09-14,0.6710000038146973,0.10000000149011612,0.5710000023245811
2020-09-15,0.6790000200271606,0.10000000149011612,0.5790000185370445
2020-09-16,0.6869999766349792,0.10000000149011612,0.5869999751448631
2020-09-17,0.6840000152587891,0.08500000089406967,0.5990000143647194
2020-09-18,0.6940000057220459,0.08299999684095383,0.6110000088810921
2020-09-21,0.6710000038146973,0.07999999821186066,0.5910000056028366
2020-09-22,0.6639999747276306,0.08799999952316284,0.5759999752044678
2020-09-23,0.6759999990463257,0.08799999952316284,0.5879999995231628
2020-09-24,0.6660000085830688,0.09300000220537186,0.573000006377697
2020-09-25,0.6589999794960022,0.09000000357627869,0.5689999759197235
2020-09-28,0.6629999876022339,0.08799999952316284,0.574999988079071
2020-09-29,0.6449999809265137,0.08500000089406967,0.559999980032444
2020-09-30,0.6769999861717224,0.08500000089406967,0.5919999852776527
2020-10-01,0.6769999861717224,0.08299999684095383,0.5939999893307686
2020-10-02,0.6959999799728394,0.08500000089406967,0.6109999790787697
2020-10-05,0.7620000243186951,0.08500000089406967,0.6770000234246254
2020-10-06,0.7419999837875366,0.08799999952316284,0.6539999842643738
2020-10-07,0.7850000262260437,0.08799999952316284,0.6970000267028809
2020-10-08,0.7649999856948853,0.08799999952316284,0.6769999861717224
2020-10-09,0.7749999761581421,0.09300000220537186,0.6819999739527702
2020-10-12,0.7770000100135803,0.09000000357627869,0.6870000064373016
2020-10-13,0.7269999980926514,0.09300000220537186,0.6339999958872795
2020-10-14,0.722000002861023,0.10000000149011612,0.6220000013709068
2020-10-15,0.7310000061988831,0.0949999988079071,0.636000007390976
2020-10-16,0.7440000176429749,0.09000000357627869,0.6540000140666962
2020-10-19,0.7609999775886536,0.09000000357627869,0.6709999740123749
2020-10-20,0.796999990940094,0.0949999988079071,0.7019999921321869
2020-10-21,0.8159999847412109,0.09000000357627869,0.7259999811649323
2020-10-22,0.8479999899864197,0.08500000089406967,0.76299998909235
2020-10-23,0.8410000205039978,0.08299999684095383,0.758000023663044
2020-10-26,0.8009999990463257,0.07999999821186066,0.721000000834465
2020-10-27,0.777999997138977,0.09000000357627869,0.6879999935626984
2020-10-28,0.781000018119812,0.09000000357627869,0.6910000145435333
2020-10-29,0.8349999785423279,0.08299999684095383,0.751999981701374
2020-10-30,0.8600000143051147,0.08299999684095383,0.7770000174641609
2020-11-02,0.8489999771118164,0.08299999684095383,0.7659999802708626
2020-11-03,0.8820000290870667,0.09000000357627869,0.792000025510788
2020-11-04,0.7680000066757202,0.08299999684095383,0.6850000098347664
2020-11-05,0.7760000228881836,0.08500000089406967,0.6910000219941139
2020-11-06,0.8199999928474426,0.08299999684095383,0.7369999960064888
2020-11-09,0.9580000042915344,0.08799999952316284,0.8700000047683716
2020-11-10,0.972000002861023,0.09000000357627869,0.8819999992847443
2020-11-11,0.9580000042915344,0.09000000357627869,0.8680000007152557
2020-11-12,0.8849999904632568,0.08500000089406967,0.7999999895691872
2020-11-13,0.8930000066757202,0.08299999684095383,0.8100000098347664
2020-11-16,0.906000018119812,0.07500000298023224,0.8310000151395798
2020-11-17,0.871999979019165,0.07999999821186066,0.7919999808073044
2020-11-18,0.8820000290870667,0.07500000298023224,0.8070000261068344
2020-11-19,0.8539999723434448,0.05999999865889549,0.7939999736845493
2020-11-20,0.8289999961853027,0.057999998331069946,0.7709999978542328
2020-11-23,0.8569999933242798,0.07000000029802322,0.7869999930262566
2020-11-24,0.8820000290870667,0.07999999821186066,0.802000030875206
2020-11-25,0.878000020980835,0.07999999821186066,0.7980000227689743
2020-11-27,0.8420000076293945,0.0729999989271164,0.7690000087022781
2020-11-30,0.843999981880188,0.07500000298023224,0.7689999788999557
2020-12-01,0.9340000152587891,0.07999999821186066,0.8540000170469284
2020-12-02,0.9480000138282776,0.07500000298023224,0.8730000108480453
2020-12-03,0.9200000166893005,0.07500000298023224,0.8450000137090683
2020-12-04,0.968999981880188,0.07500000298023224,0.8939999788999557
2020-12-07,0.9279999732971191,0.07000000029802322,0.8579999729990959
2020-12-08,0.9129999876022339,0.06800000369548798,0.8449999839067459
2020-12-09,0.9409999847412109,0.07000000029802322,0.8709999844431877
2020-12-10,0.9079999923706055,0.07000000029802322,0.8379999920725822
2020-12-11,0.8930000066757202,0.06499999761581421,0.828000009059906
2020-12-14,0.8920000195503235,0.05999999865889549,0.832000020891428
2020-12-15,0.9229999780654907,0.07000000029802322,0.8529999777674675
2020-12-16,0.9200000166893005,0.07500000298023224,0.8450000137090683
2020-12-17,0.9300000071525574,0.07999999821186066,0.8500000089406967
2020-12-18,0.9480000138282776,0.07999999821186066,0.8680000156164169
2020-12-21,0.9409999847412109,0.07800000160932541,0.8629999831318855
2020-12-22,0.9179999828338623,0.07800000160932541,0.8399999812245369
2020-12-23,0.9549999833106995,0.07500000298023224,0.8799999803304672
2020-12-24,0.9279999732971191,0.07500000298023224,0.8529999703168869
2020-12-28,0.9330000281333923,0.07999999821186066,0.8530000299215317
2020-12-29,0.9350000023841858,0.09000000357627869,0.8449999988079071
2020-12-30,0.9259999990463257,0.07000000029802322,0.8559999987483025
2020-12-31,0.9169999957084656,0.06499999761581421,0.8519999980926514
2021-01-04,0.9169999957084656,0.06800000369548798,0.8489999920129776
2021-01-05,0.9549999833106995,0.07800000160932541,0.876999981701374
2021-01-06,1.0420000553131104,0.07800000160932541,0.9640000537037849
2021-01-07,1.0709999799728394,0.07999999821186066,0.9909999817609787
2021-01-08,1.1050000190734863,0.07999999821186066,1.0250000208616257
2021-01-11,1.1319999694824219,0.07999999821186066,1.0519999712705612
2021-01-12,1.1380000114440918,0.07999999821186066,1.0580000132322311
2021-01-13,1.0880000591278076,0.07999999821186066,1.008000060915947
2021-01-14,1.128999948501587,0.07500000298023224,1.0539999455213547
2021-01-15,1.097000002861023,0.07500000298023224,1.0219999998807907
2021-01-19,1.0920000076293945,0.0729999989271164,1.0190000087022781
2021-01-20,1.090000033378601,0.07500000298023224,1.0150000303983688
2021-01-21,1.1089999675750732,0.0729999989271164,1.0359999686479568
2021-01-22,1.090999960899353,0.07000000029802322,1.0209999606013298
2021-01-25,1.0399999618530273,0.07000000029802322,0.9699999615550041
2021-01-26,1.0399999618530273,0.06800000369548798,0.9719999581575394
2021-01-27,1.0140000581741333,0.05999999865889549,0.9540000595152378
2021-01-28,1.0570000410079956,0.054999999701976776,1.0020000413060188
2021-01-29,1.093000054359436,0.04800000041723251,1.0450000539422035
2021-02-01,1.0770000219345093,0.04800000041723251,1.0290000215172768
2021-02-02,1.1050000190734863,0.05000000074505806,1.0550000183284283
2021-02-03,1.13100004196167,0.03999999910593033,1.0910000428557396
2021-02-04,1.1390000581741333,0.029999999329447746,1.1090000588446856
2021-02-05,1.1699999570846558,0.023000000044703484,1.1469999570399523
2021-02-08,1.159999966621399,0.019999999552965164,1.1399999670684338
2021-02-09,1.156999945640564,0.032999999821186066,1.123999945819378
2021-02-10,1.1330000162124634,0.03500000014901161,1.0980000160634518
2021-02-11,1.1579999923706055,0.03500000014901161,1.1229999922215939
2021-02-12,1.2000000476837158,0.03500000014901161,1.1650000475347042
2021-02-16,1.2990000247955322,0.03500000014901161,1.2640000246465206
2021-02-17,1.3009999990463257,0.03500000014901161,1.265999998897314
2021-02-18,1.2869999408721924,0.023000000044703484,1.263999940827489
2021-02-19,1.3450000286102295,0.023000000044703484,1.322000028565526
2021-02-22,1.3700000047683716,0.02500000037252903,1.3450000043958426
2021-02-23,1.3619999885559082,0.023000000044703484,1.3389999885112047
2021-02-24,1.3890000581741333,0.02800000086426735,1.361000057309866
2021-02-25,1.5180000066757202,0.032999999821186066,1.4850000068545341
2021-02-26,1.4600000381469727,0.03500000014901161,1.425000037997961
2021-03-01,1.4459999799728394,0.02800000086426735,1.417999979108572
2021-03-02,1.4149999618530273,0.03500000014901161,1.3799999617040157
2021-03-03,1.4700000286102295,0.03500000014901161,1.4350000284612179
2021-03-04,1.5499999523162842,0.02800000086426735,1.5219999514520168
2021-03-05,1.5540000200271606,0.02800000086426735,1.5260000191628933
2021-03-08,1.5959999561309814,0.03500000014901161,1.5609999559819698
2021-03-09,1.5460000038146973,0.03500000014901161,1.5110000036656857
2021-03-10,1.5199999809265137,0.029999999329447746,1.489999981597066
2021-03-11,1.5269999504089355,0.02800000086426735,1.4989999495446682
2021-03-12,1.6349999904632568,0.02500000037252903,1.6099999900907278
2021-03-15,1.6069999933242798,0.014999999664723873,1.591999993659556
2021-03-16,1.621000051498413,0.00800000037997961,1.6130000511184335
2021-03-17,1.6410000324249268,0.00800000037997961,1.6330000320449471
2021-03-18,1.7300000190734863,0.003000000026077032,1.7270000190474093
2021-03-19,1.7319999933242798,0.004999999888241291,1.7269999934360385
2021-03-22,1.684000015258789,0.004999999888241291,1.6790000153705478
2021-03-23,1.6380000114440918,0.009999999776482582,1.6280000116676092
2021-03-24,1.6139999628067017,0.014999999664723873,1.5989999631419778
2021-03-25,1.6139999628067017,0.014999999664723873,1.5989999631419778
2021-03-26,1.659999966621399,0.014999999664723873,1.644999966956675
2021-03-29,1.7209999561309814,0.00800000037997961,1.7129999557510018
2021-03-30,1.7259999513626099,0.013000000268220901,1.712999951094389
2021-03-31,1.746000051498413,0.013000000268220901,1.7330000512301922
2021-04-01,1.6790000200271606,0.00800000037997961,1.671000019647181
2021-04-05,1.7200000286102295,0.014999999664723873,1.7050000289455056
2021-04-06,1.656000018119812,0.014999999664723873,1.6410000184550881
2021-04-07,1.652999997138977,0.009999999776482582,1.6429999973624945
2021-04-08,1.6319999694824219,0.004999999888241291,1.6269999695941806
2021-04-09,1.6660000085830688,0.003000000026077032,1.6630000085569918
2021-04-12,1.6749999523162842,0.009999999776482582,1.6649999525398016
2021-04-13,1.6230000257492065,0.014999999664723873,1.6080000260844827
2021-04-14,1.6380000114440918,0.014999999664723873,1.623000011779368
2021-04-15,1.5299999713897705,0.009999999776482582,1.519999971613288
2021-04-16,1.5729999542236328,0.00800000037997961,1.5649999538436532
2021-04-19,1.6009999513626099,0.014999999664723873,1.585999951697886
2021-04-20,1.562000036239624,0.014999999664723873,1.5470000365749002
2021-04-21,1.5640000104904175,0.013000000268220901,1.5510000102221966
2021-04-22,1.5540000200271606,0.014999999664723873,1.5390000203624368
2021-04-23,1.5670000314712524,0.014999999664723873,1.5520000318065286
2021-04-26,1.5700000524520874,0.00800000037997961,1.5620000520721078
2021-04-27,1.621999979019165,0.009999999776482582,1.6119999792426825
2021-04-28,1.6200000047683716,0.00800000037997961,1.612000004388392
2021-04-29,1.6399999856948853,0.00800000037997961,1.6319999853149056
2021-04-30,1.63100004196167,0.003000000026077032,1.628000041935593
2021-05-03,1.6069999933242798,0.004999999888241291,1.6019999934360385
2021-05-04,1.5920000076293945,0.009999999776482582,1.582000007852912
2021-05-05,1.5839999914169312,0.00800000037997961,1.5759999910369515
2021-05-06,1.5609999895095825,0.00800000037997961,1.552999989129603
2021-05-07,1.5770000219345093,0.00800000037997961,1.5690000215545297
2021-05-10,1.6019999980926514,0.004999999888241291,1.59699999820441
2021-05-11,1.6239999532699585,0.009999999776482582,1.613999953493476
2021-05-12,1.6950000524520874,0.009999999776482582,1.6850000526756048
2021-05-13,1.6679999828338623,0.00800000037997961,1.6599999824538827
2021-05-14,1.6349999904632568,0.004999999888241291,1.6299999905750155
2021-05-17,1.6399999856948853,0.004999999888241291,1.634999985806644
2021-05-18,1.6419999599456787,0.009999999776482582,1.6319999601691961
2021-05-19,1.6829999685287476,0.004999999888241291,1.6779999686405063
2021-05-20,1.6339999437332153,0.003000000026077032,1.6309999437071383
2021-05-21,1.6319999694824219,0.003000000026077032,1.6289999694563448
2021-05-24,1.6080000400543213,0.003000000026077032,1.6050000400282443
2021-05-25,1.5640000104904175,0.009999999776482582,1.554000010713935
2021-05-26,1.5740000009536743,0.004999999888241291,1.569000001065433
2021-05-27,1.6100000143051147,0.004999999888241291,1.6050000144168735
2021-05-28,1.5809999704360962,0.00800000037997961,1.5729999700561166
2021-06-01,1.6150000095367432,0.009999999776482582,1.6050000097602606
2021-06-02,1.590999960899353,0.014999999664723873,1.5759999612346292
2021-06-03,1.625,0.014999999664723873,1.6100000003352761
2021-06-04,1.559999942779541,0.014999999664723873,1.5449999431148171
2021-06-07,1.569000005722046,0.017999999225139618,1.5510000064969063
2021-06-08,1.527999997138977,0.019999999552965164,1.5079999975860119
2021-06-09,1.4889999628067017,0.019999999552965164,1.4689999632537365
2021-06-10,1.4589999914169312,0.019999999552965164,1.438999991863966
2021-06-11,1.4620000123977661,0.017999999225139618,1.4440000131726265
2021-06-14,1.5010000467300415,0.014999999664723873,1.4860000470653176
2021-06-15,1.4989999532699585,0.019999999552965164,1.4789999537169933
2021-06-16,1.569000005722046,0.02800000086426735,1.5410000048577785
2021-06-17,1.5110000371932983,0.02800000086426735,1.483000036329031
2021-06-18,1.4500000476837158,0.02800000086426735,1.4220000468194485
2021-06-21,1.4839999675750732,0.029999999329447746,1.4539999682456255
2021-06-22,1.472000002861023,0.03799999877810478,1.4340000040829182
2021-06-23,1.4869999885559082,0.03999999910593033,1.4469999894499779
2021-06-24,1.4869999885559082,0.0430000014603138,1.4439999870955944
2021-06-25,1.5360000133514404,0.0430000014603138,1.4930000118911266
2021-06-28,1.4780000448226929,0.03999999910593033,1.4380000457167625
2021-06-29,1.4800000190734863,0.03999999910593033,1.440000019967556
2021-06-30,1.4429999589920044,0.03999999910593033,1.402999959886074
2021-07-01,1.4800000190734863,0.03999999910593033,1.440000019967556
2021-07-02,1.430999994277954,0.03799999877810478,1.3929999954998493
2021-07-06,1.3700000047683716,0.03999999910593033,1.3300000056624413
2021-07-07,1.3209999799728394,0.0430000014603138,1.2779999785125256
2021-07-08,1.2879999876022339,0.0430000014603138,1.24499998614192
2021-07-09,1.3559999465942383,0.0430000014603138,1.3129999451339245
2021-07-12,1.3630000352859497,0.0430000014603138,1.320000033825636
2021-07-13,1.4149999618530273,0.04500000178813934,1.369999960064888
2021-07-14,1.3559999465942383,0.04500000178813934,1.310999944806099
2021-07-15,1.2970000505447388,0.03799999877810478,1.259000051766634
2021-07-16,1.2999999523162842,0.03799999877810478,1.2619999535381794
2021-07-19,1.180999994277954,0.03999999910593033,1.1409999951720238
2021-07-20,1.2089999914169312,0.04500000178813934,1.1639999896287918
2021-07-21,1.2799999713897705,0.04500000178813934,1.2349999696016312
2021-07-22,1.2649999856948853,0.0430000014603138,1.2219999842345715
2021-07-23,1.2860000133514404,0.04500000178813934,1.241000011563301
2021-07-26,1.2760000228881836,0.03999999910593033,1.2360000237822533
2021-07-27,1.2339999675750732,0.04500000178813934,1.188999965786934
2021-07-28,1.2610000371932983,0.04500000178813934,1.216000035405159
2021-07-29,1.2690000534057617,0.03999999910593033,1.2290000542998314
2021-07-30,1.2389999628067017,0.03999999910593033,1.1989999637007713
2021-08-02,1.1740000247955322,0.03799999877810478,1.1360000260174274
2021-08-03,1.1759999990463257,0.04500000178813934,1.1309999972581863
2021-08-04,1.184000015258789,0.04500000178813934,1.1390000134706497
2021-08-05,1.2170000076293945,0.0430000014603138,1.1740000061690807
2021-08-06,1.2899999618530273,0.0430000014603138,1.2469999603927135
2021-08-09,1.3170000314712524,0.04500000178813934,1.272000029683113
2021-08-10,1.3420000076293945,0.05000000074505806,1.2920000068843365
2021-08-11,1.3289999961853027,0.04500000178813934,1.2839999943971634
2021-08-12,1.3669999837875366,0.0430000014603138,1.3239999823272228
2021-08-13,1.2970000505447388,0.04500000178813934,1.2520000487565994
2021-08-16,1.2569999694824219,0.057999998331069946,1.198999971151352
2021-08-17,1.2580000162124634,0.06300000101327896,1.1950000151991844
2021-08-18,1.2730000019073486,0.054999999701976776,1.2180000022053719
2021-08-19,1.2419999837875366,0.0430000014603138,1.1989999823272228
2021-08-20,1.2599999904632568,0.0430000014603138,1.216999989002943
2021-08-23,1.2549999952316284,0.03999999910593033,1.214999996125698
2021-08-24,1.2899999618530273,0.04800000041723251,1.2419999614357948
2021-08-25,1.3420000076293945,0.04500000178813934,1.2970000058412552
2021-08-26,1.3420000076293945,0.0430000014603138,1.2990000061690807
2021-08-27,1.312000036239624,0.0430000014603138,1.2690000347793102
2021-08-30,1.284999966621399,0.03799999877810478,1.2469999678432941
2021-08-31,1.3040000200271606,0.03999999910593033,1.2640000209212303
2021-09-01,1.3020000457763672,0.03999999910593033,1.2620000466704369
2021-09-02,1.2940000295639038,0.03999999910593033,1.2540000304579735
2021-09-03,1.3220000267028809,0.03999999910593033,1.2820000275969505
2021-09-07,1.3700000047683716,0.03500000014901161,1.33500000461936
2021-09-08,1.3339999914169312,0.03999999910593033,1.2939999923110008
2021-09-09,1.2990000247955322,0.03799999877810478,1.2610000260174274
2021-09-10,1.340999960899353,0.03799999877810478,1.3029999621212482
2021-09-13,1.3240000009536743,0.03799999877810478,1.2860000021755695
2021-09-14,1.2769999504089355,0.03500000014901161,1.241999950259924
2021-09-15,1.3040000200271606,0.03500000014901161,1.269000019878149
2021-09-16,1.3309999704360962,0.029999999329447746,1.3009999711066484
2021-09-17,1.3700000047683716,0.02800000086426735,1.3420000039041042
2021-09-20,1.309000015258789,0.02500000037252903,1.28400001488626
2021-09-21,1.3240000009536743,0.019999999552965164,1.3040000014007092
2021-09-22,1.3359999656677246,0.02500000037252903,1.3109999652951956
2021-09-23,1.409999966621399,0.02500000037252903,1.38499996624887
2021-09-24,1.4600000381469727,0.02500000037252903,1.4350000377744436
2021-09-27,1.4839999675750732,0.02500000037252903,1.4589999672025442
2021-09-28,1.534000039100647,0.029999999329447746,1.5040000397711992
2021-09-29,1.5410000085830688,0.029999999329447746,1.511000009253621
2021-09-30,1.5290000438690186,0.02800000086426735,1.5010000430047512
2021-10-01,1.4789999723434448,0.02800000086426735,1.4509999714791775
2021-10-04,1.4809999465942383,0.02800000086426735,1.452999945729971
2021-10-05,1.5290000438690186,0.03500000014901161,1.494000043720007
2021-10-06,1.5240000486373901,0.03999999910593033,1.4840000495314598
2021-10-07,1.5709999799728394,0.03999999910593033,1.530999980866909
2021-10-08,1.6050000190734863,0.03999999910593033,1.565000019967556
2021-10-11,1.6139999628067017,0.03999999910593033,1.5739999637007713
2021-10-12,1.5800000429153442,0.03999999910593033,1.540000043809414
2021-10-13,1.5490000247955322,0.04500000178813934,1.5040000230073929
2021-10-14,1.5190000534057617,0.03999999910593033,1.4790000542998314
2021-10-15,1.5759999752044678,0.03799999877810478,1.537999976426363
2021-10-18,1.5839999914169312,0.0430000014603138,1.5409999899566174
2021-10-19,1.6349999904632568,0.05000000074505806,1.5849999897181988
2021-10-20,1.6360000371932983,0.05000000074505806,1.5860000364482403
2021-10-21,1.6759999990463257,0.05000000074505806,1.6259999983012676
2021-10-22,1.6549999713897705,0.05000000074505806,1.6049999706447124
2021-10-25,1.6349999904632568,0.05000000074505806,1.5849999897181988
2021-10-26,1.61899995803833,0.05000000074505806,1.568999957293272
2021-10-27,1.5290000438690186,0.05000000074505806,1.4790000431239605
2021-10-28,1.5679999589920044,0.04800000041723251,1.5199999585747719
2021-10-29,1.5570000410079956,0.04800000041723251,1.509000040590763
2021-11-01,1.5750000476837158,0.03999999910593033,1.5350000485777855
2021-11-02,1.5490000247955322,0.04500000178813934,1.5040000230073929
2021-11-03,1.5789999961853027,0.04500000178813934,1.5339999943971634
2021-11-04,1.5240000486373901,0.03500000014901161,1.4890000484883785
2021-11-05,1.4529999494552612,0.03999999910593033,1.412999950349331
2021-11-08,1.496999979019165,0.03500000014901161,1.4619999788701534
2021-11-09,1.4320000410079956,0.03999999910593033,1.3920000419020653
2021-11-10,1.559999942779541,0.04500000178813934,1.5149999409914017
2021-11-11,1.559999942779541,0.03999999910593033,1.5199999436736107
2021-11-12,1.5820000171661377,0.0430000014603138,1.539000015705824
2021-11-15,1.6230000257492065,0.03799999877810478,1.5850000269711018
2021-11-16,1.6339999437332153,0.03999999910593033,1.593999944627285
2021-11-17,1.6039999723434448,0.04500000178813934,1.5589999705553055
2021-11-18,1.5889999866485596,0.04500000178813934,1.5439999848604202
2021-11-19,1.5360000133514404,0.04500000178813934,1.491000011563301
2021-11-22,1.625,0.03999999910593033,1.5850000008940697
2021-11-23,1.6670000553131104,0.04500000178813934,1.622000053524971
2021-11-24,1.6449999809265137,0.05000000074505806,1.5949999801814556
2021-11-26,1.4819999933242798,0.0430000014603138,1.438999991863966
2021-11-29,1.5299999713897705,0.03799999877810478,1.4919999726116657
2021-11-30,1.4429999589920044,0.04800000041723251,1.3949999585747719
2021-12-01,1.434000015258789,0.05000000074505806,1.384000014513731
2021-12-02,1.4479999542236328,0.0430000014603138,1.404999952763319
2021-12-03,1.343000054359436,0.0430000014603138,1.3000000528991222
2021-12-06,1.434000015258789,0.0430000014603138,1.3910000137984753
2021-12-07,1.4800000190734863,0.057999998331069946,1.4220000207424164
2021-12-08,1.5089999437332153,0.05999999865889549,1.4489999450743198
2021-12-09,1.4869999885559082,0.05299999937415123,1.433999989181757
2021-12-10,1.4889999628067017,0.05000000074505806,1.4389999620616436
2021-12-13,1.4240000247955322,0.0430000014603138,1.3810000233352184
2021-12-14,1.437999963760376,0.04800000041723251,1.3899999633431435
2021-12-15,1.4630000591278076,0.04500000178813934,1.4180000573396683
2021-12-16,1.4220000505447388,0.03500000014901161,1.3870000503957272
2021-12-17,1.4019999504089355,0.029999999329447746,1.3719999510794878
2021-12-20,1.4190000295639038,0.03799999877810478,1.381000030785799
2021-12-21,1.4869999885559082,0.06499999761581421,1.421999990940094
2021-12-22,1.4570000171661377,0.06499999761581421,1.3920000195503235
2021-12-23,1.4930000305175781,0.057999998331069946,1.4350000321865082
2021-12-27,1.4809999465942383,0.0430000014603138,1.4379999451339245
2021-12-28,1.4809999465942383,0.05000000074505806,1.4309999458491802
2021-12-29,1.5429999828338623,0.04500000178813934,1.497999981045723
2021-12-30,1.5149999856948853,0.02500000037252903,1.4899999853223562
2021-12-31,1.5119999647140503,0.032999999821186066,1.4789999648928642
2022-01-03,1.628000020980835,0.05299999937415123,1.5750000216066837
2022-01-04,1.6679999828338623,0.07999999821186066,1.5879999846220016
2022-01-05,1.7050000429153442,0.08500000089406967,1.6200000420212746
2022-01-06,1.7330000400543213,0.09000000357627869,1.6430000364780426
2022-01-07,1.7710000276565552,0.08799999952316284,1.6830000281333923
2022-01-10,1.7799999713897705,0.09000000357627869,1.6899999678134918
2022-01-11,1.746000051498413,0.11800000071525574,1.6280000507831573
2022-01-12,1.725000023841858,0.11500000208616257,1.6100000217556953
2022-01-13,1.7109999656677246,0.10999999940395355,1.600999966263771
2022-01-14,1.7719999551773071,0.11800000071525574,1.6539999544620514
2022-01-18,1.8650000095367432,0.12999999523162842,1.7350000143051147
2022-01-19,1.8270000219345093,0.16500000655651093,1.6620000153779984
2022-01-20,1.8329999446868896,0.1679999977350235,1.6649999469518661
2022-01-21,1.746999979019165,0.15800000727176666,1.5889999717473984
2022-01-24,1.7350000143051147,0.1550000011920929,1.5800000131130219
2022-01-25,1.7829999923706055,0.1850000023841858,1.5979999899864197
2022-01-26,1.8480000495910645,0.17800000309944153,1.670000046491623
2022-01-27,1.8070000410079956,0.1850000023841858,1.6220000386238098
2022-01-28,1.781999945640564,0.17299999296665192,1.608999952673912
2022-01-31,1.781999945640564,0.17299999296665192,1.608999952673912
2022-02-01,1.7999999523162842,0.2029999941587448,1.5969999581575394
2022-02-02,1.7660000324249268,0.1850000023841858,1.581000030040741
2022-02-03,1.8270000219345093,0.19300000369548798,1.6340000182390213
2022-02-04,1.9299999475479126,0.22300000488758087,1.7069999426603317
2022-02-07,1.9160000085830688,0.2029999941587448,1.713000014424324
2022-02-08,1.9539999961853027,0.2750000059604645,1.6789999902248383
2022-02-09,1.9290000200271606,0.27000001072883606,1.6590000092983246
2022-02-10,2.0309998989105225,0.3700000047683716,1.6609998941421509
2022-02-11,1.9550000429153442,0.33799999952316284,1.6170000433921814
2022-02-14,1.996000051498413,0.36000001430511475,1.6360000371932983
2022-02-15,2.0450000762939453,0.4000000059604645,1.6450000703334808
2022-02-16,2.046999931335449,0.37299999594688416,1.673999935388565
2022-02-17,1.972000002861023,0.3449999988079071,1.6270000040531158
2022-02-18,1.9320000410079956,0.3179999887943268,1.6140000522136688
2022-02-22,1.9479999542236328,0.33000001311302185,1.617999941110611
2022-02-23,1.9769999980926514,0.3400000035762787,1.6369999945163727
2022-02-24,1.968999981880188,0.28299999237060547,1.6859999895095825
2022-02-25,1.9859999418258667,0.2980000078678131,1.6879999339580536
2022-02-28,1.8389999866485596,0.2879999876022339,1.5509999990463257
2022-03-01,1.7070000171661377,0.31299999356269836,1.3940000236034393
2022-03-02,1.8650000095367432,0.32499998807907104,1.5400000214576721
2022-03-03,1.843999981880188,0.33500000834465027,1.5089999735355377
2022-03-04,1.7239999771118164,0.3050000071525574,1.418999969959259
2022-03-07,1.7510000467300415,0.3050000071525574,1.4460000395774841
2022-03-08,1.871999979019165,0.36000001430511475,1.5119999647140503
2022-03-09,1.9479999542236328,0.3700000047683716,1.5779999494552612
2022-03-10,2.010999917984009,0.36000001430511475,1.650999903678894
2022-03-11,2.003999948501587,0.36500000953674316,1.6389999389648438
2022-03-14,2.140000104904175,0.3779999911785126,1.7620001137256622
2022-03-15,2.1600000858306885,0.4480000138282776,1.7120000720024109
2022-03-16,2.187999963760376,0.43299999833106995,1.754999965429306
2022-03-17,2.191999912261963,0.36000001430511475,1.8319998979568481
2022-03-18,2.1480000019073486,0.382999986410141,1.7650000154972076
2022-03-21,2.315000057220459,0.45500001311302185,1.8600000441074371
2022-03-22,2.372999906539917,0.5199999809265137,1.8529999256134033
2022-03-23,2.321000099182129,0.47999998927116394,1.841000109910965
2022-03-24,2.3410000801086426,0.4830000102519989,1.8580000698566437
2022-03-25,2.492000102996826,0.5199999809265137,1.9720001220703125
2022-03-28,2.4769999980926514,0.5080000162124634,1.968999981880188
2022-03-29,2.4000000953674316,0.5550000071525574,1.8450000882148743
2022-03-30,2.3580000400543213,0.5249999761581421,1.8330000638961792
2022-03-31,2.3269999027252197,0.49300000071525574,1.833999902009964
2022-04-01,2.377000093460083,0.5,1.877000093460083
2022-04-04,2.4119999408721924,0.5379999876022339,1.8739999532699585
2022-04-05,2.555999994277954,0.6679999828338623,1.8880000114440918
2022-04-06,2.6089999675750732,0.6629999876022339,1.9459999799728394
2022-04-07,2.6519999504089355,0.6600000262260437,1.9919999241828918
2022-04-08,2.7130000591278076,0.6679999828338623,2.0450000762939453
2022-04-11,2.7799999713897705,0.6800000071525574,2.099999964237213
2022-04-12,2.7249999046325684,0.7379999756813049,1.9869999289512634
2022-04-13,2.687000036239624,0.7400000095367432,1.9470000267028809
2022-04-14,2.828000068664551,0.7480000257492065,2.0800000429153442
2022-04-18,2.861999988555908,0.7549999952316284,2.10699999332428
2022-04-19,2.9130001068115234,0.8330000042915344,2.080000102519989
2022-04-20,2.8399999141693115,0.7950000166893005,2.044999897480011
2022-04-21,2.9170000553131104,0.800000011920929,2.1170000433921814
2022-04-22,2.9059998989105225,0.7799999713897705,2.125999927520752
2022-04-25,2.8259999752044678,0.7979999780654907,2.027999997138977
2022-04-26,2.7720000743865967,0.8330000042915344,1.9390000700950623
2022-04-27,2.818000078201294,0.8080000281333923,2.0100000500679016
2022-04-28,2.86299991607666,0.7850000262260437,2.0779998898506165
2022-04-29,2.88700008392334,0.8080000281333923,2.0790000557899475
2022-05-02,2.996000051498413,0.7649999856948853,2.231000065803528
2022-05-03,2.9600000381469727,0.8949999809265137,2.065000057220459
2022-05-04,2.9170000553131104,0.8330000042915344,2.084000051021576
2022-05-05,3.065999984741211,0.8029999732971191,2.263000011444092
2022-05-06,3.122999906539917,0.8149999976158142,2.307999908924103
2022-05-09,3.0789999961853027,0.800000011920929,2.278999984264374
2022-05-10,2.993000030517578,0.878000020980835,2.115000009536743
2022-05-11,2.9210000038146973,0.8830000162124634,2.037999987602234
2022-05-12,2.816999912261963,0.9049999713897705,1.9119999408721924
2022-05-13,2.934999942779541,0.9430000185966492,1.9919999241828918
2022-05-16,2.877000093460083,0.9800000190734863,1.8970000743865967
2022-05-17,2.9679999351501465,1.0379999876022339,1.9299999475479126
2022-05-18,2.885999917984009,1.003000020980835,1.8829998970031738
2022-05-19,2.8550000190734863,1.0,1.8550000190734863
2022-05-20,2.7869999408721924,0.9779999852180481,1.8089999556541443
2022-05-23,2.8589999675750732,0.9929999709129333,1.86599999666214
2022-05-24,2.759999990463257,1.0429999828338623,1.7170000076293945
2022-05-25,2.749000072479248,1.0449999570846558,1.7040001153945923
2022-05-26,2.75600004196167,1.027999997138977,1.7280000448226929
2022-05-27,2.743000030517578,1.024999976158142,1.718000054359436
2022-05-31,2.8440001010894775,1.0299999713897705,1.814000129699707
2022-06-01,2.930999994277954,1.1030000448226929,1.8279999494552612
2022-06-02,2.9130001068115234,1.1130000352859497,1.8000000715255737
2022-06-03,2.9570000171661377,1.1349999904632568,1.8220000267028809
2022-06-06,3.0380001068115234,1.159999966621399,1.8780001401901245
2022-06-07,2.9719998836517334,1.225000023841858,1.7469998598098755
2022-06-08,3.0290000438690186,1.2330000400543213,1.7960000038146973
2022-06-09,3.0439999103546143,1.2380000352859497,1.8059998750686646
2022-06-10,3.1559998989105225,1.2879999876022339,1.8679999113082886
2022-06-13,3.365999937057495,1.4980000257492065,1.8679999113082886
2022-06-14,3.4830000400543213,1.7430000305175781,1.7400000095367432
2022-06-15,3.3949999809265137,1.6950000524520874,1.6999999284744263
2022-06-16,3.306999921798706,1.4830000400543213,1.8239998817443848
2022-06-17,3.239000082015991,1.5099999904632568,1.7290000915527344
2022-06-21,3.306999921798706,1.4880000352859497,1.8189998865127563
2022-06-22,3.1559998989105225,1.5449999570846558,1.6109999418258667
2022-06-23,3.068000078201294,1.559999942779541,1.508000135421753
2022-06-24,3.125,1.5980000495910645,1.5269999504089355
2022-06-27,3.194000005722046,1.6330000162124634,1.5609999895095825
2022-06-28,3.2060000896453857,1.7380000352859497,1.468000054359436
2022-06-29,3.0929999351501465,1.7050000429153442,1.3879998922348022
2022-06-30,2.9719998836517334,1.600000023841858,1.3719998598098755
2022-07-01,2.8889999389648438,1.6030000448226929,1.2859998941421509
2022-07-05,2.809000015258789,1.6299999952316284,1.1790000200271606
2022-07-06,2.9130001068115234,1.840000033378601,1.0730000734329224
2022-07-07,3.007999897003174,1.8530000448226929,1.154999852180481
2022-07-08,3.1010000705718994,1.843000054359436,1.2580000162124634
2022-07-11,2.990999937057495,1.9529999494552612,1.0379999876022339
2022-07-12,2.9579999446868896,2.11299991607666,0.8450000286102295
2022-07-13,2.9040000438690186,2.322999954223633,0.5810000896453857
2022-07-14,2.9600000381469727,2.2730000019073486,0.687000036239624
2022-07-15,2.930000066757202,2.240000009536743,0.690000057220459
2022-07-18,2.9600000381469727,2.259999990463257,0.7000000476837158
2022-07-19,3.0190000534057617,2.450000047683716,0.5690000057220459
2022-07-20,3.0360000133514404,2.378000020980835,0.6579999923706055
2022-07-21,2.9100000858306885,2.359999895095825,0.5500001907348633
2022-07-22,2.7829999923706055,2.3550000190734863,0.42799997329711914
2022-07-25,2.819999933242798,2.3929998874664307,0.4270000457763672
2022-07-26,2.7869999408721924,2.4749999046325684,0.312000036239624
2022-07-27,2.7339999675750732,2.382999897003174,0.3510000705718994
2022-07-28,2.680999994277954,2.308000087738037,0.372999906539917
2022-07-29,2.6419999599456787,2.2980000972747803,0.34399986267089844
2022-08-01,2.6059999465942383,2.265000104904175,0.3409998416900635
2022-08-02,2.740999937057495,2.4630000591278076,0.2779998779296875
2022-08-03,2.747999906539917,2.427999973297119,0.31999993324279785
2022-08-04,2.6760001182556152,2.378000020980835,0.2980000972747803
2022-08-05,2.8399999141693115,2.4100000858306885,0.42999982833862305
2022-08-08,2.765000104904175,2.4600000381469727,0.30500006675720215
2022-08-09,2.796999931335449,2.569999933242798,0.22699999809265137
2022-08-10,2.7860000133514404,2.5350000858306885,0.25099992752075195
2022-08-11,2.888000011444092,2.490000009536743,0.39800000190734863
2022-08-12,2.8489999771118164,2.5,0.3489999771118164
2022-08-15,2.7909998893737793,2.513000011444092,0.2779998779296875
2022-08-16,2.8239998817443848,2.5980000495910645,0.2259998321533203
2022-08-17,2.8929998874664307,2.568000078201294,0.3249998092651367
2022-08-18,2.880000114440918,2.565000057220459,0.315000057220459
2022-08-19,2.989000082015991,2.5799999237060547,0.4090001583099365
2022-08-22,3.0369999408721924,2.6480000019073486,0.38899993896484375
2022-08-23,3.053999900817871,2.703000068664551,0.3509998321533203
2022-08-24,3.1059999465942383,2.7130000591278076,0.39299988746643066
2022-08-25,3.0260000228881836,2.7300000190734863,0.29600000381469727
2022-08-26,3.0350000858306885,2.755000114440918,0.2799999713897705
2022-08-29,3.109999895095825,2.7980000972747803,0.3119997978210449
2022-08-30,3.109999895095825,2.872999906539917,0.2369999885559082
2022-08-31,3.132999897003174,2.859999895095825,0.27300000190734863
2022-09-01,3.265000104904175,2.86299991607666,0.40200018882751465
2022-09-02,3.193000078201294,2.819999933242798,0.3730001449584961
2022-09-06,3.3399999141693115,2.8450000286102295,0.49499988555908203
2022-09-07,3.265000104904175,2.933000087738037,0.3320000171661377
2022-09-08,3.2920000553131104,2.950000047683716,0.34200000762939453
2022-09-09,3.321000099182129,2.9679999351501465,0.3530001640319824
2022-09-12,3.361999988555908,2.994999885559082,0.36700010299682617
2022-09-13,3.421999931335449,3.1530001163482666,0.2689998149871826
2022-09-14,3.4119999408721924,3.128000020980835,0.2839999198913574
2022-09-15,3.4590001106262207,3.0950000286102295,0.3640000820159912
2022-09-16,3.447999954223633,3.069999933242798,0.37800002098083496
2022-09-19,3.490000009536743,3.0350000858306885,0.4549999237060547
2022-09-20,3.571000099182129,3.243000030517578,0.3280000686645508
2022-09-21,3.509999990463257,3.190000057220459,0.31999993324279785
2022-09-22,3.7079999446868896,3.130000114440918,0.5779998302459717
2022-09-23,3.697000026702881,3.1080000400543213,0.5889999866485596
2022-09-26,3.878000020980835,3.1649999618530273,0.7130000591278076
2022-09-27,3.9639999866485596,3.25,0.7139999866485596
2022-09-28,3.7049999237060547,3.2300000190734863,0.47499990463256836
2022-09-29,3.746999979019165,3.2179999351501465,0.5290000438690186
2022-09-30,3.803999900817871,3.180000066757202,0.623999834060669
2022-10-03,3.6510000228881836,3.1500000953674316,0.500999927520752
2022-10-04,3.617000102996826,3.315000057220459,0.3020000457763672
2022-10-05,3.759000062942505,3.2929999828338623,0.4660000801086426
2022-10-06,3.8259999752044678,3.2880001068115234,0.5379998683929443
2022-10-07,3.882999897003174,3.2929999828338623,0.5899999141693115
2022-10-10,3.888000011444092,3.2850000858306885,0.6029999256134033
2022-10-11,3.938999891281128,3.3399999141693115,0.5989999771118164
2022-10-12,3.9019999504089355,3.5329999923706055,0.3689999580383301
2022-10-13,3.9519999027252197,3.5829999446868896,0.3689999580383301
2022-10-14,4.010000228881836,3.628000020980835,0.382000207901001
2022-10-17,4.014999866485596,3.687999963760376,0.3269999027252197
2022-10-18,3.997999906539917,3.8329999446868896,0.16499996185302734
2022-10-19,4.126999855041504,3.8929998874664307,0.23399996757507324
2022-10-20,4.22599983215332,3.890000104904175,0.3359997272491455
2022-10-21,4.2129998207092285,3.884999990463257,0.3279998302459717
2022-10-24,4.234000205993652,3.9130001068115234,0.3210000991821289
2022-10-25,4.107999801635742,3.9649999141693115,0.14299988746643066
2022-10-26,4.014999866485596,3.930000066757202,0.08499979972839355
2022-10-27,3.937000036239624,3.930000066757202,0.006999969482421875
2022-10-28,4.010000228881836,3.9700000286102295,0.040000200271606445
2022-10-31,4.077000141143799,3.9749999046325684,0.10200023651123047
2022-11-01,4.052000045776367,4.050000190734863,0.0019998550415039062
2022-11-02,4.059000015258789,4.025000095367432,0.03399991989135742
2022-11-03,4.124000072479248,4.025000095367432,0.0989999771118164
2022-11-04,4.156000137329102,4.013000011444092,0.14300012588500977
2022-11-07,4.214000225067139,3.9830000400543213,0.23100018501281738
2022-11-08,4.125999927520752,4.090000152587891,0.03599977493286133
2022-11-09,4.151000022888184,4.0929999351501465,0.05800008773803711
2022-11-10,3.8289999961853027,4.054999828338623,-0.2259998321533203
2022-11-11,3.812999963760376,4.063000202178955,-0.2500002384185791
2022-11-14,3.865000009536743,4.067999839782715,-0.20299983024597168
2022-11-15,3.7990000247955322,4.130000114440918,-0.33100008964538574
2022-11-16,3.691999912261963,4.125,-0.4330000877380371
2022-11-17,3.7750000953674316,4.11299991607666,-0.3379998207092285
2022-11-18,3.818000078201294,4.135000228881836,-0.317000150680542
2022-11-21,3.825000047683716,4.0980000495910645,-0.27300000190734863
2022-11-22,3.757999897003174,4.197999954223633,-0.440000057220459
2022-11-23,3.7060000896453857,4.199999809265137,-0.493999719619751
2022-11-25,3.690999984741211,4.175000190734863,-0.48400020599365234
2022-11-28,3.703000068664551,4.183000087738037,-0.48000001907348633
2022-11-29,3.747999906539917,4.252999782562256,-0.5049998760223389
2022-11-30,3.703000068664551,4.252999782562256,-0.5499997138977051
2022-12-01,3.5290000438690186,4.192999839782715,-0.6639997959136963
2022-12-02,3.50600004196167,4.208000183105469,-0.7020001411437988
2022-12-05,3.5989999771118164,4.1579999923706055,-0.5590000152587891
2022-12-06,3.513000011444092,4.21999979019165,-0.7069997787475586
2022-12-07,3.4079999923706055,4.183000087738037,-0.7750000953674316
2022-12-08,3.490999937057495,4.150000095367432,-0.6590001583099365
2022-12-09,3.566999912261963,4.172999858856201,-0.6059999465942383
2022-12-12,3.6110000610351562,4.168000221252441,-0.5570001602172852
2022-12-13,3.500999927520752,4.248000144958496,-0.7470002174377441
2022-12-14,3.503000020980835,4.21999979019165,-0.7169997692108154
2022-12-15,3.450000047683716,4.2129998207092285,-0.7629997730255127
2022-12-16,3.4820001125335693,4.163000106811523,-0.6809999942779541
2022-12-19,3.5810000896453857,4.163000106811523,-0.5820000171661377
2022-12-20,3.684000015258789,4.230000019073486,-0.5460000038146973
2022-12-21,3.684000015258789,4.204999923706055,-0.5209999084472656
2022-12-22,3.6689999103546143,4.208000183105469,-0.5390002727508545
2022-12-23,3.750999927520752,4.192999839782715,-0.4419999122619629
2022-12-27,3.859999895095825,4.195000171661377,-0.33500027656555176
2022-12-28,3.88700008392334,4.3379998207092285,-0.45099973678588867
2022-12-29,3.8350000381469727,4.295000076293945,-0.46000003814697266
2022-12-30,3.878999948501587,4.260000228881836,-0.381000280380249
2023-01-03,3.7929999828338623,4.255000114440918,-0.46200013160705566
2023-01-04,3.7090001106262207,4.400000095367432,-0.6909999847412109
2023-01-05,3.7200000286102295,4.498000144958496,-0.7780001163482666
2023-01-06,3.569000005722046,4.493000030517578,-0.9240000247955322
2023-01-09,3.5169999599456787,4.482999801635742,-0.9659998416900635
2023-01-10,3.621000051498413,4.565000057220459,-0.9440000057220459
2023-01-11,3.553999900817871,4.554999828338623,-1.000999927520752
2023-01-12,3.4489998817443848,4.474999904632568,-1.0260000228881836
2023-01-13,3.510999917984009,4.48799991607666,-0.9769999980926514
2023-01-17,3.5350000858306885,4.493000030517578,-0.9579999446868896
2023-01-18,3.375,4.53000020980835,-1.1550002098083496
2023-01-19,3.3970000743865967,4.525000095367432,-1.128000020980835
2023-01-20,3.4839999675750732,4.538000106811523,-1.0540001392364502
2023-01-23,3.5250000953674316,4.534999847412109,-1.0099997520446777
2023-01-24,3.4690001010894775,4.572999954223633,-1.1039998531341553
2023-01-25,3.4619998931884766,4.545000076293945,-1.0830001831054688
2023-01-26,3.493000030517578,4.543000221252441,-1.0500001907348633
2023-01-27,3.5179998874664307,4.547999858856201,-1.0299999713897705
2023-01-30,3.5510001182556152,4.534999847412109,-0.9839997291564941
2023-01-31,3.5290000438690186,4.570000171661377,-1.0410001277923584
2023-02-01,3.3970000743865967,4.519999980926514,-1.122999906539917
2023-02-02,3.3959999084472656,4.510000228881836,-1.1140003204345703
2023-02-03,3.5320000648498535,4.5229997634887695,-0.990999698638916
2023-02-06,3.634000062942505,4.5329999923706055,-0.8989999294281006
2023-02-07,3.6740000247955322,4.570000171661377,-0.8960001468658447
2023-02-08,3.6530001163482666,4.585000038146973,-0.931999921798706
2023-02-09,3.683000087738037,4.61299991607666,-0.929999828338623
2023-02-10,3.74399995803833,4.635000228881836,-0.8910002708435059
2023-02-13,3.7170000076293945,4.644999980926514,-0.9279999732971191
2023-02-14,3.760999917984009,4.659999847412109,-0.8989999294281006
2023-02-15,3.809000015258789,4.64300012588501,-0.8340001106262207
2023-02-16,3.8429999351501465,4.664999961853027,-0.8220000267028809
2023-02-17,3.828000068664551,4.679999828338623,-0.8519997596740723
2023-02-21,3.9549999237060547,4.688000202178955,-0.7330002784729004
2023-02-22,3.9230000972747803,4.695000171661377,-0.7720000743865967
2023-02-23,3.878999948501587,4.690000057220459,-0.8110001087188721
2023-02-24,3.9489998817443848,4.703000068664551,-0.754000186920166
2023-02-27,3.921999931335449,4.664999961853027,-0.7430000305175781
2023-02-28,3.9159998893737793,4.710000038146973,-0.7940001487731934
2023-03-01,3.99399995803833,4.724999904632568,-0.7309999465942383
2023-03-02,4.072999954223633,4.7230000495910645,-0.6500000953674316
2023-03-03,3.9639999866485596,4.7179999351501465,-0.7539999485015869
2023-03-06,3.9830000400543213,4.728000164031982,-0.7450001239776611
2023-03-07,3.9749999046325684,4.84499979019165,-0.869999885559082
2023-03-08,3.9760000705718994,4.882999897003174,-0.9069998264312744
2023-03-09,3.924999952316284,4.8480000495910645,-0.9230000972747803
2023-03-10,3.694999933242798,4.802999973297119,-1.1080000400543213
2023-03-13,3.515000104904175,4.6579999923706055,-1.1429998874664307
2023-03-14,3.638000011444092,4.679999828338623,-1.0419998168945312
2023-03-15,3.492000102996826,4.558000087738037,-1.065999984741211
2023-03-16,3.5850000381469727,4.53000020980835,-0.945000171661377
2023-03-17,3.3949999809265137,4.293000221252441,-0.8980002403259277
2023-03-20,3.4809999465942383,4.465000152587891,-0.9840002059936523
2023-03-21,3.6059999465942383,4.605000019073486,-0.999000072479248
2023-03-22,3.5,4.563000202178955,-1.063000202178955
2023-03-23,3.4059998989105225,4.502999782562256,-1.0969998836517334
2023-03-24,3.380000114440918,4.502999782562256,-1.122999668121338
2023-03-27,3.5280001163482666,4.583000183105469,-1.0550000667572021
2023-03-28,3.563999891281128,4.627999782562256,-1.063999891281128
2023-03-29,3.565999984741211,4.630000114440918,-1.064000129699707
2023-03-30,3.5510001182556152,4.664999961853027,-1.113999843597412
2023-03-31,3.49399995803833,4.585000038146973,-1.0910000801086426
2023-04-03,3.430000066757202,4.570000171661377,-1.1400001049041748
2023-04-04,3.3369998931884766,4.728000164031982,-1.3910002708435059
2023-04-05,3.2869999408721924,4.704999923706055,-1.4179999828338623
2023-04-06,3.2880001068115234,4.710000038146973,-1.4219999313354492
2023-04-10,3.4149999618530273,4.8379998207092285,-1.4229998588562012
2023-04-11,3.434000015258789,4.880000114440918,-1.446000099182129
2023-04-12,3.4210000038146973,4.860000133514404,-1.439000129699707
2023-04-13,3.4519999027252197,4.855000019073486,-1.4030001163482666
2023-04-14,3.5220000743865967,4.9029998779296875,-1.3809998035430908
2023-04-17,3.5910000801086426,4.922999858856201,-1.3319997787475586
2023-04-18,3.572000026702881,5.03000020980835,-1.4580001831054688
2023-04-19,3.6019999980926514,4.994999885559082,-1.3929998874664307
2023-04-20,3.5450000762939453,4.945000171661377,-1.4000000953674316
2023-04-21,3.569999933242798,4.949999809265137,-1.3799998760223389
2023-04-24,3.515000104904175,4.873000144958496,-1.3580000400543213
2023-04-25,3.3959999084472656,4.953000068664551,-1.5570001602172852
2023-04-26,3.431999921798706,4.985000133514404,-1.5530002117156982
2023-04-27,3.5280001163482666,5.0,-1.4719998836517334
2023-04-28,3.4519999027252197,4.922999858856201,-1.4709999561309814
2023-05-01,3.5739998817443848,4.864999771118164,-1.2909998893737793
2023-05-02,3.438999891281128,5.039999961853027,-1.6010000705718994
2023-05-03,3.4030001163482666,5.09499979019165,-1.6919996738433838
2023-05-04,3.3510000705718994,5.054999828338623,-1.7039997577667236
2023-05-05,3.446000099182129,5.079999923706055,-1.6339998245239258
2023-05-08,3.5209999084472656,5.083000183105469,-1.5620002746582031
2023-05-09,3.5209999084472656,5.123000144958496,-1.6020002365112305
2023-05-10,3.438999891281128,5.065000057220459,-1.626000165939331
2023-05-11,3.3970000743865967,5.014999866485596,-1.617999792098999
2023-05-12,3.4630000591278076,5.0279998779296875,-1.5649998188018799
2023-05-15,3.507999897003174,5.0,-1.4920001029968262
2023-05-16,3.5490000247955322,5.058000087738037,-1.5090000629425049
2023-05-17,3.5810000896453857,5.0879998207092285,-1.5069997310638428
2023-05-18,3.6480000019073486,5.125,-1.4769999980926514
2023-05-19,3.691999912261963,5.085000038146973,-1.3930001258850098
2023-05-22,3.7190001010894775,5.09499979019165,-1.3759996891021729
2023-05-23,3.697999954223633,5.1529998779296875,-1.4549999237060547
2023-05-24,3.7190001010894775,5.184999942779541,-1.4659998416900635
2023-05-25,3.813999891281128,5.163000106811523,-1.3490002155303955
2023-05-26,3.809999942779541,5.114999771118164,-1.304999828338623
2023-05-30,3.700000047683716,5.14300012588501,-1.443000078201294
2023-05-31,3.63700008392334,5.248000144958496,-1.6110000610351562
2023-06-01,3.6080000400543213,5.203000068664551,-1.5950000286102295
2023-06-02,3.690999984741211,5.215000152587891,-1.5240001678466797
2023-06-05,3.693000078201294,5.14300012588501,-1.4500000476837158
2023-06-06,3.6989998817443848,5.1579999923706055,-1.4590001106262207
2023-06-07,3.7839999198913574,5.1529998779296875,-1.36899995803833
2023-06-08,3.7139999866485596,5.099999904632568,-1.3859999179840088
2023-06-09,3.744999885559082,5.09499979019165,-1.3499999046325684
2023-06-12,3.765000104904175,5.09499979019165,-1.3299996852874756
2023-06-13,3.8389999866485596,5.099999904632568,-1.2609999179840088
2023-06-14,3.7960000038146973,5.079999923706055,-1.2839999198913574
2023-06-15,3.7279999256134033,5.054999828338623,-1.3269999027252197
2023-06-16,3.7690000534057617,5.065000057220459,-1.2960000038146973
2023-06-20,3.7290000915527344,5.074999809265137,-1.3459997177124023
2023-06-21,3.7230000495910645,5.135000228881836,-1.4120001792907715
2023-06-22,3.7990000247955322,5.135000228881836,-1.3360002040863037
2023-06-23,3.739000082015991,5.138000011444092,-1.3989999294281006
2023-06-26,3.7190001010894775,5.15500020980835,-1.436000108718872
2023-06-27,3.7679998874664307,5.179999828338623,-1.4119999408721924
2023-06-28,3.7100000381469727,5.170000076293945,-1.4600000381469727
2023-06-29,3.8540000915527344,5.175000190734863,-1.321000099182129
2023-06-30,3.819000005722046,5.1529998779296875,-1.3339998722076416
2023-07-03,3.8580000400543213,5.144999980926514,-1.2869999408721924
2023-07-05,3.944999933242798,5.192999839782715,-1.247999906539917
2023-07-06,4.040999889373779,5.2129998207092285,-1.1719999313354492
2023-07-07,4.050000190734863,5.2129998207092285,-1.1629996299743652
2023-07-10,4.00600004196167,5.224999904632568,-1.2189998626708984
2023-07-11,3.9800000190734863,5.243000030517578,-1.2630000114440918
2023-07-12,3.8610000610351562,5.230000019073486,-1.36899995803833
2023-07-13,3.760999917984009,5.2230000495910645,-1.4620001316070557
2023-07-14,3.819000005722046,5.215000152587891,-1.3960001468658447
2023-07-17,3.796999931335449,5.232999801635742,-1.435999870300293
2023-07-18,3.7890000343322754,5.248000144958496,-1.4590001106262207
2023-07-19,3.742000102996826,5.244999885559082,-1.5029997825622559
2023-07-20,3.8540000915527344,5.243000030517578,-1.3889999389648438
2023-07-21,3.8369998931884766,5.248000144958496,-1.4110002517700195
2023-07-24,3.8570001125335693,5.25,-1.3929998874664307
2023-07-25,3.9119999408721924,5.264999866485596,-1.3529999256134033
2023-07-26,3.8510000705718994,5.26800012588501,-1.4170000553131104
2023-07-27,4.01200008392334,5.26800012588501,-1.25600004196167
2023-07-28,3.9690001010894775,5.255000114440918,-1.2860000133514404
2023-07-31,3.9590001106262207,5.248000144958496,-1.2890000343322754
2023-08-01,4.051000118255615,5.260000228881836,-1.2090001106262207
2023-08-02,4.078000068664551,5.260000228881836,-1.1820001602172852
2023-08-03,4.189000129699707,5.257999897003174,-1.0689997673034668
2023-08-04,4.059999942779541,5.252999782562256,-1.1929998397827148
2023-08-07,4.078000068664551,5.260000228881836,-1.1820001602172852
2023-08-08,4.026000022888184,5.275000095367432,-1.249000072479248
2023-08-09,4.01200008392334,5.28000020980835,-1.2680001258850098
2023-08-10,4.079999923706055,5.26800012588501,-1.188000202178955
2023-08-11,4.168000221252441,5.264999866485596,-1.0969996452331543
2023-08-14,4.184000015258789,5.269999980926514,-1.0859999656677246
2023-08-15,4.2210001945495605,5.28000020980835,-1.059000015258789
2023-08-16,4.257999897003174,5.284999847412109,-1.0269999504089355
2023-08-17,4.308000087738037,5.2779998779296875,-0.9699997901916504
2023-08-18,4.250999927520752,5.2779998779296875,-1.0269999504089355
2023-08-21,4.3420000076293945,5.28000020980835,-0.9380002021789551
2023-08-22,4.328000068664551,5.295000076293945,-0.9670000076293945
2023-08-23,4.197999954223633,5.295000076293945,-1.0970001220703125
2023-08-24,4.235000133514404,5.302999973297119,-1.0679998397827148
2023-08-25,4.238999843597412,5.315000057220459,-1.0760002136230469
2023-08-28,4.211999893188477,5.322999954223633,-1.1110000610351562
2023-08-29,4.122000217437744,5.320000171661377,-1.1979999542236328
2023-08-30,4.118000030517578,5.315000057220459,-1.1970000267028809
2023-08-31,4.0929999351501465,5.297999858856201,-1.2049999237060547
2023-09-01,4.172999858856201,5.26800012588501,-1.0950002670288086
2023-09-05,4.26800012588501,5.2779998779296875,-1.0099997520446777
2023-09-06,4.289999961853027,5.300000190734863,-1.010000228881836
2023-09-07,4.260000228881836,5.2829999923706055,-1.0229997634887695
2023-09-08,4.257999897003174,5.293000221252441,-1.0350003242492676
2023-09-11,4.288000106811523,5.293000221252441,-1.005000114440918
2023-09-12,4.263999938964844,5.304999828338623,-1.0409998893737793
2023-09-13,4.249000072479248,5.304999828338623,-1.055999755859375
2023-09-14,4.288000106811523,5.295000076293945,-1.0069999694824219
2023-09-15,4.322000026702881,5.297999858856201,-0.9759998321533203
2023-09-18,4.318999767303467,5.300000190734863,-0.9810004234313965
2023-09-19,4.364999771118164,5.309999942779541,-0.945000171661377
2023-09-20,4.348999977111816,5.315000057220459,-0.9660000801086426
2023-09-21,4.480000019073486,5.304999828338623,-0.8249998092651367
2023-09-22,4.438000202178955,5.304999828338623,-0.866999626159668
2023-09-25,4.541999816894531,5.313000202178955,-0.7710003852844238
2023-09-26,4.558000087738037,5.324999809265137,-0.7669997215270996
2023-09-27,4.625999927520752,5.329999923706055,-0.7039999961853027
2023-09-28,4.5970001220703125,5.308000087738037,-0.7109999656677246
2023-09-29,4.572999954223633,5.300000190734863,-0.7270002365112305
2023-10-02,4.683000087738037,5.315000057220459,-0.6319999694824219
2023-10-03,4.802000045776367,5.340000152587891,-0.5380001068115234
2023-10-04,4.735000133514404,5.335000038146973,-0.5999999046325684
2023-10-05,4.7170000076293945,5.324999809265137,-0.6079998016357422
2023-10-06,4.783999919891357,5.3480000495910645,-0.564000129699707
2023-10-09,4.796999931335449,5.3480000495910645,-0.5510001182556152
2023-10-10,4.65500020980835,5.322999954223633,-0.6679997444152832
2023-10-11,4.59499979019165,5.335000038146973,-0.7400002479553223
2023-10-12,4.711999893188477,5.335000038146973,-0.6230001449584961
2023-10-13,4.629000186920166,5.328000068664551,-0.6989998817443848
2023-10-16,4.711999893188477,5.328000068664551,-0.6160001754760742
2023-10-17,4.8470001220703125,5.340000152587891,-0.4930000305175781
2023-10-18,4.9039998054504395,5.329999923706055,-0.42600011825561523
2023-10-19,4.98799991607666,5.309999942779541,-0.32200002670288086
2023-10-20,4.923999786376953,5.300000190734863,-0.37600040435791016
2023-10-23,4.8379998207092285,5.293000221252441,-0.4550004005432129
2023-10-24,4.840000152587891,5.308000087738037,-0.4679999351501465
2023-10-25,4.953000068664551,5.315000057220459,-0.3619999885559082
2023-10-26,4.84499979019165,5.300000190734863,-0.4550004005432129
2023-10-27,4.84499979019165,5.304999828338623,-0.46000003814697266
2023-10-30,4.875,5.313000202178955,-0.4380002021789551
2023-10-31,4.875,5.320000171661377,-0.44500017166137695
2023-11-01,4.789000034332275,5.300000190734863,-0.5110001564025879
2023-11-02,4.669000148773193,5.269999980926514,-0.6009998321533203
2023-11-03,4.558000087738037,5.252999782562256,-0.6949996948242188
2023-11-06,4.6620001792907715,5.260000228881836,-0.5980000495910645
2023-11-07,4.571000099182129,5.2729997634887695,-0.7019996643066406
2023-11-08,4.5229997634887695,5.26800012588501,-0.7450003623962402
2023-11-09,4.630000114440918,5.263000011444092,-0.6329998970031738
2023-11-10,4.627999782562256,5.25,-0.6220002174377441
2023-11-13,4.631999969482422,5.260000228881836,-0.6280002593994141
2023-11-14,4.440999984741211,5.252999782562256,-0.8119997978210449
2023-11-15,4.534999847412109,5.255000114440918,-0.7200002670288086
2023-11-16,4.445000171661377,5.243000030517578,-0.7979998588562012
2023-11-17,4.440999984741211,5.232999801635742,-0.7919998168945312
2023-11-20,4.421999931335449,5.23799991607666,-0.8159999847412109
2023-11-21,4.418000221252441,5.255000114440918,-0.8369998931884766
2023-11-22,4.415999889373779,5.264999866485596,-0.8489999771118164
2023-11-24,4.4720001220703125,5.252999782562256,-0.7809996604919434
2023-11-27,4.388999938964844,5.257999897003174,-0.8689999580383301
2023-11-28,4.335999965667725,5.260000228881836,-0.9240002632141113
2023-11-29,4.270999908447266,5.239999771118164,-0.9689998626708984
2023-11-30,4.3520002365112305,5.23799991607666,-0.8859996795654297
2023-12-01,4.22599983215332,5.215000152587891,-0.9890003204345703
2023-12-04,4.288000106811523,5.2230000495910645,-0.934999942779541
2023-12-05,4.171000003814697,5.243000030517578,-1.0720000267028809
2023-12-06,4.120999813079834,5.243000030517578,-1.1220002174377441
2023-12-07,4.129000186920166,5.232999801635742,-1.1039996147155762
2023-12-08,4.244999885559082,5.232999801635742,-0.9879999160766602
2023-12-11,4.238999843597412,5.232999801635742,-0.9939999580383301
2023-12-12,4.205999851226807,5.248000144958496,-1.0420002937316895
2023-12-13,4.0329999923706055,5.2230000495910645,-1.190000057220459
2023-12-14,3.930000066757202,5.215000152587891,-1.2850000858306885
2023-12-15,3.927999973297119,5.224999904632568,-1.2969999313354492
2023-12-18,3.9539999961853027,5.224999904632568,-1.2709999084472656
2023-12-19,3.921999931335449,5.23799991607666,-1.315999984741211
2023-12-20,3.877000093460083,5.230000019073486,-1.3529999256134033
2023-12-21,3.8940000534057617,5.210000038146973,-1.315999984741211
2023-12-22,3.9010000228881836,5.208000183105469,-1.3070001602172852
2023-12-26,3.885999917984009,5.203000068664551,-1.317000150680542
2023-12-27,3.7890000343322754,5.235000133514404,-1.446000099182129
2023-12-28,3.8499999046325684,5.2179999351501465,-1.3680000305175781
2023-12-29,3.865999937057495,5.179999828338623,-1.313999891281128
2024-01-02,3.946000099182129,5.2129998207092285,-1.2669997215270996
2024-01-03,3.9070000648498535,5.235000133514404,-1.3280000686645508
2024-01-04,3.990999937057495,5.228000164031982,-1.2370002269744873
2024-01-05,4.041999816894531,5.21999979019165,-1.1779999732971191
2024-01-08,4.001999855041504,5.21999979019165,-1.2179999351501465
2024-01-09,4.019000053405762,5.230000019073486,-1.2109999656677246
2024-01-10,4.03000020980835,5.224999904632568,-1.1949996948242188
2024-01-11,3.9769999980926514,5.2179999351501465,-1.2409999370574951
2024-01-12,3.950000047683716,5.197999954223633,-1.247999906539917
2024-01-16,4.065999984741211,5.203000068664551,-1.1370000839233398
2024-01-17,4.105999946594238,5.215000152587891,-1.1090002059936523
2024-01-18,4.144000053405762,5.199999809265137,-1.055999755859375
2024-01-19,4.145999908447266,5.197999954223633,-1.0520000457763672
2024-01-22,4.093999862670898,5.199999809265137,-1.1059999465942383
2024-01-23,4.142000198364258,5.210000038146973,-1.0679998397827148
2024-01-24,4.177999973297119,5.210000038146973,-1.0320000648498535
2024-01-25,4.131999969482422,5.195000171661377,-1.063000202178955
2024-01-26,4.159999847412109,5.199999809265137,-1.0399999618530273
2024-01-29,4.091000080108643,5.199999809265137,-1.1089997291564941
2024-01-30,4.059000015258789,5.203000068664551,-1.1440000534057617
2024-01-31,3.9670000076293945,5.188000202178955,-1.2210001945495605
2024-02-01,3.86299991607666,5.199999809265137,-1.3369998931884766
2024-02-02,4.0329999923706055,5.210000038146973,-1.1770000457763672
2024-02-05,4.164000034332275,5.228000164031982,-1.064000129699707
2024-02-06,4.090000152587891,5.2230000495910645,-1.1329998970031738
2024-02-07,4.110000133514404,5.2230000495910645,-1.1129999160766602
2024-02-08,4.170000076293945,5.2179999351501465,-1.0479998588562012
2024-02-09,4.186999797821045,5.21999979019165,-1.0329999923706055
2024-02-12,4.171999931335449,5.228000164031982,-1.0560002326965332
2024-02-13,4.315999984741211,5.232999801635742,-0.9169998168945312
2024-02-14,4.267000198364258,5.2179999351501465,-0.9509997367858887
2024-02-15,4.239999771118164,5.2179999351501465,-0.9780001640319824
2024-02-16,4.295000076293945,5.2230000495910645,-0.9279999732971191
2024-02-20,4.275000095367432,5.2129998207092285,-0.9379997253417969
2024-02-21,4.324999809265137,5.235000133514404,-0.9100003242492676
2024-02-22,4.327000141143799,5.232999801635742,-0.9059996604919434
2024-02-23,4.260000228881836,5.239999771118164,-0.9799995422363281
2024-02-26,4.298999786376953,5.25,-0.9510002136230469
2024-02-27,4.315000057220459,5.244999885559082,-0.929999828338623
2024-02-28,4.27400016784668,5.239999771118164,-0.9659996032714844
2024-02-29,4.251999855041504,5.2230000495910645,-0.9710001945495605
2024-03-01,4.179999828338623,5.215000152587891,-1.0350003242492676
2024-03-04,4.218999862670898,5.2230000495910645,-1.004000186920166
2024-03-05,4.13700008392334,5.224999904632568,-1.0879998207092285
2024-03-06,4.104000091552734,5.230000019073486,-1.125999927520752
2024-03-07,4.0920000076293945,5.228000164031982,-1.136000156402588
2024-03-08,4.089000225067139,5.228000164031982,-1.1389999389648438
2024-03-11,4.104000091552734,5.239999771118164,-1.1359996795654297
2024-03-12,4.15500020980835,5.239999771118164,-1.0849995613098145
2024-03-13,4.191999912261963,5.23799991607666,-1.0460000038146973
2024-03-14,4.297999858856201,5.23799991607666,-0.940000057220459
2024-03-15,4.303999900817871,5.23799991607666,-0.9340000152587891
2024-03-18,4.340000152587891,5.23799991607666,-0.8979997634887695
2024-03-19,4.296999931335449,5.23799991607666,-0.9409999847412109
2024-03-20,4.2729997634887695,5.228000164031982,-0.9550004005432129
2024-03-21,4.270999908447266,5.228000164031982,-0.9570002555847168
2024-03-22,4.2179999351501465,5.21999979019165,-1.001999855041504
2024-03-25,4.252999782562256,5.2179999351501465,-0.9650001525878906
2024-03-26,4.234000205993652,5.2179999351501465,-0.9839997291564941
2024-03-27,4.196000099182129,5.215000152587891,-1.0190000534057617
2024-03-28,4.205999851226807,5.203000068664551,-0.9970002174377441
2024-04-01,4.328999996185303,5.2179999351501465,-0.8889999389648438
2024-04-02,4.364999771118164,5.2129998207092285,-0.8480000495910645
2024-04-03,4.355000019073486,5.210000038146973,-0.8550000190734863
2024-04-04,4.309000015258789,5.203000068664551,-0.8940000534057617
2024-04-05,4.377999782562256,5.215000152587891,-0.8370003700256348
2024-04-08,4.423999786376953,5.2230000495910645,-0.7990002632141113
2024-04-09,4.366000175476074,5.21999979019165,-0.8539996147155762
2024-04-10,4.559999942779541,5.243000030517578,-0.6830000877380371
2024-04-11,4.576000213623047,5.23799991607666,-0.6619997024536133
2024-04-12,4.499000072479248,5.230000019073486,-0.7309999465942383
2024-04-15,4.627999782562256,5.23799991607666,-0.6100001335144043
2024-04-16,4.658999919891357,5.232999801635742,-0.5739998817443848
2024-04-17,4.585000038146973,5.239999771118164,-0.6549997329711914
2024-04-18,4.646999835968018,5.243000030517578,-0.5960001945495605
2024-04-19,4.614999771118164,5.244999885559082,-0.630000114440918
2024-04-22,4.623000144958496,5.244999885559082,-0.6219997406005859
2024-04-23,4.5980000495910645,5.244999885559082,-0.6469998359680176
2024-04-24,4.6519999504089355,5.255000114440918,-0.6030001640319824
2024-04-25,4.705999851226807,5.244999885559082,-0.5390000343322754
2024-04-26,4.669000148773193,5.23799991607666,-0.5689997673034668
2024-04-29,4.613999843597412,5.243000030517578,-0.629000186920166
2024-04-30,4.685999870300293,5.244999885559082,-0.5590000152587891
2024-05-01,4.59499979019165,5.25,-0.6550002098083496
2024-05-02,4.571000099182129,5.23799991607666,-0.6669998168945312
2024-05-03,4.5,5.235000133514404,-0.7350001335144043
2024-05-06,4.488999843597412,5.239999771118164,-0.750999927520752
2024-05-07,4.4629998207092285,5.243000030517578,-0.7800002098083496
2024-05-08,4.492000102996826,5.244999885559082,-0.7529997825622559
2024-05-09,4.448999881744385,5.239999771118164,-0.7909998893737793
2024-05-10,4.504000186920166,5.243000030517578,-0.7389998435974121
2024-05-13,4.480999946594238,5.239999771118164,-0.7589998245239258
2024-05-14,4.445000171661377,5.235000133514404,-0.7899999618530273
2024-05-15,4.355999946594238,5.239999771118164,-0.8839998245239258
2024-05-16,4.376999855041504,5.243000030517578,-0.8660001754760742
2024-05-17,4.420000076293945,5.239999771118164,-0.8199996948242188
2024-05-20,4.436999797821045,5.239999771118164,-0.8029999732971191
2024-05-21,4.414000034332275,5.239999771118164,-0.8259997367858887
2024-05-22,4.434000015258789,5.244999885559082,-0.810999870300293
2024-05-23,4.474999904632568,5.244999885559082,-0.7699999809265137
2024-05-24,4.4670000076293945,5.244999885559082,-0.7779998779296875
2024-05-28,4.541999816894531,5.248000144958496,-0.7060003280639648
2024-05-29,4.624000072479248,5.25,-0.625999927520752
2024-05-30,4.553999900817871,5.248000144958496,-0.694000244140625
2024-05-31,4.513999938964844,5.244999885559082,-0.7309999465942383
2024-06-03,4.4019999504089355,5.243000030517578,-0.8410000801086426
2024-06-04,4.335999965667725,5.239999771118164,-0.9039998054504395
2024-06-05,4.289000034332275,5.239999771118164,-0.9509997367858887
2024-06-06,4.281000137329102,5.232999801635742,-0.9519996643066406
2024-06-07,4.429999828338623,5.23799991607666,-0.8080000877380371
2024-06-10,4.468999862670898,5.232999801635742,-0.7639999389648438
2024-06-11,4.4039998054504395,5.244999885559082,-0.8410000801086426
2024-06-12,4.295000076293945,5.243000030517578,-0.9479999542236328
2024-06-13,4.23799991607666,5.239999771118164,-1.001999855041504
2024-06-14,4.2129998207092285,5.239999771118164,-1.0269999504089355
2024-06-17,4.2789998054504395,5.243000030517578,-0.9640002250671387
2024-06-18,4.2170000076293945,5.235000133514404,-1.0180001258850098
2024-06-20,4.254000186920166,5.224999904632568,-0.9709997177124023
2024-06-21,4.256999969482422,5.215000152587891,-0.9580001831054688
2024-06-24,4.248000144958496,5.210000038146973,-0.9619998931884766
2024-06-25,4.23799991607666,5.2230000495910645,-0.9850001335144043
2024-06-26,4.315999984741211,5.230000019073486,-0.9140000343322754
2024-06-27,4.288000106811523,5.2230000495910645,-0.934999942779541
2024-06-28,4.3429999351501465,5.2129998207092285,-0.869999885559082
2024-07-01,4.479000091552734,5.2179999351501465,-0.7389998435974121
2024-07-02,4.435999870300293,5.228000164031982,-0.7920002937316895
2024-07-03,4.355000019073486,5.230000019073486,-0.875
2024-07-05,4.271999835968018,5.224999904632568,-0.9530000686645508
2024-07-08,4.269000053405762,5.2179999351501465,-0.9489998817443848
2024-07-09,4.300000190734863,5.224999904632568,-0.9249997138977051
2024-07-10,4.28000020980835,5.224999904632568,-0.9449996948242188
2024-07-11,4.192999839782715,5.197999954223633,-1.005000114440918
2024-07-12,4.189000129699707,5.197999954223633,-1.0089998245239258
2024-07-15,4.229000091552734,5.192999839782715,-0.9639997482299805
2024-07-16,4.166999816894531,5.192999839782715,-1.0260000228881836
2024-07-17,4.145999908447266,5.195000171661377,-1.0490002632141113
2024-07-18,4.189000129699707,5.192999839782715,-1.0039997100830078
2024-07-19,4.238999843597412,5.192999839782715,-0.9539999961853027
2024-07-22,4.260000228881836,5.190000057220459,-0.929999828338623
2024-07-23,4.238999843597412,5.172999858856201,-0.9340000152587891
2024-07-24,4.285999774932861,5.170000076293945,-0.884000301361084
2024-07-25,4.25600004196167,5.159999847412109,-0.9039998054504395
2024-07-26,4.199999809265137,5.15500020980835,-0.9550004005432129
2024-07-29,4.177999973297119,5.146999835968018,-0.9689998626708984
2024-07-30,4.14300012588501,5.135000228881836,-0.9920001029968262
2024-07-31,4.109000205993652,5.135000228881836,-1.0260000228881836
2024-08-01,3.9760000705718994,5.114999771118164,-1.1389997005462646
2024-08-02,3.7920000553131104,5.03000020980835,-1.2380001544952393
2024-08-05,3.7850000858306885,5.059999942779541,-1.2749998569488525
2024-08-06,3.888000011444092,5.079999923706055,-1.191999912261963
2024-08-07,3.9679999351501465,5.079999923706055,-1.1119999885559082
2024-08-08,3.996999979019165,5.083000183105469,-1.0860002040863037
2024-08-09,3.941999912261963,5.074999809265137,-1.1329998970031738
2024-08-12,3.9089999198913574,5.072999954223633,-1.1640000343322754
2024-08-13,3.8519999980926514,5.052999973297119,-1.2009999752044678
2024-08-14,3.819999933242798,5.063000202178955,-1.2430002689361572
2024-08-15,3.9260001182556152,5.079999923706055,-1.1539998054504395
2024-08-16,3.8919999599456787,5.074999809265137,-1.182999849319458
2024-08-19,3.867000102996826,5.063000202178955,-1.196000099182129
2024-08-20,3.818000078201294,5.0329999923706055,-1.2149999141693115
2024-08-21,3.7780001163482666,5.005000114440918,-1.2269999980926514
2024-08-22,3.861999988555908,5.025000095367432,-1.1630001068115234
2024-08-23,3.806999921798706,5.0,-1.193000078201294
2024-08-26,3.818000078201294,4.998000144958496,-1.1800000667572021
2024-08-27,3.8329999446868896,4.9679999351501465,-1.1349999904632568
2024-08-28,3.8410000801086426,4.954999923706055,-1.113999843597412
2024-08-29,3.867000102996826,4.965000152587891,-1.0980000495910645
2024-08-30,3.9110000133514404,4.9679999351501465,-1.056999921798706
2024-09-03,3.8440001010894775,4.96999979019165,-1.1259996891021729
2024-09-04,3.7679998874664307,4.947999954223633,-1.1800000667572021
2024-09-05,3.7309999465942383,4.932000160217285,-1.2010002136230469
2024-09-06,3.7100000381469727,4.9079999923706055,-1.1979999542236328
2024-09-09,3.697000026702881,4.894999980926514,-1.1979999542236328
2024-09-10,3.6459999084472656,4.835000038146973,-1.189000129699707
2024-09-11,3.6530001163482666,4.875,-1.2219998836517334
2024-09-12,3.680000066757202,4.840000152587891,-1.1600000858306885
2024-09-13,3.6500000953674316,4.763000011444092,-1.1129999160766602
2024-09-16,3.621000051498413,4.744999885559082,-1.123999834060669
2024-09-17,3.6419999599456787,4.735000133514404,-1.0930001735687256
2024-09-18,3.684999942779541,4.614999771118164,-0.929999828338623
2024-09-19,3.740000009536743,4.5929999351501465,-0.8529999256134033
2024-09-20,3.7279999256134033,4.545000076293945,-0.817000150680542
2024-09-23,3.739000082015991,4.502999782562256,-0.7639997005462646
2024-09-24,3.7360000610351562,4.494999885559082,-0.7589998245239258
2024-09-25,3.7809998989105225,4.486999988555908,-0.7060000896453857
2024-09-26,3.7909998893737793,4.4679999351501465,-0.6770000457763672
2024-09-27,3.749000072479248,4.48199987411499,-0.7329998016357422
2024-09-30,3.802000045776367,4.498000144958496,-0.6960000991821289
2024-10-01,3.743000030517578,4.48199987411499,-0.7389998435974121
2024-10-02,3.7850000858306885,4.4730000495910645,-0.687999963760376
2024-10-03,3.8499999046325684,4.465000152587891,-0.6150002479553223
2024-10-04,3.9809999465942383,4.505000114440918,-0.5240001678466797
2024-10-07,4.026000022888184,4.525000095367432,-0.49900007247924805
2024-10-08,4.0329999923706055,4.5279998779296875,-0.49499988555908203
2024-10-09,4.066999912261963,4.534999847412109,-0.4679999351501465
2024-10-10,4.0960001945495605,4.53000020980835,-0.43400001525878906
2024-10-11,4.072999954223633,4.514999866485596,-0.4419999122619629
2024-10-14,4.0980000495910645,4.51800012588501,-0.4200000762939453
2024-10-15,4.038000106811523,4.514999866485596,-0.47699975967407227
2024-10-16,4.015999794006348,4.502999782562256,-0.4869999885559082
2024-10-17,4.0960001945495605,4.514999866485596,-0.41899967193603516
2024-10-18,4.072999954223633,4.513000011444092,-0.440000057220459
2024-10-21,4.182000160217285,4.51800012588501,-0.3359999656677246
2024-10-22,4.203999996185303,4.5,-0.29600000381469727
2024-10-23,4.242000102996826,4.505000114440918,-0.2630000114440918
2024-10-24,4.199999809265137,4.486999988555908,-0.2870001792907715
2024-10-25,4.23199987411499,4.510000228881836,-0.2780003547668457
2024-10-28,4.2779998779296875,4.48199987411499,-0.20399999618530273
2024-10-29,4.27400016784668,4.480000019073486,-0.20599985122680664
2024-10-30,4.265999794006348,4.4629998207092285,-0.19700002670288086
2024-10-31,4.283999919891357,4.432000160217285,-0.14800024032592773
2024-11-01,4.361000061035156,4.400000095367432,-0.03900003433227539
2024-11-04,4.309000015258789,4.418000221252441,-0.10900020599365234
2024-11-05,4.289000034332275,4.422999858856201,-0.13399982452392578
2024-11-06,4.426000118255615,4.429999828338623,-0.0039997100830078125
2024-11-07,4.341000080108643,4.420000076293945,-0.07899999618530273
2024-11-08,4.306000232696533,4.422999858856201,-0.11699962615966797
2024-11-11,4.308000087738037,4.414999961853027,-0.10699987411499023
2024-11-12,4.432000160217285,4.422999858856201,0.009000301361083984
2024-11-13,4.451000213623047,4.389999866485596,0.06100034713745117
2024-11-14,4.418000221252441,4.382999897003174,0.03500032424926758
2024-11-15,4.427999973297119,4.39300012588501,0.034999847412109375
2024-11-18,4.414000034332275,4.4029998779296875,0.01100015640258789
2024-11-19,4.379000186920166,4.4079999923706055,-0.028999805450439453
2024-11-20,4.406000137329102,4.409999847412109,-0.0039997100830078125
2024-11-21,4.432000160217285,4.413000106811523,0.01900005340576172
2024-11-22,4.409999847412109,4.414999961853027,-0.005000114440917969
2024-11-25,4.264999866485596,4.40500020980835,-0.1400003433227539
2024-11-26,4.302000045776367,4.394999980926514,-0.09299993515014648
2024-11-27,4.242000102996826,4.385000228881836,-0.14300012588500977
2024-11-29,4.177999973297119,4.373000144958496,-0.19500017166137695
2024-12-02,4.196000099182129,4.380000114440918,-0.18400001525878906
2024-12-03,4.2230000495910645,4.35699987411499,-0.13399982452392578
2024-12-04,4.179999828338623,4.34499979019165,-0.16499996185302734
2024-12-05,4.179999828338623,4.329999923706055,-0.15000009536743164
2024-12-06,4.151000022888184,4.295000076293945,-0.14400005340576172
2024-12-09,4.198999881744385,4.293000221252441,-0.09400033950805664
2024-12-10,4.2210001945495605,4.284999847412109,-0.06399965286254883
2024-12-11,4.270999908447266,4.255000114440918,0.015999794006347656
2024-12-12,4.323999881744385,4.2230000495910645,0.10099983215332031
2024-12-13,4.39900016784668,4.2179999351501465,0.1810002326965332
2024-12-16,4.396999835968018,4.228000164031982,0.16899967193603516
2024-12-17,4.385000228881836,4.239999771118164,0.14500045776367188
2024-12-18,4.49399995803833,4.23199987411499,0.26200008392333984
2024-12-19,4.570000171661377,4.21999979019165,0.35000038146972656
2024-12-20,4.52400016784668,4.215000152587891,0.30900001525878906
2024-12-23,4.598999977111816,4.215000152587891,0.3839998245239258
2024-12-24,4.591000080108643,4.199999809265137,0.39100027084350586
2024-12-26,4.578999996185303,4.215000152587891,0.3639998435974121
2024-12-27,4.61899995803833,4.177999973297119,0.44099998474121094
2024-12-30,4.545000076293945,4.182000160217285,0.36299991607666016
2024-12-31,4.572999954223633,4.208000183105469,0.36499977111816406
2025-01-02,4.574999809265137,4.208000183105469,0.36699962615966797
2025-01-03,4.5960001945495605,4.192999839782715,0.4030003547668457
2025-01-06,4.618000030517578,4.190000057220459,0.42799997329711914
2025-01-07,4.683000087738037,4.203000068664551,0.48000001907348633
2025-01-08,4.692999839782715,4.204999923706055,0.48799991607666016
2025-01-10,4.776000022888184,4.2129998207092285,0.5630002021789551
2025-01-13,4.802999973297119,4.2179999351501465,0.5850000381469727
2025-01-14,4.788000106811523,4.2129998207092285,0.5750002861022949
2025-01-15,4.6529998779296875,4.204999923706055,0.4479999542236328
2025-01-16,4.605999946594238,4.195000171661377,0.41099977493286133
2025-01-17,4.609000205993652,4.192999839782715,0.4160003662109375
2025-01-21,4.573999881744385,4.197000026702881,0.3769998550415039
2025-01-22,4.598999977111816,4.215000152587891,0.3839998245239258
2025-01-23,4.638000011444092,4.2129998207092285,0.4250001907348633
2025-01-24,4.625999927520752,4.204999923706055,0.42100000381469727
2025-01-27,4.5279998779296875,4.188000202178955,0.3399996757507324
2025-01-28,4.551000118255615,4.190000057220459,0.36100006103515625
2025-01-29,4.554999828338623,4.188000202178955,0.36699962615966797
2025-01-30,4.51200008392334,4.182000160217285,0.3299999237060547
2025-01-31,4.568999767303467,4.188000202178955,0.3809995651245117
2025-02-03,4.543000221252441,4.190000057220459,0.3530001640319824
2025-02-04,4.513000011444092,4.2129998207092285,0.3000001907348633
2025-02-05,4.421999931335449,4.210000038146973,0.21199989318847656
2025-02-06,4.440000057220459,4.2129998207092285,0.22700023651123047
2025-02-07,4.486999988555908,4.228000164031982,0.2589998245239258
2025-02-10,4.493000030517578,4.228000164031982,0.2649998664855957
2025-02-11,4.5370001792907715,4.224999904632568,0.3120002746582031
2025-02-12,4.63700008392334,4.228000164031982,0.4089999198913574
2025-02-13,4.525000095367432,4.2129998207092285,0.3120002746582031
2025-02-14,4.4720001220703125,4.2129998207092285,0.259000301361084
2025-02-18,4.544000148773193,4.2129998207092285,0.33100032806396484
2025-02-19,4.534999847412109,4.2179999351501465,0.3169999122619629
2025-02-20,4.5,4.204999923706055,0.2950000762939453
2025-02-21,4.420000076293945,4.197000026702881,0.22300004959106445
2025-02-24,4.39300012588501,4.190000057220459,0.20300006866455078
2025-02-25,4.297999858856201,4.182000160217285,0.11599969863891602
2025-02-26,4.249000072479248,4.192999839782715,0.0560002326965332
2025-02-27,4.284999847412109,4.195000171661377,0.08999967575073242
2025-02-28,4.230999946594238,4.192999839782715,0.03800010681152344
2025-03-03,4.179999828338623,4.192999839782715,-0.013000011444091797
2025-03-04,4.210000038146973,4.195000171661377,0.014999866485595703
2025-03-05,4.264999866485596,4.204999923706055,0.059999942779541016
2025-03-06,4.285999774932861,4.197000026702881,0.08899974822998047
2025-03-07,4.316999912261963,4.197000026702881,0.11999988555908203
2025-03-10,4.2129998207092285,4.184999942779541,0.0279998779296875
2025-03-11,4.288000106811523,4.195000171661377,0.09299993515014648
2025-03-12,4.317999839782715,4.197000026702881,0.12099981307983398
2025-03-13,4.27400016784668,4.188000202178955,0.08599996566772461
2025-03-14,4.308000087738037,4.188000202178955,0.11999988555908203
2025-03-17,4.306000232696533,4.188000202178955,0.11800003051757812
2025-03-18,4.281000137329102,4.195000171661377,0.08599996566772461
2025-03-19,4.25600004196167,4.190000057220459,0.06599998474121094
2025-03-20,4.232999801635742,4.182000160217285,0.05099964141845703
2025-03-21,4.251999855041504,4.184999942779541,0.06699991226196289
2025-03-24,4.330999851226807,4.182000160217285,0.14899969100952148
2025-03-25,4.307000160217285,4.182000160217285,0.125
2025-03-26,4.3379998207092285,4.190000057220459,0.14799976348876953
2025-03-27,4.36899995803833,4.188000202178955,0.180999755859375
2025-03-28,4.255000114440918,4.188000202178955,0.06699991226196289
2025-03-31,4.245999813079834,4.192999839782715,0.05299997329711914
2025-04-01,4.156000137329102,4.199999809265137,-0.043999671936035156
2025-04-02,4.196000099182129,4.203000068664551,-0.006999969482421875
2025-04-03,4.054999828338623,4.184999942779541,-0.13000011444091797
2025-04-04,3.984999895095825,4.15500020980835,-0.17000031471252441
2025-04-07,4.15500020980835,4.150000095367432,0.005000114440917969
2025-04-08,4.26200008392334,4.177999973297119,0.0840001106262207
2025-04-09,4.400000095367432,4.228000164031982,0.17199993133544922
2025-04-10,4.394000053405762,4.197000026702881,0.19700002670288086
2025-04-11,4.493000030517578,4.2129998207092285,0.2800002098083496
2025-04-14,4.363999843597412,4.195000171661377,0.16899967193603516
2025-04-15,4.322999954223633,4.199999809265137,0.1230001449584961
2025-04-16,4.2789998054504395,4.208000183105469,0.0709996223449707
2025-04-17,4.333000183105469,4.204999923706055,0.12800025939941406
2025-04-21,4.40500020980835,4.210000038146973,0.19500017166137695
2025-04-22,4.388999938964844,4.2129998207092285,0.17600011825561523
2025-04-23,4.38700008392334,4.208000183105469,0.1789999008178711
2025-04-24,4.304999828338623,4.197000026702881,0.10799980163574219
2025-04-25,4.265999794006348,4.192999839782715,0.07299995422363281
2025-04-28,4.216000080108643,4.192999839782715,0.023000240325927734
2025-04-29,4.172999858856201,4.190000057220459,-0.017000198364257812
2025-04-30,4.177000045776367,4.190000057220459,-0.013000011444091797
2025-05-01,4.230999946594238,4.184999942779541,0.046000003814697266
2025-05-02,4.322000026702881,4.208000183105469,0.11399984359741211
2025-05-05,4.3429999351501465,4.208000183105469,0.13499975204467773
2025-05-06,4.308000087738037,4.210000038146973,0.09800004959106445
2025-05-07,4.275000095367432,4.215000152587891,0.059999942779541016
2025-05-08,4.373000144958496,4.215000152587891,0.15799999237060547
2025-05-09,4.375,4.215000152587891,0.15999984741210938
2025-05-12,4.456999778747559,4.28000020980835,0.17699956893920898
2025-05-13,4.499000072479248,4.284999847412109,0.21400022506713867
2025-05-14,4.5279998779296875,4.284999847412109,0.24300003051757812
2025-05-15,4.454999923706055,4.257999897003174,0.19700002670288086
2025-05-16,4.440999984741211,4.236999988555908,0.20399999618530273
2025-05-19,4.474999904632568,4.239999771118164,0.2350001335144043
2025-05-20,4.480999946594238,4.248000144958496,0.2329998016357422
2025-05-21,4.5960001945495605,4.235000133514404,0.36100006103515625
2025-05-22,4.552999973297119,4.23199987411499,0.3210000991821289
2025-05-23,4.508999824523926,4.230000019073486,0.27899980545043945
2025-05-27,4.434000015258789,4.203000068664551,0.23099994659423828
2025-05-28,4.4770002365112305,4.224999904632568,0.2520003318786621
2025-05-29,4.423999786376953,4.230000019073486,0.1939997673034668
2025-05-30,4.415999889373779,4.23199987411499,0.18400001525878906
2025-06-02,4.461999893188477,4.23199987411499,0.23000001907348633
2025-06-03,4.460000038146973,4.235000133514404,0.22499990463256836
2025-06-04,4.364999771118164,4.239999771118164,0.125
2025-06-05,4.394000053405762,4.23199987411499,0.16200017929077148
2025-06-06,4.510000228881836,4.23199987411499,0.2780003547668457
2025-06-09,4.48199987411499,4.239999771118164,0.24200010299682617
2025-06-10,4.473999977111816,4.25,0.2239999771118164
2025-06-11,4.4120001792907715,4.25,0.16200017929077148
2025-06-12,4.35699987411499,4.257999897003174,0.0989999771118164
2025-06-13,4.423999786376953,4.239999771118164,0.18400001525878906
2025-06-16,4.452000141143799,4.248000144958496,0.20399999618530273
2025-06-17,4.39300012588501,4.2179999351501465,0.17500019073486328
2025-06-18,4.396999835968018,4.2230000495910645,0.17399978637695312
2025-06-20,4.375,4.195000171661377,0.17999982833862305
2025-06-23,4.320000171661377,4.1579999923706055,0.16200017929077148
2025-06-24,4.293000221252441,4.182000160217285,0.11100006103515625
2025-06-25,4.293000221252441,4.188000202178955,0.10500001907348633
2025-06-26,4.252999782562256,4.192999839782715,0.059999942779541016
2025-06-27,4.2829999923706055,4.197000026702881,0.08599996566772461
2025-06-30,4.230000019073486,4.190000057220459,0.039999961853027344
2025-07-01,4.250999927520752,4.224999904632568,0.026000022888183594
2025-07-02,4.293000221252441,4.2230000495910645,0.07000017166137695
2025-07-03,4.3480000495910645,4.239999771118164,0.10800027847290039
2025-07-07,4.394999980926514,4.244999885559082,0.15000009536743164
2025-07-08,4.414999961853027,4.25,0.16499996185302734
2025-07-09,4.3420000076293945,4.244999885559082,0.0970001220703125
2025-07-10,4.3460001945495605,4.239999771118164,0.10600042343139648
2025-07-11,4.422999858856201,4.236999988555908,0.18599987030029297
2025-07-14,4.427000045776367,4.228000164031982,0.19899988174438477
2025-07-15,4.488999843597412,4.23199987411499,0.2569999694824219
2025-07-16,4.454999923706055,4.224999904632568,0.23000001907348633
2025-07-17,4.4629998207092285,4.235000133514404,0.22799968719482422
2025-07-18,4.432000160217285,4.230000019073486,0.20200014114379883
2025-07-21,4.372000217437744,4.2230000495910645,0.1490001678466797
2025-07-22,4.335999965667725,4.230000019073486,0.10599994659423828
2025-07-23,4.388000011444092,4.239999771118164,0.14800024032592773
2025-07-24,4.4079999923706055,4.244999885559082,0.16300010681152344
2025-07-25,4.386000156402588,4.244999885559082,0.14100027084350586
2025-07-28,4.420000076293945,4.235000133514404,0.18499994277954102
2025-07-29,4.329999923706055,4.230000019073486,0.09999990463256836
2025-07-30,4.375999927520752,4.23199987411499,0.14400005340576172
2025-07-31,4.360000133514404,4.235000133514404,0.125
2025-08-01,4.21999979019165,4.182000160217285,0.037999629974365234
2025-08-04,4.199999809265137,4.1529998779296875,0.04699993133544922
2025-08-05,4.196000099182129,4.150000095367432,0.046000003814697266
2025-08-06,4.21999979019165,4.132999897003174,0.08699989318847656
2025-08-07,4.24399995803833,4.138000011444092,0.10599994659423828
2025-08-08,4.284999847412109,4.132999897003174,0.15199995040893555
2025-08-11,4.2729997634887695,4.14300012588501,0.12999963760375977
2025-08-12,4.293000221252441,4.130000114440918,0.16300010681152344
2025-08-13,4.23799991607666,4.110000133514404,0.12799978256225586
2025-08-14,4.293000221252441,4.111999988555908,0.1810002326965332
2025-08-15,4.328000068664551,4.111999988555908,0.21600008010864258
2025-08-18,4.341000080108643,4.123000144958496,0.21799993515014648
2025-08-19,4.302000045776367,4.110000133514404,0.1919999122619629
2025-08-20,4.296000003814697,4.114999771118164,0.1810002326965332
2025-08-21,4.329999923706055,4.127999782562256,0.20200014114379883
2025-08-22,4.260000228881836,4.0879998207092285,0.17200040817260742
2025-08-25,4.275000095367432,4.0929999351501465,0.18200016021728516
2025-08-26,4.257999897003174,4.0879998207092285,0.1700000762939453
2025-08-27,4.23799991607666,4.059999942779541,0.17799997329711914
2025-08-28,4.206999778747559,4.072000026702881,0.13499975204467773
2025-08-29,4.2270002365112305,4.043000221252441,0.18400001525878906
2025-09-02,4.2769999504089355,4.0320000648498535,0.24499988555908203
2025-09-03,4.210999965667725,4.01800012588501,0.19299983978271484
2025-09-04,4.176000118255615,3.997999906539917,0.17800021171569824
2025-09-05,4.085999965667725,3.9100000858306885,0.17599987983703613
2025-09-08,4.046000003814697,3.927999973297119,0.11800003051757812
2025-09-09,4.073999881744385,3.943000078201294,0.13099980354309082
2025-09-10,4.0320000648498535,3.930000066757202,0.10199999809265137
2025-09-11,4.011000156402588,3.927999973297119,0.08300018310546875
2025-09-12,4.060999870300293,3.927999973297119,0.13299989700317383
2025-09-15,4.033999919891357,3.9000000953674316,0.13399982452392578
2025-09-16,4.026000022888184,3.890000104904175,0.1359999179840088
2025-09-17,4.076000213623047,3.868000030517578,0.20800018310546875
2025-09-18,4.104000091552734,3.880000114440918,0.2239999771118164
2025-09-19,4.138999938964844,3.878000020980835,0.2609999179840088
2025-09-22,4.14300012588501,3.8480000495910645,0.2950000762939453
2025-09-23,4.119999885559082,3.8450000286102295,0.27499985694885254
2025-09-24,4.146999835968018,3.8580000400543213,0.2889997959136963
2025-09-25,4.171999931335449,3.882999897003174,0.2890000343322754
2025-09-26,4.186999797821045,3.859999895095825,0.3269999027252197
2025-09-29,4.140999794006348,3.86299991607666,0.2779998779296875
2025-09-30,4.1479997634887695,3.8450000286102295,0.30299973487854004
2025-10-01,4.105999946594238,3.8450000286102295,0.2609999179840088
2025-10-02,4.0879998207092285,3.8480000495910645,0.23999977111816406
2025-10-03,4.11899995803833,3.8580000400543213,0.2609999179840088
2025-10-06,4.1620001792907715,3.859999895095825,0.3020002841949463
2025-10-07,4.126999855041504,3.8429999351501465,0.2839999198913574
2025-10-08,4.129000186920166,3.8429999351501465,0.28600025177001953
2025-10-09,4.1479997634887695,3.8529999256134033,0.2949998378753662
2025-10-10,4.051000118255615,3.8529999256134033,0.19800019264221191
2025-10-13,4.051000118255615,3.8529999256134033,0.19800019264221191
2025-10-14,4.021999835968018,3.8529999256134033,0.16899991035461426
2025-10-15,4.046000003814697,3.8580000400543213,0.18799996376037598
2025-10-16,3.9760000705718994,3.8529999256134033,0.1230001449584961
2025-10-17,4.006999969482422,3.8320000171661377,0.17499995231628418
2025-10-20,3.9860000610351562,3.7980000972747803,0.18799996376037598
2025-10-21,3.9630000591278076,3.7850000858306885,0.17799997329711914
2025-10-22,3.953000068664551,3.7880001068115234,0.16499996185302734
2025-10-23,3.990999937057495,3.7880001068115234,0.20299983024597168
2025-10-24,3.996999979019165,3.763000011444092,0.23399996757507324
2025-10-27,3.996999979019165,3.7179999351501465,0.27900004386901855
2025-10-28,3.9830000400543213,3.7200000286102295,0.2630000114440918
2025-10-29,4.058000087738037,3.7300000190734863,0.3280000686645508
2025-10-30,4.0929999351501465,3.756999969482422,0.3359999656677246
2025-10-31,4.10099983215332,3.7179999351501465,0.38299989700317383
2025-11-03,4.105999946594238,3.7829999923706055,0.3229999542236328
2025-11-04,4.089000225067139,3.7929999828338623,0.29600024223327637
2025-11-05,4.1570000648498535,3.7880001068115234,0.3689999580383301
2025-11-06,4.0929999351501465,3.763000011444092,0.3299999237060547
2025-11-07,4.0929999351501465,3.756999969482422,0.3359999656677246
2025-11-10,4.110000133514404,3.7829999923706055,0.32700014114379883
2025-11-11,4.119999885559082,3.7829999923706055,0.33699989318847656
2025-11-12,4.065000057220459,3.7780001163482666,0.2869999408721924
2025-11-13,4.111999988555908,3.7929999828338623,0.3190000057220459
2025-11-14,4.1479997634887695,3.7880001068115234,0.3599996566772461
2025-11-17,4.132999897003174,3.7720000743865967,0.36099982261657715
2025-11-18,4.123000144958496,3.7720000743865967,0.3510000705718994
2025-11-19,4.132999897003174,3.7720000743865967,0.36099982261657715
2025-11-20,4.105999946594238,3.7750000953674316,0.33099985122680664
2025-11-21,4.063000202178955,3.740000009536743,0.3230001926422119
2025-11-24,4.038000106811523,3.7300000190734863,0.3080000877380371
2025-11-25,4.001999855041504,3.7320001125335693,0.26999974250793457
2025-11-26,3.997999906539917,3.753000020980835,0.24499988555908203
2025-11-28,4.017000198364258,3.697000026702881,0.32000017166137695
2025-12-01,4.0960001945495605,3.693000078201294,0.4030001163482666
2025-12-02,4.085999965667725,3.671999931335449,0.4140000343322754
2025-12-03,4.057000160217285,3.634999990463257,0.4220001697540283
2025-12-04,4.107999801635742,3.611999988555908,0.495999813079834
2025-12-05,4.138999938964844,3.6029999256134033,0.5360000133514404
2025-12-08,4.171999931335449,3.618000030517578,0.5539999008178711
2025-12-09,4.185999870300293,3.631999969482422,0.5539999008178711
2025-12-10,4.164000034332275,3.5929999351501465,0.5710000991821289
2025-12-11,4.140999794006348,3.568000078201294,0.5729997158050537
2025-12-12,4.193999767303467,3.5250000953674316,0.6689996719360352
2025-12-15,4.182000160217285,3.5380001068115234,0.6440000534057617
2025-12-16,4.14900016784668,3.5450000762939453,0.6040000915527344
2025-12-17,4.151000022888184,3.5429999828338623,0.6080000400543213
2025-12-18,4.116000175476074,3.5220000743865967,0.5940001010894775
2025-12-19,4.151000022888184,3.5220000743865967,0.6289999485015869
2025-12-22,4.169000148773193,3.5280001163482666,0.6410000324249268
2025-12-23,4.169000148773193,3.546999931335449,0.6220002174377441
2025-12-24,4.136000156402588,3.555000066757202,0.5810000896453857
2025-12-26,4.136000156402588,3.5429999828338623,0.5930001735687256
2025-12-29,4.116000175476074,3.5380001068115234,0.5780000686645508
2025-12-30,4.130000114440918,3.5399999618530273,0.5900001525878906
2025-12-31,4.163000106811523,3.546999931335449,0.6160001754760742
2026-01-02,4.186999797821045,3.5329999923706055,0.6539998054504395
2026-01-05,4.164999961853027,3.515000104904175,0.6499998569488525
2026-01-06,4.178999900817871,3.5199999809265137,0.6589999198913574
2026-01-07,4.138000011444092,3.515000104904175,0.622999906539917
2026-01-08,4.183000087738037,3.506999969482422,0.6760001182556152
2026-01-09,4.171000003814697,3.513000011444092,0.6579999923706055
2026-01-12,4.186999797821045,3.5329999923706055,0.6539998054504395
2026-01-13,4.171000003814697,3.559999942779541,0.6110000610351562
2026-01-14,4.139999866485596,3.559999942779541,0.5799999237060547
2026-01-15,4.159999847412109,3.565000057220459,0.5949997901916504
2026-01-16,4.230999946594238,3.556999921798706,0.6740000247955322
2026-01-20,4.295000076293945,3.572000026702881,0.7230000495910645
2026-01-21,4.252999782562256,3.5880000591278076,0.6649997234344482
2026-01-22,4.249000072479248,3.5880000591278076,0.6610000133514404
2026-01-23,4.238999843597412,3.5820000171661377,0.6569998264312744
2026-01-26,4.2129998207092285,3.575000047683716,0.6379997730255127
2026-01-27,4.2230000495910645,3.569999933242798,0.6530001163482666
2026-01-28,4.250999927520752,3.5820000171661377,0.6689999103546143
2026-01-29,4.2270002365112305,3.5799999237060547,0.6470003128051758
2026-01-30,4.241000175476074,3.572000026702881,0.6690001487731934
2026-02-02,4.275000095367432,3.578000068664551,0.6970000267028809
2026-02-03,4.27400016784668,3.5899999141693115,0.6840002536773682
2026-02-04,4.275000095367432,3.5950000286102295,0.6800000667572021
2026-02-05,4.210000038146973,3.578000068664551,0.6319999694824219
2026-02-06,4.205999851226807,3.5899999141693115,0.6159999370574951
2026-02-09,4.197999954223633,3.5929999351501465,0.6050000190734863
2026-02-10,4.146999835968018,3.5899999141693115,0.556999921798706
2026-02-11,4.171999931335449,3.5999999046325684,0.5720000267028809
2026-02-12,4.104000091552734,3.5980000495910645,0.5060000419616699
2026-02-13,4.056000232696533,3.5929999351501465,0.4630002975463867
2026-02-17,4.052000045776367,3.5929999351501465,0.4590001106262207
2026-02-18,4.078999996185303,3.6029999256134033,0.4760000705718994
2026-02-19,4.074999809265137,3.5950000286102295,0.4799997806549072
2026-02-20,4.085999965667725,3.5950000286102295,0.4909999370574951
2026-02-23,4.0289998054504395,3.5880000591278076,0.44099974632263184
2026-02-24,4.0329999923706055,3.5880000591278076,0.44499993324279785
2026-02-25,4.047999858856201,3.5880000591278076,0.45999979972839355
2026-02-26,4.017000198364258,3.5880000591278076,0.4290001392364502
2026-02-27,3.9619998931884766,3.578000068664551,0.3839998245239258
2026-03-02,4.047999858856201,3.5899999141693115,0.45799994468688965
2026-03-03,4.056000232696533,3.5950000286102295,0.4610002040863037
2026-03-04,4.079999923706055,3.5950000286102295,0.4849998950958252
2026-03-05,4.145999908447266,3.5880000591278076,0.557999849319458
2026-03-06,4.132999897003174,3.569999933242798,0.562999963760376
2026-03-09,4.136000156402588,3.5929999351501465,0.5430002212524414
2026-03-10,4.136000156402588,3.5950000286102295,0.5410001277923584
2026-03-11,4.208000183105469,3.5999999046325684,0.6080002784729004
2026-03-12,4.2729997634887695,3.6050000190734863,0.6679997444152832
2026-03-13,4.284999847412109,3.6029999256134033,0.681999921798706
2026-03-16,4.21999979019165,3.6050000190734863,0.6149997711181641
2026-03-17,4.202000141143799,3.6050000190734863,0.5970001220703125
2026-03-18,4.258999824523926,3.609999895095825,0.6489999294281006
2026-03-19,4.281000137329102,3.611999988555908,0.6690001487731934
2026-03-20,4.390999794006348,3.618000030517578,0.7729997634887695
2026-03-23,4.334000110626221,3.611999988555908,0.7220001220703125
2026-03-24,4.392000198364258,3.619999885559082,0.7720003128051758
2026-03-25,4.328000068664551,3.619999885559082,0.7080001831054688
2026-03-26,4.415999889373779,3.619999885559082,0.7960000038146973
2026-03-27,4.440000057220459,3.6070001125335693,0.8329999446868896
2026-03-30,4.3420000076293945,3.5980000495910645,0.7439999580383301
2026-03-31,4.310999870300293,3.5999999046325684,0.7109999656677246
2026-04-01,4.318999767303467,3.6050000190734863,0.7139997482299805
2026-04-02,4.313000202178955,3.6070001125335693,0.7060000896453857
2026-04-06,4.335000038146973,3.622999906539917,0.7120001316070557
2026-04-07,4.3429999351501465,3.615000009536743,0.7279999256134033
2026-04-08,4.290999889373779,3.5999999046325684,0.6909999847412109
2026-04-09,4.293000221252441,3.5880000591278076,0.7050001621246338
2026-04-10,4.316999912261963,3.5929999351501465,0.7239999771118164
2026-04-13,4.296999931335449,3.6029999256134033,0.6940000057220459
2026-04-14,4.25600004196167,3.611999988555908,0.6440000534057617
2026-04-15,4.2820000648498535,3.611999988555908,0.6700000762939453
2026-04-16,4.309000015258789,3.609999895095825,0.6990001201629639
2026-04-17,4.245999813079834,3.5999999046325684,0.6459999084472656
2026-04-20,4.25,3.5980000495910645,0.6519999504089355
2026-04-21,4.291999816894531,3.5980000495910645,0.6939997673034668
2026-04-22,4.294000148773193,3.5950000286102295,0.6990001201629639
2026-04-23,4.322999954223633,3.5950000286102295,0.7279999256134033
2026-04-24,4.309999942779541,3.5929999351501465,0.7170000076293945
2026-04-27,4.335999965667725,3.5899999141693115,0.7460000514984131
2026-04-28,4.354000091552734,3.5899999141693115,0.7640001773834229
2026-04-29,4.418000221252441,3.5899999141693115,0.8280003070831299
2026-04-30,4.389999866485596,3.5850000381469727,0.804999828338623
2026-05-01,4.377999782562256,3.575000047683716,0.80299973487854
2026-05-04,4.446000099182129,3.5899999141693115,0.8560001850128174
2026-05-05,4.415999889373779,3.5999999046325684,0.8159999847412109
2026-05-06,4.355999946594238,3.5999999046325684,0.7560000419616699
2026-05-07,4.392000198364258,3.5980000495910645,0.7940001487731934
2026-05-08,4.363999843597412,3.5950000286102295,0.7689998149871826
2026-05-11,4.409999847412109,3.5999999046325684,0.809999942779541
2026-05-12,4.4629998207092285,3.6029999256134033,0.8599998950958252
2026-05-13,4.480999946594238,3.5999999046325684,0.8810000419616699
2026-05-14,4.460999965667725,3.5880000591278076,0.872999906539917
2026-05-15,4.59499979019165,3.5880000591278076,1.0069997310638428
2026-05-18,4.623000144958496,3.568000078201294,1.0550000667572021
2026-05-19,4.666999816894531,3.575000047683716,1.0919997692108154
2026-05-20,4.572000026702881,3.556999921798706,1.0150001049041748
2026-05-21,4.585999965667725,3.5820000171661377,1.003999948501587
2026-05-22,4.558000087738037,3.5850000381469727,0.9730000495910645
2026-05-26,4.493000030517578,3.5820000171661377,0.9110000133514404
2026-05-27,4.480999946594238,3.5850000381469727,0.8959999084472656
2026-05-28,4.454999923706055,3.5899999141693115,0.8650000095367432
2026-05-29,4.453000068664551,3.5880000591278076,0.8650000095367432
2026-06-01,4.474999904632568,3.619999885559082,0.8550000190734863
2026-06-02,4.454999923706055,3.618000030517578,0.8369998931884766
2026-06-03,4.491000175476074,3.622999906539917,0.8680002689361572
2026-06-04,4.4770002365112305,3.619999885559082,0.8570003509521484
2026-06-05,4.535999774932861,3.625,0.9109997749328613
