Date,Open,High,Low,Close,Volume
2011-06-13,98.09212980495815,98.39039795084685,97.48794980115926,98.00035858154297,1835500
2011-06-14,98.85690704364552,99.56816893320725,98.8492633327124,99.23165893554688,1600500
2011-06-15,98.40568723555668,98.70395535171389,97.21261477092787,97.47264099121094,3986300
2011-06-16,97.51086641968733,98.19153004006075,96.93727308780682,97.64852905273438,3325900
2011-06-17,98.61981803426914,98.63511712505391,97.6485358256033,97.96209716796875,2377000
2011-06-20,97.61028191860788,98.67334687134174,97.61028191860788,98.4974365234375,1636400
2011-06-21,98.95633337236191,100.0040935870185,98.85690678155649,99.80525207519531,3154300
2011-06-22,99.51464352603197,100.0805933079483,99.14754695738355,99.20108795166016,3310300
2011-06-23,98.03695829488085,98.98206793693736,97.30700442805544,98.92827606201172,5491400
2011-06-24,98.9129212835999,98.98208395176181,97.64510708474907,97.80646514892578,4906600
2011-06-27,97.84486297452163,99.02816695905801,97.66814001949601,98.62860870361328,3325900
2011-06-28,99.03587982163621,99.94256866134512,98.90525744356738,99.91182708740234,3252800
2011-06-29,100.35743985825978,100.94140052479354,100.0270325752757,100.8261489868164,3734000
2011-06-30,101.1028128682444,101.90960919424886,101.00292033779873,101.74824523925781,3940200
2011-07-01,101.76360189145285,103.38487384965548,101.6022379588754,103.231201171875,4446100
2011-07-05,103.14666365839345,103.38485803117915,102.85467740815449,103.19276428222656,3695200
2011-07-06,102.91614119790161,103.42327147147685,102.6472052794832,103.28495788574219,3020500
2011-07-07,104.22239923900442,104.62963710851652,104.01493467687462,104.42217254638672,3054900
2011-07-08,103.20811870006337,103.65376580943514,102.84698157133752,103.6153564453125,3097200
2011-07-11,102.35526354180266,102.67797971253157,101.52541693515336,101.80203247070312,4656300
2011-07-12,101.53303032621066,102.37824716882568,101.28715652392908,101.31788635253906,2430900
2011-07-13,101.87883516241912,102.70868154269003,101.4254967408597,101.67906188964844,2480300
2011-07-14,101.90188751237606,102.37059672567078,100.78006659168504,100.97216033935547,2537000
2011-07-15,101.51004843844942,101.66372113400473,100.83387450863589,101.54846954345703,3238400
2011-07-18,101.04895858510822,101.21032244046947,99.96555910427871,100.6724624633789,2267100
2011-07-19,101.24107918179588,102.45511300961978,101.24107918179588,102.35523223876953,2004600
2011-07-20,102.60111843416033,102.67026937407621,102.1093588761928,102.30145263671875,2284100
2011-07-21,102.85466542065235,103.945756380602,102.66257169408789,103.69988250732422,3815700
2011-07-22,103.71530447070114,103.87666845765513,103.14671419886214,103.76909637451172,1832600
2011-07-25,102.79318456321654,103.69218171388503,102.68561255521698,103.22347259521484,2483200
2011-07-26,103.13130224121578,103.28497490943883,102.57807125603438,102.80858612060547,2279700
2011-07-27,102.23229711517388,102.25534742744615,100.58028381400354,100.71859741210938,3551400
2011-07-28,100.69555399837387,101.59455141199851,100.25757458625078,100.41124725341797,3922800
2011-07-29,99.41231844822643,100.65708166044216,98.98971003529302,99.74271392822266,4962800
2011-08-01,100.89530406576525,101.01056733296018,98.35198507756532,99.27403259277344,5483200
2011-08-02,98.58253731073343,99.08197648476111,96.76917142850908,96.80758666992188,6136400
2011-08-03,96.89205827550545,97.37613813718642,95.24773672054592,97.31466674804688,6865000
2011-08-04,95.93929573976577,96.06991807298647,92.58149513237763,92.71980285644531,9629400
2011-08-05,93.89542928669037,94.12594414786543,90.12271081859602,92.53540802001953,15956400
2011-08-08,90.13037600640538,91.23683185020124,86.41143852904298,86.54206085205078,17154500
2011-08-09,87.97895042774664,90.99866485595703,85.02839280806099,90.99866485595703,12599000
2011-08-10,88.86255040186116,89.63861062280878,86.33459650371272,86.51900482177734,14654300
2011-08-11,87.31045648176492,91.67482708326595,87.02616145968884,90.49921417236328,11759500
2011-08-12,91.29833050445514,91.9053475459455,90.45311905434032,91.11392211914062,5796900
2011-08-15,91.90533830182487,93.0886365578606,91.75934516942368,92.99642944335938,4020200
2011-08-16,92.15891386616933,93.05022595794864,91.22918067345461,92.21269989013672,5599600
2011-08-17,92.7044441437538,93.44976882545103,91.5441962620735,92.30488586425781,3128800
2011-08-18,89.85378603506048,89.93830776500664,87.44108869097533,88.24787902832031,6622500
2011-08-19,87.08762431566473,89.33896341983431,86.74954328401299,86.91858673095703,7599100
2011-08-22,88.83183894123854,88.84720386267149,86.6957572656432,86.91858673095703,4998800
2011-08-23,87.24898000408405,89.85377067790266,86.81100650659869,89.76924896240234,6578300
2011-08-24,89.57713318211175,91.16766874085117,89.38503948727735,91.06009674072266,4311700
2011-08-25,91.55188590947316,92.0513308509432,89.33896207335631,89.63863372802734,4785300
2011-08-26,89.20063666752932,91.3674594486694,87.80219462571456,90.99095153808594,5798600
2011-08-29,92.15892842218088,93.62652208636818,92.12050731517706,93.5804214477539,3258700
2011-08-30,93.18853235971658,94.4025664398916,92.48931405830334,93.77249908447266,3501200
2011-08-31,94.42559899029463,95.2400745773691,93.5496519990768,94.23350524902344,4543000
2011-09-01,94.27960243373771,95.1401844736622,93.13472541892762,93.27303314208984,2941800
2011-09-02,91.32907041597979,91.80546511739257,90.54532448340512,90.83731079101562,2806300
2011-09-06,88.19408000108626,90.32248199626763,88.19408000108626,90.19953918457031,4772700
2011-09-07,91.57495341404346,92.7889875951346,91.27528756535148,92.7275161743164,2464800
2011-09-08,92.19731762622861,93.24999352108809,91.57493573177334,91.78239440917969,4173500
2011-09-09,90.74512182610776,91.04478772435509,88.88565500564019,89.33131408691406,5141100
2011-09-12,88.2324883100044,90.01511778565273,87.94050210565139,89.94596099853516,4429900
2011-09-13,90.2302673466922,91.1138996796522,89.59251475434202,90.6759262084961,4040800
2011-09-14,91.24453527952707,93.11937223823885,89.99208608462158,91.9514389038086,3469800
2011-09-15,93.00409005386558,93.64952209668769,92.20497952782296,93.6111068725586,3066000
2011-09-16,93.99530899012497,94.51011879941287,93.25766974198807,94.16435241699219,4447600
2011-09-19,92.62762564077565,93.72640232746845,92.02828810620377,93.25000762939453,4101900
2011-09-20,93.64956536926604,94.54088339709159,93.01181842148044,93.14244079589844,2426100
2011-09-21,93.18851866915115,93.4651341369638,90.25332641601562,90.25332641601562,6616000
2011-09-22,87.77919103907159,88.52451600451643,86.28854697042013,87.4948959350586,8307100
2011-09-23,86.94160567787723,88.4706698160876,86.84171320677464,87.90975952148438,5883800
2011-09-26,88.8524010181077,90.21995277054631,87.5775610419522,90.08087921142578,4215200
2011-09-27,91.87339103433683,92.66147065384837,90.58309508769415,91.10076141357422,4106300
2011-09-28,91.30933158536396,91.83471974903894,89.13824512260261,89.20777893066406,2069600
2011-09-29,90.75305304308631,91.17800159169084,88.32699708033181,89.98815155029297,3782600
2011-09-30,88.73647983152611,89.48593124555354,87.65479756060077,87.8402328491211,4454800
2011-10-03,87.2066956507849,88.32700609184894,85.1437703617297,85.19013214111328,4839200
2011-10-04,83.98481314036722,87.28394396832812,83.28945139845565,86.9671630859375,5900000
2011-10-05,87.27624202593742,88.92194101062732,86.51134034513183,88.69788360595703,3930300
2011-10-06,88.63607123983041,90.42084378157269,88.02569313066792,90.32040405273438,3808100
2011-10-07,90.81485081937214,90.89211257229657,89.2232363092922,89.67908477783203,3135400
2011-10-10,91.208920861029,92.71554612772628,91.208920861029,92.7000961303711,1717800
2011-10-11,92.13607505905982,93.03232817839645,92.07426327951335,92.77735900878906,1447800
2011-10-12,93.4727330101095,94.67030537133684,93.29502560576555,93.54226684570312,3990200
2011-10-13,93.07867286423422,93.696772901227,92.33694928302587,93.38772583007812,1850400
2011-10-14,94.48488061297604,95.03344695715376,93.99039810851453,94.98709106445312,3727400
2011-10-17,94.56210939423158,94.62392115938935,92.97821680655643,93.2254638671875,3189800
2011-10-18,93.1173010197881,95.75197033880261,92.429661263883,95.07978057861328,8110200
2011-10-19,94.88662456514888,95.4042907967862,93.58088475216746,93.88220977783203,5173900
2011-10-20,94.14490047129487,94.63938286435734,92.9009665433641,94.33032989501953,2339300
2011-10-21,95.43517846162706,96.20780784193222,95.14930936351855,96.0610122680664,4560300
2011-10-24,96.23100652191027,97.52129637136593,96.16919474722256,97.31268310546875,4167600
2011-10-25,96.81822717740287,96.84913307319957,95.18797801598258,95.41976928710938,5160000
2011-10-26,96.41640392395263,96.72545680003557,94.74752192992068,96.385498046875,4547300
2011-10-27,98.95066525690586,100.32594481726393,98.1548519241177,99.71556091308594,5532900
2011-10-28,99.22107201297655,99.87781175764965,98.7729455196945,99.70783233642578,3718900
2011-10-31,98.57980194598898,98.65706961713032,97.18134433982705,97.1968002319336,5341200
2011-11-01,94.58530504913217,95.74424933679586,94.22216822917962,94.6162109375,18865300
2011-11-02,95.99923893124443,96.43963761852143,95.19570334670985,96.10740661621094,4202300
2011-11-03,97.14269103898208,98.0621159596438,95.82148965948157,97.86123657226562,3129800
2011-11-04,97.1195476387485,97.43632863446076,96.14603849394238,97.25862121582031,2511900
2011-11-07,97.2199824867205,97.97715618203944,96.30055139056583,97.8535385131836,2145300
2011-11-08,98.38661993083191,99.23651694308732,97.46719500028304,99.12834930419922,5425400
2011-11-09,96.84137511810772,97.26632368526577,95.27293823427992,95.47382354736328,4162000
2011-11-10,96.7332166578485,96.85684021447905,95.38111495435392,96.40098571777344,4359200
2011-11-11,97.55221163882703,98.45618682544904,97.5290336947643,98.20121765136719,1880400
2011-11-14,97.84582141842317,97.9539891011794,96.8491284318579,97.25862121582031,2788600
2011-11-15,97.06545966903651,98.25531002344566,96.69460074241591,97.7994613647461,2927000
2011-11-16,96.77959109863606,97.93080762054403,96.04558939819283,96.17694091796875,5489700
2011-11-17,96.01467703155299,96.24646826758031,93.99811921477774,94.64712524414062,5357200
2011-11-18,94.94071154623794,95.12614687180202,94.16035998959653,94.52349090576172,2507200
2011-11-21,93.15596101006649,93.27958458928732,92.00474442838183,92.75419616699219,4396000
2011-11-22,92.56871490466375,93.08638101763283,91.88107529658014,92.38328552246094,3448400
2011-11-23,91.52569680544607,91.6184144745696,90.34357452392578,90.34357452392578,4129100
2011-11-25,90.19676860907961,91.21663934076366,90.1195068359375,90.1195068359375,1583100
2011-11-28,92.62279829659902,93.14818645601629,92.11286602419933,92.74642181396484,3976400
2011-11-29,93.04776842987017,93.68132436712187,92.73098751389676,93.07867431640625,3620000
2011-11-30,95.72107642353336,97.06545021734406,95.52791903210728,96.88774871826172,5153700
2011-12-01,96.79503026153469,97.39768037473439,96.46279931519439,96.85684204101562,3207900
2011-12-02,97.77625642366235,98.06985348406926,96.72547993051847,96.84136962890625,4746100
2011-12-05,98.34800437258173,98.59524556324432,97.26632195292228,97.83806610107422,5694700
2011-12-06,97.83807467731171,98.54117037486516,97.50584374560869,97.89215850830078,3054600
2011-12-07,97.55993369038406,98.64934421889967,96.89547768003402,98.20121765136719,4539300
2011-12-08,97.57538224882857,97.81489551240216,95.86787172643005,96.12284088134766,3763300
2011-12-09,96.52459634272118,97.96168757519405,96.4473345775259,97.70671844482422,2608800
2011-12-12,96.86457456687693,96.88775251160419,95.49701688100811,96.30055236816406,2895600
2011-12-13,96.82596222912255,97.34362275862988,94.94074371008416,95.41204833984375,4534400
2011-12-14,95.04889939506738,95.36568038917287,94.16810204297902,94.36125946044922,3879700
2011-12-15,95.40427457178656,95.49698632102695,94.56983346045833,94.71662902832031,5157900
2011-12-16,95.36566712056147,95.89878340490749,94.63167139417716,94.86345672607422,6701800
2011-12-19,95.21111778652902,95.41972511822327,93.64267524802241,93.85901641845703,4096100
2011-12-20,95.29610151958818,96.81818228735098,95.29610151958818,96.67138671875,5738100
2011-12-21,96.6173203651304,97.01135716200301,95.7442452662704,96.825927734375,4692700
2011-12-22,97.18355496744273,97.80547639592346,97.00474892393196,97.7977066040039,2249200
2011-12-23,98.06200525597836,98.62173859853849,97.84433249634672,98.5750961303711,2041600
2011-12-27,98.4351620106547,98.92492571592472,98.33409542224658,98.63728332519531,2287700
2011-12-28,98.67614841974842,98.7072453729353,97.30791213521205,97.44784545898438,2126200
2011-12-29,97.71218414715972,99.54686319678088,97.65776595209208,98.37297821044922,1470500
2011-12-30,98.30300835830387,98.54400830548776,97.92208099365234,97.92208099365234,2177300
2012-01-03,99.68678532753532,100.14546396232164,99.4069245757005,99.5235366821289,7948100
2012-01-04,99.24366512171439,99.71010166222823,98.84718635179847,99.60904693603516,2542500
2012-01-05,99.09593937932436,100.0365939547826,98.63726677545093,99.93553924560547,3389700
2012-01-06,99.98998055747853,100.01330179424198,99.30586524415008,99.7178955078125,2787300
2012-01-09,99.87337278750297,100.00553041448937,99.39137882120508,99.84226989746094,3002500
2012-01-10,100.9228610079754,101.14053375709801,100.604121674519,100.74404907226562,4025500
2012-01-11,100.44867142430918,100.93065952565613,100.26985943770494,100.82182312011719,2978000
2012-01-12,101.07834135995498,101.17939608352474,100.27761405036391,101.06278991699219,5764200
2012-01-13,100.32425716029782,100.67408752441406,99.64013601285244,100.67408752441406,4881200
2012-01-17,101.47482218842251,101.65362227862694,100.68186460666068,100.86844635009766,3309600
2012-01-18,100.89955136855097,102.05789094458818,100.70519980720582,101.99569702148438,2969700
2012-01-19,102.33773680002146,102.64092469940661,102.05010034381068,102.57096099853516,4398700
2012-01-20,102.36881838572836,102.61759400447941,102.12005462925171,102.5476303100586,2370900
2012-01-23,102.60205749690901,103.16179085829609,102.18226340700677,102.64093017578125,4036200
2012-01-24,102.05786072456395,102.57872133126527,101.8868304522412,102.5476303100586,2245500
2012-01-25,102.3921753190573,103.6515695609499,102.00347222096431,103.40279388427734,3363600
2012-01-26,103.88477575988394,104.0558060423395,102.4776726869974,102.8741455078125,3386600
2012-01-27,102.39991122614839,102.99851712056864,102.32994753858938,102.81193542480469,2288700
2012-01-30,101.8168485355655,102.53983030640354,101.45923661318159,102.45431518554688,4161600
2012-01-31,103.00630008364136,103.11513645452177,101.94125760700635,102.43879699707031,4039500
2012-02-01,103.21621214866015,103.8459091973711,103.08405453394218,103.30172729492188,6827000
2012-02-02,103.52716064453125,103.7759362705532,103.13845762557803,103.52716064453125,4428500
2012-02-03,104.53778836287584,105.01977629890766,104.35898829987605,104.98090362548828,6106000
2012-02-06,104.52225335623763,104.91873808027472,104.40564717991869,104.84876251220703,2483700
2012-02-07,104.68550105494371,105.3229678446074,104.26569514701468,105.12861633300781,2212800
2012-02-08,105.22193292791461,105.48624818648877,104.77103591267081,105.43960571289062,2692700
2012-02-09,105.649469943612,105.76608796019116,104.98090031362341,105.58728790283203,4540000
2012-02-10,104.67770969152441,104.90316406693813,104.42117615881384,104.85652160644531,2316800
2012-02-13,105.55618502016794,105.71944549846913,105.1130697715346,105.58728790283203,2039300
2012-02-14,105.25302271320012,105.51733796865275,104.73993178512598,105.47069549560547,3426800
2012-02-15,105.81272364796642,106.06926903328807,104.77100252861669,105.00422668457031,6286600
2012-02-16,104.98868951252189,106.22476228610685,104.80210778994729,106.13147735595703,3282700
2012-02-17,106.5046677285936,106.55131021065604,106.06932207963848,106.3880615234375,3421400
2012-02-21,106.68345496368374,106.91667920807356,106.13150317631495,106.46578216552734,3343700
2012-02-22,106.28696964851054,106.52019386568392,105.93713925388867,106.10816955566406,3120800
2012-02-23,106.06150843495199,106.6678961057073,105.70390827214383,106.61347198486328,7394300
2012-02-24,106.80783354937738,107.03327611996701,106.59793056139614,106.79228210449219,2198600
2012-02-27,106.12370350453624,107.28204287556855,105.9371336305222,107.02549743652344,3529300
2012-02-28,107.04885639062603,107.39091709654839,106.82341375932992,107.32095336914062,2770400
2012-02-29,107.47640767377484,107.80291685589279,106.66012878734135,106.75342559814453,4909900
2012-03-01,107.10328230598768,107.65523420327938,106.97889443590384,107.44534301757812,8581300
2012-03-02,107.41420722211093,107.51527381838629,106.88557672957394,107.16544342041016,2574000
2012-03-05,106.91662624394122,107.03323237723312,106.33357185293787,106.72227478027344,2560000
2012-03-06,105.59507945034336,105.64172192167612,104.82544308652324,105.07421875,4195300
2012-03-07,105.37739466419474,106.03041291297029,105.26077663687936,105.85938262939453,2556000
2012-03-08,106.51243514743527,107.126592780313,106.28699253506532,106.90113830566406,2587000
2012-03-09,107.13437156710663,107.60082014105166,106.9944441122911,107.32095336914062,2609700
2012-03-12,107.31313083236219,107.46862153929611,106.95553067587532,107.33646392822266,2607600
2012-03-13,107.92729228166058,109.31107421625968,107.74071054379212,109.27220153808594,3898600
2012-03-14,109.32664526461616,109.57540909744029,108.82910573668988,109.13229370117188,2524000
2012-03-15,109.31108296627875,109.82417388978149,109.04676771318105,109.7853012084961,2929300
2012-03-16,109.97961822703235,110.07290314301112,109.71530305691041,109.93297576904297,2734500
2012-03-19,109.89416421518656,110.71044327077587,109.79309759182149,110.3839340209961,3033500
2012-03-20,109.74640320003944,110.18953031233013,109.43544554607253,110.04959106445312,2766900
2012-03-21,110.09624454955161,110.22063236850218,109.65312925516875,109.84748077392578,2712800
2012-03-22,109.07010069720741,109.34218577095716,108.73580983687948,109.09342193603516,6018200
2012-03-23,109.20225272518286,109.55208315189651,108.58032537642666,109.46656799316406,2874200
2012-03-26,110.20215999198395,110.93621826171875,110.19435517140937,110.93621826171875,2298800
2012-03-27,111.068953397861,111.14704925376017,110.5691709010683,110.63164520263672,2273800
2012-03-28,110.58481569594129,110.74881226149328,109.42907066342045,110.10845947265625,3458600
2012-03-29,109.41344477099182,110.03817597746404,109.00736769942138,109.88199615478516,3240500
2012-03-30,110.44426569841578,110.54578796782826,109.75707194263093,110.27247619628906,2182200
2012-04-02,110.20217930013601,111.44383710292351,110.01476824745765,111.1392822265625,3088000
2012-04-03,110.99088342875037,111.17829444129143,110.0537807030205,110.71755981445312,3087100
2012-04-04,109.85855557258773,109.9756993739738,109.21040991776185,109.53839111328125,4599300
2012-04-05,109.25731180490241,109.86642171560541,109.1401679508369,109.5618667602539,2419700
2012-04-09,108.18740636963368,108.75747998779144,108.02342172992198,108.30455017089844,2505000
2012-04-10,108.10152988409193,108.41390150831053,106.39914921619713,106.51628112792969,5502200
2012-04-11,107.60953710450778,107.79694811654524,107.18003367566173,107.25031280517578,4425000
2012-04-12,107.47678671323064,108.85118580875292,107.40649566596738,108.7809066772461,3273400
2012-04-13,108.50756540639735,108.51538214135317,107.37524700297146,107.44552612304688,2475300
2012-04-16,108.03125668070702,108.16401015989408,107.03169125973166,107.35967254638672,3727200
2012-04-17,108.0156600015296,109.20263663407127,107.9219425399786,108.96055603027344,2321900
2012-04-18,108.53102321339799,108.9839530891005,108.45293925150594,108.6325454711914,2619400
2012-04-19,108.63256327789162,109.03864045987018,107.42214847045702,107.98440551757812,3737000
2012-04-20,108.4060723343234,108.80433266050996,108.06246958274767,108.07807922363281,1830600
2012-04-23,107.01600730022031,107.28933083761092,106.53965125111996,107.20343017578125,2467600
2012-04-24,107.32059427733624,107.87504633681418,107.23470550544832,107.60172271728516,2274300
2012-04-25,108.67157091362225,109.11668395996094,108.57785349669135,109.11668395996094,3061800
2012-04-26,108.8589933845482,109.96789753880876,108.78871425126256,109.84294891357422,2448100
2012-04-27,110.19440315639906,110.33496148248827,109.57748842118232,110.03822326660156,3280500
2012-04-30,109.81168757283463,109.88978342958303,109.32752662510782,109.54618072509766,4696400
2012-05-01,109.53060102098146,111.0221442781924,109.43689548968337,110.27247619628906,7853100
2012-05-02,109.62427764352425,110.07720740239105,109.2884797551597,109.98348999023438,2097600
2012-05-03,109.99131168508652,110.06159081055684,108.9292723202096,109.16353607177734,2236100
2012-05-04,108.57004447573419,108.66374997328367,107.31277741534018,107.36744689941406,2153100
2012-05-07,106.97700600091976,107.79695304760351,106.92233650940396,107.41431427001953,1929300
2012-05-08,106.78961253437237,107.18006815607026,105.73537758948409,106.97703552246094,3123600
2012-05-09,105.8759427992512,107.0473096089137,105.39178166430038,106.33667755126953,4400000
2012-05-10,107.10197072639822,107.22691938332845,106.36792417739261,106.58657836914062,2350600
2012-05-11,105.93056782977379,107.25812600530745,105.89153181405693,106.2273178100586,3111800
2012-05-14,105.2590046812871,105.80565199820214,104.9232186190614,105.12625122070312,4576900
2012-05-15,105.01691051624937,105.63383689418606,104.32971692212901,104.50932312011719,4584100
2012-05-16,104.94662972748594,105.4229859182654,104.07201321290977,104.11886596679688,5452300
2012-05-17,104.10327217988538,104.22822083408538,102.49459698327887,102.57269287109375,3900400
2012-05-18,102.94750623297608,103.11930761904162,101.5184375665712,101.69023895263672,3863700
2012-05-21,101.97139039687467,103.44731215295678,101.82301535584762,103.41606903076172,3576300
2012-05-22,103.66594411425527,104.39218568679166,102.90845942622386,103.59566497802734,2705400
2012-05-23,102.85379705243281,103.78307116933269,101.87765826447537,103.65813446044922,2535700
2012-05-24,103.94705534417716,104.07200395393068,102.97872149222025,103.7362060546875,2878700
2012-05-25,103.81431286674275,104.08762457418726,103.27548235662194,103.51756286621094,2333500
2012-05-29,104.36877597165532,104.93884972076405,104.03298987889407,104.75923156738281,2142000
2012-05-30,103.87679532237941,103.90802652268351,103.03340992507876,103.2286376953125,2277100
2012-05-31,103.19738327284428,103.7752616990959,102.14316057853824,102.96311950683594,8630500
2012-06-01,101.42469992718098,101.74486430365992,100.44074467941871,100.5500717163086,7951400
2012-06-04,100.60479239872927,100.87029934977838,99.62084260803024,100.42518615722656,3283300
2012-06-05,100.17524990710383,101.26852040744139,100.12059233996435,100.99520874023438,3381900
2012-06-06,101.83862999877651,103.4629266855429,101.81520361660154,103.36140441894531,5162000
2012-06-07,104.58742674996024,104.62647469141466,103.26769688856746,103.49415588378906,2530300
2012-06-08,103.20521052250037,104.31410281900976,102.87722930092075,104.26725006103516,2502700
2012-06-11,105.17307141100716,105.20431451897382,102.88500825625557,103.50192260742188,4924000
2012-06-12,103.25986123226185,104.22819519042969,102.78350503161366,104.22819519042969,3935700
2012-06-13,103.83778090949534,104.49374356947826,103.15839186278168,103.52542114257812,2060000
2012-06-14,103.72060254080796,105.0091008971908,103.43165737421901,104.57959747314453,3932300
2012-06-15,105.07159800277311,105.74318207087782,104.8529438332282,105.57918548583984,4882500
2012-06-18,105.23558280889694,106.11801622583835,105.001318995336,105.8212661743164,3275400
2012-06-19,106.4089409744481,107.3190926162092,106.28341231216791,106.9189453125,2559400
2012-06-20,106.93462297892644,107.20924160511706,105.92248010348912,106.69924926757812,3535500
2012-06-21,106.85616511656845,106.95816836919155,104.25125106659941,104.36894989013672,5056500
2012-06-22,104.88679661569286,105.3261888486164,104.47880750058516,105.10649871826172,3741500
2012-06-25,104.02372542070792,104.06295836424702,103.08219463683676,103.39603424072266,3519100
2012-06-26,103.7255513183702,104.2747765154481,103.15278875371833,103.92955780029297,2464600
2012-06-27,104.30616279255005,105.09077360101249,104.23555069311902,104.91031646728516,3231000
2012-06-28,104.15707507235027,104.75337492096108,103.42739283545322,104.65922546386719,3714200
2012-06-29,106.53448148083514,107.30339691481235,106.2284836672575,107.2955551147461,5740800
2012-07-02,107.4995339200976,107.64077010609907,106.76985153776161,107.5230712890625,9686500
2012-07-03,107.53090612571744,108.31551687895549,107.41320732940575,108.25274658203125,2943800
2012-07-05,107.86830604856802,108.23707413915248,107.37400930952637,107.75846099853516,3758000
2012-07-06,106.71496721347553,106.95035297279684,106.23635389266848,106.66789245605469,4103500
2012-07-09,106.66787355431696,106.78557239922968,106.11864819470233,106.5815658569336,3731900
2012-07-10,107.14646356031768,107.30338334729858,105.3104769109953,105.67924499511719,2495100
2012-07-11,105.72631469359968,106.03231245389863,105.08292803377476,105.64000701904297,6654000
2012-07-12,105.04372701878579,105.64002708302414,104.4552687547377,105.15357208251953,2533000
2012-07-13,105.43601526322075,107.04445801046845,105.42031969319633,106.94246673583984,3820100
2012-07-16,106.6521427970602,106.99737347270545,106.299070323227,106.69137573242188,2674200
2012-07-17,107.13077048396984,107.6407747687961,106.00094080807746,107.4132308959961,6099000
2012-07-18,107.17784176451065,108.41751631257773,107.1150714628523,108.28413391113281,3208000
2012-07-19,108.4253836776976,108.85692207307487,108.09584853183107,108.50383758544922,3149300
2012-07-20,107.884028882892,108.05664428688186,107.39757382012903,107.49956512451172,3181500
2012-07-23,105.92248558670309,106.70709659104904,105.44387239516351,106.44817352294922,4559800
2012-07-24,106.48738572663756,106.54230226069427,104.80831898326429,105.56153869628906,2750100
2012-07-25,105.7263028428726,106.00092140537461,104.97307122460533,105.52230834960938,3134700
2012-07-26,107.04446189665501,107.48385406780635,106.55800695814595,107.23277282714844,5517200
2012-07-27,107.82122224197859,109.54736372828884,107.65646066689067,109.31983184814453,6071600
2012-07-30,109.11587749097966,109.75141060176361,108.91972470507271,109.24925994873047,2410900
2012-07-31,109.09230450295414,109.39830230377349,108.61369133016353,108.62938690185547,4953800
2012-08-01,109.27275875083305,109.28844234817366,108.2527622297432,108.40184020996094,3811400
2012-08-02,107.60937241005772,108.35476228924128,106.82476156646354,107.64860534667969,2773400
2012-08-03,109.17860942894227,109.99461152530783,109.10799731643363,109.7435302734375,15986900
2012-08-06,110.06524988115686,110.41048069868695,109.93970922528847,110.00247955322266,2727400
2012-08-07,110.44969473290473,111.00676184305819,110.4183035882062,110.55953979492188,2064900
2012-08-08,110.15154788161071,110.80277650781431,110.1358523079559,110.71646881103516,2544300
2012-08-09,110.50457273834775,110.9753439669292,110.41042328151534,110.78703308105469,1429400
2012-08-10,110.34766736346835,110.99889579323064,110.14367285634967,110.92828369140625,2340100
2012-08-13,110.78707175342107,110.95184533260488,110.32415413279178,110.88123321533203,2452900
2012-08-14,111.3127301301672,111.38335420089841,110.59088963235463,110.94396209716797,1957700
2012-08-15,110.80273137239419,111.21857411324186,110.73996107555926,111.06949615478516,1510300
2012-08-16,111.21076644670693,111.99537743962854,110.9361478102989,111.85414123535156,2476500
2012-08-17,112.05025672408564,112.11302701931233,111.75995458434569,112.03456115722656,2361800
2012-08-20,111.87769853963655,112.06600952148438,111.5560051018941,112.06600952148438,2412200
2012-08-21,112.2935134393938,112.72505184905978,111.43829039164572,111.7050552368164,2576300
2012-08-22,111.3990947986583,111.90124548765638,111.14802544026765,111.72863006591797,2787600
2012-08-23,111.44611719465397,111.46181276349692,110.66150636346256,110.83412170410156,2238500
2012-08-24,110.52816749095334,111.72077977630032,110.46539716307024,111.54816436767578,2752000
2012-08-27,111.79920882254343,111.9325912357421,111.35197487339626,111.50105285644531,1622100
2012-08-28,111.23427621979096,111.74426844976767,111.0224279520451,111.38335418701172,1483800
2012-08-29,111.51674720727955,111.7913538294943,111.19505387602828,111.49320983886719,2054400
2012-08-30,111.00674116657352,111.03027853460634,110.44967416018122,110.69290161132812,2324900
2012-08-31,111.30491447451439,111.72859913735964,110.57522003511922,111.32061004638672,4672400
2012-09-04,111.12443394373612,111.43827348193676,110.4025934281059,110.84981536865234,12818000
2012-09-05,111.15584528702475,111.43046394160751,110.7870771381688,111.00676727294922,3378500
2012-09-06,111.69718056599507,113.27424377479072,111.67364320259583,113.25856018066406,2754500
2012-09-07,113.46259502918572,113.76859283447266,113.3684455420862,113.76859283447266,3132600
2012-09-10,113.58813451225406,113.79212905631269,113.03890922270126,113.06244659423828,1958100
2012-09-11,113.14874168672813,113.73719985408279,113.1095087477954,113.34489440917969,2265200
2012-09-12,113.76862387156862,113.88631076254904,113.37631827201149,113.80000305175781,2398000
2012-09-13,113.75286253480283,115.85562555837387,113.58810098267892,115.5967025756836,4307200
2012-09-14,115.71442296355671,116.70304045190478,115.64381084930709,116.02827453613281,4585800
2012-09-17,115.78503432661624,115.98118704834145,115.33780037442101,115.6673355102539,1742800
2012-09-18,115.43197736021644,115.67520487756929,115.24367836469933,115.5575180053711,5051000
2012-09-19,115.66734382804219,115.97334161704973,115.38488340955732,115.64380645751953,4027100
2012-09-20,115.04747744825417,115.67515646691074,114.75716333130516,115.5967025756836,2822600
2012-09-21,116.17731006023097,116.18515185709828,115.47115325927734,115.47115325927734,2471400
2012-09-24,115.00828486030943,115.63597607136374,114.9141353689262,115.353515625,4001100
2012-09-25,115.63597151552284,115.84107942254364,114.12918255176783,114.20018005371094,3883200
2012-09-26,114.12911886235348,114.15278468312788,113.23766615468882,113.54533386230469,2314700
2012-09-27,113.98710930875808,114.83911485993728,113.67944164062786,114.63399505615234,2241400
2012-09-28,114.14492339290624,114.507807410567,113.64791698007608,113.9161376953125,5039300
2012-10-01,114.49992001843705,115.40714207798561,114.08180772620503,114.32636260986328,13883000
2012-10-02,114.78392909336742,114.96537110904868,113.93980782304091,114.4920425415039,2863900
2012-10-03,114.79179983544363,115.1941429124822,114.16857975024982,114.91014099121094,2433800
2012-10-04,115.359838613034,115.90417679677803,115.21784362817235,115.81739807128906,2775700
2012-10-05,116.36169223198644,116.56680003392847,115.42290783983576,115.73057556152344,2129500
2012-10-08,115.32037387905198,115.55704418844446,115.11526603093955,115.35193634033203,995500
2012-10-09,115.2730419704947,115.36771731657412,114.19226240629972,114.26325988769531,3065700
2012-10-10,114.2158975510425,114.30267623973153,113.34811066415224,113.54533386230469,3563300
2012-10-11,114.29482727884489,114.45260347904676,113.56115049345517,113.61637878417969,2744700
2012-10-12,113.63211084349136,114.018672639579,112.95366257053975,113.13511657714844,2120900
2012-10-15,113.45860086465302,114.23959725696055,113.10358937263801,114.07393646240234,1666600
2012-10-16,114.6734839096949,115.36771358323595,114.58670520050227,115.33615112304688,2968100
2012-10-17,115.38348869003971,115.91204556855946,115.18626543517927,115.79371643066406,2008200
2012-10-18,115.53336733043704,116.06982078301095,115.13103626916973,115.54914855957031,4497700
2012-10-19,115.30462230971987,115.30462230971987,113.31660825953745,113.49016571044922,2701400
2012-10-22,113.41125889012004,113.7978208125342,112.70125997043544,113.61637878417969,2758500
2012-10-23,112.40144199103473,112.51978313274023,111.5652175548637,111.98332977294922,2739700
2012-10-24,112.40935931800954,112.55923886501857,111.53368767338878,111.69934844970703,2070000
2012-10-25,112.5119257261273,112.69337979916018,111.36803318280134,112.0385971069336,4366500
2012-10-26,111.96756744384766,112.34624471615793,111.21023697432865,111.96756744384766,2126200
2012-10-31,112.37778348097864,112.5118938202638,111.4311144734925,111.61255645751953,4116100
2012-11-01,112.2041910939485,113.27708551112963,112.10952783399144,113.1745376586914,10818100
2012-11-02,113.82141106873901,113.82141106873901,112.02273709805549,112.10163116455078,3895300
2012-11-05,111.96754472834229,112.598661349937,111.62832661629477,112.34622192382812,1818100
2012-11-06,112.70913637829116,113.67158677841277,112.59869184241909,113.21402740478516,2637100
2012-11-07,112.22787432271718,112.22787432271718,110.16097924264095,110.64220428466797,4675900
2012-11-08,110.66589889428475,111.21023694020683,109.28533627131458,109.32478332519531,6391100
2012-11-09,109.01707390047919,110.46074885039961,108.95396104590087,109.34052276611328,4112500
2012-11-12,109.77442447471458,109.95587847941842,109.2853148077963,109.55353546142578,2144200
2012-11-13,108.93034366409066,110.29512514322774,108.81200249505817,109.11968231201172,2777100
2012-11-14,109.49830621068821,109.63241652156111,107.42351461369941,107.74696350097656,3405200
2012-11-15,107.69967648443392,108.10989218026816,107.06067507596909,107.51033782958984,2905500
2012-11-16,107.60499546040485,108.22033100923969,106.6977733669449,107.95211029052734,4330300
2012-11-19,109.23800132356307,110.23989868164062,109.17488844676956,110.23989868164062,3735900
2012-11-20,110.04267677809115,110.42922660146463,109.38789421573438,110.27933502197266,2072600
2012-11-21,110.33453742442622,110.54754183150894,110.14519883618073,110.50809478759766,4304800
2012-11-23,111.02089251447582,111.99123943162587,110.92622922013928,111.88867950439453,1789000
2012-11-26,111.42320825951799,111.84920501708983,111.06031232432574,111.84920501708984,2865900
2012-11-27,111.6362168043834,111.99911279218776,111.08399424689756,111.17865753173828,1971800
2012-11-28,110.70535102401105,112.12536076596946,110.11368130132432,112.03068542480469,2919000
2012-11-29,112.49610706119697,112.89843801621804,111.99910079392862,112.5828857421875,3443200
2012-11-30,112.61443615457151,112.81954392893658,112.21998979325951,112.5828857421875,2624400
2012-12-03,113.1351587636092,113.23770667781302,111.96758834568612,112.05436706542969,4010300
2012-12-04,112.05435499490073,112.37780400978954,111.59680765377963,111.86502838134766,3461700
2012-12-05,112.00701651467638,112.60658285452212,111.20235438101655,112.07012939453125,4380300
2012-12-06,112.01490528952135,112.51979625538776,111.83345125858722,112.417236328125,6309900
2012-12-07,112.94574817125051,113.02464224352629,112.24363426315938,112.81163787841797,6025500
2012-12-10,112.68547514933393,113.1430345416296,112.61447766713772,112.91426086425781,9889400
2012-12-11,113.35599584114708,114.1685543724198,113.2928829796102,113.56900024414062,6741600
2012-12-12,114.09761789442136,114.51573029270084,113.56116430343488,113.72683715820312,5797400
2012-12-13,113.64000141376039,113.95555369421156,112.72488294788495,113.01676940917969,4064500
2012-12-14,112.76435958985712,112.96158282629173,112.40146353829499,112.62235260009766,3204000
2012-12-17,112.89060807423286,113.94772194529929,112.85116101149532,113.86882781982422,5666900
2012-12-18,114.0896733574763,115.28879378896653,113.92401260981612,115.2177963256836,5471200
2012-12-19,115.32103526270905,115.33691762697667,114.29684688929231,114.3524169921875,4959000
2012-12-20,114.37620516480897,114.98754882812501,114.08244813197129,114.987548828125,5159000
2012-12-21,113.43142571856643,114.16980417137846,113.25675606799557,113.9395523071289,5715800
2012-12-24,113.71722991078602,113.74899463212226,113.46317271355399,113.58226013183594,1836200
2012-12-26,113.81254239944148,113.86017737949432,112.79628910933168,113.05034637451172,3224000
2012-12-27,113.15357089377956,113.35999319225922,111.6450611112577,112.93920135498047,4358400
2012-12-28,112.24046754003079,112.83592876633445,111.63707119199802,111.660888671875,4738300
2012-12-31,111.47037428823472,113.74106768110995,111.34335172430897,113.64579772949219,6809200
2013-01-02,115.79739289571583,116.56752390540096,115.4877534671089,116.41667175292969,4931200
2013-01-03,116.47224561844726,116.78983229569221,115.97206628816262,116.26582336425781,4482400
2013-01-04,116.46432182730491,116.9803835703414,116.24201718894818,116.83747863769531,3301800
2013-01-07,116.38489419445867,116.58338129641307,116.0435021941489,116.47222900390625,1752000
2013-01-08,116.26583066006397,116.41668282688482,115.70212184426398,116.15467834472656,3973900
2013-01-09,116.37699011842533,116.75014693882473,116.21820281743919,116.46432495117188,2759100
2013-01-10,117.10741694309885,117.36148630677432,116.47225564860426,117.3456039428711,3070100
2013-01-11,117.33765148514816,117.40116882324219,116.9803770587261,117.40116882324219,1771500
2013-01-14,117.21060830505492,117.34557808175202,116.83745158107824,117.29794311523438,3663800
2013-01-15,116.71044264837649,117.44880902150695,116.65486043206221,117.3456039428711,4831800
2013-01-16,117.09945601161664,117.52024770211095,116.98830371817834,117.29794311523438,4312800
2013-01-17,117.83782673970578,118.42535295022788,117.09151326314014,118.0918960571289,4587200
2013-01-18,118.07600565700909,118.48091497505597,117.64726674172087,118.40152740478516,2624000
2013-01-22,118.37768282392793,118.99696145785737,118.08391374856983,118.9810791015625,2754400
2013-01-23,119.01289340430067,119.28284514252296,118.78265363474924,119.20344543457031,2951300
2013-01-24,119.02082633656595,119.79889249925449,118.9017267889538,119.23518371582031,3400000
2013-01-25,119.62425146865557,119.87832087258052,119.25904184388344,119.82273864746094,3390400
2013-01-28,119.95770847528507,119.95770847528507,119.31461195430704,119.82273864746094,3028300
2013-01-29,119.489272366768,120.37055585685157,119.44163738590322,120.2197036743164,2613000
2013-01-30,120.19587723512247,120.44199936106304,119.6401156419189,119.77508544921875,2929600
2013-01-31,119.6321770892011,119.98946367441951,119.38605494538932,119.45751953125,4654000
2013-02-01,120.17202789922102,120.82305927452889,120.00529340809982,120.70397186279297,3408100
2013-02-04,119.97352768819749,120.15613240446129,119.25103183013738,119.38600158691406,4015900
2013-02-05,119.98144427051227,120.87067446406422,119.93380931838564,120.48957061767578,3219600
2013-02-06,120.1085461393212,120.69607247879927,120.02914643152609,120.6484375,2952900
2013-02-07,120.65639877851712,120.75961599808532,119.5845630644234,120.50554656982422,2909100
2013-02-08,120.69607525675853,121.19625466035748,120.65637540194723,121.11686706542969,2241100
2013-02-11,121.10891631039958,121.19625114257157,120.80722407491908,121.07716369628906,1553200
2013-02-12,121.116867159022,121.52972384292784,120.98189734431513,121.34710693359375,1582200
2013-02-13,121.56146058076978,121.77583007716164,121.0692163661671,121.4264907836914,3633300
2013-02-14,121.01362022671283,121.66466376501637,120.90246792928195,121.56938171386719,2623800
2013-02-15,121.64878720655547,121.75993950928817,120.93423841965836,121.43441772460938,5516300
2013-02-19,121.57731234372363,122.32362571653498,121.57731234372363,122.2680435180664,2924500
2013-02-20,122.22039451852056,122.24421199664575,120.72776794433594,120.72776794433594,3033600
2013-02-21,120.43405817392535,120.44199329818092,119.64804474365805,120.02913665771484,3670000
2013-02-22,120.63254769372251,121.18037414550781,120.31496099682842,121.18037414550781,2550000
2013-02-25,121.80759072324723,121.9663780176556,118.90173598826755,118.90968322753906,6425700
2013-02-26,119.46540237582936,119.84649416996729,118.6873364293466,119.7194595336914,6487600
2013-02-27,119.6242296174611,121.55353094267478,119.49719493870344,121.18037414550781,4256700
2013-02-28,121.23595099623056,121.99019975697347,120.87867654268858,121.07716369628906,7678800
2013-03-01,120.55311687196838,121.56936981031258,120.02117292101406,121.37882995605469,16383800
2013-03-04,121.1089360816032,122.00610203904317,120.92633126259473,121.98228454589844,2760500
2013-03-05,122.60950235843217,123.45109822838553,122.60950235843217,123.08587646484375,4051000
2013-03-06,123.58600394887542,123.63363891186428,123.0302425228546,123.33988189697266,3671100
2013-03-07,123.45896744118278,123.67333688608782,123.32399767652116,123.55423736572266,2239000
2013-03-08,124.07828521728516,124.20531989976588,123.43518879493085,124.07828521728516,3648000
2013-03-11,123.95919259800343,124.52288929159556,123.80834043319342,124.50701904296875,1830400
2013-03-12,124.45142090831588,124.56257320795254,123.86389468755527,124.2132339477539,4131300
2013-03-13,124.31644122868435,124.59431589831152,123.88770231086136,124.38789367675781,3367700
2013-03-14,124.73723911935657,125.1342133368945,124.6737217907875,125.08657836914062,3797600
2013-03-15,124.94367980957031,125.0865968486373,124.5149529217563,124.94367980957031,5419900
2013-03-18,123.71301517664237,124.76102050810002,123.63361551022956,124.18937683105469,5762800
2013-03-19,124.53083578004242,124.64992321749384,123.1414258078729,123.9830093383789,4446900
2013-03-20,124.65784747971716,125.01513399032633,124.46730759639759,124.77694702148438,3637900
2013-03-21,124.06237891254847,124.49111785451214,123.53838214914764,123.74480438232422,4704000
2013-03-22,124.13390645447298,124.71348571777344,124.03862435531413,124.71348571777344,3395400
2013-03-25,125.09071617026576,125.30610440020658,123.75054978900073,124.30097961425781,3197400
2013-03-26,124.78762503512976,125.25030517578125,124.59617957849441,125.25030517578125,3360000
2013-03-27,124.45257992887414,125.25030176921061,124.24517663240361,125.16255187988281,4099100
2013-03-28,125.13067238947355,125.73693672252628,124.93921472901243,125.52953338623047,3363700
2013-04-01,125.54546930571551,125.79276113294769,124.79560881522474,125.11469268798828,2315400
2013-04-02,125.56136747507661,126.02404743612648,125.3619370869826,125.70496368408203,3322100
2013-04-03,125.79272657784448,125.88844927892474,124.10953344100841,124.47647857666016,3918200
2013-04-04,124.59622765334377,125.17856142908302,124.34095071630644,124.9552001953125,4383800
2013-04-05,123.40753676420839,124.53232721153883,123.27192554444227,124.42064666748047,5242000
2013-04-08,124.45258264209015,125.24233166325767,124.06170672205606,125.18648529052734,2572100
2013-04-09,125.44176661346611,126.11185007657481,125.03493283349368,125.649169921875,4602100
2013-04-10,125.99217124741035,127.34032291079399,125.96025556192703,127.22065734863281,4126200
2013-04-11,127.2365838766098,128.03430540561678,127.09299984407554,127.63544464111328,3775500
2013-04-12,127.20463135243718,127.48382647664194,126.60634043623574,127.30035400390625,2651400
2013-04-15,126.6702872742816,126.7580371924296,124.34094019613055,124.38880157470703,5251900
2013-04-16,125.30614044972438,126.247446320857,124.9870444298136,126.1995849609375,4662200
2013-04-17,125.29813156660323,125.31407723380993,123.68673060337882,124.30097961425781,4186700
2013-04-18,124.5402865123741,124.57220219136046,123.09641243099996,123.58302307128906,3978600
2013-04-19,123.83033224360345,124.69187311356481,123.55910979535638,124.58019256591797,2062900
2013-04-22,124.88336005469318,125.48165145178791,124.0537225009175,125.2423324584961,2613700
2013-04-23,125.82467330796912,126.60644954288362,125.2024511926831,126.5186996459961,4890200
2013-04-24,126.5346118295001,126.89359633137936,126.30327789289981,126.51068115234375,3592400
2013-04-25,126.90955545525598,127.66738871416939,126.75798636901962,127.1089859008789,2346900
2013-04-26,126.9175379708828,127.13291408389267,126.4548578854517,126.83776092529297,2477200
2013-04-29,127.1887716622323,127.986493499379,127.00529904792396,127.71527099609375,2378300
2013-04-30,127.69929266351639,128.04230715576827,127.15683557170644,127.99444580078125,3485100
2013-05-01,127.73921700918737,127.80303622449125,126.75003743038333,126.91756439208984,4700400
2013-05-02,127.21266734320538,128.17790368411406,127.10895963778353,128.06622314453125,2682000
2013-05-03,129.1830256892699,129.78928966617588,129.10324866787448,129.3345947265625,2493300
2013-05-06,129.4782428598865,129.88508882925242,129.41442364562772,129.67767333984375,2554600
2013-05-07,129.9887222552092,130.40354086343487,129.6217771639926,130.3397216796875,5880300
2013-05-08,130.22808027037502,130.98591352509047,130.15628823169288,130.95401000976562,3106700
2013-05-09,130.8981652513494,131.241191949716,130.2599853865943,130.60301208496094,3467000
2013-05-10,130.69071241731498,131.07361532208353,130.2918516746041,131.00979614257812,3417000
2013-05-13,130.84231045885926,131.32093615287997,130.5551301735402,131.1215057373047,2078100
2013-05-14,131.22525262006985,132.56541957009574,131.21727978308286,132.52554321289062,3460100
2013-05-15,132.27027256533339,133.44292478773673,132.22241119662644,133.1956329345703,3116200
2013-05-16,132.91634526806652,133.37902517379064,132.36591551518327,132.557373046875,5641400
2013-05-17,133.06000521158978,133.92154625858888,132.8685475881669,133.85772705078125,5526600
2013-05-20,133.73804883723122,134.36027083923736,133.58649192680872,133.88961791992188,4559600
2013-05-21,133.96940953337395,134.53578523081234,133.4907715541203,134.05715942382812,4625600
2013-05-22,134.17679251344987,135.5568476977231,132.44573782051347,133.052001953125,10479800
2013-05-23,131.62407693732712,133.02008987454118,131.448577194296,132.66111755371094,8834300
2013-05-24,131.8713748103664,132.55741597242388,131.48049896011554,132.5414581298828,4160100
2013-05-28,133.9694281515514,134.51187324263947,132.94834501469177,133.3551788330078,8144900
2013-05-29,132.63718958780015,132.92436988478673,131.75969085471144,132.45370483398438,4397300
2013-05-30,132.59735197472446,133.57057378968744,132.47769854348792,132.98025512695312,3594800
2013-05-31,132.5733827434996,133.32324315395547,130.8901893239449,131.06568908691406,4370300
2013-06-03,131.35288607682207,131.83949690456578,130.4035951036606,131.7597198486328,6638200
2013-06-04,131.85539081265296,132.3659321222885,130.4753359271524,131.161376953125,6079200
2013-06-05,130.74654934626906,131.00182606966882,129.17503701309872,129.26278686523438,5272200
2013-06-06,129.25487149654373,130.45942711841604,128.48108032158822,130.4434814453125,4348100
2013-06-07,131.37679224432884,132.24630599930668,130.8183894738049,132.11866760253906,5406100
2013-06-10,132.53348654249407,132.60527857620372,131.77565334026818,132.10272216796875,3079100
2013-06-11,130.9061521870848,131.9272351168211,130.49133344304548,130.8024444580078,4922300
2013-06-12,131.67987598532844,131.79155649328843,129.55793416182618,129.70950317382812,4588100
2013-06-13,129.5898624004319,131.8873043424909,129.3266128302156,131.67990112304688,3503700
2013-06-14,131.5044261405997,132.02294037285515,130.6109695660708,130.84231567382812,4786900
2013-06-17,131.73575514290212,132.46965761331532,131.1294910601086,131.9112548828125,5003900
2013-06-18,131.91124685059594,133.0918714335219,131.91124685059594,132.87649536132812,2920000
2013-06-19,132.7647978532087,133.14771297891758,130.99386712893323,131.137451171875,4702700
2013-06-20,129.78131686015405,129.95681656944922,127.45197146764019,127.80297088623047,7577600
2013-06-21,128.64056976625326,128.7682081326155,126.93344617601812,128.19384765625,7215700
2013-06-24,126.85369811472167,127.68332326134403,125.52150444170078,126.5505599975586,7071900
2013-06-25,127.74712453678907,128.26563865917458,126.87761099581326,127.80297088623047,5867800
2013-06-26,128.85174129318983,129.34883199759827,128.35463835481048,129.06019592285156,8948300
2013-06-27,129.85390296444,130.41513618266922,129.72561759056862,129.81381225585938,5220100
2013-06-28,129.46901248885285,130.08637498207415,128.85166222959495,128.9879608154297,7062300
2013-07-01,129.9822293843941,130.94435784884203,129.7898134786818,130.0543975830078,20042400
2013-07-02,129.82984749916258,130.7919756340532,129.34078241701533,129.84588623046875,6510900
2013-07-03,129.32479732092548,130.35906959072173,129.14039465331288,129.98223876953125,3212100
2013-07-05,130.94433499295562,131.43340015725747,129.99824543044429,131.41737365722656,4941800
2013-07-08,132.07483433932956,132.49976909797218,131.84232771504202,132.13897705078125,4653600
2013-07-09,132.9567213488369,133.26940927986962,132.40350141686386,133.0850067138672,4509700
2013-07-10,132.96470873833874,133.5981099587676,132.69211156613656,133.14109802246094,6205500
2013-07-11,134.68055820043796,135.08946641373174,134.23958475177307,135.06541442871094,4168200
2013-07-12,134.93716475772928,135.29795686256813,134.72068460123666,135.017333984375,3454600
2013-07-15,135.37808674510873,135.73085322910026,135.16160667109347,135.6186065673828,3324100
2013-07-16,135.62663423330176,135.7068034306937,134.6805447259142,135.0493621826172,5123700
2013-07-17,135.55450807918095,135.78701470687994,135.2017292780061,135.33802795410156,3596200
2013-07-18,135.65068138703882,136.43640800373473,135.57852544176401,136.10768127441406,4449700
2013-07-19,135.84309237044602,136.4203643798828,135.65868977225503,136.4203643798828,4173900
2013-07-22,136.58078462112107,136.82933001746017,136.24403227914283,136.63690185546875,3308300
2013-07-23,136.90141090633273,136.9094241542809,136.26802176736868,136.35621643066406,5566700
2013-07-24,136.86942271546306,136.9095012117279,135.57055401279453,135.87522888183594,4734600
2013-07-25,135.6026037083346,136.27608379604797,135.37008486097622,136.1317596435547,5876300
2013-07-26,135.59455070252022,136.3562375644732,135.0253041608133,136.31614685058594,4555000
2013-07-29,135.9793953755484,136.26803136357162,135.5063445660331,135.91525268554688,3498500
2013-07-30,136.3161547699349,136.44442793427066,135.5705065970117,135.89122009277344,3488100
2013-07-31,136.18786109377595,136.90143175676582,135.8190436545599,135.93931579589844,5482600
2013-08-01,137.00569576774484,137.67917586738545,136.94956630912267,137.54287719726562,3638100
2013-08-02,137.2542309637485,137.8074510882166,137.077841583948,137.79141235351562,3535500
2013-08-05,137.49473971414477,137.79940221793868,137.31032488130577,137.65509033203125,1766800
2013-08-06,137.3424586740478,137.43866663744424,136.5166410309672,136.925537109375,2477300
2013-08-07,136.38832092285156,136.56471030022513,135.85113954047566,136.38832092285156,3255300
2013-08-08,137.02971949095556,137.15800488365684,136.16381144117443,136.86134338378906,3009900
2013-08-09,136.68493838573255,137.09384649892834,136.0034452536846,136.4844970703125,2865800
2013-08-12,135.7789713931978,136.4684901062924,135.72284194454218,136.27606201171875,2217700
2013-08-13,136.5245894317537,136.94151079838176,135.73886289131278,136.76512145996094,2046300
2013-08-14,136.62083837687373,136.84533174155823,135.97141026946707,136.03555297851562,2849500
2013-08-15,134.9050717168094,134.9050717168094,133.86278625284368,134.07925415039062,3411500
2013-08-16,133.83872830809437,134.29574058118487,133.38974152090032,133.6703643798828,4169400
2013-08-19,133.51804247967823,133.95100281336457,132.8044714883552,132.81248474121094,3637000
2013-08-20,133.01287114424665,133.9349086681331,132.87657249823954,133.44583129882812,5841800
2013-08-21,133.07702557827156,133.80663507180137,132.3394028344942,132.62002563476562,5584200
2013-08-22,132.89262673040662,135.16963773038864,132.89262673040662,133.8226776123047,4989000
2013-08-23,134.22358335550322,134.46411548466912,133.61423366375328,134.3278045654297,3299800
2013-08-26,134.44802718874888,134.84890984493384,133.73445655009834,133.79859924316406,2100600
2013-08-27,132.47569158216317,132.96476895801155,131.53762754664456,131.64186096191406,5222100
2013-08-28,131.58573470869538,132.5638894841516,131.409345340402,132.09085083007812,5622700
2013-08-29,131.7861980721557,133.00488512010656,131.69800337327825,132.32337951660156,3701100
2013-08-30,132.59598068809692,132.59598068809692,131.5055791320336,131.81024169921875,3993800
2013-09-03,133.1572006260261,133.44583666269259,131.9385137785489,132.46768188476562,2966100
2013-09-04,132.52381870012854,133.80664843812934,132.29131208002607,133.5661163330078,3505600
2013-09-05,133.67827957086777,134.1032140566027,133.58207168246392,133.70233154296875,3313800
2013-09-06,134.20747745195834,134.5762948299629,132.57188181333532,133.8065948486328,3803400
2013-09-09,134.1754116686335,135.18563142058474,134.15135969125132,135.1375274658203,3050100
2013-09-10,135.91525668706356,136.13974999169463,135.62662069054252,136.0756072998047,3259200
2013-09-11,135.9312992467061,136.5486620243752,135.69077941615745,136.53262329101562,3355600
2013-09-12,136.5005136170818,136.66888967761577,136.01143639758268,136.25196838378906,5813000
2013-09-13,136.3401453206384,136.5886905216335,136.0194319693839,136.44436645507812,4203900
2013-09-16,137.97579647161416,138.0319259185517,137.0698099430703,137.3424072265625,3619300
2013-09-17,137.41453535788207,137.92766458987379,137.41453535788207,137.89559936523438,4169400
2013-09-18,137.85554967923147,139.88401523381705,137.51078418344858,139.51519775390625,5218200
2013-09-19,139.8920439619056,139.94817342039414,139.13036916765185,139.330810546875,3820300
2013-09-20,139.5873840517124,139.5953973028049,138.20032087252628,138.28050231933594,3690500
2013-09-23,138.1201380138059,138.22435920359635,137.2301778716172,137.70321655273438,5200500
2013-09-24,137.62667966289985,138.1423159303566,137.07880921349923,137.4010772705078,4167600
2013-09-25,137.42524488700622,137.64277027088062,136.8209831221032,137.00628662109375,8465200
2013-09-26,137.16741193926433,137.84418212256486,136.9498742754405,137.43328857421875,3545300
2013-09-27,136.7645806550723,137.0062878218994,136.47453451362725,136.84515380859375,2710200
2013-09-30,135.65274698546102,136.53900257713465,135.40298739882707,136.0797576904297,7161400
2013-10-01,136.2006447446898,137.3044259626108,136.1039544738292,137.18357849121094,6662800
2013-10-02,136.36176105243555,137.07076557565594,135.9669722076898,136.9740753173828,7750300
2013-10-03,136.7242744145329,136.8451341274329,135.16124889341523,135.79774475097656,8531600
2013-10-04,135.86224684666678,136.94185846951314,135.725282293954,136.7968292236328,3407500
2013-10-07,135.6285858154297,136.45843778683673,135.4916212689948,135.6285858154297,3166900
2013-10-08,135.62055225867613,135.773633918236,133.9608480852727,134.08169555664062,6609500
2013-10-09,134.31534318533747,134.63761128751892,133.29212290561415,134.13809204101562,8633600
2013-10-10,135.5157857244349,137.10298113552534,135.47549914315948,137.0788116455078,5110500
2013-10-11,136.84512148100757,137.9730716014233,136.732326468966,137.9327850341797,3216200
2013-10-14,137.11909366666765,138.59349397739655,136.95795964066335,138.55320739746094,3840700
2013-10-15,138.11811115479563,138.6337596301518,137.29632405810338,137.43328857421875,4564200
2013-10-16,138.295339701089,139.4635886837429,138.23894834187453,139.4152374267578,3491000
2013-10-17,138.81908050191447,140.39015872908783,138.8110158098919,140.30958557128906,3914200
2013-10-18,140.85745847401807,141.3730947292754,140.56741231207718,141.2602996826172,3021800
2013-10-21,141.32477144736316,141.56647865811527,140.97026917742534,141.28448486328125,3645800
2013-10-22,141.70345439533943,142.51718936557856,141.51008615272502,142.04183959960938,4468900
2013-10-23,141.63090679650094,141.67925806830232,140.9460841177072,141.4939422607422,4419500
2013-10-24,141.6631136551482,142.07400718317544,141.38111994584955,141.96121215820312,2003500
2013-10-25,142.1787438253648,142.5977020263672,141.92091961129094,142.5977020263672,2537100
2013-10-28,142.49297346081232,142.97638776302608,142.34794425265366,142.75885009765625,3058100
2013-10-29,143.07304416963655,143.60479736328125,142.90384550120976,143.60479736328125,2846000
2013-10-30,143.72569973329973,143.8062729002629,142.30770296841808,142.90390014648438,6921200
2013-10-31,142.7346897588685,143.2986649517685,142.202936451104,142.35601806640625,5436700
2013-11-01,142.62191226235353,143.07309247216736,141.9773638367315,142.77499389648438,22659800
2013-11-04,143.16169912692885,143.30671604932854,142.70245428518905,143.2583770751953,2893100
2013-11-05,142.70246342023256,143.19393017827656,142.2351661508024,142.8555450439453,2757000
2013-11-06,143.44363876567013,143.79814086430622,143.02469291613062,143.5403289794922,2535300
2013-11-07,143.81429917045136,143.9190418097254,141.5906203149057,141.7275848388672,8237200
2013-11-08,141.7115003851387,143.6531982421875,141.66316140010673,143.6531982421875,4735800
2013-11-11,143.5162336866837,143.82238468979932,143.33091785240813,143.6531982421875,1840900
2013-11-12,143.3792228451942,143.68537374947752,142.8877561664593,143.33087158203125,2271100
2013-11-13,142.6622278302453,144.5314051212174,142.6622278302453,144.44277954101562,2456500
2013-11-14,144.65219657227485,145.36120093928676,144.41855411154762,145.3048095703125,2535700
2013-11-15,145.48210111594253,145.9252166748047,145.30484997490174,145.9252166748047,1648400
2013-11-18,146.12659504074432,146.2313376739003,145.04698370758797,145.4417724609375,2576600
2013-11-19,145.28874670253478,145.72380990318578,144.80533221848611,145.0873260498047,1802000
2013-11-20,145.33704091217814,145.75599918301842,144.2090905219204,144.62803649902344,3832800
2013-11-21,145.03893273239112,145.8687845272993,144.91002061243307,145.7479248046875,1755900
2013-11-22,145.82048727613926,146.50531005859375,145.6512885335682,146.50531005859375,2624000
2013-11-25,146.74702999642912,146.77119949121382,146.14276803932944,146.3603057861328,2688500
2013-11-26,146.43281469771824,146.81953890914286,146.15888556019837,146.3844757080078,1920000
2013-11-27,146.55358009789623,146.83557377160423,146.36827664320094,146.7469482421875,3374300
2013-11-29,146.89199006425557,147.25454460898303,146.48914894928393,146.60194396972656,1813300
2013-12-02,146.72279799988684,146.98060993234662,146.03796315607374,146.28773498535156,2579500
2013-12-03,145.81241817509004,146.14275095685676,145.16786970410945,145.7318572998047,3898900
2013-12-04,145.09535527295287,146.21525343149258,144.49109341128602,145.56265258789062,2675500
2013-12-05,145.3451062214034,145.61098289995485,144.8536394447607,145.01478576660156,3855500
2013-12-06,146.3844219967843,146.73085949175538,145.96546375011576,146.62612915039062,5079600
2013-12-09,147.03698978450046,147.1900713573009,146.78723028939817,146.9483642578125,4571800
2013-12-10,146.65030451360082,146.94035065080513,146.3602583763965,146.49722290039062,2571200
2013-12-11,146.48917916024664,146.53751813701473,144.61999010029606,144.7972412109375,4390000
2013-12-12,144.72473002225033,144.90198112955613,144.01572559302713,144.35411071777344,3904200
2013-12-13,144.619982256866,144.74082969223204,144.03988997963475,144.29771423339844,2530700
2013-12-16,144.99870175057168,145.67547219922,144.9584151609219,145.1598358154297,3671000
2013-12-17,145.31288336278132,145.35316994297247,144.4105229764429,144.6683349609375,3573400
2013-12-18,144.97448655998122,147.23845203605475,143.58871191026054,147.1739959716797,7918500
2013-12-19,146.80339146881593,147.21428505575022,146.4247197677493,147.0853729248047,3638300
2013-12-20,147.17402537849082,148.26170170482533,147.16597297898647,147.86691284179688,6391700
2013-12-23,148.65979330930776,148.8055719719825,148.3277254332421,148.6921844482422,7156100
2013-12-24,148.7326740071463,149.12142944335938,148.69217581709415,149.12142944335938,3528300
2013-12-26,149.3805794459343,149.86652055882266,149.3562830082054,149.84222412109375,4893700
2013-12-27,150.0366658255098,150.0690569688662,149.6236138665625,149.8098907470703,3772900
2013-12-30,149.79367183688836,149.89896466778612,149.5588020890936,149.7369842529297,3620700
2013-12-31,150.00427421164088,150.43352792007744,149.85038847497216,150.36062622070312,4572500
2014-01-02,149.86654415622803,149.94754053361788,148.66787439239334,149.03233337402344,6724900
2014-01-03,149.26723656653357,149.57499565585928,148.78128295008312,148.96755981445312,5826100
2014-01-06,149.46159702557665,149.5344987134493,148.33581651078433,148.56259155273438,3459500
2014-01-07,149.1781188628304,149.72075996799353,149.05662430124033,149.477783203125,2632300
2014-01-08,149.45349929038258,149.7531636557965,148.9999492157088,149.5587921142578,6402100
2014-01-09,149.9961117610426,150.0042188125984,148.92703141205527,149.63165283203125,3412400
2014-01-10,149.87466811157586,150.0771467195736,149.09714481920668,150.02044677734375,3335300
2014-01-13,149.63977506910086,150.0447322554997,147.7445784027494,148.03614807128906,4853400
2014-01-14,148.48972832055253,149.71270718134514,148.230562094909,149.61550903320312,5433000
2014-01-15,149.96373842402707,150.66026523340548,149.90703848964998,150.46588134765625,3368900
2014-01-16,150.15001088270452,150.29580188234684,149.761255480844,150.2067108154297,6712600
2014-01-17,149.9961117610426,150.26338493786702,149.35628496196136,149.63165283203125,3661600
2014-01-21,150.4659283252353,150.5226282773149,149.129574223627,150.04476928710938,3283100
2014-01-22,150.3201271453287,150.35251828573143,149.82607883556932,150.15003967285156,4456200
2014-01-23,149.4048835498444,149.4048835498444,148.12521754444964,148.91893005371094,4297500
2014-01-24,147.93087815127546,147.9875780981398,145.70361328125,145.70361328125,12046900
2014-01-27,145.88988965613694,146.23814692767527,144.2943572466541,144.94229125976562,8580500
2014-01-28,145.1366551520055,146.0518623606541,145.10426401430067,145.88177490234375,4905800
2014-01-29,144.68307691198487,145.45249295541464,144.0918429870307,144.47250366210938,7934900
2014-01-30,145.68745572762188,146.47307395122039,145.22579843077202,146.02761840820312,3790000
2014-01-31,144.21339054708056,146.05999483166957,144.14050119965844,145.11239624023438,6167000
2014-02-03,144.9504041196569,145.29056673854777,141.60545316309077,141.8727264404297,38748500
2014-02-04,142.51256419053,143.24148231425102,142.01851583964333,142.84461975097656,5725900
2014-02-05,142.37486543395073,143.02279950978505,141.5082633396951,142.65834045410156,4705500
2014-02-06,143.03895697836012,144.57778911855118,143.03895697836012,144.5615997314453,5247300
2014-02-07,145.27431440736257,146.52968396081727,144.79646796802962,146.44869995117188,5945300
2014-02-10,146.3920055813778,146.6916699092361,146.0032501887087,146.65118408203125,4264300
2014-02-11,146.79696144903397,148.62736325038583,146.69977569128585,148.27101135253906,4634400
2014-02-12,148.46545221856977,148.94329889512233,148.0442931410796,148.39256286621094,5400900
2014-02-13,147.33153305761832,149.25102625164234,147.33153305761832,149.11334228515625,5104600
2014-02-14,148.9675246857539,150.19859782769336,148.8379477957952,149.9070281982422,3422500
2014-02-18,150.05288131148396,150.31204755700273,149.63981695641178,150.1338653564453,3014400
2014-02-19,149.72072766753104,150.69262215901887,148.9918098884924,149.13758850097656,3095900
2014-02-20,149.31585691965256,150.3444519272807,148.78941737026662,149.97998046875,3147400
2014-02-21,150.31196228489247,150.63593535589575,149.7531195509322,149.89891052246094,2572000
2014-02-24,150.15811937664455,151.6645606004007,150.08523004928034,150.5306854248047,3101600
2014-02-25,150.7574929186216,151.21104308651118,150.11766586570207,150.60360717773438,3515200
2014-02-26,150.83848931645127,151.21104308651118,150.19055520875963,150.60360717773438,4230600
2014-02-27,150.3930480075478,151.42973773415355,150.22296049941446,151.4054412841797,2389000
2014-02-28,151.39731745204242,152.49070701297094,150.78178685705214,151.72938537597656,5779900
2014-03-03,150.44970672374689,151.09764076807437,149.71269395215944,150.71697998046875,6207100
2014-03-04,152.17481274915158,153.1791110318869,152.17481274915158,152.92803955078125,22516600
2014-03-05,152.97663825588992,153.2277097465468,152.74986320895383,152.86325073242188,5397600
2014-03-06,153.36545384111693,153.68132009163656,153.10627519539923,153.3006591796875,4918600
2014-03-07,153.90801608571113,153.96471601967517,152.73364280218823,153.39776611328125,5062100
2014-03-10,153.13048348644955,153.3653531664258,152.43395678120672,153.3329620361328,1922700
2014-03-11,153.55164462678118,153.76223024786842,152.20718396257453,152.5716552734375,3919200
2014-03-12,151.81845912081388,152.64457530893216,151.47020184403,152.58787536621094,2450300
2014-03-13,153.05763908917328,153.1629319290675,150.46591515508743,150.86277770996094,4921000
2014-03-14,150.55496932774773,151.36488363094898,150.27960143065405,150.44967651367188,4713500
2014-03-17,151.19479357073655,152.17479529829225,151.1624024368266,151.8265380859375,3430500
2014-03-18,152.13432992092976,153.1143318598293,151.96425480418006,152.94424438476562,3212000
2014-03-19,152.91998383882074,153.13866425572147,151.14626876929486,152.1019744873047,6050800
2014-03-20,151.753645165072,153.0900112343131,151.49447900390254,152.99281311035156,3453300
2014-03-21,153.6245501336604,153.98902148292916,152.26389993854,152.41778564453125,4019900
2014-03-24,152.8956706741015,153.09005461879943,151.10576640514745,151.77798461914062,5129700
2014-03-25,152.51909377431605,152.99093800130476,151.64048856682263,152.52723693847656,3739400
2014-03-26,153.0722867302068,153.30820262402486,151.37202890456828,151.38829040527344,5017300
2014-03-27,151.20120472602065,151.6811797436686,150.5178492012309,151.12799072265625,4262400
2014-03-28,151.5265708523242,152.5760209594165,151.42082145602038,151.7706298828125,3667700
2014-03-31,152.73871150499235,153.29190034723823,152.6085450432791,153.0559844970703,6096900
2014-04-01,153.54407444491318,154.16234640495912,153.42203875436343,154.06472778320312,2962200
2014-04-02,154.28436734139044,154.7806160167124,153.98336831997293,154.56097412109375,4152200
2014-04-03,154.894556214033,154.9026993771317,153.91833247078424,154.41458129882812,2464200
2014-04-04,155.20374006570034,155.26069256921363,152.32387738968222,152.58419799804688,3825400
2014-04-07,152.1692736843724,152.4539989009953,150.5666345503395,150.83509826660156,5485000
2014-04-08,150.79442692248844,151.73811534976394,150.27377337870877,151.5103302001953,3667700
2014-04-09,151.8926872993561,153.1699102937414,151.47778316425845,153.1373748779297,3020200
2014-04-10,153.12917818419447,153.1861306586556,149.72866361272924,149.87509155273438,5825100
2014-04-11,149.07790236197022,150.1110787490328,148.39454688014501,148.5491180419922,4198100
2014-04-14,149.71237182617188,150.07032329902515,148.50836339204585,149.71237182617188,4064400
2014-04-15,150.0134318570877,150.8513584124306,148.55723313289104,150.79441833496094,3865300
2014-04-16,151.7869120513416,152.34824412799028,151.1360920724249,152.33197021484375,1911100
2014-04-17,152.15297944949816,152.9583704907184,151.89265893154328,152.56787109375,2236100
2014-04-21,152.60047064183183,153.1292550194286,152.4214947942289,153.12112426757812,2424000
2014-04-22,153.2430947228937,154.20305688448227,153.17801149046758,153.7637481689453,3096800
2014-04-23,153.72314014888886,153.79635415804898,153.3082359369241,153.446533203125,1979400
2014-04-24,154.19493406764408,154.20307723112015,152.99906830576487,153.77191162109375,2084600
2014-04-25,153.23498257630936,153.30006581663648,152.13672306749748,152.4946746826172,2209400
2014-04-28,153.1047880807818,153.6010368357842,151.38012597444526,152.99903869628906,3275300
2014-04-29,153.42210193149495,153.89394615320592,153.11297203085385,153.64988708496094,1994100
2014-04-30,153.4139873432225,154.27631871695763,153.2106068338185,154.19496154785156,2214700
2014-05-01,154.06473937502506,154.56098809521373,153.65797853596405,154.09727478027344,1965700
2014-05-02,154.11358822171923,154.79694362742595,153.7068272783187,153.96714782714844,2117800
2014-05-05,153.16987397017274,154.3169426159291,152.76311309550937,154.2437286376953,2451700
2014-05-06,153.88581553526697,153.98343419730523,152.84450842899255,152.9095916748047,1530200
2014-05-07,153.4058350990575,153.8451314759445,152.25062304373353,153.7475128173828,3641700
2014-05-08,153.60922091805332,154.71559885582542,153.13737669634236,153.64988708496094,2435200
2014-05-09,153.62545638323144,153.9264678955078,152.92582712662673,153.9264678955078,2453400
2014-05-12,154.5040326629686,155.40704220493961,154.5040326629686,155.28501892089844,2912100
2014-05-13,155.53723008507674,155.86263382960144,155.32570647911425,155.49655151367188,2921500
2014-05-14,155.36637052769348,155.39077518558375,154.52844417117805,154.72369384765625,1990300
2014-05-15,154.4471224745261,154.47152713605468,152.6248291291275,153.38954162597656,3458700
2014-05-16,153.46276387443612,153.96714345766395,152.83634856363614,153.9508819580078,2199000
2014-05-19,153.61733687838995,154.61796530715733,153.4790396494838,154.46339416503906,1893600
2014-05-20,154.39832541269908,154.4227424914876,153.0966977408492,153.4953155517578,12254800
2014-05-21,153.959017526756,154.87015807035945,153.91833894962537,154.78067016601562,1952000
2014-05-22,154.8295106093676,155.4965921841269,154.58545153046134,155.1711883544922,4701100
2014-05-23,155.32571666811364,155.91145337736674,155.24437193332503,155.83010864257812,2413500
2014-05-27,156.4076980790916,156.81445898242018,156.30194868530938,156.79005432128906,3147900
2014-05-28,156.78193038994712,157.0178462622595,156.40770488073366,156.65176391601562,2441600
2014-05-29,157.02596532663807,157.48153550212422,156.61920446804595,157.44085693359375,2287100
2014-05-30,157.3270117133306,157.82326060661774,157.18871446941253,157.71749877929688,3190900
2014-06-02,157.95344408807128,157.97784875648395,157.13992203868486,157.9127655029297,2176800
2014-06-03,157.5222104274046,157.90456661870635,157.38391322828463,157.81507873535156,1524800
2014-06-04,157.54667975087582,158.23003527878578,157.39210857860454,158.09986877441406,2302200
2014-06-05,158.3195417227973,159.33644438213048,157.76634022117153,159.1493377685547,2685000
2014-06-06,159.5316284843976,159.97905553961417,159.45840208891644,159.95465087890625,1977400
2014-06-09,159.93028649283346,160.50789257287758,159.78385849171164,160.1336669921875,3010600
2014-06-10,159.91399818402815,160.1580448116549,159.5723080786338,160.10110473632812,2551400
2014-06-11,159.53163719686552,159.72687449319122,159.21436417697817,159.5885772705078,1772700
2014-06-12,159.3607565809214,159.48277986389013,158.08353403687894,158.4170684814453,3713900
2014-06-13,158.74248943655115,159.05976239530864,158.2380975537235,158.92959594726562,2803200
2014-06-16,158.7344025849621,159.38522264269457,158.53102209275573,159.07608032226562,1352600
2014-06-17,158.81572560026376,159.60484273342547,158.669285222414,159.4502716064453,1714500
2014-06-18,159.49911378893054,160.7519445611487,159.14116213972537,160.6949920654297,3819200
2014-06-19,160.8251495361328,160.94717285817086,160.28822209244686,160.8251495361328,1946500
2014-06-20,161.24819541169379,161.28073082867104,160.98786242243514,161.12615966796875,3891900
2014-06-23,161.20743967988057,161.26437973568045,160.8332142902579,161.15863037109375,2173200
2014-06-24,160.86039028489222,161.63681988644163,159.97770809005988,160.19020080566406,3057400
2014-06-25,159.8060086724258,161.03195361440478,159.7978401956904,160.84397888183594,4681500
2014-06-26,160.9012243511002,160.92574225853974,159.69162852389616,160.72959899902344,1492400
2014-06-27,160.3618038174806,161.21995544433594,160.31275553595378,161.21995544433594,4126300
2014-06-30,161.01567580458723,161.358939044499,160.84405042011252,161.00750732421875,2173900
2014-07-01,161.39977217084785,162.56033215620963,161.3425678784713,162.06996154785156,13005100
2014-07-02,162.06179614683361,162.42140877670744,162.00459184896877,162.2252655029297,2624600
2014-07-03,162.69926831754594,163.10791668829867,162.576666323745,163.05886840820312,1371800
2014-07-07,162.7401619260773,162.85458299829324,162.24161029621615,162.51950073242188,2893500
2014-07-08,162.15170362212274,162.22526982270927,161.0320108346227,161.47335815429688,5374700
2014-07-09,161.83293806474583,162.28245380778816,161.49785584807768,162.1925506591797,4942800
2014-07-10,160.6070151729439,161.93921315912183,160.46807619140412,161.46517944335938,2992100
2014-07-11,161.42432717624294,161.8329756792701,161.056546017711,161.74307250976562,3058100
2014-07-14,162.5685365532342,162.7565113566686,162.4132481400208,162.51950073242188,1750100
2014-07-15,162.6502509100888,162.96082772151817,161.53055815240427,162.2252655029297,3300700
2014-07-16,162.94450513206343,163.06710716933057,162.39691761763322,162.87911987304688,11223300
2014-07-17,162.36422332312893,162.95267815468125,160.76231573257823,161.00750732421875,4091500
2014-07-18,161.49787323724857,162.7973723217265,161.42430703794975,162.59304809570312,2565100
2014-07-21,162.13537625381588,162.46229005212953,161.58778878261137,162.29066467285156,2714700
2014-07-22,162.90359250292232,163.32040935154498,162.76464108242283,163.05886840820312,1926900
2014-07-23,163.2632644515418,163.56567285925132,162.97721794869082,163.377685546875,2795700
2014-07-24,163.57381582057732,163.7454536722809,163.26323897985756,163.36949157714844,1932000
2014-07-25,162.96898330273203,163.0752358815929,162.31515581393887,162.65023803710938,2493800
2014-07-28,162.67479014978068,162.9444996575513,161.73490358379195,162.70748901367188,2178200
2014-07-29,163.01805791635715,163.2142012062891,161.98008728027344,161.98008728027344,2146200
2014-07-30,162.5766858969619,162.789178585791,161.358909115961,162.0290985107422,2390200
2014-07-31,160.89303263113806,161.03197157687893,158.7598876953125,158.7598876953125,4692000
2014-08-01,158.4085096458006,159.35656468260083,157.5830316989717,158.34312438964844,12771200
2014-08-04,158.6536656480553,159.8060572367517,157.9671392649445,159.47096252441406,1685500
2014-08-05,158.83342051932732,159.2420688251634,157.37046507165516,157.90170288085938,3344100
2014-08-06,157.20707268057797,158.64551081717295,157.16620533905206,157.958984375,1916300
2014-08-07,158.68637583164016,158.83348329382207,156.7412051363801,157.12533569335938,2923200
2014-08-08,157.47672912428231,159.04594983202378,157.0599122784201,158.939697265625,3053300
2014-08-11,159.560821931333,160.12475861675435,159.34016081430858,159.438232421875,3113500
2014-08-12,159.23396004853777,159.68347584768108,158.7190589994317,159.20944213867188,2505700
2014-08-13,159.7815691631008,160.43540928046724,159.56089547341003,160.28012084960938,1985700
2014-08-14,160.51706757085935,161.00745058131764,160.38630957623408,160.96658325195312,2090500
2014-08-15,161.62042682631676,161.76753425026305,159.84689443553413,161.0238037109375,4850600
2014-08-18,161.90649658844387,162.4213850779445,161.8084124949054,162.33148193359375,8800900
2014-08-19,162.71560336139854,163.32040743255126,162.58483289126414,163.2223358154297,3773100
2014-08-20,162.96085588390957,163.8271887487075,162.96085588390957,163.6555633544922,1989900
2014-08-21,163.76176512659822,164.33388289586082,163.663693495735,164.0723419189453,2237400
2014-08-22,164.00698304762423,164.25217463517012,163.50026291206828,163.83535766601562,2277800
2014-08-25,164.60359856964692,164.95504273840967,164.42379224534255,164.68533325195312,1977900
2014-08-26,164.79976914148992,165.20024916725828,164.7425648355017,164.8079376220703,2258900
2014-08-27,164.86518700149037,164.99595754241318,164.4892248140785,164.77528381347656,1965000
2014-08-28,164.1867373012703,164.74250555481848,164.0232804517414,164.61990356445312,2386200
2014-08-29,164.93049355957277,165.1266368063833,164.382906210628,165.06126403808594,1496900
2014-09-02,165.35556917050926,165.35556917050926,164.42383842599116,164.99595642089844,9544800
2014-09-03,165.65794684101326,165.69063323693013,164.70987923689626,164.97142028808594,1336300
2014-09-04,165.24108414014412,165.8295389160922,164.2439933780245,164.69349670410156,2446300
2014-09-05,164.63625774180315,165.50259029316956,164.05597156762752,165.44537353515625,2834900
2014-09-08,165.28198055202913,165.51900368259518,164.530068755164,165.0367889404297,1762100
2014-09-09,164.88148696680338,164.97955860758807,163.6473606224424,164.00697326660156,2988700
2014-09-10,164.03970089169442,164.69352857285574,163.5084503120463,164.62814331054688,1268600
2014-09-11,163.93343335734008,164.80793466031017,163.8026628446275,164.78341674804688,2105800
2014-09-12,164.6362644443998,164.6362644443998,163.3449340426549,163.85165405273438,3115200
2014-09-15,163.8435586630016,163.96614824562286,163.18154997491746,163.6719207763672,3028900
2014-09-16,163.3940195958489,165.2165884681048,163.29594794364445,164.9305419921875,9836600
2014-09-17,165.2001661084462,165.90304168481507,164.33383370591272,165.13478088378906,4295900
2014-09-18,165.66608020256942,166.06656017569415,165.46993692672143,166.0011749267578,3454900
2014-09-19,166.54878171541654,166.72858805315084,165.5598593288403,165.80503845214844,4963900
2014-09-22,165.55981463407136,165.62518740199707,164.26030327654357,164.59539794921875,3042800
2014-09-23,164.0069471570651,164.68530499674299,163.61464818541793,163.68820190429688,2891100
2014-09-24,163.66684754958038,165.0299072473375,163.26449128126214,164.9560089111328,3065200
2014-09-25,164.49616651622458,164.5290060419826,162.24627685546875,162.24627685546875,2388500
2014-09-26,162.55836231293966,163.97890719622032,162.36128750527038,163.64224243164062,2959500
2014-09-29,162.1724547536755,163.5683670482081,162.0574975654056,163.22349548339844,3024800
2014-09-30,163.42871832681624,163.90497294399879,162.5172679012304,162.79644775390625,4368600
2014-10-01,162.6158165081066,162.62403578838,160.2920405398301,160.6615447998047,13017200
2014-10-02,160.52194456493433,161.21989422693213,158.99464952950584,160.67794799804688,5643800
2014-10-03,161.7372488127284,162.77186344334137,161.2527873012869,162.43521118164062,5624000
2014-10-06,163.12493880521168,163.322001080328,161.6715418792696,162.22169494628906,3634100
2014-10-07,161.39234632053152,161.77005733080765,159.7172419681181,159.75830078125,4917400
2014-10-08,159.81579620835137,162.74721022510417,158.9946700089014,162.53372192382812,5007900
2014-10-09,162.31198788693223,162.49263662371908,159.1834995816348,159.21633911132812,6703600
2014-10-10,159.27381584514302,160.0620898115645,157.46734109858926,157.49197387695312,6836500
2014-10-13,157.40167179660483,157.9846643396028,154.79870343607865,154.83154296875,4569800
2014-10-14,155.69368209901128,156.876105397426,154.60158315059735,155.1927947998047,9802100
2014-10-15,153.04968297479095,154.46202077406608,150.37281657957325,153.9529266357422,17407700
2014-10-16,151.29248107122027,155.02860726162496,151.16931717029945,153.90365600585938,12451600
2014-10-17,155.71016185428562,156.83510071387522,155.08609793734672,155.8251190185547,5800400
2014-10-20,155.5048654111282,157.4016647045459,155.48023263038695,157.31134033203125,3164000
2014-10-21,158.44452176442098,160.5055440769703,158.2638729927116,160.40701293945312,6178400
2014-10-22,160.7189911507231,161.0967146299501,159.19991554303536,159.29844665527344,5299500
2014-10-23,160.83395908404046,162.13133977625174,160.60404478713104,161.17062377929688,5831700
2014-10-24,161.38412241111644,162.41053006301968,160.77649709999952,162.32020568847656,6324200
2014-10-27,161.7700120419961,162.3694429812472,161.2034456851967,162.11488342285156,2172600
2014-10-28,162.70610862958088,163.99528243786787,162.61578427021436,163.9542236328125,3039800
2014-10-29,164.11852021231465,164.58656824776946,162.67334234119716,163.76544189453125,4783200
2014-10-30,163.28095000504095,165.26807390701433,163.19062562179707,164.89035034179688,2946900
2014-10-31,166.78709673881713,166.8363622904606,165.96597079972585,166.68035888671875,5761200
2014-11-03,166.8692703076193,167.3373057345854,166.4094416322169,166.77894592285156,6318500
2014-11-04,166.34372696983834,166.63111358742606,165.36658490538224,166.22055053710938,5309000
2014-11-05,167.43581885047476,167.46865838012954,166.5243684175342,167.2880096435547,5668700
2014-11-06,167.27981072786312,168.01881920890585,166.6721729009815,167.9202880859375,4176600
2014-11-07,167.92031600955977,168.28161355971093,167.4851201048937,168.13380432128906,3614700
2014-11-10,168.1009699941587,168.65932984032008,167.90389517995277,168.5772247314453,3223900
2014-11-11,168.6675796460511,168.8810680030321,168.33912156293255,168.75790405273438,2509200
2014-11-12,168.1091665774108,168.82355490482405,168.05990100918748,168.62648010253906,3229200
2014-11-13,168.7824656325759,169.3244118440255,167.99417909506838,168.7332000732422,2557200
2014-11-14,168.73323055390014,169.02061721172456,168.40477255002574,168.80712890625,2308400
2014-11-17,168.46225489147653,169.11093907921054,168.3472977241797,168.87281799316406,2729200
2014-11-18,168.9795155324867,170.21942382234147,168.9795155324867,169.89918518066406,7502600
2014-11-19,169.69393414368287,169.91562918429878,168.8892214908855,169.64466857910156,4025900
2014-11-20,168.82352974044085,170.03879284990845,168.77425165017107,169.90740966796875,3161700
2014-11-21,171.65641754187345,171.70568310427055,170.27691914780328,170.8270721435547,8772000
2014-11-24,171.2951735430741,171.4511895589845,171.05705240732266,171.35264587402344,2383100
2014-11-25,171.59066997668938,171.77952541407114,170.96661884090528,171.23757934570312,4036200
2014-11-26,171.3444111772395,171.73854826462366,171.14733636885134,171.64822387695312,2496400
2014-11-28,171.51683290269509,171.8370715975573,171.057004266933,171.27049255371094,2406100
2014-12-01,170.63820882598915,170.71210716619882,169.76781718514732,170.1208953857422,3774900
2014-12-02,170.12097910878992,171.39372766612433,170.12097910878992,171.18844604492188,2510200
2014-12-03,171.3443808862416,172.05875658009603,171.20479095349936,171.8616943359375,2850000
2014-12-04,171.56607822156786,172.15728997760974,170.8681160700384,171.65640258789062,3511900
2014-12-05,171.84531660980545,172.3379974174692,171.5743434185297,171.97669982910156,2796200
2014-12-08,171.57429482716475,172.03412343508023,170.22764853424513,170.77780151367188,3487800
2014-12-09,168.95491314966193,170.78603349655396,168.55256935250432,170.66285705566406,4060200
2014-12-10,170.2112451088671,170.26052320573655,167.73965974839004,168.00242614746094,4952600
2014-12-11,168.55256643774473,170.43293978732854,168.3801244352372,168.77426147460938,5242400
2014-12-12,167.53440354273818,168.4786938072973,166.02353410768623,166.0727996826172,5887900
2014-12-15,166.9842299315963,167.41121907763002,164.307362943637,164.89857482910156,6440300
2014-12-16,164.1431350535313,167.27163664199657,163.5355096373834,163.61761474609375,12389900
2014-12-17,164.0445266460063,167.23870580521782,163.89673000230474,166.79530334472656,6646100
2014-12-18,169.26697793672048,170.93386335247774,168.56901555777483,170.8845977783203,10987500
2014-12-19,171.58254990165722,172.3379845621693,170.94205988771338,171.62359619140625,5108100
2014-12-22,171.85353099018886,172.43653622082115,171.62361661091262,172.42832946777344,4444000
2014-12-23,173.060564812289,173.1016236308745,172.49399822162087,172.69927978515625,3431600
2014-12-24,172.94110736982094,173.1804964215154,172.66870565346844,172.75950622558594,1828900
2014-12-26,173.13917493108642,173.6014276855958,173.11441229034077,173.2217254638672,1611800
2014-12-29,173.04840544891718,173.69225941477487,173.04015543233524,173.5189208984375,3383000
2014-12-30,173.08971272392523,173.19702593655686,172.49538393856884,172.5283966064453,2955400
2014-12-31,172.89980935439863,173.06489783484432,170.73710869559596,170.76187133789062,5125200
2015-01-02,171.56258746530128,171.9588149878054,169.74658873788317,170.64633178710938,3400900
2015-01-05,169.73010150377667,169.87042738236693,167.3692990262784,167.64996337890625,9582600
2015-01-06,167.9883545329062,168.49188262274447,165.29737557476324,166.13934326171875,8019900
2015-01-07,167.43530026837436,168.5083943585472,166.98956008084278,168.19471740722656,3563300
2015-01-08,169.58975163414888,171.35622508451908,169.57323900504852,171.1993865966797,4683200
2015-01-09,171.5625857284901,171.570848340612,169.16877096596068,169.7548370361328,4395100
2015-01-12,169.9199262515659,170.06850211402758,167.85628863663527,168.4671173095703,3501600
2015-01-13,169.6805581223186,170.79492760973685,166.7006645357186,168.02964782714844,8469500
2015-01-14,165.95782231847173,167.1464801930381,165.06632891254694,167.014404296875,8016900
2015-01-15,167.59215704260725,167.9140840452643,165.32215539438695,165.4459686279297,8726300
2015-01-16,165.23959341924177,167.75723395595702,165.04974227578475,167.5673828125,4981700
2015-01-20,168.2194942419065,168.4918959443835,166.40349548750532,167.98011779785156,3629200
2015-01-21,167.5013519050827,169.2760879752889,167.04734906873014,168.80557250976562,5354100
2015-01-22,169.58148601376507,171.45527248770807,168.1947149921837,171.28192138671875,4845500
2015-01-23,171.03427817416988,171.3149298589646,170.24184840587372,170.36566162109375,4820000
2015-01-26,170.19236333426255,170.8774927271086,169.45770863996103,170.81971740722656,3336100
2015-01-27,168.7560593044896,169.67231505968212,167.69121506700958,168.52493286132812,5848900
2015-01-28,169.73833941193465,169.81262734941447,166.1888798965902,166.34571838378906,6542800
2015-01-29,166.51907407964973,168.16173446309938,165.15707803692567,167.93885803222656,7315800
2015-01-30,166.7337379576056,168.04620899847785,165.53681757150926,165.80921936035156,9675500
2015-02-02,166.31273373990447,167.92236908894026,164.4884845428134,167.8233184814453,4535100
2015-02-03,168.73950765281134,170.28310445456162,168.39281806824172,170.2088165283203,3616900
2015-02-04,169.54020903402815,170.7206162830073,169.1852694150024,169.6062469482422,6147000
2015-02-05,170.30794539635318,171.48009042366326,170.2336448460034,171.3810272216797,7029700
2015-02-06,171.71118495664194,172.28900104634488,170.3739390399625,170.82794189453125,3844900
2015-02-09,170.21711807049468,170.94351006339662,169.69707727697738,170.09329223632812,6166700
2015-02-10,171.14160641685868,172.16517526937213,170.25836341909022,171.9340362548828,2888500
2015-02-11,171.75243198825882,172.42929855475617,171.0920654534351,172.01657104492188,7154900
2015-02-12,172.83381628367044,173.71704681069696,172.64395251622756,173.6179962158203,4695600
2015-02-13,173.76654145801945,174.42690803009356,173.54367765885718,174.4021453857422,3099400
2015-02-17,174.0802467987158,174.83141405437613,173.83260771937813,174.71585083007812,2256100
2015-02-18,174.27835058763145,174.74885347549082,174.02246150531982,174.6828155517578,2141000
2015-02-19,174.10502070922584,174.91396333163888,173.93993217747078,174.54251098632812,2185200
2015-02-20,174.1215236867465,175.65687087829048,173.5354449467469,175.6073455810547,4613500
2015-02-23,175.35972461483212,175.58260107086417,174.97175961914414,175.54957580566406,2630500
2015-02-24,175.50828422673456,176.27596412825898,175.21938245802193,176.07785034179688,2244900
2015-02-25,175.95403287673065,176.43279840261107,175.5990805922647,175.94577026367188,2066100
2015-02-26,175.87152445271727,175.97883768461685,175.12861963535792,175.74771118164062,4450300
2015-02-27,175.6320984567963,175.89623755917174,175.1203076911285,175.1698455810547,3932500
2015-03-02,175.21933304097794,176.28416442871094,175.20282041456807,176.28416442871094,8313900
2015-03-03,175.79714404133816,175.87969457561047,174.6415121341842,175.49172973632812,3137300
2015-03-04,174.92222964853138,174.9717549495616,173.79960997520354,174.75714111328125,4795800
2015-03-05,175.08730919403445,175.2276350715645,174.45996775411527,174.938720703125,2937500
2015-03-06,174.0884733345799,174.51771350783767,172.15691144808773,172.50360107421875,6450200
2015-03-09,172.6686595660332,173.5436523890036,172.60263425434007,173.2217254638672,2579300
2015-03-10,171.83498833363828,171.88451362485068,170.3739292656453,170.39044189453125,4051500
2015-03-11,170.65463681702022,170.81972536137508,169.90346945543973,170.02728271484375,2934100
2015-03-12,170.62155426076308,172.2146890377048,170.5637789575901,172.14865112304688,4477400
2015-03-13,171.8597693374673,172.0166078400238,170.05202044243663,171.09210205078125,4123500
2015-03-16,171.83497317837336,173.46937062146142,171.81021053495112,173.46112060546875,3195600
2015-03-17,172.6934572524401,173.25476064290177,172.0661033508129,172.8750457763672,3231900
2015-03-18,172.41281234450753,175.62383235918898,171.76070832105017,174.9139404296875,5602500
2015-03-19,174.54246777241335,174.8148694503183,173.77480062186302,174.1627655029297,3664700
2015-03-20,175.09555924851716,176.19341621519027,175.0295213187044,175.69815063476562,3179400
2015-03-23,175.706374547361,176.25942795749535,175.35968491393854,175.40921020507812,2388400
2015-03-24,175.17814732162714,175.673425603556,174.2949039911256,174.31141662597656,4224100
2015-03-25,174.5618306648789,174.8106503618246,171.77507790117727,171.8414306640625,4066700
2015-03-26,171.14476924789722,172.29762176914582,170.43978211854133,171.41845703125,4182600
2015-03-27,171.29407163928707,171.95758677447037,171.0950133020825,171.76683044433594,2208600
2015-03-30,172.80352516053225,174.16372514848698,172.80352516053225,173.85684204101562,3308800
2015-03-31,173.04405779273537,173.7490448792539,172.31419000015114,172.37225341796875,3409700
2015-04-01,172.32246462839584,172.3307539772686,170.75491711781635,171.83311462402344,6568300
2015-04-02,171.68387660210496,172.8035591204048,171.48481827615228,172.314208984375,2798200
2015-04-06,171.4848068884629,174.0476336248614,171.34381199608774,173.5748748779297,2648600
2015-04-07,173.53341507013533,174.29645300626018,173.05236693867658,173.0606689453125,2247200
2015-04-08,173.3177443555462,174.0807821433693,172.89475973075707,173.68267822265625,2862500
2015-04-09,173.50847871628997,174.6447522326803,173.01085204214638,174.44569396972656,2190400
2015-04-10,174.66136242263568,175.4078215516851,174.47889547923444,175.35804748535156,1737800
2015-04-13,175.25851747459242,175.85567969113796,174.5535430908203,174.5535430908203,1428800
2015-04-14,174.3959711290165,175.09265622015974,173.74904745074107,174.8604278564453,2816200
2015-04-15,175.39953524082978,176.20404520267772,175.29172305953384,175.7561798095703,2765900
2015-04-16,175.38296912915393,176.146007081202,175.17562144689637,175.67324829101562,3055800
2015-04-17,174.47888472761935,174.68623236366224,172.84498434316168,173.64120483398438,4583700
2015-04-20,174.57008197299098,175.54046718967172,174.4871505290781,175.2335968017578,2645000
2015-04-21,175.91375128943284,176.04644416723102,174.71942680077592,175.05117797851562,2663900
2015-04-22,175.3663615093702,176.04645526325106,174.43744802875355,175.8971710205078,2709300
2015-04-23,175.4824444909001,176.96704792579231,175.37461967553824,176.3367156982422,3736600
2015-04-24,176.71828840749225,176.98368685946988,176.26212097620456,176.72657775878906,1838500
2015-04-27,177.2988433953483,177.3900768733776,175.7893463325903,176.02987670898438,2234800
2015-04-28,175.9634940003475,176.59382623326405,174.7940503415267,176.51089477539062,4874300
2015-04-29,175.62346671631286,176.41968729322096,175.02630444750596,175.82252502441406,3653300
2015-04-30,175.25023652100526,175.63174911038433,173.35922696318,174.04762268066406,3738000
2015-05-01,174.8438590473387,175.98842231288327,174.7526255601504,175.93035888671875,2983100
2015-05-04,176.36990754609997,177.00854185713666,176.27038472300202,176.49432373046875,1834400
2015-05-05,176.1873870380304,176.53574212396381,174.2797993459242,174.45396423339844,2541700
2015-05-06,174.9516729697182,175.2751348303727,172.63766587346117,173.7324676513672,3332900
2015-05-07,173.59979816036744,174.80241237127024,173.27633623253152,174.41259765625,5453200
2015-05-08,176.06304612398915,176.89243677377448,176.01328470988153,176.68508911132812,5096900
2015-05-11,176.66020116266216,176.90902087849759,175.7810491348072,175.830810546875,4542500
2015-05-12,175.0014257419338,175.86398644257494,174.18862645501275,175.29171752929688,3802900
2015-05-13,175.76445343301722,176.3616156740583,175.11752978113873,175.35804748535156,2720800
2015-05-14,176.4113816436322,177.28224432227955,176.1128005153959,177.23248291015625,2633300
2015-05-15,177.3983714114741,177.51448560004349,176.9090339493244,177.4149627685547,3021800
2015-05-18,177.2407843541651,178.20288057251818,177.17443158164102,177.93746948242188,3440000
2015-05-19,178.07011138412034,178.3189310282816,177.58906344687327,177.90423583984375,1716100
2015-05-20,177.97889168486634,178.5097010608508,177.4480823088819,177.73007202148438,1738000
2015-05-21,177.63058538202776,178.46826534194622,177.44811843543224,178.2443389892578,1341300
2015-05-22,177.87935258009387,178.30233711023348,177.77982978605928,177.87106323242188,1840900
2015-05-26,177.3568953479091,177.43983947594467,175.5239490799961,175.9386444091797,3072600
2015-05-27,176.41138331405133,177.83793620074428,176.0630407703933,177.62229919433594,2496300
2015-05-28,177.29882695523506,177.51446394899244,176.70166472814216,177.3900604248047,2973800
2015-05-29,177.32370135111623,177.37346275902087,176.03814347309932,176.3118438720703,3736000
2015-06-01,176.95050776388965,177.29885033304205,175.87229734194318,176.61874389648438,3517000
2015-06-02,176.20403699990695,177.15784381871995,175.5654026705883,176.4777374267578,2791500
2015-06-03,176.9836464050661,177.57251925548886,176.46112631634557,176.97535705566406,3367400
2015-06-04,176.2372238835858,176.81779480784584,175.13413279974327,175.548828125,2924100
2015-06-05,175.25024531772894,175.81422488007533,174.48720744517368,175.1590118408203,2672400
2015-06-08,175.04284540730004,175.16724890436095,173.98951606204307,174.08074951171875,2830200
2015-06-09,174.0973777097372,174.56183440438792,173.42557337243912,174.02273559570312,2582900
2015-06-10,174.95169035949195,176.51094905070917,174.71946195724666,176.08795166015625,3308000
2015-06-11,176.6021449841508,177.074903729167,176.36162726413173,176.68508911132812,3438000
2015-06-12,175.89715133772074,176.0215548594194,175.08435213313294,175.34146118164062,4895200
2015-06-15,174.1471004154093,174.8769680050757,173.5001769265661,174.61155700683594,2909200
2015-06-16,174.43743506450699,175.62345753425606,174.27984882743633,175.5819854736328,4033700
2015-06-17,175.83910372513327,176.42797664358056,174.81066743868553,175.82252502441406,2363300
2015-06-18,176.41969535791424,178.11993611061885,176.29527916385226,177.58912658691406,3004100
2015-06-19,177.4647412345207,177.50621330345797,176.49435556778147,176.53582763671875,3268000
2015-06-22,177.821343718835,178.3770465706127,177.5891153578667,177.7964630126953,3093300
2015-06-23,178.01210005825519,178.24432840276648,177.53105201448307,177.87939453125,3273200
2015-06-24,177.61336774976408,178.01367604288072,176.59590743034872,176.6209259033203,2056200
2015-06-25,177.1546647256813,177.24640336335398,176.02044735335116,176.06214904785156,2986900
2015-06-26,176.4541645549872,176.67099560279698,175.51175947977148,176.1122283935547,3169700
2015-06-29,174.56097942152348,175.20314989368126,172.2925446470175,172.4093017578125,5559400
2015-06-30,173.8854445423799,173.8937797906492,172.25918033997522,172.8179473876953,4765100
2015-07-01,174.3691974011459,174.5693579370574,173.3517369466816,174.16903686523438,4942100
2015-07-02,174.5859668742199,174.7777920922493,173.55183628393593,173.96047973632812,2880800
2015-07-06,172.65114712376908,174.25239279811302,172.48435308540252,173.50180053710938,4563400
2015-07-07,173.66864790782606,174.68610832300246,171.27510772184272,174.56935119628906,5829900
2015-07-08,173.2182922905278,173.51019147412455,171.40021518868372,171.62538146972656,5093200
2015-07-09,173.76873566822994,173.99391468969816,171.86725503834438,171.93397521972656,4401900
2015-07-10,173.96884275253652,174.51092656202349,173.27663539967855,174.12728881835938,4358200
2015-07-13,175.36993178660938,176.1371945651349,175.34491331642909,176.0454559326172,3189400
2015-07-14,175.9537102505761,177.08792751373048,175.937039754837,176.77935791015625,4364400
2015-07-15,176.83776937562843,177.2881273720037,176.27066698087097,176.71267700195312,3262100
2015-07-16,177.79681155374539,178.14708283495807,177.55494939313763,178.0970458984375,4311100
2015-07-17,178.13881430511628,178.34731010241833,177.73849321188334,178.28892517089844,2326600
2015-07-20,178.49739693389742,178.8560162742679,178.0887406450036,178.35562133789062,2361300
2015-07-21,178.21383823378136,178.47237094064135,177.37985519200265,177.6634063720703,2928100
2015-07-22,176.97117035644737,177.6800609177699,176.95448713514457,177.32144165039062,3078200
2015-07-23,177.49662905185457,177.56334922855905,176.0037921399334,176.36241149902344,2800200
2015-07-24,176.43745464863636,176.50417482069824,174.1857029252275,174.51095581054688,3545300
2015-07-27,173.61862068291177,174.13569893285575,173.05985345241464,173.46017456054688,4497300
2015-07-28,174.35255053292843,175.77031962929107,173.52691519196563,175.62020874023438,2766500
2015-07-29,175.77860597429182,177.0629342352348,175.61181191418598,176.7960662841797,3765300
2015-07-30,176.32903300894068,177.04625895257928,175.72022893574086,176.8544464111328,2181500
2015-07-31,177.42151461914042,177.42151461914042,176.33733437801607,176.6042022705078,4474000
2015-08-03,176.55423137493452,176.63763478066684,175.0780776273693,176.00379943847656,5257200
2015-08-04,175.9703830970298,176.3873745261697,175.19478514710252,175.6367950439453,3046800
2015-08-05,176.58753813390257,177.28808069318,175.97038622659505,176.29563903808594,2820000
2015-08-06,176.4040588193459,176.54583437904748,174.21901506397737,174.87786865234375,2999800
2015-08-07,174.66110200898027,174.7778718779042,173.58526923994157,174.45260620117188,3556800
2015-08-10,175.60339031763044,176.74594251218855,175.60339031763044,176.6625518798828,2173300
2015-08-11,175.3282042683535,175.72852518341006,174.3190921848721,175.06967163085938,2778200
2015-08-12,173.76038555128082,175.46170549146046,172.3259335882242,175.2365264892578,4091200
2015-08-13,175.13641099854019,175.81193511915777,174.5359422856425,175.0613555908203,2648100
2015-08-14,174.88623913908862,175.7702591162793,174.7361283017111,175.66184997558594,2011800
2015-08-17,175.08640271618677,176.69598388671875,174.63604474501943,176.69598388671875,2413000
2015-08-18,176.4373907831422,176.75430830432776,175.9453440085614,176.19554138183594,1960600
2015-08-19,175.45338689397818,176.20396667179523,173.9688978396655,174.77786254882812,5296300
2015-08-20,173.2932760722603,173.79367082995392,171.06654357910156,171.06654357910156,8387700
2015-08-21,169.2985753090824,170.2326323420527,165.70411005659201,165.80418395996094,14981000
2015-08-24,157.21409775439452,164.26126280586803,122.77061726347743,158.89041137695312,13186300
2015-08-25,163.88593666759533,164.2445558477974,156.82210214297362,157.0222625732422,8894700
2015-08-26,161.15893907352643,163.3606544983666,158.01481843814403,163.19384765625,13443500
2015-08-27,165.3371497619396,167.26364868902627,163.74423898500123,167.2052764892578,9720100
2015-08-28,166.51297922209562,167.62217767545508,166.0376030025564,167.19683837890625,5822600
2015-08-31,166.2545453688259,167.03847883716696,165.2787738887769,165.754150390625,7316500
2015-09-01,162.02628883498164,163.36066732321945,159.98303211439836,160.73361206054688,12412100
2015-09-02,163.27720345276254,163.9527276993422,161.40907680589828,163.91102600097656,8961900
2015-09-03,164.628263593836,166.13778373781625,163.52741248741052,164.05282592773438,9071300
2015-09-04,161.80104169611798,162.58498777375712,160.71687394677468,161.5091552734375,7237100
2015-09-08,164.34471038369648,165.75414388223322,163.7192230482918,165.6874237060547,6466700
2015-09-09,167.16354665171164,167.32200545031017,163.01031507125825,163.38560485839844,7630400
2015-09-10,163.20211440758615,165.43718245310527,162.9435817467833,164.2612762451172,4904800
2015-09-11,163.8276288418182,165.08693863892987,163.1771230949053,165.06192016601562,3392300
2015-09-14,165.17869699092157,165.2537524186201,163.9277222936555,164.41976928710938,2576600
2015-09-15,164.98689675172972,166.9217311439912,164.4865017452348,166.47972106933594,4680900
2015-09-16,166.72990996271358,168.1226602973292,166.46304197178458,167.97254943847656,5331600
2015-09-17,167.7556759264856,170.17423426999838,167.20525681605986,167.54718017578125,8791600
2015-09-18,165.1286008868558,166.5880708441891,164.4197103887809,164.75331115722656,5983300
2015-09-21,165.64568497368353,166.68816363296926,164.6282247841751,165.62066650390625,4907900
2015-09-22,163.44398218762575,163.994414013043,162.4098514283733,163.5357208251953,4986300
2015-09-23,163.67747422497112,164.15285057129324,162.6933805421951,163.26048278808594,4726600
2015-09-24,162.05957279808473,163.1187219811667,160.7001765186957,162.6767120361328,6846100
2015-09-25,164.20468639736814,164.44788484407192,161.75587446611496,162.56935119628906,7237900
2015-09-28,161.73072811124538,161.8145839142543,158.25878051219502,158.51036071777344,11841600
2015-09-29,158.7535298669655,159.98632373349048,157.6381443307501,158.5354766845703,9002500
2015-09-30,160.59019148910983,161.75589341479784,159.75155664195148,161.6133270263672,7919900
2015-10-01,161.97396219254412,162.3010293282677,160.0786517132938,162.05783081054688,6009700
2015-10-02,160.01154280120372,164.43115234375,159.4999749961154,164.43115234375,4667800
2015-10-05,165.6639023501963,167.59276482828523,165.57165201613182,167.40826416015625,4802800
2015-10-06,167.24053326860243,167.79403525147222,166.12514756247398,166.77928161621094,4451000
2015-10-07,167.76888301117305,168.5068728838632,166.54447065507355,168.15464782714844,4975200
2015-10-08,167.710210923786,169.96614094914912,167.47539416542256,169.69778442382812,5945300
2015-10-09,169.93258925099616,170.2680380832335,169.1778101836331,169.8235626220703,3299600
2015-10-12,169.8655192343643,170.133875776088,169.43780720105295,169.9745330810547,2128900
2015-10-13,169.20298264547947,170.47771135055757,168.71657283963975,168.87591552734375,3841600
2015-10-14,168.83401066591173,169.40427634492448,167.7857168766486,168.02891540527344,2526300
2015-10-15,168.792119001232,170.63711397717165,168.36440683735373,170.6035614013672,3016700
2015-10-16,171.03959099966272,171.42536869701132,170.28482468311336,171.3582763671875,3678900
2015-10-19,170.79636323410085,171.50919512279333,170.47767792118464,171.492431640625,3960000
2015-10-20,171.1234516127859,171.90337591699642,170.82992428309532,171.24085998535156,2440200
2015-10-21,171.75243482532053,171.93693553214305,170.05838869747436,170.24288940429688,5138300
2015-10-22,171.20727220133483,173.30385899192945,171.04794235435185,173.04388427734375,4176600
2015-10-23,174.8302355531948,175.36696142929665,173.991600572001,174.9895782470703,4272700
2015-10-26,174.8469626177474,174.8805023770701,174.22636829959708,174.58697509765625,3308800
2015-10-27,173.87411235237678,174.57856234195907,173.55542711094978,174.25149536132812,4240700
2015-10-28,174.59543441018494,176.23077021058054,173.924523805866,176.2056121826172,4517700
2015-10-29,175.72757979693623,176.4823590072005,175.60178966016974,176.1133575439453,3383000
2015-10-30,176.33137623370547,176.6249035785904,175.21599023831777,175.31663513183594,3971300
2015-11-02,175.7107620299204,177.6312300384383,175.58495913546128,177.4551239013672,4298000
2015-11-03,177.06935932969338,178.520194017597,176.87647689982867,177.8996124267578,3078100
2015-11-04,178.21827872251328,178.3692396423983,176.90162872608272,177.4383544921875,3355600
2015-11-05,177.49710574111216,177.9583575844906,176.34817980115128,177.22036743164062,2726800
2015-11-06,176.8932412094526,177.37965095375287,175.82818417285503,177.15322875976562,3182700
2015-11-09,176.51586272865114,176.63327109784015,174.54507847465342,175.4508056640625,3548900
2015-11-10,175.0147773470117,175.92888661987226,174.73802620268046,175.87857055664062,3550100
2015-11-11,176.1804507287355,176.20560875620967,175.14053867243499,175.19924926757812,2044600
2015-11-12,174.14254315914368,174.62057122548822,172.733642578125,172.733642578125,4298500
2015-11-13,172.30594278213292,172.6078518765639,170.72092323550865,170.80477905273438,6866500
2015-11-16,170.58670914641604,173.4464569091797,170.50284054710357,173.4464569091797,4713700
2015-11-17,173.7148538359618,174.60380489080472,172.79235021496183,173.22006225585938,8067600
2015-11-18,173.76517945266505,176.18883423044866,173.74002142493987,176.00433349609375,4701900
2015-11-19,175.937210462485,176.3146064056326,175.6101433625627,175.83657836914062,3369100
2015-11-20,176.66685334754396,177.22035552240266,176.16366722557157,176.63330078125,5014100
2015-11-23,176.5159226120992,177.09458291246847,175.87018276076714,176.29788208007812,2329200
2015-11-24,175.24112452617862,176.9603155415039,174.94759724248607,176.5493927001953,3222000
2015-11-25,176.72547888983368,176.89320326306577,176.32293783476675,176.55775451660156,1887000
2015-11-27,176.616520398302,176.94358750732815,176.1636503725406,176.70877075195312,1062400
2015-11-30,176.95199519559344,177.0190875350457,175.90370138519302,176.00433349609375,5284800
2015-12-01,176.65006959519488,177.81577169180596,176.37331851946723,177.73190307617188,4190400
2015-12-02,177.65643526972354,177.9583443814853,175.6185583627477,175.8953094482422,3847000
2015-12-03,176.13848840925408,176.39846318285126,172.6833166889634,173.39614868164062,5916800
2015-12-04,173.80706924558538,177.0945162573704,173.67288460105078,176.7842254638672,6690300
2015-12-07,176.44879713562943,176.49073144452544,174.74636912619727,175.69403076171875,5875100
2015-12-08,174.15932725366343,175.44243776770358,173.54712729253654,174.54510498046875,7065500
2015-12-09,173.91613870210966,175.98756827477715,172.2220923381572,173.1697540283203,5733400
2015-12-10,173.27037083437537,174.9224827410935,173.01039604236814,173.60581970214844,6195600
2015-12-11,171.57626537988088,172.1381490775038,169.9325485801436,170.1505889892578,8088900
2015-12-14,170.42740050089893,171.23248291015625,168.64949845028102,171.23248291015625,8135300
2015-12-15,172.64981298464411,173.80713357815677,172.49047025984953,172.91818237304688,4734900
2015-12-16,174.11736499863252,175.7610949496209,172.69168830036185,175.41725158691406,5650100
2015-12-17,175.7694858541733,175.8449599241012,172.758789630332,172.8258819580078,6569100
2015-12-18,172.0291137564056,172.11296953563152,169.5215917807217,169.58868408203125,7050500
2015-12-21,170.93891650674237,171.27436527610962,169.76482022085648,171.04794311523438,3705000
2015-12-22,171.95364500559887,172.95162229815475,171.00599654172976,172.63294982910156,4574300
2015-12-23,173.6645097800467,174.82182999131086,173.54710141053818,174.8050537109375,5300100
2015-12-24,174.5748290591784,175.04715237584205,174.28806316975334,174.4483184814453,2254700
2015-12-28,173.8241136695951,174.1277518282968,173.03127998466067,174.03497314453125,3710800
2015-12-29,175.2253265283343,176.2721581432521,175.17467567114048,176.02732849121094,4690800
2015-12-30,175.70657271562573,175.7741115001153,174.56687666013644,174.72727966308594,5214000
2015-12-31,174.0856191007778,174.66811675824687,172.95436096191406,172.95436096191406,6230700
2016-01-04,170.08407627162524,170.53994691593107,168.49694721051492,170.53150939941406,7440000
2016-01-05,170.7931831715978,171.27439204169454,169.72102620974368,170.88604736328125,5262200
2016-01-06,168.30284003401118,169.70424116736052,167.63591530860543,168.6489715576172,5496600
2016-01-07,165.7194913181033,167.49233599029114,164.25900223255462,164.6135711669922,7545000
2016-01-08,165.58443622746498,166.150059095944,162.52838008139108,162.7900848388672,8904100
2016-01-11,163.7356000845676,164.05640610932343,161.05943839018124,162.95892333984375,7486800
2016-01-12,164.49532838727688,165.04406308629004,162.15684879702965,164.21673583984375,5444600
2016-01-13,164.91744977856632,165.3057815693072,159.80994507790234,160.22360229492188,7003900
2016-01-14,160.80612382886076,163.94660571859976,159.193682425117,162.76470947265625,6909900
2016-01-15,158.408577145571,160.13922129196482,157.41240915675883,159.33721923828125,8833200
2016-01-19,161.07629868864638,161.25357670646198,157.96957936074028,159.421630859375,7617200
2016-01-20,156.96493316258346,159.05859622957595,153.5627467808485,157.57276916503906,10177900
2016-01-21,157.96117832270014,160.22366990295612,156.66952951065554,158.3917236328125,8809600
2016-01-22,161.00029609411703,161.81073552086033,160.24894503642466,161.65878295898438,4370100
2016-01-25,161.1269580000774,161.31268642580744,158.99953150280007,159.19371032714844,4088400
2016-01-26,159.86063921129443,161.61660890500644,159.50607026569475,161.3549041748047,4655700
2016-01-27,160.9159162568621,162.51148302952004,158.69562537955957,159.624267578125,5691600
2016-01-28,161.16066820208368,161.3295215387224,158.77998815954967,160.49374389648438,5360400
2016-01-29,161.19451676069244,164.36032502571587,161.09321501835785,164.3012237548828,7807600
2016-02-01,163.33033435116698,165.06941579989186,162.7647116486392,164.2843017578125,6209900
2016-02-02,162.88294029910884,162.88294029910884,160.80616450539065,161.32113647460938,7111300
2016-02-03,162.41858445861735,162.69717705926547,158.75469307137246,162.1822052001953,7298300
2016-02-04,161.84453901513697,163.5160818900678,161.1860391559837,162.5367889404297,4503000
2016-02-05,162.05564118094193,162.10629205866198,158.83073122787596,159.4301300048828,5561300
2016-02-08,157.5980915942463,157.86824664873384,155.09922174874677,157.28573608398438,8106400
2016-02-09,155.5129433894967,158.60276233866958,155.42851668656095,157.22669982910156,5588300
2016-02-10,158.1215052068523,159.7592847110809,157.05778583968868,157.15065002441406,3838200
2016-02-11,154.64337565678912,156.1460909672613,153.664095552058,155.19212341308594,5853800
2016-02-12,156.88901210835698,158.35795177831525,156.07012200795407,158.33262634277344,3273100
2016-02-16,160.1982832379277,161.0256234682649,159.18522750139718,160.96652221679688,3444500
2016-02-17,162.1906330509667,164.01414112016187,162.0640059135376,163.63424682617188,3898100
2016-02-18,163.94664220134726,163.9888555513181,162.67188147514491,162.97579956054688,3710200
2016-02-19,162.19910394846423,163.05175683889425,161.59970536490155,162.8744659423828,2521700
2016-02-22,164.4953494639953,165.40709061388716,164.44468572748784,165.2298126220703,2517000
2016-02-23,164.63893100569422,164.85842242572832,163.0686894640604,163.22064208984375,2727400
2016-02-24,161.74319550394176,164.19986495555372,160.62883808036358,163.96348571777344,2966000
2016-02-25,164.3771961917532,165.9389870476461,163.625844955359,165.88833618164062,2731500
2016-02-26,166.80003837226843,166.88445216203814,165.3733126436351,165.59280395507812,4392600
2016-02-29,165.584403432923,166.5214830161146,164.13235195479368,164.2083282470703,5026000
2016-03-01,165.48307987799308,168.17612863483564,165.0187589058301,168.15924072265625,5127900
2016-03-02,167.76254062010298,168.91911197721188,167.39108366058247,168.90223693847656,4431300
2016-03-03,168.6657937488141,169.54378500277835,168.11705887636526,169.50157165527344,3087200
2016-03-04,169.7548178045489,170.86917532658,168.9274903992239,170.09249877929688,3465700
2016-03-07,169.18926892653866,170.63287053757938,169.08795428453453,170.26141357421875,3868300
2016-03-08,169.15542130326114,169.65351813732948,168.20990425718523,168.3196563720703,3312400
2016-03-09,169.17227529794144,169.51840660494673,168.37871098693455,169.1891632080078,3239400
2016-03-10,169.68730905112054,170.62438873577554,167.54300743056436,169.28208923339844,3302300
2016-03-11,170.80168635677876,172.11866047735242,170.70037173709184,172.0848846435547,2675500
2016-03-14,171.5867907541452,172.3297044746361,171.24910972576143,171.84849548339844,4579800
2016-03-15,170.90294499055875,171.6120827409811,170.632789915139,171.56143188476562,4213300
2016-03-16,171.07179136953621,172.97971334907749,171.0295780273337,172.65892028808594,3510400
2016-03-17,172.51542330252278,174.18696619888343,172.10175311632793,173.7479705810547,5150200
2016-03-18,174.22916916496033,174.7019277028991,173.87460026150623,174.3895721435547,6273200
2016-03-21,174.1194280930194,174.84545385997242,173.87461129237812,174.64283752441406,4764800
2016-03-22,173.840818896589,175.09025397587527,173.68041592310357,174.54151916503906,4603500
2016-03-23,173.17387523952797,173.36804113665855,172.26212124012466,172.47317504882812,2981100
2016-03-24,171.41793260322945,172.38877512122454,171.18155333134013,172.37188720703125,3317900
2016-03-28,172.78553116002993,172.96282202790184,172.00885468712426,172.4816131591797,2277500
2016-03-29,172.05955851819286,174.1278839111328,171.73875250693388,174.1278839111328,3928400
2016-03-30,174.1278894567353,175.5208528012705,174.1278894567353,174.86236572265625,2760600
2016-03-31,174.71879457564717,175.1324518056752,174.22914818269143,174.4570770263672,4606200
2016-04-01,173.41029794494312,175.7656533725616,173.10637986895634,175.5714874267578,4127100
2016-04-04,175.5292505291193,175.70654141703687,174.71036062539775,174.9973907470703,3051500
2016-04-05,173.69730051154784,174.13629608083548,173.005037772221,173.28363037109375,3063100
2016-04-06,173.3511557652001,175.20842673266492,173.0810135845864,175.15777587890625,2896900
2016-04-07,174.09410288066363,174.40645846021795,172.32969576537354,173.03883361816406,7193900
2016-04-08,174.22919270090003,174.65130043560967,172.9966324475973,173.55381774902344,2432400
2016-04-11,174.1616458437167,174.84545828117308,173.02194986015263,173.0641632080078,2745500
2016-04-12,173.29207818153503,175.02272212231298,172.85308261880087,174.7694549560547,2453300
2016-04-13,175.63905324617383,176.57613305124514,175.52086358074627,176.52548217773438,3197700
2016-04-14,176.5592157964594,176.99821143012323,176.17087102789037,176.54232788085938,2510600
2016-04-15,176.54232554619878,176.58453889378796,176.0020281894904,176.26373291015625,2828500
2016-04-18,175.76564105275364,177.58071186440148,175.65590181196794,177.54693603515625,3475000
2016-04-19,177.96906010603396,178.36584240509913,177.3021355566702,178.08724975585938,3401000
2016-04-20,178.15481228221654,178.97370242289563,177.69049113826847,178.22235107421875,2458800
2016-04-21,178.30674720021574,178.40804892998935,177.05729908505015,177.3358917236328,2969000
2016-04-22,176.98134909895018,177.5807478132002,176.4410516569913,177.3105926513672,3286400
2016-04-25,176.75338502689476,177.02354015469805,176.11178592092014,176.9982147216797,2767600
2016-04-26,177.39496999385463,177.7917522263121,176.82089687556788,177.2936553955078,2230800
2016-04-27,176.87158876675633,178.04504782302067,176.55923314683977,177.62294006347656,2817200
2016-04-28,176.90536162790562,178.00284436061546,175.62215045358153,176.0864715576172,4416500
2016-04-29,175.4364131172808,175.75721911502345,173.9928118908503,175.1409454345703,4362400
2016-05-02,175.60524350510164,176.66051277185872,175.157810366533,176.50856018066406,3478900
2016-05-03,175.21689021628714,175.47859490138845,174.2122719360311,174.963623046875,3407900
2016-05-04,173.95064137659685,174.6597794477735,173.4694322614856,173.967529296875,2469100
2016-05-05,174.4064555574862,174.76102447798021,173.49470138405678,173.91680908203125,2174000
2016-05-06,173.17391784332474,174.59219360351562,173.01351484817582,174.59219360351562,2383900
2016-05-09,174.44023899959146,175.11560104045947,174.27138560766923,174.7610321044922,2841900
2016-05-10,175.41950304304015,176.8968799150948,175.36041466664406,176.8800048828125,2889500
2016-05-11,176.42415980396302,176.77872878468014,175.23382568359375,175.23382568359375,3116300
2016-05-12,175.9007327710936,176.06113576866395,174.27984064281887,175.31822204589844,3347900
2016-05-13,174.96361907921903,175.52080426294978,173.4355914634115,173.69729614257812,4859600
2016-05-16,173.90839220175522,175.942954639026,173.86617885060772,175.45330810546875,2636200
2016-05-17,175.19161271877493,175.4870804291743,173.30900278704772,173.9084014892578,4338200
2016-05-18,173.90834402147223,175.04803977817747,172.80242408901003,173.92523193359375,4253000
2016-05-19,173.13168195484616,173.55378962114477,172.05108735965797,173.3089599609375,3841300
2016-05-20,173.89994960854807,174.88768016438047,173.82396042601803,174.3642578125,2658700
2016-05-23,174.37271361921137,174.66818131437068,173.94215547110986,174.1278839111328,2118400
2016-05-24,174.9636092600561,176.7111409977645,174.92139592152984,176.3903350830078,2616600
2016-05-25,177.07421501929056,178.00285729483983,177.04045206459207,177.58074951171875,2453100
2016-05-26,177.75797599086664,177.96902982119047,177.3274308144193,177.64822387695312,2022900
2016-05-27,177.80025587286883,178.39120424259013,177.75804251466553,178.3827667236328,2489200
2016-05-31,178.686621361508,178.80481099344664,177.51316255808032,178.10411071777344,3590100
2016-06-01,177.4962858632445,178.61909387848124,177.27679449911503,178.44180297851562,2873900
2016-06-02,178.05346473927617,179.02430725097656,177.563818284479,179.02430725097656,3646600
2016-06-03,178.41647635967234,178.8048211046905,177.26834292089822,178.4249267578125,3327800
2016-06-06,178.8216952848942,179.7165614631181,178.6528419155132,179.4126434326172,2977100
2016-06-07,179.53088455218497,180.20625957829816,179.49710871594036,179.62374877929688,2590400
2016-06-08,179.76723918365911,180.35818741968683,179.65748705350202,180.19778442382812,1625000
2016-06-09,179.49709358169972,180.1133801649836,179.2438392397541,179.9867401123047,2154400
2016-06-10,178.61906888042142,178.94831232138972,177.74107778337077,178.28982543945312,3253900
2016-06-13,177.69044441029962,178.53465976575941,176.81246610857121,176.8800048828125,3656500
2016-06-14,176.5423467017402,177.14174539324202,175.59682943462298,176.55923461914062,4763300
2016-06-15,176.9729131085913,177.65672565553714,176.1033721067087,176.24688720703125,3853600
2016-06-16,175.43639489401752,176.9981984893484,174.45710196809875,176.82090759277344,3751300
2016-06-17,176.71116165803411,176.76181251750654,175.51236453590198,176.1539764404297,3653500
2016-06-20,178.12098453880333,178.79634644975997,177.20923050096854,177.3189697265625,4395500
2016-06-21,177.68203345496067,178.19098606839825,177.24943279378058,177.80926513671875,2706200
2016-06-22,177.97898907924957,178.7169589870556,177.37672870005562,177.512451171875,3117300
2016-06-23,178.97137095599726,179.84506302109244,178.52180175524742,179.82809448242188,2719800
2016-06-24,173.74618411901162,176.48601435561682,172.94035321921046,173.22027587890625,15207500
2016-06-27,171.98182481133952,171.99879335033756,169.47101171094644,170.1835479736328,8046700
2016-06-28,171.8885796787859,173.36453247070312,171.57473278097203,173.36453247070312,7079800
2016-06-29,174.74713550049884,176.51997929167948,174.64535013298422,176.2655029296875,7240200
2016-06-30,176.78289463892224,178.74234019259694,176.2145715564038,178.55572509765625,6025600
2016-07-01,178.59814956691918,179.56514922755835,178.5896588255641,179.0901336669922,4743700
2016-07-05,178.25037106697687,178.36064716229026,177.19854162030526,177.8262481689453,6213300
2016-07-06,177.3003158025413,178.9713608289626,176.64716300431118,178.8441162109375,6272500
2016-07-07,179.03925117721448,179.69239113854843,177.99589950103976,178.69146728515625,3486500
2016-07-08,180.03168402891546,181.65182358708435,179.82810038779127,181.4058380126953,3208400
2016-07-11,181.88087981443852,182.6103717880764,181.67729614393318,182.0929412841797,3287900
2016-07-12,183.0260692590569,183.6707316518379,182.788561380495,183.37384033203125,4714600
2016-07-13,183.78942750791853,183.81487384806485,182.87332043303743,183.35682678222656,3845600
2016-07-14,184.60373398018095,184.8412417640728,183.98450523920243,184.36622619628906,5336500
2016-07-15,184.9345249545521,184.9599712892451,183.679112041423,184.09475708007812,3687000
2016-07-18,184.21356095575484,184.79885269895746,183.98453093815266,184.603759765625,4112800
2016-07-19,184.2220244226204,184.45954516441336,183.9675610264213,184.40016174316406,1885700
2016-07-20,184.9091100615744,185.42654052698472,184.46801861322365,185.1805419921875,1837100
2016-07-21,185.0787448602194,185.31625263809556,184.06085253457812,184.5104217529297,1792000
2016-07-22,184.62073152531877,185.39263846995786,184.36626808704779,185.31629943847656,4733900
2016-07-25,185.12118551096773,185.18055599210123,184.25597108926934,184.8412628173828,1702400
2016-07-26,184.76489400044252,185.2738336804515,184.06932627826654,184.91757202148438,3091000
2016-07-27,185.27386439676224,185.3502034199393,183.96757143064747,184.73098754882812,4742100
2016-07-28,184.5104138513767,185.23141495219468,184.0693224499805,184.9514923095703,1844200
2016-07-29,184.68007546441686,185.58769173431375,184.391675000577,185.23143005371094,3093500
2016-08-01,185.31630045023311,185.68104000921713,184.6207325332778,185.0194091796875,3693700
2016-08-02,184.84126274286476,184.9769851899794,183.05994121829886,183.92515563964844,4835000
2016-08-03,183.8403566389479,184.4765411551537,183.551956097971,184.4680633544922,2448600
2016-08-04,184.5443419865683,184.93454072380243,184.1287098556743,184.6376495361328,2143400
2016-08-05,185.35020996985565,186.17300954172015,185.1975319181062,186.1051483154297,3348500
2016-08-08,186.32566394178602,186.42744928962807,185.7658186422489,186.00332641601562,1575700
2016-08-09,186.12213134765625,186.62259336940397,185.81676227717844,186.12213134765625,1665900
2016-08-10,186.27484649647695,186.33421699229442,185.3163242731809,185.6641082763672,2775100
2016-08-11,186.22387600659414,186.7837213372641,185.94396628446282,186.52076721191406,1791600
2016-08-12,186.24085838280894,186.58864229071762,185.98638203694395,186.36810302734375,1563300
2016-08-15,186.74133286143888,187.25876338690554,186.74133286143888,186.92794799804688,1337700
2016-08-16,186.4953510683113,186.55472155306552,185.96095198949433,185.97792053222656,2987800
2016-08-17,185.99487507860835,186.43595361080912,185.1551070098333,186.31719970703125,2903300
2016-08-18,186.2748012704887,186.74981689453125,186.17300296304742,186.74981689453125,1888200
2016-08-19,186.26630465621852,186.62256636301979,185.76584270689324,186.46141052246094,1657800
2016-08-22,186.23236149119106,186.66496217456796,185.84216274177408,186.40200805664062,1138800
2016-08-23,187.04671502449088,187.36057483617958,186.74983669958246,186.79225158691406,1698000
2016-08-24,186.66497243917453,186.75827999678322,185.46046493208308,185.9100341796875,1526900
2016-08-25,185.4774335973396,186.1475420982864,185.32474261969352,185.72341918945312,4890200
2016-08-26,185.9016072256844,186.94494624197117,184.4935156778195,185.3926544189453,4310100
2016-08-29,185.51981164574164,186.53770383621926,185.46042823755639,186.27474975585938,1576300
2016-08-30,186.2323571584796,186.46138713526994,185.43500408189348,185.98635864257812,1547900
2016-08-31,185.6726084037889,185.7743938049769,184.68863971493894,185.46902465820312,2531700
2016-09-01,185.46046979797114,185.75736101902572,184.30685493872562,185.4859161376953,3249300
2016-09-02,186.35963293730381,186.73286322683953,185.7488948168283,186.30026245117188,2301300
2016-09-06,186.57168626721491,186.92794799804688,185.86764060514022,186.92794799804688,3360100
2016-09-07,186.71585988077888,187.02122888409733,186.25781284740302,186.8939971923828,3668100
2016-09-08,186.52074206696267,186.80066469456114,186.13054335913398,186.452880859375,3038000
2016-09-09,185.14663247783258,185.15511027710747,181.93177333356567,181.982666015625,7335000
2016-09-12,181.17683907387837,184.96849929069023,181.13442419014385,184.603759765625,5111600
2016-09-13,183.26350873349247,183.53494066058886,181.31254079362208,181.92327880859375,6515400
2016-09-14,181.97419599704196,183.1617351065518,181.27864107381637,181.82151794433594,4224600
2016-09-15,181.64338668954062,184.04392427427746,181.49070863172142,183.66221618652344,3415600
2016-09-16,183.0344651008162,183.22108019943852,182.2625583695332,182.89874267578125,5064700
2016-09-19,183.6367405305673,184.24747855076714,182.66125008067957,182.9920654296875,2090300
2016-09-20,183.82335487438036,183.99300144745743,182.95814052552225,183.009033203125,2005800
2016-09-21,183.68762275265163,185.2229455143268,183.01750135100798,185.0532989501953,4112100
2016-09-22,186.0711722703797,186.51226364662512,185.81669597857652,186.18992614746094,4355300
2016-09-23,185.81675543195954,185.9440000901749,185.11270974142715,185.21450805664062,2483900
2016-09-26,184.36449400133756,184.5435357656798,183.50342058539795,183.6824493408203,3025900
2016-09-27,183.52038129883755,184.91856638198632,183.16231093705832,184.79920959472656,3252400
2016-09-28,185.06358729310287,185.8820304517753,184.1087195960924,185.7711944580078,2140200
2016-09-29,185.54946434372758,185.9416440882228,183.53744058738846,184.10012817382812,3913200
2016-09-30,184.90159377576785,186.15484701461392,184.6628801120752,185.4813232421875,3952800
2016-10-03,185.02945203416581,185.2340692996826,184.37298302343564,184.91009521484375,4755900
2016-10-04,185.14024292127803,185.34484712804556,183.49481037467373,184.10012817382812,3317900
2016-10-05,184.67138157619962,185.30227505485487,184.62875135310225,184.91009521484375,2860600
2016-10-06,184.6543165481464,185.22552508070532,184.117217395723,185.08912658691406,2437600
2016-10-07,185.28521432821353,185.49835242783985,183.63978143446147,184.3644561767578,7719900
2016-10-10,184.3644830792004,185.79676507340733,184.3644830792004,185.29376220703125,2642300
2016-10-11,184.90157860315276,184.96125050971986,182.26718165892157,183.0089111328125,3985300
2016-10-12,183.14533693681844,183.75064193555767,182.64232106778235,183.23910522460938,2415300
2016-10-13,181.89206021140424,183.1367794336121,181.09065887191625,182.67640686035156,4465700
2016-10-14,183.63127912307647,184.07461005753052,182.65936981106628,182.69346618652344,3713000
2016-10-17,182.69348558528833,182.9577878110491,181.92619347130395,182.0881805419922,2933000
2016-10-18,183.6824379823076,183.72506821012624,182.8639948474335,183.21353149414062,1602700
2016-10-19,183.469291327707,184.02345824576332,183.14533023095927,183.66537475585938,2718200
2016-10-20,183.38402393130764,183.93817778014915,182.72755494980407,183.34991455078125,2519600
2016-10-21,182.6082493511069,183.55458328791335,182.4377414274046,183.4352264404297,2227300
2016-10-24,184.3474345896266,184.60320295689004,183.895582777993,184.24513244628906,2277700
2016-10-25,184.06608191432963,184.32185026940368,183.4778316092539,183.6568603515625,2189300
2016-10-26,182.80431736969433,183.8444325280067,182.58265838849908,183.27322387695312,2501100
2016-10-27,183.98934642423959,184.00640111613254,182.70199687806524,182.77020263671875,2882200
2016-10-28,182.72760586337083,183.41817140889665,181.53402438180314,182.23312377929688,3880200
2016-10-31,182.5826618088324,182.77874525775218,182.07965891385908,182.1819610595703,4264600
2016-11-01,182.55703681758277,182.59965402747085,179.70950211379426,180.9371795654297,8079700
2016-11-02,180.63029116164748,180.98836164492658,179.3855718162847,179.80331420898438,3790500
2016-11-03,180.03346950241217,180.23808673975,178.72906551055866,179.05303955078125,3740300
2016-11-04,179.11277023320557,179.94828113653242,178.66945225351552,178.75469970703125,3932600
2016-11-07,181.2952356556136,182.77868129389,181.1588371787049,182.71900939941406,8402900
2016-11-08,182.37804751934854,184.15135845816422,182.10523745664153,183.56309509277344,6422200
2016-11-09,182.0284867315211,186.14631702910566,181.994390354108,185.5921630859375,9807400
2016-11-10,186.35096596664937,187.1779431052376,184.53502459918346,185.9587860107422,8137500
2016-11-11,185.27674504440557,185.78826882050015,184.62027587238404,185.62628173828125,7363300
2016-11-14,186.17191127939213,186.2827472827353,184.9612881212796,185.67742919921875,3748600
2016-11-15,186.10366437622523,187.15231323242188,185.8734845863537,187.15231323242188,5305800
2016-11-16,186.52144011025737,187.03297682808858,186.4276588122856,186.9136199951172,4249700
2016-11-17,186.98181652299436,187.82583515413464,186.85392584539358,187.75762939453125,5754900
2016-11-18,187.8258535594132,188.00489532203144,187.160863599265,187.3825225830078,4573100
2016-11-21,187.91963551698078,188.78924277902107,187.78322398393135,188.74661254882812,3181600
2016-11-22,189.09616688367996,189.30930503097696,188.4056013678649,189.0620574951172,3062300
2016-11-23,188.6272329897494,189.29222287211846,188.42261571482115,189.2666473388672,3758500
2016-11-25,189.5735683445483,189.96574820590322,189.5138834271802,189.95721435546875,1850800
2016-11-28,189.63322774608037,189.90605076362388,188.95119622005654,189.1217041015625,4820900
2016-11-29,189.10469100876352,189.88051700053188,188.78071685639424,189.4286651611328,3569400
2016-11-30,190.06803831183845,190.20444982097456,188.86593627929688,188.86593627929688,6249100
2016-12-01,189.24108399307255,189.24960483506564,187.91962498467453,188.1839141845703,3842700
2016-12-02,188.354413509382,188.8403746681588,188.0048768787156,188.33737182617188,3309600
2016-12-05,189.21552701013624,189.83788676854851,189.01090970196822,189.4286651611328,2441800
2016-12-06,189.70146791409417,190.13627805106808,189.20698586178096,190.11070251464844,3124300
2016-12-07,189.97425590773423,192.6512699664222,189.82932355847387,192.56600952148438,3498900
2016-12-08,192.5915876425337,193.53792135483008,192.30172294011584,193.02639770507812,4668200
2016-12-09,193.29068569924536,194.2540740966797,193.26511016735927,194.2540740966797,4484700
2016-12-12,194.16029795475316,194.62919139103394,193.60613106173008,194.01536560058594,4742300
2016-12-13,194.70595200744117,195.82279374629786,194.67184262106366,195.27716064453125,5940400
2016-12-14,195.0128691173456,195.7375309577448,193.26513384051594,193.80224609375,8447900
2016-12-15,193.95572847169728,195.37096899719228,193.81931692513658,194.45021057128906,4941200
2016-12-16,194.95321125800103,195.01289618727603,193.8107938388487,194.1518096923828,5192900
2016-12-19,194.30526813618113,194.96172427833994,194.17737743954677,194.50987243652344,4271800
2016-12-20,195.08107720407807,195.43914770752622,194.85088437724735,195.27716064453125,3591800
2016-12-21,195.21200223924833,195.34919482279994,194.75756325421298,194.79185485839844,2819700
2016-12-22,194.61178376084925,194.72325436051304,194.0287218742276,194.50889587402344,2278500
2016-12-23,194.48319561834887,194.7061237591649,194.27740673831508,194.6375274658203,2612500
2016-12-27,194.97192079241597,195.5807047017777,194.97192079241597,195.186279296875,2560600
2016-12-28,195.452085658423,195.452085658423,193.47141513094968,193.5828857421875,3972800
2016-12-29,193.65142243859643,193.9943907136801,193.10266534842197,193.565673828125,4484500
2016-12-30,193.89152131001472,193.95153487633831,192.1423489236907,192.91404724121094,5462700
2017-01-03,194.12305985583131,194.8090096989759,193.12844632084696,194.27740478515625,6396600
2017-01-04,194.60320568847294,195.5892494501837,194.59462297600734,195.45205688476562,4099000
2017-01-05,195.17770017190733,195.4606549540369,194.50890271720255,195.2720184326172,2970100
2017-01-06,195.4177628309061,196.46383323312608,194.87757528848348,196.04368591308594,3110100
2017-01-09,195.72650026002125,195.89798447612264,195.33207478792167,195.40924072265625,2360600
2017-01-10,195.34916252149495,196.19802677302883,194.9633198920351,195.3234405517578,2961800
2017-01-11,195.2891566504805,195.8636358414113,194.6032199399628,195.84649658203125,4012800
2017-01-12,195.39205710524308,195.6149852272293,194.0544622065176,195.46922302246094,3535300
2017-01-13,195.60640233746193,196.17229877543488,195.5549583961374,195.82933044433594,4580700
2017-01-17,195.24630595815782,195.64071827965574,194.8004366055297,195.186279296875,4929200
2017-01-18,195.45211274733623,195.6407493078499,194.8862030657952,195.56358337402344,3209900
2017-01-19,195.67501582206205,195.83791728944257,194.45744804779767,194.9376220703125,2606500
2017-01-20,195.56353613427538,196.086571365101,195.0147789317209,195.5806884765625,3079300
2017-01-23,195.27201342289624,195.64927337265289,194.34598318243067,195.12625122070312,3772700
2017-01-24,195.3234278228583,196.75534073965568,195.20338761077352,196.31805419921875,2515900
2017-01-25,197.28696665310838,198.03294305697204,197.11548248653628,197.91290283203125,3868200
2017-01-26,197.88719687843343,198.15301242162386,197.55279812525114,197.8529052734375,3278100
2017-01-27,197.91291392978695,198.03295416145886,197.35557400292132,197.5527801513672,2511700
2017-01-30,196.82398214726484,196.866856464998,195.32347261043833,196.37811279296875,3812200
2017-01-31,195.77787541335164,196.32663256206803,195.25484023384055,196.29232788085938,4793200
2017-02-01,196.943990315065,197.18407075518837,195.7778797130074,196.39523315429688,6481000
2017-02-02,196.01793692349526,196.76390012523316,195.68353827270914,196.46380615234375,3179300
2017-02-03,197.39843074209213,198.00720147586674,197.08118439022095,197.8871612548828,1837300
2017-02-06,197.43271305523757,197.82713838186427,197.16691065580318,197.53561401367188,1673600
2017-02-07,197.89575723293314,198.11868534873201,197.30412571720893,197.5270538330078,2331400
2017-02-08,197.2098240009611,197.88719111800543,196.96974352276277,197.76715087890625,1963700
2017-02-09,198.03291146685106,199.2333135247714,198.0071764167374,198.9246368408203,3271500
2017-02-10,199.30196102806627,199.94503652798468,199.18192079141767,199.7049560546875,2683900
2017-02-13,200.25372352000397,201.0768528752375,200.20227957072754,200.81105041503906,2641400
2017-02-14,200.65669781041927,201.62558928284483,200.28799440640302,201.6170196533203,3021100
2017-02-15,201.419810799472,202.8688762572731,201.36836685620867,202.64593505859375,3784200
2017-02-16,202.71454448586385,202.86888940906357,201.77994456691428,202.54306030273438,3402600
2017-02-17,201.83138403898164,202.79170590994045,201.83138403898164,202.77456665039062,2351800
2017-02-21,203.21184897056725,204.19789279339196,203.20327934097367,204.0006866455078,2596900
2017-02-22,203.6233824684629,204.08640406378507,203.4690506589568,203.880615234375,2950100
2017-02-23,204.39506905689987,204.39506905689987,203.23752821830914,204.04351806640625,2238900
2017-02-24,203.15184744769604,204.292236328125,203.10898621102123,204.292236328125,2465000
2017-02-27,204.16361246336555,204.7380916795475,203.91496235738416,204.60948181152344,2435300
2017-02-28,204.22359581090092,204.42938465268267,203.64054705095677,204.09498596191406,3364100
2017-03-01,205.66415029402427,207.3361442255496,205.65558066277774,206.83026123046875,4578700
2017-03-02,206.71020505212755,206.71020505212755,205.52694186093586,205.63841247558594,3228100
2017-03-03,205.4926204245107,205.8784630793731,205.11534739899062,205.7584228515625,3069600
2017-03-06,204.91812269113026,205.4411578685041,204.49797539015708,205.158203125,3257600
2017-03-07,204.7980943638233,205.1410626940048,204.29219841421136,204.55801391601562,7261900
2017-03-08,204.78954465147984,205.00390316323612,203.9664152930426,204.14646911621094,3587300
2017-03-09,204.20648112835656,204.67807243706625,203.4004910886353,204.3436737060547,2562300
2017-03-10,205.32972879834927,205.37260311665295,204.12932638627618,205.0553436279297,2877600
2017-03-13,205.01248304486046,205.21825883992437,204.69522355512848,205.17538452148438,1951900
2017-03-14,204.62658698836833,204.69518326769042,203.77773583398766,204.446533203125,2935700
2017-03-15,204.96960235958122,206.58156939893237,204.73809151392052,206.11856079101562,3936800
2017-03-16,206.30720694339158,206.38437286774322,205.44120326438852,205.85276794433594,4628900
2017-03-17,206.10138407081317,206.20428503638323,205.42401704087567,205.43258666992188,3024300
2017-03-20,205.40687428176705,205.6726767120336,204.7981035060089,205.1667938232422,2484800
2017-03-21,205.8012759270831,205.88701146186958,202.41441484306472,202.5773162841797,4911900
2017-03-22,202.60303082031822,203.297563202002,201.9771077973902,203.02317810058594,3622600
2017-03-23,202.79174077167355,203.93212973118239,202.44020272281057,202.80032348632812,6112400
2017-03-24,203.10339963462866,203.6717891768065,201.88911646926854,202.7158660888672,4124800
2017-03-27,201.00212162606704,202.7072905185366,200.74377464909418,202.423095703125,3365200
2017-03-28,202.14747292427708,204.34351383189235,202.05274133561167,203.9129180908203,2979700
2017-03-29,203.6546035134384,204.35216666728894,203.41347089582936,204.21438598632812,4213700
2017-03-30,204.0593506926394,204.97221170267636,203.8957221831533,204.7310791015625,2521100
2017-03-31,204.421011163272,204.9635659841488,204.24877550067677,204.33489990234375,5580600
2017-04-03,204.33491723440682,204.55021511609752,202.7244801436574,203.9904327392578,6406000
2017-04-04,203.6459563646023,204.15405619908918,203.27563718403866,204.0851593017578,3038100
2017-04-05,204.73107074458105,205.71282862068173,203.28427519695506,203.4823455810547,5827700
2017-04-06,203.63738309939123,204.53301663240256,203.17233225012745,204.01629638671875,2329300
2017-04-07,203.77512809797813,204.51575331205584,203.3445323488804,203.82679748535156,2278300
2017-04-10,203.9818280099002,204.73106044216524,203.4478934619173,203.9732208251953,1921400
2017-04-11,203.5598072058803,203.8009397468498,202.21635072312515,203.71482849121094,2701100
2017-04-12,203.43926934767268,203.60289783919814,202.59530533641166,202.8881072998047,3354000
2017-04-13,202.45752343907805,203.19814871637664,201.53605529053547,201.54466247558594,3002800
2017-04-17,202.01831737009118,203.29287719726562,201.8288541759617,203.29287719726562,2642000
2017-04-18,202.54361795825062,203.20673905000027,202.00106314311557,202.68141174316406,2746600
2017-04-19,203.24977606339414,203.62009519580855,202.07855524252324,202.32830810546875,2313000
2017-04-20,202.9397997801675,204.38660853340923,202.60393557435552,203.86988830566406,4791400
2017-04-21,203.8870839293478,203.91291862262037,202.9053261627727,203.3531494140625,3469400
2017-04-24,205.5750297030697,205.75587256009675,205.06691672874447,205.51473999023438,6335500
2017-04-25,206.17791801119844,207.09077915477982,206.0917935807408,206.7290802001953,4150100
2017-04-26,206.7290382313326,207.59022979810277,206.56540973112777,206.64291381835938,4795900
2017-04-27,206.93570919044916,207.08212331597716,206.2381461461549,206.7634735107422,3394000
2017-04-28,207.0735279076469,207.0735279076469,206.21233626474486,206.30706787109375,2590000
2017-05-01,206.8496383224959,207.27161384908655,206.42764965516264,206.87547302246094,6852100
2017-05-02,207.02183879629115,207.10796320867613,206.53096643976986,206.95294189453125,2639100
2017-05-03,206.52231289920942,206.90984641113423,206.0142131137805,206.74623107910156,4750400
2017-05-04,207.00463002451198,207.0649197467872,206.0659342919472,206.88406372070312,3997900
2017-05-05,207.27157970275437,207.7710723876953,206.85821143067028,207.7710723876953,2574700
2017-05-08,207.81410875903555,207.93467503760232,207.2801742597739,207.69354248046875,2412200
2017-05-09,207.97773134312482,208.14996700180373,207.15960210884614,207.5385284423828,2841500
2017-05-10,207.42656642958855,207.89160401554605,207.25433077333534,207.8743896484375,1884900
2017-05-11,207.443829265625,207.61606495121038,206.37594698981093,207.49549865722656,2633100
2017-05-12,207.21129124395782,207.28879532664033,206.8495923840331,207.17684936523438,2076100
2017-05-15,207.54714255359525,208.3738921398832,207.521307860968,208.22747802734375,2124300
2017-05-16,208.55472942844824,208.58056412038675,207.67631048032345,208.05523681640625,3787400
2017-05-17,206.35870294591842,206.7979190208234,204.30907611240633,204.3951873779297,7002600
2017-05-18,204.26597541068793,206.02279995697594,204.0248428874864,205.12716674804688,4584200
2017-05-19,205.66117582688287,207.19409591257062,205.62673394281043,206.5654296875,3052300
2017-05-22,207.02185276256975,207.73664338321763,206.97018336794915,207.54718017578125,2468500
2017-05-23,207.9777676060943,208.19306550216686,207.57300651021862,207.9949951171875,2347500
2017-05-24,208.2705556562133,208.62364733592577,207.94331181178163,208.51168823242188,2053500
2017-05-25,209.0369939426759,209.79484661270394,208.83892359145986,209.50204467773438,2687800
2017-05-26,209.33846262042755,209.6312646203225,209.24373101566843,209.46763610839844,2106500
2017-05-30,209.15758393709893,209.5451306405089,209.01118295301205,209.33843994140625,2363800
2017-05-31,209.59683789378113,209.6398869657235,208.56339735231677,209.18345642089844,3346400
2017-06-01,209.67431109435134,210.89720153808594,209.4245581820291,210.89720153808594,3384800
2017-06-02,210.97469968537104,211.77561465035944,210.68189771569357,211.5689239501953,3170600
2017-06-05,211.43974215130186,211.71531659993144,211.2761136627064,211.43112182617188,1747300
2017-06-06,210.8282921730522,211.4311236039415,210.70772588687436,210.8627471923828,3054600
2017-06-07,211.14695515207163,211.40531526630312,210.4666195539786,211.20724487304688,1759700
2017-06-08,211.2760784964344,211.75834355681923,210.77658592939656,211.26747131347656,2281700
2017-06-09,211.56895860585757,212.3440390028786,209.68294672273797,210.94029235839844,5729500
2017-06-12,210.70772276144953,210.97469002397347,210.07043632068252,210.91441345214844,3989400
2017-06-13,211.4913997788303,212.01672709370646,211.1124734348883,211.9478302001953,3569400
2017-06-14,212.22344719826017,212.2751297343134,210.86277598591172,211.71534729003906,5983400
2017-06-15,210.33747108770592,211.39673322724303,210.06188342887907,211.31922912597656,3807800
2017-06-16,211.44833388234483,211.45694106610622,210.44934865500025,211.14691162109375,6980200
2017-06-19,212.15453749413467,213.13629530725538,212.0425783908194,213.0501708984375,5248700
2017-06-20,212.7057287005497,212.71433588631538,211.63784633223483,211.66368103027344,2785600
2017-06-21,211.999533779058,212.14593477360555,211.1297349970729,211.57754516601562,3036400
2017-06-22,211.60339859595618,212.10287817138246,211.32781097017772,211.5086669921875,2369700
2017-06-23,211.58612894404635,212.08562156073347,211.22443011280507,211.7239227294922,2265200
2017-06-26,212.42150846681355,212.83487672671654,211.67226289111053,211.85311889648438,2729600
2017-06-27,211.62555757818114,211.9629537025248,210.17216295044784,210.2586669921875,3772300
2017-06-28,211.2275723316879,212.24840696691086,210.96803385132893,212.04078674316406,2858900
2017-06-29,212.22247148810834,212.26573010508932,208.99557931161092,210.25,4611800
2017-06-30,211.0286338498866,211.37468963679018,210.3971001897205,210.5787811279297,5779900
2017-07-03,211.52175996467082,211.96296624548168,210.95943745771513,210.9767303466797,2299900
2017-07-05,211.30551949343243,211.63426925463094,210.50961083008752,211.4266357421875,5422400
2017-07-06,210.68260319753074,210.78641333914277,209.3243721089495,209.52334594726562,3827100
2017-07-07,210.06839230885973,211.01136970535364,209.9126638833699,210.83834838867188,2466000
2017-07-10,210.71721766536075,211.45256151089177,210.57013569557515,211.0373077392578,3397100
2017-07-11,210.9162113637424,211.23630146777617,209.77424688338306,210.9335174560547,2684800
2017-07-12,211.9284027169611,212.68105273385436,211.9197562710325,212.5166778564453,3137400
2017-07-13,212.55130613357497,212.99251252159144,212.3177200690101,212.84544372558594,2612000
2017-07-14,212.8972930862523,214.2295847495566,212.793482951696,213.7710723876953,2222800
2017-07-17,213.79706868008574,214.18636996503,213.66729278465027,213.81436157226562,2890400
2017-07-18,213.44232613623913,214.01330828686355,213.096283548352,213.99600219726562,2576200
2017-07-19,214.29882586419868,215.12933345810683,214.27286012625137,215.08607482910156,1787000
2017-07-20,215.38019249013755,215.50130871233318,214.67943448956478,215.1898651123047,3551000
2017-07-21,214.64487313172052,215.04283404621356,214.41128709059026,215.02552795410156,2592000
2017-07-24,214.93899011401197,215.11201141652384,214.50643025739262,214.97360229492188,3197600
2017-07-25,215.7262664983862,215.83007664662782,215.27640052153893,215.4753875732422,4710000
2017-07-26,215.7954730139336,215.83007199570852,215.24179690077585,215.5359344482422,3766800
2017-07-27,215.98583025998963,216.01178280007687,213.97874582203207,215.3369903564453,3435800
2017-07-28,214.82652889165988,215.1812179339171,214.37666295429398,215.03414916992188,2469700
2017-07-31,215.44937431677056,215.54453799856313,214.7226770379966,214.94761657714844,3440100
2017-08-01,215.54459810367462,215.57055064224795,214.96496940773525,215.40618896484375,2712700
2017-08-02,215.55324316432154,215.65705331159032,214.5929597000456,215.5186309814453,2860900
2017-08-03,215.3974779776776,215.4234305100651,214.82650906447512,215.137939453125,1906000
2017-08-04,215.58780628203493,215.82139227521102,215.1119878517421,215.46669006347656,2099900
2017-08-07,215.5618878639388,215.89063759520076,215.44941807152188,215.86468505859375,1464700
2017-08-08,215.57918237248072,216.79900433019034,214.99089410607672,215.38885498046875,1873500
2017-08-09,214.65352832585296,215.4061915555748,214.31613211966075,215.3456268310547,2358300
2017-08-10,214.50637829301118,214.6361541389662,212.257075503894,212.3608856201172,4153300
2017-08-11,212.51666001298784,213.20011200370627,212.2917336316024,212.5772247314453,3288400
2017-08-14,213.90083831420046,214.93897927761194,213.8921918697485,214.69674682617188,2551800
2017-08-15,215.12933987079333,215.12933987079333,214.40264240429187,214.67947387695312,2076100
2017-08-16,215.21585540236987,215.6224627626487,214.66217926081492,215.06878662109375,3209000
2017-08-17,214.47183390431297,214.78327753292106,211.74669885382235,211.78131103515625,4995100
2017-08-18,211.55635985488428,212.64641909556372,210.942132277031,211.30548095703125,5010300
2017-08-21,211.30545662826862,211.79858112335765,210.61335832670997,211.59959411621094,3513900
2017-08-22,212.13599667761207,213.92678750136128,212.11869058830038,213.68455505371094,2191000
2017-08-23,212.79351878073615,213.41640609430888,212.65509644423543,212.94923400878906,2485200
2017-08-24,213.39046736724015,213.53753615903545,212.29176145126166,212.55130004882812,2317400
2017-08-25,213.3039083974276,213.9181491848866,212.8627021083033,212.97515869140625,3189300
2017-08-28,213.52021895163873,213.55483113654273,212.6031940618937,213.01844787597656,1904700
2017-08-29,211.7467089678232,213.52020712653305,211.58234730101438,213.28662109375,3598200
2017-08-30,213.25203789807023,214.541071195825,213.07035692563835,214.31613159179688,1941800
2017-08-31,214.88709463435362,215.81277910516096,214.80923702485012,215.5359344482422,4855300
2017-09-01,215.95986406126667,216.30590670766512,215.74358410709746,215.907958984375,5905200
2017-09-05,215.33696456178862,215.57919704070756,213.35583290123293,214.359375,5105100
2017-09-06,215.02551802244503,215.397513181248,214.4718419065588,215.07742309570312,3783100
2017-09-07,215.38022029061523,215.38022029061523,214.62755712633313,215.07742309570312,3547100
2017-09-08,214.7140655517578,215.2331294636714,214.54104424778663,214.7140655517578,3297000
2017-09-11,216.0636503159828,217.15369641217924,216.0463442253729,217.05853271484375,3152100
2017-09-12,217.44782648823042,217.8457741296906,217.27479199993147,217.83712768554688,2668600
2017-09-13,217.50839859632725,217.95826454728564,217.42189454466404,217.93231201171875,2138400
2017-09-14,217.58626345898801,218.03612942494829,217.43054824039393,217.85446166992188,3002700
2017-09-15,217.7506165983688,218.21778860890046,217.61219428408694,218.1312713623047,2542700
2017-09-18,218.51198087497534,218.9531872615309,218.2178432839383,218.62445068359375,1674500
2017-09-19,218.84067563627022,218.91853323773307,218.52057238468097,218.83201599121094,3625800
2017-09-20,218.9185638804495,219.01372758467286,217.9236682088998,218.96182250976562,5502200
2017-09-21,218.76281579481082,218.83202695536053,218.14858819603555,218.3216094970703,2928800
2017-09-22,218.0188328378132,218.5292635448199,218.00153994655764,218.3302764892578,2451400
2017-09-25,218.096689496757,218.46003819974774,217.17965149319426,217.91500854492188,5202900
2017-09-26,218.34458603657382,218.5793556024507,217.8141586072158,218.0402374267578,3614000
2017-09-27,218.77934699297663,219.2749848659526,217.86631449523617,218.8923797607422,3769500
2017-09-28,218.58801815703157,219.24018225295558,218.53584715228766,219.12713623046875,2694800
2017-09-29,219.14455435514884,220.01410657576633,218.9706465646881,219.9358367919922,5551700
2017-10-02,220.161914558017,220.8575589429805,220.09234879268934,220.8401641845703,4039300
2017-10-03,220.97928763903292,221.3792741896572,220.8053665979136,221.3618927001953,2205200
2017-10-04,221.21411907581194,221.86628335760184,221.1184677837501,221.64889526367188,2833800
2017-10-05,221.97061795547407,222.9706110552432,221.84017715029634,222.93582153320312,4059000
2017-10-06,222.5010544934,222.77061359282663,222.25758090241368,222.70103454589844,8053000
2017-10-09,222.90104090042422,222.9706199472792,222.05757407956804,222.32713317871094,1393500
2017-10-10,222.90972024940308,223.27491732677183,222.3618980967218,222.90101623535156,3852700
2017-10-11,222.78798691238282,223.24884856900667,222.6488553602622,223.22276306152344,3584300
2017-10-12,222.90972024940308,223.28362134082334,222.69233219114088,222.90101623535156,3014200
2017-10-13,223.38798307142625,223.48364762454835,223.03146344002673,223.15321350097656,2552700
2017-10-16,223.405382594413,223.68361915510425,223.0749484834232,223.51840209960938,2832900
2017-10-17,223.44887817449117,223.69235178163171,223.23149007752164,223.65756225585938,2220000
2017-10-18,224.0314562571219,224.0749232553254,223.68361412497828,223.8488311767578,1734500
2017-10-19,223.10104348356072,223.95318776750017,222.67494480496032,223.93580627441406,2578700
2017-10-20,224.76185758496396,225.1096731504826,224.48359451789838,225.08358764648438,1985200
2017-10-23,225.3966027223967,225.4053067355146,224.12706402857143,224.2227020263672,3628500
2017-10-24,224.61398435373576,224.83137236279143,224.2487873590307,224.5618133544922,3478300
2017-10-25,224.2575220530047,224.37927210671862,222.3619044991686,223.5097198486328,5029600
2017-10-26,224.12706665129028,224.37054019181306,223.72708009256547,223.7792510986328,4210700
2017-10-27,224.55315362271998,225.77054794279104,224.2575090564999,225.57054138183594,2555400
2017-10-30,224.55314205643805,225.5183587563063,224.4922935728706,224.79661560058594,4337100
2017-10-31,225.16184363669447,225.37923168171818,224.83140956239816,225.04879760742188,3346600
2017-11-01,225.9009638118876,226.24877936969443,225.05749715247737,225.4140167236328,2512300
2017-11-02,225.36182632956456,225.6400628298985,224.29226770810922,225.5357208251953,3351500
2017-11-03,225.6835974073813,226.30097207192287,225.26620277602203,226.24009704589844,2690300
2017-11-06,226.11836731004968,226.75312344886692,226.07487377695932,226.62269592285156,2437000
2017-11-07,226.77918733617685,227.05745038956917,225.97051021534165,226.50962829589844,5422800
2017-11-08,226.30096205395205,226.95312620972712,226.0314029924952,226.9009552001953,3850900
2017-11-09,225.6400683057878,226.222679895018,224.44008214933186,226.07484436035156,2986100
2017-11-10,225.63144015467952,226.05751228957544,225.32709154262662,225.9183807373047,2804300
2017-11-13,225.26620570728636,226.39661302739617,225.23141618672992,226.17054748535156,2445300
2017-11-14,225.33574424307162,225.7531122682091,224.5879156369933,225.71832275390625,3737600
2017-11-15,224.68363216996835,225.19666484402353,223.80537585276304,224.50100708007812,2710400
2017-11-16,225.47485453021713,226.79659073857098,225.44009155172083,226.3791961669922,3554500
2017-11-17,225.97925941620596,226.2488185103865,225.6836148140928,225.76187133789062,3205200
2017-11-20,226.0053316456038,226.3270617367469,225.74445004497466,226.11837768554688,2784600
2017-11-21,226.909656232161,227.79658991917398,226.84007719594797,227.58790588378906,2927000
2017-11-22,227.61404734264977,227.7444748968284,227.248823654316,227.42274475097656,3531000
2017-11-24,227.87483917902438,228.05743770417394,227.77920117805954,227.9009246826172,1197000
2017-11-27,227.97919940081448,228.292252005556,227.6400878270252,227.83139038085938,3676600
2017-11-28,228.3357687996478,230.17053822109878,228.2140452588226,230.12704467773438,2258600
2017-11-29,230.29221308193,230.81394973557724,229.56179238147527,229.97918701171875,3270400
2017-11-30,230.93567597616246,232.92695806837997,230.8661234719486,232.07481384277344,4903300
2017-12-01,231.83131485896806,232.2922030310531,228.3183428416394,231.52699279785156,6305600
2017-12-04,233.15297873204983,233.60513621251727,231.25736176745613,231.283447265625,5241400
2017-12-05,231.6834686085265,232.1443301699311,230.29217991140666,230.422607421875,2910700
2017-12-06,230.57916103183254,230.90956856629242,230.02263490439762,230.47479248046875,2297200
2017-12-07,230.344370734201,231.5095674890117,230.23132470319385,231.1704559326172,4922800
2017-12-08,232.39654194814474,232.49217995770138,231.78784476079443,232.43130493164062,2625300
2017-12-11,233.23129272460938,233.2399967383517,232.4573785271066,233.23129272460938,3461100
2017-12-12,233.95304196389716,234.05741053346082,233.20523970345903,233.5878448486328,3373400
2017-12-13,233.8225850858134,234.2660652067663,233.48347352132936,233.53564453125,3387200
2017-12-14,233.84866966760416,233.97041971469005,232.55304536531082,232.6313018798828,5997300
2017-12-15,233.64873345534974,234.9965290200904,233.57045038947092,234.59654235839844,7657200
2017-12-18,235.9182719887044,236.37913372359435,235.8487194691474,236.05740356445312,5644300
2017-12-19,236.30461470552697,236.30461470552697,235.06402127056734,235.12518310546875,5188400
2017-12-20,236.0686756630173,236.14730086923544,234.7232754744176,235.00282287597656,3016100
2017-12-21,235.60571245927196,236.18232413703907,235.24751308391703,235.47467041015625,3886200
2017-12-22,235.4920468312933,235.53574527263314,234.88922696631838,235.41342163085938,4577300
2017-12-26,235.0464986059556,235.34353602129116,234.88050318831992,235.1163787841797,2800200
2017-12-27,235.2736109361972,235.60560174572302,234.98531856361424,235.264892578125,3319400
2017-12-28,235.7105005870482,235.78040744085078,235.36979132513227,235.7017822265625,2614300
2017-12-29,236.32199304809924,236.32199304809924,234.65332069261365,234.88047790527344,3368500
2018-01-02,235.7454593106281,236.6278533935547,235.33484318568392,236.6278533935547,8545200
2018-01-03,236.80252926657326,238.18290949165998,236.71518570383165,237.99945068359375,3768400
2018-01-04,238.70714961152467,239.52838188614177,238.60228932530725,239.0303955078125,3394700
2018-01-05,239.86037902608544,240.74277325655083,239.3624192411446,240.5418243408203,4150500
2018-01-08,240.5767359300567,241.2232276988142,240.24474502340178,241.07472229003906,2881800
2018-01-09,241.511543428929,242.21919702038454,241.23196933654702,241.6251220703125,3150200
2018-01-10,240.88246239259516,241.51149063211636,240.20101735491778,241.24066162109375,3939800
2018-01-11,241.80855545503263,242.98798687054796,241.64256002150418,242.95303344726562,3142200
2018-01-12,243.29377916938597,244.75275804518094,243.1714555137786,244.5430908203125,4499700
2018-01-16,245.84485890055228,246.50009574552266,243.04919769233865,243.66073608398438,6537800
2018-01-17,244.66534935620774,246.4650638511745,243.957695921859,246.0894012451172,4703500
2018-01-18,245.99334796986443,246.37775565129692,245.18086082296648,245.72251892089844,3464000
2018-01-19,246.27296625031917,246.79713439941406,245.67886457858563,246.79713439941406,4276200
2018-01-22,246.5524163171633,248.7802367174145,246.53495293964363,248.7540283203125,4499700
2018-01-23,248.83264125934332,249.60145641867337,248.53560388626465,249.33062744140625,3531200
2018-01-24,249.9772064466453,250.56253637845882,248.05516787579558,249.19964599609375,5149700
2018-01-25,250.0558315140783,250.16941015615058,248.55315408547852,249.29576110839844,4014600
2018-01-26,250.16935799462502,252.2136931407128,249.915992358342,252.18748474121094,3379600
2018-01-29,251.70702508006832,252.0914328103981,250.40529647515638,250.5188751220703,4896200
2018-01-30,248.67547756154403,249.32196932466232,247.50476437618755,247.810546875,7424400
2018-01-31,248.8152267522214,249.3394214892222,247.0330019727314,248.2473602294922,6991100
2018-02-01,247.3824429581265,249.12974087985785,247.04170706579666,247.93284606933594,4554900
2018-02-02,246.4563884852372,246.62238392833967,242.38518094166125,242.46380615234375,6854100
2018-02-05,240.64660142776071,242.7520718255174,231.6654917552734,232.4342803955078,14707500
2018-02-06,228.7912209863377,237.3180443767495,227.64674284622959,236.98605346679688,16088400
2018-02-07,236.28709365570043,239.69431931638866,235.5270233154297,235.5270233154297,9319000
2018-02-08,235.83278987178176,235.9900402774351,226.67693965899545,226.8167266845703,9555900
2018-02-09,229.56873608160717,231.98876085345182,222.5795574748509,230.35504150390625,15080700
2018-02-12,232.10230189564186,234.95037901899218,230.48604618952407,233.42149353027344,6801400
2018-02-13,232.30328187879235,234.62719159937012,231.72667029443963,234.10299682617188,4210500
2018-02-14,232.70509602821897,237.61502498505175,232.58279905267642,237.3267059326172,6380400
2018-02-15,238.96046157671904,240.27968008020133,236.56667188155632,240.27093505859375,5461700
2018-02-16,239.69428850140045,242.31523508215923,239.58073654535136,240.33206176757812,4740000
2018-02-20,239.41482890880425,240.85634472441416,238.08686509087653,238.8644256591797,5578500
2018-02-21,239.29248104359002,241.76492290527335,237.6150897169359,237.63255310058594,8167000
2018-02-22,238.61980772232803,240.3146892852227,237.3093339362749,237.95582580566406,5544500
2018-02-23,239.2488262611345,241.77365845325082,238.75958486761044,241.75619506835938,6619800
2018-02-26,242.83949381060833,244.67416223359731,242.2890906175462,244.5867919921875,3803500
2018-02-27,244.79639166945285,245.52150840454635,241.48525542472007,241.54641723632812,6107300
2018-02-28,242.64722654261016,243.07533261516173,238.7944318595305,238.8031768798828,4951800
2018-03-01,238.90807137577045,240.4020305078675,234.09428304619814,235.6231689453125,7706000
2018-03-02,233.86706249978184,237.37912127423914,233.06329382765264,236.93357849121094,5459300
2018-03-05,235.6318032710055,240.17478755854938,235.52696968403282,239.55450439453125,4124400
2018-03-06,240.50681526124552,240.6203938851081,238.672147222782,240.20977783203125,4385200
2018-03-07,238.0081185589434,240.41939760009691,237.83340480886957,240.1223602294922,4153800
2018-03-08,240.75142039720473,241.35424023764782,239.77293794942665,241.24066162109375,3448800
2018-03-09,242.67347404976545,245.42548973949675,242.34150982429708,245.33811950683594,5534500
2018-03-12,245.774949899566,246.36902483725643,244.76151383204282,245.13717651367188,3277300
2018-03-13,246.30779141909494,246.8057776169752,242.97044671765653,243.54705810546875,5284300
2018-03-14,244.534314250781,244.70905469006183,241.77358061235995,242.2977752685547,4153300
2018-03-15,242.83951858202158,243.45108367262014,241.5377898356886,242.04449462890625,3443500
2018-03-16,242.57732955679143,243.33739974864957,242.26280212402344,242.26280212402344,9106600
2018-03-19,241.55524643585437,241.5639914591381,237.38794956294728,239.01292419433594,4573300
2018-03-20,239.38859444573896,240.04383125985342,238.76828439865287,239.43226623535156,5915200
2018-03-21,239.36238196285254,241.47659778319317,238.76828033198353,238.9954376220703,4234400
2018-03-22,236.66018509809288,237.59043023447896,232.74610650932445,232.9742889404297,4727500
2018-03-23,233.43939559618042,233.7465580520438,227.83157169624812,228.02464294433594,5833600
2018-03-26,231.7456337153486,234.5275842512117,229.21816547526473,234.3169708251953,6544700
2018-03-27,235.17702620979037,235.7123442750595,228.7091530818856,230.20985412597656,5711000
2018-03-28,230.38533182595697,232.07031944278884,228.4897308002597,229.5955047607422,5095300
2018-03-29,230.68371116095508,234.36082204439487,229.9904330918738,232.886474609375,5552000
2018-04-02,232.00890602621413,232.5003552199439,225.04082600843617,227.48052978515625,6102600
2018-04-03,228.72676132912997,230.84176083839012,226.94525099804036,230.43804931640625,6600400
2018-04-04,226.87497936145493,233.5885767806598,226.72580378172265,233.1146697998047,3770100
2018-04-05,234.62417477127542,235.5632044316931,233.56229618460324,234.73826599121094,3066000
2018-04-06,232.73726651791634,234.26426709211,227.963166820382,229.55160522460938,5700200
2018-04-09,231.00850332842757,234.0010946343226,230.20110707377324,230.5433807373047,3360400
2018-04-10,233.5359218602178,235.07170738406973,232.3775211336698,234.29066467285156,4183900
2018-04-11,232.7987600157028,234.69436145949268,232.7197799699585,233.01815795898438,2997600
2018-04-12,234.39594431368587,235.91418746907698,234.20287308457242,235.01026916503906,2994000
2018-04-13,236.33544161482584,236.38809497594283,233.26387056712196,234.29066467285156,4026400
2018-04-16,235.89666372261905,236.9761112717032,235.10683646371714,236.2389373779297,3311600
2018-04-17,237.98525761044706,239.34554051073255,237.45869735169035,238.76632690429688,2794900
2018-04-18,239.1788360181718,239.7053963650686,238.49431560179752,238.87167358398438,2766900
2018-04-19,238.2486281089973,238.45045707965514,236.55485560484203,237.58164978027344,2675400
2018-04-20,237.52020454403748,237.7308447782306,234.71192698055532,235.5807342529297,2883800
2018-04-23,236.21260139155882,236.7040506347176,234.48374455266907,235.5807342529297,2999700
2018-04-24,236.5548401492463,236.77423808178392,230.8504939032688,232.4652862548828,4818200
2018-04-25,232.29853755732242,233.36920052036686,230.51702744804072,232.93040466308594,3592500
2018-04-26,233.96599152031825,236.124859962712,233.52719559728013,235.3262481689453,2564300
2018-04-27,235.8878660187899,236.23011283409232,234.58023625455633,235.53683471679688,3579900
2018-04-30,236.13354100921856,236.6864279151618,233.6148577994469,233.7113800048828,3839400
2018-05-01,233.2462946586275,234.2467619391824,231.5964181635182,234.16775512695312,2973500
2018-05-02,233.9483404291177,234.73819423893673,232.14928848890395,232.53543090820312,3090300
2018-05-03,231.68417076039674,232.69339569330015,228.88465155448444,232.0352020263672,3409200
2018-05-04,231.07874887186426,235.7212180808429,230.75404411488154,235.0366973876953,2378500
2018-05-07,235.8527367382967,236.80930834509198,235.15067418823566,235.88784790039062,2185200
2018-05-08,235.48418884118448,236.186278329295,234.29067688435987,235.79135131835938,3261000
2018-05-09,236.51974021758002,238.4592103147861,236.0282910235547,238.21348571777344,3335400
2018-05-10,238.9155699662947,240.6970801513673,238.76639436637808,240.37237548828125,3494500
2018-05-11,240.49523111718054,241.3728227958341,240.00378191969233,240.87258911132812,2639000
2018-05-14,241.53071872183602,242.1625856339271,240.70578062044032,241.1796875,1876000
2018-05-15,239.97745827996286,240.0213271516621,238.62595957876707,239.41578674316406,3820400
2018-05-16,239.56509006997175,241.00432712107704,239.56509006997175,240.54798889160156,2068500
2018-05-17,240.30212875315036,241.4429870748493,239.5649550523953,240.3547821044922,2289900
2018-05-18,240.0125703333085,240.38995515771347,239.41581434314514,239.766845703125,2262600
2018-05-21,241.21484072381236,242.10121690706475,240.86380940178282,241.52200317382812,1796300
2018-05-22,242.09242761803085,242.36450567782828,240.57421115442264,240.87258911132812,1919200
2018-05-23,239.62634066156332,241.60092147310803,239.51227626708132,241.5570526123047,2278200
2018-05-24,241.1885732543961,241.44308240768638,239.29299829369097,241.11837768554688,3192400
2018-05-25,240.50402276620986,241.1271322290179,239.9862468165637,240.44261169433594,3327200
2018-05-29,238.84533170274486,239.60883210525952,236.61624155255194,237.76588439941406,4176600
2018-05-30,239.09987362266486,241.32893729721795,238.9682134397488,240.9427947998047,3904700
2018-05-31,240.53909284687492,240.7672752467815,238.82780519349103,239.3455810546875,4633600
2018-06-01,240.7409323398358,242.08364640651857,240.69703669098186,241.8028106689453,3247400
2018-06-04,242.56637737180833,243.18070236791962,242.3820905857659,242.9261932373047,3088500
2018-06-05,243.03150813795367,243.48787304707653,242.30311867589882,243.14559936523438,1810300
2018-06-06,243.73348746919444,245.26048804965183,243.1016205424593,245.23416137695312,4836800
2018-06-07,245.63778583151839,245.93616364306334,244.2073078070826,245.07614135742188,3081200
2018-06-08,244.65496827764875,245.88359107638993,244.49700822823237,245.7607421875,4139000
2018-06-11,246.02406117236498,246.89286841058853,245.94508113088776,246.1732635498047,2486100
2018-06-12,246.62954749641926,246.85772986527414,245.85726266211182,246.50669860839844,3515500
2018-06-13,246.7173961966721,246.98944752223395,245.5150996710645,245.655517578125,3091200
2018-06-14,246.5242686632862,246.84897328214822,245.75198374168397,246.34873962402344,3629100
2018-06-15,245.58525727156592,246.34000005760254,244.45315648349762,245.9977264404297,5039000
2018-06-18,244.5672416943009,245.6466890966479,244.09336147256343,245.46240234375,3112600
2018-06-19,243.2596112460973,244.78661201906186,242.82081545782296,244.55845642089844,4216500
2018-06-20,245.26936063398554,245.64671867220073,244.65503567439856,245.0675048828125,2562900
2018-06-21,244.97969916716642,244.97969916716642,242.952464636074,243.37371826171875,2569000
2018-06-22,244.75158470107476,244.8129957714539,243.67213716874545,243.87399291992188,2197900
2018-06-25,242.74196904059102,242.88238698396444,238.9068960252749,240.54798889160156,5407400
2018-06-26,241.14829172090595,241.94182733588383,240.3900321288244,241.12184143066406,2690800
2018-06-27,241.6597577884487,243.09695351404977,238.97054534165733,239.04989624023438,6335400
2018-06-28,239.01459964371875,241.24533107092256,238.34451647746837,240.54879760742188,5285700
2018-06-29,241.58038350382014,242.9470539342966,240.7515716552734,240.75157165527344,7694400
2018-07-02,239.26138872623926,241.53622107137556,239.03216187156093,241.430419921875,4579700
2018-07-03,242.25048603714274,242.3474614870899,240.08148103026414,240.4694366455078,1367800
2018-07-05,241.63330507702477,242.5326690673828,240.55761472749919,242.5326690673828,2605600
2018-07-06,242.4974436877091,244.88687757924373,242.1359382504644,244.41957092285156,2942200
2018-07-09,245.5128134467306,246.75600417548813,245.4863631526661,246.71192932128906,4775400
2018-07-10,247.0559174844714,247.71720203137014,246.88838991330474,247.6113739013672,3426800
2018-07-11,246.05947379832938,246.853009537673,245.51281644250878,245.76849365234375,3781200
2018-07-12,247.03816504823385,248.07857918562974,246.47388312418354,247.88462829589844,3444900
2018-07-13,247.8668996748352,248.54583520846896,247.40841907252124,248.14022827148438,3122700
2018-07-16,248.2901883058672,248.41361403547506,247.58480232337965,248.05210876464844,2224100
2018-07-17,247.23210022978125,249.40993048176762,247.19682420694429,249.0572509765625,2322300
2018-07-18,249.12773452535978,249.65676714871196,248.6516293812881,249.60386657714844,3603800
2018-07-19,248.88096552905273,249.25129660036134,248.13153146685067,248.5723876953125,3220900
2018-07-20,248.38716643044802,249.02200036769383,248.15793952791773,248.3078155517578,4868600
2018-07-23,248.11387192771576,248.99558435596475,247.74356777617882,248.766357421875,1879900
2018-07-24,250.15950076020943,250.8736858159087,249.18078577901173,250.0095977783203,2253000
2018-07-25,249.8332112090614,252.50479867574643,249.76265914950025,252.3284454345703,3297300
2018-07-26,251.44664912208447,252.2666349136513,251.35847253092595,251.45547485351562,4088800
2018-07-27,251.90524117426386,251.99339088728829,248.96029810598816,249.84201049804688,2798100
2018-07-30,249.93890838570047,250.09761009208373,248.03440718595482,248.4399871826172,4929600
2018-07-31,249.37467256792692,250.39746204269926,248.95146789403725,249.77145385742188,3589000
2018-08-01,249.93017404585513,250.49448286296462,248.7398569972917,249.41879272460938,2679900
2018-08-02,248.06979478417387,250.90008411861663,247.8669912407628,250.609130859375,2327600
2018-08-03,250.8736579269592,251.86117162714766,250.6885058351064,251.7729949951172,2257900
2018-08-06,251.77301544742434,253.04268371015723,251.4644375718464,252.74290466308594,2988500
2018-08-07,253.43062057184179,253.95082772438968,253.27191877772148,253.4658966064453,5084500
2018-08-08,253.4130226203393,253.88032922392085,253.0250669221508,253.37774658203125,3483800
2018-08-09,253.50117455080982,253.92437933831883,252.99859195791223,253.14846801757812,2385500
2018-08-10,251.66718079130666,252.2050393834798,250.72374200203387,251.3497772216797,3290500
2018-08-13,251.70239275345563,252.319602080926,250.20347119115448,250.5032501220703,3349700
2018-08-14,251.2262285515196,252.3107441487378,250.8470987967794,252.10794067382812,3217200
2018-08-15,250.7324901004132,250.82066670058293,248.77508797061583,250.09765625,3848900
2018-08-16,251.6142291424985,253.1131507822082,251.6142291424985,252.2578887939453,3367800
2018-08-17,252.05513082201094,253.57167729454517,251.6407248990589,253.0867462158203,2975900
2018-08-20,253.5805384666155,253.94204384632528,253.11323188459696,253.70396423339844,1853200
2018-08-21,254.2063893797531,255.1321762341932,254.04768767460027,254.1358642578125,2667500
2018-08-22,253.8538837647126,254.62979517589108,253.58055500501115,254.12721252441406,2124500
2018-08-23,253.90674704062928,254.78845953138986,253.465890795249,253.6951446533203,3325300
2018-08-24,254.35638449097343,255.44969917763532,254.30348390340754,255.27334594726562,2451900
2018-08-27,256.4901798406292,257.43361874326916,256.340303772872,257.29254150390625,3759500
2018-08-28,257.8038932952561,257.89204300625136,256.9927060738354,257.363037109375,3556400
2018-08-29,257.68042415523314,259.073517774056,257.42472004962457,258.8178405761719,2806000
2018-08-30,258.3416758554898,258.747255935299,257.1954607530078,257.7156677246094,4669400
2018-08-31,257.3983404461505,258.2536027032116,256.9045835665824,257.8480224609375,4983200
2018-09-04,257.40712885507463,257.71573358698623,256.366714645981,257.41595458984375,3480500
2018-09-05,257.0191087559224,257.19546196069587,255.65246559595192,256.7193298339844,7530000
2018-09-06,256.7457596194956,257.0808145371741,254.8588827284509,255.9698486328125,3838800
2018-09-07,254.8149154765321,256.3755369329791,254.61211191238027,255.3439483642578,5450700
2018-09-10,256.41957465068316,256.67525184123707,255.64366353020188,255.9169921875,2767500
2018-09-11,255.1675548585001,257.1249573989864,254.84132558637342,256.77227783203125,3015600
2018-09-12,256.69297204759835,257.3366049707509,255.96113558255223,256.7899475097656,2634400
2018-09-13,257.8039641428069,258.4475971301264,257.5394342139466,258.2712707519531,1818000
2018-09-14,258.4828182433964,258.6591445841018,257.5482052237014,258.26239013671875,2616900
2018-09-17,258.2623351084237,258.28878539928013,256.6840626667326,256.9662170410156,2466900
2018-09-18,257.1601943816095,258.95006914717106,257.1601943816095,258.4034118652344,2520100
2018-09-19,258.3681034624214,259.04701211333787,258.29757833166747,258.5885314941406,2354100
2018-09-20,259.87596550860576,261.0486583457442,259.7789900374239,260.77532958984375,3987700
2018-09-21,261.489498987372,261.5953001887726,260.334457692529,260.422607421875,3918800
2018-09-24,259.9199412208441,260.05219266637357,259.04702786490907,259.6377868652344,3412700
2018-09-25,260.0786867870674,260.166863401521,259.1528996046161,259.364501953125,3341900
2018-09-26,259.5035353477601,260.7167436672815,258.2106031455293,258.6002502441406,4082400
2018-09-27,259.0872656653052,260.41560038441156,258.52049654646777,259.30865478515625,2628200
2018-09-28,258.7154268373266,259.85780273428287,258.6711598051009,259.22906494140625,5172100
2018-10-01,260.61927769746256,261.32773914118553,259.6097572995883,260.2384948730469,3455400
2018-10-02,260.11453126429564,260.8229656836676,259.7514498412292,260.1322326660156,2927500
2018-10-03,261.16843947222577,261.5934894664382,259.9198010641258,260.3094482421875,3473900
2018-10-04,259.81345436098724,259.84001997701574,256.6520109283921,258.3522644042969,3837300
2018-10-05,258.46740214281897,258.9721758940024,255.3590898092652,256.7494201660156,4367900
2018-10-08,256.0764014438895,257.1301888835381,254.6860711635786,256.7582702636719,5377400
2018-10-09,256.4129039090581,257.70583600908463,255.86386313851887,256.4483337402344,5886800
2018-10-10,255.87278258288404,255.9170496126273,247.90277142559214,248.1772918701172,8209500
2018-10-11,247.27408044964162,248.81494091688378,241.22571125973693,242.93482971191406,10570100
2018-10-12,246.9197381903982,247.19428560311053,242.98789169683528,246.2113037109375,7286400
2018-10-15,245.82163760296314,247.14997241786625,244.74125753917363,244.88294982910156,3517500
2018-10-16,246.76034020748756,250.57708697636468,246.29986050632706,250.2760009765625,5113200
2018-10-17,250.21405143380923,250.81625056893742,247.62824083167598,250.22291564941406,5944900
2018-10-18,249.25757682378475,249.84204732791926,245.31683978342377,246.63633728027344,4418500
2018-10-19,247.30059348512023,249.1691053072184,245.8217017807425,246.4238739013672,3043300
2018-10-22,247.12348564753253,247.43343594157471,244.8033310879277,245.4940643310547,3852700
2018-10-23,241.7215654952141,245.20182409892843,239.64050170547335,244.0328826904297,5541400
2018-10-24,243.87350109993912,244.22771841634685,236.12487906893125,236.56765747070312,5209200
2018-10-25,238.5423795115711,242.49195442184563,237.50629341276442,240.88909912109375,4590500
2018-10-26,237.21406496357582,239.7467711365176,233.9994898719801,236.53219604492188,7153700
2018-10-29,239.84414777747995,241.0927858341717,231.88300254248466,235.21267700195312,6301500
2018-10-30,235.23934008573949,239.20661757012186,234.7434033751407,238.9763641357422,9531100
2018-10-31,241.57106025335747,243.74065831700884,241.03085652278202,241.54449462890625,7040700
2018-11-01,242.34145122345709,244.20112570965807,241.23450534179528,243.90003967285156,3428700
2018-11-02,245.07779924863186,245.52057756705756,240.52602516319448,242.5451202392578,3391900
2018-11-05,243.15616312153185,244.44909544837785,242.1023754408181,244.0328826904297,5606200
2018-11-06,243.8823142414026,245.60029643286904,243.80261737994854,245.44090270996094,2430900
2018-11-07,247.62813747616448,250.8161458828088,247.22962629094533,250.7275848388672,7669100
2018-11-08,249.9927069147926,250.90482945850377,249.15144405848656,250.18753051757812,7660600
2018-11-09,248.9742706091393,249.14252855077203,246.40616148296948,247.9204559326172,5327400
2018-11-12,247.29162972543853,247.52188304212945,242.65132274315036,243.09410095214844,3786800
2018-11-13,243.62545525255615,245.6268217508387,241.98719721639588,242.73989868164062,5396800
2018-11-14,244.59074704703303,244.98923130741144,239.4810680997108,241.05735778808594,4614900
2018-11-15,239.8176206832943,244.03287945037306,238.17933529503537,243.49267578125,6163900
2018-11-16,242.49194854248725,245.06008426710125,242.01376744311318,244.18336486816406,3803900
2018-11-19,243.62554282427772,243.85579626349423,239.17119275244855,240.10104370117188,3555700
2018-11-20,236.71810698965749,238.17926981666568,234.75217046921597,235.64659118652344,6274100
2018-11-21,237.15214402531032,238.29452007528872,236.4082794189453,236.4082794189453,4247100
2018-11-23,234.76109265714817,236.2311200602388,234.6902329852867,234.94705200195312,1660900
2018-11-26,237.11665662723678,238.68408216459085,236.71814532576911,238.63095092773438,3187200
2018-11-27,237.7277107779339,239.41026313019432,236.9926835709955,239.38369750976562,4565100
2018-11-28,240.52610555351106,244.97161865234372,239.56085173973437,244.97161865234375,5484700
2018-11-29,244.2188584457285,245.85714396577376,243.0764825822846,244.47567749023438,4901300
2018-11-30,244.2896643199576,246.5212845550716,243.97087687211072,246.1847686767578,7603600
2018-12-03,250.10786247278162,250.2406906206644,247.59288378099743,249.16917419433594,5885800
2018-12-04,248.38981424409866,248.7794613919221,240.81831453421506,241.34078979492188,6727800
2018-12-06,237.2584003806119,240.84489477133405,234.10579316827153,240.71206665039062,8536300
2018-12-07,240.38436935662293,241.99606196017425,234.30943653539288,235.203857421875,6089100
2018-12-10,234.9736043041523,236.54989410064331,230.69637746579554,235.55807495117188,8522700
2018-12-11,238.75488934821092,238.940875682422,234.1500114863647,235.60231018066406,4526500
2018-12-12,238.63983976427488,239.9327450362534,236.753599586122,236.8775634765625,3879400
2018-12-13,237.71882194567172,238.6220799717572,235.62005707400255,236.65614318847656,5215800
2018-12-14,234.583932340759,235.53148436617252,231.79443452228998,232.3700408935547,6080500
2018-12-17,231.49928077255274,232.50546679374241,226.12095330535752,227.64361572265625,9320600
2018-12-18,229.4423523536861,230.0478520664351,225.91616300910835,227.61691284179688,10267600
2018-12-19,227.59013571200526,231.36563540559766,222.3720976303457,224.1619110107422,13166500
2018-12-20,222.80842960001198,224.3400048898584,218.14246609057403,220.32406616210938,13684400
2018-12-21,221.32135502955197,223.86804262841127,215.23957976685537,215.80056762695312,14262700
2018-12-24,214.42043684030293,215.48897449224728,210.18188467927973,210.22640991210938,6419000
2018-12-26,211.686689701548,220.73366560379168,209.66537784103792,220.5377655029297,13154100
2018-12-27,217.56366430309285,222.67485252743612,214.30461382986502,222.6659393310547,12693600
2018-12-28,223.81791466925267,225.4673769256673,221.0717903400636,222.3022003173828,10856300
2018-12-31,223.8268044721873,224.35285774584167,221.99903905958945,224.33502197265625,10117800
2019-01-02,220.706202821957,225.30685259855755,220.59921539612714,224.43309020996094,5980000
2019-01-03,222.71232007193393,222.9263085488516,218.512899948335,218.824951171875,5831100
2019-01-04,222.0614336761521,226.9919703709063,221.68696408468182,226.51942443847656,6430100
2019-01-07,226.67990810577496,229.5508415001191,225.7615631419791,228.04405212402344,5961000
2019-01-08,230.3711341229783,230.76343948534412,227.82116287230846,230.2908935546875,5348500
2019-01-09,231.00419072160463,232.2435253678359,229.78270545466395,231.36082458496094,4097000
2019-01-10,229.87186225572387,232.43966951237775,229.21206106292726,232.270263671875,4325600
2019-01-11,231.13789075950075,232.27913527873537,230.5405352490395,232.14540100097656,5111600
2019-01-14,230.38896083531347,231.64611751550092,229.98775798594517,231.02198791503906,3709900
2019-01-15,231.2538567708318,233.77709530680062,231.2538567708318,233.51852416992188,3781800
2019-01-16,233.91974116954876,234.95399856986361,233.7414378167229,234.1337432861328,4387500
2019-01-17,233.2599228336948,236.683656746146,233.17075756947824,235.85447692871094,4446800
2019-01-18,237.6644201636568,239.4565412990329,236.8976587523411,239.0107421875,6994200
2019-01-22,237.49499721621603,237.6911498995371,234.16935349777623,235.8277130126953,5992300
2019-01-23,236.82629308019656,237.46824482798237,233.83053639680665,236.16651916503906,6762400
2019-01-24,236.08628115368003,236.9600299244203,235.0876955817391,236.39834594726562,3731700
2019-01-25,238.22613967698172,239.18905381921365,237.79816271964563,238.50253295898438,3333900
2019-01-28,236.27352173763532,236.63908026281234,234.80239015737885,236.58558654785156,4425100
2019-01-29,236.69262707012376,237.24541372165865,235.4532922402305,236.25575256347656,4454100
2019-01-30,237.76252401997363,240.83852174376477,237.03140690404808,240.04501342773438,5117200
2019-01-31,239.94694789162193,242.54150240167436,239.76864454408513,242.113525390625,6521800
2019-02-01,242.33640673910455,243.2636765885289,241.47155530085948,242.2472686767578,3901800
2019-02-04,242.30960058105612,244.00365870180977,241.60525768812602,243.98580932617188,2960200
2019-02-05,244.4048621573559,245.2607886983961,243.88774724136044,245.02899169921875,4051300
2019-02-06,244.6901990046201,245.17166962532283,243.91451296590893,244.6634521484375,3962600
2019-02-07,243.03185791920805,243.56682235270878,240.66912781478635,242.3631591796875,6678000
2019-02-08,241.04355641542216,242.64842214253963,240.25894571881707,242.63059997558594,2909300
2019-02-11,243.2636513392773,243.54004460647403,242.24724353300297,242.7643585205078,2770300
2019-02-12,244.35141739069832,246.25945073099186,244.29792367175733,245.92063903808594,4285400
2019-02-13,246.72306464018996,247.5254976096846,246.30401238142673,246.66957092285156,2994400
2019-02-14,245.58182467640003,247.2491090539209,244.77939169158594,246.1078643798828,7159700
2019-02-15,247.8732118747588,248.89854431152344,247.70380604848972,248.89854431152344,4844200
2019-02-19,248.05159922280063,249.91503673369706,248.0248523574548,249.246337890625,4588400
2019-02-20,249.2462210903634,250.20916221041784,248.74692836493253,249.72769165039062,5534300
2019-02-21,249.157163111412,249.46030327715417,247.90000620648544,248.9431610107422,3118300
2019-02-22,249.52270807889258,250.6104591843855,249.2374172781548,250.378662109375,4962900
2019-02-25,251.8408979394094,252.37586246695216,250.67290611247785,250.77099609375,4699300
2019-02-26,250.36967383307402,251.44849997381888,250.23593955271988,250.58364868164062,4881300
2019-02-27,249.897166290287,250.8155114356765,248.93425211440513,250.45887756347656,3283800
2019-02-28,250.23592512197277,250.69954633693612,249.70096082199072,249.9327850341797,4166100
2019-03-01,251.6090905524752,251.98354665984942,250.14685605092825,251.7071533203125,4204000
2019-03-04,252.65224868839954,252.83057926235702,248.35473762462297,250.68182373046875,4811800
2019-03-05,250.7888321902173,250.97606026195194,249.77242401994448,250.36085510253906,2502400
2019-03-06,250.4232372763349,250.43216196731566,248.4706346112079,248.76487731933594,3411700
2019-03-07,248.33678562997179,248.45269772150718,245.84921963362441,246.7586669921875,4553800
2019-03-08,244.81506352184223,246.37536063785387,244.38711372690935,246.2594757080078,5315800
2019-03-11,246.93711322132413,249.95964520027582,246.9192910466976,249.83480834960938,3843700
2019-03-12,250.3519096711081,251.25240550707824,250.20032597864127,250.71746826171875,2089500
2019-03-13,251.635784274741,253.3298155104278,251.4663784302304,252.45603942871094,2804600
2019-03-14,252.44714992281314,252.85727751275306,251.81409555357394,252.33123779296875,2396400
2019-03-15,252.8216710320262,254.2928031299718,252.61659357956506,253.463623046875,3132400
2019-03-18,253.72209961523424,254.70286305126135,253.50809755047206,254.47103881835938,3786200
2019-03-19,255.45176525681808,256.24527337007584,253.60615076851875,254.5869140625,5845600
2019-03-20,254.2736944947195,255.45528691172274,252.59978556272964,253.67396545410156,4671800
2019-03-21,252.88620823351104,256.9680476455146,252.86828793627052,256.5204772949219,3615200
2019-03-22,255.22251444950837,255.75064418944666,251.59720550691227,251.67776489257812,6540600
2019-03-25,251.32864668068976,252.5012788224403,250.2186809446881,251.4539794921875,4726400
2019-03-26,253.20841157314308,254.3004841737862,251.93732724695744,253.28897094726562,4222700
2019-03-27,253.34274642833373,253.9156496686829,250.48724501150656,252.05374145507812,3437000
2019-03-28,252.65343819070458,253.41431317577565,251.49869915024436,253.04730224609375,2380700
2019-03-29,254.49745200605688,254.8823559535343,253.3516729947691,254.7212371826172,4331300
2019-04-01,256.5831471515289,257.87212464644995,256.3235486957859,257.666259765625,4170400
2019-04-02,257.7736889826437,257.9437679145789,256.94121462161036,257.72894287109375,7162300
2019-04-03,258.9193669760957,259.32219109286683,257.51398995782586,258.1943054199219,3439000
2019-04-04,258.46301567033936,259.0448792015446,257.7558739159366,258.8121337890625,3422400
2019-04-05,259.4654038735826,260.09201313043985,259.17897968410887,259.9935607910156,3928500
2019-04-08,259.6177252967396,260.3517474225071,258.97322272832747,260.2801208496094,2492300
2019-04-09,259.34910124768277,259.60867235844603,258.39129422962526,258.93731689453125,3990400
2019-04-10,259.3402103329595,259.895193293816,258.93738602006374,259.78778076171875,2879200
2019-04-11,260.2800458523815,260.28900600079527,259.1700801500942,259.76983642578125,2581400
2019-04-12,261.35433507654585,261.77505246534764,260.6740191327292,261.5244140625,2516100
2019-04-15,261.595933566455,261.65859997744417,260.521781017848,261.30950927734375,3124800
2019-04-16,262.20452552478446,262.2582317608303,260.897600934292,261.5063171386719,3759000
2019-04-17,262.61631874553893,262.6252788919572,260.432173786007,260.81707763671875,4343000
2019-04-18,261.4616018524457,261.63168074357105,260.1457441417781,261.38104248046875,4367500
2019-04-22,260.60229792089314,261.7391166951394,260.5217385416969,261.64959716796875,2879500
2019-04-23,261.9628579225127,264.16489587049625,261.7390728008776,263.9232177734375,4574500
2019-04-24,263.84264844490735,264.19176633388463,263.2249993471157,263.36822509765625,2568500
2019-04-25,263.28774322424465,263.85168624624964,261.98977825875613,263.2071838378906,1839000
2019-04-26,263.2698076263825,264.5140662619897,262.46418649213524,264.4872131347656,2160500
2019-04-29,264.5229823539462,265.3733494527632,264.4334628389337,264.77362060546875,2986600
2019-04-30,264.5050433014136,265.2569580026546,263.0907334075952,264.9078674316406,4549100
2019-05-01,265.6150924114716,265.7941041492737,262.96545644376596,262.9923095703125,2952100
2019-05-02,262.84906889278795,263.77999534190815,260.9244949684552,262.5089111328125,3279700
2019-05-03,263.8785388081568,265.25703583951133,263.68160675831666,264.9706115722656,3160500
2019-05-06,260.6828483548581,264.317117029577,260.37850382694097,263.9769592285156,2792400
2019-05-07,261.49740592921984,262.08820195380014,257.57668605906395,259.51019287109375,5263000
2019-05-08,259.18789437932253,260.82601662484626,258.5344593642652,259.1610412597656,5809800
2019-05-09,257.0844640961337,258.9105317689634,255.32103552173618,258.445068359375,4280900
2019-05-10,257.4334672755915,260.3963803081484,254.40788784838315,259.59075927734375,4329400
2019-05-13,254.49746902793052,255.47316918488931,252.28647024293247,253.1457977294922,5831700
2019-05-14,254.13933789822525,256.92321168894915,253.99611214279128,255.4014892578125,3202800
2019-05-15,253.77243533208957,257.5320378936516,253.54865011574734,256.9322814941406,3135500
2019-05-16,257.5946811430626,260.6381819883764,257.5409748756777,259.1969909667969,3911200
2019-05-17,256.9858759000579,260.0741214683442,256.97691575369436,257.7109375,3833300
2019-05-20,256.0549944363482,257.23658675406364,255.15985370793234,255.9923553466797,2515800
2019-05-21,257.5946245381852,258.57032460464904,257.34398623962136,258.2301940917969,3634900
2019-05-22,257.218681855694,258.3376077143689,256.95908340757416,257.4872131347656,3147400
2019-05-23,255.2045437903204,255.21347661876885,252.85032007262333,254.27359008789062,4419100
2019-05-24,255.70585908844532,256.1176161026797,254.2288826080757,254.90023803710938,1809900
2019-05-28,255.13285887443362,256.0817053341497,252.50114440917972,252.5011444091797,2455600
2019-05-29,251.3376164376575,251.71358756899704,249.3504028977828,250.85423278808594,6641200
2019-05-30,251.49866544542718,252.35801998794017,250.35288670626315,251.41810607910156,3840000
2019-05-31,248.9027887303303,249.70840979284228,248.0523942480815,248.22247314453125,5428400
2019-06-03,248.088342418437,249.19833592264547,246.07427500824622,247.3990936279297,5589700
2019-06-04,249.708402608302,252.94880706002178,249.26979247614207,252.82350158691406,3598900
2019-06-05,254.44367774492162,255.0255135849682,252.61758354333503,254.9897003173828,4673700
2019-06-06,255.3030065992997,257.35288593092446,254.6585043661806,256.69049072265625,4294500
2019-06-07,257.71102401666093,260.3337799348441,257.5320122519296,259.2954406738281,3180200
2019-06-10,260.8081689208516,262.10613380155536,260.3695587401768,260.4859313964844,3862800
2019-06-11,262.27618936735945,262.65216042984855,259.7518863810655,260.441162109375,2923100
2019-06-12,260.1815088525613,260.70963840418796,259.4385270315743,259.8503112792969,2310100
2019-06-13,260.84402252199914,261.35425933198695,260.1547739433074,261.04095458984375,2305000
2019-06-14,260.76339252712006,261.3183752996407,259.94881134510615,260.7096862792969,2000100
2019-06-17,260.96009550567715,261.59055366754774,260.65388160815337,260.9510803222656,2511100
2019-06-18,262.653315241163,264.60768617634244,262.3110680765798,263.391845703125,4622700
2019-06-19,263.6980615206393,264.68876977123676,262.7884074698203,264.10333251953125,7606200
2019-06-20,266.87726376280176,267.10242343576203,264.6797031558848,266.6070556640625,4409000
2019-06-21,266.39995437659945,267.6698583639065,266.1117433684203,266.2018127441406,3628100
2019-06-24,266.4989557869442,266.8321876707246,265.82347683809996,265.9315490722656,3549200
2019-06-25,266.0036848110799,266.0577209422321,263.25671987936977,263.3558044433594,2975600
2019-06-26,264.2655047020032,264.77884803777545,263.00458812697053,263.0586242675781,4210200
2019-06-27,263.87821129150296,264.5447028401998,263.53596407453017,264.139404296875,2722100
2019-06-28,265.04001648533864,265.8776040724759,264.5266457118087,265.46331787109375,5751100
2019-07-01,268.72361391626237,269.18294853299386,266.60710708515836,267.7779541015625,3919300
2019-07-02,267.7509618830949,268.5975646972656,266.9223619532589,268.5975646972656,3786000
2019-07-03,269.1919499774482,270.6599681656998,269.0658473497554,270.62396240234375,1853800
2019-07-05,269.4532296751623,270.5159773363231,268.1563070263356,270.2818298339844,2198200
2019-07-08,269.0297561130752,269.33596994749195,268.15613554697376,268.8856506347656,2954400
2019-07-09,267.69685447529855,269.52514996269963,267.66082123090246,269.3179931640625,1544300
2019-07-10,270.29973261680965,271.44356156956223,269.74134091640303,270.5519104003906,2498200
2019-07-11,271.1372775717769,271.38046761848994,270.1285665959215,271.0292053222656,5142100
2019-07-12,271.64166804024535,272.4342346191406,271.3264664336851,272.4342346191406,4346100
2019-07-15,272.7674154997297,272.79446104583695,271.9658613725693,272.40716552734375,4400600
2019-07-16,272.3621766237851,272.53330019072587,271.26339621331414,271.4885559082031,2233900
2019-07-17,271.5156208396832,271.66874155217687,269.7233581542969,269.7233581542969,2142400
2019-07-18,269.1919027025657,271.0562038428537,268.76860143228936,270.7770080566406,4370700
2019-07-19,271.7948334598818,271.8308667153924,269.01186227741175,269.20098876953125,3510300
2019-07-22,269.5881947964587,270.38076132307435,269.0838392768514,269.8133544921875,2571000
2019-07-23,271.01117703754375,271.7767253802354,270.1555593335983,271.7406921386719,2209200
2019-07-24,271.03822707381596,273.0466613769531,270.9391425191541,273.0466613769531,2390900
2019-07-25,272.63232813646005,272.6593461975476,270.93912301414036,271.731689453125,3671000
2019-07-26,272.4432043709347,273.7761595300072,272.35313500465884,273.5870056152344,2711600
2019-07-29,273.4610010971994,273.5060220493057,272.5153137350978,273.09173583984375,2326300
2019-07-30,271.67768634381343,272.80348483478343,271.2904182593953,272.42523193359375,4701600
2019-07-31,272.67742293880036,272.8395313328973,267.39067736610366,269.4981689453125,8580600
2019-08-01,269.57920866243285,272.5333027881183,266.282867399604,267.0574035644531,10111600
2019-08-02,266.15681857425955,266.41801157150275,263.51795298809526,265.1661376953125,7481100
2019-08-05,260.97803919245445,261.05010567277003,255.18693954732154,257.19537353515625,6926000
2019-08-06,258.9697197942136,260.90608795302876,257.5196768572132,260.62689208984375,5461900
2019-08-07,257.5917324537149,261.59955894102166,255.4752256084564,260.8790588378906,5787700
2019-08-08,262.32002475894456,265.9405822753906,261.7976389446652,265.9405822753906,5600900
2019-08-09,265.0309799012046,265.6434351974299,262.37411183094395,264.2113952636719,4104700
2019-08-12,262.60821972338385,263.1756265013227,260.00538817600767,261.01409912109375,2768300
2019-08-13,260.61780832845415,266.44494164038997,260.2845764171961,265.0399475097656,3622700
2019-08-14,260.9150981001194,261.5545440177798,257.04233437193955,257.22247314453125,5805500
2019-08-15,258.05099386973336,258.69945484179135,255.7993970897141,257.8888854980469,5784200
2019-08-16,259.5101382154686,262.09496778330134,259.45607458823105,261.7076721191406,3906300
2019-08-19,264.6617676483541,265.4813524499126,264.01333394372386,264.8509216308594,2828500
2019-08-20,264.328493908546,264.8058314115833,262.63528843050676,262.79742431640625,2987200
2019-08-21,264.9229025891928,265.3011829859654,264.27444154137936,264.9499206542969,3004600
2019-08-22,265.64348836139163,266.2559162948678,263.0766616726111,264.8509216308594,4230200
2019-08-23,263.55395056646256,265.1931198667872,256.7721411384134,258.0060119628906,6060200
2019-08-26,260.2035796842113,260.8790588378906,258.69950067514594,260.8790588378906,2675200
2019-08-27,262.27500537627583,262.63525538290065,259.1047668385379,259.8793029785156,3416400
2019-08-28,259.1588327273239,261.824716064877,258.38429649839765,261.6355895996094,3827600
2019-08-29,264.27439914088814,265.5443029676661,263.2566730430604,265.0399475097656,3544700
2019-08-30,266.5530264517147,266.5530264517147,263.9952157988128,265.03094482421875,4786600
2019-09-03,263.2207141154789,264.1483710140126,262.0408794431298,263.3558044433594,4419500
2019-09-04,265.5623279435384,266.38191250215107,264.83281275675483,266.3729248046875,2741800
2019-09-05,268.87670547867583,270.7320191418208,268.75060285821263,269.8583984375,4005000
2019-09-06,270.13762827048527,270.6509990293301,269.47116429358897,270.0385437011719,3937500
2019-09-09,271.0292173361343,271.07426576563597,269.2099369229888,270.16461181640625,2973000
2019-09-10,269.36308849634025,270.14666748046875,268.1292175168076,270.14666748046875,2416700
2019-09-11,270.4168228808707,272.10101318359375,269.77737697394383,272.10101318359375,2935100
2019-09-12,272.91160106958245,274.0193968579218,272.19110091338524,272.96563720703125,4597600
2019-09-13,273.3979016877805,273.7491639995735,272.3891906672169,272.7764587402344,4257000
2019-09-16,271.6056188686276,272.35313689475043,271.2723869478748,271.9748840332031,2277400
2019-09-17,271.70469790139697,272.695406046788,271.57862276579124,272.6323547363281,3919700
2019-09-18,272.21810803200754,272.8935872082656,270.20068568755187,272.8305358886719,3060100
2019-09-19,273.1908115314098,274.1545018429123,272.43427808140393,272.7945556640625,5068000
2019-09-20,273.39792740406625,273.6501051829274,270.7320441010599,271.2904357910156,5885200
2019-09-23,270.81312724008876,272.09201915337025,270.5879675032824,271.4345703125,4628800
2019-09-24,272.4962981059634,272.91263306334815,268.3328656683942,269.274169921875,6186800
2019-09-25,269.328432030607,271.3105871845856,267.88027823656637,270.794677734375,3626300
2019-09-26,270.87604182028826,271.0751632453844,268.90294709420766,270.25152587890625,3102400
2019-09-27,271.1023215993248,271.1656846955155,267.309982287732,268.81243896484375,3287300
2019-09-30,269.36462526766354,270.794687201975,269.31938168114516,270.1882629394531,3805200
2019-10-01,270.9846629811401,271.6363306234772,266.667382113925,266.9208068847656,4889900
2019-10-02,265.3278837042064,265.3278837042064,260.88387583188353,262.1419677734375,6358200
2019-10-03,261.93378454169886,264.3413340952773,259.23662635751714,264.3232421875,4787000
2019-10-04,265.0021053005093,268.14277814468045,264.9658938577521,267.925537109375,4951200
2019-10-07,267.12904344148427,268.74010716595745,266.47737566409995,266.72174072265625,2631600
2019-10-08,264.8844883981404,265.5995195149082,262.5764849567991,262.5946044921875,3984900
2019-10-09,264.6218900794783,266.0157402648656,264.02452571431235,265.08349609375,3371700
2019-10-10,265.0201201337618,267.78064107921665,264.8481503572274,266.95703125,3530700
2019-10-11,269.67243690847835,271.88086576391817,269.51855896423973,269.6181335449219,4203800
2019-10-14,269.3374676784417,269.9710436032125,269.029739481656,269.4370422363281,1612700
2019-10-15,270.37837825311743,272.76780884818544,270.30595536225,272.0889892578125,3190400
2019-10-16,271.55494456619454,272.2699754880888,271.1567015935878,271.5911560058594,3140300
2019-10-17,272.74959173019073,273.2655010111432,271.7087410270035,272.3513488769531,2130900
2019-10-18,271.889712181033,272.4780166318496,270.305800709714,271.1656494140625,2557200
2019-10-21,272.51436035121793,273.22033155916296,272.13423688145235,273.1117248535156,3784900
2019-10-22,273.6095338082827,273.8448667676971,272.0437409909959,272.1614074707031,4540200
2019-10-23,271.8807584296907,273.0030643284465,271.69972887514143,272.9487609863281,1767200
2019-10-24,273.85380133672726,274.01671133204167,272.56855803527355,273.43743896484375,1937800
2019-10-25,272.8401617116173,275.05762189828937,272.81301003982077,274.52362060546875,2515700
2019-10-28,275.645923918381,276.5600762289092,275.645923918381,276.0622863769531,4818200
2019-10-29,275.8088002120863,276.90395421549994,275.6549223601097,275.9717102050781,3443100
2019-10-30,276.17090804283487,277.1574556572336,274.8675724958119,276.8406677246094,4160900
2019-10-31,276.8043977032259,276.8043977032259,274.6503009839948,276.0260314941406,4214800
2019-11-01,277.54662969364165,278.7232666015625,277.3837196609433,278.7232666015625,2413100
2019-11-04,280.2437981066978,280.3614645523176,279.41110084470273,279.77313232421875,2509600
2019-11-05,279.99944647568316,280.2619310758135,279.15771694770535,279.43829345703125,4949800
2019-11-06,279.4563347390159,279.8002742660756,278.5602744918797,279.56494140625,2711200
2019-11-07,280.86830552177724,281.6466717977697,280.04466804896606,280.5605773925781,2772000
2019-11-08,280.153270439895,281.20318101704044,279.47445108907743,281.1850891113281,2031000
2019-11-11,279.85459919845033,280.82302713684754,279.6735696582702,280.7234802246094,2232400
2019-11-12,281.03112475676994,282.1624899933109,280.4790317795243,281.2030944824219,2528800
2019-11-13,280.23471934968046,281.7462358912856,280.0355979062576,281.3570251464844,2311600
2019-11-14,281.05833782909235,281.8276718822847,280.43382187236676,281.7552490234375,2317200
2019-11-15,283.0857644512505,283.8460388183594,282.4069450926286,283.8460388183594,3770100
2019-11-18,283.56550611138226,284.25338533971296,283.11295980247723,283.9728088378906,2866900
2019-11-19,284.6244240805544,284.6244240805544,283.2758451677856,283.9093933105469,3873700
2019-11-20,283.3482241820707,283.8279220486252,281.3117662846022,282.8594665527344,4099900
2019-11-21,282.95908961083745,283.05863653359785,281.6466943588847,282.4522399902344,2174200
2019-11-22,283.1672920085426,283.26686656969173,282.0449858868746,283.0586853027344,2164500
2019-11-25,283.9727607618528,285.23085254580883,283.9727607618528,285.19464111328125,3510100
2019-11-26,285.3123767536513,286.04549961807635,284.95937734865726,285.7649230957031,3180700
2019-11-27,286.4346538826271,287.1677766729284,286.14501762390137,287.140625,1999500
2019-11-29,286.63378087894847,286.84196212289896,285.87350640107445,286.0635681152344,1790700
2019-12-02,286.39840842378925,286.41652795107836,283.2487042533092,283.6650390625,3528400
2019-12-03,280.93168616564157,281.8548706108816,279.5649875942842,281.7100524902344,2573100
2019-12-04,282.79620922352,284.0814253171853,282.4884534161782,283.4569091796875,2210900
2019-12-05,284.2081076162142,284.2081076162142,282.70565073658724,284.0542297363281,3006400
2019-12-06,285.9458958667451,287.0410777899907,285.9097120503655,286.5885314941406,4750700
2019-12-09,286.190308779019,286.91437185508005,285.66533957082424,285.7377624511719,3296100
2019-12-10,285.6924201369958,286.29884421871617,284.75111627541764,285.4389953613281,3497900
2019-12-11,285.86438996751235,286.4798461912283,285.47520685144747,286.1630859375,4633900
2019-12-12,286.2174125549498,289.45763156673627,285.98207966505714,288.6973571777344,5009300
2019-12-13,288.4801757206294,290.10027159508513,287.67463004458637,288.79693603515625,3983000
2019-12-16,290.5813953066084,291.47410050981534,290.57227727631994,290.8728942871094,3948000
2019-12-17,291.2918630614604,291.55603571039563,290.8455244261553,290.9001770019531,4846300
2019-12-18,291.3375000435605,291.54702019036586,290.90936951669966,290.9184875488281,4238700
2019-12-19,291.1279549200416,292.2301524515195,290.8911085186647,292.1663818359375,5208100
2019-12-20,293.1865246050072,294.54380424751173,293.1409900621619,293.66021728515625,5678400
2019-12-23,294.19772479906806,294.2614954137585,293.7240598018096,293.8697814941406,4519500
2019-12-24,294.10665209203603,294.1613046808754,293.5965427302852,293.90625,2716300
2019-12-26,294.2797606607611,295.43661098518845,294.24331633118464,295.4275207519531,2847400
2019-12-27,296.21994556696325,296.21994556696325,294.87178366002513,295.372802734375,5091400
2019-12-30,295.50944710331845,295.58230795063844,293.2776979447744,293.7787170410156,3511400
2019-12-31,293.2776660109267,294.73513298848985,292.92242424575323,294.4436340332031,3128900
2020-01-02,296.0286773493538,297.2492980957031,295.0904375622934,297.2492980957031,4070500
2020-01-03,293.79689208999804,296.10150183533074,293.7786838299448,294.9628601074219,4290400
2020-01-06,293.21393890249607,296.17440756591174,293.113723969244,296.12884521484375,4212000
2020-01-07,295.55505596717404,296.0196308571231,294.8172180824788,295.3182373046875,3632500
2020-01-08,295.48212304670284,298.0599959981161,295.2361586125305,296.8211669921875,3912100
2020-01-09,298.40615236546637,298.93449776679535,297.8140641458039,298.8251647949219,2964600
2020-01-10,299.44459542136053,299.5994351441092,297.5225535415465,297.9962463378906,3494600
2020-01-13,298.66119158225496,300.08221435546875,298.19661682217145,300.08221435546875,3588100
2020-01-14,299.5994702359878,300.66525135372336,298.8798407257027,299.6177062988281,4298700
2020-01-15,299.51743557243344,301.04776342671596,299.42633867182525,300.2917175292969,4405100
2020-01-16,301.6672224106772,302.7876281738281,301.43949404595577,302.7876281738281,5493100
2020-01-17,303.5163794124535,303.92627379474976,302.91517318621266,303.7896423339844,4982400
2020-01-21,302.76949018930344,303.9263405430153,302.7057195606499,303.13385009765625,5892400
2020-01-22,304.0173874093011,304.64591996223703,303.0427032708208,303.19757080078125,4182400
2020-01-23,302.51441232686454,303.7077069197712,301.40309662214867,303.5710754394531,7454900
2020-01-24,304.16315997597263,304.25425689468904,299.5448214059303,300.8110046386719,4793500
2020-01-27,295.54592916913873,297.4679435251218,295.21798581713506,295.9284973144531,6552900
2020-01-28,297.44065815903406,299.96387917517336,296.95787499568956,299.0802917480469,5559200
2020-01-29,300.48312648728256,300.6744105988765,298.7068612818592,298.8708190917969,3372400
2020-01-30,296.7938750337584,300.0184891539841,296.01047488442754,299.7725524902344,4084500
2020-01-31,299.1895127900656,299.34435249833825,293.4780680678275,294.4436340332031,6354000
2020-02-03,295.87382168790066,298.4334864853021,295.8009608369483,296.5570068359375,3119700
2020-02-04,300.2006564189499,301.95871283491493,299.89094915905514,301.1571044921875,3636300
2020-02-05,304.0447330407734,304.77345278383353,302.60550181862294,304.5093078613281,4106100
2020-02-06,305.6751708984375,305.7753580140956,304.5092030316092,305.6751708984375,4442600
2020-02-07,304.545804354875,305.2745520881611,303.44360641945394,304.0174865722656,4679900
2020-02-10,303.0699885475264,306.28551172714435,303.0699885475264,306.2673034667969,3614300
2020-02-11,307.6245825623997,308.3806563157486,306.30377469995165,306.83209228515625,5850800
2020-02-12,308.2440996399715,308.97281947889115,307.87062168788924,308.79974365234375,5473300
2020-02-13,307.39689547429003,309.4191247769424,307.0689799219622,308.4171142578125,7908300
2020-02-14,308.79969373517974,309.0365401540386,307.6610517966282,308.86346435546875,6510600
2020-02-18,307.93432899941604,308.5264450739777,306.7501524480463,308.1256408691406,3566600
2020-02-19,309.1002382644027,310.2844423885276,308.81785732839813,309.60125732421875,2678800
2020-02-20,309.1003387454446,309.8928570287234,305.3656147522515,308.3351745605469,3567700
2020-02-21,306.97780882684094,307.2693077799484,304.3361655866214,305.16510009765625,4323700
2020-02-24,295.6916516358473,298.12380318990876,293.95183111530815,294.98114013671875,7492100
2020-02-25,296.3930020217242,297.0124164525531,285.1887506931948,286.1361083984375,12100900
2020-02-26,287.4204936032309,291.03682078249875,284.26874113681293,285.0339050292969,11655100
2020-02-27,279.3954259985703,283.3214614678699,272.0989990234375,272.0989990234375,11340100
2020-02-28,264.2013733161174,271.41579305083263,261.1680156330976,269.5484313964844,19515300
2020-03-02,272.6728275874091,282.83862498054555,269.3115547477885,282.7475280761719,11780800
2020-03-03,283.0754790100737,287.07437469046346,272.25382253187854,274.6404113769531,12910300
2020-03-04,280.06033478234025,286.7099914550781,277.56441317351033,286.7099914550781,7188600
2020-03-05,279.0310022664923,282.2100811699712,274.46731718931215,276.6990661621094,6506600
2020-03-06,268.2548482326532,273.31043371587896,265.4583655349299,272.0898132324219,9896200
2020-03-09,252.5052762904421,259.8745644236694,250.11865916323785,250.31906127929688,14676500
2020-03-10,260.25697976708545,263.9279585292326,250.1458385739312,263.7548828125,14213300
2020-03-11,256.7500748215094,257.8158558856015,247.75936270724802,250.92935180664062,9984000
2020-03-12,233.99545405345754,243.92440520771856,226.41664739450096,226.78102111816406,22444700
2020-03-13,241.15526203595735,247.83227441502555,228.20208319147255,247.35858154296875,24915800
2020-03-16,220.86919843684998,234.85172628365882,214.0646734497065,218.72854614257812,18004600
2020-03-17,223.90252701342416,234.10475479259154,216.6334416319399,232.63818359375,18140900
2020-03-18,216.0868771613248,224.89540804291372,208.39876586627156,219.6849822998047,22014200
2020-03-19,217.99977301040795,226.13422193538887,212.18814183168172,220.49566650390625,18324900
2020-03-20,223.03718076428268,224.72236243535482,210.14774612629978,210.5667724609375,12619800
2020-03-23,209.71960227245066,210.84003583727926,200.6560161137343,204.63670349121094,14473200
2020-03-24,215.87738284288244,224.40353326414467,214.9482472349516,223.97540283203125,12474400
2020-03-25,225.09460747610783,235.7549133195068,220.43817149437388,226.836181640625,11938200
2020-03-26,229.4576816311356,241.64874080750633,229.0635274225798,240.49378967285156,15886800
2020-03-27,232.82170821971815,239.8155301509827,230.78680870611987,233.0417022705078,9514700
2020-03-30,235.1407769554833,241.25465115017474,233.16087229812564,240.4846649169922,9539800
2020-03-31,239.60469049860862,242.0795780438026,235.57156425385287,236.85482788085938,9561000
2020-04-01,228.01859968957322,231.19011401355684,224.22378989543895,226.22203063964844,13680800
2020-04-02,225.4154364347487,232.33592783710503,224.97546226747622,231.529296875,7510800
2020-04-03,230.52098210376639,232.8675292368544,225.4887286129864,228.25692749023438,6419000
2020-04-06,237.06570591559492,245.48028041544907,236.0665923309026,243.6378631591797,9644800
2020-04-07,252.13492916174647,252.9873799240452,243.54619541320167,243.73867797851562,11723100
2020-04-08,246.34185929731888,253.2165158358487,244.18779465396972,252.07073974609375,5987700
2020-04-09,255.4163703494437,258.55122567114444,253.3081537810043,255.84718322753906,11460300
2020-04-13,254.82058172394065,255.10473193334303,249.58668480227973,253.39065551757812,7569700
2020-04-14,258.3678955209804,261.9702084831399,257.38710457004754,261.0810852050781,8106500
2020-04-15,255.223959181297,257.07552357237455,253.27155193197837,255.34312438964844,6012100
2020-04-16,256.6721790050949,257.47880988741946,253.55567348315498,256.6996765136719,6360000
2020-04-17,262.4194466689457,264.18851857134206,259.6879058859676,263.60186767578125,7982800
2020-04-20,259.8711906167564,263.2626710364187,258.7254145344957,258.9087219238281,5692100
2020-04-21,254.46305387274967,255.6546775420976,250.16412861325867,251.02572631835938,8689400
2020-04-22,255.91143697265878,258.4229697354307,254.6373202672465,256.7088928222656,7196100
2020-04-23,257.8913560502549,261.06285727262946,256.3514392920789,256.6355895996094,7300700
2020-04-24,258.12042105935745,260.85193312139785,256.09469693805664,260.2286376953125,5011300
2020-04-27,262.1811362954228,265.08683753690843,261.7411480901055,264.1610412597656,5334600
2020-04-28,267.6441650139274,267.9833103185983,262.47443696200344,262.7402648925781,6904700
2020-04-29,268.1115556338563,271.1730654251836,267.08494492215897,269.60565185546875,7104800
2020-04-30,268.2582932550979,268.7349260835457,265.3984403383076,266.88336181640625,11243800
2020-05-01,262.32777215663737,263.0060627605903,258.8904433289513,259.8895568847656,6341200
2020-05-04,258.07461893941144,261.10863206553734,256.7455353372132,260.8978271484375,4756600
2020-05-05,263.55598442109914,266.0033743294622,262.76770393947623,263.1985168457031,5939700
2020-05-06,264.92180731379665,265.2609806015996,261.2919957675203,261.4661560058594,3434800
2020-05-07,264.6284401900424,266.46168181803563,264.06928694751986,264.56427001953125,3779000
2020-05-08,267.7083437802958,269.36742565630766,266.56256745857195,268.9916076660156,4342000
2020-05-11,266.9291416948336,270.3939672824573,266.6174939721746,268.9823913574219,6128100
2020-05-12,270.1557462369369,270.5590617578314,263.49189295287806,263.5010681152344,4748800
2020-05-13,263.0334730496691,264.09675643787875,256.5346355245894,258.9820251464844,8599000
2020-05-14,256.50725020542274,262.17196199894437,252.0708073527806,262.080322265625,8721000
2020-05-15,259.71529917651475,263.28096703589864,258.716185995688,263.216796875,7109700
2020-05-18,269.5689931423312,272.8780085974301,269.20235043676126,271.3564147949219,6010600
2020-05-19,270.71485606592535,272.39228824313864,268.4966488019981,268.560791015625,5323900
2020-05-20,272.0622538877926,273.9504907511204,271.86977132643807,273.14385986328125,3890100
2020-05-21,272.9604879161242,273.7579434547855,270.11895813245803,271.14556884765625,3865500
2020-05-22,270.8797811816873,271.8880697025868,269.67901011640413,271.6955871582031,3699100
2020-05-26,277.7269701572444,277.91948069558646,274.72045458757515,275.1421203613281,7299600
2020-05-27,277.88286308893356,279.2119469338488,273.0706021917378,279.1569519042969,6809200
2020-05-28,280.32107161079983,282.23680635368413,278.01116853525895,278.60699462890625,5877200
2020-05-29,278.16693066029427,280.4768051335901,275.5178829749038,279.7343444824219,7085400
2020-06-01,279.2393363722638,281.63170291135,278.744353374402,281.1092224121094,6471000
2020-06-02,281.9984091306071,283.4466857910156,280.6418281261807,283.4466857910156,3188000
2020-06-03,285.3716832086451,288.11239978467455,285.08753285724316,287.25994873046875,4870400
2020-06-04,286.15070058318264,287.9289473343062,284.3083116297573,286.29736328125,6997200
2020-06-05,291.83375756727327,295.56441122810935,291.77876255282274,293.7586669921875,7160800
2020-06-08,294.4461039086527,297.48926364575465,294.0611108720246,297.3517761230469,3822900
2020-06-09,294.6661191809378,296.5635311403352,293.79531814458164,295.1611022949219,4326400
2020-06-10,295.70193038242405,296.58187868077016,292.7687320905343,293.4195251464844,6002800
2020-06-11,286.5080761495959,286.9938838952523,275.976087592081,276.4435729980469,7901500
2020-06-12,283.5017563530489,284.2808899060246,274.63801774210026,279.8994140625,7851700
2020-06-15,274.09241766062803,283.5359262960792,272.89585245858524,282.46826171875,6281200
2020-06-16,290.2918449734974,290.39307788875226,283.03891669553127,287.89874267578125,5248800
2020-06-17,288.95722977155197,289.1965484343674,285.9658588425388,286.6009521484375,3532000
2020-06-18,285.16509036552947,287.29126248794887,284.7416761111189,286.82183837890625,4008900
2020-06-19,290.23664329480283,290.48517520014406,283.83972754811424,285.0730895996094,3833900
2020-06-22,284.5668658779382,287.3925399091873,283.44394997838606,287.1164245605469,4186200
2020-06-23,289.6567257801598,290.6231573480759,287.9723383069964,288.2852783203125,3794900
2020-06-24,286.28803199911056,286.9231253491554,279.2191705493564,281.0047912597656,5060800
2020-06-25,280.41568768656896,284.2538305715457,278.3723503220132,283.9501037597656,6432400
2020-06-26,282.89162281527456,283.0849035126056,276.6971744935596,277.1758117675781,4969000
2020-06-29,278.4829283429084,281.33624267578125,276.22788280022127,281.33624267578125,4065200
2020-06-30,280.89429913130016,286.6285366684381,280.7746398111688,285.04541015625,5475500
2020-07-01,286.01184608604103,288.17484281997605,285.56084841627853,286.9967041015625,4022800
2020-07-02,290.383896557438,291.6909080160363,287.8343380037299,288.5062561035156,3496500
2020-07-06,292.39042615014114,293.2924216006554,291.5896355329665,292.9334716796875,4464500
2020-07-07,291.3963554690497,293.3844700722247,289.56472494242695,289.91448974609375,2861700
2020-07-08,290.6966993435133,292.270640274997,288.957117378497,292.07733154296875,3686000
2020-07-09,292.8874224210281,292.997868546291,287.070377807836,290.5955810546875,3307500
2020-07-10,290.37469497953845,293.74344231692544,289.0124605312202,293.52252197265625,2754700
2020-07-13,295.77761263692037,298.1891137608148,290.2826922231636,290.91778564453125,5091400
2020-07-14,289.49109149554624,295.0780592783719,288.3129525642381,294.6914978027344,7143600
2020-07-15,297.93130382521525,298.5111739933912,295.02276786783693,297.4434814453125,3892300
2020-07-16,295.50151323600886,296.8361365584827,294.85723459923696,296.4127502441406,2390900
2020-07-17,297.4343192085092,298.0786257477898,295.4646310293317,297.28704833984375,2251300
2020-07-20,297.0109442306464,300.38887686323164,296.2838030669838,299.7445983886719,2354200
2020-07-21,301.6683222628188,302.10092174324893,299.3764803819501,300.2876892089844,3105700
2020-07-22,299.9746777926745,303.79442271596974,299.86423166886567,302.0548400878906,3177200
2020-07-23,301.64063143860443,302.3769576381511,297.0661339990846,298.4007568359375,3024200
2020-07-24,296.55998071520037,297.5448109111073,295.0412619384315,296.49554443359375,3421400
2020-07-27,297.19501423886265,298.851762275322,296.43104840020646,298.6768798828125,3434000
2020-07-28,297.9129349126632,299.07264727445886,296.5046906890911,296.8360290527344,2513100
2020-07-29,297.6736940620676,300.9964041296024,297.6276561068323,300.4073486328125,2339500
2020-07-30,297.47112394025515,299.79057676537764,295.36335015225194,299.37640380859375,3287200
2020-07-31,301.17119413960984,301.7971022797492,296.95567486717346,301.732666015625,4683200
2020-08-03,303.42618967999425,304.59511500630975,302.87393109917747,303.8403625488281,2832300
2020-08-04,302.9936231491504,305.0277472511482,302.9936231491504,304.9356994628906,3581600
2020-08-05,306.3439572568645,307.1447477704054,306.05862876282583,306.9146423339844,2433200
2020-08-06,306.3624189982371,309.0868598147105,306.02186740730866,308.99481201171875,3301100
2020-08-07,307.9731232615009,309.4273772677646,307.09871136311784,309.2156982421875,3050200
2020-08-10,309.6483476232594,310.32023763254455,307.7246411359723,310.1453552246094,2222100
2020-08-11,311.32348132943093,311.9125648033139,306.8502445669474,307.5497741699219,3603700
2020-08-12,310.04412237259095,312.6121073363689,309.99808442420124,311.83892822265625,2907300
2020-08-13,311.1025902947028,312.5936692213945,310.3478376242144,311.3050842285156,2643200
2020-08-14,310.88169116857165,311.8297245447892,310.2281714349022,311.2774658203125,1716000
2020-08-17,312.31761698329046,312.6857801857582,311.90341582485684,312.2807922363281,1642600
2020-08-18,312.685703422792,313.3668065846021,311.0841784362462,312.94342041015625,1634600
2020-08-19,313.31162876966664,313.8638875620725,311.1210200161879,311.67327880859375,1911500
2020-08-20,309.93360333985856,313.08142976495407,309.804730821536,312.63043212890625,1804700
2020-08-21,312.2347206275177,313.90986708085694,311.9770036278465,313.7257995605469,2063000
2020-08-24,316.18336065741096,317.01176294261444,315.19853044848924,316.94732666015625,2084000
2020-08-25,317.50869856212324,318.09778200112993,316.35817130379235,317.99652099609375,4004400
2020-08-26,318.567170924403,321.47570713934755,318.079348501301,321.2272033691406,3674800
2020-08-27,321.834648991252,323.36255235544525,320.2883473054566,321.92669677734375,3767600
2020-08-28,322.96687051205134,324.16340780770406,321.8347414050209,323.988525390625,2520700
2020-08-31,323.81369214781864,324.69728948631507,322.61715467046,322.8564453125,5757700
2020-09-01,323.6939738572199,325.9950286556061,322.79197835324305,325.88458251953125,3698900
2020-09-02,327.83585507356344,331.59119203484306,326.68532773550777,330.65234375,3596600
2020-09-03,328.94035532055887,329.4005662316707,316.64350516934667,319.220703125,7771400
2020-09-04,319.9386117546647,321.4941267876664,309.50103228993,316.606689453125,5359400
2020-09-08,311.1485282242879,312.391103072301,307.63253886130326,308.0007019042969,5003500
2020-09-09,312.00453870142076,316.5238123398906,311.08411705828735,314.0294494628906,5378500
2020-09-10,315.94399176092884,316.542260304986,307.6141577307545,308.5437927246094,5060200
2020-09-11,310.2926568663748,311.35113653737807,305.9022540848336,308.6911315917969,3490200
2020-09-14,311.89421038664557,314.4714090462339,311.39720269100457,312.7962341308594,2830700
2020-09-15,315.26293385271276,316.0913361253319,313.3208569122242,314.3885498046875,2553900
2020-09-16,315.65869379224915,317.05772493252096,312.89742816265334,313.13671875,2449700
2020-09-17,308.28606938832706,312.03219272749016,307.7338107094187,310.4490661621094,3097900
2020-09-18,311.25913070383234,311.2959273609698,304.32835393126163,306.8134765625,3204600
2020-09-21,302.28494857806277,303.49988404120677,298.5388250033357,303.3986511230469,6177800
2020-09-22,304.87134481455814,307.0251286105056,302.35858300809633,306.4728698730469,2864800
2020-09-23,307.0516770376921,307.3198200442731,298.8504457266548,299.3404846191406,4366100
2020-09-24,298.01827793712926,303.1775542817285,296.72383837187726,300.1263732910156,4232100
2020-09-25,299.3312200034769,305.77570950663767,298.4158712866487,305.00830078125,4178300
2020-09-28,309.1504999987215,310.7593297302722,308.1796773362921,310.0751037597656,3411200
2020-09-29,309.93640288874417,310.5743817083659,307.6896226370327,308.3645935058594,2536400
2020-09-30,309.13206176938337,313.8752842485394,308.9101658647071,310.7223815917969,4750900
2020-10-01,313.28339721044665,314.2449927686707,310.83320353403633,312.7378845214844,3381600
2020-10-02,307.72654336877406,311.6745901522712,307.32897063612535,309.78839111328125,4092600
2020-10-05,311.78562805872684,315.40083217009465,311.7764012084001,315.1974182128906,3208500
2020-10-06,315.4101300947839,317.462751863054,310.2600796459403,310.7223815917969,3934700
2020-10-07,313.699521738497,316.9541163921357,313.699521738497,316.1219787597656,3122000
2020-10-08,318.12842530016275,319.0160370169778,317.19456646493654,318.9698181152344,4166900
2020-10-09,320.6433445931757,322.2614011669289,319.99611067700744,321.7713623046875,3377000
2020-10-12,324.33250151462545,328.4654813958308,323.8701996407397,327.0231018066406,2301100
2020-10-13,326.85676237047153,326.93997334276514,323.91650026605873,324.8966064453125,2664600
2020-10-14,325.41437322030174,326.46840705623885,322.1042752603557,322.8624572753906,2368800
2020-10-15,318.9144589408006,322.90872721255244,318.35043576650304,322.4649353027344,3019600
2020-10-16,323.8609495407563,325.43278722274084,322.0764710521901,322.1781921386719,2768000
2020-10-19,323.5003320029021,324.09206367067475,316.49182048200674,317.34246826171875,2973400
2020-10-20,318.68322530681286,321.85460977924214,317.96203542362673,318.59075927734375,2816200
2020-10-21,318.54447173045145,320.643340288035,317.7215890709439,317.9712219238281,3689200
2020-10-22,318.24853872036715,320.32889661323713,316.10345180994295,319.7833557128906,2460100
2020-10-23,320.9854691621312,321.01320614837766,318.39656150689274,320.800537109375,1796600
2020-10-26,317.43485254035494,318.23925300011155,311.4156752541448,314.9106750488281,4327200
2020-10-27,315.2251931697024,315.56729208969443,313.58865446460356,313.8382873535156,4227600
2020-10-28,308.11485774061225,308.8175654218012,302.62271075691575,303.15899658203125,7096200
2020-10-29,303.3625559618592,309.31700754577423,301.66128811169386,306.1825866699219,5163500
2020-10-30,304.582912934098,305.8773522568464,299.3126614283911,302.9186096191406,6632500
2020-11-02,306.39521911948765,308.38311169391096,303.62140765284977,306.376708984375,4658500
2020-11-03,309.61272778016786,313.8381727288714,309.1411991622194,311.85028076171875,6559400
2020-11-04,316.27919820360114,322.8623721114592,315.04945946659996,318.7386474609375,6499100
2020-11-05,324.1105538906738,326.80115375305525,323.7314630286205,324.9704284667969,6900500
2020-11-06,324.6931771534662,326.16329402811874,322.64055528350974,324.94281005859375,2871800
2020-11-09,337.74854261002923,338.1183785005006,328.5487231699541,329.00177001953125,9109200
2020-11-10,328.0216481461101,329.5472668414425,325.34030302956535,328.576416015625,5174100
2020-11-11,330.69378755041805,331.8032951437001,329.5565147560528,330.94342041015625,2485800
2020-11-12,329.94486998808077,330.7215337901136,325.9598298877686,327.79052734375,3787800
2020-11-13,329.63974181852063,333.03305023338896,329.1497029254563,332.24713134765625,2685300
2020-11-16,335.0208447829208,336.4354870767262,333.71715039974157,336.3707580566406,3332400
2020-11-17,334.0316178196232,335.8530885060056,332.5707561734398,334.6603698730469,2656600
2020-11-18,334.9007546538991,335.46477767851354,330.57361538146347,330.62908935546875,3179100
2020-11-19,329.9448118328319,332.3950058151183,328.6873362202265,331.9696960449219,3321600
2020-11-20,331.7385412513645,331.9696921567344,329.64892803748813,329.74139404296875,2697500
2020-11-23,331.6091753402765,332.90361512668454,329.3161757805455,331.7201232910156,2728500
2020-11-24,334.2627289040302,337.57282604482475,333.4121092773454,337.0273132324219,3756800
2020-11-25,336.9256302632274,336.9996143710183,335.44625849077573,336.5465393066406,3826500
2020-11-27,337.65604242986325,337.96114924905686,336.5280247371875,337.4618835449219,1354600
2020-11-30,336.72217813098837,336.91636522942997,333.3196431916286,335.9270324707031,4093400
2020-12-01,339.2370508062101,341.16946891920094,338.65454603108293,339.6253967285156,3708500
2020-12-02,338.55294597771956,340.5038465392143,337.98892296175603,340.3466796875,4121900
2020-12-03,340.2726663197655,341.6688270296638,339.21863270379436,340.28192138671875,3068500
2020-12-04,340.8828492109146,343.21286834660197,340.82737525212804,343.20361328125,4091800
2020-12-07,342.5008837729391,343.0186594998547,341.2896553885478,342.56561279296875,3162300
2020-12-08,341.2434578950415,344.1004796369857,341.2342028296967,343.5179748535156,3491100
2020-12-09,344.2115381520255,344.34099624179805,339.63473756848504,340.51312255859375,3758200
2020-12-10,339.0984448744719,341.37296233001786,338.229315042,340.3281555175781,3151100
2020-12-11,338.65458089798085,340.1894263981394,337.1289904639874,339.9028015136719,4501600
2020-12-14,342.1594970231562,343.20889963898185,338.23120904711146,338.3612365722656,3797600
2020-12-15,340.9521771446088,343.00453147270184,339.60559328246296,342.9673767089844,8472400
2020-12-16,343.25529313644466,344.45328639191047,342.33591812266906,343.51531982421875,5512900
2020-12-17,345.17767483175766,345.6513060402475,343.48748706177685,345.42840576171875,6485600
2020-12-18,345.79987293880384,345.91133724991175,342.0851894438809,344.0632629394531,6697600
2020-12-21,340.172083561978,343.7382041731997,337.4603808494062,342.93023681640625,5221600
2020-12-22,343.1345615750527,343.30174385646586,341.2122345762438,342.2709045410156,3431600
2020-12-23,343.2646795464811,344.4997995543241,342.40102228485307,342.56817626953125,3234300
2020-12-24,343.06958535735413,343.9425098509762,342.50308142231916,343.8960876464844,2040700
2020-12-28,346.53348363819106,347.26714146387405,345.8741353431196,346.8863830566406,2342800
2020-12-29,348.39085980122894,348.6230275111246,345.6512978289314,346.2177734375,5401600
2020-12-30,347.081469044538,347.7222542622435,346.3478394051958,346.6728515625,2727500
2020-12-31,346.5799780701312,349.2173999251963,346.02276988310933,348.61376953125,4712800
2021-01-04,349.82100112732536,349.9417328641969,340.0420988709106,343.8125,7103700
2021-01-05,343.0881818426537,347.16503238353016,343.0881818426537,346.0877990722656,4310500
2021-01-06,344.55543773750736,351.38117393868237,344.0353843451116,348.1772766113281,4343100
2021-01-07,350.54543845613136,354.06510943087284,350.3689887014089,353.3314514160156,6051700
2021-01-08,354.7614905624647,355.5508379567749,351.4925516765926,355.3465576171875,3400200
2021-01-11,352.17980858468934,354.6779350975221,352.08693584420706,353.02490234375,3360700
2021-01-12,353.0806884765625,354.03721837253244,350.8239966444272,353.0806884765625,3494600
2021-01-13,353.00637282898316,354.9751505737656,352.18913791436717,353.9721984863281,3764900
2021-01-14,354.7150849016027,355.2444340505399,352.36554895051927,352.7463073730469,7004300
2021-01-15,351.1211878941425,351.8920006355035,348.32587933079526,350.2018127441406,10182500
2021-01-19,352.64422257371757,353.46142918613896,351.1769066329683,352.9413757324219,7103200
2021-01-20,355.23519897159986,358.64343380291234,354.85444048401325,357.79833984375,3431200
2021-01-21,358.36480345393755,358.81984309572806,357.23182389739435,358.1140441894531,3556200
2021-01-22,356.35887483299126,358.0026120318556,355.92239840064394,356.8974914550781,3739800
2021-01-25,357.6496847649839,358.6340735204089,352.7834589671632,358.3183288574219,3890100
2021-01-26,359.2191318428708,359.5813270402597,357.538240046538,357.7889709472656,2219200
2021-01-27,354.40869344943604,354.4737072166734,346.79358044631726,349.0595397949219,5592600
2021-01-28,350.81466942260494,355.9966397056597,350.38746047487996,352.01263427734375,5677800
2021-01-29,350.16461970682343,351.0468683286498,343.283165478931,345.019775390625,5001300
2021-02-01,348.40944388771044,351.73407295220466,346.1156258294799,350.6661071777344,4393200
2021-02-02,353.85147079845973,357.2039874742953,353.7957528118951,355.643798828125,3672300
2021-02-03,356.48883883926044,357.64038150851604,354.6686520915508,355.92236328125,3247000
2021-02-04,356.9996836501333,359.9900051136129,356.79537491632584,359.9528503417969,1959700
2021-02-05,361.893729044587,362.0794745422993,360.277850909469,361.3643798828125,2559900
2021-02-08,362.8688620770967,364.0854187011719,362.0516271422826,364.0854187011719,3315300
2021-02-09,363.2124572030622,364.36402837528584,358.7734114944862,363.7789611816406,4725500
2021-02-10,365.5248369664913,365.64556870647607,361.24364978953435,363.6303405761719,2566000
2021-02-11,364.7541048906473,365.10700441138823,361.8009378604315,364.24334716796875,3114200
2021-02-12,363.38889992363323,366.2492220727269,363.33318193872236,366.0634765625,1945900
2021-02-16,367.28004657727746,367.4286373227404,364.99552408995646,365.7756042480469,2379300
2021-02-17,363.9461186530082,365.9799101835101,362.92457499874916,365.8220520019531,2418900
2021-02-18,363.128842887214,364.9583254810957,361.4479510209472,364.2711181640625,2840100
2021-02-19,365.5156075430604,365.73847950916263,363.13821210200643,363.583984375,3051200
2021-02-22,360.7886388098168,363.1845972230866,360.52861209565737,360.8164978027344,2878300
2021-02-23,358.5504872781964,362.5344927401333,354.3993278826688,361.19720458984375,4439600
2021-02-24,360.06417449576867,365.5897760299153,359.1540670840333,365.1625671386719,3386600
2021-02-25,363.9089209251736,365.27406811545086,354.92869028732804,356.4052734375,6216300
2021-02-26,358.2719099463085,359.41415687332915,352.53270295816395,354.53863525390625,6449900
2021-03-01,359.56279493400524,364.3918949862302,359.40493675067194,363.13818359375,3900900
2021-03-02,363.3982001236976,363.5839456361849,360.1106972700183,360.3428649902344,4502400
2021-03-03,359.64638461143244,360.5564923350133,355.43023895060287,355.5323791503906,5415300
2021-03-04,355.32798302373067,357.92827801984396,346.6356387695216,351.1304016113281,7556100
2021-03-05,354.6315438543043,358.6619720662822,347.34147178959245,357.6033020019531,6516000
2021-03-08,358.54126617029715,361.3737295585577,355.5230855974087,355.857421875,3885700
2021-03-09,359.6742294997534,363.45392687784687,359.20062661082125,360.8722229003906,3586900
2021-03-10,363.2682040101521,364.84692751650255,361.8473386840435,363.08245849609375,3426300
2021-03-11,365.6456591410479,368.81243079145344,365.1813236205918,366.8157653808594,2818100
2021-03-12,365.49698090986584,367.49361750187205,364.6611828412103,367.3914489746094,3389300
2021-03-15,367.60507204463585,369.8153132393282,365.47840782695465,369.62030029296875,2327600
2021-03-16,370.17751412484046,370.874017337997,368.29231322819504,369.10028076171875,3722000
2021-03-17,367.7908657124097,371.1433543726802,366.6485901954499,370.30755615234375,4506200
2021-03-18,367.74437960465724,369.83388912387704,364.27115951731696,364.90264892578125,4822200
2021-03-19,364.67056699557816,366.20286866867866,362.10745398739317,364.2248229980469,6090800
2021-03-22,364.8005214101596,368.5523315608177,364.7448034216401,367.1036071777344,3791600
2021-03-23,366.53716571199453,367.97659445102704,363.49112591198525,364.24334716796875,5846500
2021-03-24,365.6826831439447,367.3264485640215,362.3766174316406,362.3766174316406,6597400
2021-03-25,360.98925214092355,365.2662179644232,359.0604160529745,364.44622802734375,5574700
2021-03-26,365.6202725685428,370.7545078692555,365.04256019554623,370.3445129394531,3625900
2021-03-29,368.86289395785803,371.0433342897616,367.38133312251404,370.1581115722656,3798400
2021-03-30,368.90959069381364,369.8320652177609,367.5957469690931,369.2450256347656,3612900
2021-03-31,369.73887519339235,372.236125171943,369.72957651380153,370.6893310546875,5233300
2021-04-01,372.6088668068281,374.77065356661876,372.40386929622156,374.6588134765625,7301000
2021-04-05,377.37025041988176,380.6222567333537,377.2957188177831,380.03521728515625,5645400
2021-04-06,379.5320767245906,380.87387319497253,379.1873147102874,379.80230712890625,3624100
2021-04-07,379.6439390763642,380.6223478697383,379.2339440758449,380.2775573730469,2974600
2021-04-08,381.54473186436087,382.14106999139887,380.61293043635175,382.04791259765625,4125500
2021-04-09,381.982714607538,385.020396640285,381.85224874624987,384.8153991699219,3052100
2021-04-12,384.23765425061396,385.2719687061641,383.67859609769516,384.9737854003906,2980500
2021-04-13,384.88989632241675,386.77212497355674,384.51718143775736,386.1012268066406,8665300
2021-04-14,386.10126137166293,387.17285586093533,384.30289127585127,384.8153991699219,3981200
2021-04-15,386.9305540151684,389.23210474543885,386.9305540151684,388.95257568359375,4443800
2021-04-16,390.2571242458114,390.8721166689578,388.8687206271809,390.3223571777344,2707100
2021-04-19,389.30663079646797,389.7911857451857,387.02373432710124,388.412109375,4418700
2021-04-20,387.14486600776064,387.8437170759902,384.06990424575696,385.5887451171875,6145200
2021-04-21,384.9085922089465,389.3905840639572,384.77815477190734,389.19488525390625,3875800
2021-04-22,388.9618175686896,389.809760180909,384.56371420778163,385.73779296875,6300000
2021-04-23,386.2037764510076,391.2075460547743,386.11991772671456,389.7818908691406,4565600
2021-04-26,390.4620750252853,391.1795518816575,390.042753011728,390.6577453613281,4583400
2021-04-27,390.9186631024866,391.10503476793207,389.4371022020633,390.53662109375,3281000
2021-04-28,390.77885076447984,391.91564953744677,389.95886103495354,390.3874816894531,5500200
2021-04-29,393.1829477313507,393.4811310320898,389.5023489172582,392.8568115234375,4089200
2021-04-30,390.63912446962706,391.4777400709375,389.4277655465583,390.31298828125,4920000
2021-05-03,392.30709724131344,392.68913930757554,390.6857715658389,391.15167236328125,4672100
2021-05-04,389.19486736917844,389.6514694686536,385.07632041299803,388.77557373046875,6946800
2021-05-05,390.36894882427856,390.62052500904724,388.12330364654963,388.83148193359375,4242000
2021-05-06,388.9805338353602,392.07409309468443,386.93055923310544,391.990234375,5376900
2021-05-07,392.76370519934864,395.4845499725236,392.0741526721782,394.8323059082031,4679900
2021-05-10,395.22351944913834,395.40056397271985,390.8254161340507,390.9931335449219,4645900
2021-05-11,386.3994242466637,388.4121188211577,383.5387869276151,387.5082702636719,10330800
2021-05-12,384.6383122607635,385.8962498523936,378.62818178759863,379.22454833984375,7589000
2021-05-13,380.74341291192053,385.6726510116548,380.71546000322485,383.7251892089844,6956400
2021-05-14,386.47398183836395,390.49004384763197,386.47398183836395,389.65142822265625,3587500
2021-05-17,388.55188913215335,389.43711191060214,386.6603332696531,388.7196350097656,2985600
2021-05-18,388.92470214662484,389.1483254417365,385.16021553971115,385.37451171875,3348400
2021-05-19,380.60366526341414,384.46133745262006,379.1407583949658,384.33087158203125,5670900
2021-05-20,385.1788580169759,389.67947608031903,385.0763734810544,388.3935852050781,3770400
2021-05-21,389.96822870824855,391.17955920247084,387.6666780201677,388.1698303222656,4147900
2021-05-24,390.35961576094456,393.1643475206384,390.1359924890021,392.0741271972656,2732000
2021-05-25,393.18298528712404,393.52774732064245,390.6298580669482,391.2261962890625,4238500
2021-05-26,391.7946034062724,392.4841274616385,390.769616002129,391.9436950683594,3000800
2021-05-27,393.0151584882959,393.51833916182653,392.0647313816888,392.1485900878906,3719400
2021-05-28,393.82590552102033,394.04955722182916,392.7077607622788,392.89410400390625,3280900
2021-06-01,395.3073918431977,395.4192034543169,392.1206471810189,392.5865478515625,3739600
2021-06-02,393.18292475532513,394.0215403578647,392.2231704166689,393.23883056640625,2669700
2021-06-03,390.9093609814809,392.8754769632385,389.3998470783609,391.7386779785156,3140800
2021-06-04,393.56496993782616,395.605617367757,393.5183912403229,395.30743408203125,2586300
2021-06-07,395.31680792241735,395.4845253768411,394.02159011738325,394.9720458984375,4254700
2021-06-08,395.8479009541334,395.9038067665298,393.2015882341832,394.9906311035156,3667200
2021-06-09,395.8758661150259,395.94109904361557,394.1893077041033,394.3570251464844,3653800
2021-06-10,395.68867705307963,397.2025727226847,394.3523113462372,396.26806640625,3075700
2021-06-11,396.86611208163004,397.01563650565595,395.53912916156037,396.92218017578125,2166700
2021-06-14,397.09041488775347,397.89407658703334,395.80079167833424,397.8753967285156,2158800
2021-06-15,398.0062342300502,398.04362246796893,396.23067793364976,397.0997619628906,4528500
2021-06-16,397.27734067191466,397.4268651123331,392.7823673451725,394.9036865234375,4771800
2021-06-17,394.43646574134175,395.7074093298602,392.2590782839246,394.7822570800781,4336300
2021-06-18,391.5301074056636,392.12817661053083,389.203195834278,389.47418212890625,7290700
2021-06-21,391.203026409814,395.1746782220412,390.37133062483025,394.9690856933594,4111000
2021-06-22,394.9877842448261,397.9034392925984,394.258870482883,396.8474426269531,4447800
2021-06-23,397.137151823929,397.9688476186504,396.5390540902632,396.61383056640625,2744100
2021-06-24,398.744454419234,399.38926598142723,398.5108278682615,398.91265869140625,4817200
2021-06-25,399.7444863091568,400.81916301785776,399.40804915891545,400.37994384765625,4171500
2021-06-28,400.94059097301493,401.361101696731,399.70703581237643,401.23028564453125,4015300
2021-06-29,401.61345997035187,402.1928493470279,400.8845461547158,401.4078674316406,3324400
2021-06-30,400.95927970503476,402.41710728391536,400.94992551578883,401.7629699707031,6888500
2021-07-01,402.50123982330535,404.1459801980804,402.4545259112877,404.0338439941406,3655400
2021-07-02,405.1458381020487,407.42603558004487,404.82810940676944,407.1083068847656,3920000
2021-07-06,407.1364264522905,407.3233106258402,403.58528492837206,406.0710754394531,4966700
2021-07-07,407.0429105084145,408.02413070278425,405.0243735050634,407.73443603515625,4430900
2021-07-08,402.44511661332575,405.20192149779257,401.2676581143191,404.4636535644531,6456900
2021-07-09,405.96825583021126,409.0334354775524,405.74395491629934,408.7624206542969,4312100
2021-07-12,408.6689845485179,410.50060907606655,408.24844526812507,410.2763366699219,4879900
2021-07-13,409.4539969198902,410.9492129493476,408.3793202020805,408.83721923828125,4525400
2021-07-14,410.5286666094707,411.00527401866213,408.19240051558825,409.3792419433594,3996400
2021-07-15,408.08032109587515,408.76252115702033,406.13655998356916,407.9775390625,3978900
2021-07-16,409.1923204289455,409.27642258424777,404.45436604813983,404.8935852050781,4009300
2021-07-19,400.00606667427695,400.4826454730444,396.0530949359995,398.8472595214844,10288400
2021-07-20,399.5762141767482,405.8374181542432,398.7445183517471,404.63189697265625,8433200
2021-07-21,405.7720510311668,407.9868268275789,405.61320090000515,407.9120788574219,4581700
2021-07-22,408.03359403494784,408.94939218962446,407.0616992506546,408.7998962402344,3918100
2021-07-23,410.64074295987984,413.23866915639746,409.97722299843105,412.8274841308594,4093700
2021-07-26,412.36956829175324,413.9302062988281,412.28546615037095,413.9302062988281,3114700
2021-07-27,412.89297832445374,412.9303665682879,409.21104909469545,412.0426025390625,4245800
2021-07-28,412.6967061076484,413.2667698335921,410.46325067229503,411.8182678222656,4454700
2021-07-29,412.8088542734689,414.65918724033776,412.7901744119794,413.6499328613281,3626700
2021-07-30,411.01460894734566,413.03314618012837,410.9117984142188,411.5566101074219,2730700
2021-08-02,413.31345628670044,413.85545740690617,410.38844692638554,410.7248840332031,3485700
2021-08-03,411.4818547761679,414.14520365446333,409.32314732674985,414.0050048828125,3191800
2021-08-04,412.7901509960367,413.3508605165119,411.7808966742781,412.033203125,3126000
2021-08-05,413.18260393087394,414.71517933944125,412.89288075821287,414.59368896484375,2741200
2021-08-06,414.95826798210555,415.7338958170936,414.69660730680994,415.3133850097656,2660300
2021-08-09,415.3133132858481,415.5936537756524,414.2105741485884,415.0235900878906,1690100
2021-08-10,415.4348670616165,416.2198776444812,414.75269554588147,415.5096435546875,2650400
2021-08-11,416.5842400302854,416.64030812983873,415.4534953307987,416.49078369140625,3293900
2021-08-12,416.41609533713705,417.9206370886286,415.50962290611193,417.4627380371094,4714000
2021-08-13,418.2289820692948,418.54671080770544,417.7617288918313,418.5186767578125,2944500
2021-08-16,417.31318583618224,419.6588060831804,415.69647945812955,419.5933837890625,3331500
2021-08-17,416.9300482417487,417.64028227196536,413.7807660586149,416.7431640625,7122900
2021-08-18,415.743182995586,417.3131467943019,411.9958034651361,412.2481384277344,5144200
2021-08-19,409.4913015356493,414.03298828333277,409.3417771113526,412.85552978515625,4817200
2021-08-20,413.18262007842935,416.4720719152478,412.734046797508,416.1449890136719,4661000
2021-08-23,417.8364999524189,420.72412132652363,417.8271457623138,419.77093505859375,4093700
2021-08-24,420.49043218823925,421.01375341659104,419.98581933731515,420.4997863769531,2899000
2021-08-25,420.6867093343629,421.8828762454245,420.2942041440584,421.37823486328125,3255100
2021-08-26,421.1726230630372,421.3127932964205,418.79896920856464,418.8924255371094,3621800
2021-08-27,419.65877709864037,423.0042973125117,419.6494229090202,422.5744323730469,4033900
2021-08-30,423.37814508553856,425.28454627079225,423.06977049855413,424.4528503417969,2433000
2021-08-31,424.44344636693035,424.7424952469673,423.28466760537594,423.994873046875,3277900
2021-09-01,424.7799235858607,425.3313075245041,423.87345112854285,424.1818542480469,3788400
2021-09-02,425.5274742328352,426.2096456195549,424.22849671099937,425.45269775390625,2695200
2021-09-03,424.37804612645755,425.80783979226237,423.8734046800346,425.2658386230469,2622100
2021-09-07,424.9667664520591,425.04151441242266,423.10710792501453,423.89208984375,2433700
2021-09-08,423.23790352819094,423.96681731170406,421.3408568532229,423.33135986328125,4076800
2021-09-09,423.04172361687483,424.80792596288484,421.21009897537874,421.4437255859375,3851600
2021-09-10,423.3874072000238,423.80794642787447,418.0046419741016,418.22894287109375,3024000
2021-09-13,421.16336649564573,421.396993111726,416.87398524667736,419.2008972167969,3007400
2021-09-14,420.60256067603405,420.8268615689836,416.04219412945037,416.96734619140625,3663700
2021-09-15,417.3505277619326,420.89231469616465,416.27585119887516,420.43438720703125,5473300
2021-09-16,419.8924559070314,420.8456422440908,416.79924175838715,419.64947509765625,2269300
2021-09-17,419.00452339168777,419.38767434046184,415.3132411622365,415.6029357910156,4722800
2021-09-20,409.55674813064024,411.0799979922892,403.8656080752018,408.5942077636719,10006500
2021-09-21,411.08004332877925,412.35095837260815,407.83730490631797,408.3606262207031,6327300
2021-09-22,410.67817350346655,414.3694851815305,409.7063073835517,412.3883361816406,4929000
2021-09-23,414.2199241461375,418.9298439592755,413.9676177078669,417.3318176269531,4244500
2021-09-24,415.71183010277974,418.751143801482,415.4960653963982,418.13201904296875,3435000
2021-09-27,417.0063190225828,418.16011759612843,416.1338991255799,416.8186950683594,3175900
2021-09-28,414.0889218683189,414.3891087384327,407.7194981148282,408.4980773925781,7588700
2021-09-29,409.83020524591524,411.55623708808554,408.573176101741,409.2016906738281,4173900
2021-09-30,410.59007623759254,411.3123742476646,403.92982500152226,404.1361999511719,7695900
2021-10-01,405.8997216687308,410.6181756713015,402.3725969303828,408.94842529296875,6783700
2021-10-04,407.766385237739,408.6293866954398,401.50013468787716,403.638916015625,7911000
2021-10-05,405.2149545208611,410.09289211843867,404.38945474643396,407.8696594238281,4738500
2021-10-06,404.28624242522915,409.7645247469997,402.6258532492424,409.60504150390625,5125700
2021-10-07,412.86947958472797,415.92757269458787,412.65371488981845,413.00079345703125,4110900
2021-10-08,413.8638479417182,414.23906726272764,411.7344561087551,412.3910827636719,3056500
2021-10-11,411.6781469945994,414.5955366242462,409.2860987684954,409.3142395019531,2829000
2021-10-12,410.299236752405,410.6556765128473,407.5694710021058,408.2823791503906,4986700
2021-10-13,409.34229879000713,410.62743974120843,406.3967976403579,409.7362976074219,5343000
2021-10-14,413.52614447643253,416.86567384015444,413.0196112582962,416.7530822753906,3592600
2021-10-15,418.89182798027747,420.2520301538326,418.22581157316034,419.95184326171875,3719900
2021-10-18,418.113353854216,421.46224493275236,417.43794749070787,421.17144775390625,2692900
2021-10-19,422.81297672553575,424.48272705078125,422.18446217154246,424.48272705078125,2727800
2021-10-20,424.82048952624604,426.3682873984332,424.7360673107527,426.1150207519531,2735800
2021-10-21,425.45827005147356,427.41884602815014,425.03615906855595,427.2218322753906,4878900
2021-10-22,426.8184650264855,428.18802834914095,424.7828566741505,426.7059020996094,3756600
2021-10-25,427.82217987479254,429.35122636101687,426.03986681432224,428.9384765625,2065700
2021-10-26,430.5520172282841,431.7808770433436,429.0511112215806,429.42633056640625,2550500
2021-10-27,429.8765703183328,430.52383579361333,427.44699165307054,427.51263427734375,2507100
2021-10-28,428.96666378797244,431.6964294491944,428.94788421402495,431.6213684082031,2464700
2021-10-29,429.3512338355918,432.81268688086175,429.0510469537361,432.43743896484375,4175200
2021-11-01,433.50687798469187,433.872707515876,431.5275509938784,433.3286437988281,2914800
2021-11-02,433.45992186248617,435.3079061942236,433.30985704958874,435.035888671875,3282800
2021-11-03,434.4543616168318,438.04712907079016,434.0228321740308,437.70941162109375,2916100
2021-11-04,438.2722638612807,439.820061583066,437.9251852443993,439.7168884277344,3039900
2021-11-05,441.99627499585273,443.2720548622297,439.7543205420143,441.26458740234375,4361100
2021-11-08,442.36214932451776,442.85932131490677,440.96441670341204,441.7242736816406,2963000
2021-11-09,442.0339283584123,442.2403033076486,438.7694596961482,440.1859436035156,3519000
2021-11-10,438.51611185309207,440.1858620868231,435.1484706535547,436.7056579589844,4230300
2021-11-11,438.1409115991588,438.1878032788572,436.7713195722181,436.8839111328125,3460000
2021-11-12,438.1033321886711,440.6267226266645,437.10898821987774,440.1014099121094,2710400
2021-11-15,441.4428488995757,441.527271093201,439.12583327209154,440.2139892578125,2947100
2021-11-16,440.00765322979123,443.1220280198792,439.9232310287069,441.96820068359375,3959200
2021-11-17,441.75240998991904,441.90247479947334,440.2702551921577,440.9269104003906,4846100
2021-11-18,441.9588704103913,442.6717785896143,439.2666064375755,442.3809814453125,2910900
2021-11-19,442.24967549314954,443.5348168237585,441.26469247251634,441.65869140625,3349800
2021-11-22,443.45031198331213,446.0487348965099,440.1764542731728,440.3359375,4285400
2021-11-23,440.1295993362337,441.78059869457815,437.42797443254244,440.9457092285156,8482500
2021-11-24,439.02266416870185,442.2683525832938,438.1221035069606,442.0901184082031,4664100
2021-11-26,435.47681396087063,436.88390787010206,431.13357951399246,432.09039306640625,7263800
2021-11-29,437.0527476753485,439.40729395281784,434.88582536809764,437.606201171875,5483000
2021-11-30,435.1766462956699,437.02463085658997,428.81658268985865,429.2856140136719,9778400
2021-12-01,434.7450560640813,437.6155248851556,424.0699007496442,424.2762756347656,7936500
2021-12-02,424.491984668965,432.33420117721374,424.10737565173747,430.8145446777344,10040900
2021-12-03,432.40933172272764,433.4693470500405,422.8223307248756,426.9498291015625,9923900
2021-12-06,429.642063405495,433.96651827871483,427.1749541709254,432.09039306640625,6552900
2021-12-07,437.39985952251715,441.5930007919681,437.3529678400954,441.06768798828125,6659000
2021-12-08,441.4522860798964,442.6717560663795,439.6793339412309,442.2308654785156,4992000
2021-12-09,440.9363039260679,441.8274748273158,439.0508176084037,439.247802734375,5550900
2021-12-10,441.95880908242043,443.52535752919454,439.40727776937393,443.4596862792969,5628000
2021-12-13,442.91197644056564,443.1754677331641,439.19483944152597,439.53363037109375,8930000
2021-12-14,436.15530991422537,438.63965243055793,433.45448810849297,436.4281921386719,10305900
2021-12-15,436.48465953024817,443.4860329354915,433.9532762361344,443.2884216308594,7050800
2021-12-16,445.07647397783774,445.3776151612012,437.74575675985864,439.2231750488281,7865900
2021-12-17,436.1929957568339,439.213769690829,432.9369893841744,434.8661193847656,8428300
2021-12-20,429.5491545267945,430.43373863387484,426.3872588645147,429.9820556640625,7001100
2021-12-21,433.41690050598334,437.8115625251083,431.299550242982,437.6421813964844,6333000
2021-12-22,437.3974519967914,442.1685542847848,437.2563010719627,442.0556335449219,4833200
2021-12-23,443.062580883482,446.2715460928043,442.95905105433,444.765869140625,4368800
2021-12-27,446.13038539422774,451.1367492675781,446.13038539422774,451.1367492675781,4128500
2021-12-28,451.55084858370464,452.5483535868987,449.932250682944,450.7886047363281,4262300
2021-12-29,450.8355822122995,452.3036380395124,449.8192667978893,451.2590637207031,3312100
2021-12-30,451.73900514639166,452.72709037380696,449.5934248573309,449.9886474609375,4030600
2021-12-31,449.49937850091084,450.6944948346458,448.64302444694846,448.8688659667969,3980100
2022-01-03,450.17686434605224,451.6072416215048,447.8524833244428,451.55078125,5560300
2022-01-04,452.9906056071191,453.64934827245344,449.4993384050079,451.4002380371094,5452000
2022-01-05,451.0144426266504,451.7296457244692,442.56388035746573,442.60150146484375,7211400
2022-01-06,442.2438950565492,444.97291849118733,439.91951388352146,442.2721252441406,5959100
2022-01-07,442.30968837575983,443.4671833520974,439.15721254044104,440.5028991699219,7673600
2022-01-10,437.29396329320895,440.20178730073764,431.55358620072894,439.6748046875,8975900
2022-01-11,439.712509522178,444.0789415379344,436.6917356752443,444.0130615234375,7552000
2022-01-12,445.8009718513676,447.2407686278518,443.20368012971136,445.18927001953125,8938600
2022-01-13,446.2621756951044,446.9209184088634,438.0468459186874,439.0820007324219,5351100
2022-01-14,435.8354171843901,439.5431065500345,434.66850233218275,439.2325744628906,9652900
2022-01-18,434.4802564706292,434.7060979603949,430.3678678884846,431.4689025878906,9681700
2022-01-19,432.88043937348573,434.38611621063814,426.697770553497,427.0083312988281,6260800
2022-01-20,428.8716251960338,433.5862674843408,421.78556102918196,422.2655029296875,8907300
2022-01-21,421.19265570009804,423.47941550377533,413.93721114535117,414.0407409667969,13981000
2022-01-24,408.3663046307133,416.2428431250878,397.6477931413,415.489990234375,18241000
2022-01-25,409.3449770309117,415.5935268935995,403.7175487622593,410.7095031738281,14720000
2022-01-26,416.60980554601457,419.7717300222916,405.36434092128707,409.7590026855469,14881700
2022-01-27,414.2384058567195,417.35326104301834,405.90073614786104,407.62286376953125,17529800
2022-01-28,409.01562917325697,417.7108718842268,404.3480273890537,417.5885314941406,13069600
2022-01-31,416.9862918615158,425.5780343331755,415.7252954441101,425.1357421875,8537700
2022-02-01,426.00140706671783,428.7304301812655,422.42544970536534,428.07171630859375,8777800
2022-02-02,430.5937146179355,433.0122057397685,428.21287331514367,432.18408203125,8744100
2022-02-03,426.21790721031437,428.1282264845795,421.28681427464653,422.152587890625,7835200
2022-02-04,421.81381718638244,427.95883720094514,419.51766609282316,424.26995849609375,7108900
2022-02-07,424.8909601773994,426.2648769406644,421.4185040934249,422.7641906738281,6353200
2022-02-08,422.25616217268794,427.12137594093304,420.8163649206148,426.1238708496094,4955500
2022-02-09,430.3020121618149,432.701664121025,430.0855615907557,432.4099426269531,7144600
2022-02-10,426.6601854183179,432.6169845478984,422.7172066124441,424.7686767578125,7476000
2022-02-11,424.73110061124606,426.8296405773102,414.8877813416336,416.2711181640625,9436900
2022-02-14,415.82879953372344,417.38151740652023,411.4811780025314,414.9159851074219,8249000
2022-02-15,419.36710034249285,421.8137931586576,418.8871584397774,421.58795166015625,6722700
2022-02-16,419.48002909085153,423.479468440679,417.7202803718715,422.0679016113281,6315600
2022-02-17,418.93418441922773,419.44235649135186,412.50686310802445,413.212646484375,6435600
2022-02-18,413.43853364720155,414.6148394043982,408.14986755778995,410.361328125,8059100
2022-02-22,408.178077081259,411.61288397468917,402.4941599091078,405.91015625,9939000
2022-02-23,408.8650083738038,409.4954920813269,398.22179780122894,398.5135192871094,11345100
2022-02-24,388.46317662674807,405.2231776730558,388.0867645524881,404.7809143066406,19259900
2022-02-25,406.004308204947,413.8431975441165,404.423360077142,413.692626953125,9651300
2022-02-28,408.34752089021623,414.17258989654607,407.09594407190735,412.8551330566406,11174000
2022-03-01,411.23645667697417,413.2032362844387,403.792791051556,406.4559631347656,14288700
2022-03-02,408.7051034565555,415.44298665961696,407.91462938939014,413.8714294433594,8947200
2022-03-03,416.3557341148342,416.91094692794337,410.069563698372,411.8857727050781,9927000
2022-03-04,408.1780820889424,409.5990685790136,404.40448417472743,408.3663024902344,8081100
2022-03-07,407.88626299148416,408.1215240776172,396.35846977096537,396.3678894042969,8790100
2022-03-08,396.5844322691565,403.7081470239777,392.3309208722376,393.4131164550781,14798500
2022-03-09,401.863716904693,405.93842761858394,399.62402603423504,403.9998779296875,7703000
2022-03-10,399.35100156534565,403.011678012389,397.3654116953502,402.1459045410156,8046600
2022-03-11,404.6962581851618,405.2420801886639,396.5185775166762,397.1302795410156,11299700
2022-03-14,397.9677451293591,401.22375131857024,392.980220367897,394.1282958984375,8925100
2022-03-15,396.6879284305144,403.4069715971976,395.4645532820612,402.8047180175781,7882600
2022-03-16,406.4654242482499,411.79174061612673,401.51554872941966,411.7258605957031,7961700
2022-03-17,409.7683879791496,416.95795247468493,409.48608613814054,416.84503173828125,6514500
2022-03-18,415.3394162365291,421.81380745134584,414.586592070416,421.3056640625,5276000
2022-03-21,421.3244771021573,423.3100673650816,417.8426006969292,421.220947265625,5679100
2022-03-22,422.7361030059255,427.19664571221824,422.7361030059255,426.359130859375,5356400
2022-03-23,423.80875991320477,425.2297462064848,420.75978511965275,421.0138854980469,5558000
2022-03-24,422.7899012360932,427.13308908995015,421.71353358290065,427.104736328125,3491500
2022-03-25,427.8034164765576,429.5501366728174,425.21637118167314,429.2574462890625,6909400
2022-03-28,428.6060229246624,432.29770261219477,426.76487972775675,432.2693786621094,4230300
2022-03-29,436.21596909848677,438.1420550562105,432.477035339606,437.7832946777344,5716800
2022-03-30,436.6881216719126,437.311277394854,432.84534245399976,435.06414794921875,5738700
2022-03-31,434.2332738383231,434.99804931367373,428.1528160935658,428.36053466796875,6553400
2022-04-01,429.8429005157923,429.99397119351255,425.8962474930902,429.3991394042969,5257400
2022-04-04,429.76738073470307,433.2891459210031,428.87985844983154,433.1852722167969,4052100
2022-04-05,431.7122800082443,434.11993078775,426.5948947625883,427.60516357421875,4425600
2022-04-06,423.734073960081,425.7073858564117,420.55222558323925,423.4508056640625,6035500
2022-04-07,422.55387207839766,427.35024325244353,420.580560132329,425.546875,5313200
2022-04-08,424.8481895404606,427.2935864604423,422.9032015838145,424.41387939453125,4962800
2022-04-11,421.1186830706575,421.9401351548128,416.6621996234695,417.07763671875,4955000
2022-04-12,420.2028446022549,422.65769235115255,414.07519055725845,415.48199462890625,5272500
2022-04-13,415.48198402243105,421.0809338463659,415.1892936366578,420.344482421875,7292500
2022-04-14,420.57107673897957,421.7135143429622,415.0288035857891,415.15155029296875,4409800
2022-04-18,414.2168529792598,416.9832932472012,413.1027391860463,415.3026428222656,4631500
2022-04-19,415.19879781045796,422.73328551492114,415.03827621680944,422.0062561035156,5184900
2022-04-20,423.81905196370604,424.40443277802217,420.54278077391393,421.6285705566406,4293900
2022-04-21,425.40526777120124,426.7365510379986,414.5095370100699,415.5198059082031,5260100
2022-04-22,414.3018078223801,414.5756252056699,403.44385221048225,403.8970642089844,7928900
2022-04-25,401.7159955918604,406.4934933028881,397.155667345436,406.3896484375,7913100
2022-04-26,403.82147800357177,403.9819707509543,394.5119478006882,394.5591735839844,9574300
2022-04-27,395.5506337091801,401.0173867902391,393.548997658249,395.7489013671875,9798300
2022-04-28,400.42249269683185,407.3904717318741,396.0132062296097,405.6909484863281,5563200
2022-04-29,401.7254664696662,403.8026232046477,389.92334133755935,390.470947265625,8744800
2022-05-02,390.5275742164235,394.3609019486406,384.0883281743873,392.982421875,9393900
2022-05-03,393.5489844738859,397.2406929894885,391.98165866426393,394.8047180175781,7359700
2022-05-04,395.48450896123984,407.40938144550483,392.2837874366431,406.6918029785156,9572600
2022-05-05,402.5469105296985,402.62243145637484,388.242739894615,392.2554626464844,11436800
2022-05-06,389.81945807405833,393.2939967122618,384.73039682531584,390.1404724121094,8978400
2022-05-09,384.0883955572314,385.30638308707944,376.0440764603196,377.592529296875,8724200
2022-05-10,383.5312833304276,384.9947641022821,374.3728517214182,378.3383483886719,10355200
2022-05-11,377.460246143588,383.0402937793399,371.6441560299131,372.3711853027344,8473100
2022-05-12,369.19884709074853,375.2604320413305,365.1861240131483,371.8236389160156,7557400
2022-05-13,376.13846019124696,382.2755653704145,375.15651529472103,380.88763427734375,5360400
2022-05-16,379.2636587107895,383.08753577708376,377.0259803672705,379.28253173828125,4944400
2022-05-17,385.4480497602425,387.42136210522733,381.75634066224296,387.13812255859375,5230400
2022-05-18,382.61542255028445,382.86091595848507,370.35066408068,371.5875244140625,6217200
2022-05-19,368.3868518388823,373.64585727240467,367.03666672949845,369.2649230957031,7168700
2022-05-20,372.8621426752149,373.40974854503946,360.8334272403059,369.45367431640625,7447800
2022-05-23,372.54116475659754,377.1203950309241,370.1901618572858,376.3555908203125,4936500
2022-05-24,372.2012131866268,374.63718769690627,366.9327577522621,373.6552429199219,5415800
2022-05-25,372.03130087294454,378.7632375275162,371.6347367981578,376.9598693847656,5610200
2022-05-26,378.07398017638513,385.97667834059126,377.8568395206562,384.3338317871094,4283400
2022-05-27,386.8359357272819,393.9549865722656,386.6282171462202,393.9549865722656,4078600
2022-05-31,392.17048936553783,394.94635183867973,388.83756997619207,391.7078552246094,5773900
2022-06-01,393.70946440013927,394.71028235940213,385.92951232019914,388.5354309082031,6646200
2022-06-02,388.28994120602295,395.8810766350896,386.01448788014636,395.8527526855469,4391500
2022-06-03,391.08469117289354,392.6236930544408,388.3560545522719,389.35687255859375,4039000
2022-06-06,393.4262889166794,395.05026283788845,389.338015752884,390.5276794433594,3028600
2022-06-07,386.95859752635675,394.7008024153003,386.54316045541174,394.1531677246094,4627500
2022-06-08,392.538705181603,394.3042985959066,389.1774620496726,389.8855895996094,3379400
2022-06-09,388.1172932287205,390.3524651646108,380.63510922302913,380.72979736328125,3994400
2022-06-10,374.39362662695794,375.15133410457736,369.4591777127228,369.4970703125,8654200
2022-06-13,360.0637687730115,361.9390330087337,353.8696449828144,355.2903137207031,13018400
2022-06-14,357.25093527018225,358.2359117041837,351.27465622350263,354.3432922363281,12557900
2022-06-15,357.7150391901746,363.91861652849843,352.74269694227576,359.39141845703125,9075800
2022-06-16,351.2177807880383,351.59664898116023,345.08996062053836,347.58087158203125,10548900
2022-06-17,348.00702715556696,351.6344553947458,344.7773699893483,348.21539306640625,13277800
2022-06-21,353.9739067240246,358.43482854663074,353.8697381961917,357.07098388671875,6635600
2022-06-22,352.86575572924414,360.5278933557235,352.411131266407,356.4552917480469,5115400
2022-06-23,358.55795876306064,360.62268667787833,354.949461230292,360.0260009765625,7789000
2022-06-24,363.06621864691084,371.343975300846,363.06621864691084,371.2682189941406,4803100
2022-06-27,372.25316623427386,372.55622031732884,368.81514267001785,369.9232482910156,7858300
2022-06-28,371.40079840705727,374.242136586279,362.2706178507699,362.3747863769531,5630500
2022-06-29,362.9051687619837,363.8996254883768,360.28164820913685,362.1190490722656,3905800
2022-06-30,358.19806902881686,362.3463987733538,354.7126719920738,359.0978088378906,7321100
2022-07-01,358.50109469127756,363.3503360739951,355.89653472346725,362.82940673828125,5267700
2022-07-05,357.88547964990295,363.6628730350194,355.00624888191953,363.6060485839844,5097000
2022-07-06,363.7954299234557,367.3471023981098,361.40871642577855,364.903564453125,4982800
2022-07-07,366.684155557572,371.11663604652296,366.6462629566551,370.31158447265625,4786300
2022-07-08,368.6730910340397,371.8743365167363,367.1671853414003,370.0179748535156,3757200
2022-07-11,367.33769330563166,368.28480607480765,365.11197251735047,365.8033752441406,3602000
2022-07-12,365.30138994718266,367.6217987835246,360.8120559719026,362.5168762207031,3906600
2022-07-13,357.0709859607409,363.57764590742147,356.66370551284444,360.6605224609375,4665200
2022-07-14,355.68820047788864,360.3669400221669,353.2446621714724,359.7892150878906,4885900
2022-07-15,364.2122249640205,366.74102892207054,362.2801356133466,366.6557922363281,3959000
2022-07-18,369.71487617716775,370.3683862108786,362.41264581773675,363.6912536621094,3743600
2022-07-19,367.5081677087143,374.0053763535401,366.91148203786844,373.46551513671875,4684000
2022-07-20,373.58866097019035,377.2445025577878,372.30057251353753,375.7764892578125,4862300
2022-07-21,375.24606792526436,379.70696070422804,372.8877376187664,379.61224365234375,8258600
2022-07-22,379.78272129286125,380.96661219582023,373.92009122912157,376.2310485839844,6173800
2022-07-25,376.7804066530587,377.4717804723756,374.38421251665284,376.619384765625,3960300
2022-07-26,374.9239893494482,375.14183565819235,371.2492166484505,372.1489562988281,4115500
2022-07-27,375.48288398790373,383.56175507743495,375.2271450316545,381.7716979980469,4904500
2022-07-28,382.60519179475807,387.283931740421,379.09141109832564,386.6209411621094,5250400
2022-07-29,388.15523989331683,393.24126008898196,387.29339264986305,392.3699035644531,4438300
2022-08-01,389.5853629043402,393.60111179546664,388.85609647755365,391.1102294921875,3757500
2022-08-02,389.5190635314088,393.19386575093125,387.32178384342456,388.61932373046875,4000300
2022-08-03,390.6744892031141,395.798372127111,390.4092988162707,394.6807861328125,4612000
2022-08-04,394.5387496136903,395.19225969765307,392.72028048797085,394.3019714355469,4000200
2022-08-05,390.04938192789854,394.3303495163447,390.00203785780377,393.61053466796875,2971100
2022-08-08,395.4195275747033,397.63576768597335,392.10463333156207,393.26959228515625,4297800
2022-08-09,392.51190077973473,392.94759342283214,390.57033134843414,391.6216125488281,2491400
2022-08-10,398.74394541821476,400.0225244991602,396.81182732833406,399.8236389160156,3837200
2022-08-11,402.7691727610788,404.6160252605488,399.17960738615227,399.9656982421875,4909900
2022-08-12,401.8599671285142,406.76603361471933,400.89392243537685,406.5481872558594,4492300
2022-08-15,404.54023427511,408.8590656837195,404.41710500498453,408.3381652832031,2596200
2022-08-16,407.3058083328701,411.0753273143251,406.53864935201807,409.1905822753906,3596400
2022-08-17,405.553694733908,408.97275791822574,404.23719412592686,406.11248779296875,4063600
2022-08-18,406.44393905104613,408.1013861989706,405.15585080908085,407.3057861328125,2709800
2022-08-19,404.66342883896624,404.92861926987774,401.0738631926087,401.9167785644531,4063300
2022-08-22,397.1054965343236,397.2096939834481,392.6540543319185,393.4875183105469,5263500
2022-08-23,393.13701982509303,395.514282027737,392.0478459657623,392.6161193847656,4201600
2022-08-24,392.4171910618083,395.249077680503,391.7068565390015,393.8378601074219,2673800
2022-08-25,395.4006334649692,399.50161887388424,394.33039145403563,399.3879699707031,2383200
2022-08-26,399.39749203293576,399.8331558417966,385.7401123046875,385.7401123046875,5994500
2022-08-29,382.9366698411283,386.38414554377914,381.97059624745486,383.419677734375,4601400
2022-08-30,384.50881490535033,384.72663232270446,377.04556238812074,379.0250244140625,5693700
2022-08-31,380.7393151209308,381.9705501009321,376.0889881767697,376.1742248535156,6263400
2022-09-01,374.0148066231687,377.7275011959587,371.3250099720067,377.4623107910156,4934100
2022-09-02,381.0992936163963,382.302116595018,371.58079162200244,373.42767333984375,4179500
2022-09-06,374.3462870952629,375.30288015204127,369.8001577887469,371.94061279296875,4866900
2022-09-07,371.6660230591468,379.4797037719493,371.5334133915098,378.6746520996094,6619500
2022-09-08,376.37314956210855,381.6296137626972,375.24608307742375,381.06134033203125,4018300
2022-09-09,383.3911976800255,388.0036606670554,383.2491365600848,387.14178466796875,2589100
2022-09-12,389.225463442598,392.04786995742876,388.93186079047,391.318603515625,2797200
2022-09-13,382.57670667038286,383.77952939509834,373.1718844883746,374.24212646484375,5094900
2022-09-14,375.49231799122737,377.1781775535168,372.3479255842476,375.6722717285156,4272500
2022-09-15,374.16633029949696,376.97925609457366,370.15058181494805,371.33447265625,4178100
2022-09-16,367.22403608789966,369.24136196158014,365.29191798949836,368.5215759277344,5107500
2022-09-19,365.39614706677344,371.4292805486464,365.35828336117225,371.3913879394531,2901200
2022-09-20,368.1048689637291,369.05198177568633,364.42058625149264,367.025146484375,4101400
2022-09-21,369.1088326664421,372.1490569175504,360.75529012986544,360.7647705078125,7367000
2022-09-22,360.00702358850543,360.94468489164603,356.9857604228822,357.71502685546875,7497200
2022-09-23,354.20115606908087,354.23901975988394,347.3061779738406,351.77655029296875,6261200
2022-09-26,350.2781685920093,353.8767200974358,347.0128222181858,348.3075256347656,7292700
2022-09-27,351.79185574972774,354.07664537282005,344.9565163834342,347.41265869140625,10194700
2022-09-28,348.2599522047362,355.85687845535136,346.59395552834843,354.1623229980469,7013100
2022-09-29,350.6589499325156,350.86839066065437,343.84264056988786,346.8795166015625,5705500
2022-09-30,345.86089790062675,349.71650763491044,341.31987742532516,341.4341125488281,7337500
2022-10-03,345.14687236803707,352.30591611027444,343.35714048515183,350.46856689453125,5613400
2022-10-04,355.94258228407585,361.3118364415235,355.92352372843095,361.1976013183594,4489600
2022-10-05,356.88505329378137,362.7112770323291,354.58120510268185,360.3503112792969,5384500
2022-10-06,359.0365559286137,361.9782263955422,356.29479691599215,356.7898254394531,4463400
2022-10-07,352.68668150150006,352.9817985416214,345.0231096293518,346.8414001464844,4252700
2022-10-10,347.9266723206406,348.14564229574944,341.91003864342224,344.261474609375,4113900
2022-10-11,342.4337208484014,346.993770731695,340.0251668691541,341.9006042480469,5748900
2022-10-12,342.40511297891663,343.90925694584337,340.59629364488427,340.7962341308594,4127600
2022-10-13,333.78004411376037,351.30633284256476,332.7518989359451,349.86883544921875,7341100
2022-10-14,352.2774191691974,353.88629843819666,341.2247050505894,341.85302734375,5333400
2022-10-17,347.9552724787411,351.706146960455,347.9362429775133,350.6494140625,3907100
2022-10-18,358.60821779413277,358.8652468588527,351.3634961117672,354.66693115234375,6820800
2022-10-19,352.69626710082446,355.4379972288818,349.43089153266254,352.3345031738281,4855600
2022-10-20,351.7823369801795,356.20915150720975,348.5646077192835,349.3357238769531,4991400
2022-10-21,349.0214915452595,358.2844422637944,347.57446508802934,357.7703552246094,4183600
2022-10-24,359.35073381823463,363.301520230983,356.66609213001135,362.16864013671875,4184700
2022-10-25,362.1115405670328,368.2995286941209,362.03539349633957,367.9853820800781,4968300
2022-10-26,364.8150912100659,370.5080488626855,364.5866210208868,365.2054138183594,5089700
2022-10-27,366.23359395443015,368.0328548299119,362.62551387519756,363.2633361816406,4389200
2022-10-28,363.17777240661496,372.37407821083605,362.9778609257584,371.7838439941406,4090000
2022-10-31,369.4037937162379,371.93611195754266,368.2899432400796,369.1753234863281,6356000
2022-11-01,372.9643089386011,373.18327897451456,366.47170356300853,367.70928955078125,7292200
2022-11-02,367.0714398543276,371.4791960088292,358.16075097092124,358.2845153808594,6802400
2022-11-03,355.03817825657006,357.6561730648877,352.534418573278,354.6859436035156,3496800
2022-11-04,360.34076280336,362.1400238686666,353.69580647909606,359.7029113769531,4572600
2022-11-07,361.0642953903127,363.7965542391177,358.9794173052689,363.2158203125,3778200
2022-11-08,364.3105809577202,368.11857288758705,361.064264351188,365.1864318847656,3781200
2022-11-09,363.12061229942395,364.33916865158756,357.1706244367744,357.7322998046875,8459100
2022-11-10,370.9270343245108,377.6576680451191,368.6803036407115,377.324462890625,4527300
2022-11-11,378.26688891041204,381.8083226987732,376.14392287173257,380.9610595703125,3746200
2022-11-14,379.2379144002026,382.6175247769481,377.54335909967534,377.7623291015625,6093900
2022-11-15,383.56004769474595,384.63581024950594,377.1816775401392,380.9706115722656,6157300
2022-11-16,379.32366105072913,380.2756591670038,377.4577238249033,378.1717224121094,4086700
2022-11-17,373.3831514413534,377.61002515721447,373.0023580274157,376.8960266113281,3340200
2022-11-18,380.2660806527669,380.3231982081337,375.7821782404307,378.6857604980469,2504900
2022-11-21,377.3529741259215,378.39064846575354,375.45850739154383,377.2387390136719,2302800
2022-11-22,379.2093885368756,382.52235236765085,377.82900873022646,382.4366760253906,3314200
2022-11-23,382.00832628392146,385.26417307328313,381.8560030780123,384.7215270996094,2267600
2022-11-25,384.23590159150893,385.2640757083829,383.9693433117034,384.69287109375,1202500
2022-11-28,381.58944862903155,383.236416072861,377.7719553736955,378.6001892089844,2506500
2022-11-29,378.6667879087094,379.87581508258205,376.0392637562394,377.9527893066406,4447800
2022-11-30,378.1431331172293,389.6718444824219,376.2201075364927,389.6718444824219,6014800
2022-12-01,390.96656567019653,392.16609255137627,387.01577943712647,389.510009765625,5897900
2022-12-02,384.55963440256113,389.98600600389176,384.55963440256113,389.09112548828125,3624000
2022-12-05,386.2541984530207,387.196667272434,380.73259205741044,382.0844421386719,4141000
2022-12-06,381.8845421258137,382.3700414141476,374.4303805313568,376.6199645996094,4232500
2022-12-07,375.4870711646126,378.24785960717395,374.72545531836107,375.89642333984375,4078000
2022-12-08,377.77186331556624,379.8948003179556,376.18201383037695,378.8476257324219,2484500
2022-12-09,377.6004979495329,380.1708750994424,375.89641340704037,376.0487365722656,3540500
2022-12-12,376.8674407898285,381.42751931043404,376.1439130183903,381.3227844238281,4998200
2022-12-13,392.32202943813513,392.4272170931057,381.61357602291696,384.3671875,5899700
2022-12-14,383.98457268860494,387.79948384455196,378.9649788534306,382.06280517578125,9398500
2022-12-15,377.0337014515088,377.9037680241259,370.85721792898465,372.59735107421875,5857600
2022-12-16,369.9202385903745,371.2301091735031,365.9906268409886,368.0462646484375,6667300
2022-12-19,368.3522011425931,368.63902344715353,363.33260656495946,364.9866638183594,4289700
2022-12-20,364.2504597900113,367.0614350311973,362.9597010889344,365.4073486328125,4451200
2022-12-21,368.22786654036884,372.08100141390935,367.56814612470305,370.857177734375,3875500
2022-12-22,367.8741989115033,368.1801330221841,359.96712246690527,365.8089904785156,6462200
2022-12-23,364.69982757333526,367.874130454352,363.1031056636204,367.7115783691406,3280100
2022-12-27,367.67340600841754,367.9793693072813,364.68079549712996,366.2966003417969,4339000
2022-12-28,366.27742552040195,368.24701650307674,361.554223678538,361.8506164550781,4684700
2022-12-29,364.63289306267836,369.1170663866849,364.12615422457094,368.1131591796875,5327300
2022-12-30,365.6368752538863,367.40566158511206,363.4856202451661,367.3482971191406,5290000
2023-01-03,369.17447830252877,371.0771345127557,362.94062982770424,365.7420349121094,6454700
2023-01-04,368.0462255024462,370.61817240033355,365.01533375445933,368.5912170410156,3805600
2023-01-05,366.6120923267247,366.7172507859488,363.8297990749731,364.4034729003906,4329700
2023-01-06,367.4821667594203,373.86899684515214,364.4990978177378,372.7216491699219,4838800
2023-01-09,374.95891045946314,378.14275444097507,372.3391405621964,372.46343994140625,3474700
2023-01-10,371.9471190964482,375.2170388374419,371.01014690371716,375.1405334472656,3649100
2023-01-11,376.76597547890293,379.959390152145,375.96284387050616,379.81597900390625,6273800
2023-01-12,380.98243858887554,382.7416834245135,376.9285278449385,381.2979431152344,3988000
2023-01-13,378.10452237906986,383.32492152122916,377.8081296178211,382.7990417480469,3192700
2023-01-17,382.7990672207898,384.42447145949916,381.412720479078,382.091552734375,3510100
2023-01-18,383.27712598462637,384.3001741972749,375.8959302939788,376.0680236816406,4348500
2023-01-19,373.93595232795224,375.62826252255303,372.00458460780163,373.3909606933594,3000000
2023-01-20,374.6816903621857,380.4183702492991,373.0658565263878,380.24627685546875,2645400
2023-01-23,381.05894179693564,386.7669393314112,380.15065167424837,384.7591247558594,5152200
2023-01-24,383.16242371269357,385.35193144667994,381.9672820292478,384.5009765625,4309900
2023-01-25,380.29404371566045,384.902516565607,378.0663126902171,384.56787109375,4555300
2023-01-26,387.26409732710687,388.94683671193417,384.2810288221876,388.79388427734375,3067600
2023-01-27,387.6848026346585,392.0733588547799,387.59875594543183,389.7595520019531,4012900
2023-01-30,386.900805713258,389.1572190620639,384.5487752002247,384.8069152832031,3457400
2023-01-31,385.31363551498407,390.47664117258483,384.99813098438653,390.3905944824219,6121200
2023-02-01,389.23367726058154,397.3510687351273,386.4800666630408,394.5592346191406,5194600
2023-02-02,398.5079911345109,401.80659352001885,396.59576463352334,400.286376953125,4883300
2023-02-03,395.37193701369426,400.5636540891095,394.9130213319855,396.16552734375,4386000
2023-02-06,393.6700830457001,395.1042530038633,392.03513746330754,393.7274475097656,2579000
2023-02-07,392.74266976112426,400.06650151392716,391.5570985457209,398.8139953613281,5584800
2023-02-08,396.83482646947544,398.1829497679481,393.8039635491986,394.46368408203125,2872000
2023-02-09,398.10646502043915,398.2403057112549,389.8360907176507,391.1172790527344,3378800
2023-02-10,389.8169761065652,392.35067071567124,389.0712088408988,391.9682312011719,2655900
2023-02-13,392.6470486301141,396.6435950877965,392.1881037572741,396.57666015625,3757200
2023-02-14,395.02778020423574,398.69925182758743,392.43672129392684,396.3663330078125,4222800
2023-02-15,394.1672016127517,397.7048026266829,393.38318185669283,397.6283264160156,2966800
2023-02-16,392.71397387709777,396.61493254422123,392.0829355874671,392.274169921875,3347300
2023-02-17,390.0463965273833,391.42320188699705,388.1341701032819,391.1841735839844,2039000
2023-02-21,387.149440294638,388.1820299002713,383.09549974707045,383.4301452636719,6280600
2023-02-22,383.76473320462543,385.29452020938845,381.3457678980991,382.7799377441406,4145700
2023-02-23,385.75344601948257,386.3175493390196,380.6286929739024,384.7973327636719,4570000
2023-02-24,379.7777485109,381.5561343878239,378.1236912073993,380.63824462890625,4450400
2023-02-27,384.10893904478365,385.4570622684292,381.11629981551323,381.9672546386719,4547700
2023-02-28,381.5465850824543,383.50660574765044,380.5044250488281,380.5044250488281,5191500
2023-03-01,379.7873984220493,381.01122251166873,377.8560596929169,379.14678955078125,6327400
2023-03-02,377.1866428504289,382.9520040569059,376.89982057279644,382.1297607421875,3003000
2023-03-03,383.95594377020916,388.50705214967786,383.3153642364164,388.2584533691406,3167200
2023-03-06,389.195471626898,391.41366145184435,388.14374117728875,388.69830322265625,5754600
2023-03-07,388.5070348909771,388.73649272235014,381.9576536234511,382.569580078125,3536200
2023-03-08,382.7320917514879,383.96548591544325,380.9537352540133,383.23883056640625,3423500
2023-03-09,384.00378362603107,385.62915870485625,375.1023712699192,376.14453125,3578700
2023-03-10,375.60906131394546,377.6169047886563,369.16483876451133,370.857177734375,6751200
2023-03-13,366.6694625935565,374.8442199057581,365.5890498605475,370.0827941894531,5579100
2023-03-14,375.1023545085144,377.91332977728496,371.75595815790757,376.3070373535156,6004900
2023-03-15,370.5799243716133,374.03150831445635,368.533857226271,373.9932556152344,7838400
2023-03-16,371.6030412416692,380.77216533748117,371.01979688916975,380.427978515625,6535500
2023-03-17,379.1945003303095,380.24623068422693,374.66250392856705,375.9150390625,6487300
2023-03-20,376.84242501178124,380.05495096912733,376.1157697307481,379.6438293457031,4602600
2023-03-21,383.0476969318009,385.1415875072236,381.44143350300817,384.5774841308594,8656700
2023-03-22,384.4818460647701,388.05770047035156,378.0567635205158,378.13323974609375,4659900
2023-03-23,381.0597127367067,385.0249594981305,376.4415367954824,379.0914611816406,4743600
2023-03-24,377.84327130515794,381.6645062682899,375.49098028787347,381.5973205566406,4867500
2023-03-27,383.9784097346611,384.65050129811783,381.443723847489,382.25982666015625,4509700
2023-03-28,381.6165619445775,382.3270370200485,379.6291186762997,381.5493469238281,2419000
2023-03-29,385.6394162356544,387.2812030715153,384.47768642902173,387.0699768066406,4369100
2023-03-30,389.6526758246892,389.9023148495033,387.3868207698863,389.22064208984375,4066400
2023-03-31,390.2671537744432,395.02931106533157,390.14233426494536,394.68365478515625,4224500
2023-04-03,394.3283937575363,396.68068466446607,393.83875556534247,396.0854187011719,4455300
2023-04-04,396.93033101168425,397.1895512358765,392.68661436526367,394.0595703125,3496500
2023-04-05,393.397126663972,394.10763099459285,391.3904917890258,393.1282958984375,3698900
2023-04-06,392.2738353029411,394.86612586167763,391.1889016530265,394.61651611328125,2975500
2023-04-10,392.08177902235917,395.08694075675555,391.4961235024193,395.0677490234375,2777900
2023-04-11,395.58612588585066,396.498245827952,394.30918726726026,395.0580749511719,3657000
2023-04-12,397.17998714029494,397.4296261781882,392.9074970477495,393.5795593261719,3959000
2023-04-13,394.6452491645144,399.0425581962564,394.1267794235369,398.7065124511719,3570000
2023-04-14,398.1017535123468,400.2620103948434,395.4230267739504,397.727294921875,3546700
2023-04-17,397.6216561840953,399.26344304452704,396.4119030762212,399.19622802734375,2482500
2023-04-18,400.7899799609004,400.86677618672445,398.06325978867164,399.4266052246094,2653400
2023-04-19,397.506370958656,400.2427016032643,397.4679874965305,399.3977966308594,2937000
2023-04-20,396.48861413965875,398.92731156487537,395.63412803458266,397.16070556640625,3279800
2023-04-21,397.47757975520835,397.9288345007188,395.5669622988586,397.381591796875,3384000
2023-04-24,397.2472110670386,398.30334244293783,395.9414699480048,397.8808898925781,3398500
2023-04-25,395.8934479800279,396.4215283199135,391.5249405065269,391.5633239746094,3686800
2023-04-26,392.1777634004397,393.25308638319325,389.3646364365658,389.9695129394531,5637900
2023-04-27,392.4466029883695,397.9576480493282,392.25456846554226,397.7080383300781,4156100
2023-04-28,396.78636653108447,401.0780779785703,396.7479830611193,401.00128173828125,3871000
2023-05-01,400.64597957142064,402.691027081046,400.4635555672524,400.7131652832031,2813100
2023-05-02,399.9259065481534,400.02192381129356,393.2531023147086,396.2294616699219,4604700
2023-05-03,396.6998853206818,399.06178679640226,393.22427741781667,393.3778991699219,3746400
2023-05-04,392.35063153174127,392.7154795874943,389.3646906655606,390.63201904296875,4185900
2023-05-05,394.29962987428223,398.95618886330016,394.05960136248086,397.7752380371094,2992900
2023-05-08,398.23605867813234,398.5048894091947,396.62307429175826,397.9864196777344,2955600
2023-05-09,396.45032765500554,397.37202898827917,396.0278751063473,396.3638916015625,2571900
2023-05-10,399.11938781650895,399.73384551922766,394.290015734338,398.0344543457031,3186100
2023-05-11,397.23759444668144,397.6888492412527,395.3269767826077,397.4392395019531,2509600
2023-05-12,398.70657454147937,398.8025918122209,394.48207833206766,396.9207763671875,2281600
2023-05-15,397.59282518011906,398.668177555461,395.61499253140835,398.2361145019531,1934200
2023-05-16,397.19922485239715,398.0825134383512,395.5766296386719,395.5766296386719,3432000
2023-05-17,397.67924862922035,401.0108455329451,395.97982801960745,400.3771667480469,3131300
2023-05-18,400.17552722081035,404.70726674167605,399.88750472386465,404.2560119628906,3087100
2023-05-19,405.1873470436451,405.7346191196324,402.4894287326505,403.6703796386719,3873100
2023-05-22,403.7375589972924,405.4177585450727,402.4893931815856,403.7855529785156,3076600
2023-05-23,402.2205583589586,403.1326783958156,398.9369848269825,399.3690185546875,3221000
2023-05-24,397.7176891502165,398.053734973798,395.2502179721478,396.37353515625,3633800
2023-05-25,399.9451128834937,401.29887723223953,397.68883896891737,399.8683166503906,3487800
2023-05-26,400.5403847920534,405.77301824727806,400.4539780409113,405.1201477050781,5531300
2023-05-30,407.0019796809054,407.5012284746316,403.8431960254538,405.19696044921875,3239600
2023-05-31,403.3534930701312,404.2752236397365,401.3948815355188,402.70062255859375,4479600
2023-06-01,403.2094871925174,407.85643566647286,401.9997634168835,406.84832763671875,3786300
2023-06-02,409.3638274396336,413.49233548153313,408.89338092592743,412.6474304199219,4525700
2023-06-05,413.0602970940179,414.3564570136281,411.2168650949612,411.93695068359375,4318300
2023-06-06,411.49528683640347,413.3291082310089,410.8520268159972,412.8106384277344,3539900
2023-06-07,413.19486238140075,414.34096957361066,410.96046183621456,411.4516296386719,4047400
2023-06-08,411.3842188122493,414.331343085412,410.7003872241432,413.83050537109375,3472100
2023-06-09,414.65887451171875,416.64288587463545,413.6379766023302,414.65887451171875,4140600
2023-06-12,415.5737544925801,418.46309443485904,414.88031173075774,418.4245910644531,4287900
2023-06-13,419.88853437998483,421.82440164657345,419.2047321214342,421.15985107421875,5444500
2023-06-14,421.5066008707609,423.50025279165044,418.2223804374972,421.65106201171875,5958000
2023-06-15,420.890195283011,428.171330217385,420.755345299243,426.8614807128906,5928700
2023-06-16,428.96106778789135,429.04774446210695,424.973764422653,425.3397521972656,6474300
2023-06-20,423.5002271379454,425.2434600476507,421.16947976807995,423.3268737792969,4505800
2023-06-21,422.2674678588869,423.25947354725827,420.53387538721137,421.09246826171875,4067600
2023-06-22,420.15817806089296,422.71042243320096,419.7825497649513,422.6141052246094,2511300
2023-06-23,419.1373088389891,421.217637240239,418.7135366058518,419.3973388671875,2651400
2023-06-26,418.8483864103174,420.7456915276734,417.451860270987,417.6252136230469,4936600
2023-06-27,418.60763190291283,422.8838284566343,417.5289201809398,422.2481994628906,5254400
2023-06-28,421.21763666188514,423.5291028628044,420.5916188521198,422.38299560546875,3445600
2023-06-29,422.0555474861404,424.33812149905106,421.72809246324783,424.0684509277344,3389400
2023-06-30,427.3815322123721,430.14566271519044,427.0926099755181,429.26922607421875,5137700
2023-07-03,428.8069988240012,429.9627172935586,428.5469393896368,429.88568115234375,1928100
2023-07-05,427.80533066668244,429.8952702225438,427.80533066668244,429.14404296875,6217000
2023-07-06,425.50345267517446,426.0813265450844,423.1438426782141,425.628662109375,3248800
2023-07-07,424.67522473989993,428.54693002492877,424.3381291716869,424.5403747558594,3441700
2023-07-10,424.23223716282547,425.8310090700869,423.6543631952059,425.6672668457031,2526300
2023-07-11,426.4473205985554,428.87435561770906,425.45531504080236,428.52764892578125,4775400
2023-07-12,432.2548946940304,433.2372597172967,430.78133246318765,431.74444580078125,4714000
2023-07-13,433.64181827521617,436.0784940573114,433.21804601816575,435.423583984375,4179500
2023-07-14,436.1940957253943,437.0127480739938,434.33529373529876,434.9902038574219,3437800
2023-07-17,434.8167776056808,437.57126762983177,434.7975259201008,436.608154296875,4499600
2023-07-18,436.14592837113383,440.42215440774027,435.7510483326308,439.77685546875,6453300
2023-07-19,440.5762347997888,441.8956954497349,439.94057643134033,440.5858459472656,3182200
2023-07-20,439.738215542948,440.61465208918764,437.11854644171086,437.84088134765625,10647100
2023-07-21,439.53609064572987,439.73833624518113,437.8121093006036,437.8313903808594,3502300
2023-07-24,438.96784069459534,440.5666125254192,438.37071506696384,439.7672119140625,2631900
2023-07-25,439.4878910328641,442.22312942050246,439.42046604429487,440.9518127441406,3987000
2023-07-26,440.03685315874105,442.41571481198537,438.9774226421453,440.9903259277344,5592100
2023-07-27,444.46718952751365,444.8428178582117,437.21494686699583,438.1395568847656,3413300
2023-07-28,441.337113546303,443.2826215949852,440.62441897347776,442.2809753417969,4258700
2023-07-31,442.88778237720385,443.59083647461006,441.5779326342728,443.2055969238281,3947300
2023-08-01,441.8187071405548,442.6662517799549,441.03858750471915,441.9728088378906,3752800
2023-08-02,438.8618867039445,439.09302450969136,435.0768287835126,435.7991638183594,3256300
2023-08-03,433.80556290018825,436.3963109793457,433.1602639714016,434.5471496582031,3274500
2023-08-04,436.41558356868285,438.4862715189235,432.10082491680737,432.52459716796875,4359900
2023-08-07,434.4604505407652,436.52149788517573,433.7766482723552,436.34814453125,2223600
2023-08-08,433.8151052050568,434.92267959242145,431.13765147746125,434.5181884765625,3554600
2023-08-09,434.7590414990103,434.9131431764447,430.829522204157,431.58074951171875,2838200
2023-08-10,433.9403816673519,437.34981141569375,430.57912522531046,431.77337646484375,4508500
2023-08-11,429.8663911046569,432.47644958212254,429.25965435153955,431.5133361816406,3757800
2023-08-14,430.5405481041425,433.8921930531471,430.28051808771005,433.82476806640625,2387400
2023-08-15,432.13933848609213,432.4186495919245,428.248352258226,428.91290283203125,5019300
2023-08-16,428.4120957264607,430.0590113572372,425.57089953199244,425.70574951171875,2896100
2023-08-17,427.0926470434011,427.3912098446915,421.91109227227605,422.43115234375,3991000
2023-08-18,419.5610846495876,423.6350354188711,419.2336296288053,422.5082092285156,3164000
2023-08-21,423.6158063545051,426.11990714396876,421.4776933701332,425.3590393066406,3250900
2023-08-22,427.16966848691885,427.2178123982881,423.66395113125793,424.1455078125,4920800
2023-08-23,425.204917192024,429.55820848515435,425.14713274051235,428.82623291015625,2857300
2023-08-24,430.5117420808491,431.04144275842,422.9705761754895,423.0668640136719,3583900
2023-08-25,424.7715427608224,427.32378739602035,421.2080114190746,426.09100341796875,4118100
2023-08-28,428.2387327537582,429.3655589103852,426.8999910932113,428.6624755859375,2583100
2023-08-29,428.66250509383167,435.2116939399351,428.4795405858276,434.8553466796875,3983800
2023-08-30,435.3176284435533,437.3690647456677,434.5760416858788,436.7622985839844,2811800
2023-08-31,437.378706980603,438.5055332350488,435.94367737428394,435.9918212890625,3881300
2023-09-01,438.9100029428898,439.30488293073535,435.5102141022432,436.9163513183594,2852900
2023-09-05,436.4926113107362,436.82006633635353,434.9612645474573,435.038330078125,2289800
2023-09-06,434.2389498402844,434.30637483480416,429.77011878459115,432.01416015625,6316100
2023-09-07,429.0573713047197,431.44590307406645,428.73955682096965,430.81988525390625,2310300
2023-09-08,430.7524837480795,432.93874066416674,430.4731726222366,431.349609375,2787800
2023-09-11,434.06563768990867,434.5664461427001,432.36093732876964,434.26788330078125,3671200
2023-09-12,432.8424261647809,434.3544918265341,431.32069057198055,431.9178161621094,2648700
2023-09-13,432.10083050979534,433.55514118110005,431.01250764122074,432.3223571777344,3020300
2023-09-14,434.91313148145707,436.82007723066386,433.5647785800258,436.1844482421875,3546900
2023-09-15,434.56633874336933,434.8456498268065,430.48274780488407,430.5597839355469,5239500
2023-09-18,430.5598060380011,432.4186371183556,430.1264226709909,431.3014221191406,4152700
2023-09-19,430.19385674570555,430.79098232523484,427.56454669609184,430.33831787109375,3575500
2023-09-20,431.4844615552636,431.9178449680248,426.08137987439005,426.2643737792969,5467300
2023-09-21,423.42317390352724,423.68320393100197,419.08916376095743,419.2817687988281,5076600
2023-09-22,420.3026647857196,421.8725442665666,417.89488138365675,418.2801208496094,9350800
2023-09-25,417.01840484289784,420.09073852165125,416.6524170980606,420.0137023925781,4413100
2023-09-26,417.0502518651244,417.68881978371763,413.0350423794932,413.86712646484375,4887400
2023-09-27,415.0087966556468,415.5893156317012,410.38404370623533,413.9735412597656,6664500
2023-09-28,413.47042890670434,418.095181725757,412.88022528098503,416.392333984375,4871000
2023-09-29,419.5368291596011,419.63358725202767,413.94455392386794,415.48291015625,6239100
2023-10-02,414.57338758283504,416.4890912883155,412.5125615193077,415.3377380371094,4666900
2023-10-03,413.05438564702143,414.62176610901594,408.32319026407833,409.8034973144531,5467000
2023-10-04,410.1323827634349,413.4316348212551,408.73914935701185,412.70599365234375,3560200
2023-10-05,412.43512346746434,413.3542808359183,409.30036280270303,412.51251220703125,4030400
2023-10-06,410.1034199830908,418.95623767011585,408.7392108371713,417.3598327636719,4153500
2023-10-09,415.5022215922318,420.6687841224904,414.9894362528921,420.10760498046875,2675500
2023-10-10,420.7654772273444,424.8870991108269,420.3591051691002,422.3038330078125,4430000
2023-10-11,423.41650256380944,424.2582416714051,420.96867398106076,424.09375,3875600
2023-10-12,424.6549920470725,425.01297038485416,419.1014264254393,421.54925537109375,4232300
2023-10-13,422.9810722956254,424.1421099885702,417.76614639434314,419.3335266113281,4041200
2023-10-16,421.5878629394042,424.819381619981,421.3846916657869,423.69708251953125,4656900
2023-10-17,420.6107566050997,425.7579500659005,420.2914578809632,423.8229064941406,4864000
2023-10-18,421.97497318350395,422.89410118017474,416.9825571386232,418.26934814453125,7890000
2023-10-19,418.79176192794415,420.63004720076617,413.73161295027944,414.47662353515625,10020200
2023-10-20,413.99290536848486,414.4669815885102,409.2036607844951,409.3778076171875,7046300
2023-10-23,407.7620161401645,412.4834970471405,406.0204594332276,408.66180419921875,6870500
2023-10-24,410.7226089909334,412.79308988704,408.87463916869785,411.7384948730469,8027900
2023-10-25,410.0066934997709,410.0841117768572,405.2561580235357,405.88507080078125,4730800
2023-10-26,404.75299313343675,405.53668328771687,399.99280327235857,400.9893493652344,5082000
2023-10-27,402.4987698703326,402.8857727008205,397.6708158136018,399.151123046875,5604500
2023-10-30,401.8697909607638,404.9175078748742,400.59268478283303,403.8919372558594,4459800
2023-10-31,404.4240614903688,406.7073984782556,402.5567517377704,406.3010559082031,8151800
2023-11-01,407.3557085598467,411.5547496934817,406.82358337220296,410.7420349121094,5645500
2023-11-02,414.5636526586142,418.7820325282401,414.5636526586142,418.65625,4265200
2023-11-03,420.9300017710649,424.00671378816617,420.8235885533759,422.4103088378906,6222800
2023-11-06,423.2810261136868,423.8131807230868,421.48145006454325,423.4261779785156,3296900
2023-11-07,423.4456244082928,425.26457024486,422.2942710229428,424.548583984375,3054700
2023-11-08,425.2257433517287,425.7482132833116,422.63279254914335,424.89678955078125,3617300
2023-11-09,426.144941632042,426.144941632042,421.22991489519706,421.6943359375,4047900
2023-11-10,423.7455130434922,428.53475764105315,422.2264967701656,428.2928771972656,3673600
2023-11-13,426.8802200609022,428.9313612401137,426.10621454941713,427.79937744140625,3675000
2023-11-14,433.8657285918797,437.4165460567525,433.55611457599184,436.1877746582031,4063400
2023-11-15,437.53262779381214,438.69366554736075,436.20712789980104,437.0682067871094,5462000
2023-11-16,436.60387554058383,437.85195734245457,435.56862017892803,437.6100769042969,3578400
2023-11-17,437.77453353344384,438.7517398737931,436.7005691202965,438.074462890625,3208800
2023-11-20,437.9099979870103,442.3606038700557,437.88097351603824,441.5962829589844,4520700
2023-11-21,440.44491509864025,440.90930661876337,439.31290171550194,440.5803527832031,3133200
2023-11-22,442.2251564378705,443.5893655963419,441.1608766483092,442.2541809082031,3391200
2023-11-24,442.3315647917487,442.72825223288044,441.9735864861081,442.5831298828125,1306500
2023-11-27,441.9736592132545,442.72832508420777,441.354460575602,441.76080322265625,3092000
2023-11-28,441.3640569389996,443.48293189573707,440.7932226598741,442.1380920410156,2447800
2023-11-29,444.34405527887367,445.4470147373254,441.4705144555307,441.9349060058594,3979700
2023-11-30,442.7089116842614,443.9376536146635,440.6190612675384,443.53131103515625,4075100
2023-12-01,443.0185289104351,446.7628331949986,442.43800998053257,446.1532897949219,5396200
2023-12-04,442.8347435209227,444.13121920102463,441.6253412604072,443.9473876953125,4123600
2023-12-05,442.5444561471467,444.7600892901461,442.1477686742833,443.8506164550781,4553400
2023-12-06,445.9791434954687,446.00816796567676,441.62529580573647,442.0122985839844,4045600
2023-12-07,444.09247928217263,446.02752276488366,441.9639196406224,445.4082946777344,6440900
2023-12-08,444.6826799093099,447.8368104228142,444.43114431951227,447.3337097167969,5019300
2023-12-11,446.8208827222277,449.2493421337737,446.6273665698662,449.0751953125,7102000
2023-12-12,448.72692568262676,451.300537109375,447.7206947840557,451.300537109375,6803300
2023-12-13,451.4843240648642,457.6280630183384,451.16502538052356,457.4829406738281,7733800
2023-12-14,459.32125958658867,460.51132195160375,456.16715880460106,458.9149169921875,7208400
2023-12-15,458.208663790794,459.33099266622986,457.21211747854665,458.14093017578125,6819900
2023-12-18,459.6889091441617,461.64332189107455,459.5631265979046,460.6854553222656,8393500
2023-12-19,461.2466552227097,463.52030771760116,461.15958180824504,463.3461608886719,5105400
2023-12-20,462.6418837875809,464.49731201283964,456.60933335171296,456.70648193359375,6341600
2023-12-21,460.00932983327306,461.6219014393642,457.5904576013437,461.3401794433594,8863900
2023-12-22,462.5253219838458,463.9824617899089,460.3978954953468,462.22418212890625,4267600
2023-12-26,462.70987695718395,465.1287194522631,462.62245212977456,464.215576171875,2235700
2023-12-27,464.1281523566423,465.216145294222,463.52587266945244,465.0995788574219,3761000
2023-12-28,465.4589709757666,466.0806981248135,464.8469675776679,465.3132629394531,3429500
2023-12-29,465.05099690330394,465.5658517379982,461.95214414401386,463.982421875,3990000
2024-01-02,460.84472060732685,462.2824424839401,459.19331336282227,461.32073974609375,5185100
2024-01-03,459.15442239591385,459.8829922222771,456.939571309593,457.55157470703125,5996000
2024-01-04,457.0658723646783,459.6692881578876,455.8612833974338,456.14300537109375,6198300
2024-01-05,456.2790596892738,459.1544739594698,455.2590440304672,456.6870422363281,10429500
2024-01-08,457.1727202435655,463.3510080040828,457.1047132757738,462.9721374511719,8460200
2024-01-09,460.63098647722785,463.5355717187677,460.06757218085767,462.5350036621094,5361200
2024-01-10,462.7778876006372,465.9835832134325,462.5350309740441,465.12872314453125,5500300
2024-01-11,466.129308207514,466.62474523036366,460.9418940323546,464.87615966796875,7450200
2024-01-12,466.4304139341723,467.1104243218324,463.856139716173,465.2744140625,3797300
2024-01-16,463.86591667900495,465.17731884829675,461.738490092679,463.6618957519531,8024500
2024-01-17,460.514475174766,461.46648388117165,458.6201815141954,461.0584716796875,8311000
2024-01-18,462.6127213947982,465.6047019214517,461.11671630867966,465.01214599609375,4871700
2024-01-19,466.21668751232176,471.16124456921807,465.54640089236227,470.8309631347656,5475100
2024-01-22,472.4726801815211,473.6092621779431,471.2583971127545,471.8509826660156,7017000
2024-01-23,472.4727042605322,473.48299612599754,471.3264281001378,473.3178405761719,2839700
2024-01-24,476.1252904429342,477.0675753639476,473.4150021203354,473.6772766113281,5547700
2024-01-25,475.9407086357948,476.6012715503676,473.7938643406411,476.3195495605469,6638200
2024-01-26,475.92130629852784,477.40758772757897,474.91101439026744,475.82415771484375,4097700
2024-01-29,476.04755900950016,479.66126688571836,475.5132862764124,479.56414794921875,6073800
2024-01-30,478.7967293589226,479.8653045078848,478.37902305156024,479.2047119140625,4494600
2024-01-31,476.9121297637889,477.3978430152984,471.32642737142976,471.3361511230469,10650500
2024-02-01,473.0069983613058,477.5921325683594,472.268704744182,477.5921325683594,6417100
2024-02-02,477.9612498324266,484.18809717640124,477.6115505267153,482.5172424316406,4709200
2024-02-05,481.88587446888573,482.3618640139712,478.51502299753906,480.90472412109375,6850200
2024-02-06,481.691536386914,482.48811324231684,480.28298573076376,482.2064208984375,4469400
2024-02-07,484.42128042912697,486.626407978314,483.57611444631135,486.12127685546875,5625000
2024-02-08,486.2669228229205,486.7720538812745,485.37319748597594,486.4417724609375,4063000
2024-02-09,486.9760531137616,489.6669232737929,486.5972122251771,489.2589111328125,2628800
2024-02-12,489.22008270456365,491.4641051809761,488.2875215705322,488.9966735839844,2628700
2024-02-13,482.72125529913495,488.89951342847235,478.98125745445435,482.4298095703125,5465600
2024-02-14,484.96524170762723,487.17036909673203,482.59495877646714,486.73321533203125,4673900
2024-02-15,487.3549971337087,490.2109936144677,486.8984254610544,489.9389953613281,3963900
2024-02-16,489.7349703537571,490.8521049005844,486.86925031810165,487.6075439453125,4385800
2024-02-20,485.8297778620665,486.5389298231705,482.6532241316936,484.897216796875,5928500
2024-02-21,483.5857948481086,485.4995061251774,481.76923214438193,485.3343505859375,4236900
2024-02-22,491.9789322347853,496.34062746236765,491.0269236514881,495.4760437011719,4080100
2024-02-23,497.15663847323896,497.9823569032548,495.0097942716643,495.7577819824219,4343200
2024-02-26,496.2240566657565,496.6126213090929,493.81490844413975,493.89263916015625,3721000
2024-02-27,494.61147495506,495.0680465540282,492.7171815954815,494.76690673828125,3729100
2024-02-28,493.30006636309776,494.7474822962839,492.9212254608737,494.14520263671875,4353500
2024-02-29,495.9423556147269,497.574374618496,493.30979817610273,495.8646545410156,5996100
2024-03-01,496.8652017620988,501.06174141474315,496.4669133677893,500.6634826660156,4582400
2024-03-04,499.8184645034707,501.95555572435444,499.8087407502739,500.071044921875,4351500
2024-03-05,498.0989664758784,498.5069490277777,492.85326900378686,495.01953125,5068800
2024-03-06,498.4388873729925,499.876638835815,496.3309085797339,497.7006530761719,4234100
2024-03-07,500.9160638997823,503.61659855215396,499.9931969301868,502.6451721191406,4647300
2024-03-08,503.189168812649,505.89948650851596,498.9732112942223,499.5948791503906,4825800
2024-03-11,498.322310620485,499.6628838359198,496.4183231202351,499.3520202636719,7239900
2024-03-12,501.2074962821655,505.06403088697215,498.7011994019032,504.5589294433594,7437900
2024-03-13,504.8114155642128,504.9863244919602,502.2662831464214,503.7525939941406,3854600
2024-03-14,504.6755827751674,504.83098494815306,499.62415243107915,502.6549987792969,20332600
2024-03-15,499.58523076782893,501.0617586763046,497.78805623328265,498.565185546875,8081100
2024-03-18,503.3543535143207,504.80182887396006,501.5766856229224,502.081787109375,13385200
2024-03-19,501.5474407072599,505.2777441880723,500.54690234218464,504.986328125,4569200
2024-03-20,505.08345569336694,509.81429762022196,504.4131690912477,509.67828369140625,5450100
2024-03-21,512.5677742375079,513.2401947848963,511.09630038329817,511.252197265625,4520000
2024-03-22,511.2619067080307,511.7881255542095,510.1802048953702,510.5699768066406,6940100
2024-03-25,509.0010369170034,510.1412075383361,508.8451400419179,508.9718322753906,6297200
2024-03-26,510.4725245819363,510.7746230778642,507.6756599480474,507.8997802734375,5932600
2024-03-27,510.9013370164167,512.3728702132946,508.71842398790335,512.3240966796875,4777600
2024-03-28,512.4411656489217,513.7274785585837,511.95390608377096,512.3339233398438,4717000
2024-04-01,512.9478539364187,513.5326010783727,510.199702965032,511.5055847167969,6170800
2024-04-02,507.50026758166985,508.23115681571,505.81430930213963,508.1629333496094,7653100
2024-04-03,507.00326227548754,510.17044901186125,506.954548221681,508.7281799316406,5820200
2024-04-04,512.6847094236589,513.0160125636228,502.14040706511423,502.4717102050781,7222700
2024-04-05,503.82630894223223,509.67342277908597,503.3877635084846,507.7146301269531,5275900
2024-04-08,508.41634242573986,509.42006609287904,507.16892952219956,507.8511047363281,10802300
2024-04-09,509.7124326874544,509.94636722726517,503.70942139063095,508.4845886230469,4963300
2024-04-10,502.832301725845,505.4732696661136,501.4972154352825,503.5534362792969,4616400
2024-04-11,504.99577537002284,508.7184452179006,501.48747115928614,507.32489013671875,4333400
2024-04-12,503.7580699767412,505.1418702211757,498.56389709706747,500.2303161621094,6513700
2024-04-15,504.49873401462224,504.6156715340326,493.1553187924729,494.03240966796875,6399000
2024-04-16,494.441724213938,496.02044031199057,491.82026559780246,493.087158203125,8287400
2024-04-17,495.572176540226,495.70862348384827,488.7992571752184,490.2220764160156,7635500
2024-04-18,491.5766253910779,493.6718353500236,488.2340322678328,489.09161376953125,4808700
2024-04-19,489.0720710035188,490.0758540827058,483.6537479649703,484.8524169921875,6355500
2024-04-22,487.58107265330284,491.96640810355564,485.16428459429306,489.3254699707031,4210800
2024-04-23,491.3817366721496,495.5916362405591,490.84573336661583,495.2213439941406,4221900
2024-04-24,496.05944658684535,496.85855937081607,492.7558423672021,495.0264587402344,4457800
2024-04-25,488.8284971925906,493.837539495412,487.2108217050252,492.9312438964844,3714400
2024-04-26,495.88400606605444,499.3338117017191,495.2602996221096,497.75506591796875,4026900
2024-04-29,499.5871858014279,500.1913828189943,496.78053660184156,499.5287170410156,3102700
2024-04-30,498.037706659618,499.0122257161648,491.5863952636719,491.5863952636719,4931200
2024-05-01,490.9626811374433,497.67713160754386,489.54964637145866,490.046630859375,5061600
2024-05-02,493.7693257617071,495.4162654042652,489.1793491714818,494.5294494628906,3670300
2024-05-03,500.6396143973789,501.90653664983614,498.04742009294995,500.7468566894531,3004000
2024-05-06,503.1344117746049,505.9605407714844,502.7056210194906,505.9605407714844,5099700
2024-05-07,506.866848827906,507.8413678880965,505.78514694627603,506.61346435546875,6597800
2024-05-08,504.6060262412115,507.0228742862133,504.5378027601095,506.5648193359375,3693500
2024-05-09,506.7401224720662,509.46876376089136,506.0482520530665,509.3420715332031,3153100
2024-05-10,511.04749679325477,511.8661189471246,508.8840931036119,510.05352783203125,2421200
2024-05-13,511.81738305820465,511.8856065247769,509.0692323816246,510.2289123535156,2566800
2024-05-14,510.3556219347792,513.0062851149988,509.8390983045614,512.5580444335938,3288300
2024-05-15,515.043113881545,519.1653107596122,514.3706933039946,518.9119262695312,3568800
2024-05-16,518.9605867251155,520.5685072480627,517.6351957950362,517.6936645507812,5526300
2024-05-17,517.9081349981338,518.6097601285205,516.4463564965754,518.57080078125,4234400
2024-05-20,518.6584032075834,520.6269503538736,518.2686313484572,519.1749267578125,2270000
2024-05-21,518.3661641653474,520.5685867680364,518.2102672861845,520.44189453125,2676000
2024-05-22,519.7109715088912,520.4126561194009,516.7776597981257,518.9606323242188,3052600
2024-05-23,522.001126480752,522.088799882054,513.9320806051538,515.1697387695312,2665000
2024-05-24,516.9725362678942,519.3503648298927,516.0467313909021,518.5902709960938,1920700
2024-05-28,519.3601290865129,519.5744947041188,516.3001253230962,518.9898071289062,3431400
2024-05-29,514.8676351820535,516.4463511891188,514.5557819673355,515.2769165039062,4272400
2024-05-30,513.7274384404227,514.3804090322805,510.57976092893495,511.9343566894531,2718200
2024-05-31,512.7724053161331,516.6802360612821,507.68544463655735,516.4561157226562,3933600
2024-06-03,518.1615087040856,518.2784462233903,511.8660946752237,516.7776489257812,2958400
2024-06-04,515.6764770926351,518.2687310882951,514.1659844530182,517.537841796875,2188900
2024-06-05,519.9156201028767,523.7357177734375,517.8788493043868,523.7357177734375,3201300
2024-06-06,524.0573038333195,524.3789117312325,521.7379440457806,523.7161865234375,25007800
2024-06-07,522.5955934656314,525.8699631871459,521.601565004488,523.0535888671875,3081700
2024-06-10,522.3421472043251,524.9636055088569,521.6502173502962,524.61279296875,2460000
2024-06-11,523.1182816690623,526.0017535381279,521.0851813478348,525.9137573242188,3888400
2024-06-12,530.5371466738792,532.931837034725,529.2469132799076,530.2927856445312,5384300
2024-06-13,532.0032686243397,532.1889257190942,528.5528625407227,531.406982421875,4779600
2024-06-14,529.8333250252106,531.69049260346,528.8070206934204,531.5927124023438,5444600
2024-06-17,530.9866734965013,537.193478743959,530.5175194632445,535.9423217773438,5746800
2024-06-18,535.9912135652786,537.3694431066897,535.5513518040102,537.2423706054688,5221800
2024-06-20,538.2198606463128,538.855163548234,534.0852313273481,535.5807495117188,5709600
2024-06-21,534.9942040709947,536.1964410527887,533.6844029130308,534.671630859375,5104200
2024-06-24,534.9258131540695,537.4769277532222,533.2152861023201,533.30322265625,3857000
2024-06-25,534.554317833755,535.7761227294282,533.1467962076019,535.3264770507812,4817500
2024-06-26,534.300382069674,536.783069112712,533.6943713768186,536.1477661132812,10241900
2024-06-27,535.9619053786513,537.4573637324938,535.2190383653649,536.9295654296875,6369100
2024-06-28,537.7018239028297,540.7710130622801,533.5574699680494,534.8867797851562,5968900
2024-07-01,536.2063085510578,536.4506695794614,533.2641922237252,536.0401000976562,3912500
2024-07-02,534.3393233172408,539.55890080576,534.270895074572,539.4611206054688,2599500
2024-07-03,539.1679201738639,542.2957531935949,539.1679201738639,541.8265991210938,4554900
2024-07-05,542.2371438083941,545.4724815680779,541.6995614560032,545.1792602539062,2759800
2024-07-08,545.8634340901738,546.6453774105885,544.6318450227564,545.8145141601562,3145000
2024-07-09,546.5964668553634,547.4956986081936,545.9415364378904,546.32275390625,2257500
2024-07-10,547.4664103162198,551.9724729063636,547.1634050350063,551.5228271484375,2124300
2024-07-11,551.7671779876334,552.6077655705251,546.2250868103526,546.8408813476562,2863400
2024-07-12,547.9845347047178,553.9469203317034,547.6619614213624,550.3401489257812,2778500
2024-07-15,552.3438474693818,555.0708947091877,549.9979580431244,551.8746337890625,3680200
2024-07-16,553.2920631081344,555.4228843114447,552.4123394621391,555.1492309570312,2379500
2024-07-17,549.1378296096706,550.7994963969045,547.0265767488146,547.3980102539062,2759200
2024-07-18,548.9033045790817,549.8709647177325,540.9957553560397,543.0679321289062,3420300
2024-07-19,542.8920123082864,544.4461747542733,538.4935136396088,539.5296020507812,2999800
2024-07-22,543.5077196237293,545.6874602928463,541.5430476551669,545.1303100585938,2352600
2024-07-23,544.9837499151687,547.1047869852725,543.7326524438682,544.2213745117188,2344700
2024-07-24,539.37321077615,539.6860000473704,531.0062916609792,531.9348754882812,6323800
2024-07-25,532.0423417564433,538.014510463824,528.1912098905458,529.1295776367188,4419600
2024-07-26,532.9025468435675,537.7409071755038,532.1596797660559,535.0431518554688,3520400
2024-07-29,536.6069427249512,537.6137386260518,533.3813896327015,535.4144897460938,2735200
2024-07-30,536.8415688439135,537.8581488228413,529.2468692513401,532.5310668945312,3670900
2024-07-31,539.4416784967186,543.8499612585568,538.1416610433648,540.8394165039062,4102300
2024-08-01,543.0385622001397,545.2378111675831,530.1167216890357,533.7332763671875,4487200
2024-08-02,526.5295777650281,527.6829546377401,519.4724600374715,523.6852416992188,5429300
2024-08-05,502.7679813692753,514.5168800474904,501.4484555285719,508.4469299316406,10545200
2024-08-06,510.3431192993654,520.5769902609219,508.20251428964986,513.2754516601562,6335500
2024-08-07,519.3845714210248,522.4049005490425,509.1116223122855,509.7274169921875,6968600
2024-08-08,514.7220949717445,522.0920624657621,512.8649867755809,521.534912109375,3865200
2024-08-09,520.7235907237324,525.229593970069,519.4529252511556,523.763427734375,3635600
2024-08-12,525.0242519483627,526.480633872776,521.8573431299309,524.0174560546875,4646600
2024-08-13,527.3605070021381,532.9514592869784,523.8416720260748,532.7364501953125,4299700
2024-08-14,533.5377675649556,535.5610837434006,530.9084408973278,534.4761352539062,4218200
2024-08-15,540.0965628389305,543.8401908159442,539.4709842351318,543.6251220703125,3944800
2024-08-16,541.9439249550322,545.4627000579837,541.7777761526567,544.856689453125,4186100
2024-08-19,545.2085121777266,549.9882280493358,544.3777085726936,549.9197998046875,4642800
2024-08-20,549.5385569720033,551.2100077496566,547.749877341222,549.0987548828125,2874800
2024-08-21,550.134924222517,552.4318941808341,548.4048289341893,551.2394409179688,4434000
2024-08-22,552.9109074555815,553.5169181565535,545.4627865682471,546.5770874023438,3448300
2024-08-23,549.9491660650622,553.4288646957499,547.7205648675383,552.480712890625,2450100
2024-08-26,553.5265680594168,554.230358816217,549.4702109409031,550.9168090820312,5861500
2024-08-27,549.8807591325832,552.3927977411457,548.8055347793374,551.923583984375,2258100
2024-08-28,551.5521777333705,552.0213318041577,545.4920124657416,548.697998046875,2890600
2024-08-29,550.682254713159,554.0055289117736,547.6326338445695,548.7860107421875,2504500
2024-08-30,551.1612316617027,554.5334260307341,547.5837525368315,553.9664916992188,3016100
2024-09-03,550.8190771313374,551.1513747014143,540.0867008361618,542.735595703125,7817800
2024-09-04,540.7709419935773,544.8566511247268,540.0280749409224,541.6017456054688,3948900
2024-09-05,541.4454353680111,544.2116191217679,537.7018074271914,540.0965576171875,6824000
2024-09-06,540.46791626383,542.0415868688366,530.1754017646965,531.11376953125,3525700
2024-09-09,535.2973978086256,538.2785910089201,533.3718015042512,537.0762939453125,4313000
2024-09-10,538.9529202709874,539.7055116653415,534.0949920386562,539.0604248046875,5964600
2024-09-11,539.2559775829527,545.8145899897568,530.6642048753929,544.8762817382812,4692000
2024-09-12,545.4528970918259,549.7536750977478,543.3220760620366,549.48974609375,3480300
2024-09-13,550.0860518993063,553.3897582677101,549.8709831621394,552.3048095703125,3952900
2024-09-16,552.1288391675902,553.4875007727416,550.3303754480463,553.2235717773438,2453800
2024-09-17,555.4424878787904,556.8402260194912,551.2492137982248,553.428955078125,3725800
2024-09-18,554.103237973472,558.9415976570963,551.2295502556818,551.7769165039062,5198300
2024-09-19,561.2679397624445,563.1055394997497,558.4333875801645,561.2386474609375,3623500
2024-09-20,559.8604487527439,561.2581866280653,557.2506301051782,560.065673828125,8763600
2024-09-23,561.3558220243035,562.3039736604362,560.143801094355,561.6197509765625,31440700
2024-09-24,562.4702538692253,563.3499178182536,559.6942862047808,563.252197265625,7326000
2024-09-25,563.1197635837558,563.8753452605924,560.9708236545725,561.922607421875,31448300
2024-09-26,566.3676768787503,566.6423957292479,561.893179377218,564.32666015625,8915300
2024-09-27,565.3471077034343,566.1026293390725,562.4033582436731,563.3060913085938,7128700
2024-09-30,562.4426963398043,566.367696384775,560.1760112094637,566.004638671875,6090000
2024-10-01,565.3373193666813,565.4060140450644,558.0956904721701,560.65673828125,5475700
2024-10-02,559.7539838710084,561.883279256931,557.3204435392165,560.8823852539062,4400400
2024-10-03,559.4399254790426,561.7851267583377,557.5755269953495,559.8128051757812,2553800
2024-10-04,564.3463153857665,565.317743299967,560.215231339046,564.8958129882812,2433500
2024-10-07,563.2668326817104,563.8065080755894,558.6549467971643,559.8324584960938,2664300
2024-10-08,562.3640983459495,565.6905497773945,561.5300599131544,565.1410522460938,2307800
2024-10-09,565.1410614674742,569.5860923057378,564.5425134110789,568.9777221679688,2048800
2024-10-10,567.6824436952853,569.4486812580546,566.4460594341274,567.976806640625,2197600
2024-10-11,567.9670055483139,572.1569612791261,567.8688446357525,571.4307861328125,2591700
2024-10-14,573.0793744224314,577.0239580646785,572.7359010430183,576.140869140625,1679300
2024-10-15,576.44501883211,576.6510429563812,570.508409734945,571.5681762695312,3872000
2024-10-16,571.6664384022291,574.6592387908448,570.8618062511604,574.1097412109375,1842500
2024-10-17,577.7500308497894,577.8874201914442,574.0114716195693,574.2764282226562,2731000
2024-10-18,575.8955708295504,577.1907679499849,574.4727465444232,576.445068359375,4120400
2024-10-21,575.6698264947252,576.6608984150084,572.5004086785908,575.5913696289062,3512800
2024-10-22,572.912618986052,576.2782993482738,572.3532992910009,575.1400756835938,2640900
2024-10-23,573.0793853084164,573.5208998334612,566.4068383382191,569.9000854492188,2911600
2024-10-24,571.9018702307185,571.9018702307185,568.5459526025193,571.1168823242188,4080600
2024-10-25,573.4228606364848,576.2880937713645,570.0178921070368,570.9893798828125,3781700
2024-10-28,574.4334313101865,574.4628975523674,572.4218811554571,572.7064819335938,3635600
2024-10-29,571.7449059011193,574.7279441538258,570.3711918711979,573.5896606445312,3912700
2024-10-30,573.1578141386624,575.149780007443,571.2443650243606,571.7448120117188,3831000
2024-10-31,567.4962085111681,567.5746653977326,560.4704242647001,560.529296875,8318700
2024-11-01,563.2669525072267,567.4666712615902,562.6389381487671,562.9627075195312,3188800
2024-11-04,563.1785971874144,564.473854304828,559.9404843392523,561.8342895507812,3496000
2024-11-05,562.8155289090392,568.6638000459816,562.6094448633017,568.62451171875,2988700
2024-11-06,580.9784521161088,583.6474230715378,577.2692987813176,582.7446899414062,5260500
2024-11-07,584.8347780168673,588.2985591126927,584.7464391715946,587.2879028320312,3892800
2024-11-08,587.8863819108689,591.2618836559698,587.8863819108689,589.8587036132812,5485700
2024-11-11,591.4974547672346,591.7820555813122,588.7009163807578,590.3101806640625,3995600
2024-11-12,590.3395712283711,590.9282972232259,586.1496149109721,588.504638671875,6449700
2024-11-13,589.0344459391314,590.8693783519315,586.7187106863953,588.9461669921875,3592600
2024-11-14,589.0051253653639,589.4859282753205,584.461933145199,585.0506591796875,2687700
2024-11-15,581.5083298849663,581.9400822506569,575.7483975756394,577.62255859375,5426600
2024-11-18,578.0444664384262,581.2727566940964,577.1809618300323,580.0265502929688,5775700
2024-11-19,576.6119313319583,582.8232604833127,575.9839169701153,582.0480346679688,3747700
2024-11-20,582.1068432120206,582.5385955519314,576.4843006026687,582.3129272460938,4696900
2024-11-21,585.1782752910912,586.8071839403211,579.2515464500314,585.2960205078125,4175400
2024-11-22,585.4529440153229,587.8471961232168,584.9721411556243,587.22900390625,3302700
2024-11-25,591.1735714513067,592.4492441755202,586.9346247811475,588.9657592773438,4637900
2024-11-26,590.4671920623971,592.9497833291381,589.7607208044969,592.4395141601562,4413200
2024-11-27,592.1548540527145,592.4688612105981,589.00508017375,590.5358276367188,4669400
2024-11-29,591.330601487652,594.9514158272764,591.0852890253217,593.724853515625,3132700
2024-12-02,594.6079922229599,595.9130714012177,594.1271893390604,595.3341674804688,6048800
2024-12-03,595.0397324095837,595.834542442174,594.0290761440453,595.5794677734375,4839900
2024-12-04,597.2672454745659,599.4652359018407,596.6000026584823,599.2493896484375,7524500
2024-12-05,599.200278385407,600.0735452838076,597.9834781951046,598.2974853515625,3119000
2024-12-06,599.0235356103472,600.6132153830418,598.611427464474,599.3768310546875,4985800
2024-12-09,599.2983328326418,599.3964338592097,595.7069848117989,596.285888671875,2973800
2024-12-10,596.9826785092673,597.3064478752578,593.8132004076053,594.5589599609375,4489100
2024-12-11,597.3849427600353,600.014685373899,597.100401842263,599.1414184570312,4892100
2024-12-12,598.1994369306348,598.7292903652176,595.962158203125,595.962158203125,5830800
2024-12-13,598.0128875400959,598.7095964669536,594.4705900942158,595.8541259765625,9728800
2024-12-16,597.5910587490321,599.3867629783754,596.8943497039081,598.3956909179688,23494300
2024-12-17,595.8098742804696,596.7748568987046,594.5199252311933,595.7901611328125,20235900
2024-12-18,595.6029571228854,598.0154733263615,577.7110551716079,578.2723388671875,33342500
2024-12-19,583.195827904623,584.7122374980498,577.7504323672742,577.8489379882812,19020700
2024-12-20,575.5842016500122,589.4093075282733,574.7373176781538,584.24951171875,16782900
2024-12-23,584.5941744435428,588.9859391910014,581.4431359759212,588.4935913085938,16542300
2024-12-24,589.7244003077165,595.1106567382812,589.1532599946206,595.1106567382812,2365700
2024-12-26,593.1117125289361,596.075655875881,591.8020505637874,594.8250732421875,10375300
2024-12-27,591.181756053993,591.3787072153546,584.5252034669434,588.38525390625,7034200
2024-12-30,581.7385337525524,585.4705086861082,578.2526726341654,581.9354248046875,3730600
2024-12-31,583.6684549568882,584.3380407466008,578.2624857788022,579.6705932617188,7228800
2025-01-02,583.1072072841291,584.8205681020517,574.4025313790155,578.45947265625,9400400
2025-01-03,581.3052779828918,586.3173453703274,580.2516463862645,585.5098876953125,5867300
2025-01-06,589.9804600332315,593.3382459675289,587.3020564433701,589.1434326171875,4188000
2025-01-07,591.1029357586947,591.3786793918389,580.57653675542,582.5164184570312,3810700
2025-01-08,582.4376541098974,584.2888868471185,578.9813625622021,583.126953125,5303600
2025-01-10,579.6804810831724,579.6804810831724,572.4331355674253,574.4025268554688,5881200
2025-01-13,569.6563548464723,575.5645294180126,569.1541503917218,575.2395629882812,3658800
2025-01-14,578.1541678427586,578.7449611407105,572.2755040734231,576.0370483398438,4063200
2025-01-15,584.101826617476,587.6467674317897,576.0371658988167,586.5143432617188,5156300
2025-01-16,587.8928644951633,588.0602459250131,584.7319698667644,585.5197143554688,4562400
2025-01-17,590.5810164796483,593.0131856552766,589.3501470342379,591.0733642578125,4002700
2025-01-21,594.3721353987632,596.6862062700912,592.3928874977016,596.43017578125,7109800
2025-01-22,599.581194428883,601.3930007353664,599.0494203228734,599.9750366210938,3865300
2025-01-23,599.4532122465768,603.3230590820312,599.1381024147997,603.3230590820312,4935900
2025-01-24,603.3722910648227,604.3963529579527,600.4280605336495,601.540771484375,4319400
2025-01-27,588.5230414001584,593.3087080098994,588.3753731110086,593.151123046875,4649800
2025-01-28,594.293453363002,598.9805546364162,590.9651769282227,598.1928100585938,5644500
2025-01-29,597.3262163118752,597.7398317593572,592.9345121592446,595.6522216796875,5827800
2025-01-30,597.6314554819505,600.1719870379858,594.3918284926442,598.6358642578125,2901100
2025-01-31,601.0975751880097,603.5199479629899,594.7167670308556,595.406005859375,5415400
2025-02-03,586.4650755360731,593.9093725440842,584.2593668079297,591.4869995117188,4540200
2025-02-04,591.4771728413605,595.9181602413547,591.0045381188796,595.4356689453125,3340800
2025-02-05,594.3130311650012,597.9957831783794,592.2944171583212,597.8776245117188,2787600
2025-02-06,599.5812605281077,600.0736083984375,596.3415730766599,600.0736083984375,5303600
2025-02-07,600.5068657644094,601.737735417351,593.7616640056549,594.5592651367188,4828400
2025-02-10,597.6904956503005,599.0986030981012,596.4497696204913,598.44873046875,2091800
2025-02-11,596.2036779994968,599.4433653246115,596.1150890428846,598.9214477539062,3962700
2025-02-12,592.8950848116123,598.1632426123113,592.3042914606241,596.932373046875,4838800
2025-02-13,598.1139483821582,603.5297743671542,596.873282368661,603.29345703125,3370400
2025-02-14,603.5396620746577,604.5342143321043,602.6731250642719,603.3033447265625,2797300
2025-02-18,604.4652991268864,605.0758056640625,602.0035598314805,605.0758056640625,3723600
2025-02-19,603.7071558832047,606.7891983493564,603.175381702894,606.4248657226562,3210800
2025-02-20,605.1251038251595,605.233405932641,600.6348335398343,604.0714721679688,2625900
2025-02-21,603.7563377543694,603.835070137848,593.190511992589,593.6434936523438,3615100
2025-02-24,595.6521504160949,596.627049481906,590.2461815379995,590.8173217773438,5666900
2025-02-25,590.8567382073394,591.5756068786771,583.3730755355202,587.9420776367188,4592100
2025-02-26,589.6455911558745,593.2200411212248,585.6674424243869,588.1390380859375,4111800
2025-02-27,590.571263899521,591.6839748821891,578.4200921503118,578.7844848632812,8190500
2025-02-28,579.4047209518266,588.5131553996022,576.3423320103941,587.9026489257812,5788200
2025-03-03,589.9114566616114,591.0143109251261,573.7722813592329,577.8095092773438,6730100
2025-03-04,573.5458647676849,579.1585820369914,566.1310774829278,570.8379516601562,5683400
2025-03-05,570.5622219812076,578.6564518841012,567.0173415032308,577.0907592773438,6225900
2025-03-06,569.4002975137881,573.9594434848452,564.1026297560725,566.7317504882812,5006500
2025-03-07,564.8509912784544,571.2416566656723,559.7010520720074,569.6563110351562,6534100
2025-03-10,561.5620353905023,563.462490697554,549.7063219331498,554.81689453125,7935600
2025-03-11,553.3890994578396,556.8256776647077,546.1516104612068,550.0903930664062,13308900
2025-03-12,556.1758118157001,557.0915715705389,547.786185531165,552.8869018554688,11461400
2025-03-13,552.5423112872783,553.0543722913435,543.8277782511931,545.5805053710938,26587800
2025-03-14,550.1396858383978,557.8597271714884,545.5903961585434,556.904541015625,9822900
2025-03-17,556.7567224424906,563.6693049071475,556.4416727339307,560.8924560546875,11698400
2025-03-18,558.8528249344648,559.0009522164452,553.1040756576107,555.0499267578125,18534400
2025-03-19,556.7982535990869,564.8188301514652,555.6721969171966,561.0554809570312,16095700
2025-03-20,557.2921459597087,564.4829808539183,556.6797418443838,559.801025390625,7660900
2025-03-21,554.9807640851647,560.5517243255221,553.785617495064,559.6430053710938,7306300
2025-03-24,566.4683797568192,570.7256072156188,565.8856372712743,569.6588134765625,19735400
2025-03-25,570.9033811229309,571.9998364618634,569.332882328232,570.8836669921875,3640900
2025-03-26,570.8342967283185,571.7726774022723,562.8729822471767,564.4237670898438,3437900
2025-03-27,562.8631507526324,566.5079743918493,560.7097886813164,562.6458129882812,3680200
2025-03-28,561.1542361847128,561.9148278536632,550.8618320697102,551.2865600585938,7466000
2025-03-31,545.5773762844856,556.4130346527586,542.6733701645885,555.0203247070312,6451200
2025-04-01,553.1632850831119,558.5662829366202,549.4591990741903,556.8772583007812,4466700
2025-04-02,550.8025963152322,563.0606264935878,550.5655444295256,560.2554321289062,3745500
2025-04-03,540.9051798738697,543.7301482499128,532.8154538603964,533.45751953125,12111300
2025-04-04,519.6783687952,521.7822946548876,501.2073430385937,501.3949890136719,17517100
2025-04-07,485.3933402893503,519.125212829074,478.0740622886918,500.1800537109375,29219900
2025-04-08,517.8707074609348,520.9327880373385,485.47231421495735,492.69281005859375,12062500
2025-04-09,489.58146922306355,542.1103791573569,489.2752671408265,539.5619506835938,21339000
2025-04-10,528.1335713125239,529.3682667811853,505.66211378288796,520.6068725585938,10186400
2025-04-11,518.9375585376896,532.3315324841158,516.102702582895,530.4053955078125,11196100
2025-04-14,539.9273647525382,540.1447024966261,529.8720124644165,534.8898315429688,5791300
2025-04-15,535.5219619320359,539.0087708231011,532.7068804194935,533.5761108398438,4528700
2025-04-16,527.5902958176683,530.9684056013652,516.3397366975995,521.6736450195312,6763400
2025-04-17,523.5503037660322,527.1062624572185,519.9153679816928,522.1970825195312,4320700
2025-04-21,517.2386249801187,517.6435785477107,504.5755514838387,510.0576171875,4588600
2025-04-22,516.1422180944991,525.2493636382017,515.203897725627,522.8984985351562,6635100
2025-04-23,536.312251671992,541.132507862057,529.8029102869768,531.2647705078125,6854700
2025-04-24,532.5784319003271,543.1573235233426,531.3832250797549,542.4954833984375,6140000
2025-04-25,542.4857408143704,546.8417202258343,539.5916216546493,546.4169921875,3718000
2025-04-28,547.2269072650772,549.2616829425776,540.905242485031,546.6539916992188,5443400
2025-04-29,544.7772977840323,551.1878269569133,544.4315468830197,550.1309204101562,2676600
2025-04-30,543.3943911443986,552.2249350892107,537.4381915747055,551.1285400390625,8939200
2025-05-01,556.126638757363,559.7812892802597,553.6671349181664,554.239990234375,5403000
2025-05-02,560.4232903880797,564.068113567927,558.3391390519679,562.3692016601562,3569400
2025-05-05,558.3688066341366,562.3692683774381,557.4995761588982,559.238037109375,3189900
2025-05-06,553.7361794814665,559.0700878267608,552.5410328956094,554.6646728515625,4470500
2025-05-07,555.9191638156063,559.5244987047772,551.8496123676813,556.867431640625,4836900
2025-05-08,560.956705397082,566.0140735830355,557.5292196590318,560.3838500976562,5915500
2025-05-09,562.2211076087353,563.1397138913528,558.5565094011548,559.9492797851562,2782000
2025-05-12,577.1164467426491,578.6079685413945,572.7011443184491,578.538818359375,5095700
2025-05-13,579.0722173130481,584.6332909351778,578.5190761139952,582.717041015625,7068500
2025-05-14,583.437974533656,584.524542594829,581.1661471880874,583.0527954101562,6298100
2025-05-15,581.156304579391,586.5297014698363,580.7414637980162,585.9172973632812,3084100
2025-05-16,586.8359225740421,590.0362435671242,584.89007146311,589.7300415039062,3596500
2025-05-19,583.7442071090237,591.0832292869147,583.675056932506,590.4708251953125,4753500
2025-05-20,588.6829686850141,589.5719734524939,585.1863331561203,588.2780151367188,21340900
2025-05-21,584.0010779004745,588.1298923727578,577.4423610071444,578.499267578125,7124200
2025-05-22,578.2819937297297,582.2033576811918,577.0275238154867,578.5881958007812,6368600
2025-05-23,571.6244491036739,577.4027991315215,571.2293224830271,574.8741455078125,6303600
2025-05-27,581.6798720979118,586.8754803296613,579.9907869757382,586.6680297851562,4533600
2025-05-28,587.1618405161869,588.3471600997084,582.6082985730824,583.2108154296875,5337400
2025-05-29,588.6039503173629,588.752077576317,581.6698824232362,585.5221557617188,3830400
2025-05-30,584.4949495027004,586.7075141434796,578.8746133000674,584.8999633789062,5930100
2025-06-02,583.3194602817975,588.3471662838723,580.6821678894388,588.2977905273438,3679000
2025-06-03,587.9224990178603,592.6241687638424,587.4878837973905,591.596923828125,3773800
2025-06-04,592.5154633496195,593.4736182839491,591.0733777755197,591.4388427734375,3686300
2025-06-05,593.1773228167557,594.5107697134446,586.6580950306335,588.6829833984375,5139600
2025-06-06,594.1650559538325,596.3380715099482,592.4561966169638,594.6292724609375,3624600
2025-06-09,595.2516457851476,596.7628817315958,594.046551624157,595.1923828125,3883600
2025-06-10,595.7355807289131,598.9951644936009,594.6194112758377,598.6099853515625,6921000
2025-06-11,599.7064392891696,600.5558953299233,594.8565215706124,596.9110717773438,20207000
2025-06-12,595.5874104231663,599.232233723354,595.0935322539693,599.0841064453125,6968300
2025-06-13,594.0960689935441,597.3655407225034,591.0636491876229,592.4464721679688,7231400
2025-06-16,595.9608557962207,600.0134203858796,595.8717140104668,598.2299194335938,10221900
2025-06-17,595.7824909379725,597.3084240855833,592.3739970360826,593.2756958007812,11753100
2025-06-18,594.0088462844332,596.793105513528,592.2451212652685,593.1369018554688,4192000
2025-06-20,595.7230337425875,596.7931584505303,590.2437170478298,591.1948852539062,7447400
2025-06-23,592.3938805867342,597.8633401979174,589.2628508161704,597.4075317382812,6750400
2025-06-24,601.628488711945,605.116266874147,600.7565441713946,603.92724609375,7360000
2025-06-25,605.1955231206477,605.7503914511891,602.8769899265012,604.3731689453125,13558900
2025-06-26,606.2953609123681,609.5948164238014,605.6810446052245,609.129150390625,4955900
2025-06-27,610.1695322197845,613.6374742331261,608.1680149054438,611.804443359375,7933800
2025-06-30,614.6283290976845,616.4217481615201,612.3295716525504,615.2129516601562,6552400
2025-07-01,613.6275386403088,615.9857439801746,612.8150421346644,614.9849853515625,6039400
2025-07-02,614.5193611175016,617.9873032677402,613.9050447746912,617.7098388671875,4920900
2025-07-03,619.6717334712142,623.4864455787089,619.6717334712142,622.4163208007812,4229400
2025-07-07,620.6031083706481,621.2570365364617,615.1633428488901,618.1160888671875,7472300
2025-07-08,618.6016501194732,619.3447806168892,616.8181490208979,617.6207275390625,4685600
2025-07-09,620.0184992154389,621.9704261492782,618.1755502322371,621.2868041992188,3019800
2025-07-10,621.435340146818,624.1007035220736,620.2760736902511,623.0900268554688,2556800
2025-07-11,620.028384129451,622.069513216693,618.7997515397082,620.7021484375,2739200
2025-07-14,620.4346074613845,622.3865947836551,619.0276308200416,621.990234375,2590500
2025-07-15,624.7448193081356,625.0816712373415,619.2654418945312,619.2654418945312,3813800
2025-07-16,621.0192585287459,621.9704267914526,615.3615369823954,621.5047607421875,4667300
2025-07-17,621.692977243747,625.6365031543702,621.5047151262189,625.1510009765625,3575400
2025-07-18,626.5282826246313,626.5976487179161,623.704350867059,624.8933715820312,3970600
2025-07-21,626.0130306445582,628.7873720151035,625.5770583951792,625.9436645507812,3558100
2025-07-22,626.3301986085702,626.9841873164823,623.4864907277265,625.9536743164062,4955600
2025-07-23,628.7973138672772,631.492431640625,626.9642830199716,631.492431640625,5836500
2025-07-24,631.8095394397081,633.335412208391,631.2149987877752,631.7401733398438,3952800
2025-07-25,632.3049697440835,634.7721532269254,632.1167076060776,634.1974487304688,3306200
2025-07-28,634.6631745634114,635.2279005006857,632.7904712678837,634.0587158203125,9580900
2025-07-29,635.5548889582473,635.8620471301117,631.5816084125689,632.5526733398438,4958000
2025-07-30,633.2461789941726,634.8711720301454,628.7775388594102,631.6707763671875,4588300
2025-07-31,636.6844472132118,637.0510533945975,627.9947558587169,629.084716796875,7730500
2025-08-01,623.59540926698,623.59540926698,616.6099953140613,618.9285888671875,6864300
2025-08-04,622.9712136816033,628.460509509418,622.8325419544177,628.3613891601562,4654400
2025-08-05,629.0747827272819,629.8376888408824,624.3583719474582,625.3392944335938,3641700
2025-08-06,626.3103483305142,630.6799894472841,625.4087099518788,629.966552734375,3085800
2025-08-07,633.4939110988815,634.2172658579871,626.3896009562178,629.6197509765625,5354200
2025-08-08,631.3734868161034,634.8909584403922,631.0167382798917,634.3856201171875,2897600
2025-08-11,634.7324151106286,636.1691459648048,631.9085438093321,633.1272583007812,3625800
2025-08-12,635.4954705979397,640.0731496186442,634.0488214599067,639.825439453125,4491300
2025-08-13,642.0845642646301,643.3627269056501,639.9245389488357,642.1737060546875,3643600
2025-08-14,640.0731290176038,642.8474706869018,639.5975448674707,642.1935424804688,3210400
2025-08-15,643.2536817317994,643.3230478257691,639.8055155767235,640.746826171875,3112800
2025-08-18,640.0829788049737,641.242245285289,639.4191325868912,640.4495849609375,4463300
2025-08-19,640.3702864971926,641.3413513132542,635.7826901331892,637.0609130859375,2958400
2025-08-20,636.6546882014234,636.8627864958321,630.2142243939976,635.356689453125,3875800
2025-08-21,633.5533115815582,635.2179768775416,631.1356582887614,632.849853515625,2680000
2025-08-22,635.05944914033,643.7293042625396,634.5441926835692,642.5601196289062,4024500
2025-08-25,641.3017209946959,642.5204960161785,639.6371160988338,639.726318359375,3811700
2025-08-26,639.4290890881864,642.7483808541432,638.844466534138,642.3223266601562,3301600
2025-08-27,641.8268516835064,644.6210291494519,641.7178737428178,643.84814453125,3679700
2025-08-28,644.4823679519925,646.7117593216025,642.6295008517833,646.1668090820312,3385000
2025-08-29,644.7300622491623,645.0966684272827,640.4297875035988,642.3817749023438,3709100
2025-09-02,634.7721060398726,637.7446276972415,632.2058023995233,637.526611328125,5796400
2025-09-03,639.9046674641326,641.4702125060912,637.7446422675615,640.9549560546875,3886500
2025-09-04,641.6880996226971,646.3846737690465,640.7765433246296,646.236083984375,5855400
2025-09-05,648.7033820106798,649.4365944113879,640.6180884854184,644.5120849609375,3575400
2025-09-08,645.8695687334997,647.0783652471105,644.4922857736752,646.14697265625,5228300
2025-09-09,646.2262020996195,648.1186808917096,644.4922311819444,647.6331787109375,13556600
2025-09-10,650.8435307448078,651.7947594757554,647.9007632422389,649.486083984375,18437500
2025-09-11,651.4380940855233,655.5798006091112,650.8435534294177,654.8961181640625,8344100
2025-09-12,654.8465563769013,656.392265245814,654.1925677346061,654.6681518554688,6244800
2025-09-15,656.8678333335442,658.294646137415,656.6201231972897,658.0865478515625,7453400
2025-09-16,658.7276145854587,659.0257501895193,656.4815586043486,657.2169799804688,10650600
2025-09-17,657.276616658442,658.9561846871027,651.5720662706574,656.4915161132812,20473700
2025-09-18,659.1648870883056,662.1563123485049,657.5449462374888,659.6021728515625,11498000
2025-09-19,661.3711920539579,663.5973522014867,659.463063450121,662.7526245117188,6414900
2025-09-22,661.2817646231903,666.3800958375897,661.2718166598451,665.9428100585938,8709700
2025-09-23,665.8136601466337,666.4099314110458,661.073091290444,662.3849487304688,7513400
2025-09-24,663.58746367047,663.6967699532612,658.7773199861971,660.1587524414062,17964900
2025-09-25,657.0579887836969,658.4891003289529,653.510023480702,657.137451171875,5037900
2025-09-26,658.618318108055,661.4407494129126,657.0083251638569,660.7848510742188,4338500
2025-09-29,663.4483070312175,664.3029826746795,660.9637424920971,662.643310546875,5026800
2025-09-30,662.0072437420808,665.7241425663615,660.745065552649,665.1676025390625,4899400
2025-10-01,662.2556968703625,668.4671081520362,662.1563385531811,667.6919555664062,8195800
2025-10-02,669.5603388411405,669.649809859477,665.8832316333034,668.347900390625,5694900
2025-10-03,669.0832549612574,671.7566487219626,667.3043286612506,668.268310546875,5608400
2025-10-06,670.683352675805,671.5977161346101,668.556611450572,670.72314453125,4122400
2025-10-07,671.6473424447228,672.0746802489151,666.7775718845853,668.268310546875,4028200
2025-10-08,669.3913770583773,672.3132274309926,668.5466493644448,672.24365234375,5192000
2025-10-09,672.6212990292684,673.0089056548653,668.34786015917,670.3554077148438,2501800
2025-10-10,671.2597491542725,673.0188402213394,651.9795651344052,652.1484985351562,7643600
2025-10-13,659.7413186492092,663.7265089904527,658.8965303589385,662.1165161132812,6685000
2025-10-14,656.3324508463452,664.929068030259,652.3074686047836,661.3711547851562,6413000
2025-10-15,665.9428049614215,669.3118283024279,658.0816089630106,664.1539306640625,6901900
2025-10-16,665.9428058750059,667.7515761013844,656.3225794558454,659.8804321289062,5132300
2025-10-17,658.6183327320825,664.8098481962185,657.3164233308094,663.5675659179688,6734100
2025-10-20,666.4397365423677,671.3293426011151,666.3999446881759,670.4249877929688,7433200
2025-10-21,670.5740137489015,672.0945963460624,669.1131189320026,670.2659301757812,10108000
2025-10-22,671.1007835178114,671.1107314813806,662.4842699505838,667.01611328125,4929900
2025-10-23,667.244698684748,671.8262209292442,666.9366151221927,670.8025512695312,5702400
2025-10-24,675.5530940909302,677.5904248689939,674.7679935383213,676.318359375,7901100
2025-10-27,681.8539369869418,684.6564722287112,681.217873947567,684.348388671875,8293100
2025-10-28,686.1671691462292,687.9858874223006,683.9509569281541,686.0777587890625,5521400
2025-10-29,687.8169190158196,688.7908488812359,681.9831058116335,686.4454345703125,6523100
2025-10-30,683.0067958931718,685.0640226228771,678.981813447363,679.0115966796875,6398200
2025-10-31,684.1497391956563,684.1894703926504,678.365665471414,680.999267578125,8120200
2025-11-03,684.7757742183724,684.9049157580735,679.0612762511739,682.4501953125,5675400
2025-11-04,675.2251156712208,679.0513814393859,673.6946457589429,674.618896484375,8949900
2025-11-05,674.1021137436863,679.9856064477902,673.3070651956042,676.7059326171875,8342700
2025-11-06,675.5928187843349,676.5071821943735,667.8608856022076,669.361572265625,7916200
2025-11-07,667.0559468667522,670.4150832143589,660.357570099922,670.1765747070312,10021600
2025-11-10,676.3978204243871,681.3172703039254,674.1915562473908,680.591796875,8998000
2025-11-11,679.0811347771075,682.6787792026655,677.878644419794,681.9234619140625,12258800
2025-11-12,683.9110865548057,684.0800806026132,680.074933801239,682.4005126953125,8053600
2025-11-13,679.6377115528792,679.9656910582153,669.679618071742,671.2796630859375,9741000
2025-11-14,664.571328907026,674.7878266550435,662.4147438913499,671.1405029296875,6930200
2025-11-17,668.8348001796304,672.8299992151545,661.3314276924552,664.8594970703125,6151300
2025-11-18,661.2320439353417,664.2632003079024,655.0206330660335,659.3536987304688,9412100
2025-11-19,659.910293351309,666.4894154360941,657.9126937450308,661.8383178710938,6254300
2025-11-20,672.0846102483606,674.7083247818579,651.055223445752,651.7211303710938,8500900
2025-11-21,654.1361527613454,663.6768561644514,650.00180347057,658.1909790039062,6113500
2025-11-24,661.8283742817929,669.2025449407472,660.764973366904,667.9105834960938,4876100
2025-11-25,667.8012963774529,675.354348623194,663.6669468459377,674.1915893554688,5414400
2025-11-26,676.7556414417645,680.8501989022627,675.9108531132356,678.8426513671875,3883300
2025-11-28,679.9954884130444,682.887555581563,679.6874048283952,682.6390991210938,3784100
2025-12-01,677.9879569959321,682.1620373897316,677.9183819125658,679.4389038085938,8243600
2025-12-02,681.068814619601,682.9868911515327,678.51467501206,680.6017456054688,9107200
2025-12-03,679.7769025906415,684.0702376754754,678.8427038361872,683.0167846679688,6578700
2025-12-04,684.4379287846655,684.5075038733385,680.5918275881552,683.6030883789062,6652600
2025-12-05,684.6366730835114,687.5386274485928,683.7720494861812,684.8552856445312,16119000
2025-12-08,685.7795135172665,685.7994094433559,680.7607055029388,682.8179321289062,6333500
2025-12-09,682.370720621747,684.5571495218742,681.7843973661323,682.2713623046875,6793000
2025-12-10,681.7346638632613,688.1150692570408,680.5122775238677,686.6541137695312,17850700
2025-12-11,684.3186436162363,688.4330970176841,681.3669494253494,688.3138427734375,27041100
2025-12-12,687.3696593689549,688.055401565861,678.3656004599288,680.9395751953125,14659500
2025-12-15,684.9348246906079,684.9348246906079,678.4451129190564,679.9259643554688,9028400
2025-12-16,678.3840195049081,680.2490495693003,674.1552869338135,678.0349731445312,40598500
2025-12-17,679.0922046308401,679.540961162385,670.3753585853137,670.6246948242188,32809900
2025-12-18,676.7683382261283,679.9398877133302,674.085478001767,675.701171875,37055700
2025-12-19,677.77570098221,682.3136083489479,677.6260748898462,681.67529296875,10176200
2025-12-22,685.1061493882993,686.5523117197118,683.869451407705,686.0037841796875,14978200
2025-12-23,685.0961413082774,689.3747898858438,685.0363030492325,689.1353759765625,8736400
2025-12-24,689.1353926865621,692.0177341255023,688.9858274718741,691.5490112304688,2348200
2025-12-26,691.8382059156639,692.8555171974508,690.5217033372049,691.4293212890625,2763600
2025-12-29,688.7265151458005,690.3521922579689,687.2703696279326,689.0755615234375,5395400
2025-12-30,688.626801020781,689.7238560925301,687.7591158031186,688.0881958007812,4574500
2025-12-31,688.3374931259044,688.5569406517126,682.9418841536292,683.1213989257812,3845900
2026-01-02,686.9113203613298,688.0682745404566,681.0668938256061,684.3681030273438,7056700
2026-01-05,687.759106383098,690.6314037336406,687.5895139189969,688.9558715820312,11227900
2026-01-06,689.145391118584,693.5037836615596,688.9958259005878,693.0450439453125,7654100
2026-01-07,693.4040544410714,695.1693744258374,690.5217130176687,690.791015625,7529600
2026-01-08,690.0031057375093,691.7883311510818,688.6666368196185,690.711181640625,6080000
2026-01-09,691.8282068770081,696.5157399944843,690.4219773783157,695.2291870117188,5758700
2026-01-12,691.8780634678467,697.3136052583692,691.8681411524149,696.3760986328125,6746300
2026-01-13,696.7351791850623,697.3036121923631,692.5961736272969,695.0197143554688,6958700
2026-01-14,692.2272197937932,692.9054070580014,687.3501883573122,691.6487426757812,11674800
2026-01-15,695.8176131654577,696.6753760600601,692.4266769619359,693.473876953125,7668800
2026-01-16,694.9000905124358,695.4885508142227,691.3295785644365,692.8156127929688,7668600
2026-01-20,682.6925603232787,685.9638199081292,677.7756573208574,678.7929077148438,8597100
2026-01-21,680.8474255593874,689.9531891376652,679.3613914353857,686.492431640625,8142200
2026-01-22,691.0702316961324,692.3468623942804,688.1480184277461,690.122802734375,6493600
2026-01-23,689.3548385814846,692.1972472579205,688.3873823538196,690.4020385742188,7894000
2026-01-26,691.718527732523,695.368783289342,691.1600170223784,694.0423583984375,7028000
2026-01-27,695.4286862919422,697.7724224752294,694.8102764460637,696.7950439453125,8645900
2026-01-28,698.2511392248161,699.1088412487968,695.1693775025982,696.8449096679688,10289100
2026-01-29,697.6128216827002,698.2910697963483,686.0636113425455,695.2391967773438,7416100
2026-01-30,693.0150999120494,695.4785736016803,688.3674992120165,693.1846923828125,11124800
2026-02-02,690.8109873834509,698.2012865013766,690.6913108621721,696.685302734375,8246400
2026-02-03,697.4433132239159,698.2212715060849,685.2756926267836,690.731201171875,7309600
2026-02-04,691.6287332120355,692.6759940473829,682.9717868520462,687.4598388671875,15289200
2026-02-05,682.1141152507539,684.8867633938629,677.0077140447111,678.7131958007812,8108900
2026-02-06,682.6726150094435,693.5536821828865,682.0941379109862,691.93798828125,7928100
2026-02-09,690.6513736233932,697.1241324118002,689.5643017499837,695.2391967773438,5078600
2026-02-10,696.1965849322529,697.8022955878646,692.9153421742942,693.3043212890625,5057100
2026-02-11,697.6527701999091,698.4107620956147,690.4419857477972,693.20458984375,7277900
2026-02-12,695.5084340889688,696.6055500173966,681.6254099411074,682.5130615234375,7400000
2026-02-13,682.9119449655528,687.5196734734386,678.7330674542859,682.94189453125,5509500
2026-02-17,681.35608829617,686.1732811369924,676.9976960169357,684.01904296875,7334700
2026-02-18,685.2657659103278,690.3820894813882,684.0888453054083,687.5197143554688,7366800
2026-02-19,685.1061173097975,687.4299479456826,682.8022530510851,685.8541259765625,4774300
2026-02-20,683.5004475264558,691.2398540678222,683.0815796924842,690.661376953125,6459200
2026-02-23,689.1055250851299,691.2597634020208,681.6154547394426,683.6699829101562,5701900
2026-02-24,683.1413837290136,689.6041591932078,681.2364208835564,688.6766357421875,4646200
2026-02-25,691.4193157596691,694.9798442577759,691.3993493828353,694.4013671875,7411800
2026-02-26,694.5808790515019,694.5808790515019,685.6347248054667,690.571533203125,6298700
2026-02-27,684.3082507062957,688.0981490940741,682.9019603297323,687.5496215820312,7614200
2026-03-02,679.9498611705056,689.9033436819597,679.2517075736818,687.6194458007812,6344500
2026-03-03,676.2796702380948,683.8494842020997,670.8640945484693,681.5556030273438,8231300
2026-03-04,682.8920470926033,688.3574776548006,680.8574245416935,686.4525756835938,7473600
2026-03-05,683.2809546565607,686.7916281223789,676.8381456743475,682.6427001953125,7001400
2026-03-06,674.6339840518043,677.3368105675962,670.963762229849,673.6067504882812,5369100
2026-03-09,667.5827984273175,681.1766149107855,663.5834354542668,679.5409545898438,8305500
2026-03-10,679.0422512824828,684.6174360614796,676.0303110761218,678.314208984375,13577200
2026-03-11,678.8128964161492,681.3262251007386,674.5841636836107,677.586181640625,8208100
2026-03-12,672.3700171781173,672.8487841282258,667.0641958296927,667.1738891601562,28564600
2026-03-13,670.4551240536396,673.4571419343538,662.5461863224407,663.433837890625,24744000
2026-03-16,669.5575435449654,673.2576541187314,668.3607175053692,670.1259765625,8237300
2026-03-17,673.6099853515625,675.6699829101562,671.3300170898438,671.989990234375,23215600
2026-03-18,669.5800170898438,670.9000244140625,662.4500122070312,662.8499755859375,17019900
2026-03-19,658.0700073242188,664.0999755859375,656.3699951171875,660.9299926757812,10220600
2026-03-20,659.489990234375,659.6500244140625,647.7000122070312,651.2999877929688,12760200
2026-03-23,660.969970703125,665.6099853515625,656.9400024414062,658.3400268554688,18623400
2026-03-24,654.25,660.0,652.8400268554688,656.22998046875,14784000
2026-03-25,661.6300048828125,663.8699951171875,657.2000122070312,659.739990234375,19644600
2026-03-26,654.97998046875,657.7999877929688,647.6900024414062,648.010009765625,5846600
2026-03-27,645.469970703125,645.5700073242188,636.0,636.989990234375,7237100
2026-03-30,642.97998046875,643.280029296875,632.1400146484375,634.9299926757812,11817900
2026-03-31,641.8599853515625,654.5,640.8900146484375,653.2100219726562,10621700
2026-04-01,656.8300170898438,661.52001953125,655.989990234375,658.0599975585938,13123000
2026-04-02,649.3499755859375,660.9500122070312,648.0800170898438,658.9600219726562,10369300
2026-04-06,658.8499755859375,662.6799926757812,658.5700073242188,661.8599853515625,3242000
2026-04-07,659.6099853515625,662.5499877929688,654.0599975585938,662.3800048828125,4140400
2026-04-08,679.469970703125,680.1900024414062,674.5499877929688,678.989990234375,7110300
2026-04-09,677.9299926757812,684.260009765625,676.9000244140625,683.010009765625,4793800
2026-04-10,684.4199829101562,685.1699829101562,681.5599975585938,682.6199951171875,3043800
2026-04-13,680.52001953125,689.8300170898438,679.72998046875,689.5399780273438,10447600
2026-04-14,690.8599853515625,697.77001953125,690.8499755859375,697.6900024414062,3816900
2026-04-15,698.469970703125,703.6099853515625,697.489990234375,703.1900024414062,4337000
2026-04-16,704.3200073242188,706.0,701.77001953125,704.739990234375,4760100
2026-04-17,709.3900146484375,715.6599731445312,709.0399780273438,713.3599853515625,4914700
2026-04-20,712.0599975585938,713.1699829101562,709.3900146484375,712.0900268554688,5023100
2026-04-21,713.52001953125,714.5499877929688,705.9000244140625,707.22998046875,4309200
2026-04-22,712.3699951171875,714.8900146484375,711.5,714.5599975585938,4128400
2026-04-23,712.739990234375,715.6400146484375,705.5700073242188,711.739990234375,5708100
2026-04-24,714.0599975585938,717.77001953125,712.3200073242188,717.280029296875,4460400
2026-04-27,716.5,718.9500122070312,715.6099853515625,718.5,2977400
2026-04-28,715.0800170898438,716.1699829101562,712.5599975585938,714.9600219726562,3505700
2026-04-29,714.25,715.47998046875,711.6599731445312,714.8900146484375,4270200
2026-04-30,717.9500122070312,723.1500244140625,713.760009765625,722.0700073242188,7612600
2026-05-01,724.5499877929688,728.25,723.7999877929688,724.010009765625,4448700
2026-05-04,723.4099731445312,725.4500122070312,718.3400268554688,721.3900146484375,3569600
2026-05-05,725.1300048828125,728.3900146484375,724.8699951171875,726.97998046875,8410300
2026-05-06,731.5800170898438,738.0399780273438,731.1900024414062,737.4099731445312,11582300
2026-05-07,738.5399780273438,739.5399780273438,733.1500244140625,734.9600219726562,4094700
2026-05-08,738.3900146484375,741.5,738.02001953125,740.969970703125,3490100
2026-05-11,739.9199829101562,744.219970703125,739.9099731445312,742.75,5321900
2026-05-12,740.2999877929688,742.2899780273438,735.219970703125,741.6099853515625,4541000
2026-05-13,741.8900146484375,747.3800048828125,738.9299926757812,745.739990234375,4149500
2026-05-14,747.1500244140625,753.02001953125,747.0700073242188,751.5599975585938,5099500
2026-05-15,745.27001953125,746.9500122070312,741.4000244140625,742.4500122070312,4880800
2026-05-18,743.3200073242188,744.8800048828125,736.7999877929688,741.9099731445312,4998800
2026-05-19,738.22998046875,741.0599975585938,734.969970703125,737.1900024414062,4362400
2026-05-20,739.0700073242188,745.280029296875,737.3200073242188,744.7899780273438,3864200
2026-05-21,742.0800170898438,748.2999877929688,740.6199951171875,746.1799926757812,5419600
2026-05-22,749.5900268554688,752.5,747.9500122070312,749.1400146484375,2497800
2026-05-26,753.5900268554688,755.6799926757812,751.8800048828125,754.030029296875,3354600
2026-05-27,754.4099731445312,754.8800048828125,751.780029296875,754.1699829101562,5323800
2026-05-28,753.77001953125,758.719970703125,752.77001953125,758.1699829101562,22775800
2026-05-29,759.469970703125,761.6500244140625,758.2899780273438,760.0499877929688,10822600
2026-06-01,758.989990234375,763.9299926757812,758.3499755859375,762.02001953125,5879600
2026-06-02,760.5900268554688,764.0,760.3599853515625,763.0599975585938,3527800
2026-06-03,761.739990234375,762.3599853515625,757.1300048828125,757.25,10080600
2026-06-04,755.6699829101562,761.9099731445312,755.0,760.8300170898438,4659800
2026-06-05,755.9000244140625,756.3800048828125,738.97998046875,740.9099731445312,9658800
