Date,Open,High,Low,Close,Volume,VIX,VVIX,VIX_VVIX_Ratio
2011-06-09,2678.52001953125,2696.68994140625,2670.02001953125,2684.8701171875,1704960000,17.770000457763672,85.6500015258789,0.20747227251822659
2011-06-10,2675.10009765625,2676.719970703125,2641.639892578125,2643.72998046875,1972000000,18.860000610351562,93.33999633789062,0.20205701039539783
2011-06-13,2649.300048828125,2657.77001953125,2629.610107421875,2639.68994140625,1847050000,19.610000610351562,98.3499984741211,0.19938994320891176
2011-06-14,2662.72998046875,2685.64990234375,2662.72998046875,2678.719970703125,1701300000,18.260000228881836,91.73999786376953,0.1990407745157925
2011-06-15,2653.169921875,2669.75,2625.860107421875,2631.4599609375,1982430000,21.31999969482422,105.06999969482422,0.20291234183637719
2011-06-16,2631.97998046875,2642.64990234375,2599.860107421875,2623.699951171875,1958250000,22.729999542236328,100.38999938964844,0.22641697061888913
2011-06-17,2646.2900390625,2648.5400390625,2608.989990234375,2616.47998046875,2393690000,21.850000381469727,95.30999755859375,0.22925192467911876
2011-06-20,2608.050048828125,2636.550048828125,2607.739990234375,2629.659912109375,1625850000,19.989999771118164,90.25,0.22149584233925942
2011-06-21,2640.330078125,2688.5,2634.0400390625,2687.260009765625,1882490000,18.860000610351562,90.55000305175781,0.20828271645193988
2011-06-22,2677.179931640625,2693.22998046875,2668.35009765625,2669.18994140625,1617370000,18.520000457763672,91.70999908447266,0.20194090767251222
2011-06-23,2638.60009765625,2688.070068359375,2627.469970703125,2686.75,2060450000,19.290000915527344,93.08999633789062,0.2072188384830314
2011-06-24,2681.10009765625,2682.409912109375,2647.4599609375,2652.889892578125,2842870000,21.100000381469727,99.13999938964844,0.21283034609008533
2011-06-27,2653.070068359375,2697.340087890625,2647.550048828125,2688.280029296875,1710740000,20.559999465942383,94.29000091552734,0.21805068688419788
2011-06-28,2694.260009765625,2729.93994140625,2692.449951171875,2729.31005859375,1682590000,19.170000076293945,90.33000183105469,0.21222184974763791
2011-06-29,2736.760009765625,2746.6201171875,2722.260009765625,2740.489990234375,1804490000,17.270000457763672,85.9000015258789,0.2010477316762419
2011-06-30,2749.3701171875,2776.56005859375,2749.110107421875,2773.52001953125,1859130000,16.520000457763672,81.08000183105469,0.20374938436960294
2011-07-01,2775.080078125,2818.18994140625,2769.06005859375,2816.030029296875,1646380000,15.869999885559082,78.63999938964844,0.20180569695741996
2011-07-05,2817.8701171875,2828.530029296875,2810.0,2825.77001953125,1556620000,16.059999465942383,81.33999633789062,0.19744283487828423
2011-07-06,2821.419921875,2838.85009765625,2812.800048828125,2834.02001953125,1639490000,16.34000015258789,82.69000244140625,0.19760551058353565
2011-07-07,2856.25,2878.93994140625,2853.89990234375,2872.659912109375,1873710000,15.949999809265137,80.69999694824219,0.1976456061020032
2011-07-08,2841.2900390625,2860.02001953125,2831.159912109375,2859.81005859375,1612120000,15.949999809265137,80.81999969482422,0.19735213894447204
2011-07-11,2828.10009765625,2841.1201171875,2795.5400390625,2802.6201171875,1765920000,18.389999389648438,90.87000274658203,0.20237700928583008
2011-07-12,2798.75,2807.570068359375,2780.159912109375,2781.909912109375,2015410000,19.8700008392334,88.38999938964844,0.2247991964751662
2011-07-13,2800.8798828125,2825.860107421875,2789.570068359375,2796.919921875,1885510000,19.90999984741211,88.91999816894531,0.22390913469862775
2011-07-14,2804.820068359375,2817.3798828125,2755.89990234375,2762.669921875,1946500000,20.799999237060547,95.72000122070312,0.21730044893231518
2011-07-15,2787.330078125,2790.159912109375,2768.280029296875,2789.800048828125,1804380000,19.530000686645508,89.33000183105469,0.21862756393514476
2011-07-18,2777.610107421875,2783.760009765625,2743.7900390625,2765.110107421875,1752220000,20.950000762939453,97.80999755859375,0.21419079118562712
2011-07-19,2790.97998046875,2828.64990234375,2790.97998046875,2826.52001953125,1882760000,19.209999084472656,91.01000213623047,0.21107569095227266
2011-07-20,2839.389892578125,2839.64990234375,2808.179931640625,2814.22998046875,1863670000,19.09000015258789,86.05999755859375,0.22182199272769568
2011-07-21,2818.7900390625,2847.409912109375,2807.7099609375,2834.429931640625,2284150000,17.559999465942383,81.68000030517578,0.21498530117940837
2011-07-22,2834.4599609375,2862.719970703125,2830.580078125,2858.830078125,1665220000,17.520000457763672,82.44999694824219,0.21249243306536222
2011-07-25,2832.110107421875,2859.39990234375,2828.909912109375,2842.800048828125,1613240000,19.350000381469727,90.19999694824219,0.21452329308362375
2011-07-26,2842.739990234375,2851.719970703125,2832.27001953125,2839.9599609375,1739980000,20.229999542236328,93.3499984741211,0.21671130019187498
2011-07-27,2823.6201171875,2823.860107421875,2761.0,2764.7900390625,2367470000,22.979999542236328,102.01000213623047,0.22527202294876353
2011-07-28,2765.610107421875,2800.110107421875,2757.85009765625,2766.25,2067020000,23.739999771118164,105.62000274658203,0.22476802834476745
2011-07-29,2736.669921875,2780.580078125,2724.989990234375,2756.3798828125,2301210000,25.25,106.56999969482422,0.23693347163654271
2011-08-01,2791.449951171875,2796.239990234375,2716.300048828125,2744.610107421875,2209790000,23.65999984741211,95.88999938964844,0.24674105744093128
2011-08-02,2728.2900390625,2745.8701171875,2668.679931640625,2669.239990234375,2377250000,24.790000915527344,102.01000213623047,0.24301539453377566
2011-08-03,2673.969970703125,2695.3701171875,2621.669921875,2693.070068359375,2601310000,23.3799991607666,98.58000183105469,0.23716776959321814
2011-08-04,2648.3798828125,2653.7900390625,2556.3798828125,2556.389892578125,3272990000,31.65999984741211,121.76000213623047,0.26001970509157435
2011-08-05,2580.300048828125,2592.0400390625,2464.8701171875,2532.409912109375,3750150000,32.0,118.61000061035156,0.2697917531011903
2011-08-08,2447.300048828125,2489.389892578125,2357.68994140625,2357.68994140625,3987990000,48.0,134.6300048828125,0.35653270637389617
2011-08-09,2402.1298828125,2483.659912109375,2331.64990234375,2482.52001953125,3803050000,35.060001373291016,112.80000305175781,0.3108156066024562
2011-08-10,2425.550048828125,2461.280029296875,2378.080078125,2381.050048828125,3397010000,42.9900016784668,132.86000061035156,0.32357369773425476
2011-08-11,2415.5400390625,2516.389892578125,2399.56005859375,2492.679931640625,3134140000,39.0,128.75999450683594,0.30288910891441106
2011-08-12,2507.010009765625,2524.090087890625,2481.5,2507.97998046875,2232470000,36.36000061035156,120.19000244140625,0.3025210073365079
2011-08-15,2522.0400390625,2555.199951171875,2514.52001953125,2555.199951171875,1945850000,31.8700008392334,109.0,0.29238532880030643
2011-08-16,2526.47998046875,2546.739990234375,2494.550048828125,2523.449951171875,2074370000,32.849998474121094,104.66000366210938,0.3138734695650881
2011-08-17,2527.7900390625,2549.110107421875,2488.090087890625,2511.47998046875,1913320000,31.579999923706055,104.62000274658203,0.3018543213022214
2011-08-18,2436.3798828125,2437.010009765625,2362.969970703125,2380.429931640625,2775580000,42.66999816894531,106.66000366210938,0.4000562226129352
2011-08-19,2353.320068359375,2415.179931640625,2338.659912109375,2341.840087890625,2385300000,43.04999923706055,111.58000183105469,0.38582181870048127
2011-08-22,2396.8798828125,2397.340087890625,2337.280029296875,2345.3798828125,1957230000,42.439998626708984,111.25,0.38148313372322684
2011-08-23,2360.949951171875,2446.06005859375,2349.080078125,2446.06005859375,2147270000,36.27000045776367,103.43000030517578,0.3506719554360155
2011-08-24,2437.47998046875,2470.800048828125,2420.47998046875,2467.68994140625,1888640000,35.900001525878906,104.54000091552734,0.3434092329393377
2011-08-25,2470.9599609375,2482.89990234375,2415.239990234375,2419.6298828125,1789230000,39.7599983215332,112.4000015258789,0.3537366350691631
2011-08-26,2408.7900390625,2486.0400390625,2385.27001953125,2479.85009765625,1852130000,35.59000015258789,104.72000122070312,0.33985866823645294
2011-08-29,2510.989990234375,2562.580078125,2510.1298828125,2562.110107421875,1615510000,32.279998779296875,96.51000213623047,0.3344730915426926
2011-08-30,2547.070068359375,2589.530029296875,2534.679931640625,2576.110107421875,1871800000,32.88999938964844,96.16000366210938,0.34203409044386635
2011-08-31,2589.75,2611.580078125,2557.739990234375,2579.4599609375,1995490000,31.6200008392334,94.16000366210938,0.3358113807291354
2011-09-01,2583.340087890625,2604.5,2543.56005859375,2546.0400390625,1742440000,31.81999969482422,92.30999755859375,0.3447080547762606
2011-09-02,2497.280029296875,2512.780029296875,2469.35009765625,2480.330078125,1571530000,33.91999816894531,91.0,0.37274723262577264
2011-09-06,2417.610107421875,2477.77001953125,2414.31005859375,2473.830078125,1737170000,37.0,97.01000213623047,0.3814039705724484
2011-09-07,2511.5,2548.93994140625,2507.52001953125,2548.93994140625,1791480000,33.380001068115234,93.30000305175781,0.3577706321145328
2011-09-08,2533.81005859375,2568.449951171875,2520.800048828125,2529.139892578125,1979990000,34.31999969482422,93.44999694824219,0.36725522542106176
2011-09-09,2508.1201171875,2518.39990234375,2452.929931640625,2467.989990234375,2054190000,38.52000045776367,99.06999969482422,0.38881599451318155
2011-09-12,2442.860107421875,2495.360107421875,2438.39990234375,2495.090087890625,1980350000,38.59000015258789,97.06999969482422,0.3975481639426183
2011-09-13,2502.590087890625,2537.39990234375,2494.070068359375,2532.14990234375,1931390000,36.90999984741211,96.13999938964844,0.3839192852271463
2011-09-14,2548.449951171875,2600.780029296875,2519.800048828125,2572.550048828125,2323770000,34.599998474121094,100.22000122070312,0.3452404515334763
2011-09-15,2595.449951171875,2608.949951171875,2569.780029296875,2607.070068359375,1967730000,31.969999313354492,96.69000244140625,0.3306443117811294
2011-09-16,2607.1201171875,2627.280029296875,2600.9599609375,2622.31005859375,2703730000,30.979999542236328,93.66999816894531,0.3307355625902768
2011-09-19,2584.35009765625,2627.340087890625,2564.4599609375,2612.830078125,1891770000,32.72999954223633,95.94999694824219,0.3411151702265473
2011-09-20,2623.889892578125,2643.3701171875,2589.52001953125,2590.239990234375,1914990000,32.86000061035156,92.9000015258789,0.35371367137381415
2011-09-21,2601.06005859375,2613.2900390625,2537.4599609375,2538.18994140625,2172030000,37.31999969482422,98.58000183105469,0.378575765891979
2011-09-22,2466.06005859375,2494.31005859375,2420.22998046875,2455.669921875,2919330000,41.349998474121094,103.91000366210938,0.3979404967454477
2011-09-23,2438.6298828125,2490.719970703125,2438.280029296875,2483.22998046875,1975200000,41.25,104.7699966430664,0.39371958882972713
2011-09-26,2496.97998046875,2518.909912109375,2446.1201171875,2516.68994140625,1982710000,39.02000045776367,102.88999938964844,0.3792399717099172
2011-09-27,2560.780029296875,2590.93994140625,2532.64990234375,2546.830078125,2095620000,37.709999084472656,100.30999755859375,0.3759346027542792
2011-09-28,2557.860107421875,2569.7900390625,2491.070068359375,2491.580078125,1929310000,41.08000183105469,104.30000305175781,0.39386386029796333
2011-09-29,2535.52001953125,2538.969970703125,2433.580078125,2480.760009765625,2290370000,38.84000015258789,101.05000305175781,0.38436416605246454
2011-09-30,2444.77001953125,2468.97998046875,2415.070068359375,2415.39990234375,2041370000,42.959999084472656,101.08000183105469,0.4250098763974706
2011-10-03,2401.18994140625,2430.8798828125,2335.22998046875,2335.830078125,2547690000,45.45000076293945,103.88999938964844,0.4374819619786048
2011-10-04,2312.679931640625,2406.669921875,2298.889892578125,2404.820068359375,3040940000,40.81999969482422,99.30999755859375,0.4110361564628986
2011-10-05,2398.3701171875,2466.5,2380.9599609375,2460.510009765625,2472400000,37.810001373291016,94.66000366210938,0.3994295363462536
2011-10-06,2459.050048828125,2507.43994140625,2446.719970703125,2506.820068359375,2249140000,36.27000045776367,93.5199966430664,0.3878314987135186
2011-10-07,2509.610107421875,2512.139892578125,2468.60009765625,2479.35009765625,2084900000,36.20000076293945,92.56999969482422,0.391055427052826
2011-10-10,2522.719970703125,2566.050048828125,2519.780029296875,2566.050048828125,1574750000,33.02000045776367,89.38999938964844,0.3693925571453518
2011-10-11,2554.699951171875,2587.280029296875,2551.93994140625,2583.030029296875,1661400000,32.86000061035156,90.9800033569336,0.361178274322929
2011-10-12,2606.610107421875,2629.489990234375,2602.31005859375,2604.72998046875,1967190000,31.260000228881836,91.33999633789062,0.34223780908905327
2011-10-13,2595.050048828125,2625.219970703125,2588.7099609375,2620.239990234375,1675220000,30.700000762939453,95.0999984741211,0.3228180994271376
2011-10-14,2655.22998046875,2667.85009765625,2636.0,2667.85009765625,1664350000,28.239999771118164,94.69000244140625,0.2982363400887327
2011-10-17,2653.320068359375,2658.25,2606.909912109375,2614.919921875,1675210000,33.38999938964844,103.55000305175781,0.3224529058966708
2011-10-18,2614.050048828125,2667.570068359375,2586.31005859375,2657.429931640625,1931690000,31.559999465942383,100.20999908447266,0.31493862642727577
2011-10-19,2642.889892578125,2651.8798828125,2597.77001953125,2604.0400390625,1980180000,34.439998626708984,103.29000091552734,0.33343013187573417
2011-10-20,2605.419921875,2606.389892578125,2557.169921875,2598.6201171875,2040180000,34.779998779296875,102.97000122070312,0.33776826616472855
2011-10-21,2630.300048828125,2646.919921875,2611.110107421875,2637.4599609375,2019950000,31.31999969482422,98.05000305175781,0.3194288497705735
2011-10-24,2644.830078125,2703.070068359375,2643.93994140625,2699.43994140625,1884450000,29.260000228881836,97.12999725341797,0.3012457639892725
2011-10-25,2685.860107421875,2685.8798828125,2633.93994140625,2638.419921875,1777770000,32.220001220703125,97.75,0.32961638077445654
2011-10-26,2660.419921875,2666.2900390625,2598.739990234375,2650.669921875,2118650000,29.860000610351562,97.73999786376953,0.3055044123488786
2011-10-27,2720.590087890625,2753.3701171875,2694.27001953125,2738.6298828125,2810680000,25.459999084472656,94.44000244140625,0.2695891404732745
2011-10-28,2724.030029296875,2742.27001953125,2723.030029296875,2737.14990234375,1838530000,24.530000686645508,94.19000244140625,0.2604310441748331
2011-10-31,2705.889892578125,2716.699951171875,2684.1298828125,2684.409912109375,1772560000,29.959999084472656,104.83999633789062,0.28576879178738296
2011-11-01,2607.31005859375,2638.60009765625,2597.159912109375,2606.9599609375,2294220000,34.77000045776367,113.1500015258789,0.3072912062649094
2011-11-02,2637.56005859375,2648.4599609375,2613.739990234375,2639.97998046875,1921790000,32.7400016784668,107.4000015258789,0.30484172451876385
2011-11-03,2666.2099609375,2699.840087890625,2628.219970703125,2697.969970703125,2106240000,30.5,104.27999877929688,0.2924817832473478
2011-11-04,2678.159912109375,2693.669921875,2655.1201171875,2686.14990234375,1930750000,30.15999984741211,103.33999633789062,0.2918521474376485
2011-11-07,2683.3798828125,2697.02001953125,2649.06005859375,2695.25,1712700000,29.850000381469727,103.3499984741211,0.2888243911193108
2011-11-08,2712.080078125,2730.389892578125,2680.929931640625,2727.489990234375,1850270000,27.479999542236328,98.05000305175781,0.2802651574394181
2011-11-09,2662.56005859375,2672.340087890625,2617.929931640625,2621.64990234375,2144160000,36.15999984741211,122.7300033569336,0.2946304803907533
2011-11-10,2652.010009765625,2652.39990234375,2601.7900390625,2625.14990234375,1892390000,32.810001373291016,113.54000091552734,0.2889730589107652
2011-11-11,2653.530029296875,2684.669921875,2649.85009765625,2678.75,1602640000,30.040000915527344,112.0999984741211,0.26797503411618906
2011-11-14,2671.110107421875,2682.1298828125,2647.47998046875,2657.219970703125,1401710000,31.1299991607666,112.3499984741211,0.2770805481402578
2011-11-15,2647.909912109375,2695.8701171875,2644.0,2686.199951171875,1706960000,31.219999313354492,107.55000305175781,0.2902835744070602
2011-11-16,2661.090087890625,2688.860107421875,2637.909912109375,2639.610107421875,1950030000,33.5099983215332,111.18000030517578,0.3014031141352066
2011-11-17,2637.3701171875,2637.47998046875,2576.219970703125,2587.989990234375,2197320000,34.5099983215332,111.86000061035156,0.30851062160945164
2011-11-18,2595.02001953125,2595.840087890625,2567.14990234375,2572.5,1755360000,32.0,101.91999816894531,0.3139717481838642
2011-11-21,2535.340087890625,2539.8701171875,2500.889892578125,2523.139892578125,2048520000,32.90999984741211,99.5999984741211,0.33042169027706425
2011-11-22,2517.639892578125,2534.39990234375,2499.18994140625,2521.280029296875,1792060000,31.969999313354492,98.52999877929688,0.32446970170948614
2011-11-23,2501.179931640625,2503.3798828125,2460.080078125,2460.080078125,1707770000,33.97999954223633,101.45999908447266,0.3349103079918773
2011-11-25,2453.030029296875,2477.030029296875,2441.47998046875,2441.510009765625,691750000,34.470001220703125,98.9800033569336,0.3482521726777501
2011-11-28,2509.6298828125,2531.320068359375,2507.719970703125,2527.340087890625,1626060000,32.130001068115234,96.2300033569336,0.33388756050376045
2011-11-29,2529.110107421875,2542.4599609375,2508.27001953125,2515.510009765625,1623550000,30.639999389648438,95.47000122070312,0.32093850421994136
2011-11-30,2586.389892578125,2620.340087890625,2582.489990234375,2620.340087890625,2440960000,27.799999237060547,92.22000122070312,0.3014530347980469
2011-12-01,2615.669921875,2636.080078125,2611.47998046875,2626.199951171875,1826860000,27.40999984741211,90.87999725341797,0.3016065215206774
2011-12-02,2650.800048828125,2659.22998046875,2625.070068359375,2626.929931640625,1662730000,27.520000457763672,92.45999908447266,0.2976422315624408
2011-12-05,2666.469970703125,2674.530029296875,2641.590087890625,2655.760009765625,1686660000,27.84000015258789,92.97000122070312,0.2994514336565192
2011-12-06,2655.02001953125,2663.6298828125,2639.179931640625,2649.56005859375,1491130000,28.1299991607666,92.20999908447266,0.30506452055158345
2011-12-07,2638.610107421875,2660.239990234375,2612.800048828125,2649.2099609375,1658010000,28.670000076293945,92.83999633789062,0.3088108703919984
2011-12-08,2633.300048828125,2645.919921875,2592.550048828125,2596.3798828125,1845640000,30.59000015258789,94.97000122070312,0.3221017137980133
2011-12-09,2603.179931640625,2653.4599609375,2603.179931640625,2646.85009765625,1664710000,26.3799991607666,90.91999816894531,0.2901451791909183
2011-12-12,2617.320068359375,2617.320068359375,2591.419921875,2612.260009765625,1572600000,25.670000076293945,93.20999908447266,0.2753996387558185
2011-12-13,2629.669921875,2639.739990234375,2568.43994140625,2579.27001953125,1752320000,25.40999984741211,94.55000305175781,0.2687466845823619
2011-12-14,2566.2099609375,2568.43994140625,2525.8798828125,2539.31005859375,1793960000,26.040000915527344,99.62999725341797,0.26136707450962016
2011-12-15,2565.929931640625,2565.93994140625,2536.580078125,2541.010009765625,1748400000,25.110000610351562,97.70999908447266,0.2569849641349741
2011-12-16,2554.6201171875,2585.419921875,2548.0,2555.330078125,2664690000,24.290000915527344,94.27999877929688,0.2576368395208468
2011-12-19,2564.070068359375,2570.64990234375,2518.010009765625,2523.139892578125,1560110000,24.920000076293945,90.2699966430664,0.276060717879821
2011-12-20,2567.25,2604.52001953125,2566.8701171875,2603.72998046875,1835720000,23.219999313354492,88.63999938964844,0.2619584778118373
2011-12-21,2589.77001953125,2590.610107421875,2544.659912109375,2577.969970703125,1853710000,21.43000030517578,85.54000091552734,0.25052607056128495
2011-12-22,2584.330078125,2601.989990234375,2581.919921875,2599.449951171875,1515610000,21.15999984741211,86.18000030517578,0.24553260353308778
2011-12-23,2607.429931640625,2618.840087890625,2599.889892578125,2618.639892578125,960940000,20.729999542236328,86.54000091552734,0.2395424003111707
2011-12-27,2613.510009765625,2633.340087890625,2610.77001953125,2625.199951171875,945590000,21.90999984741211,88.12999725341797,0.24861001395937712
2011-12-28,2626.18994140625,2626.340087890625,2586.85009765625,2589.97998046875,1069930000,23.520000457763672,94.08000183105469,0.25
2011-12-29,2596.330078125,2614.8701171875,2593.0400390625,2613.739990234375,1011380000,22.649999618530273,91.80000305175781,0.24673201378609938
2011-12-30,2610.22998046875,2616.4599609375,2604.60009765625,2605.14990234375,1056790000,23.399999618530273,91.69999694824219,0.2551799389016101
2012-01-03,2657.389892578125,2665.89990234375,2641.97998046875,2648.719970703125,1636850000,22.969999313354492,91.38999938964844,0.2513404034003775
2012-01-04,2639.89990234375,2653.179931640625,2627.22998046875,2648.360107421875,1670530000,22.219999313354492,88.88999938964844,0.24997186934329185
2012-01-05,2642.570068359375,2673.56005859375,2631.22998046875,2669.860107421875,1836410000,21.479999542236328,87.69000244140625,0.2449538025339786
2012-01-06,2671.169921875,2682.1201171875,2658.830078125,2674.219970703125,1683090000,20.6299991607666,86.94999694824219,0.2372627933851085
2012-01-09,2682.97998046875,2683.780029296875,2662.9599609375,2676.56005859375,1768080000,21.06999969482422,87.80000305175781,0.23997720913977102
2012-01-10,2704.419921875,2712.5,2694.330078125,2702.5,1809500000,20.690000534057617,88.81999969482422,0.23294303766208277
2012-01-11,2695.77001953125,2714.2900390625,2690.72998046875,2710.760009765625,1699660000,21.049999237060547,93.16999816894531,0.22593108995119382
2012-01-12,2716.8701171875,2726.429931640625,2697.320068359375,2724.699951171875,1669550000,20.469999313354492,90.51000213623047,0.22616284200882264
2012-01-13,2707.409912109375,2712.929931640625,2689.580078125,2710.669921875,1655960000,20.90999984741211,93.55000305175781,0.22351682699404474
2012-01-17,2736.340087890625,2742.72998046875,2721.030029296875,2728.080078125,1664210000,22.200000762939453,93.66000366210938,0.23702754532264209
2012-01-18,2731.159912109375,2769.7099609375,2730.050048828125,2769.7099609375,1968940000,20.889999389648438,90.08999633789062,0.2318792345300872
2012-01-19,2779.739990234375,2793.35009765625,2777.169921875,2788.330078125,1959950000,19.8700008392334,88.7300033569336,0.22393778978349047
2012-01-20,2776.0400390625,2787.199951171875,2775.8701171875,2786.699951171875,1949660000,18.280000686645508,89.23999786376953,0.2048408911276654
2012-01-23,2786.2099609375,2804.989990234375,2769.820068359375,2784.169921875,1652940000,18.670000076293945,89.58999633789062,0.2083938033201791
2012-01-24,2771.580078125,2788.3798828125,2766.340087890625,2786.639892578125,1620690000,18.90999984741211,89.01000213623047,0.2124480327331103
2012-01-25,2803.22998046875,2822.7900390625,2788.949951171875,2818.31005859375,1918040000,18.309999465942383,86.01000213623047,0.21288221150071987
2012-01-26,2828.780029296875,2834.300048828125,2794.780029296875,2805.280029296875,1998970000,18.56999969482422,88.91999816894531,0.208839407076255
2012-01-27,2797.659912109375,2821.550048828125,2797.239990234375,2816.550048828125,1707350000,18.530000686645508,87.44000244140625,0.21191674484527268
2012-01-30,2790.39990234375,2816.85009765625,2782.43994140625,2811.93994140625,1668970000,19.399999618530273,89.86000061035156,0.21589138088983564
2012-01-31,2825.760009765625,2830.449951171875,2798.77001953125,2813.840087890625,1786550000,19.440000534057617,88.51000213623047,0.21963620003235876
2012-02-01,2830.10009765625,2855.72998046875,2825.18994140625,2848.27001953125,2125720000,18.549999237060547,85.77999877929688,0.21625086851292444
2012-02-02,2854.10009765625,2868.22998046875,2849.39990234375,2859.679931640625,1913430000,17.979999542236328,84.0999984741211,0.2137931018841702
2012-02-03,2888.949951171875,2908.1298828125,2885.840087890625,2905.659912109375,2152890000,17.100000381469727,84.04000091552734,0.20347453825777276
2012-02-06,2892.52001953125,2903.030029296875,2887.330078125,2901.989990234375,1684490000,17.760000228881836,85.37999725341797,0.20801125322325845
2012-02-07,2895.909912109375,2910.27001953125,2885.169921875,2904.080078125,1784580000,17.649999618530273,83.79000091552734,0.21064565491918388
2012-02-08,2906.590087890625,2918.260009765625,2892.7099609375,2915.860107421875,1981150000,18.15999984741211,97.01000213623047,0.18719719047021716
2012-02-09,2922.4599609375,2930.679931640625,2904.510009765625,2927.22998046875,2153090000,18.6299991607666,100.76000213623047,0.18489478727460026
2012-02-10,2902.0,2910.97998046875,2895.10009765625,2903.8798828125,1787640000,20.790000915527344,104.1500015258789,0.1996159444161074
2012-02-13,2926.2099609375,2933.929931640625,2913.889892578125,2931.389892578125,1619980000,19.040000915527344,102.44999694824219,0.18584676898669275
2012-02-14,2921.699951171875,2932.080078125,2911.60009765625,2931.830078125,1881630000,19.540000915527344,107.81999969482422,0.18122798155104558
2012-02-15,2943.419921875,2958.18994140625,2911.330078125,2915.830078125,2038980000,21.139999389648438,114.6500015258789,0.18438725781330842
2012-02-16,2915.669921875,2961.3798828125,2912.719970703125,2959.85009765625,1945230000,19.219999313354492,110.41000366210938,0.1740784229314398
2012-02-17,2958.219970703125,2962.780029296875,2941.550048828125,2951.780029296875,1973900000,17.780000686645508,108.55999755859375,0.16378040794491544
2012-02-21,2957.300048828125,2965.050048828125,2934.070068359375,2948.570068359375,1821540000,18.190000534057617,107.70999908447266,0.1688794047783059
2012-02-22,2942.77001953125,2950.3701171875,2929.679931640625,2933.169921875,1706310000,18.190000534057617,100.80999755859375,0.18043845823411564
2012-02-23,2933.159912109375,2958.419921875,2922.9599609375,2956.97998046875,1768390000,16.799999237060547,94.44000244140625,0.17789071159209077
2012-02-24,2963.1298828125,2970.8798828125,2958.820068359375,2963.75,1643180000,17.309999465942383,99.43000030517578,0.17409232035415492
2012-02-27,2945.8701171875,2976.080078125,2933.300048828125,2966.159912109375,1763650000,18.190000534057617,101.68000030517578,0.17889457591919083
2012-02-28,2969.25,2988.590087890625,2966.610107421875,2986.760009765625,1812490000,17.959999084472656,99.12999725341797,0.181176229013296
2012-02-29,2991.669921875,3000.110107421875,2961.77001953125,2966.889892578125,2170190000,18.43000030517578,101.5999984741211,0.1813976435232935
2012-03-01,2979.110107421875,2996.3701171875,2974.590087890625,2988.969970703125,1903690000,17.260000228881836,97.43000030517578,0.17715282946545297
2012-03-02,2986.080078125,2995.969970703125,2968.0,2976.18994140625,1755130000,17.290000915527344,96.94000244140625,0.17835775201241608
2012-03-05,2969.72998046875,2973.929931640625,2940.52001953125,2950.47998046875,1679030000,18.049999237060547,98.18000030517578,0.18384598880581793
2012-03-06,2917.52001953125,2921.77001953125,2900.280029296875,2910.320068359375,1870720000,20.8700008392334,105.11000061035156,0.19855390274993542
2012-03-07,2922.570068359375,2940.280029296875,2920.5400390625,2935.68994140625,1589360000,19.06999969482422,100.45999908447266,0.18982679542719333
2012-03-08,2954.39990234375,2976.050048828125,2945.72998046875,2970.419921875,1619740000,17.950000762939453,97.19000244140625,0.1846897861100592
2012-03-09,2975.090087890625,2993.97998046875,2973.9599609375,2988.340087890625,1580560000,17.110000610351562,97.9800033569336,0.1746274752412607
2012-03-12,2989.050048828125,2994.10009765625,2973.64990234375,2983.659912109375,1341660000,15.640000343322754,98.61000061035156,0.15860460649546887
2012-03-13,3003.7099609375,3039.889892578125,2996.4599609375,3039.8798828125,1709900000,14.800000190734863,98.47000122070312,0.15029958370329738
2012-03-14,3042.2099609375,3051.3701171875,3024.72998046875,3040.72998046875,1662300000,15.3100004196167,106.62999725341797,0.14358061346687268
2012-03-15,3048.580078125,3059.81005859375,3037.820068359375,3056.3701171875,1677540000,15.420000076293945,108.41999816894531,0.14222468489868217
2012-03-16,3058.489990234375,3060.820068359375,3047.68994140625,3055.260009765625,2088610000,14.470000267028809,105.77999877929688,0.13679334878060953
2012-03-19,3057.239990234375,3087.10009765625,3050.889892578125,3078.320068359375,1548400000,15.039999961853027,106.48999786376953,0.14123392115279587
2012-03-20,3060.929931640625,3078.719970703125,3050.820068359375,3074.14990234375,1508580000,15.579999923706055,109.37999725341797,0.14243920565850263
2012-03-21,3077.43994140625,3090.080078125,3069.090087890625,3075.320068359375,1552400000,15.130000114440918,104.6500015258789,0.14457716095397685
2012-03-22,3055.0,3068.5,3050.699951171875,3063.320068359375,1524800000,15.569999694824219,102.52999877929688,0.1518579916141397
2012-03-23,3066.3701171875,3070.929931640625,3044.669921875,3067.919921875,1428940000,14.819999694824219,98.5999984741211,0.1503042588658247
2012-03-26,3090.52001953125,3122.570068359375,3090.050048828125,3122.570068359375,1627520000,14.260000228881836,96.08000183105469,0.1484179845661989
2012-03-27,3124.06005859375,3134.169921875,3119.030029296875,3120.35009765625,1662460000,15.59000015258789,101.1500015258789,0.1541275325497572
2012-03-28,3123.840087890625,3130.56005859375,3086.929931640625,3104.9599609375,1765680000,15.470000267028809,102.73999786376953,0.1505742708651952
2012-03-29,3087.25,3099.800048828125,3069.81005859375,3095.360107421875,1756160000,15.479999542236328,101.94000244140625,0.15185402365606204
2012-03-30,3110.969970703125,3111.550048828125,3079.050048828125,3091.570068359375,1833130000,15.5,100.27999877929688,0.15456721368847906
2012-04-02,3085.93994140625,3123.030029296875,3079.780029296875,3119.699951171875,1768210000,15.640000343322754,100.37999725341797,0.1558079375499306
2012-04-03,3119.64990234375,3128.25,3097.409912109375,3113.570068359375,1804950000,15.65999984741211,98.37000274658203,0.15919487049070183
2012-04-04,3085.4599609375,3086.35009765625,3052.580078125,3068.090087890625,1813150000,16.440000534057617,99.7300033569336,0.16484508152695904
2012-04-05,3061.75,3083.3798828125,3061.139892578125,3080.5,1548040000,16.700000762939453,99.47000122070312,0.16788982163462174
2012-04-09,3037.280029296875,3058.760009765625,3032.219970703125,3047.080078125,1371140000,18.809999465942383,104.58999633789062,0.17984511066598
2012-04-10,3044.669921875,3055.199951171875,2987.0,2991.219970703125,1953600000,20.389999389648438,109.12999725341797,0.18684138094771022
2012-04-11,3020.14990234375,3030.510009765625,3008.75,3016.4599609375,1540890000,20.020000457763672,111.19000244140625,0.180052163127828
2012-04-12,3023.110107421875,3059.260009765625,3020.43994140625,3055.550048828125,1480340000,17.200000762939453,104.2699966430664,0.16495637591528775
2012-04-13,3045.080078125,3045.419921875,3010.77001953125,3011.330078125,1483850000,19.549999237060547,110.76000213623047,0.1765077542434029
2012-04-16,3027.570068359375,3027.570068359375,2975.8701171875,2988.39990234375,1594320000,19.549999237060547,110.97000122070312,0.1761737318374761
2012-04-17,3002.02001953125,3052.760009765625,2999.489990234375,3042.820068359375,1555070000,18.459999084472656,107.01000213623047,0.17250723031452625
2012-04-18,3031.820068359375,3045.0400390625,3023.909912109375,3031.449951171875,1599470000,18.639999389648438,106.05999755859375,0.17574957400268287
2012-04-19,3028.199951171875,3058.719970703125,2994.93994140625,3007.56005859375,1991120000,18.360000610351562,103.95999908447266,0.1766063944982642
2012-04-20,3023.72998046875,3034.68994140625,2999.010009765625,3000.449951171875,1935880000,17.440000534057617,101.08000183105469,0.17253660682759847
2012-04-23,2969.0,2973.3798828125,2946.0400390625,2970.449951171875,1767360000,18.969999313354492,104.01000213623047,0.18238629866104533
2012-04-24,2967.3701171875,2979.080078125,2950.3798828125,2961.60009765625,1690840000,18.100000381469727,99.83999633789062,0.18129007457305496
2012-04-25,3013.64990234375,3031.409912109375,3010.570068359375,3029.6298828125,1721330000,16.81999969482422,93.27999877929688,0.18031732327335054
2012-04-26,3029.6201171875,3056.77001953125,3027.7900390625,3050.610107421875,1763510000,16.239999771118164,89.6500015258789,0.18114890680096898
2012-04-27,3060.340087890625,3076.43994140625,3043.300048828125,3069.199951171875,1777750000,16.31999969482422,88.62000274658203,0.18415706600114795
2012-04-30,3060.06005859375,3063.659912109375,3043.25,3046.360107421875,1633170000,17.149999618530273,89.31999969482422,0.19200626597767506
2012-05-01,3044.7900390625,3085.39990234375,3041.6201171875,3050.43994140625,1854230000,16.600000381469727,87.05999755859375,0.1906731087408712
2012-05-02,3035.070068359375,3061.469970703125,3028.93994140625,3059.85009765625,1825190000,16.8799991607666,86.29000091552734,0.1956194110751151
2012-05-03,3061.1298828125,3061.3798828125,3016.199951171875,3024.300048828125,1869130000,17.559999465942383,88.3499984741211,0.1987549492837393
2012-05-04,3001.14990234375,3001.47998046875,2956.340087890625,2956.340087890625,1944010000,19.15999984741211,91.30999755859375,0.20983463322422183
2012-05-07,2940.409912109375,2970.199951171875,2939.2099609375,2957.760009765625,1740430000,18.940000534057617,90.91000366210938,0.20833791410297425
2012-05-08,2939.360107421875,2952.64990234375,2900.06005859375,2946.27001953125,2175840000,19.049999237060547,91.33000183105469,0.20858424236429862
2012-05-09,2912.409912109375,2948.77001953125,2900.179931640625,2934.7099609375,2047090000,20.079999923706055,102.06999969482422,0.19672773570826488
2012-05-10,2950.2099609375,2950.2099609375,2923.139892578125,2933.639892578125,2004150000,18.829999923706055,98.6500015258789,0.19087683357781166
2012-05-11,2919.35009765625,2960.3798828125,2918.739990234375,2933.820068359375,1735380000,19.889999389648438,100.12000274658203,0.19866159452664875
2012-05-14,2907.780029296875,2924.889892578125,2898.89990234375,2902.580078125,1683460000,21.8700008392334,105.8499984741211,0.20661314269721337
2012-05-15,2902.300048828125,2930.679931640625,2889.389892578125,2893.760009765625,1826210000,21.969999313354492,109.61000061035156,0.20043790886795823
2012-05-16,2904.669921875,2913.89990234375,2872.25,2874.0400390625,1933900000,22.270000457763672,109.22000122070312,0.20390038645725905
2012-05-17,2874.7099609375,2879.219970703125,2813.68994140625,2813.68994140625,2016980000,24.489999771118164,112.83999633789062,0.21703297204818012
2012-05-18,2814.429931640625,2827.280029296875,2774.449951171875,2778.7900390625,2692450000,25.100000381469727,117.44000244140625,0.2137261568433017
2012-05-21,2782.550048828125,2848.830078125,2774.760009765625,2847.2099609375,1870420000,22.010000228881836,108.5,0.20285714496665286
2012-05-22,2853.8701171875,2867.340087890625,2823.219970703125,2839.080078125,1861850000,22.479999542236328,110.4800033569336,0.20347573188977017
2012-05-23,2832.169921875,2855.35009765625,2795.5,2850.1201171875,1929640000,22.329999923706055,107.4800033569336,0.20775957597944691
2012-05-24,2856.550048828125,2858.239990234375,2817.6201171875,2839.3798828125,1750290000,21.540000915527344,104.5199966430664,0.20608497519461272
2012-05-25,2839.739990234375,2846.31005859375,2829.760009765625,2837.530029296875,1282680000,21.760000228881836,103.0999984741211,0.21105723133782361
2012-05-29,2853.27001953125,2882.830078125,2846.679931640625,2870.989990234375,221430000,21.030000686645508,100.9800033569336,0.2082590610767842
2012-05-30,2847.27001953125,2847.27001953125,2825.639892578125,2837.360107421875,1671040000,24.139999389648438,109.7300033569336,0.21999451974064926
2012-05-31,2837.3701171875,2842.429931640625,2801.9599609375,2827.340087890625,2180130000,24.059999465942383,108.75,0.2212413743994702
2012-06-01,2810.1298828125,2810.1298828125,2747.239990234375,2747.47998046875,1966370000,26.65999984741211,111.41000366210938,0.23929628373649534
2012-06-04,2747.610107421875,2769.929931640625,2726.679931640625,2760.010009765625,1755750000,26.1200008392334,107.04000091552734,0.24402093250958112
2012-06-05,2749.35009765625,2781.969970703125,2749.340087890625,2778.110107421875,1625600000,24.68000030517578,102.77999877929688,0.2401245436689683
2012-06-06,2796.22998046875,2844.719970703125,2796.22998046875,2844.719970703125,1761050000,22.15999984741211,97.70999908447266,0.2267935733809009
2012-06-07,2872.050048828125,2873.590087890625,2827.820068359375,2831.02001953125,1655370000,21.719999313354492,98.36000061035156,0.2208214637919456
2012-06-08,2823.820068359375,2860.93994140625,2814.800048828125,2858.419921875,1390260000,21.229999542236328,96.5999984741211,0.21977225546151322
2012-06-11,2882.489990234375,2882.9599609375,2806.89990234375,2809.72998046875,1480220000,23.559999465942383,105.51000213623047,0.22329636042962653
2012-06-12,2815.840087890625,2843.669921875,2802.3798828125,2843.070068359375,1594310000,22.09000015258789,103.22000122070312,0.21400891194871674
2012-06-13,2838.1201171875,2853.169921875,2810.590087890625,2818.610107421875,1602080000,24.270000457763672,110.5999984741211,0.21943942850453588
2012-06-14,2820.6298828125,2842.31005859375,2807.550048828125,2836.330078125,1633370000,21.68000030517578,107.77999877929688,0.20115049685211375
2012-06-15,2839.39990234375,2874.3798828125,2837.93994140625,2872.800048828125,2020100000,21.110000610351562,108.2300033569336,0.1950475834388781
2012-06-18,2872.489990234375,2903.030029296875,2853.860107421875,2895.330078125,1586190000,18.31999969482422,99.30000305175781,0.1844914313373721
2012-06-19,2909.8701171875,2940.22998046875,2908.449951171875,2929.760009765625,1835480000,18.3799991607666,98.12999725341797,0.18730255452163896
2012-06-20,2932.9599609375,2942.280029296875,2910.0,2930.449951171875,1563080000,17.239999771118164,96.41000366210938,0.17881961535381366
2012-06-21,2929.14990234375,2930.929931640625,2857.10009765625,2859.090087890625,1822200000,20.079999923706055,105.47000122070312,0.19038588879587945
2012-06-22,2866.169921875,2894.35009765625,2863.929931640625,2892.419921875,3544010000,18.110000610351562,104.12999725341797,0.17391722930980025
2012-06-25,2863.889892578125,2863.889892578125,2829.22998046875,2836.159912109375,1514430000,20.3799991607666,104.45999908447266,0.1950985960117241
2012-06-26,2845.39990234375,2862.14990234375,2832.02001953125,2854.06005859375,1623160000,19.719999313354492,100.66000366210938,0.19590699976079506
2012-06-27,2862.1298828125,2882.39990234375,2860.1298828125,2875.320068359375,1668580000,19.450000762939453,98.11000061035156,0.19824687230597457
2012-06-28,2853.889892578125,2855.739990234375,2818.18994140625,2849.489990234375,1795850000,19.709999084472656,97.20999908447266,0.2027569105040855
2012-06-29,2902.43994140625,2935.1298828125,2895.60009765625,2935.050048828125,2021190000,17.079999923706055,89.58999633789062,0.19064628442765488
2012-07-02,2938.409912109375,2951.22998046875,2925.7099609375,2951.22998046875,1845240000,16.799999237060547,85.61000061035156,0.19623874684366222
2012-07-03,2950.81005859375,2976.080078125,2948.39990234375,2976.080078125,1009330000,16.65999984741211,84.58999633789062,0.1969500008117337
2012-07-05,2970.3701171875,2987.93994140625,2958.300048828125,2976.1201171875,1423990000,17.5,89.43000030517578,0.19568377435180645
2012-07-06,2955.199951171875,2957.5,2921.3701171875,2937.330078125,1437420000,17.100000381469727,90.0999984741211,0.18978913064445013
2012-07-09,2934.489990234375,2942.989990234375,2919.0400390625,2931.77001953125,1455500000,17.979999542236328,92.8499984741211,0.19364566330335123
2012-07-10,2945.35009765625,2953.469970703125,2891.419921875,2902.330078125,1725730000,18.719999313354492,94.91000366210938,0.1972394751979977
2012-07-11,2898.77001953125,2905.510009765625,2866.530029296875,2887.97998046875,1635120000,17.950000762939453,96.25,0.18649351442015016
2012-07-12,2867.080078125,2876.320068359375,2837.719970703125,2866.18994140625,1719460000,18.329999923706055,95.22000122070312,0.19250157203023296
2012-07-13,2874.06005859375,2913.280029296875,2873.389892578125,2908.469970703125,1373620000,16.739999771118164,91.0999984741211,0.1837541169210175
2012-07-16,2903.030029296875,2910.199951171875,2888.010009765625,2896.93994140625,1414470000,17.110000610351562,94.20999908447266,0.18161554799517635
2012-07-17,2911.4599609375,2916.610107421875,2871.64990234375,2910.0400390625,1774160000,16.479999542236328,93.48999786376953,0.17627553662211468
2012-07-18,2904.239990234375,2951.300048828125,2902.949951171875,2942.60009765625,1817040000,16.15999984741211,94.02999877929688,0.1718600452749357
2012-07-19,2961.7099609375,2976.219970703125,2952.419921875,2965.89990234375,1735920000,15.449999809265137,93.7300033569336,0.16483515689666553
2012-07-20,2957.02001953125,2957.02001953125,2925.300048828125,2925.300048828125,1810420000,16.270000457763672,100.61000061035156,0.16171355092994288
2012-07-23,2877.510009765625,2898.050048828125,2852.8798828125,2890.14990234375,1607140000,18.6200008392334,107.31999969482422,0.17349982195472738
2012-07-24,2894.949951171875,2896.56005859375,2847.219970703125,2862.989990234375,1748410000,20.469999313354492,111.6500015258789,0.18334078847826826
2012-07-25,2856.780029296875,2870.219970703125,2839.760009765625,2854.239990234375,1784150000,19.34000015258789,106.52999877929688,0.1815451081779834
2012-07-26,2896.679931640625,2905.570068359375,2876.010009765625,2893.25,1981520000,17.530000686645508,98.58999633789062,0.17780709339481215
2012-07-27,2906.5,2961.8701171875,2900.97998046875,2958.090087890625,2102610000,16.700000762939453,93.08000183105469,0.17941556117769392
2012-07-30,2959.070068359375,2970.300048828125,2939.0400390625,2945.840087890625,1483990000,18.030000686645508,94.73999786376953,0.1903103345281005
2012-07-31,2945.080078125,2959.6201171875,2938.409912109375,2939.52001953125,1801440000,18.93000030517578,96.11000061035156,0.19696181651191166
2012-08-01,2956.719970703125,2958.280029296875,2917.780029296875,2920.2099609375,1722530000,18.959999084472656,94.2300033569336,0.20120978891037627
2012-08-02,2900.4599609375,2934.64990234375,2890.85009765625,2909.77001953125,1822620000,17.56999969482422,89.62999725341797,0.1960281181884584
2012-08-03,2951.280029296875,2977.409912109375,2945.81005859375,2967.89990234375,1730210000,15.640000343322754,84.5,0.18508876145944086
2012-08-06,2978.159912109375,3000.239990234375,2974.22998046875,2989.909912109375,1528260000,15.949999809265137,84.47000122070312,0.18882442972376662
2012-08-07,3002.659912109375,3028.610107421875,3002.090087890625,3015.860107421875,1899240000,15.989999771118164,86.87000274658203,0.18406813935259492
2012-08-08,3003.77001953125,3018.89990234375,3002.409912109375,3011.25,1874580000,15.319999694824219,85.18000030517578,0.17985442169449406
2012-08-09,3009.860107421875,3022.68994140625,3007.300048828125,3018.639892578125,1677970000,15.279999732971191,83.91000366210938,0.18209985777739954
2012-08-10,3008.830078125,3020.860107421875,3003.3798828125,3020.860107421875,1556460000,14.739999771118164,84.83000183105469,0.17375927682371126
2012-08-13,3018.27001953125,3023.030029296875,2999.1201171875,3022.52001953125,1353380000,13.699999809265137,89.58000183105469,0.15293591794185205
2012-08-14,3032.669921875,3034.159912109375,3009.929931640625,3016.97998046875,1567830000,14.850000381469727,94.33000183105469,0.15742605844602994
2012-08-15,3013.330078125,3032.06005859375,3013.330078125,3030.929931640625,1536730000,14.630000114440918,97.94999694824219,0.14936192516852823
2012-08-16,3037.179931640625,3067.43994140625,3033.280029296875,3062.389892578125,1937430000,14.289999961853027,95.6500015258789,0.1493988471917248
2012-08-17,3067.110107421875,3076.719970703125,3060.14990234375,3076.590087890625,1640640000,13.449999809265137,95.0199966430664,0.14154915054132008
2012-08-20,3072.659912109375,3076.2099609375,3059.89990234375,3076.2099609375,1451550000,14.020000457763672,96.63999938964844,0.1450745089643018
2012-08-21,3085.25,3100.5400390625,3058.739990234375,3067.260009765625,1574220000,15.020000457763672,97.41000366210938,0.15419361352109429
2012-08-22,3059.93994140625,3080.72998046875,3053.429931640625,3073.669921875,1459130000,15.109999656677246,99.13999938964844,0.15241072977306205
2012-08-23,3065.820068359375,3070.340087890625,3045.52001953125,3053.39990234375,1383860000,15.960000038146973,98.4000015258789,0.1621951198237486
2012-08-24,3045.219970703125,3076.800048828125,3042.219970703125,3069.7900390625,1349740000,15.180000305175781,94.98999786376953,0.1598063022061151
2012-08-27,3083.6201171875,3085.81005859375,3068.1298828125,3073.18994140625,1383530000,16.350000381469727,94.88999938964844,0.17230477907720748
2012-08-28,3069.39990234375,3083.18994140625,3063.64990234375,3077.139892578125,1364740000,16.489999771118164,94.43000030517578,0.1746267046259274
2012-08-29,3078.050048828125,3087.239990234375,3067.6201171875,3081.18994140625,1282900000,17.059999465942383,94.70999908447266,0.18012881037752332
2012-08-30,3066.72998046875,3067.5400390625,3045.919921875,3048.7099609375,1216640000,17.829999923706055,96.33000183105469,0.18509290547898705
2012-08-31,3069.639892578125,3078.52001953125,3040.590087890625,3066.9599609375,1394760000,17.469999313354492,93.30000305175781,0.18724543131754323
2012-09-04,3063.25,3082.260009765625,3040.239990234375,3075.06005859375,1505960000,17.979999542236328,93.70999908447266,0.19186852756266365
2012-09-05,3072.580078125,3082.75,3062.5400390625,3069.27001953125,1495030000,17.739999771118164,90.1500015258789,0.1967831333427724
2012-09-06,3087.93994140625,3135.81005859375,3087.669921875,3135.81005859375,1918900000,15.600000381469727,83.6500015258789,0.18649133409332377
2012-09-07,3133.219970703125,3139.610107421875,3128.169921875,3136.419921875,1740640000,14.380000114440918,82.23999786376953,0.17485409153659479
2012-09-10,3131.340087890625,3133.889892578125,3102.760009765625,3104.02001953125,1575370000,16.280000686645508,92.7699966430664,0.17548777919312633
2012-09-11,3105.02001953125,3117.860107421875,3099.10009765625,3104.530029296875,1586250000,16.40999984741211,92.38999938964844,0.17761662469770206
2012-09-12,3115.330078125,3120.1201171875,3098.820068359375,3114.31005859375,1689140000,15.800000190734863,93.94000244140625,0.16819246093366763
2012-09-13,3117.659912109375,3167.6298828125,3112.6201171875,3155.830078125,1870050000,14.050000190734863,87.80999755859375,0.16000456191061382
2012-09-14,3166.239990234375,3195.669921875,3164.260009765625,3183.949951171875,1984720000,14.510000228881836,93.04000091552734,0.15595442912834578
2012-09-17,3183.39990234375,3183.39990234375,3168.6298828125,3178.669921875,1485390000,14.59000015258789,92.94999694824219,0.15696611760742837
2012-09-18,3173.6201171875,3179.3701171875,3169.409912109375,3177.800048828125,1707200000,14.180000305175781,90.12999725341797,0.15732831174182732
2012-09-19,3179.0400390625,3189.35009765625,3170.2900390625,3182.6201171875,1850920000,13.880000114440918,88.61000061035156,0.15664146280142824
2012-09-20,3166.840087890625,3178.449951171875,3156.4599609375,3175.9599609375,1809130000,14.069999694824219,88.72000122070312,0.15858881313384082
2012-09-21,3194.860107421875,3196.929931640625,3178.090087890625,3179.9599609375,2526250000,13.979999542236328,87.9000015258789,0.15904436063201244
2012-09-24,3155.35009765625,3167.739990234375,3150.7099609375,3160.780029296875,1704860000,14.149999618530273,85.87999725341797,0.164764788903939
2012-09-25,3170.3701171875,3176.300048828125,3117.72998046875,3117.72998046875,1975470000,15.430000305175781,92.79000091552734,0.16628947249631665
2012-09-26,3113.39990234375,3114.5400390625,3080.280029296875,3093.699951171875,1738010000,16.809999465942383,95.05000305175781,0.17685427592031525
2012-09-27,3105.8701171875,3142.02001953125,3098.4599609375,3136.60009765625,1691800000,14.84000015258789,88.23999786376953,0.1681777029901884
2012-09-28,3125.31005859375,3132.510009765625,3109.909912109375,3116.22998046875,1864640000,15.729999542236328,90.48999786376953,0.17383136162648005
2012-10-01,3130.31005859375,3146.989990234375,3103.889892578125,3113.530029296875,1758170000,16.31999969482422,92.51000213623047,0.176413353345202
2012-10-02,3127.72998046875,3131.639892578125,3101.639892578125,3120.0400390625,1609570000,15.710000038146973,90.25,0.17407202258334595
2012-10-03,3130.85009765625,3142.360107421875,3115.0400390625,3135.22998046875,1704050000,15.430000305175781,87.55999755859375,0.17622202758571653
2012-10-04,3142.3798828125,3153.47998046875,3132.56005859375,3149.4599609375,1585190000,14.550000190734863,83.51000213623047,0.1742306288892119
2012-10-05,3161.2099609375,3171.4599609375,3130.760009765625,3136.18994140625,1607940000,14.329999923706055,83.0999984741211,0.17244284220015585
2012-10-08,3121.330078125,3125.489990234375,3107.570068359375,3112.35009765625,1186260000,15.109999656677246,85.8499984741211,0.176004658418626
2012-10-09,3108.010009765625,3108.010009765625,3062.52001953125,3065.02001953125,1645740000,16.3700008392334,88.52999877929688,0.18490908240090922
2012-10-10,3066.25,3071.570068359375,3046.780029296875,3051.780029296875,1788970000,16.290000915527344,94.36000061035156,0.1726367190563613
2012-10-11,3075.889892578125,3078.080078125,3047.139892578125,3049.409912109375,1595020000,15.59000015258789,90.73999786376953,0.17180957151876497
2012-10-12,3049.080078125,3061.77001953125,3039.580078125,3044.110107421875,1524840000,16.139999389648438,91.87000274658203,0.17568301847306647
2012-10-15,3053.2099609375,3066.31005859375,3037.27001953125,3064.179931640625,1563440000,15.270000457763672,92.91999816894531,0.16433491991680904
2012-10-16,3073.2099609375,3102.969970703125,3070.25,3101.169921875,1736930000,15.220000267028809,90.30999755859375,0.16853062427727303
2012-10-17,3091.3798828125,3112.449951171875,3088.050048828125,3104.1201171875,1770920000,15.069999694824219,85.5999984741211,0.17605140144225864
2012-10-18,3097.77001953125,3102.56005859375,3065.239990234375,3072.8701171875,2043290000,15.029999732971191,86.51000213623047,0.1737371328381532
2012-10-19,3066.56005859375,3066.56005859375,3000.27001953125,3005.6201171875,2225580000,17.059999465942383,92.62999725341797,0.1841735935635352
2012-10-22,3005.919921875,3020.610107421875,2995.780029296875,3016.9599609375,1654130000,16.6200008392334,92.4800033569336,0.179714535423266
2012-10-23,2989.43994140625,3006.590087890625,2974.070068359375,2990.4599609375,1830840000,18.829999923706055,99.66000366210938,0.18894239646576694
2012-10-24,3011.820068359375,3012.949951171875,2978.72998046875,2981.699951171875,1967000000,18.329999923706055,96.38999938964844,0.19016495528346855
2012-10-25,3005.0400390625,3007.7099609375,2975.97998046875,2986.1201171875,1922660000,18.1200008392334,91.86000061035156,0.19725670279596627
2012-10-26,2986.050048828125,2999.139892578125,2961.159912109375,2987.949951171875,1839700000,17.809999465942383,89.43000030517578,0.1991501666685293
2012-10-31,2986.85009765625,2989.699951171875,2964.93994140625,2977.22998046875,1806780000,18.600000381469727,90.2300033569336,0.20613986134846393
2012-11-01,2987.5400390625,3021.93994140625,2984.219970703125,3020.06005859375,1880140000,16.690000534057617,81.69999694824219,0.2042839798957509
2012-11-02,3033.85009765625,3033.85009765625,2981.68994140625,2982.1298828125,1834590000,17.59000015258789,87.83999633789062,0.20025046545909606
2012-11-05,2983.030029296875,3004.8701171875,2975.85009765625,2999.659912109375,1496210000,18.420000076293945,90.75,0.20297520745227488
2012-11-06,3003.7099609375,3024.43994140625,2998.929931640625,3011.929931640625,1782430000,17.579999923706055,87.55999755859375,0.20077661505120303
2012-11-07,2976.4599609375,2977.81005859375,2926.7900390625,2937.2900390625,2059690000,19.079999923706055,94.75,0.201372030857056
2012-11-08,2942.090087890625,2949.699951171875,2895.580078125,2895.580078125,1876420000,18.489999771118164,93.38999938964844,0.19798693534596637
2012-11-09,2892.570068359375,2931.110107421875,2889.81005859375,2904.8701171875,1802580000,18.610000610351562,94.0199966430664,0.1979366227910196
2012-11-12,2916.3798828125,2920.010009765625,2896.550048828125,2904.25,1379240000,16.68000030517578,90.54000091552734,0.1842279670478246
2012-11-13,2880.77001953125,2909.0,2877.06005859375,2883.889892578125,1816260000,16.649999618530273,87.83999633789062,0.1895491838875241
2012-11-14,2896.81005859375,2900.10009765625,2842.860107421875,2846.81005859375,2106590000,17.920000076293945,94.66000366210938,0.18930909975727145
2012-11-15,2847.840087890625,2855.639892578125,2826.75,2836.93994140625,2010300000,17.989999771118164,94.54000091552734,0.19028982014917104
2012-11-16,2838.89990234375,2859.570068359375,2810.800048828125,2853.1298828125,2187730000,16.40999984741211,90.2699966430664,0.18178797449498468
2012-11-19,2886.0,2916.070068359375,2884.75,2916.070068359375,1767240000,15.239999771118164,88.43000030517578,0.17233970053742237
2012-11-20,2910.72998046875,2919.9599609375,2893.3798828125,2916.679931640625,1588750000,15.079999923706055,85.93000030517578,0.17549167776271668
2012-11-21,2919.139892578125,2928.169921875,2912.419921875,2926.550048828125,1430060000,15.3100004196167,85.8499984741211,0.17833431207610093
2012-11-23,2943.6201171875,2967.18994140625,2940.679931640625,2966.85009765625,792750000,15.140000343322754,82.86000061035156,0.18271784011345202
2012-11-26,2961.02001953125,2976.929931640625,2951.72998046875,2976.780029296875,1641710000,15.5,82.44999694824219,0.18799272982059773
2012-11-27,2974.56005859375,2985.320068359375,2965.1298828125,2967.7900390625,1763320000,15.920000076293945,84.16999816894531,0.18914102913890357
2012-11-28,2952.02001953125,2992.169921875,2935.8798828125,2991.780029296875,1725550000,15.510000228881836,80.38999938964844,0.19293444889463462
2012-11-29,3005.409912109375,3017.179931640625,2996.300048828125,3012.030029296875,1758440000,15.0600004196167,78.41999816894531,0.19204285604766222
2012-11-30,3013.25,3014.25,2999.719970703125,3010.239990234375,2194240000,15.869999885559082,78.58999633789062,0.2019340962598782
2012-12-03,3029.2099609375,3030.280029296875,2999.570068359375,3002.199951171875,1667330000,16.639999389648438,84.06999969482422,0.1979302896402042
2012-12-04,3000.43994140625,3002.89990234375,2980.929931640625,2996.68994140625,1781760000,17.1200008392334,86.18000030517578,0.1986539890764564
2012-12-05,2993.199951171875,2994.72998046875,2958.260009765625,2973.699951171875,1800820000,16.459999084472656,82.9800033569336,0.19836103179787715
2012-12-06,2967.989990234375,2996.530029296875,2962.02001953125,2989.27001953125,1713460000,16.579999923706055,84.1500015258789,0.19702911019683295
2012-12-07,2999.68994140625,3003.27001953125,2968.820068359375,2978.0400390625,1613570000,15.899999618530273,80.73999786376953,0.1969284126729595
2012-12-10,2973.18994140625,2997.639892578125,2971.56005859375,2986.9599609375,1528430000,16.049999237060547,81.55999755859375,0.1967876375367719
2012-12-11,3005.429931640625,3033.139892578125,3003.820068359375,3022.300048828125,1921860000,15.569999694824219,78.69999694824219,0.19783990214210528
2012-12-12,3033.929931640625,3035.18994140625,3008.489990234375,3013.81005859375,1756220000,15.949999809265137,83.0199966430664,0.1921223856204195
2012-12-13,3007.830078125,3026.510009765625,2982.6298828125,2992.159912109375,1833990000,16.559999465942383,86.73999786376953,0.19091537783930862
2012-12-14,2976.949951171875,2985.330078125,2963.800048828125,2971.330078125,1786980000,17.0,86.38999938964844,0.196782036348029
2012-12-17,2975.5,3011.219970703125,2973.5400390625,3010.60009765625,1911420000,16.34000015258789,82.0999984741211,0.19902558412030244
2012-12-18,3020.820068359375,3056.64990234375,3016.39990234375,3054.530029296875,2022130000,15.569999694824219,79.36000061035156,0.196194551097235
2012-12-19,3059.030029296875,3061.820068359375,3044.360107421875,3044.360107421875,1933270000,17.360000610351562,83.33000183105469,0.20832833588012703
2012-12-20,3050.300048828125,3053.530029296875,3034.14990234375,3050.389892578125,1691190000,17.670000076293945,83.05999755859375,0.21273778708973404
2012-12-21,2998.60009765625,3022.18994140625,2995.1298828125,3021.010009765625,2843090000,17.84000015258789,87.69999694824219,0.20342076138402268
2012-12-24,3013.889892578125,3016.179931640625,3008.530029296875,3012.60009765625,614230000,17.84000015258789,89.2699966430664,0.1998431816225852
2012-12-26,3013.1298828125,3018.64990234375,2983.35009765625,2990.159912109375,1059190000,19.479999542236328,92.16999816894531,0.21134859421967195
2012-12-27,2989.8701171875,2993.659912109375,2951.0400390625,2985.909912109375,1342790000,19.469999313354492,90.88999938964844,0.21421497903070677
2012-12-28,2965.1201171875,2985.469970703125,2959.3701171875,2960.31005859375,1143530000,22.719999313354492,104.72000122070312,0.21695950199113206
2012-12-31,2955.449951171875,3021.409912109375,2953.52001953125,3019.510009765625,1557230000,18.020000457763672,92.5,0.19481081575960726
2013-01-02,3091.330078125,3112.64990234375,3083.489990234375,3112.260009765625,2111300000,14.680000305175781,78.7699966430664,0.18636537934228747
2013-01-03,3108.489990234375,3118.179931640625,3092.280029296875,3100.570068359375,1769420000,14.5600004196167,77.0199966430664,0.18904182101035497
2013-01-04,3100.8798828125,3108.43994140625,3090.81005859375,3101.659912109375,1745140000,13.829999923706055,75.18000030517578,0.1839584978394038
2013-01-07,3089.169921875,3102.35009765625,3083.8798828125,3098.81005859375,1702540000,13.789999961853027,76.7699966430664,0.17962746600039733
2013-01-08,3098.4599609375,3103.389892578125,3076.60009765625,3091.81005859375,1744380000,13.619999885559082,78.37000274658203,0.17379098389980718
2013-01-09,3099.64990234375,3111.219970703125,3096.340087890625,3105.81005859375,1732510000,13.8100004196167,78.51000213623047,0.17590115964655817
2013-01-10,3125.639892578125,3127.719970703125,3098.469970703125,3121.760009765625,1754240000,13.489999771118164,77.48999786376953,0.1740869808105314
2013-01-11,3122.1201171875,3126.590087890625,3114.10009765625,3125.6298828125,1772600000,13.359999656677246,78.5199966430664,0.17014773596347296
2013-01-14,3113.64990234375,3123.47998046875,3104.080078125,3117.5,1876050000,13.520000457763672,78.27999877929688,0.17271334528098356
2013-01-15,3101.06005859375,3112.2900390625,3093.320068359375,3110.780029296875,1852870000,13.550000190734863,77.83999633789062,0.17407503633371899
2013-01-16,3110.719970703125,3124.64990234375,3106.7900390625,3117.5400390625,1692380000,13.420000076293945,77.26000213623047,0.17369919369961734
2013-01-17,3130.489990234375,3144.050048828125,3125.7900390625,3136.0,1766510000,13.569999694824219,78.7699966430664,0.17227371173207603
2013-01-18,3127.909912109375,3134.72998046875,3119.199951171875,3134.7099609375,1860070000,12.460000038146973,73.43000030517578,0.16968541449493524
2013-01-22,3135.6298828125,3143.179931640625,3121.5400390625,3143.179931640625,1790730000,12.430000305175781,73.87000274658203,0.16826857781253998
2013-01-23,3155.820068359375,3161.06005859375,3149.739990234375,3153.669921875,1698190000,12.460000038146973,71.86000061035156,0.1733927071015372
2013-01-24,3125.669921875,3153.56005859375,3124.449951171875,3130.3798828125,2046990000,12.6899995803833,76.16999816894531,0.1666010225211879
2013-01-25,3140.64990234375,3156.199951171875,3135.860107421875,3149.7099609375,1920250000,12.890000343322754,76.91999816894531,0.16757671152060422
2013-01-28,3152.169921875,3161.830078125,3144.889892578125,3154.300048828125,1935590000,13.569999694824219,78.16000366210938,0.17361820699866115
2013-01-29,3149.6201171875,3156.93994140625,3133.110107421875,3153.659912109375,2050670000,13.3100004196167,73.61000061035156,0.18081782786651618
2013-01-30,3157.429931640625,3164.06005859375,3135.830078125,3142.31005859375,2014350000,14.319999694824219,77.33999633789062,0.1851564568514018
2013-01-31,3140.669921875,3154.179931640625,3136.820068359375,3142.1298828125,2190840000,14.279999732971191,76.72000122070312,0.1861313804191871
2013-02-01,3162.93994140625,3183.139892578125,3154.909912109375,3179.10009765625,2012930000,12.899999618530273,73.29000091552734,0.17601309124553793
2013-02-04,3161.719970703125,3169.6298828125,3130.570068359375,3131.169921875,1874750000,14.670000076293945,77.79000091552734,0.18858464974469138
2013-02-05,3140.89990234375,3178.52001953125,3136.820068359375,3171.580078125,2150080000,13.720000267028809,75.06999969482422,0.18276275906225625
2013-02-06,3159.3798828125,3174.820068359375,3157.35009765625,3168.47998046875,2002740000,13.40999984741211,77.23999786376953,0.17361471023165645
2013-02-07,3167.43994140625,3170.419921875,3135.97998046875,3165.1298828125,1955960000,13.5,76.86000061035156,0.1756440267082409
2013-02-08,3178.06005859375,3196.889892578125,3177.179931640625,3193.8701171875,1816480000,13.020000457763672,74.41999816894531,0.17495298008750532
2013-02-11,3192.530029296875,3194.010009765625,3182.18994140625,3192.0,1551370000,12.9399995803833,76.0999984741211,0.17003941970884184
2013-02-12,3190.72998046875,3196.919921875,3184.840087890625,3186.489990234375,1786800000,12.640000343322754,73.83000183105469,0.171204117971538
2013-02-13,3195.340087890625,3205.52001953125,3187.06005859375,3196.8798828125,1822450000,12.979999542236328,73.25,0.1772013589383799
2013-02-14,3182.739990234375,3202.330078125,3182.389892578125,3198.659912109375,1924900000,12.65999984741211,72.98999786376953,0.17344842057731072
2013-02-15,3202.840087890625,3206.2099609375,3184.030029296875,3192.030029296875,1858670000,12.460000038146973,72.55000305175781,0.17174361838769184
2013-02-19,3197.4599609375,3213.60009765625,3194.919921875,3213.590087890625,1843840000,12.3100004196167,70.44999694824219,0.17473386732238672
2013-02-20,3211.989990234375,3213.25,3163.949951171875,3164.409912109375,2001800000,14.680000305175781,79.6500015258789,0.18430634053919176
2013-02-21,3154.8798828125,3155.18994140625,3118.6201171875,3131.489990234375,2052630000,15.220000267028809,80.83000183105469,0.1882964236329056
2013-02-22,3149.090087890625,3161.820068359375,3139.550048828125,3161.820068359375,1581500000,14.170000076293945,78.66000366210938,0.1801423775310559
2013-02-25,3180.590087890625,3186.25,3116.25,3116.25,1930990000,18.989999771118164,94.33999633789062,0.20129320021492347
2013-02-26,3126.22998046875,3135.570068359375,3105.360107421875,3129.64990234375,1847750000,16.8700008392334,90.2300033569336,0.18696664315193165
2013-02-27,3129.719970703125,3177.800048828125,3127.27001953125,3162.260009765625,1727260000,14.729999542236328,82.29000091552734,0.17900108613872814
2013-02-28,3161.429931640625,3182.60009765625,3159.719970703125,3160.18994140625,2022530000,15.510000228881836,86.56999969482422,0.17916137557534423
2013-03-01,3143.5400390625,3171.5,3129.39990234375,3169.739990234375,1870250000,15.359999656677246,87.83000183105469,0.17488328972397107
2013-03-04,3159.4599609375,3182.27001953125,3154.7900390625,3182.030029296875,1718290000,14.010000228881836,82.2699966430664,0.17029294761813482
2013-03-05,3200.3798828125,3227.31005859375,3200.27001953125,3224.1298828125,1891510000,13.479999542236328,79.31999969482422,0.1699445233749279
2013-03-06,3233.31005859375,3233.43994140625,3217.669921875,3222.3701171875,1764020000,13.529999732971191,78.77999877929688,0.1717440967583111
2013-03-07,3224.5,3235.10009765625,3221.469970703125,3232.090087890625,1675640000,13.0600004196167,77.16000366210938,0.16925868066061298
2013-03-08,3245.85009765625,3248.699951171875,3227.889892578125,3244.3701171875,1611700000,12.59000015258789,76.6500015258789,0.16425309722058126
2013-03-11,3237.739990234375,3252.8701171875,3233.669921875,3252.8701171875,1628500000,11.5600004196167,77.31999969482422,0.14950854197158672
2013-03-12,3244.85009765625,3249.780029296875,3229.919921875,3242.320068359375,1673740000,12.270000457763672,79.98999786376953,0.1533941840911239
2013-03-13,3243.0400390625,3251.449951171875,3230.6201171875,3245.1201171875,1577280000,11.829999923706055,84.36000061035156,0.1402323356817808
2013-03-14,3253.0,3258.929931640625,3250.239990234375,3258.929931640625,1651650000,11.300000190734863,83.5,0.13532934360161514
2013-03-15,3260.4599609375,3260.6201171875,3242.64990234375,3249.070068359375,2305230000,11.300000190734863,85.72000122070312,0.13182454537816413
2013-03-18,3215.7099609375,3249.3701171875,3211.10009765625,3237.590087890625,1550510000,13.359999656677246,93.06999969482422,0.14354786397855998
2013-03-19,3246.699951171875,3252.60009765625,3205.419921875,3229.10009765625,1690680000,14.390000343322754,94.38999938964844,0.15245259493984992
2013-03-20,3251.909912109375,3257.989990234375,3240.89990234375,3254.18994140625,1599120000,12.670000076293945,89.44999694824219,0.14164338187317208
2013-03-21,3228.169921875,3237.570068359375,3215.68994140625,3222.60009765625,1692260000,13.989999771118164,93.9800033569336,0.14886145213237023
2013-03-22,3235.300048828125,3247.93994140625,3230.860107421875,3245.0,1681360000,13.569999694824219,91.77999877929688,0.14785356150914714
2013-03-25,3255.85009765625,3263.6298828125,3222.47998046875,3235.300048828125,1666010000,13.739999771118164,88.86000061035156,0.15462524956946208
2013-03-26,3249.949951171875,3252.929931640625,3239.919921875,3252.47998046875,1444500000,12.770000457763672,85.13999938964844,0.14998826109125254
2013-03-27,3230.760009765625,3258.260009765625,3227.02001953125,3256.52001953125,1420130000,13.149999618530273,85.31999969482422,0.15412564071220916
2013-03-28,3257.320068359375,3270.300048828125,3253.2099609375,3267.52001953125,1636800000,12.699999809265137,83.19999694824219,0.15264423407570157
2013-04-01,3268.6298828125,3270.22998046875,3230.570068359375,3239.169921875,1481360000,13.579999923706055,84.2300033569336,0.16122520933733508
2013-04-02,3252.550048828125,3267.929931640625,3245.409912109375,3254.860107421875,1580800000,12.779999732971191,80.48999786376953,0.15877748878315942
2013-04-03,3257.3798828125,3260.14990234375,3210.389892578125,3218.60009765625,1813910000,14.210000038146973,85.2300033569336,0.16672532533686643
2013-04-04,3219.110107421875,3226.239990234375,3206.02001953125,3224.97998046875,1475720000,13.890000343322754,83.12000274658203,0.1671077945662595
2013-04-05,3174.0,3206.2099609375,3168.8798828125,3203.860107421875,1594090000,13.920000076293945,84.48999786376953,0.1647532303023413
2013-04-08,3207.14990234375,3222.260009765625,3195.570068359375,3222.25,1323520000,13.1899995803833,82.12000274658203,0.16061859643486545
2013-04-09,3229.81005859375,3249.949951171875,3215.02001953125,3237.860107421875,1498130000,12.84000015258789,82.04000091552734,0.15650902010360315
2013-04-10,3246.06005859375,3299.159912109375,3245.800048828125,3297.25,1769870000,12.359999656677246,82.75,0.14936555476347124
2013-04-11,3289.590087890625,3306.949951171875,3287.739990234375,3300.159912109375,1829170000,12.239999771118164,83.37000274658203,0.1468153936413295
2013-04-12,3292.389892578125,3296.5,3271.02001953125,3294.949951171875,1471180000,12.0600004196167,82.38999938964844,0.1463769936759088
2013-04-15,3277.580078125,3283.39990234375,3213.4599609375,3216.489990234375,1779320000,17.270000457763672,104.62000274658203,0.1650735997359538
2013-04-16,3239.050048828125,3265.840087890625,3231.449951171875,3264.6298828125,1515400000,13.960000038146973,88.19000244140625,0.15829458727390383
2013-04-17,3236.25,3236.97998046875,3186.080078125,3204.669921875,1902730000,16.510000228881836,105.26000213623047,0.15684970448237429
2013-04-18,3212.239990234375,3212.969970703125,3154.9599609375,3166.360107421875,1766000000,17.559999465942383,107.6500015258789,0.16312121892279755
2013-04-19,3169.320068359375,3210.030029296875,3168.330078125,3206.06005859375,1738850000,14.970000267028809,95.5199966430664,0.1567211138309378
2013-04-22,3217.39990234375,3241.159912109375,3198.739990234375,3233.550048828125,1628340000,14.390000343322754,90.91000366210938,0.15828841451604078
2013-04-23,3252.800048828125,3275.889892578125,3241.52001953125,3269.330078125,1684770000,13.479999542236328,85.16000366210938,0.15829026494316656
2013-04-24,3262.2099609375,3277.1201171875,3255.43994140625,3269.64990234375,1738590000,13.609999656677246,84.98999786376953,0.1601364866309647
2013-04-25,3279.820068359375,3301.280029296875,3279.2900390625,3289.989990234375,2012230000,13.619999885559082,85.88999938964844,0.15857492120555983
2013-04-26,3284.070068359375,3287.47998046875,3268.030029296875,3279.260009765625,1721970000,13.609999656677246,85.08999633789062,0.15994829289488058
2013-04-29,3290.31005859375,3315.330078125,3289.419921875,3307.02001953125,1594110000,13.710000038146973,84.41999816894531,0.16240227831692047
2013-04-30,3308.050048828125,3328.7900390625,3298.580078125,3328.7900390625,1984270000,13.520000457763672,83.45999908447266,0.16199377673224782
2013-05-01,3325.35009765625,3330.02001953125,3296.5,3299.1298828125,1884600000,14.489999771118164,88.11000061035156,0.16445352026720805
2013-05-02,3306.14990234375,3344.89990234375,3305.81005859375,3340.6201171875,1757480000,13.59000015258789,83.81999969482422,0.16213314485882843
2013-05-03,3371.409912109375,3388.1201171875,3370.300048828125,3378.6298828125,1745570000,12.850000381469727,80.91000366210938,0.15881843776862237
2013-05-06,3382.330078125,3396.2099609375,3381.43994140625,3392.969970703125,1500410000,12.65999984741211,79.77999877929688,0.1586863880812369
2013-05-07,3398.840087890625,3402.239990234375,3381.0400390625,3396.6298828125,1709800000,12.829999923706055,78.86000061035156,0.1626933784479571
2013-05-08,3394.889892578125,3413.27001953125,3389.800048828125,3413.27001953125,1756400000,12.65999984741211,79.80999755859375,0.158626741444486
2013-05-09,3408.93994140625,3428.5400390625,3403.429931640625,3409.169921875,1826220000,13.130000114440918,81.13999938964844,0.16181908076420318
2013-05-10,3414.840087890625,3436.60009765625,3411.590087890625,3436.580078125,1689730000,12.59000015258789,80.44999694824219,0.15649472504874942
2013-05-13,3429.530029296875,3447.10009765625,3426.669921875,3438.7900390625,1615510000,12.550000190734863,80.44999694824219,0.15599752227223768
2013-05-14,3439.719970703125,3468.669921875,3439.719970703125,3462.610107421875,1820520000,12.770000457763672,80.44999694824219,0.1587321434701769
2013-05-15,3455.669921875,3475.47998046875,3452.31005859375,3471.6201171875,1843910000,12.8100004196167,83.1500015258789,0.1540589318645992
2013-05-16,3473.159912109375,3485.949951171875,3462.239990234375,3465.239990234375,1945760000,13.069999694824219,84.5,0.15467455260147003
2013-05-17,3483.409912109375,3499.199951171875,3473.0400390625,3498.969970703125,1828610000,12.449999809265137,84.0,0.14821428344363258
2013-05-20,3490.4599609375,3509.409912109375,3488.1298828125,3496.429931640625,1745260000,13.020000457763672,85.01000213623047,0.1531584534829069
2013-05-21,3495.4599609375,3512.14990234375,3486.8798828125,3502.1201171875,1776780000,13.369999885559082,88.04000091552734,0.15186278676197806
2013-05-22,3503.47998046875,3532.0400390625,3446.9599609375,3463.300048828125,2179330000,13.819999694824219,88.2300033569336,0.15663605541207506
2013-05-23,3426.070068359375,3467.1298828125,3422.510009765625,3459.419921875,1820670000,14.069999694824219,87.4000015258789,0.1609839753911003
2013-05-24,3438.280029296875,3459.469970703125,3429.31005859375,3459.139892578125,1449210000,13.989999771118164,83.87999725341797,0.16678588732962907
2013-05-28,3497.89990234375,3514.800048828125,3475.389892578125,3488.889892578125,1748070000,14.479999542236328,82.6500015258789,0.175196603447157
2013-05-29,3471.669921875,3479.530029296875,3450.39990234375,3467.52001953125,1794650000,14.829999923706055,81.72000122070312,0.18147331989942495
2013-05-30,3473.2099609375,3503.820068359375,3473.0400390625,3491.300048828125,1737320000,14.529999732971191,80.22000122070312,0.1811268949372853
2013-05-31,3478.219970703125,3500.669921875,3455.840087890625,3455.909912109375,1968270000,16.299999237060547,84.87000274658203,0.1920584271186087
2013-06-03,3460.760009765625,3465.840087890625,3419.389892578125,3465.3701171875,2054100000,16.280000686645508,86.98999786376953,0.18714796052921812
2013-06-04,3467.02001953125,3482.75,3430.02001953125,3445.260009765625,1871640000,16.270000457763672,87.38999938964844,0.18617691465152814
2013-06-05,3432.85009765625,3446.14990234375,3397.909912109375,3401.47998046875,1813890000,17.5,93.18000030517578,0.18780854199061367
2013-06-06,3404.409912109375,3424.050048828125,3378.239990234375,3424.050048828125,1802700000,16.6299991607666,91.91000366210938,0.18093785766676507
2013-06-07,3437.840087890625,3471.72998046875,3429.429931640625,3469.219970703125,1646810000,15.140000343322754,84.19000244140625,0.17983133275069976
2013-06-10,3475.679931640625,3484.81005859375,3465.5400390625,3473.77001953125,1556520000,15.4399995803833,82.94000244140625,0.18615865837827814
2013-06-11,3436.6201171875,3466.570068359375,3426.570068359375,3436.949951171875,1560370000,17.06999969482422,92.31999969482422,0.18490034392603255
2013-06-12,3458.139892578125,3459.179931640625,3395.909912109375,3400.429931640625,1630200000,18.59000015258789,101.7699966430664,0.18266680520574063
2013-06-13,3398.5400390625,3451.030029296875,3387.610107421875,3445.360107421875,1584740000,16.40999984741211,95.08000183105469,0.17259149696453133
2013-06-14,3442.31005859375,3448.39990234375,3419.320068359375,3423.56005859375,1458030000,17.149999618530273,93.87000274658203,0.18269946859200167
2013-06-17,3449.969970703125,3468.56005859375,3436.340087890625,3452.1298828125,1581830000,16.799999237060547,90.44999694824219,0.18573797461457006
2013-06-18,3456.2900390625,3488.31005859375,3456.090087890625,3482.179931640625,1675090000,16.610000610351562,89.98999786376953,0.18457607517111455
2013-06-19,3483.590087890625,3485.449951171875,3443.199951171875,3443.199951171875,1649200000,16.639999389648438,88.58999633789062,0.18783158457510152
2013-06-20,3405.139892578125,3412.93994140625,3355.929931640625,3364.639892578125,2041500000,20.489999771118164,100.9800033569336,0.20291145860524729
2013-06-21,3367.81005859375,3377.300048828125,3326.860107421875,3357.25,2921900000,18.899999618530273,96.0999984741211,0.1966701344289811
2013-06-24,3326.3798828125,3344.659912109375,3294.949951171875,3320.760009765625,2030960000,20.110000610351562,100.93000030517578,0.19924700831810366
2013-06-25,3350.590087890625,3358.31005859375,3327.68994140625,3347.889892578125,1657280000,18.469999313354492,94.83000183105469,0.1947695766816487
2013-06-26,3375.699951171875,3383.699951171875,3365.47998046875,3376.219970703125,1671280000,17.209999084472656,90.76000213623047,0.18962096385410507
2013-06-27,3395.7900390625,3412.7900390625,3395.409912109375,3401.860107421875,1689800000,16.860000610351562,86.05000305175781,0.19593259747138556
2013-06-28,3389.300048828125,3422.199951171875,3382.75,3403.25,3630410000,16.860000610351562,86.54000091552734,0.19482320813479995
2013-07-01,3430.47998046875,3454.429931640625,3430.31005859375,3434.489990234375,1586750000,16.3700008392334,84.88999938964844,0.19283780135389625
2013-07-02,3430.68994140625,3453.2900390625,3415.22998046875,3433.39990234375,1685190000,16.440000534057617,83.69999694824219,0.19641578415138616
2013-07-03,3420.27001953125,3455.419921875,3417.8798828125,3443.669921875,935980000,16.200000762939453,82.72000122070312,0.19584139898301794
2013-07-05,3468.47998046875,3479.4599609375,3441.780029296875,3479.3798828125,1254400000,14.890000343322754,77.41000366210938,0.19235240458477212
2013-07-08,3493.81005859375,3495.510009765625,3475.389892578125,3484.830078125,1521720000,14.779999732971191,75.48999786376953,0.19578752352918882
2013-07-09,3501.25,3508.81005859375,3484.7900390625,3504.260009765625,1633520000,14.350000381469727,75.91999816894531,0.18901476195424252
2013-07-10,3502.110107421875,3522.989990234375,3502.0,3520.760009765625,1567340000,14.210000038146973,79.54000091552734,0.17865224886328834
2013-07-11,3557.7900390625,3579.2900390625,3552.52001953125,3578.300048828125,1744210000,14.010000228881836,77.16000366210938,0.18157075640163126
2013-07-12,3579.580078125,3600.080078125,3576.570068359375,3600.080078125,1615820000,13.84000015258789,76.13999938964844,0.18177042636632196
2013-07-15,3601.090087890625,3609.590087890625,3591.5400390625,3607.489990234375,1449130000,13.789999961853027,76.22000122070312,0.18092363869061895
2013-07-16,3611.0,3611.35009765625,3589.64990234375,3598.5,1590540000,14.420000076293945,80.83999633789062,0.17837705009314958
2013-07-17,3608.1298828125,3615.7900390625,3600.68994140625,3610.0,1564340000,13.779999732971191,77.05999755859375,0.1788216995788685
2013-07-18,3610.030029296875,3624.5400390625,3607.090087890625,3611.280029296875,1719390000,13.770000457763672,74.68000030517578,0.1843867220339222
2013-07-19,3581.89990234375,3589.050048828125,3578.570068359375,3587.610107421875,1785460000,12.539999961853027,73.63999938964844,0.17028788791130509
2013-07-22,3599.8701171875,3601.919921875,3587.4599609375,3600.389892578125,1507010000,12.289999961853027,72.48999786376953,0.16954063076328996
2013-07-23,3606.699951171875,3606.699951171875,3576.9599609375,3579.27001953125,1620350000,12.65999984741211,75.05000305175781,0.16868753274641723
2013-07-24,3605.260009765625,3606.280029296875,3573.530029296875,3579.60009765625,1856660000,13.180000305175781,76.80000305175781,0.17161458048762557
2013-07-25,3589.4599609375,3606.18994140625,3579.199951171875,3605.18994140625,2203970000,12.970000267028809,76.73999786376953,0.16901225733747643
2013-07-26,3584.85009765625,3613.330078125,3581.260009765625,3613.159912109375,1796060000,12.720000267028809,76.54000091552734,0.1661876158202182
2013-07-29,3604.2900390625,3618.860107421875,3592.800048828125,3599.139892578125,1545720000,13.390000343322754,76.6500015258789,0.1746901510341388
2013-07-30,3612.360107421875,3629.1201171875,3606.330078125,3616.469970703125,1763580000,13.390000343322754,74.3499984741211,0.18009415760759423
2013-07-31,3627.659912109375,3649.35009765625,3624.77001953125,3626.3701171875,1942380000,13.449999809265137,73.08000183105469,0.18404487509946504
2013-08-01,3654.179931640625,3678.5,3653.739990234375,3675.739990234375,1863290000,12.9399995803833,71.0999984741211,0.18199718506454243
2013-08-02,3671.110107421875,3689.590087890625,3663.8798828125,3689.590087890625,1683270000,11.979999542236328,70.36000061035156,0.17026718928813933
2013-08-05,3682.669921875,3694.18994140625,3681.340087890625,3692.949951171875,1471860000,11.84000015258789,69.73999786376953,0.16977345160973775
2013-08-06,3685.389892578125,3690.320068359375,3654.669921875,3665.77001953125,1444200000,12.720000267028809,75.52999877929688,0.16840990960687557
2013-08-07,3658.530029296875,3663.199951171875,3633.590087890625,3654.010009765625,1659780000,12.979999542236328,76.56999969482422,0.16951808272128957
2013-08-08,3672.2099609375,3675.7099609375,3649.639892578125,3669.1201171875,1702950000,12.729999542236328,75.41000366210938,0.16881048831764828
2013-08-09,3664.27001953125,3677.830078125,3649.68994140625,3660.110107421875,1546570000,13.40999984741211,77.33000183105469,0.17341264101751042
2013-08-12,3645.780029296875,3673.510009765625,3645.389892578125,3669.949951171875,1422420000,12.8100004196167,78.7699966430664,0.16262537724437337
2013-08-13,3675.3701171875,3691.06005859375,3648.820068359375,3684.43994140625,1644730000,12.3100004196167,78.94000244140625,0.15594122167343333
2013-08-14,3683.969970703125,3686.550048828125,3668.739990234375,3669.27001953125,1589370000,13.039999961853027,80.22000122070312,0.16255297635781726
2013-08-15,3625.360107421875,3626.77001953125,3600.9599609375,3606.1201171875,1742510000,14.729999542236328,86.20999908447266,0.170861845478077
2013-08-16,3603.780029296875,3621.4599609375,3598.64990234375,3602.780029296875,1520430000,14.369999885559082,84.08999633789062,0.17088834000916725
2013-08-19,3601.8798828125,3623.47998046875,3589.030029296875,3589.090087890625,1381050000,15.100000381469727,86.91000366210938,0.17374294954785457
2013-08-20,3596.77001953125,3625.260009765625,3593.139892578125,3613.590087890625,1308280000,14.90999984741211,89.08000183105469,0.16737763292472507
2013-08-21,3603.679931640625,3630.22998046875,3589.02001953125,3599.7900390625,1438510000,15.9399995803833,90.37999725341797,0.17636645347187688
2013-08-22,3614.139892578125,3639.2099609375,3613.929931640625,3638.7099609375,927400000,14.760000228881836,84.5199966430664,0.17463323254985802
2013-08-23,3659.2099609375,3660.659912109375,3643.860107421875,3657.7900390625,1499890000,13.979999542236328,80.0199966430664,0.17470632502766634
2013-08-26,3661.81005859375,3684.219970703125,3652.260009765625,3657.570068359375,1404230000,14.989999771118164,83.05999755859375,0.18047195053844825
2013-08-27,3616.06005859375,3629.949951171875,3573.570068359375,3578.52001953125,1640040000,16.770000457763672,92.36000061035156,0.18157211289455227
2013-08-28,3579.110107421875,3607.360107421875,3578.800048828125,3593.35009765625,1370650000,16.489999771118164,91.45999908447266,0.18029739707178397
2013-08-29,3587.070068359375,3635.840087890625,3587.070068359375,3620.300048828125,1344900000,16.809999465942383,91.48999786376953,0.18373592587654022
2013-08-30,3621.590087890625,3621.780029296875,3581.050048828125,3589.8701171875,1328320000,17.010000228881836,92.5999984741211,0.18369331003429354
2013-09-03,3622.639892578125,3637.06005859375,3593.6201171875,3612.610107421875,1628810000,16.610000610351562,90.66000366210938,0.18321200021408757
2013-09-04,3619.050048828125,3651.780029296875,3612.219970703125,3649.0400390625,1855980000,15.880000114440918,88.27999877929688,0.17988219680588668
2013-09-05,3652.43994140625,3665.010009765625,3651.169921875,3658.780029296875,1550180000,15.770000457763672,85.80000305175781,0.1837995325973428
2013-09-06,3672.820068359375,3677.070068359375,3618.77001953125,3660.010009765625,1647310000,15.850000381469727,86.51000213623047,0.18321581308610016
2013-09-09,3675.1201171875,3708.419921875,3675.1201171875,3706.179931640625,1664290000,15.630000114440918,83.45999908447266,0.18727534490650152
2013-09-10,3724.669921875,3729.3798828125,3716.43994140625,3729.02001953125,1842570000,14.529999732971191,79.25,0.18334384521099295
2013-09-11,3710.7900390625,3726.590087890625,3704.219970703125,3725.010009765625,1722380000,13.819999694824219,78.4000015258789,0.1762755028807289
2013-09-12,3724.530029296875,3731.840087890625,3713.080078125,3715.969970703125,1653860000,14.289999961853027,80.97000122070312,0.1764851148131048
2013-09-13,3723.27001953125,3724.72998046875,3701.8798828125,3722.179931640625,1460190000,14.15999984741211,79.7300033569336,0.1775993885767309
2013-09-16,3755.0,3756.239990234375,3712.469970703125,3717.85009765625,1542500000,14.380000114440918,80.08999633789062,0.17954801812917215
2013-09-17,3725.31005859375,3747.080078125,3724.260009765625,3745.699951171875,1338800000,14.529999732971191,79.48999786376953,0.1827902896396198
2013-09-18,3751.2900390625,3790.699951171875,3737.68994140625,3783.639892578125,1828820000,13.59000015258789,74.6500015258789,0.18204956295783392
2013-09-19,3794.699951171875,3798.159912109375,3781.590087890625,3789.3798828125,1775980000,13.15999984741211,73.22000122070312,0.17973230849511498
2013-09-20,3796.280029296875,3798.760009765625,3774.110107421875,3774.72998046875,2711270000,13.119999885559082,76.88999938964844,0.17063337221622354
2013-09-23,3786.840087890625,3787.139892578125,3745.5400390625,3765.2900390625,1728620000,14.3100004196167,77.55999755859375,0.18450233200182886
2013-09-24,3771.60009765625,3789.85009765625,3753.0400390625,3768.25,1810950000,14.079999923706055,74.77999877929688,0.1882856399244039
2013-09-25,3772.590087890625,3782.919921875,3754.93994140625,3761.10009765625,1821790000,14.010000228881836,73.08000183105469,0.1917077158983925
2013-09-26,3774.949951171875,3795.719970703125,3772.800048828125,3787.429931640625,1817960000,14.0600004196167,69.95999908447266,0.20097199261881152
2013-09-27,3767.889892578125,3788.35009765625,3762.669921875,3781.590087890625,1699720000,15.460000038146973,74.93000030517578,0.206325903846007
2013-09-30,3737.60009765625,3780.969970703125,3734.739990234375,3771.47998046875,1895760000,16.600000381469727,81.66999816894531,0.2032570191458852
2013-10-01,3774.179931640625,3817.97998046875,3774.179931640625,3817.97998046875,1843320000,15.539999961853027,76.43000030517578,0.20332330105722465
2013-10-02,3793.110107421875,3819.280029296875,3788.449951171875,3815.02001953125,1792980000,16.600000381469727,85.7300033569336,0.19363116448690967
2013-10-03,3809.89990234375,3816.9599609375,3753.169921875,3774.340087890625,1884340000,17.670000076293945,93.79000091552734,0.1883996151381698
2013-10-04,3774.719970703125,3812.860107421875,3773.39990234375,3807.75,1549600000,16.739999771118164,88.70999908447266,0.1887047677137024
2013-10-07,3776.639892578125,3800.080078125,3769.75,3770.3798828125,1475990000,19.40999984741211,103.08000183105469,0.1883003444181595
2013-10-08,3772.219970703125,3772.489990234375,3694.14990234375,3694.830078125,2087580000,20.34000015258789,106.55000305175781,0.1908962887847832
2013-10-09,3701.6201171875,3702.14990234375,3650.030029296875,3677.780029296875,2242700000,19.600000381469727,111.43000030517578,0.17589518377268937
2013-10-10,3721.580078125,3764.719970703125,3721.110107421875,3760.75,1902410000,16.479999542236328,95.30999755859375,0.17290945298896807
2013-10-11,3753.219970703125,3794.3701171875,3751.3798828125,3791.8701171875,1750350000,15.720000267028809,90.8499984741211,0.17303247695162813
2013-10-14,3767.489990234375,3816.409912109375,3766.280029296875,3815.280029296875,1455160000,16.06999969482422,91.80000305175781,0.17505445708715045
2013-10-15,3810.719970703125,3824.43994140625,3789.679931640625,3794.010009765625,1745560000,18.65999984741211,103.37000274658203,0.18051658461457387
2013-10-16,3815.0,3840.47998046875,3814.14990234375,3839.429931640625,1744000000,14.710000038146973,85.69999694824219,0.17164528076974095
2013-10-17,3822.85009765625,3863.489990234375,3821.429931640625,3863.14990234375,1975140000,13.479999542236328,72.69999694824219,0.18541953381144208
2013-10-18,3893.360107421875,3914.929931640625,3882.06005859375,3914.280029296875,1943090000,13.039999961853027,73.41999816894531,0.17760828503219164
2013-10-21,3922.64990234375,3931.449951171875,3909.909912109375,3920.050048828125,1674470000,13.15999984741211,75.0199966430664,0.1754198938454418
2013-10-22,3935.5400390625,3947.669921875,3904.06005859375,3929.570068359375,1890500000,13.329999923706055,74.12999725341797,0.17981924210973094
2013-10-23,3907.300048828125,3911.639892578125,3887.669921875,3907.070068359375,1915030000,13.420000076293945,72.43000030517578,0.18528234184385284
2013-10-24,3911.610107421875,3932.60009765625,3907.5400390625,3928.9599609375,2054350000,13.199999809265137,70.83999633789062,0.18633541066693662
2013-10-25,3955.97998046875,3961.10009765625,3927.5,3943.360107421875,2225780000,13.09000015258789,70.02999877929688,0.18691989691220323
2013-10-28,3942.56005859375,3947.580078125,3927.090087890625,3940.1298828125,1904810000,13.3100004196167,70.16000366210938,0.1897092321106149
2013-10-29,3954.340087890625,3957.1201171875,3934.93994140625,3952.340087890625,1897380000,13.40999984741211,68.5199966430664,0.19570928932275536
2013-10-30,3962.39990234375,3966.7099609375,3919.139892578125,3930.6201171875,1923000000,13.649999618530273,69.55999755859375,0.19623346891339694
2013-10-31,3924.340087890625,3945.0400390625,3909.260009765625,3919.7099609375,2139650000,13.75,69.44000244140625,0.19801266584923158
2013-11-01,3932.449951171875,3938.47998046875,3904.199951171875,3922.0400390625,1949460000,13.279999732971191,68.94000244140625,0.19263126287612448
2013-11-04,3932.60009765625,3937.5,3919.4599609375,3936.590087890625,1817880000,12.930000305175781,67.08999633789062,0.19272620377046085
2013-11-05,3925.06005859375,3947.27001953125,3909.6298828125,3939.860107421875,1934630000,13.270000457763672,67.41000366210938,0.1968550621103531
2013-11-06,3952.179931640625,3955.969970703125,3920.909912109375,3931.949951171875,2020160000,12.670000076293945,67.41000366210938,0.18795430037063848
2013-11-07,3935.81005859375,3938.330078125,3855.070068359375,3857.330078125,2303320000,13.90999984741211,71.73999786376953,0.19389462310587832
2013-11-08,3871.239990234375,3919.22998046875,3869.1201171875,3919.22998046875,1981740000,12.899999618530273,69.38999938964844,0.1859057462458299
2013-11-11,3913.639892578125,3925.340087890625,3904.719970703125,3919.7900390625,1595340000,12.529999732971191,69.38999938964844,0.1805735674187138
2013-11-12,3907.820068359375,3922.27001953125,3902.669921875,3919.919921875,1776860000,12.819999694824219,69.38999938964844,0.18475284345854454
2013-11-13,3899.3798828125,3965.580078125,3899.31005859375,3965.580078125,1827220000,12.520000457763672,71.37000274658203,0.17542384721798635
2013-11-14,3956.469970703125,3975.889892578125,3949.010009765625,3972.739990234375,1965350000,12.369999885559082,71.91000366210938,0.1720205709303426
2013-11-15,3978.27001953125,3985.969970703125,3969.219970703125,3985.969970703125,1899150000,12.1899995803833,73.58000183105469,0.16567000920131086
2013-11-18,3990.06005859375,3994.969970703125,3942.85009765625,3949.070068359375,1829870000,13.100000381469727,75.05999755859375,0.17452705578951733
2013-11-19,3945.97998046875,3960.43994140625,3923.469970703125,3931.550048828125,1747840000,13.390000343322754,74.44999694824219,0.17985226181582672
2013-11-20,3940.97998046875,3952.080078125,3911.610107421875,3921.27001953125,1721160000,13.399999618530273,69.05000305175781,0.19406225961331292
2013-11-21,3938.110107421875,3970.909912109375,3936.820068359375,3969.159912109375,1684250000,12.65999984741211,64.94999694824219,0.19491917540043457
2013-11-22,3977.31005859375,3991.659912109375,3973.0,3991.64990234375,1730280000,12.260000228881836,63.77000045776367,0.19225341290379813
2013-11-25,4004.3701171875,4007.090087890625,3987.159912109375,3994.570068359375,1795760000,12.789999961853027,64.87999725341797,0.19713317668457872
2013-11-26,3996.699951171875,4026.989990234375,3989.489990234375,4017.75,1907680000,12.8100004196167,65.13999938964844,0.19665337027393906
2013-11-27,4026.919921875,4045.81005859375,4023.64990234375,4044.75,1477020000,12.979999542236328,64.80999755859375,0.20027773539879098
2013-11-29,4057.159912109375,4069.699951171875,4055.449951171875,4059.889892578125,853500000,13.699999809265137,64.80999755859375,0.21138713663550399
2013-12-02,4065.659912109375,4068.489990234375,4040.8798828125,4045.260009765625,1680380000,14.229999542236328,69.58999633789062,0.20448340697049763
2013-12-03,4038.989990234375,4050.080078125,4022.1201171875,4037.199951171875,1875010000,14.550000190734863,73.20999908447266,0.19874334616431952
2013-12-04,4020.330078125,4051.739990234375,4004.760009765625,4038.0,1886970000,14.699999809265137,72.7300033569336,0.20211740864526906
2013-12-05,4037.989990234375,4043.7099609375,4025.260009765625,4033.169921875,1880950000,15.079999923706055,75.80000305175781,0.19894458201286772
2013-12-06,4069.860107421875,4069.860107421875,4042.35009765625,4062.52001953125,1727130000,13.789999961853027,70.44999694824219,0.19574166868998147
2013-12-09,4073.75,4081.780029296875,4063.5,4068.75,1717120000,13.489999771118164,70.44999694824219,0.19148332655044573
2013-12-10,4061.169921875,4074.010009765625,4056.489990234375,4060.489990234375,1864860000,13.90999984741211,70.44999694824219,0.19744500283841646
2013-12-11,4061.669921875,4065.080078125,3998.919921875,4003.81005859375,1923520000,15.420000076293945,80.55000305175781,0.1914338856869533
2013-12-12,4004.75,4013.5400390625,3993.570068359375,3998.39990234375,1893270000,15.539999961853027,83.37999725341797,0.18637563532920362
2013-12-13,4015.530029296875,4017.449951171875,3992.2900390625,4000.97998046875,1615340000,15.760000228881836,85.38999938964844,0.1845649413459578
2013-12-16,4019.3701171875,4043.0,4019.139892578125,4029.52001953125,1943830000,16.030000686645508,83.19999694824219,0.1926682845507506
2013-12-17,4028.8798828125,4034.68994140625,4011.580078125,4023.679931640625,1861130000,16.209999084472656,82.2300033569336,0.19712998203478532
2013-12-18,4024.669921875,4070.3798828125,3979.590087890625,4070.06005859375,2178330000,13.800000190734863,67.16999816894531,0.20544886953882655
2013-12-19,4059.340087890625,4063.699951171875,4045.409912109375,4058.139892578125,1813050000,14.149999618530273,67.02999877929688,0.21109950583649262
2013-12-20,4064.889892578125,4111.93017578125,4064.72998046875,4104.740234375,3510420000,13.789999961853027,68.0,0.20279411708607392
2013-12-23,4136.14990234375,4149.31005859375,4127.72021484375,4148.89990234375,1779400000,13.039999961853027,63.4900016784668,0.20538666903635727
2013-12-24,4150.64013671875,4155.6201171875,4147.14990234375,4155.419921875,802270000,12.479999542236328,63.4900016784668,0.19656637600104257
2013-12-26,4164.2099609375,4169.97021484375,4158.58984375,4167.18017578125,1180670000,12.329999923706055,62.709999084472656,0.196619360607821
2013-12-27,4173.35986328125,4175.35986328125,4153.64013671875,4156.58984375,1255020000,12.460000038146973,66.66999816894531,0.18689066117225128
2013-12-30,4153.580078125,4158.72998046875,4142.18017578125,4154.2001953125,1349470000,13.5600004196167,69.70999908447266,0.19452016350172469
2013-12-31,4161.509765625,4177.72998046875,4160.77001953125,4176.58984375,1401140000,13.720000267028809,70.83000183105469,0.19370323185581811
2014-01-02,4160.02978515625,4160.9599609375,4131.7900390625,4143.06982421875,1738820000,14.229999542236328,73.13999938964844,0.19455837655161795
2014-01-03,4148.56005859375,4152.9599609375,4124.9599609375,4131.91015625,1667480000,13.760000228881836,70.02999877929688,0.196487226456296
2014-01-06,4137.02978515625,4139.77978515625,4103.75,4113.68017578125,2292840000,13.550000190734863,68.33000183105469,0.19830235368992258
2014-01-07,4128.56982421875,4158.18017578125,4126.47998046875,4153.18017578125,2278220000,12.920000076293945,68.33000183105469,0.18908239031280183
2014-01-08,4154.27978515625,4171.75,4145.0,4165.60986328125,2345220000,12.869999885559082,68.33000183105469,0.18835064452917827
2014-01-09,4179.0400390625,4182.740234375,4142.7001953125,4156.18994140625,2214770000,12.890000343322754,68.33000183105469,0.18864334842538366
2014-01-10,4168.93994140625,4174.68017578125,4142.2099609375,4174.669921875,2143070000,12.140000343322754,67.73999786376953,0.1792146549478382
2014-01-13,4167.41015625,4179.47021484375,4097.990234375,4113.2998046875,2322240000,13.279999732971191,75.70999908447266,0.1754061536594944
2014-01-14,4129.60009765625,4183.83984375,4125.81005859375,4183.02001953125,2034180000,12.279999732971191,69.30999755859375,0.17717501320916718
2014-01-15,4196.52978515625,4218.7900390625,4195.97998046875,4214.8798828125,2101870000,12.279999732971191,69.55999755859375,0.17653824272531282
2014-01-16,4209.58984375,4219.27978515625,4204.16015625,4218.68994140625,2005850000,12.529999732971191,73.9800033569336,0.16937008873218506
2014-01-17,4207.81982421875,4217.240234375,4187.31005859375,4197.580078125,2150370000,12.4399995803833,75.72000122070312,0.1642894793955972
2014-01-21,4222.97998046875,4227.93017578125,4193.169921875,4225.759765625,2034030000,12.869999885559082,77.77999877929688,0.16546670207694525
2014-01-22,4234.580078125,4246.5498046875,4225.52001953125,4243.0,2026910000,12.84000015258789,74.45999908447266,0.1724415835410002
2014-01-23,4224.35986328125,4224.43994140625,4192.27978515625,4218.8798828125,2191980000,13.770000457763672,78.25,0.17597444674458368
2014-01-24,4194.97021484375,4197.93017578125,4128.169921875,4128.169921875,2489470000,18.139999389648438,97.70999908447266,0.18565141295279278
2014-01-27,4132.22021484375,4136.4599609375,4052.6298828125,4083.610107421875,2398280000,17.420000076293945,93.5,0.18631016124378552
2014-01-28,4067.860107421875,4099.81005859375,4067.68994140625,4097.9599609375,2091180000,15.800000190734863,83.95999908447266,0.1881848542523016
2014-01-29,4060.610107421875,4091.27001953125,4044.760009765625,4051.429931640625,2231850000,17.350000381469727,92.47000122070312,0.1876284216765559
2014-01-30,4098.81005859375,4135.83984375,4094.169921875,4123.1298828125,2168410000,17.290000915527344,92.3499984741211,0.1872225360173932
2014-01-31,4068.6298828125,4124.919921875,4067.610107421875,4103.8798828125,2300570000,18.40999984741211,99.66000366210938,0.18472806713744455
2014-02-03,4105.06005859375,4113.5498046875,3989.949951171875,3996.9599609375,2617030000,21.440000534057617,106.77999877929688,0.20078667146617846
2014-02-04,4019.43994140625,4044.199951171875,4004.580078125,4031.52001953125,2173360000,19.110000610351562,100.4000015258789,0.1903386486047593
2014-02-05,4015.5,4026.280029296875,3968.18994140625,4011.550048828125,2168360000,19.950000762939453,102.87000274658203,0.19393409381047494
2014-02-06,4022.659912109375,4064.06005859375,4022.169921875,4057.1201171875,1942700000,17.229999542236328,92.58000183105469,0.18610930224087296
2014-02-07,4081.820068359375,4126.509765625,4069.929931640625,4125.85986328125,2055850000,15.289999961853027,83.16999816894531,0.18384033062973099
2014-02-10,4125.1201171875,4148.2998046875,4122.60986328125,4148.169921875,1811970000,15.260000228881836,79.88999938964844,0.1910126467075567
2014-02-11,4154.66015625,4198.509765625,4153.10009765625,4191.0498046875,1993950000,14.510000228881836,78.63999938964844,0.18451170322353563
2014-02-12,4196.85009765625,4212.60986328125,4190.39013671875,4201.2900390625,2035890000,14.300000190734863,79.55999755859375,0.17973857000439583
2014-02-13,4171.580078125,4240.669921875,4170.47021484375,4240.669921875,2249990000,14.140000343322754,78.41000366210938,0.18033413700955772
2014-02-14,4237.0,4250.91015625,4225.75,4244.02001953125,1881510000,13.569999694824219,77.48999786376953,0.1751193711307208
2014-02-18,4253.7099609375,4277.330078125,4243.56005859375,4272.77978515625,1886210000,13.869999885559082,75.81999969482422,0.18293326221822584
2014-02-19,4260.740234375,4274.2900390625,4232.3798828125,4237.9501953125,1956720000,15.5,86.2300033569336,0.17975181951275748
2014-02-20,4241.4599609375,4272.33984375,4226.75,4267.5498046875,1992780000,14.789999961853027,79.83000183105469,0.1852686912516087
2014-02-21,4282.169921875,4284.85009765625,4261.6298828125,4263.41015625,2138250000,14.680000305175781,78.95999908447266,0.1859169259800888
2014-02-24,4273.31982421875,4311.1298828125,4272.10986328125,4292.97021484375,2161300000,14.229999542236328,77.83999633789062,0.18281089686163704
2014-02-25,4298.47998046875,4307.509765625,4275.7998046875,4287.58984375,2137150000,13.670000076293945,76.45999908447266,0.17878629662539483
2014-02-26,4300.4501953125,4316.81982421875,4278.5400390625,4292.06005859375,2108270000,14.350000381469727,79.41999816894531,0.18068497497247288
2014-02-27,4291.47021484375,4322.4599609375,4284.77978515625,4318.93017578125,2049160000,14.039999961853027,78.94000244140625,0.1778565939654526
2014-02-28,4323.52001953125,4342.58984375,4275.60986328125,4308.1201171875,2617730000,14.0,81.44999694824219,0.1718845982142439
2014-03-03,4261.419921875,4284.14990234375,4239.64990234375,4277.2998046875,2077500000,16.0,92.83999633789062,0.17233951563039807
2014-03-04,4327.85009765625,4357.2099609375,4327.5400390625,4351.97021484375,2477850000,14.100000381469727,82.13999938964844,0.17165815055078582
2014-03-05,4352.759765625,4362.5,4344.14990234375,4357.97021484375,2215980000,13.890000343322754,80.5199966430664,0.17250373723803208
2014-03-06,4368.81005859375,4371.7099609375,4341.0,4352.1298828125,2136260000,14.210000038146973,79.55000305175781,0.1786297862100833
2014-03-07,4370.97998046875,4371.39013671875,4319.14990234375,4336.22021484375,2175560000,14.109999656677246,83.06999969482422,0.16985674381260876
2014-03-10,4332.6201171875,4339.93017578125,4307.83984375,4334.4501953125,2111610000,14.199999809265137,82.3499984741211,0.1724347306907062
2014-03-11,4342.93017578125,4354.43017578125,4295.47021484375,4307.18994140625,2477780000,14.800000190734863,85.12000274658203,0.1738721770815398
2014-03-12,4288.60009765625,4323.330078125,4270.22021484375,4323.330078125,2131880000,14.470000267028809,83.44999694824219,0.17339725339958337
2014-03-13,4338.259765625,4339.89990234375,4242.9501953125,4260.419921875,2383600000,16.219999313354492,92.13999938964844,0.17603645996091405
2014-03-14,4250.4501953125,4272.33984375,4241.93994140625,4245.39990234375,2196890000,17.81999969482422,97.11000061035156,0.18350323944828267
2014-03-17,4274.22021484375,4301.27978515625,4273.009765625,4279.9501953125,1810410000,15.640000343322754,87.79000091552734,0.17815241121106448
2014-03-18,4286.22021484375,4334.66015625,4284.10986328125,4333.31005859375,1962890000,14.520000457763672,81.88999938964844,0.17731103389895883
2014-03-19,4331.4599609375,4334.2998046875,4283.5400390625,4307.60009765625,1992750000,15.119999885559082,81.3499984741211,0.18586355463017037
2014-03-20,4297.990234375,4329.60986328125,4287.41015625,4319.2900390625,1847270000,14.520000457763672,77.02999877929688,0.18849799672677872
2014-03-21,4339.89990234375,4344.39013671875,4268.33984375,4276.7900390625,3245740000,15.0,78.63999938964844,0.1907426260989326
2014-03-24,4289.490234375,4289.490234375,4190.60986328125,4226.39013671875,2434650000,15.09000015258789,77.29000091552734,0.19523871100842946
2014-03-25,4252.64990234375,4274.31982421875,4203.64013671875,4234.27001953125,2270760000,14.020000457763672,74.7699966430664,0.18750837350831656
2014-03-26,4254.97998046875,4263.06982421875,4173.580078125,4173.580078125,2455460000,14.930000305175781,76.2699966430664,0.19575194653601766
2014-03-27,4169.35009765625,4186.1298828125,4131.81005859375,4151.22998046875,2270650000,14.619999885559082,74.70999908447266,0.19569000220477353
2014-03-28,4163.18017578125,4203.490234375,4144.68994140625,4155.759765625,2029840000,14.40999984741211,74.86000061035156,0.19249264934442853
2014-03-31,4185.6298828125,4212.97021484375,4180.5400390625,4198.990234375,2090850000,13.880000114440918,72.19999694824219,0.19224377702385548
2014-04-01,4219.8701171875,4268.2001953125,4218.77001953125,4268.0400390625,2153130000,13.100000381469727,67.51000213623047,0.1940453261286356
2014-04-02,4281.60986328125,4286.08984375,4258.85986328125,4276.4599609375,2187100000,13.09000015258789,67.33000183105469,0.19441556210607996
2014-04-03,4282.18017578125,4284.68994140625,4216.56982421875,4237.740234375,2067370000,13.369999885559082,67.7300033569336,0.19740143544803737
2014-04-04,4263.93994140625,4267.06005859375,4118.7099609375,4127.72998046875,2621270000,13.960000038146973,69.52999877929688,0.20077664724918243
2014-04-07,4110.919921875,4133.68017578125,4052.139892578125,4079.75,2554680000,15.569999694824219,74.51000213623047,0.20896522947827578
2014-04-08,4085.179931640625,4120.240234375,4066.110107421875,4112.990234375,2198900000,14.890000343322754,71.43000030517578,0.20845583479920315
2014-04-09,4129.6298828125,4185.18994140625,4121.169921875,4183.89990234375,1957560000,13.819999694824219,69.19000244140625,0.1997398353400511
2014-04-10,4181.2099609375,4182.60986328125,4042.760009765625,4054.110107421875,2421210000,15.890000343322754,78.55999755859375,0.20226579477005766
2014-04-11,4015.070068359375,4067.219970703125,3991.639892578125,3999.72998046875,2264480000,17.030000686645508,83.94000244140625,0.20288301395432035
2014-04-14,4038.06005859375,4050.7900390625,3986.5,4022.68994140625,1890480000,16.110000610351562,82.19999694824219,0.1959854161612115
2014-04-15,4032.6298828125,4054.800048828125,3946.030029296875,4034.159912109375,2413110000,15.609999656677246,80.66999816894531,0.19350440078088987
2014-04-16,4066.820068359375,4086.280029296875,4038.81005859375,4086.22998046875,1863110000,14.180000305175781,72.08000183105469,0.19672585939178655
2014-04-17,4080.300048828125,4110.4599609375,4064.699951171875,4095.52001953125,1954720000,13.359999656677246,70.08000183105469,0.1906392595263461
2014-04-21,4105.3701171875,4121.5498046875,4081.909912109375,4121.5498046875,1544440000,13.25,68.62000274658203,0.19309238515966082
2014-04-22,4132.06005859375,4170.72021484375,4131.60986328125,4161.4599609375,1875930000,13.1899995803833,66.73999786376953,0.19763260417398998
2014-04-23,4160.89990234375,4161.43994140625,4125.41015625,4126.97021484375,1794760000,13.270000457763672,66.22000122070312,0.20039263384391057
2014-04-24,4174.60986328125,4177.16015625,4107.52001953125,4148.33984375,2130870000,13.319999694824219,68.75,0.1937454501065341
2014-04-25,4125.16015625,4126.97998046875,4068.10009765625,4075.56005859375,2087140000,14.0600004196167,70.48999786376953,0.19946092843965402
2014-04-28,4091.81005859375,4111.58984375,4014.169921875,4074.39990234375,2348320000,13.970000267028809,67.62999725341797,0.20656514615373248
2014-04-29,4089.510009765625,4111.4501953125,4070.25,4103.5400390625,1911240000,13.710000038146973,65.47000122070312,0.20940888624592777
2014-04-30,4085.18994140625,4116.14013671875,4070.6298828125,4114.56005859375,2151400000,13.40999984741211,64.48999786376953,0.20793921990414338
2014-05-01,4121.25,4149.56005859375,4105.60986328125,4127.4501953125,2077040000,13.25,64.5,0.2054263565891473
2014-05-02,4138.6298828125,4145.06005859375,4115.89013671875,4123.89990234375,1844790000,12.90999984741211,64.54000091552734,0.20003098333248023
2014-05-05,4099.25,4138.33984375,4086.35009765625,4138.06005859375,1561170000,13.289999961853027,64.4000015258789,0.2063664541453852
2014-05-06,4128.22021484375,4132.4599609375,4080.760009765625,4080.760009765625,1850610000,13.800000190734863,64.93000030517578,0.21253657979168097
2014-05-07,4085.489990234375,4091.030029296875,4021.050048828125,4067.669921875,2486030000,13.399999618530273,62.63999938964844,0.21392081336362032
2014-05-08,4053.280029296875,4109.2001953125,4039.909912109375,4051.5,2411940000,13.430000305175781,62.15999984741211,0.2160553464952254
2014-05-09,4043.43994140625,4071.8701171875,4025.239990234375,4071.8701171875,1976160000,12.920000076293945,61.7599983215332,0.2091968981124351
2014-05-12,4092.840087890625,4146.5400390625,4092.090087890625,4143.85986328125,1880020000,12.229999542236328,61.7599983215332,0.19802460936875096
2014-05-13,4144.89990234375,4155.1298828125,4128.009765625,4130.169921875,1923480000,12.130000114440918,61.7599983215332,0.19640544760526135
2014-05-14,4122.080078125,4132.330078125,4093.830078125,4100.6298828125,1764430000,12.170000076293945,69.02999877929688,0.17630016357386796
2014-05-15,4096.52978515625,4098.25,4035.9599609375,4069.2900390625,2083030000,13.170000076293945,71.5999984741211,0.18393855247153496
2014-05-16,4070.35009765625,4091.159912109375,4044.27001953125,4090.590087890625,1741070000,12.4399995803833,68.72000122070312,0.18102443770963625
2014-05-19,4080.330078125,4128.47021484375,4075.699951171875,4125.81005859375,1601400000,12.420000076293945,67.58000183105469,0.18378218022756324
2014-05-20,4121.10986328125,4124.85986328125,4080.610107421875,4096.89013671875,1797910000,12.960000038146973,68.7699966430664,0.1884542776032495
2014-05-21,4105.9599609375,4133.60986328125,4103.60986328125,4131.5400390625,1703500000,11.90999984741211,66.55999755859375,0.17893630234778118
2014-05-22,4136.08984375,4164.85009765625,4131.47021484375,4154.33984375,1835810000,12.029999732971191,68.05999755859375,0.17675580611965797
2014-05-23,4159.77978515625,4186.580078125,4148.2998046875,4185.81005859375,1536610000,11.359999656677246,66.86000061035156,0.16990726223413227
2014-05-27,4206.43994140625,4237.06982421875,4204.72021484375,4237.06982421875,1812330000,11.510000228881836,64.94999694824219,0.1772132528051388
2014-05-28,4234.9599609375,4238.169921875,4216.89013671875,4225.080078125,1785140000,11.680000305175781,67.37000274658203,0.17337093408042584
2014-05-29,4238.0400390625,4247.9501953125,4228.9599609375,4247.9501953125,1714000000,11.569999694824219,66.93000030517578,0.17286716931225676
2014-05-30,4251.490234375,4252.080078125,4221.9501953125,4242.6201171875,1903660000,11.399999618530273,67.94999694824219,0.1677704213469458
2014-06-02,4247.9599609375,4247.9599609375,4207.60986328125,4237.2001953125,1631310000,11.579999923706055,68.76000213623047,0.1684118610229713
2014-06-03,4222.0400390625,4240.35009765625,4215.7998046875,4234.080078125,1718640000,11.869999885559082,68.19000244140625,0.17407243672939648
2014-06-04,4222.2099609375,4256.18994140625,4216.22998046875,4251.64013671875,1610090000,12.079999923706055,67.66999816894531,0.17851337742831108
2014-06-05,4259.1201171875,4299.5,4241.68017578125,4296.22998046875,1926750000,11.680000305175781,65.47000122070312,0.17840232300900424
2014-06-06,4312.759765625,4322.509765625,4305.740234375,4321.39990234375,1616650000,10.729999542236328,67.08000183105469,0.15995824760500937
2014-06-09,4324.35009765625,4346.740234375,4320.27978515625,4336.240234375,1783060000,11.149999618530273,70.87999725341797,0.15730812712457604
2014-06-10,4329.2001953125,4338.8701171875,4319.93017578125,4338.0,1787120000,10.989999771118164,70.5,0.15588652157614416
2014-06-11,4322.919921875,4338.2099609375,4315.490234375,4331.93017578125,1778460000,11.600000381469727,74.20999908447266,0.15631317241043943
2014-06-12,4323.10986328125,4328.35009765625,4284.52978515625,4297.6298828125,1908190000,12.5600004196167,79.97000122070312,0.15705889993615618
2014-06-13,4315.31005859375,4317.669921875,4288.41015625,4310.64990234375,1754560000,12.180000305175781,79.80999755859375,0.1526124630718557
2014-06-16,4303.93017578125,4326.89013671875,4296.259765625,4321.10009765625,1675120000,12.649999618530273,81.5,0.15521471924577024
2014-06-17,4316.009765625,4346.1201171875,4311.14990234375,4337.22998046875,1814360000,12.0600004196167,78.41000366210938,0.1538069105517022
2014-06-18,4341.18017578125,4365.10009765625,4320.5400390625,4362.83984375,1860660000,10.609999656677246,71.76000213623047,0.14785394845076835
2014-06-19,4370.14013671875,4372.18017578125,4339.60986328125,4359.330078125,1845460000,10.619999885559082,73.41000366210938,0.14466693033337366
2014-06-20,4365.3701171875,4368.7998046875,4354.02978515625,4368.0400390625,2721380000,10.850000381469727,73.33000183105469,0.14796127247435625
2014-06-23,4368.9599609375,4371.81005859375,4358.68017578125,4368.68017578125,1712930000,10.979999542236328,72.58000183105469,0.15128133459950305
2014-06-24,4367.89990234375,4399.8701171875,4342.89990234375,4350.35009765625,2014700000,12.130000114440918,75.23999786376953,0.16121744363155946
2014-06-25,4341.81982421875,4383.5498046875,4339.41015625,4379.759765625,1722820000,11.59000015258789,72.30999755859375,0.16028212617759197
2014-06-26,4379.43994140625,4379.7998046875,4347.4501953125,4379.0498046875,1554070000,11.630000114440918,72.86000061035156,0.1596211915593724
2014-06-27,4371.7998046875,4398.85009765625,4371.60009765625,4397.93017578125,3964930000,11.260000228881836,72.72000122070312,0.1548404845966388
2014-06-30,4398.3701171875,4417.4599609375,4396.58984375,4408.18017578125,1848110000,11.569999694824219,71.55999755859375,0.16168250544378002
2014-07-01,4424.7099609375,4471.60009765625,4424.43017578125,4458.64990234375,1942550000,11.149999618530273,69.27999877929688,0.16094110587458985
2014-07-02,4457.85986328125,4466.919921875,4450.8701171875,4457.72998046875,1599480000,10.819999694824219,68.1500015258789,0.15876741676543457
2014-07-03,4472.89013671875,4485.93017578125,4463.85009765625,4485.93017578125,1001730000,10.319999694824219,68.3499984741211,0.15098756291460066
2014-07-07,4477.740234375,4478.02001953125,4447.60009765625,4451.52978515625,1691390000,11.329999923706055,71.66000366210938,0.1581077218071209
2014-07-08,4442.8701171875,4443.56005859375,4372.0400390625,4391.4599609375,2221820000,11.979999542236328,73.20999908447266,0.16363884294566539
2014-07-09,4403.02978515625,4421.93017578125,4388.009765625,4419.02978515625,1736960000,11.649999618530273,76.27999877929688,0.1527267934578441
2014-07-10,4352.0400390625,4415.85009765625,4351.0400390625,4396.2001953125,1682920000,12.59000015258789,82.13999938964844,0.15327489951472442
2014-07-11,4401.0498046875,4417.16015625,4389.2900390625,4415.490234375,1511250000,12.079999923706055,79.91000366210938,0.1511700584420569
2014-07-14,4441.39013671875,4451.60009765625,4432.9501953125,4440.419921875,1579660000,11.819999694824219,77.29000091552734,0.15293051565289364
2014-07-15,4444.91015625,4451.93017578125,4389.7001953125,4416.39013671875,1772030000,11.960000038146973,78.91999816894531,0.15154587323410737
2014-07-16,4446.169921875,4448.8701171875,4419.7099609375,4425.97021484375,2059340000,11.0,75.80999755859375,0.14509959575579817
2014-07-17,4411.52001953125,4425.3798828125,4352.22998046875,4363.4501953125,2055240000,14.539999961853027,89.95999908447266,0.16162739117193556
2014-07-18,4379.93994140625,4434.43994140625,4378.22021484375,4432.14990234375,1823580000,12.0600004196167,80.37000274658203,0.1500559911344483
2014-07-21,4421.2001953125,4432.419921875,4404.509765625,4424.7001953125,1557820000,12.8100004196167,81.41000366210938,0.15735167477432324
2014-07-22,4444.93994140625,4464.1298828125,4443.35009765625,4456.02001953125,1724440000,12.239999771118164,75.22000122070312,0.16272267445469404
2014-07-23,4468.16015625,4480.72998046875,4457.9501953125,4473.7001953125,1909810000,11.520000457763672,76.63999938964844,0.15031315957081867
2014-07-24,4481.60986328125,4485.5,4465.93994140625,4472.10986328125,1935090000,11.84000015258789,77.66000366210938,0.15245943335391154
2014-07-25,4448.06005859375,4457.9501953125,4430.43017578125,4449.56005859375,1711430000,12.6899995803833,81.08000183105469,0.15651207811792214
2014-07-28,4451.1201171875,4455.39013671875,4413.919921875,4444.91015625,1783250000,12.5600004196167,81.20999908447266,0.1546607629751614
2014-07-29,4456.06982421875,4470.97021484375,4441.02978515625,4442.7001953125,2090810000,13.279999732971191,81.72000122070312,0.16250611275819227
2014-07-30,4468.43994140625,4476.06005859375,4444.509765625,4462.89990234375,1872430000,13.329999923706055,83.58000183105469,0.1594879113624667
2014-07-31,4421.2900390625,4430.7998046875,4367.14990234375,4369.77001953125,2273380000,16.950000762939453,97.41999816894531,0.17398892508235156
2014-08-01,4363.39013671875,4385.0498046875,4324.02001953125,4352.64013671875,2050340000,17.030000686645508,101.11000061035156,0.16843042808667524
2014-08-04,4365.6201171875,4395.3798828125,4343.02978515625,4383.89013671875,1677400000,15.119999885559082,93.12000274658203,0.16237112800250708
2014-08-05,4364.58984375,4383.02001953125,4333.580078125,4352.83984375,1916180000,16.8700008392334,98.31999969482422,0.1715825965377975
2014-08-06,4326.27978515625,4378.990234375,4325.0400390625,4355.0498046875,1819310000,16.3700008392334,96.37999725341797,0.16984852983747997
2014-08-07,4373.25,4379.7001953125,4321.89013671875,4334.97021484375,1866330000,16.65999984741211,97.4000015258789,0.17104722367982297
2014-08-08,4340.8798828125,4373.1201171875,4327.8701171875,4370.89990234375,1759060000,15.770000457763672,91.83999633789062,0.1717116843052117
2014-08-11,4387.3798828125,4415.77978515625,4384.14990234375,4401.330078125,1537880000,14.229999542236328,87.54000091552734,0.16255425398004872
2014-08-12,4394.68994140625,4407.080078125,4371.83984375,4389.25,1560220000,14.130000114440918,85.9800033569336,0.1643405392272696
2014-08-13,4407.8701171875,4434.31005859375,4403.64013671875,4434.1298828125,1611690000,12.899999618530273,81.2699966430664,0.15873016059280032
2014-08-14,4438.1298828125,4453.0,4433.93994140625,4453.0,1549820000,12.420000076293945,78.4800033569336,0.1582568749367498
2014-08-15,4479.64013671875,4482.47021484375,4427.1298828125,4464.93017578125,1799460000,13.149999618530273,82.19999694824219,0.1599756703982637
2014-08-18,4490.52978515625,4509.16015625,4486.43994140625,4508.31005859375,1571100000,12.319999694824219,81.0199966430664,0.15206122198572752
2014-08-19,4514.259765625,4528.91015625,4513.919921875,4527.509765625,1556560000,12.210000038146973,80.83999633789062,0.15103909687368464
2014-08-20,4517.75,4533.009765625,4515.72998046875,4526.47998046875,1502290000,11.779999732971191,79.9000015258789,0.14743428670843958
2014-08-21,4526.72021484375,4534.0,4513.81005859375,4532.10009765625,1421730000,11.760000228881836,79.61000061035156,0.1477201374038515
2014-08-22,4534.8701171875,4547.240234375,4521.77001953125,4538.5498046875,1311810000,11.470000267028809,79.58000183105469,0.1441316914188967
2014-08-25,4563.72021484375,4571.14013671875,4547.77978515625,4557.35009765625,1384620000,11.699999809265137,79.33000183105469,0.14748518264479643
2014-08-26,4563.81005859375,4575.58984375,4556.77978515625,4570.64013671875,1469620000,11.630000114440918,79.38999938964844,0.14649200407926113
2014-08-27,4574.35009765625,4575.81005859375,4561.83984375,4569.6201171875,1389470000,11.779999732971191,78.8499984741211,0.14939758986599647
2014-08-28,4552.5498046875,4565.9599609375,4546.6201171875,4557.7001953125,1309580000,12.050000190734863,80.52999877929688,0.14963368152729623
2014-08-29,4571.759765625,4580.27001953125,4553.77978515625,4580.27001953125,1352830000,12.09000015258789,81.11000061035156,0.14905683715461493
2014-09-02,4592.419921875,4598.64013671875,4576.81005859375,4598.18994140625,1859080000,12.25,82.41000366210938,0.14864700225262006
2014-09-03,4610.14013671875,4610.14013671875,4565.3798828125,4572.56005859375,1897450000,12.359999656677246,80.7699966430664,0.15302711613692105
2014-09-04,4581.52001953125,4603.14990234375,4553.31005859375,4562.2900390625,1728700000,12.640000343322754,79.98999786376953,0.15801976098123993
2014-09-05,4560.6298828125,4583.0,4542.740234375,4582.89990234375,1641830000,12.09000015258789,77.33000183105469,0.15634294408787547
2014-09-08,4579.06005859375,4600.39990234375,4570.22998046875,4592.2900390625,1670210000,12.65999984741211,77.83999633789062,0.1626413212104627
2014-09-09,4588.830078125,4599.02978515625,4544.43994140625,4552.2900390625,1956550000,13.5,79.30000305175781,0.1702395899176545
2014-09-10,4554.14990234375,4587.10009765625,4544.83984375,4586.52001953125,1808650000,12.880000114440918,82.12000274658203,0.15684363959640765
2014-09-11,4567.64013671875,4591.81005859375,4559.75,4591.81005859375,1704850000,12.800000190734863,83.0999984741211,0.15403129272885635
2014-09-12,4588.77001953125,4590.080078125,4555.68017578125,4567.60009765625,1784170000,13.3100004196167,89.25,0.1491316573626521
2014-09-15,4567.4501953125,4567.47021484375,4506.72998046875,4518.89990234375,1940520000,14.119999885559082,91.58000183105469,0.15418213150516671
2014-09-16,4502.10986328125,4558.240234375,4499.8701171875,4552.759765625,1879350000,12.729999542236328,84.5199966430664,0.150615239562727
2014-09-17,4553.9599609375,4582.39990234375,4539.35986328125,4562.18994140625,1796710000,12.649999618530273,81.5199966430664,0.15517664547899862
2014-09-18,4575.740234375,4593.97998046875,4572.6201171875,4593.43017578125,1774840000,12.029999732971191,77.47000122070312,0.1552859112354872
2014-09-19,4606.1298828125,4610.56982421875,4563.43994140625,4579.7900390625,3178490000,12.109999656677246,77.69999694824219,0.15585585755870757
2014-09-22,4568.4501953125,4568.8701171875,4513.1201171875,4527.68994140625,1881520000,13.6899995803833,87.41000366210938,0.15661822453758417
2014-09-23,4511.31982421875,4536.02978515625,4508.419921875,4508.68994140625,1847730000,14.930000305175781,91.9000015258789,0.16245919540024725
2014-09-24,4514.919921875,4557.27001953125,4500.1298828125,4555.22021484375,1765260000,13.270000457763672,86.20999908447266,0.1539264655920144
2014-09-25,4540.81982421875,4546.93017578125,4466.64013671875,4466.75,1939610000,15.640000343322754,96.72000122070312,0.1617038890191306
2014-09-26,4476.47998046875,4515.75,4475.47998046875,4512.18994140625,1637480000,14.850000381469727,90.62999725341797,0.16385303797313844
2014-09-29,4465.83984375,4515.240234375,4464.43994140625,4505.85009765625,1737750000,15.979999542236328,95.0199966430664,0.1681751221510108
2014-09-30,4512.64013671875,4522.06005859375,4483.91015625,4493.39013671875,2200380000,16.309999465942383,92.47000122070312,0.1763815210406933
2014-10-01,4486.64990234375,4486.7900390625,4409.2998046875,4422.08984375,2312630000,16.709999084472656,98.12000274658203,0.1703016573249611
2014-10-02,4421.25,4441.9501953125,4367.740234375,4430.2001953125,2165500000,16.15999984741211,93.75,0.17237333170572916
2014-10-03,4456.81005859375,4488.06982421875,4445.72021484375,4475.6201171875,1777640000,14.550000190734863,87.7699966430664,0.1657741910359783
2014-10-06,4492.39990234375,4496.259765625,4444.10009765625,4454.7998046875,1828240000,15.460000038146973,88.7300033569336,0.17423644148818673
2014-10-07,4433.91015625,4441.759765625,4385.14990234375,4385.2001953125,2111360000,17.200000762939453,99.19999694824219,0.17338710979914235
2014-10-08,4385.7001953125,4473.72998046875,4355.33984375,4468.58984375,2451630000,15.109999656677246,89.08000183105469,0.16962280361572313
2014-10-09,4458.2900390625,4464.1298828125,4377.27978515625,4378.33984375,2264220000,18.760000228881836,102.12999725341797,0.1836874643434302
2014-10-10,4354.6298828125,4380.509765625,4276.240234375,4276.240234375,2765750000,21.239999771118164,113.37999725341797,0.18733462943771467
2014-10-13,4274.91015625,4303.81982421875,4212.8701171875,4213.66015625,2467830000,24.639999389648438,131.57000732421875,0.18727671975368834
2014-10-14,4246.22998046875,4281.33984375,4212.81982421875,4227.169921875,2496120000,22.790000915527344,120.61000061035156,0.18895614625816817
2014-10-15,4154.10009765625,4231.5400390625,4116.60009765625,4215.31982421875,3058740000,25.270000457763672,129.00999450683594,0.19587630054836314
2014-10-16,4133.25,4246.009765625,4131.64990234375,4217.39013671875,2591940000,25.200000762939453,121.94000244140625,0.20665901474824375
2014-10-17,4275.08984375,4296.10986328125,4241.669921875,4258.43994140625,2260070000,21.989999771118164,118.83999633789062,0.18503871128197713
2014-10-20,4254.16015625,4316.8701171875,4248.22021484375,4316.06982421875,1717370000,18.56999969482422,108.83000183105469,0.17063309181646324
2014-10-21,4359.169921875,4419.47998046875,4356.10009765625,4419.47998046875,1997580000,16.079999923706055,104.08999633789062,0.15448170323215438
2014-10-22,4429.16015625,4435.85986328125,4381.27978515625,4382.85009765625,1967020000,17.8700008392334,108.81999969482422,0.16421614491222375
2014-10-23,4427.43994140625,4475.5498046875,4421.56005859375,4452.7900390625,1952380000,16.530000686645508,102.05000305175781,0.16197942373663435
2014-10-24,4459.4599609375,4486.259765625,4445.85009765625,4483.72021484375,1754300000,16.110000610351562,104.37999725341797,0.15433992176910152
2014-10-27,4469.02001953125,4489.60009765625,4450.2900390625,4485.93017578125,1585580000,16.040000915527344,100.75,0.15920596442210763
2014-10-28,4505.72998046875,4564.2900390625,4505.10986328125,4564.2900390625,1966920000,14.390000343322754,95.88999938964844,0.1500677905403782
2014-10-29,4551.3701171875,4564.43994140625,4517.02001953125,4549.22998046875,2184050000,15.149999618530273,99.33999633789062,0.1525065449670417
2014-10-30,4532.10009765625,4575.5,4521.7900390625,4566.14013671875,2034960000,14.520000457763672,98.5199966430664,0.1473812520555496
2014-10-31,4639.4501953125,4641.509765625,4616.580078125,4630.740234375,2424360000,14.029999732971191,94.0999984741211,0.14909670521227109
2014-11-03,4633.7099609375,4654.18994140625,4627.419921875,4638.91015625,2033000000,14.729999542236328,93.19000244140625,0.1580641609221751
2014-11-04,4623.77001953125,4635.9501953125,4594.919921875,4623.64013671875,1939320000,14.890000343322754,92.44000244140625,0.16107745510674218
2014-11-05,4649.47021484375,4650.39013671875,4607.72998046875,4620.72021484375,2001870000,14.170000076293945,87.08000183105469,0.16272392947103276
2014-11-06,4616.77978515625,4639.169921875,4604.759765625,4638.47021484375,1986820000,13.670000076293945,83.41999816894531,0.16386958015281836
2014-11-07,4636.89013671875,4638.7998046875,4606.81005859375,4632.52978515625,1978830000,13.119999885559082,80.44000244140625,0.1631029274907829
2014-11-10,4635.10009765625,4653.3798828125,4626.490234375,4651.6201171875,1830010000,12.670000076293945,79.69999694824219,0.15897114882604002
2014-11-11,4649.18994140625,4661.22998046875,4640.240234375,4660.56005859375,1663690000,12.920000076293945,79.79000091552734,0.16192505236304214
2014-11-12,4644.6298828125,4678.580078125,4643.77978515625,4675.14013671875,1773060000,13.020000457763672,83.0999984741211,0.15667870874652717
2014-11-13,4681.56005859375,4703.10009765625,4664.27001953125,4680.14013671875,1857580000,13.789999961853027,86.29000091552734,0.1598099410770965
2014-11-14,4679.85009765625,4688.740234375,4664.31005859375,4688.5400390625,1739950000,13.3100004196167,85.58000183105469,0.15552699386349927
2014-11-17,4678.43994140625,4689.52978515625,4655.2001953125,4671.0,1695070000,13.989999771118164,84.79000091552734,0.16499586767378152
2014-11-18,4674.83984375,4709.830078125,4674.2998046875,4702.43994140625,1655760000,13.859999656677246,82.5999984741211,0.16779660911276698
2014-11-19,4694.77978515625,4696.2001953125,4655.72021484375,4675.7099609375,1641560000,13.960000038146973,81.05999755859375,0.1722181156994986
2014-11-20,4655.2001953125,4702.97021484375,4653.330078125,4701.8701171875,1667330000,13.579999923706055,79.13999938964844,0.17159464276521497
2014-11-21,4751.009765625,4751.60009765625,4700.72998046875,4712.97021484375,1854340000,12.899999618530273,79.33999633789062,0.16259138157244388
2014-11-24,4725.169921875,4755.02001953125,4723.6201171875,4754.89013671875,1568130000,12.619999885559082,79.25,0.15924290076415246
2014-11-25,4762.39013671875,4774.52001953125,4749.919921875,4758.25,1720140000,12.25,77.93000030517578,0.15719235149529964
2014-11-26,4760.22998046875,4788.0,4757.47998046875,4787.31982421875,1362930000,12.069999694824219,77.04000091552734,0.15667185295154276
2014-11-28,4797.10009765625,4810.85986328125,4786.72021484375,4791.6298828125,998600000,13.329999923706055,79.83999633789062,0.16695892453817507
2014-12-01,4777.72998046875,4782.06982421875,4724.6201171875,4727.35009765625,1893600000,14.15999984741211,86.83999633789062,0.16305850350702653
2014-12-02,4732.97021484375,4761.6298828125,4729.759765625,4755.81005859375,1839170000,12.850000381469727,83.47000122070312,0.1539475283760093
2014-12-03,4761.31005859375,4781.3701171875,4745.14013671875,4774.47021484375,1734510000,12.5,86.44999694824219,0.14459225495963612
2014-12-04,4772.0,4785.41015625,4753.7099609375,4769.43994140625,1724090000,12.380000114440918,85.16999816894531,0.1453563505999336
2014-12-05,4776.580078125,4788.97998046875,4769.64013671875,4780.759765625,1767100000,11.890000343322754,85.41000366210938,0.13921086328904514
2014-12-08,4769.759765625,4793.240234375,4722.91015625,4740.68994140625,1966770000,14.210000038146973,94.44999694824219,0.15044997879601768
2014-12-09,4685.2001953125,4768.41015625,4674.3798828125,4766.47021484375,1950330000,15.350000381469727,97.12999725341797,0.15803563075803098
2014-12-10,4754.419921875,4766.64013671875,4679.25,4684.02001953125,1850810000,18.530000686645508,117.31999969482422,0.15794409081866875
2014-12-11,4704.64990234375,4759.8798828125,4699.43017578125,4708.16015625,1873050000,20.079999923706055,132.39999389648438,0.15166163783516035
2014-12-12,4665.35009765625,4707.919921875,4653.60009765625,4653.60009765625,1888870000,21.079999923706055,138.60000610351562,0.15209234484421394
2014-12-15,4679.669921875,4690.580078125,4592.43017578125,4605.16015625,2143610000,20.420000076293945,128.22000122070312,0.15925752520580086
2014-12-16,4572.7900390625,4645.18994140625,4547.31005859375,4547.830078125,2231670000,23.56999969482422,132.94000244140625,0.17729802363447958
2014-12-17,4556.89990234375,4651.89990234375,4550.7001953125,4644.31005859375,2279930000,19.440000534057617,114.37000274658203,0.1699746442879104
2014-12-18,4712.39013671875,4748.39990234375,4697.08984375,4748.39990234375,2172260000,16.809999465942383,107.23999786376953,0.15675121037671666
2014-12-19,4752.60009765625,4782.1298828125,4738.2900390625,4765.3798828125,3287920000,16.489999771118164,99.16999816894531,0.1662801258000017
2014-12-22,4759.0400390625,4781.93017578125,4757.7998046875,4781.419921875,1720070000,15.25,99.69000244140625,0.15297421633591926
2014-12-23,4798.02978515625,4798.06005859375,4761.39013671875,4765.419921875,1590820000,14.800000190734863,94.7300033569336,0.15623350223022667
2014-12-24,4770.1201171875,4787.56982421875,4768.669921875,4773.47021484375,729750000,14.369999885559082,95.29000091552734,0.1508028098173469
2014-12-26,4788.06005859375,4814.9501953125,4787.85009765625,4806.85986328125,930220000,14.5,92.27999877929688,0.15713047455363743
2014-12-29,4801.259765625,4813.72021484375,4798.89990234375,4806.91015625,1227740000,15.0600004196167,94.86000061035156,0.1587602817069061
2014-12-30,4793.60986328125,4803.89013671875,4772.8798828125,4777.43994140625,1269200000,15.920000076293945,97.83999633789062,0.16271464301076008
2014-12-31,4790.52978515625,4806.43017578125,4734.10986328125,4736.0498046875,1515600000,19.200000762939453,113.08000183105469,0.1697913021935116
2015-01-02,4760.240234375,4777.009765625,4698.10986328125,4726.81005859375,1435150000,17.790000915527344,112.55000305175781,0.15806308692276397
2015-01-05,4700.33984375,4702.77001953125,4641.4599609375,4652.56982421875,1794470000,19.920000076293945,121.87000274658203,0.16345285654678976
2015-01-06,4666.85009765625,4667.330078125,4567.58984375,4592.740234375,2167320000,21.1200008392334,118.44999694824219,0.17830309314792112
2015-01-07,4626.83984375,4652.72021484375,4613.89990234375,4650.47021484375,1957950000,19.309999465942383,107.69000244140625,0.17931097621108222
2015-01-08,4689.5400390625,4741.3798828125,4688.02001953125,4736.18994140625,2105450000,17.010000228881836,98.44000244140625,0.1727956095796176
2015-01-09,4744.47021484375,4744.7099609375,4681.240234375,4704.06982421875,1715830000,17.549999237060547,103.7699966430664,0.1691240224033792
2015-01-12,4714.06982421875,4715.81005859375,4650.64990234375,4664.7099609375,1861960000,19.600000381469727,109.04000091552734,0.17975055224599396
2015-01-13,4708.740234375,4751.33984375,4624.27978515625,4661.5,2162180000,20.559999465942383,109.22000122070312,0.18824390437788371
2015-01-14,4610.759765625,4655.3701171875,4595.97998046875,4639.31982421875,2073810000,21.479999542236328,113.5,0.1892510972884258
2015-01-15,4657.4599609375,4663.9599609375,4567.39013671875,4570.81982421875,1976260000,22.389999389648438,117.06999969482422,0.19125309172302254
2015-01-16,4566.3798828125,4635.81982421875,4563.10986328125,4634.3798828125,1970520000,20.950000762939453,111.31999969482422,0.18819619853011477
2015-01-20,4655.83984375,4665.64990234375,4601.10009765625,4654.85009765625,1835040000,19.889999389648438,108.4000015258789,0.18348707665746658
2015-01-21,4641.9501953125,4692.4599609375,4629.58984375,4667.419921875,1847420000,18.850000381469727,98.62000274658203,0.1911376988085009
2015-01-22,4690.93017578125,4752.60009765625,4644.56982421875,4750.39990234375,1996550000,16.399999618530273,93.25,0.1758713095820941
2015-01-23,4748.18994140625,4771.18017578125,4737.9501953125,4757.8798828125,1653830000,16.65999984741211,96.33000183105469,0.1729471559299949
2015-01-26,4752.35986328125,4774.18017578125,4734.2001953125,4771.759765625,1717510000,15.520000457763672,91.94000244140625,0.16880574337220225
2015-01-27,4698.22998046875,4721.8701171875,4659.830078125,4681.5,1954160000,17.219999313354492,96.11000061035156,0.17916969310163344
2015-01-28,4740.68994140625,4742.06005859375,4637.47998046875,4637.990234375,2118680000,20.440000534057617,108.68000030517578,0.18807508719784372
2015-01-29,4635.72998046875,4688.41015625,4601.759765625,4683.41015625,2110710000,18.760000228881836,100.69999694824219,0.18629593641918485
2015-01-30,4671.2099609375,4703.81005859375,4631.10009765625,4635.240234375,2264230000,20.969999313354492,108.98999786376953,0.19240297022086045
2015-02-02,4650.60009765625,4676.68994140625,4580.4599609375,4676.68994140625,2006450000,19.43000030517578,106.73999786376953,0.18203111011838286
2015-02-03,4693.25,4727.740234375,4670.81982421875,4727.740234375,2153520000,17.329999923706055,101.02999877929688,0.1715332092754348
2015-02-04,4699.81005859375,4744.330078125,4697.7900390625,4716.7001953125,2212960000,18.329999923706055,103.73999786376953,0.17669173222633813
2015-02-05,4729.64990234375,4767.3798828125,4722.7998046875,4765.10009765625,2036590000,16.850000381469727,98.55999755859375,0.17096185875463754
2015-02-06,4768.83984375,4787.18017578125,4731.22021484375,4744.39990234375,2034060000,17.290000915527344,101.69000244140625,0.17002655620438042
2015-02-09,4723.72998046875,4749.47021484375,4719.60986328125,4726.009765625,1654680000,18.549999237060547,104.19000244140625,0.178040107518882
2015-02-10,4754.6298828125,4793.27001953125,4737.1201171875,4787.64013671875,1773730000,17.229999542236328,97.33000183105469,0.1770266024667722
2015-02-11,4788.3701171875,4810.35986328125,4780.1298828125,4801.18017578125,1793630000,16.959999084472656,98.7300033569336,0.17178161154475027
2015-02-12,4828.080078125,4857.60986328125,4823.56982421875,4857.60986328125,2075470000,15.34000015258789,93.23999786376953,0.16452166992754283
2015-02-13,4869.72998046875,4893.83984375,4860.1201171875,4893.83984375,1942240000,14.6899995803833,92.73999786376953,0.15839982659868274
2015-02-17,4889.990234375,4901.89013671875,4880.64013671875,4899.27001953125,1751490000,15.800000190734863,92.94999694824219,0.16998386992452358
2015-02-18,4890.83984375,4907.5,4885.60009765625,4906.35986328125,1684800000,15.449999809265137,89.37999725341797,0.17285746569738583
2015-02-19,4901.509765625,4929.52978515625,4900.6298828125,4924.7001953125,1592890000,15.289999961853027,87.5999984741211,0.17454338160028643
2015-02-20,4919.77978515625,4957.02001953125,4905.58984375,4955.97021484375,1761140000,14.300000190734863,85.77999877929688,0.16670553035944072
2015-02-23,4953.10009765625,4960.97021484375,4939.56005859375,4960.97021484375,1754850000,14.5600004196167,86.12999725341797,0.16904679999904335
2015-02-24,4956.2099609375,4971.18017578125,4945.14013671875,4968.1201171875,1834890000,13.6899995803833,82.6500015258789,0.16563822537978737
2015-02-25,4960.35986328125,4984.240234375,4956.0,4967.14013671875,1848560000,13.84000015258789,86.56999969482422,0.15987062725397405
2015-02-26,4969.27001953125,4989.10986328125,4955.509765625,4987.89013671875,1905550000,13.90999984741211,86.93000030517578,0.16001380189324482
2015-02-27,4985.02978515625,4989.25,4960.8701171875,4963.52978515625,1955590000,13.34000015258789,85.2300033569336,0.15651765372719137
2015-03-02,4973.43017578125,5008.56982421875,4972.009765625,5008.10009765625,1931110000,13.039999961853027,81.83999633789062,0.1593352950312354
2015-03-03,4990.7001953125,4996.66015625,4956.06982421875,4979.89990234375,2018900000,13.859999656677246,85.05000305175781,0.16296295307882164
2015-03-04,4961.240234375,4973.31982421875,4938.89990234375,4967.14013671875,1824830000,14.229999542236328,84.0999984741211,0.169203326996672
2015-03-05,4979.9501953125,4993.52001953125,4963.10009765625,4982.81005859375,1724200000,14.039999961853027,81.26000213623047,0.17277872991333793
2015-03-06,4967.240234375,4982.93017578125,4918.6298828125,4927.3701171875,1918220000,15.199999809265137,86.87999725341797,0.17495396281987277
2015-03-09,4936.080078125,4950.47021484375,4920.81982421875,4942.43994140625,1696510000,15.0600004196167,85.55000305175781,0.17603740365158593
2015-03-10,4899.509765625,4903.43994140625,4859.7900390625,4859.7900390625,1876010000,16.690000534057617,91.88999938964844,0.18163021705208296
2015-03-11,4866.93994140625,4876.08984375,4846.7900390625,4849.93994140625,1846020000,16.8700008392334,97.27999877929688,0.1734169515925577
2015-03-12,4853.97998046875,4895.7998046875,4853.2001953125,4893.2900390625,1855110000,15.420000076293945,89.4800033569336,0.17232900645727442
2015-03-13,4885.5400390625,4904.47021484375,4842.7998046875,4871.759765625,1851410000,16.0,93.12000274658203,0.17182130077404106
2015-03-16,4897.27001953125,4929.93994140625,4889.08984375,4929.509765625,1713480000,15.609999656677246,90.54000091552734,0.17240997900189084
2015-03-17,4912.64990234375,4944.91015625,4907.02001953125,4937.43017578125,1724370000,15.65999984741211,88.25,0.1774504232001372
2015-03-18,4926.830078125,5001.56982421875,4907.72021484375,4982.830078125,1983570000,13.970000267028809,81.22000122070312,0.172001970660742
2015-03-19,4982.02001953125,5000.02001953125,4979.93994140625,4992.3798828125,1674970000,14.069999694824219,81.61000061035156,0.1724053374536987
2015-03-20,5033.47021484375,5042.14013671875,5020.06982421875,5026.419921875,2825670000,13.020000457763672,80.48999786376953,0.16175923472876977
2015-03-23,5020.60009765625,5031.39013671875,5010.97021484375,5010.97021484375,1608880000,13.40999984741211,79.9800033569336,0.16766690778401394
2015-03-24,5010.10009765625,5032.47998046875,4994.56005859375,4994.72998046875,1611670000,13.619999885559082,80.04000091552734,0.1701649141650231
2015-03-25,5002.830078125,5006.759765625,4876.52001953125,4876.52001953125,2219520000,15.4399995803833,83.5199966430664,0.1848659027893422
2015-03-26,4835.7099609375,4889.2099609375,4825.93017578125,4863.35986328125,2004960000,15.800000190734863,87.02999877929688,0.1815465978668202
2015-03-27,4863.740234375,4899.259765625,4859.66015625,4891.22021484375,1678650000,15.069999694824219,86.5,0.17421964965114703
2015-03-30,4921.77978515625,4948.4599609375,4921.1201171875,4947.43994140625,1778520000,14.510000228881836,82.16000366210938,0.17660661614081172
2015-03-31,4925.91015625,4940.8701171875,4899.31005859375,4900.8798828125,1837660000,15.289999961853027,84.01000213623047,0.18200213751999186
2015-04-01,4894.35986328125,4899.3798828125,4844.39013671875,4880.22998046875,1874960000,15.109999656677246,82.81999969482422,0.18244385066837346
2015-04-02,4885.41015625,4901.330078125,4872.9599609375,4886.93994140625,1563670000,14.670000076293945,80.20999908447266,0.18289490392394003
2015-04-06,4855.93994140625,4929.6201171875,4852.91015625,4917.31982421875,1737560000,14.739999771118164,80.30000305175781,0.1835616340091222
2015-04-07,4917.5,4948.8798828125,4909.77001953125,4910.22998046875,1572940000,14.779999732971191,79.69999694824219,0.1854454240766087
2015-04-08,4914.14990234375,4956.72021484375,4914.14990234375,4950.81982421875,1714210000,13.979999542236328,84.76000213623047,0.1649362811455217
2015-04-09,4950.83984375,4975.93017578125,4928.10986328125,4974.56005859375,1729750000,13.09000015258789,80.70999908447266,0.1621856065056777
2015-04-10,4977.02978515625,4996.080078125,4970.02001953125,4995.97998046875,1494240000,12.579999923706055,78.91000366210938,0.15942211810777876
2015-04-13,5001.5498046875,5024.25,4985.9599609375,4988.25,1544190000,13.9399995803833,83.80000305175781,0.16634843762205437
2015-04-14,4988.81982421875,4996.81982421875,4952.009765625,4977.2900390625,1571360000,13.670000076293945,81.91000366210938,0.16689048303165355
2015-04-15,4992.6201171875,5021.18994140625,4989.240234375,5011.02001953125,1795530000,12.84000015258789,79.83000183105469,0.160841787023397
2015-04-16,4999.35986328125,5016.0,4996.0,5007.7900390625,1662850000,12.600000381469727,79.77999877929688,0.1579343265763431
2015-04-17,4966.10986328125,4974.08984375,4912.330078125,4931.81005859375,1985190000,13.890000343322754,85.97000122070312,0.16156799053269982
2015-04-20,4958.06982421875,5000.2001953125,4952.68017578125,4994.60009765625,1646340000,13.300000190734863,81.4800033569336,0.16323023616570692
2015-04-21,5023.9599609375,5028.22021484375,5009.509765625,5014.10009765625,1721260000,13.25,81.29000091552734,0.16299667672250073
2015-04-22,5026.56982421875,5040.64990234375,4992.6201171875,5035.169921875,1696380000,12.710000038146973,79.69999694824219,0.15947303042434177
2015-04-23,5020.22021484375,5073.08984375,5019.2900390625,5056.06005859375,1858620000,12.479999542236328,78.16999816894531,0.15965203830840402
2015-04-24,5096.33984375,5100.3701171875,5081.2099609375,5092.080078125,1895150000,12.289999961853027,76.43000030517578,0.16080073155541721
2015-04-27,5104.35986328125,5119.830078125,5053.5400390625,5060.25,2172470000,13.119999885559082,81.22000122070312,0.16153656351109202
2015-04-28,5063.259765625,5075.2998046875,5006.27978515625,5055.419921875,2032500000,12.40999984741211,77.68000030517578,0.15975797887046658
2015-04-29,5028.4501953125,5053.83984375,4999.830078125,5023.64013671875,1871300000,13.390000343322754,82.2699966430664,0.16275678728195553
2015-04-30,4996.990234375,5015.9599609375,4921.5498046875,4941.419921875,2269290000,14.550000190734863,87.08000183105469,0.1670877340926514
2015-05-01,4966.31982421875,5005.39013671875,4962.740234375,5005.39013671875,1854400000,12.699999809265137,79.63999938964844,0.1594676030461632
2015-05-04,5018.35009765625,5043.6201171875,5013.02001953125,5016.93017578125,1668200000,12.850000381469727,78.55999755859375,0.16356925637485656
2015-05-05,5000.2001953125,5008.27001953125,4934.33984375,4939.330078125,2069490000,14.3100004196167,84.44999694824219,0.16944938942256005
2015-05-06,4956.7001953125,4965.10009765625,4888.169921875,4919.64013671875,2144620000,15.149999618530273,90.80000305175781,0.16685021045532863
2015-05-07,4917.75,4957.1201171875,4914.52978515625,4945.5400390625,2042960000,15.130000114440918,89.20999908447266,0.16959982367127222
2015-05-08,4991.6298828125,5014.330078125,4989.259765625,5003.5498046875,1978760000,12.859999656677246,79.44000244140625,0.16188317297903645
2015-05-11,5003.259765625,5017.3798828125,4992.02001953125,4993.56982421875,1731390000,13.850000381469727,83.11000061035156,0.16664661628873426
2015-05-12,4966.43994140625,4995.5,4931.60009765625,4976.18994140625,1705870000,13.859999656677246,84.63999938964844,0.16375236007353208
2015-05-13,4991.419921875,5012.97021484375,4977.490234375,4981.68994140625,1672260000,13.760000228881836,84.44999694824219,0.16293665750296096
2015-05-14,5016.68017578125,5051.72021484375,4999.64990234375,5050.7998046875,1741970000,12.739999771118164,82.33999633789062,0.15472431792246222
2015-05-15,5059.14990234375,5062.64990234375,5034.83984375,5048.2900390625,1667260000,12.380000114440918,80.93000030517578,0.15297170477891583
2015-05-18,5040.919921875,5084.5,5037.5400390625,5078.43994140625,1643870000,12.729999542236328,82.05999755859375,0.15513039143276428
2015-05-19,5080.43994140625,5087.35009765625,5062.7998046875,5070.02978515625,1750980000,12.850000381469727,77.52999877929688,0.16574230083570066
2015-05-20,5072.43994140625,5097.52001953125,5050.2099609375,5071.740234375,1786830000,12.880000114440918,77.02999877929688,0.16720758559719254
2015-05-21,5065.93994140625,5098.22998046875,5062.509765625,5090.7900390625,1683670000,12.109999656677246,73.18000030517578,0.16548236685127132
2015-05-22,5085.39013671875,5103.83984375,5085.18994140625,5089.35986328125,1544920000,12.130000114440918,75.9800033569336,0.15964727005153506
2015-05-26,5076.91015625,5081.169921875,5016.740234375,5032.75,1731950000,14.0600004196167,81.94000244140625,0.1715889675457447
2015-05-27,5047.85986328125,5111.5400390625,5039.3701171875,5106.58984375,1809550000,13.270000457763672,77.79000091552734,0.1705874829873527
2015-05-28,5096.33984375,5106.64990234375,5080.25,5097.97998046875,1741420000,13.3100004196167,77.3499984741211,0.17207499265911183
2015-05-29,5093.10009765625,5099.39990234375,5057.58984375,5070.02978515625,2024170000,13.84000015258789,79.06999969482422,0.17503478191481303
2015-06-01,5094.93994140625,5099.009765625,5045.669921875,5082.93017578125,1902120000,13.970000267028809,78.88999938964844,0.17708201768425777
2015-06-02,5063.47021484375,5100.02001953125,5047.35009765625,5076.52001953125,1729750000,14.239999771118164,80.61000061035156,0.1766530165401032
2015-06-03,5098.47998046875,5114.60009765625,5084.990234375,5099.22998046875,1852680000,13.65999984741211,79.2699966430664,0.1723224476584726
2015-06-04,5078.22021484375,5101.10986328125,5046.2900390625,5059.1201171875,1813960000,14.710000038146973,87.98999786376953,0.16717809291144345
2015-06-05,5057.0400390625,5074.97998046875,5025.52001953125,5068.4599609375,1842890000,14.210000038146973,84.0999984741211,0.16896552076061708
2015-06-08,5066.64990234375,5069.0,5014.06005859375,5021.6298828125,1712210000,15.289999961853027,86.5,0.17676300533934136
2015-06-09,5013.1298828125,5027.02001953125,4974.6201171875,5013.8701171875,1754340000,14.470000267028809,84.33999633789062,0.1715674756382223
2015-06-10,5029.41015625,5086.66015625,5024.169921875,5076.68994140625,1792980000,13.220000267028809,81.5999984741211,0.16200981022348235
2015-06-11,5088.259765625,5101.39013671875,5075.0498046875,5082.509765625,1623950000,12.850000381469727,79.52999877929688,0.16157425598772696
2015-06-12,5060.240234375,5067.9599609375,5043.240234375,5051.10009765625,1428900000,13.779999732971191,85.55000305175781,0.1610753856389027
2015-06-15,5011.7900390625,5035.3701171875,4985.93994140625,5029.97021484375,1790280000,15.390000343322754,96.12000274658203,0.16011235854724332
2015-06-16,5023.580078125,5063.06005859375,5022.56005859375,5055.5498046875,1654820000,14.8100004196167,95.95999908447266,0.15433514548681476
2015-06-17,5067.68017578125,5080.10986328125,5042.25,5064.8798828125,1712820000,14.5,93.19000244140625,0.15559608992517152
2015-06-18,5082.06005859375,5143.31982421875,5082.02978515625,5132.9501953125,1877920000,13.1899995803833,89.19999694824219,0.1478699555117331
2015-06-19,5139.77001953125,5140.169921875,5113.93994140625,5117.0,2468310000,13.960000038146973,92.16000366210938,0.15147568883926252
2015-06-22,5147.8701171875,5162.1298828125,5142.77978515625,5153.97021484375,1619970000,12.739999771118164,83.87000274658203,0.15190174500903256
2015-06-23,5161.68017578125,5163.41015625,5139.330078125,5160.08984375,1613540000,12.109999656677246,78.8499984741211,0.15358275067883229
2015-06-24,5151.3798828125,5164.35986328125,5121.64013671875,5122.41015625,1628800000,13.260000228881836,82.52999877929688,0.16066885284152196
2015-06-25,5139.47998046875,5141.7099609375,5102.16015625,5112.18994140625,1614760000,14.010000228881836,83.51000213623047,0.16776433804931798
2015-06-26,5113.259765625,5121.47021484375,5060.81982421875,5080.509765625,3843810000,14.020000457763672,83.08999633789062,0.16873271242846696
2015-06-29,5021.2099609375,5051.009765625,4956.22998046875,4958.47021484375,2025580000,18.850000381469727,117.0,0.16111111437153613
2015-06-30,5000.14990234375,5008.759765625,4968.259765625,4986.8701171875,2034430000,18.229999542236328,110.16999816894531,0.1654715425726039
2015-07-01,5029.0498046875,5038.5498046875,4994.4599609375,5013.1201171875,1814560000,16.09000015258789,97.5999984741211,0.16485656151781802
2015-07-02,5024.2998046875,5027.47021484375,4990.740234375,5009.2099609375,1490810000,16.790000915527344,105.13999938964844,0.15969184908688905
2015-07-06,4963.7998046875,5020.7099609375,4960.93017578125,4991.93994140625,1741500000,17.010000228881836,105.97000122070312,0.1605171277997365
2015-07-07,4993.759765625,5001.990234375,4902.2099609375,4997.4599609375,2132080000,16.09000015258789,99.3499984741211,0.16195269652449013
2015-07-08,4953.97998046875,4965.4501953125,4901.509765625,4909.759765625,1931520000,19.65999984741211,111.66999816894531,0.17605444765628575
2015-07-09,4976.14990234375,4982.18994140625,4920.39990234375,4922.39990234375,1861600000,19.969999313354492,115.36000061035156,0.1731102566547883
2015-07-10,4981.240234375,5008.0498046875,4966.509765625,4997.7001953125,1590230000,16.829999923706055,101.19000244140625,0.16632077791925554
2015-07-13,5037.27001953125,5074.81005859375,5036.68017578125,5071.509765625,1694140000,13.899999618530273,85.94999694824219,0.16172193265929546
2015-07-14,5077.1201171875,5116.52001953125,5075.1201171875,5104.89013671875,1682660000,13.369999885559082,87.3499984741211,0.15306239403679175
2015-07-15,5111.10986328125,5125.31982421875,5088.1201171875,5098.93994140625,1691350000,13.229999542236328,90.80999755859375,0.1456887996687796
2015-07-16,5138.18017578125,5163.18017578125,5128.56005859375,5163.18017578125,1823530000,12.109999656677246,87.12000274658203,0.1390036647714908
2015-07-17,5196.10986328125,5210.16015625,5183.22998046875,5210.14013671875,1854450000,11.949999809265137,85.31999969482422,0.1400609452884241
2015-07-20,5223.18017578125,5231.93994140625,5201.490234375,5218.85986328125,1814180000,12.25,84.37999725341797,0.1451765868539868
2015-07-21,5219.2001953125,5229.0,5196.2998046875,5208.1201171875,1774570000,12.220000267028809,82.55999755859375,0.14801357350278674
2015-07-22,5146.02978515625,5184.740234375,5145.77978515625,5171.77001953125,2035730000,12.119999885559082,78.88999938964844,0.15363163872896937
2015-07-23,5180.330078125,5197.0,5137.64013671875,5146.41015625,2003310000,12.640000343322754,81.63999938964844,0.1548260710169168
2015-07-24,5166.91015625,5167.5400390625,5084.509765625,5088.6298828125,2004380000,13.739999771118164,88.36000061035156,0.15550022268230376
2015-07-27,5055.919921875,5072.8798828125,5032.68994140625,5039.77978515625,1942520000,15.600000381469727,97.31999969482422,0.16029593537184714
2015-07-28,5063.43994140625,5097.68994140625,5025.60986328125,5089.2099609375,2025110000,13.4399995803833,84.7699966430664,0.15854665698494633
2015-07-29,5097.85986328125,5117.83984375,5080.0400390625,5111.72998046875,1890350000,12.5,82.94000244140625,0.15071135317159826
2015-07-30,5100.2998046875,5135.64990234375,5070.6201171875,5128.77978515625,1908480000,12.130000114440918,80.6500015258789,0.1504029743948443
2015-07-31,5148.18017578125,5155.02001953125,5122.3701171875,5128.27978515625,1926360000,12.119999885559082,81.7699966430664,0.14822062349426285
2015-08-03,5134.33984375,5143.080078125,5082.31982421875,5115.3798828125,1790080000,12.5600004196167,79.43000030517578,0.1581266570736532
2015-08-04,5110.9599609375,5125.89990234375,5092.4599609375,5105.5498046875,1819700000,13.0,80.81999969482422,0.1608512750443939
2015-08-05,5132.77001953125,5175.259765625,5131.85986328125,5139.93994140625,2041490000,12.510000228881836,80.0999984741211,0.15617978111352396
2015-08-06,5146.6298828125,5149.93017578125,5035.41015625,5056.43994140625,2290950000,13.770000457763672,84.36000061035156,0.16322902273751283
2015-08-07,5043.97021484375,5055.56005859375,5006.14990234375,5043.5400390625,2008360000,13.390000343322754,82.56999969482422,0.16216544014547316
2015-08-10,5081.72021484375,5112.47021484375,5081.10986328125,5101.7998046875,1784930000,12.229999542236328,80.20999908447266,0.15247474980465192
2015-08-11,5069.16015625,5089.330078125,5013.4501953125,5036.7900390625,1912340000,13.710000038146973,85.22000122070312,0.16087772637600364
2015-08-12,4994.52001953125,5055.75,4945.7900390625,5044.39013671875,2089460000,13.609999656677246,88.12999725341797,0.1544309551893173
2015-08-13,5050.93994140625,5071.4599609375,5029.60986328125,5033.56005859375,1632340000,13.489999771118164,88.36000061035156,0.15267088816133148
2015-08-14,5025.919921875,5051.89013671875,5012.60986328125,5048.240234375,1487630000,12.829999923706055,89.37999725341797,0.14354442065297138
2015-08-17,5032.33984375,5092.68994140625,5022.419921875,5091.7001953125,1510790000,13.020000457763672,87.3499984741211,0.14905553159936305
2015-08-18,5082.169921875,5085.14013671875,5054.97021484375,5059.35009765625,1501540000,13.789999961853027,88.83999633789062,0.15522287854903405
2015-08-19,5039.02978515625,5060.93017578125,4992.85009765625,5019.0498046875,1785420000,15.25,91.83999633789062,0.16604965818915515
2015-08-20,4973.490234375,4986.509765625,4877.490234375,4877.490234375,2087000000,19.139999389648438,108.75,0.17599999438757183
2015-08-21,4801.0400390625,4856.75,4706.0400390625,4706.0400390625,2768540000,28.030000686645508,138.57000732421875,0.20228043014432698
2015-08-24,4351.60986328125,4694.89990234375,4292.14013671875,4526.25,3508840000,40.7400016784668,168.75,0.24142223216869213
2015-08-25,4687.27001953125,4689.5400390625,4506.10009765625,4506.490234375,2612800000,36.02000045776367,152.4199981689453,0.2363206986647408
2015-08-26,4633.509765625,4703.97021484375,4530.02978515625,4697.5400390625,2631660000,30.31999969482422,134.30999755859375,0.2257464093958969
2015-08-27,4761.0498046875,4818.7099609375,4721.7900390625,4812.7099609375,2368880000,26.100000381469727,128.58999633789062,0.2029706907595505
2015-08-28,4792.10986328125,4836.77978515625,4788.3798828125,4828.31982421875,1936540000,26.049999237060547,127.18000030517578,0.20482779662330605
2015-08-31,4798.68017578125,4824.60986328125,4763.419921875,4776.509765625,1839010000,28.43000030517578,127.27999877929688,0.2233658122080384
2015-09-01,4673.60986328125,4722.1298828125,4614.91015625,4636.10009765625,2253750000,31.399999618530273,128.94000244140625,0.24352411217612055
2015-09-02,4704.419921875,4749.97998046875,4659.41015625,4749.97998046875,1929080000,26.09000015258789,114.43000030517578,0.2279996511667213
2015-09-03,4763.10009765625,4800.18017578125,4721.91015625,4733.5,1803320000,25.610000610351562,118.16000366210938,0.2167400119890482
2015-09-04,4670.35009765625,4712.669921875,4657.81982421875,4683.919921875,1574720000,27.799999237060547,123.1500015258789,0.22574095730903113
2015-09-08,4769.72021484375,4815.0400390625,4754.89013671875,4811.93017578125,1765600000,24.899999618530273,117.62000274658203,0.21169868251217885
2015-09-09,4856.27001953125,4862.8798828125,4746.72998046875,4756.52978515625,1963750000,26.229999542236328,131.3000030517578,0.19977150748348874
2015-09-10,4749.9599609375,4826.330078125,4746.52001953125,4796.25,1845770000,24.3700008392334,127.05999755859375,0.19179916029822972
2015-09-11,4770.72998046875,4822.33984375,4763.14990234375,4822.33984375,1686190000,23.200000762939453,119.08999633789062,0.19481065980651102
2015-09-14,4831.97998046875,4832.0,4791.080078125,4805.759765625,1467740000,24.25,118.01000213623047,0.20549105635983175
2015-09-15,4819.31982421875,4872.35009765625,4802.08984375,4860.52001953125,1587460000,22.540000915527344,109.33999633789062,0.20614598198698075
2015-09-16,4860.43017578125,4893.43994140625,4848.14990234375,4889.240234375,1666380000,21.350000381469727,107.0199966430664,0.19949543123867167
2015-09-17,4884.10986328125,4960.8701171875,4880.5,4893.9501953125,1891510000,21.139999389648438,118.08999633789062,0.1790160051251133
2015-09-18,4828.7099609375,4878.7099609375,4819.08984375,4827.22998046875,3272150000,22.280000686645508,116.26000213623047,0.19163943125115704
2015-09-21,4851.97998046875,4881.4599609375,4795.91015625,4828.9501953125,2021530000,20.139999389648438,103.4000015258789,0.1947775540855075
2015-09-22,4762.2900390625,4776.27978515625,4716.91015625,4756.72021484375,2042880000,22.440000534057617,111.36000061035156,0.2015086243809852
2015-09-23,4764.68994140625,4780.64013671875,4735.1298828125,4752.740234375,1606330000,22.1299991607666,105.86000061035156,0.2090496791344493
2015-09-24,4717.89013671875,4746.2099609375,4670.1201171875,4734.47998046875,1995820000,23.469999313354492,110.12000274658203,0.21313111812543037
2015-09-25,4782.41015625,4785.22021484375,4659.47998046875,4686.5,2050530000,23.6200008392334,110.54000091552734,0.21367831231775883
2015-09-28,4665.06005859375,4665.2099609375,4529.41015625,4543.97021484375,2387610000,27.6299991607666,115.30999755859375,0.23961494879684359
2015-09-29,4551.0400390625,4596.06005859375,4487.06005859375,4517.31982421875,2293450000,26.829999923706055,110.98999786376953,0.2417334934688216
2015-09-30,4574.3798828125,4620.16015625,4559.18017578125,4620.16015625,2398350000,24.5,103.27999877929688,0.23721921271857313
2015-10-01,4624.4599609375,4628.22998046875,4559.2099609375,4627.080078125,2133990000,22.549999237060547,98.2699966430664,0.2294698280998832
2015-10-02,4566.1298828125,4707.77978515625,4552.33984375,4707.77978515625,2183320000,20.940000534057617,95.06999969482422,0.2202587630301384
2015-10-05,4742.1298828125,4785.91015625,4740.240234375,4781.259765625,2005320000,19.540000915527344,92.29000091552734,0.2117239215699242
2015-10-06,4767.6298828125,4783.3701171875,4711.7900390625,4748.35986328125,2085020000,19.399999618530273,92.45999908447266,0.20982046085471168
2015-10-07,4775.0498046875,4791.14990234375,4728.7099609375,4791.14990234375,2149890000,18.399999618530273,89.43000030517578,0.205747507052903
2015-10-08,4775.06005859375,4819.06982421875,4737.93017578125,4810.7900390625,1984230000,17.420000076293945,88.41999816894531,0.19701425511239334
2015-10-09,4817.27978515625,4841.3798828125,4804.58984375,4830.47021484375,1804260000,17.079999923706055,89.08000183105469,0.19173775901014517
2015-10-12,4839.7900390625,4846.740234375,4818.169921875,4838.64013671875,1343820000,16.170000076293945,88.2699966430664,0.18318795390555956
2015-10-13,4809.240234375,4858.27978515625,4793.919921875,4796.60986328125,1565060000,17.670000076293945,98.3499984741211,0.17966446721342313
2015-10-14,4801.35009765625,4820.08984375,4771.6201171875,4782.85009765625,1902460000,18.030000686645508,102.29000091552734,0.17626356951091396
2015-10-15,4799.43017578125,4870.10009765625,4795.2900390625,4870.10009765625,1942900000,16.049999237060547,96.61000061035156,0.16613186146011497
2015-10-16,4872.35986328125,4886.9501953125,4851.27978515625,4886.68994140625,1855290000,15.050000190734863,97.58000183105469,0.15423242373772147
2015-10-19,4873.5400390625,4915.490234375,4865.830078125,4905.47021484375,1619920000,14.979999542236328,94.37999725341797,0.15872006757972043
2015-10-20,4900.02001953125,4909.3701171875,4866.60009765625,4880.97021484375,1711700000,15.75,97.11000061035156,0.16218720936060946
2015-10-21,4903.97998046875,4904.85009765625,4836.4599609375,4840.1201171875,1895390000,16.700000762939453,106.0199966430664,0.15751746172151587
2015-10-22,4875.9599609375,4926.990234375,4861.7998046875,4920.0498046875,2156040000,14.449999809265137,97.06999969482422,0.14886164473775734
2015-10-23,5024.3798828125,5048.5498046875,4999.5400390625,5031.85986328125,2178270000,14.460000038146973,97.20999908447266,0.14875013038094625
2015-10-26,5030.7998046875,5045.16015625,5012.740234375,5034.7001953125,1758690000,15.289999961853027,98.0999984741211,0.1558613679885688
2015-10-27,5018.990234375,5040.080078125,5009.06982421875,5030.14990234375,1986840000,15.430000305175781,95.20999908447266,0.16206281329218272
2015-10-28,5040.3798828125,5095.68994140625,5019.60009765625,5095.68994140625,2141130000,14.329999923706055,88.27999877929688,0.16232442367304017
2015-10-29,5071.0400390625,5084.6298828125,5066.89013671875,5074.27001953125,1928310000,14.609999656677246,88.5999984741211,0.1648984188294838
2015-10-30,5079.759765625,5085.22021484375,5053.75,5053.75,2016390000,15.069999694824219,90.2699966430664,0.1669436164311826
2015-11-02,5065.64013671875,5130.509765625,5061.47021484375,5127.14990234375,1888180000,14.149999618530273,86.75,0.1631123875334902
2015-11-03,5114.31005859375,5163.47021484375,5109.68017578125,5145.1298828125,2028630000,14.539999961853027,87.33999633789062,0.16647584808227378
2015-11-04,5155.6201171875,5162.56982421875,5122.77978515625,5142.47998046875,2096110000,15.510000228881836,89.45999908447266,0.1733735791148009
2015-11-05,5144.14990234375,5154.85986328125,5098.490234375,5127.740234375,2054490000,15.050000190734863,87.68000030517578,0.1716468993881431
2015-11-06,5124.0400390625,5147.1201171875,5092.8701171875,5147.1201171875,2066430000,14.329999923706055,85.02999877929688,0.16852875607937945
2015-11-09,5128.93994140625,5133.43994140625,5066.10009765625,5095.2998046875,1850770000,16.520000457763672,92.97000122070312,0.17769173110524708
2015-11-10,5068.5498046875,5086.8798828125,5051.22021484375,5083.240234375,1906120000,15.289999961853027,86.95999908447266,0.17582796829379416
2015-11-11,5098.1298828125,5111.18994140625,5066.68017578125,5067.02001953125,1672340000,16.059999465942383,91.25,0.1759999941473138
2015-11-12,5043.10009765625,5062.490234375,5004.4599609375,5005.080078125,1820930000,18.3700008392334,98.19000244140625,0.18708626522537755
2015-11-13,4980.85986328125,4989.06005859375,4925.35009765625,4927.8798828125,2001050000,20.079999923706055,106.05999755859375,0.18932679979190728
2015-11-16,4916.14013671875,4984.91015625,4908.66015625,4984.6201171875,1819190000,18.15999984741211,96.70999908447266,0.1877778928686579
2015-11-17,4991.7099609375,5023.4501953125,4975.740234375,4986.02001953125,1861710000,18.84000015258789,100.37000274658203,0.18770548607192764
2015-11-18,5004.60009765625,5078.7998046875,5001.669921875,5075.2001953125,2017390000,16.850000381469727,93.47000122070312,0.18027174667178178
2015-11-19,5078.669921875,5092.4599609375,5067.27001953125,5073.64013671875,1794110000,16.989999771118164,96.18000030517578,0.1766479488169005
2015-11-20,5096.9599609375,5112.4599609375,5094.31982421875,5104.919921875,1766630000,15.470000267028809,90.79000091552734,0.17039321633471924
2015-11-23,5106.72021484375,5128.080078125,5084.85009765625,5102.47998046875,1668280000,15.619999885559082,88.55000305175781,0.17639750815625757
2015-11-24,5070.66015625,5110.75,5050.14013671875,5102.81005859375,1956920000,15.930000305175781,89.63999938964844,0.17771084798797274
2015-11-25,5106.8701171875,5124.08984375,5101.18017578125,5116.14013671875,1539300000,15.1899995803833,86.13999938964844,0.1763408368703646
2015-11-27,5121.93017578125,5134.35009765625,5108.509765625,5127.52001953125,781730000,15.119999885559082,88.3499984741211,0.17113752288278686
2015-11-30,5139.580078125,5141.35986328125,5098.7001953125,5108.669921875,2244550000,16.1299991607666,90.83999633789062,0.17756494728125122
2015-12-01,5129.64013671875,5156.31005859375,5120.169921875,5156.31005859375,2035570000,14.670000076293945,87.31999969482422,0.16800274997210624
2015-12-02,5158.81982421875,5176.77001953125,5117.14990234375,5123.22021484375,2060340000,15.90999984741211,92.94000244140625,0.17118570507293157
2015-12-03,5143.16015625,5144.60009765625,5011.72021484375,5037.52978515625,2088100000,18.110000610351562,101.80000305175781,0.17789783956238153
2015-12-04,5050.93017578125,5147.0,5043.490234375,5142.27001953125,1897490000,14.8100004196167,89.19000244140625,0.16605000576545775
2015-12-07,5139.4599609375,5139.77978515625,5082.22998046875,5101.81005859375,1952690000,15.84000015258789,94.30000305175781,0.16797454549279173
2015-12-08,5050.52001953125,5111.72998046875,5045.72998046875,5098.240234375,1871450000,17.600000381469727,99.16000366210938,0.1774909210516192
2015-12-09,5077.2099609375,5106.3701171875,5000.1201171875,5022.8701171875,2003450000,19.610000610351562,113.83000183105469,0.17227444693760546
2015-12-10,5026.2998046875,5075.64990234375,5019.31005859375,5045.169921875,1746520000,19.34000015258789,113.80000305175781,0.16994727270606302
2015-12-11,4979.77001953125,4996.18994140625,4928.669921875,4933.47021484375,2084950000,24.389999389648438,131.08999633789062,0.18605538234040428
2015-12-14,4932.60986328125,4953.60009765625,4871.58984375,4952.22998046875,2216060000,22.729999542236328,122.22000122070312,0.1859761030536305
2015-12-15,4991.2099609375,5026.5400390625,4986.990234375,4995.35986328125,2054710000,20.950000762939453,114.37000274658203,0.183177408934403
2015-12-16,5033.47998046875,5078.990234375,4992.6298828125,5071.1298828125,2036610000,17.860000610351562,108.93000030517578,0.16395851060603503
2015-12-17,5087.169921875,5088.580078125,5002.5498046875,5002.5498046875,1897220000,18.940000534057617,113.5199966430664,0.16684285671368929
2015-12-18,4982.580078125,4996.490234375,4921.330078125,4923.080078125,3765210000,20.700000762939453,118.31999969482422,0.17494929696019051
2015-12-21,4957.52978515625,4968.919921875,4928.93017578125,4968.919921875,1673400000,18.700000762939453,109.44000244140625,0.1708698862004445
2015-12-22,4988.68017578125,5007.77001953125,4964.080078125,5001.10986328125,1556670000,16.600000381469727,100.91000366210938,0.16450302030563546
2015-12-23,5025.5498046875,5046.08984375,5020.43994140625,5045.93017578125,1591490000,15.569999694824219,99.61000061035156,0.1563096034476499
2015-12-24,5046.18994140625,5063.27978515625,5043.64990234375,5048.490234375,706880000,15.739999771118164,99.87999725341797,0.1575891089702601
2015-12-28,5032.2900390625,5041.27001953125,4999.06982421875,5040.990234375,1310650000,16.90999984741211,99.23999786376953,0.17039500414565809
2015-12-29,5066.52001953125,5116.990234375,5065.89013671875,5107.93994140625,1383470000,16.079999923706055,95.12999725341797,0.16903185522932734
2015-12-30,5101.18017578125,5102.35009765625,5065.68017578125,5065.85009765625,1247530000,17.290000915527344,100.81999969482422,0.17149376083974496
2015-12-31,5047.0400390625,5058.06005859375,5007.009765625,5007.41015625,1437480000,18.209999084472656,100.19999694824219,0.1817365233441967
2016-01-04,4897.64990234375,4903.08984375,4846.97998046875,4903.08984375,2218420000,20.700000762939453,107.69000244140625,0.19221840740696658
2016-01-05,4917.83984375,4926.72998046875,4872.740234375,4891.43017578125,1927380000,19.34000015258789,101.83999633789062,0.18990574281268158
2016-01-06,4813.759765625,4866.0400390625,4804.68994140625,4835.759765625,2168620000,20.59000015258789,103.05999755859375,0.19978653833056467
2016-01-07,4736.39990234375,4788.02001953125,4688.169921875,4689.43017578125,2552590000,24.989999771118164,116.55000305175781,0.21441440683635626
2016-01-08,4722.02001953125,4742.56982421875,4637.85009765625,4643.6298828125,2288750000,27.010000228881836,116.45999908447266,0.2319251282948277
2016-01-11,4673.43994140625,4683.02001953125,4573.77978515625,4637.990234375,2391110000,24.299999237060547,109.62999725341797,0.22165465516604252
2016-01-12,4681.5400390625,4714.7998046875,4618.02978515625,4685.919921875,2147470000,22.469999313354492,104.5199966430664,0.21498277875083624
2016-01-13,4706.02001953125,4713.97998046875,4517.56005859375,4526.06005859375,2533200000,25.219999313354492,117.13999938964844,0.21529792935600067
2016-01-14,4545.3701171875,4650.5498046875,4470.58984375,4615.0,2565560000,23.950000762939453,110.06999969482422,0.21758881465742064
2016-01-15,4464.3701171875,4520.4501953125,4419.41015625,4488.419921875,2818630000,27.020000457763672,116.41000366210938,0.2321106400459507
2016-01-19,4548.0498046875,4550.56982421875,4430.77001953125,4476.9501953125,2394550000,26.049999237060547,113.76000213623047,0.22899084693990263
2016-01-20,4405.22021484375,4514.919921875,4313.39013671875,4471.68994140625,3204130000,27.59000015258789,112.87999725341797,0.24441885917704054
2016-01-21,4480.7001953125,4537.14990234375,4432.02001953125,4472.06005859375,2447750000,26.690000534057617,108.37999725341797,0.2462631593507989
2016-01-22,4557.39013671875,4591.18017578125,4540.27001953125,4591.18017578125,2153340000,22.34000015258789,98.91999816894531,0.22583906759109962
2016-01-25,4574.58984375,4590.43994140625,4514.77978515625,4518.490234375,2028880000,24.149999618530273,102.87999725341797,0.23473950489173387
2016-01-26,4537.0400390625,4583.2099609375,4503.52978515625,4567.669921875,1981180000,22.5,98.4000015258789,0.22865853303958097
2016-01-27,4548.8701171875,4568.85009765625,4450.830078125,4468.169921875,2115710000,23.110000610351562,100.04000091552734,0.23100760094819858
2016-01-28,4533.81005859375,4533.81005859375,4447.5,4506.68017578125,2322310000,22.420000076293945,96.55999755859375,0.23218724775432212
2016-01-29,4512.08984375,4613.9501953125,4511.2998046875,4613.9501953125,2617550000,20.200000762939453,89.94999694824219,0.22456922121478964
2016-02-01,4587.58984375,4636.93017578125,4565.3701171875,4620.3701171875,1983340000,19.979999542236328,89.6500015258789,0.22286669494889838
2016-02-02,4588.68994140625,4589.89990234375,4503.1201171875,4516.9501953125,2185180000,21.979999542236328,97.5999984741211,0.22520491686344016
2016-02-03,4543.81982421875,4547.31982421875,4424.47021484375,4504.240234375,2466190000,21.649999618530273,97.31999969482422,0.22246197787114963
2016-02-04,4492.47998046875,4545.52001953125,4463.990234375,4509.56005859375,2200930000,21.84000015258789,95.22000122070312,0.22936357774210306
2016-02-05,4491.47998046875,4493.18994140625,4350.3701171875,4363.14013671875,2489280000,23.3799991607666,100.55000305175781,0.23252111836070077
2016-02-08,4288.02001953125,4301.52978515625,4212.81005859375,4283.75,2702070000,26.0,104.52999877929688,0.24873242421915667
2016-02-09,4224.8701171875,4329.60986328125,4222.47998046875,4268.759765625,2465790000,26.540000915527344,103.05999755859375,0.2575199063093155
2016-02-10,4318.27978515625,4369.6201171875,4280.72998046875,4283.58984375,2448380000,26.290000915527344,106.19000244140625,0.24757510416325396
2016-02-11,4218.81005859375,4293.22021484375,4209.759765625,4266.83984375,2812330000,28.139999389648438,107.20999908447266,0.2624755118920991
2016-02-12,4307.2900390625,4340.1298828125,4274.14990234375,4337.509765625,1983190000,25.399999618530273,103.25,0.24600483892039005
2016-02-16,4397.9501953125,4435.9599609375,4376.52001953125,4435.9599609375,2117920000,24.110000610351562,94.19999694824219,0.2559448130725387
2016-02-17,4471.66015625,4540.77978515625,4463.509765625,4534.06005859375,2296440000,22.309999465942383,88.95999908447266,0.25078686708121195
2016-02-18,4548.10009765625,4548.47021484375,4482.77001953125,4487.5400390625,1955870000,21.639999389648438,87.52999877929688,0.24722951778181518
2016-02-19,4464.669921875,4513.14990234375,4455.10009765625,4504.43017578125,1903770000,20.530000686645508,86.25,0.2380289934683537
2016-02-22,4548.31005859375,4576.47021484375,4546.5498046875,4570.60986328125,1794020000,19.3799991607666,86.19000244140625,0.22485205489977247
2016-02-23,4550.0498046875,4558.06005859375,4500.93994140625,4503.580078125,1777750000,20.979999542236328,89.66999816894531,0.2339689971076877
2016-02-24,4453.93017578125,4547.64013671875,4425.72021484375,4542.60986328125,1978180000,20.719999313354492,86.73999786376953,0.2388747962145044
2016-02-25,4554.72998046875,4582.2001953125,4516.89013671875,4582.2001953125,1667840000,19.110000610351562,83.51000213623047,0.2288348715304459
2016-02-26,4615.14013671875,4618.85009765625,4580.77978515625,4590.47021484375,1814920000,19.809999465942383,83.72000122070312,0.236622063749368
2016-02-29,4585.2998046875,4619.89990234375,4557.4599609375,4557.9501953125,2065260000,20.549999237060547,85.05999755859375,0.241594166786857
2016-03-01,4596.009765625,4689.60009765625,4581.75,4689.60009765625,2080150000,17.700000762939453,79.44999694824219,0.22278164182271956
2016-03-02,4683.7998046875,4703.580078125,4665.93017578125,4703.419921875,1912510000,17.09000015258789,78.83999633789062,0.21676815000528368
2016-03-03,4698.3798828125,4707.72021484375,4674.4599609375,4707.419921875,1936290000,16.700000762939453,79.41000366210938,0.21030096956043698
2016-03-04,4715.759765625,4746.64990234375,4687.93994140625,4717.02001953125,2171230000,16.860000610351562,81.97000122070312,0.20568501109273182
2016-03-07,4690.8798828125,4731.18994140625,4674.81982421875,4708.25,2084390000,17.350000381469727,82.30000305175781,0.21081409159314915
2016-03-08,4676.22021484375,4695.0400390625,4642.85986328125,4648.81982421875,1993060000,18.670000076293945,87.45999908447266,0.21346901751349953
2016-03-09,4666.419921875,4676.47021484375,4642.419921875,4674.3798828125,1789550000,18.34000015258789,92.86000061035156,0.19750161567997493
2016-03-10,4691.2001953125,4716.14013671875,4607.990234375,4662.16015625,1936470000,18.049999237060547,94.7699966430664,0.190461115083105
2016-03-11,4712.3798828125,4748.7900390625,4700.91015625,4748.47021484375,1801790000,16.5,92.3499984741211,0.17866811340147162
2016-03-14,4733.39013671875,4762.27001953125,4731.509765625,4750.27978515625,1615100000,16.920000076293945,89.73999786376953,0.188544689982938
2016-03-15,4731.14013671875,4735.27001953125,4712.06982421875,4728.669921875,1692420000,16.84000015258789,90.33999633789062,0.18640691648472887
2016-03-16,4717.8798828125,4774.77978515625,4716.4501953125,4763.97021484375,1781060000,14.989999771118164,84.37000274658203,0.17766977934258077
2016-03-17,4752.6201171875,4788.08984375,4737.97021484375,4774.990234375,1907190000,14.4399995803833,84.70999908447266,0.17046393266966936
2016-03-18,4784.6298828125,4804.580078125,4772.41015625,4795.64990234375,2829040000,14.020000457763672,86.19999694824219,0.16264502266956948
2016-03-21,4787.31005859375,4814.85009765625,4785.3798828125,4808.8701171875,1609230000,13.789999961853027,87.77999877929688,0.15709729042631784
2016-03-22,4783.60009765625,4835.60009765625,4781.7099609375,4821.66015625,1596200000,14.170000076293945,85.04000091552734,0.16662746852942076
2016-03-23,4813.8701171875,4816.669921875,4765.3701171875,4768.85986328125,1732630000,14.9399995803833,86.05999755859375,0.1735998141321284
2016-03-24,4743.35986328125,4773.5,4734.77001953125,4773.5,1590990000,14.739999771118164,84.19999694824219,0.1750593860493707
2016-03-28,4785.25,4787.39013671875,4760.009765625,4766.7900390625,1381000000,15.239999771118164,83.29000091552734,0.18297514231719797
2016-03-29,4756.5498046875,4849.31005859375,4749.77978515625,4846.6201171875,1806490000,13.819999694824219,81.38999938964844,0.1697997272203188
2016-03-30,4875.4599609375,4899.14013671875,4859.35009765625,4869.2900390625,1717820000,13.5600004196167,80.33000183105469,0.16880368617612249
2016-03-31,4869.56982421875,4891.2998046875,4864.41015625,4869.85009765625,1774270000,13.949999809265137,82.94000244140625,0.16819386783983092
2016-04-01,4842.5498046875,4917.08984375,4832.06005859375,4914.5400390625,1812250000,13.100000381469727,81.56999969482422,0.16059826444134398
2016-04-04,4911.2099609375,4917.75,4885.169921875,4891.7998046875,1705730000,14.119999885559082,84.43000030517578,0.16723913104964763
2016-04-05,4855.89990234375,4872.7001953125,4838.6201171875,4843.93017578125,1726010000,15.420000076293945,89.11000061035156,0.17304455134862454
2016-04-06,4849.580078125,4921.509765625,4849.27978515625,4920.72021484375,1761770000,14.09000015258789,85.58999633789062,0.16462204411089873
2016-04-07,4893.56982421875,4901.490234375,4831.490234375,4848.3701171875,1908940000,16.15999984741211,92.73999786376953,0.17425059542432111
2016-04-08,4883.990234375,4892.60009765625,4835.35986328125,4850.68994140625,1588830000,15.359999656677246,89.7300033569336,0.1711801970582491
2016-04-11,4873.39013671875,4897.5498046875,4833.39990234375,4833.39990234375,1545540000,16.260000228881836,92.80999755859375,0.17519664536804247
2016-04-12,4838.81982421875,4879.60009765625,4808.91015625,4872.08984375,1759280000,14.850000381469727,89.77999877929688,0.16540432817308207
2016-04-13,4904.7900390625,4951.91015625,4903.60009765625,4947.419921875,1936450000,13.84000015258789,87.88999938964844,0.15746956705768217
2016-04-14,4947.6201171875,4961.2998046875,4931.81005859375,4945.89013671875,1645810000,13.720000267028809,87.91999816894531,0.15605096170116758
2016-04-15,4938.830078125,4950.43017578125,4925.4599609375,4938.22021484375,1684790000,13.619999885559082,90.2699966430664,0.1508806956026981
2016-04-18,4919.35986328125,4960.7900390625,4915.6298828125,4960.02001953125,1672260000,13.350000381469727,86.56999969482422,0.15421047046934305
2016-04-19,4968.2998046875,4968.669921875,4915.52001953125,4940.330078125,1824250000,13.239999771118164,86.9800033569336,0.15221889239054323
2016-04-20,4941.990234375,4969.31982421875,4928.2900390625,4948.1298828125,1781340000,13.279999732971191,87.97000122070312,0.15096054960433303
2016-04-21,4949.1201171875,4966.60986328125,4932.64013671875,4945.89013671875,1758190000,13.949999809265137,87.06999969482422,0.16021591659767032
2016-04-22,4898.240234375,4921.66015625,4872.02001953125,4906.22998046875,2018930000,13.220000267028809,84.0999984741211,0.15719382291186143
2016-04-25,4891.47998046875,4904.8701171875,4878.3701171875,4895.7900390625,1582270000,14.079999923706055,85.7699966430664,0.16415996822642143
2016-04-26,4903.81005859375,4915.0,4875.419921875,4888.27978515625,1825020000,13.960000038146973,84.51000213623047,0.16518754804482663
2016-04-27,4855.3798828125,4872.91015625,4826.3798828125,4863.14013671875,1938780000,13.770000457763672,83.0999984741211,0.1657039796703716
2016-04-28,4857.60009765625,4889.16015625,4796.31982421875,4805.2900390625,2161400000,15.220000267028809,87.36000061035156,0.17422161356103907
2016-04-29,4805.7900390625,4807.89013671875,4740.83984375,4775.35986328125,2376460000,15.699999809265137,91.68000030517578,0.1712478158486524
2016-05-02,4786.5498046875,4821.56982421875,4768.27978515625,4817.58984375,1880460000,14.680000305175781,89.48999786376953,0.16404068226175533
2016-05-03,4780.8798828125,4791.43017578125,4749.7099609375,4763.22021484375,1984340000,15.600000381469727,91.66000366210938,0.1701941933035127
2016-05-04,4735.27978515625,4751.64013671875,4713.91015625,4725.64013671875,1950800000,16.049999237060547,91.86000061035156,0.17472239419136143
2016-05-05,4742.419921875,4744.5498046875,4709.75,4717.08984375,1888350000,15.90999984741211,91.58000183105469,0.1737278830454996
2016-05-06,4695.89990234375,4736.16015625,4684.27978515625,4736.16015625,1860800000,14.720000267028809,88.86000061035156,0.16565383936441289
2016-05-09,4736.35009765625,4771.93994140625,4735.06005859375,4750.2099609375,1625100000,14.569999694824219,86.41999816894531,0.16859523262591194
2016-05-10,4768.91015625,4811.2998046875,4758.2001953125,4809.8798828125,1760120000,13.630000114440918,85.91999816894531,0.15863594512234647
2016-05-11,4799.2998046875,4812.18994140625,4760.35986328125,4760.68994140625,1859110000,14.6899995803833,91.52999877929688,0.16049382471647125
2016-05-12,4778.18994140625,4779.4599609375,4710.169921875,4737.330078125,1930450000,14.40999984741211,91.25,0.157917806546982
2016-05-13,4731.06982421875,4759.2900390625,4708.259765625,4717.68017578125,1698030000,15.039999961853027,94.0,0.15999999959418115
2016-05-16,4728.85986328125,4791.25,4724.72998046875,4775.4599609375,1741510000,14.680000305175781,90.61000061035156,0.16201302512185056
2016-05-17,4768.85009765625,4776.14990234375,4703.39013671875,4715.72998046875,1925230000,15.569999694824219,91.76000213623047,0.16968177127664394
2016-05-18,4705.77978515625,4762.27978515625,4704.490234375,4739.1201171875,1934100000,15.949999809265137,89.98999786376953,0.17724191785636983
2016-05-19,4717.35986328125,4735.27001953125,4678.3798828125,4712.52978515625,1805890000,16.329999923706055,90.45999908447266,0.18052177856487595
2016-05-20,4729.43994140625,4781.7001953125,4729.0,4769.56005859375,1970520000,15.199999809265137,85.45999908447266,0.17786098727008814
2016-05-23,4771.56982421875,4792.64013671875,4763.91015625,4765.77978515625,1865110000,15.819999694824219,84.12000274658203,0.18806465975141706
2016-05-24,4792.85009765625,4865.990234375,4792.6298828125,4861.06005859375,1942280000,14.420000076293945,79.4800033569336,0.18142928368454816
2016-05-25,4877.18017578125,4905.4501953125,4872.419921875,4894.89013671875,1784420000,13.899999618530273,78.54000091552734,0.1769798759421996
2016-05-26,4897.77978515625,4909.3798828125,4887.27001953125,4901.77001953125,1606250000,13.430000305175781,77.4800033569336,0.17333505063631294
2016-05-27,4904.0498046875,4933.5,4902.5,4933.5,1505020000,13.119999885559082,76.16999816894531,0.1722462938289545
2016-05-31,4938.47998046875,4951.4501953125,4923.02978515625,4948.0498046875,2285350000,14.1899995803833,79.43000030517578,0.17864786007634773
2016-06-01,4928.97021484375,4958.97998046875,4923.2001953125,4952.25,1797090000,14.199999809265137,78.93000030517578,0.1799062429286977
2016-06-02,4941.25,4971.35986328125,4924.22998046875,4971.35986328125,1729050000,13.630000114440918,79.54000091552734,0.17136032131702109
2016-06-03,4958.10009765625,4958.64990234375,4909.2099609375,4942.52001953125,1697840000,13.470000267028809,79.08000183105469,0.17033383858293166
2016-06-06,4950.4599609375,4980.14013671875,4944.8701171875,4968.7099609375,1663840000,13.649999618530273,80.70999908447266,0.16912402147649536
2016-06-07,4972.1298828125,4979.3798828125,4960.27978515625,4961.75,1747760000,14.050000190734863,82.30000305175781,0.1707168854161394
2016-06-08,4970.009765625,4979.66015625,4956.7900390625,4974.64013671875,1692640000,14.079999923706055,86.61000061035156,0.16256783078723616
2016-06-09,4954.14990234375,4965.490234375,4940.5498046875,4958.6201171875,1632340000,14.640000343322754,89.9800033569336,0.16270282059502322
2016-06-10,4915.14990234375,4917.919921875,4880.60986328125,4894.5498046875,1822200000,17.030000686645508,103.77999877929688,0.16409713708767967
2016-06-13,4868.509765625,4894.85009765625,4844.93994140625,4848.43994140625,1888300000,20.969999313354492,124.55999755859375,0.16835259894325288
2016-06-14,4836.669921875,4863.009765625,4811.93017578125,4843.5498046875,1919710000,20.5,116.44000244140625,0.17605633433678258
2016-06-15,4855.080078125,4868.16015625,4830.330078125,4834.93017578125,1802200000,20.139999389648438,114.2300033569336,0.17631094106438167
2016-06-16,4809.68994140625,4847.85986328125,4778.77978515625,4844.919921875,1851770000,19.3700008392334,115.47000122070312,0.16774920442072763
2016-06-17,4835.02001953125,4835.02001953125,4792.33984375,4800.33984375,2638220000,19.40999984741211,115.72000122070312,0.16773245456844607
2016-06-20,4856.68994140625,4882.14990234375,4834.509765625,4837.2099609375,1779560000,18.3700008392334,112.4000015258789,0.16343416894886698
2016-06-21,4845.080078125,4852.18994140625,4826.58984375,4843.759765625,1698080000,18.479999542236328,113.45999908447266,0.16287678204966047
2016-06-22,4846.68017578125,4875.93017578125,4830.0,4833.31982421875,1682220000,21.170000076293945,122.94000244140625,0.17219781727581843
2016-06-23,4872.18994140625,4910.0400390625,4859.39990234375,4910.0400390625,1738570000,17.25,104.70999908447266,0.16474071388429595
2016-06-24,4715.7900390625,4798.22021484375,4698.419921875,4707.97998046875,4411040000,25.760000228881836,125.12999725341797,0.20586590581243056
2016-06-27,4664.43017578125,4665.0400390625,4574.25,4594.43994140625,2659650000,23.850000381469727,115.5999984741211,0.20631488491592784
2016-06-28,4643.93017578125,4692.97998046875,4643.93017578125,4691.8701171875,2074090000,18.75,108.0,0.1736111111111111
2016-06-29,4732.93017578125,4787.58984375,4732.33984375,4779.25,2116550000,16.639999389648438,98.5999984741211,0.16876267390628644
2016-06-30,4793.75,4843.10986328125,4774.52001953125,4842.669921875,2171180000,15.630000114440918,94.2300033569336,0.16587073710733172
2016-07-01,4837.18017578125,4880.169921875,4837.169921875,4862.56982421875,1745130000,14.770000457763672,91.69999694824219,0.1610687126423814
2016-07-05,4837.06005859375,4839.1298828125,4797.2900390625,4822.89990234375,1690340000,15.579999923706055,91.8499984741211,0.1696243895757467
2016-07-06,4799.31982421875,4861.0498046875,4786.009765625,4859.16015625,1876090000,14.960000038146973,89.23999786376953,0.1676378350096372
2016-07-07,4867.47021484375,4889.009765625,4853.68017578125,4876.81005859375,1672770000,14.760000228881836,89.5,0.1649162036746574
2016-07-08,4906.66015625,4959.0,4901.27001953125,4956.759765625,1947260000,13.199999809265137,84.72000122070312,0.15580736094275974
2016-07-11,4976.5400390625,5002.5,4976.5400390625,4988.64013671875,1718450000,13.539999961853027,84.77999877929688,0.1597074800284082
2016-07-12,5017.990234375,5032.10009765625,5009.68017578125,5022.81982421875,1866280000,13.550000190734863,84.9800033569336,0.15944927812984497
2016-07-13,5036.31982421875,5036.3798828125,5002.81982421875,5005.72998046875,1650820000,13.039999961853027,84.18000030517578,0.1549061524658995
2016-07-14,5041.9501953125,5045.18017578125,5025.14990234375,5034.06005859375,1641170000,12.819999694824219,86.02999877929688,0.14901778306091704
2016-07-15,5041.18994140625,5044.81005859375,5018.52001953125,5029.58984375,1610300000,12.670000076293945,89.04000091552734,0.14229559687801477
2016-07-18,5034.990234375,5063.52978515625,5030.1298828125,5055.77978515625,1585570000,12.4399995803833,87.19999694824219,0.14266055063932054
2016-07-19,5038.22021484375,5052.240234375,5028.240234375,5036.3701171875,1694740000,11.970000267028809,89.02999877929688,0.13444906695665737
2016-07-20,5061.60009765625,5098.25,5053.919921875,5089.93017578125,1877330000,11.770000457763672,87.08999633789062,0.1351475594521623
2016-07-21,5093.97021484375,5102.77978515625,5061.10986328125,5073.89990234375,1880310000,12.739999771118164,92.83999633789062,0.13722533685536792
2016-07-22,5078.1201171875,5103.52001953125,5064.10986328125,5100.16015625,1639000000,12.020000457763672,89.51000213623047,0.13428667378948037
2016-07-25,5096.990234375,5100.72021484375,5082.66015625,5097.6298828125,1770620000,12.869999885559082,91.94999694824219,0.13996737697341619
2016-07-26,5095.60986328125,5122.2998046875,5084.18017578125,5110.0498046875,2038060000,13.050000190734863,91.44000244140625,0.1427165337085064
2016-07-27,5143.83984375,5151.06005859375,5120.66015625,5139.81005859375,2122250000,12.829999923706055,91.2300033569336,0.14063355750968476
2016-07-28,5144.81982421875,5160.16015625,5130.75,5154.97998046875,1950910000,12.720000267028809,89.80999755859375,0.14163234175271008
2016-07-29,5162.14990234375,5175.81005859375,5140.0498046875,5162.1298828125,2072640000,11.869999885559082,90.83999633789062,0.13066931268256712
2016-08-01,5167.419921875,5199.1298828125,5158.93017578125,5184.2001953125,1866590000,12.4399995803833,90.68000030517578,0.13718570289498838
2016-08-02,5177.52978515625,5181.02001953125,5109.7998046875,5137.72998046875,2142010000,13.369999885559082,93.88999938964844,0.14240068135556033
2016-08-03,5133.240234375,5159.740234375,5128.43994140625,5159.740234375,1909470000,12.859999656677246,88.58999633789062,0.14516311308590635
2016-08-04,5158.02001953125,5174.0,5145.39013671875,5166.25,1930000000,12.420000076293945,88.13999938964844,0.14091218700136054
2016-08-05,5190.7099609375,5227.22998046875,5186.25,5221.1201171875,2017720000,11.390000343322754,85.2300033569336,0.13363838900278724
2016-08-08,5223.5400390625,5228.39990234375,5202.18017578125,5213.14013671875,1624450000,11.5,84.5,0.13609467455621302
2016-08-09,5216.2099609375,5238.5400390625,5214.9501953125,5225.47998046875,1664320000,11.65999984741211,86.6500015258789,0.13456433516541522
2016-08-10,5227.9501953125,5227.9599609375,5193.7998046875,5204.580078125,1651240000,12.050000190734863,89.4000015258789,0.13478747186874165
2016-08-11,5222.14990234375,5235.2900390625,5211.25,5228.39990234375,1511670000,11.680000305175781,97.36000061035156,0.11996713467495536
2016-08-12,5219.66015625,5233.33984375,5215.5498046875,5232.89013671875,1501620000,11.550000190734863,94.48999786376953,0.12223516194155297
2016-08-15,5242.18017578125,5271.35986328125,5241.14013671875,5262.02001953125,1533170000,11.8100004196167,91.66999816894531,0.1288316859988498
2016-08-16,5247.9599609375,5248.259765625,5226.77978515625,5227.10986328125,1698390000,12.640000343322754,91.86000061035156,0.13760069953557535
2016-08-17,5228.43994140625,5230.08984375,5197.22998046875,5228.66015625,1747890000,12.1899995803833,84.83999633789062,0.14368222662144425
2016-08-18,5226.4501953125,5243.169921875,5221.83984375,5240.14990234375,1659080000,11.430000305175781,82.83000183105469,0.13799348125681724
2016-08-19,5229.8701171875,5245.81005859375,5217.64990234375,5238.3798828125,1632740000,11.34000015258789,82.44000244140625,0.13755458293014644
2016-08-22,5231.4599609375,5252.1298828125,5224.6298828125,5244.60009765625,1560210000,12.270000457763672,83.12999725341797,0.1476001547354698
2016-08-23,5265.77978515625,5275.740234375,5257.89990234375,5260.080078125,1547050000,12.380000114440918,83.44999694824219,0.14835231356712103
2016-08-24,5254.419921875,5262.990234375,5205.64013671875,5217.68994140625,1714780000,13.449999809265137,85.37000274658203,0.15754948315031694
2016-08-25,5207.60986328125,5230.58984375,5201.64013671875,5212.2001953125,1511890000,13.630000114440918,85.43000030517578,0.15954582776251194
2016-08-26,5219.0498046875,5253.39013671875,5191.85986328125,5218.919921875,1591060000,13.649999618530273,88.62000274658203,0.15402842694062924
2016-08-29,5223.7998046875,5245.1201171875,5222.33984375,5232.330078125,1416640000,12.9399995803833,85.83000183105469,0.15076312832724884
2016-08-30,5229.8798828125,5241.6201171875,5205.60986328125,5222.990234375,1561020000,13.119999885559082,84.44000244140625,0.15537659292067382
2016-08-31,5216.419921875,5219.89013671875,5191.18017578125,5213.22021484375,1761770000,13.420000076293945,84.87000274658203,0.15812418571925177
2016-09-01,5218.27978515625,5229.93994140625,5189.35986328125,5227.2099609375,1592520000,13.479999542236328,84.9000015258789,0.15877502120099968
2016-09-02,5249.66015625,5263.39013671875,5231.02001953125,5249.89990234375,1474200000,11.979999542236328,81.3499984741211,0.14726490186779023
2016-09-06,5260.0,5275.91015625,5244.0,5275.91015625,1777940000,12.020000457763672,82.13999938964844,0.14633553137423658
2016-09-07,5274.22998046875,5287.60986328125,5261.919921875,5283.93017578125,1878460000,11.9399995803833,83.08000183105469,0.1437168911558716
2016-09-08,5269.9599609375,5271.009765625,5248.41015625,5259.47998046875,1839790000,12.510000228881836,85.56999969482422,0.1461960999590668
2016-09-09,5217.9501953125,5225.93017578125,5125.91015625,5125.91015625,2208690000,17.5,110.0199966430664,0.15906199358262635
2016-09-12,5098.02978515625,5217.8798828125,5097.7998046875,5211.89013671875,2007610000,15.15999984741211,99.52999877929688,0.15231588499291254
2016-09-13,5181.14013671875,5195.02978515625,5131.27001953125,5155.25,2071460000,17.850000381469727,110.0199966430664,0.16224323692155515
2016-09-14,5160.2099609375,5201.33984375,5159.5498046875,5173.77001953125,1902680000,18.139999389648438,113.1500015258789,0.16031815417607023
2016-09-15,5178.10009765625,5254.77978515625,5176.25,5249.68994140625,1950940000,16.299999237060547,109.2699966430664,0.14917177393447686
2016-09-16,5238.7099609375,5248.60009765625,5218.97021484375,5244.56982421875,3013860000,15.369999885559082,102.58999633789062,0.14981967476571906
2016-09-19,5263.5498046875,5281.06982421875,5222.91015625,5235.02978515625,1792650000,15.529999732971191,101.58000183105469,0.15288442068351502
2016-09-20,5256.18994140625,5265.18017578125,5235.419921875,5241.35009765625,1697530000,15.920000076293945,101.9800033569336,0.15610903659782582
2016-09-21,5263.64990234375,5299.39990234375,5233.93994140625,5295.18017578125,2001890000,13.300000190734863,92.58999633789062,0.14364402977400378
2016-09-22,5323.259765625,5342.8798828125,5320.93017578125,5339.52001953125,1914550000,12.020000457763672,89.22000122070312,0.13472315953044933
2016-09-23,5327.43017578125,5329.7099609375,5301.6298828125,5305.75,1762700000,12.289999961853027,90.4000015258789,0.1359513247169001
2016-09-26,5275.72998046875,5282.27001953125,5254.9599609375,5257.490234375,1672190000,14.5,96.23999786376953,0.15066500750057335
2016-09-27,5254.18017578125,5306.81005859375,5251.31982421875,5305.7099609375,1754700000,13.100000381469727,88.94000244140625,0.14729030831880197
2016-09-28,5312.72998046875,5320.6201171875,5284.83984375,5318.5498046875,1788240000,12.390000343322754,87.55000305175781,0.14151913091308554
2016-09-29,5311.31005859375,5317.0,5254.52001953125,5269.14990234375,1946150000,14.020000457763672,93.77999877929688,0.1494988338692404
2016-09-30,5288.8701171875,5325.8798828125,5277.8798828125,5312.0,2063260000,13.289999961853027,91.41999816894531,0.14537300621350854
2016-10-03,5300.2900390625,5308.60009765625,5281.9501953125,5300.8701171875,1606460000,13.569999694824219,91.51000213623047,0.14828979759636143
2016-10-04,5313.490234375,5323.60009765625,5271.7001953125,5289.66015625,1711810000,13.630000114440918,89.94000244140625,0.1515454719196893
2016-10-05,5305.27978515625,5330.81005859375,5304.06005859375,5316.02001953125,1755640000,12.989999771118164,89.87999725341797,0.14452603658289698
2016-10-06,5306.58984375,5315.72998046875,5281.47021484375,5306.85009765625,1655480000,12.84000015258789,89.86000061035156,0.14288893907606726
2016-10-07,5314.919921875,5315.64990234375,5266.7998046875,5292.39990234375,1647330000,13.479999542236328,90.86000061035156,0.14836010842708017
2016-10-10,5318.4599609375,5340.52001953125,5317.72998046875,5328.669921875,1365600000,13.380000114440918,90.66000366210938,0.1475843765053032
2016-10-11,5321.81982421875,5321.81982421875,5227.43017578125,5246.7900390625,1822980000,15.359999656677246,95.43000030517578,0.16095567020389262
2016-10-12,5247.91015625,5257.18017578125,5228.77001953125,5239.02001953125,1567930000,15.90999984741211,102.0199966430664,0.155949817397817
2016-10-13,5200.2998046875,5228.259765625,5169.759765625,5213.330078125,1737720000,16.690000534057617,103.4000015258789,0.1614119950460586
2016-10-14,5241.259765625,5258.8798828125,5213.3701171875,5214.16015625,1593610000,16.1200008392334,101.01000213623047,0.15958816452149588
2016-10-17,5213.68994140625,5219.97998046875,5196.02978515625,5199.81982421875,1427060000,16.209999084472656,99.33999633789062,0.1631769647880466
2016-10-18,5255.31982421875,5264.27001953125,5239.43994140625,5243.83984375,1476970000,15.279999732971191,96.87000274658203,0.1577371663026027
2016-10-19,5240.330078125,5253.830078125,5234.25,5246.41015625,1548910000,14.40999984741211,93.9000015258789,0.15346112474173607
2016-10-20,5238.2001953125,5252.10009765625,5216.0498046875,5241.830078125,1745270000,13.75,89.72000122070312,0.15325456768749074
2016-10-21,5238.64990234375,5259.1298828125,5225.759765625,5257.39990234375,1651490000,13.34000015258789,87.33999633789062,0.15273644048460547
2016-10-24,5290.31005859375,5311.5,5289.22998046875,5309.830078125,1533370000,13.020000457763672,85.80999755859375,0.15173057718447328
2016-10-25,5306.47021484375,5310.27001953125,5278.56982421875,5283.39990234375,1580830000,13.460000038146973,86.2300033569336,0.1560941611289486
2016-10-26,5256.39990234375,5280.85009765625,5237.0498046875,5250.27001953125,1732300000,14.239999771118164,86.9000015258789,0.16386650772241332
2016-10-27,5272.18994140625,5274.1201171875,5211.75,5215.97021484375,1926820000,15.359999656677246,91.20999908447266,0.16840258536185088
2016-10-28,5203.7001953125,5232.35009765625,5178.759765625,5190.10009765625,1911810000,16.190000534057617,99.44000244140625,0.1628117471497184
2016-10-31,5205.08984375,5206.7099609375,5186.56005859375,5189.14013671875,1709060000,17.059999465942383,102.81999969482422,0.16592102233590217
2016-11-01,5199.77001953125,5201.1298828125,5112.31982421875,5153.580078125,1880920000,18.559999465942383,108.26000213623047,0.17143911970911613
2016-11-02,5147.27978515625,5156.7001953125,5097.56005859375,5105.56982421875,2124990000,19.31999969482422,112.38999938964844,0.17190141293482084
2016-11-03,5104.7001953125,5115.06005859375,5053.52001953125,5058.41015625,2113730000,22.079999923706055,120.23999786376953,0.1836327371589147
2016-11-04,5034.41015625,5087.509765625,5034.41015625,5046.3701171875,2020130000,22.510000228881836,120.2300033569336,0.18722448307728254
2016-11-07,5128.990234375,5169.41015625,5122.77001953125,5166.169921875,1916620000,18.709999084472656,107.83999633789062,0.1734977718827937
2016-11-08,5154.990234375,5214.169921875,5145.2998046875,5193.490234375,1739440000,18.739999771118164,108.66999816894531,0.17244869869219806
2016-11-09,5143.85986328125,5258.990234375,5143.85986328125,5251.06982421875,2827570000,14.380000114440918,96.13999938964844,0.14957354072949203
2016-11-10,5283.47998046875,5302.68017578125,5145.31982421875,5208.7998046875,2986760000,14.739999771118164,102.66999816894531,0.1435667676438762
2016-11-11,5191.81982421875,5241.080078125,5179.64013671875,5237.10986328125,2290080000,14.170000076293945,97.22000122070312,0.1457519018553193
2016-11-14,5246.330078125,5247.169921875,5192.0498046875,5218.39990234375,2371900000,14.479999542236328,98.22000122070312,0.147424143374824
2016-11-15,5241.35009765625,5287.06005859375,5236.25,5275.6201171875,2159180000,13.369999885559082,91.7699966430664,0.14569031682065817
2016-11-16,5253.740234375,5299.6298828125,5251.8798828125,5294.580078125,2066130000,13.720000267028809,92.44999694824219,0.1484045507833808
2016-11-17,5295.06982421875,5334.0498046875,5288.16015625,5333.97021484375,2084710000,13.350000381469727,87.58000183105469,0.15243206328337844
2016-11-18,5340.97021484375,5346.7998046875,5315.52978515625,5321.509765625,1865770000,12.850000381469727,86.4000015258789,0.14872685364039998
2016-11-21,5336.77978515625,5369.830078125,5334.16015625,5368.85986328125,1748170000,12.420000076293945,80.75,0.15380805048042037
2016-11-22,5384.75,5392.259765625,5365.60009765625,5386.35009765625,1890410000,12.40999984741211,83.4000015258789,0.148800954680574
2016-11-23,5366.5498046875,5380.68017578125,5350.68017578125,5380.68017578125,1617700000,12.430000305175781,82.44999694824219,0.1507580444542489
2016-11-25,5388.490234375,5398.919921875,5379.27978515625,5398.919921875,768080000,12.34000015258789,82.6500015258789,0.14930429431055797
2016-11-28,5387.919921875,5396.27001953125,5364.91015625,5368.81005859375,1630150000,13.149999618530273,86.16999816894531,0.152605313890669
2016-11-29,5370.97998046875,5403.85986328125,5360.56005859375,5379.919921875,1791760000,12.899999618530273,86.27999877929688,0.14951321048958643
2016-11-30,5391.35009765625,5393.14990234375,5323.68017578125,5323.68017578125,2056060000,13.329999923706055,88.98999786376953,0.1497921142116702
2016-12-01,5323.8798828125,5326.33984375,5238.2099609375,5251.10986328125,2269790000,14.069999694824219,97.79000091552734,0.14387973783718566
2016-12-02,5249.02001953125,5274.5400390625,5239.27001953125,5255.64990234375,1851030000,14.119999885559082,98.06999969482422,0.14397878994083738
2016-12-05,5283.580078125,5321.08984375,5269.56982421875,5308.89013671875,1800570000,12.140000343322754,88.87999725341797,0.1365886669495357
2016-12-06,5317.740234375,5333.990234375,5299.93994140625,5333.0,1977480000,11.789999961853027,88.12000274658203,0.13379482063520853
2016-12-07,5322.669921875,5397.93017578125,5307.31005859375,5393.759765625,2125370000,12.220000267028809,89.11000061035156,0.13713388153213926
2016-12-08,5394.14990234375,5425.52001953125,5389.10009765625,5417.35986328125,2236580000,12.640000343322754,91.2699966430664,0.13849020278541874
2016-12-09,5436.10986328125,5450.16015625,5427.1201171875,5444.5,2042340000,11.75,89.4000015258789,0.13143176509453067
2016-12-12,5428.22021484375,5434.89990234375,5394.419921875,5412.5400390625,1931840000,12.640000343322754,91.87000274658203,0.13758571857442356
2016-12-13,5433.56982421875,5486.75,5430.72021484375,5463.830078125,2094860000,12.720000267028809,93.31999969482422,0.1363051897623859
2016-12-14,5465.68994140625,5476.25,5425.72998046875,5436.669921875,1976570000,13.1899995803833,96.81999969482422,0.1362321795285898
2016-12-15,5443.509765625,5485.1201171875,5439.39013671875,5456.85009765625,2101320000,12.789999961853027,93.08000183105469,0.13740867759185887
2016-12-16,5467.81982421875,5474.580078125,5426.009765625,5437.16015625,3281480000,12.199999809265137,93.79000091552734,0.13007783015433763
2016-12-19,5441.2001953125,5483.419921875,5436.5400390625,5457.43994140625,1688680000,11.710000038146973,90.51000213623047,0.1293779666530308
2016-12-20,5473.52978515625,5489.47021484375,5471.7099609375,5483.93994140625,1679630000,11.449999809265137,88.26000213623047,0.1297303368698305
2016-12-21,5482.6298828125,5486.259765625,5465.31005859375,5471.43017578125,1496850000,11.270000457763672,87.97000122070312,0.1281118597405607
2016-12-22,5472.009765625,5472.009765625,5432.77001953125,5447.419921875,1585470000,11.430000305175781,89.72000122070312,0.1273963458500074
2016-12-23,5441.759765625,5462.68994140625,5441.759765625,5462.68994140625,1144900000,11.4399995803833,87.63999938964844,0.1305339988595953
2016-12-27,5470.759765625,5512.3701171875,5469.60986328125,5487.43994140625,1219050000,11.989999771118164,86.37000274658203,0.1388213429412291
2016-12-28,5497.43994140625,5498.91015625,5434.7001953125,5438.56005859375,1326660000,12.949999809265137,89.16999816894531,0.14522821661081017
2016-12-29,5437.509765625,5450.6298828125,5415.18017578125,5432.08984375,1266350000,13.369999885559082,88.87000274658203,0.1504444635124454
2016-12-30,5440.169921875,5441.89990234375,5371.89013671875,5383.1201171875,1551690000,14.039999961853027,91.5999984741211,0.15327511130712104
2017-01-03,5425.6201171875,5452.56982421875,5397.990234375,5429.080078125,1887670000,12.850000381469727,85.37000274658203,0.15052126002167904
2017-01-04,5440.91015625,5482.35009765625,5440.240234375,5477.0,1885490000,11.850000381469727,82.2699966430664,0.14403793442318594
2017-01-05,5474.39013671875,5495.85009765625,5464.35986328125,5487.93994140625,1799170000,11.670000076293945,81.33000183105469,0.14348948498164085
2017-01-06,5499.080078125,5536.52001953125,5482.81005859375,5521.06005859375,1711870000,11.319999694824219,80.58999633789062,0.14046408002505328
2017-01-09,5527.580078125,5541.080078125,5517.14013671875,5531.81982421875,1887740000,11.5600004196167,83.47000122070312,0.13849287469220095
2017-01-10,5536.5400390625,5564.25,5528.10986328125,5551.81982421875,1798610000,11.489999771118164,86.36000061035156,0.1330477036812447
2017-01-11,5550.72021484375,5564.080078125,5524.02978515625,5563.64990234375,1960830000,11.260000228881836,86.72000122070312,0.12984317424333333
2017-01-12,5542.56005859375,5550.669921875,5496.81982421875,5547.490234375,1805840000,11.539999961853027,90.44000244140625,0.12759840391788463
2017-01-13,5557.56982421875,5584.259765625,5557.2001953125,5574.1201171875,1611260000,11.229999542236328,92.9000015258789,0.12088266262415526
2017-01-17,5555.16015625,5557.0498046875,5527.22021484375,5538.72998046875,1759440000,11.869999885559082,92.38999938964844,0.12847710752219163
2017-01-18,5546.93994140625,5555.97998046875,5534.77001953125,5555.64990234375,1686260000,12.479999542236328,87.05999755859375,0.14334941295899933
2017-01-19,5560.60986328125,5571.52978515625,5528.3701171875,5540.080078125,1809900000,12.779999732971191,86.83999633789062,0.1471672071846338
2017-01-20,5556.8701171875,5574.35009765625,5542.22998046875,5555.330078125,1750340000,11.539999961853027,83.62999725341797,0.1379887640900453
2017-01-23,5546.64013671875,5564.14013671875,5522.68994140625,5552.93994140625,1652370000,11.770000457763672,84.51000213623047,0.13927346065842458
2017-01-24,5568.27001953125,5606.52978515625,5558.490234375,5600.9599609375,1808560000,11.069999694824219,79.05000305175781,0.14003794139737302
2017-01-25,5635.85986328125,5658.58984375,5634.330078125,5656.33984375,1964040000,10.8100004196167,78.66000366210938,0.13742689952128606
2017-01-26,5666.27978515625,5669.60986328125,5647.64990234375,5655.18017578125,1837020000,10.630000114440918,79.6500015258789,0.1334588814915107
2017-01-27,5664.8798828125,5667.4501953125,5643.89990234375,5660.77978515625,1669190000,10.579999923706055,83.62999725341797,0.12650962897495072
2017-01-30,5635.85986328125,5636.08984375,5578.759765625,5613.7099609375,1782380000,11.880000114440918,92.04000091552734,0.12907431547446602
2017-01-31,5592.8701171875,5615.14990234375,5576.08984375,5614.7900390625,2047460000,11.989999771118164,89.83000183105469,0.13347433515216917
2017-02-01,5654.509765625,5662.10986328125,5621.02978515625,5642.64990234375,2239570000,11.8100004196167,87.75,0.13458689936885126
2017-02-02,5627.14990234375,5656.009765625,5616.39990234375,5636.2001953125,2077010000,11.930000305175781,89.7300033569336,0.13295441723901294
2017-02-03,5650.72998046875,5666.83984375,5647.580078125,5666.77001953125,1792330000,10.970000267028809,88.97000122070312,0.12329999006986765
2017-02-06,5656.9501953125,5668.2001953125,5650.259765625,5663.5498046875,1736140000,11.369999885559082,90.0199966430664,0.12630526893531974
2017-02-07,5674.85986328125,5689.60009765625,5664.81982421875,5674.22021484375,1922030000,11.289999961853027,89.61000061035156,0.12599040157297833
2017-02-08,5662.9501953125,5686.9599609375,5649.39013671875,5682.4501953125,1947100000,11.449999809265137,94.58000183105469,0.12106153084790498
2017-02-09,5688.02001953125,5722.7099609375,5685.14990234375,5715.18017578125,1948120000,10.880000114440918,89.58999633789062,0.12144213147868385
2017-02-10,5726.169921875,5743.43017578125,5717.419921875,5734.1298828125,1867270000,10.850000381469727,85.7699966430664,0.12650111701207387
2017-02-13,5753.18994140625,5770.990234375,5751.919921875,5763.9599609375,1843480000,11.069999694824219,80.83999633789062,0.13693716225016186
2017-02-14,5756.509765625,5783.08984375,5748.740234375,5782.56982421875,1952370000,10.739999771118164,78.3499984741211,0.1370772173616005
2017-02-15,5777.89990234375,5821.9501953125,5776.7001953125,5819.43994140625,2094140000,11.970000267028809,81.12000274658203,0.1475591698933117
2017-02-16,5823.009765625,5835.14990234375,5796.7099609375,5814.89990234375,1945600000,11.760000228881836,79.66000366210938,0.14762741260675502
2017-02-17,5807.31005859375,5838.580078125,5800.7998046875,5838.580078125,1879030000,11.489999771118164,81.25,0.1414153817983774
2017-02-21,5850.2001953125,5867.89013671875,5847.5,5865.9501953125,1940110000,11.569999694824219,82.44999694824219,0.14032747268732176
2017-02-22,5857.56005859375,5864.419921875,5848.27978515625,5860.6298828125,1874710000,11.739999771118164,81.52999877929688,0.1439960744130335
2017-02-23,5866.81982421875,5866.9599609375,5809.5498046875,5835.509765625,1881490000,11.710000038146973,82.19999694824219,0.14245742667752478
2017-02-24,5802.330078125,5845.31005859375,5800.5498046875,5845.31005859375,1684650000,11.470000267028809,83.30999755859375,0.1376785572339227
2017-02-27,5835.0400390625,5861.89990234375,5827.0,5861.89990234375,1882610000,12.09000015258789,85.69000244140625,0.14108997325393802
2017-02-28,5852.7900390625,5855.06982421875,5817.22021484375,5825.43994140625,2303390000,12.920000076293945,88.08000183105469,0.14668482978776112
2017-03-01,5874.85986328125,5911.7900390625,5865.7900390625,5904.02978515625,2220350000,12.539999961853027,84.02999877929688,0.1492324187078604
2017-03-02,5897.009765625,5897.009765625,5856.2998046875,5861.22021484375,2043610000,11.8100004196167,83.61000061035156,0.14125105051314316
2017-03-03,5854.27001953125,5870.75,5841.47021484375,5870.75,1853600000,10.960000038146973,81.19000244140625,0.1349919904985427
2017-03-06,5846.419921875,5857.740234375,5827.4599609375,5849.18017578125,1774040000,11.239999771118164,81.44000244140625,0.13801571014447134
2017-03-07,5836.1201171875,5859.77001953125,5826.31982421875,5833.93017578125,1825510000,11.449999809265137,81.43000030517578,0.1406115653488136
2017-03-08,5838.43994140625,5860.6298828125,5832.6298828125,5837.5498046875,1813080000,11.859999656677246,82.5,0.14375757159608782
2017-03-09,5834.669921875,5852.5400390625,5812.080078125,5838.81005859375,1886780000,12.300000190734863,83.63999938964844,0.14705882688298
2017-03-10,5867.16015625,5872.60009765625,5835.43994140625,5861.72998046875,1999440000,11.65999984741211,80.2699966430664,0.14525975252322726
2017-03-13,5863.47998046875,5877.43017578125,5860.830078125,5875.77978515625,1812460000,11.350000381469727,81.56999969482422,0.13914429844223608
2017-03-14,5860.06982421875,5860.5,5831.8798828125,5856.81982421875,1664870000,12.300000190734863,85.87999725341797,0.1432231088042487
2017-03-15,5869.97998046875,5911.2001953125,5858.16015625,5900.0498046875,1955400000,11.630000114440918,80.76000213623047,0.14400693173364193
2017-03-16,5907.85986328125,5911.47998046875,5887.240234375,5900.759765625,1770640000,11.210000038146973,75.95999908447266,0.1475776747401049
2017-03-17,5898.580078125,5912.60986328125,5890.419921875,5901.0,3189970000,11.279999732971191,78.66000366210938,0.14340197314794662
2017-03-20,5898.81005859375,5915.1201171875,5888.1201171875,5901.52978515625,1736790000,11.34000015258789,77.16000366210938,0.14696733559327932
2017-03-21,5923.419921875,5928.06005859375,5790.72998046875,5793.830078125,2199920000,12.470000267028809,83.0199966430664,0.1502047792249612
2017-03-22,5790.58984375,5825.669921875,5781.7998046875,5821.64013671875,1860290000,12.8100004196167,83.80000305175781,0.1528639612543307
2017-03-23,5812.31005859375,5842.81982421875,5806.97998046875,5817.68994140625,1746990000,13.119999885559082,88.93000030517578,0.14753176476482582
2017-03-24,5839.330078125,5858.9501953125,5807.830078125,5828.740234375,1855040000,12.960000038146973,89.73999786376953,0.14441720912252523
2017-03-27,5776.330078125,5849.2001953125,5769.39013671875,5840.3701171875,1673060000,12.5,84.86000061035156,0.14730143660257292
2017-03-28,5836.5,5888.7001953125,5828.85986328125,5875.14013671875,1823600000,11.529999732971191,79.2699966430664,0.1454522545886811
2017-03-29,5875.35009765625,5900.8701171875,5870.93017578125,5897.5498046875,1722190000,11.420000076293945,78.26000213623047,0.1459238405899181
2017-03-30,5896.14990234375,5916.77001953125,5894.0,5914.33984375,1732100000,11.539999961853027,77.87000274658203,0.14819570508310476
2017-03-31,5905.6298828125,5927.81005859375,5901.77001953125,5911.740234375,1905150000,12.369999885559082,78.30999755859375,0.15796194957487386
2017-04-03,5917.31982421875,5928.93017578125,5867.72998046875,5894.68017578125,1852990000,12.380000114440918,82.95999908447266,0.14922854690288975
2017-04-04,5878.759765625,5901.39013671875,5878.759765625,5898.60986328125,1795260000,11.789999961853027,79.66999816894531,0.14798544286208692
2017-04-05,5911.919921875,5936.39013671875,5856.259765625,5864.47998046875,2208600000,12.890000343322754,86.58999633789062,0.14886246550956675
2017-04-06,5870.52001953125,5889.580078125,5856.22021484375,5878.9501953125,1849790000,12.390000343322754,83.91000366210938,0.14765820286714654
2017-04-07,5873.93994140625,5892.06982421875,5855.509765625,5877.81005859375,1703730000,12.869999885559082,89.38999938964844,0.14397583592610985
2017-04-10,5883.43017578125,5907.85009765625,5865.56005859375,5880.93017578125,1633190000,14.050000190734863,97.9000015258789,0.1435137892926476
2017-04-11,5871.16015625,5878.93994140625,5819.2900390625,5866.77001953125,1830760000,15.069999694824219,103.73999786376953,0.14526701373769077
2017-04-12,5863.58984375,5868.08984375,5830.43994140625,5836.16015625,1666570000,15.770000457763672,111.52999877929688,0.14139693921247518
2017-04-13,5828.3701171875,5856.5400390625,5805.14990234375,5805.14990234375,1587150000,15.960000038146973,115.54000091552734,0.13813397880977615
2017-04-17,5821.5498046875,5856.7900390625,5818.2001953125,5856.7900390625,1383550000,14.65999984741211,101.48999786376953,0.14444773037723668
2017-04-18,5838.58984375,5860.0400390625,5828.56982421875,5849.47021484375,1610230000,14.420000076293945,99.5199966430664,0.14489550404640805
2017-04-19,5874.43017578125,5894.68017578125,5856.33984375,5863.02978515625,1754240000,14.930000305175781,97.88999938964844,0.15251813666631386
2017-04-20,5887.8701171875,5926.22998046875,5880.2001953125,5916.77978515625,1751490000,14.149999618530273,94.52999877929688,0.14968792765529243
2017-04-21,5919.02001953125,5919.22998046875,5899.43017578125,5910.52001953125,1736420000,14.630000114440918,95.41000366210938,0.15333821981867293
2017-04-24,5979.9599609375,5989.919921875,5970.25,5983.81982421875,1842880000,10.84000015258789,78.16999816894531,0.1386721300563406
2017-04-25,6004.16015625,6036.02001953125,6002.64990234375,6025.490234375,1898120000,10.760000228881836,75.63999938964844,0.1422527804826288
2017-04-26,6028.1201171875,6040.89013671875,6021.72021484375,6025.22998046875,1899570000,10.850000381469727,76.63999938964844,0.1415709873157333
2017-04-27,6038.47021484375,6050.7001953125,6031.58984375,6048.93994140625,1883610000,10.359999656677246,76.66000366210938,0.1351421753427057
2017-04-28,6072.8701171875,6074.0400390625,6040.7099609375,6047.60986328125,2005870000,10.819999694824219,77.08999633789062,0.14035543142847529
2017-05-01,6067.56005859375,6100.72998046875,6061.35009765625,6091.60009765625,1763100000,10.109999656677246,78.33000183105469,0.12906931469863747
2017-05-02,6102.509765625,6102.72021484375,6081.56005859375,6095.3701171875,2162610000,10.59000015258789,79.33000183105469,0.13349300274996725
2017-05-03,6075.0400390625,6076.9599609375,6053.27978515625,6072.5498046875,2152850000,10.680000305175781,78.7699966430664,0.1355846230839705
2017-05-04,6075.06005859375,6080.81982421875,6054.330078125,6075.33984375,2059820000,10.460000038146973,78.0,0.13410256459162787
2017-05-05,6091.68994140625,6100.759765625,6067.16015625,6100.759765625,1903040000,10.569999694824219,80.6500015258789,0.1310601301282372
2017-05-08,6100.66015625,6106.1201171875,6083.06005859375,6102.66015625,1912030000,9.770000457763672,81.37999725341797,0.12005407701526226
2017-05-09,6111.81982421875,6133.0,6107.58984375,6120.58984375,2005820000,9.960000038146973,83.62999725341797,0.11909602254279526
2017-05-10,6121.64013671875,6131.64013671875,6103.8701171875,6129.14013671875,2111850000,10.210000038146973,87.48999786376953,0.11669905460558977
2017-05-11,6110.0498046875,6120.2001953125,6075.68017578125,6115.9599609375,1952650000,10.600000381469727,86.51000213623047,0.12252918876105814
2017-05-12,6119.27001953125,6122.83984375,6105.419921875,6121.22998046875,1749010000,10.399999618530273,82.5,0.1260606014367306
2017-05-15,6128.10986328125,6153.0400390625,6124.7900390625,6149.669921875,1865450000,10.420000076293945,79.52999877929688,0.13101974394857482
2017-05-16,6160.52001953125,6170.16015625,6139.10009765625,6169.8701171875,2006980000,10.649999618530273,76.76000213623047,0.1387441287407613
2017-05-17,6108.6201171875,6122.8701171875,6009.47998046875,6011.240234375,2355460000,15.59000015258789,111.4800033569336,0.13984570939303131
2017-05-18,5998.4599609375,6073.4501953125,5996.81005859375,6055.1298828125,2134610000,14.65999984741211,104.12000274658203,0.14079907280729836
2017-05-19,6070.22998046875,6106.5498046875,6070.22998046875,6083.7001953125,1908030000,12.039999961853027,87.20999908447266,0.13805756321807708
2017-05-22,6098.25,6135.919921875,6097.240234375,6133.6201171875,1728190000,10.930000305175781,83.47000122070312,0.13094525153145445
2017-05-23,6149.5498046875,6150.91015625,6121.7900390625,6138.7099609375,1709140000,10.720000267028809,84.19000244140625,0.12733103641955126
2017-05-24,6154.18017578125,6166.08984375,6139.330078125,6163.02001953125,1672380000,10.020000457763672,81.91000366210938,0.12232938603076646
2017-05-25,6183.02001953125,6217.33984375,6174.52001953125,6205.259765625,1775750000,9.989999771118164,82.19999694824219,0.12153284844290735
2017-05-26,6207.0400390625,6211.52001953125,6196.66015625,6210.18994140625,1573200000,9.8100004196167,81.80999755859375,0.11991199990674252
2017-05-30,6204.18017578125,6217.1298828125,6200.41015625,6203.18994140625,1690930000,10.380000114440918,84.30000305175781,0.12313166949789897
2017-05-31,6221.6298828125,6221.990234375,6164.06982421875,6198.52001953125,2212130000,10.40999984741211,84.5199966430664,0.12316611761562456
2017-06-01,6215.91015625,6247.06982421875,6200.4501953125,6246.830078125,1946000000,9.890000343322754,83.83000183105469,0.117976859445314
2017-06-02,6261.58984375,6308.759765625,6253.77001953125,6305.7998046875,1825450000,9.75,83.62000274658203,0.11659889595493383
2017-06-05,6305.47021484375,6310.6201171875,6292.14990234375,6295.68017578125,1742160000,10.069999694824219,86.08000183105469,0.11698419470980205
2017-06-06,6281.8798828125,6304.2099609375,6269.8701171875,6275.06005859375,1893110000,10.449999809265137,89.1500015258789,0.1172181674750915
2017-06-07,6290.43994140625,6302.77978515625,6267.18017578125,6297.3798828125,1827220000,10.390000343322754,88.22000122070312,0.11777374971158433
2017-06-08,6311.72998046875,6324.06005859375,6282.93017578125,6321.759765625,2134350000,10.15999984741211,83.27999877929688,0.12199807872641144
2017-06-09,6330.25,6341.7001953125,6137.68017578125,6207.919921875,3154590000,10.699999809265137,87.41000366210938,0.12241161607345166
2017-06-12,6153.56005859375,6183.81005859375,6110.669921875,6175.4599609375,2588860000,11.460000038146973,91.20999908447266,0.1256441196489157
2017-06-13,6206.1201171875,6226.41015625,6180.0400390625,6220.3701171875,2063930000,10.420000076293945,86.66000366210938,0.1202400142621955
2017-06-14,6237.4599609375,6237.52978515625,6153.5498046875,6194.89013671875,1949040000,10.640000343322754,89.97000122070312,0.11826164498122034
2017-06-15,6127.0498046875,6170.14990234375,6107.85009765625,6165.5,1870010000,10.899999618530273,89.94999694824219,0.1211784323328238
2017-06-16,6154.27978515625,6161.56005859375,6125.5,6151.759765625,3133000000,10.380000114440918,87.0,0.11931034614299905
2017-06-19,6196.85009765625,6243.31005859375,6194.0,6239.009765625,1989290000,10.369999885559082,85.2699966430664,0.1216137011118588
2017-06-20,6229.6201171875,6234.009765625,6186.93994140625,6188.02978515625,2580440000,10.859999656677246,89.19000244140625,0.12176252224919232
2017-06-21,6202.75,6236.66015625,6200.85986328125,6233.9501953125,2408800000,10.75,88.06999969482422,0.1220619965623977
2017-06-22,6239.14990234375,6257.68017578125,6221.9599609375,6236.68994140625,2177430000,10.479999542236328,86.37999725341797,0.12132437920194128
2017-06-23,6234.35009765625,6269.3701171875,6218.77978515625,6265.25,4164310000,10.020000457763672,84.5199966430664,0.1185518321785885
2017-06-26,6292.72998046875,6303.4501953125,6233.43017578125,6247.14990234375,2155460000,9.899999618530273,81.94000244140625,0.12082010402195895
2017-06-27,6227.89990234375,6234.31982421875,6146.6201171875,6146.6201171875,2189250000,11.0600004196167,87.30000305175781,0.12668957655201368
2017-06-28,6173.10009765625,6238.2900390625,6144.7998046875,6234.41015625,2077390000,10.029999732971191,84.23999786376953,0.11906457724739516
2017-06-29,6215.490234375,6216.60009765625,6087.81005859375,6144.35009765625,2410510000,11.4399995803833,93.77999877929688,0.12198762773825954
2017-06-30,6166.83984375,6170.6298828125,6129.0400390625,6140.419921875,2011720000,11.180000305175781,90.43000030517578,0.12363154116384417
2017-07-03,6173.2900390625,6177.35986328125,6106.1201171875,6110.06005859375,1091030000,11.220000267028809,93.30999755859375,0.12024435280885354
2017-07-05,6122.06005859375,6163.6201171875,6100.419921875,6150.85986328125,1874040000,11.069999694824219,91.9800033569336,0.12035224277897077
2017-07-06,6109.60009765625,6127.97998046875,6081.9599609375,6089.4599609375,1993290000,12.539999961853027,100.20999908447266,0.1251372126176985
2017-07-07,6111.2099609375,6164.93994140625,6111.2099609375,6153.080078125,1712490000,11.1899995803833,92.5,0.12097296843657622
2017-07-10,6156.02978515625,6191.27001953125,6141.830078125,6176.39013671875,1681270000,11.109999656677246,89.69000244140625,0.12387110440693007
2017-07-11,6171.25,6200.580078125,6149.8701171875,6193.2998046875,1812560000,10.890000343322754,88.2300033569336,0.12342740483945543
2017-07-12,6238.89990234375,6265.64013671875,6236.81982421875,6261.169921875,1827740000,10.300000190734863,88.19000244140625,0.11679328615030053
2017-07-13,6269.10009765625,6281.4501953125,6251.259765625,6274.43994140625,1806160000,9.899999618530273,85.68000030517578,0.11554621362358039
2017-07-14,6289.080078125,6321.759765625,6278.7001953125,6312.47021484375,1615440000,9.510000228881836,82.19999694824219,0.1156934377366203
2017-07-17,6320.35009765625,6330.97021484375,6307.33984375,6314.43017578125,1563390000,9.819999694824219,80.2699966430664,0.12233711356050561
2017-07-18,6304.81982421875,6344.5498046875,6291.06982421875,6344.31005859375,1773220000,9.890000343322754,79.13999938964844,0.12496841571389211
2017-07-19,6363.240234375,6387.72998046875,6362.18994140625,6385.0400390625,1867470000,9.789999961853027,77.95999908447266,0.1255772200721191
2017-07-20,6396.4599609375,6398.259765625,6365.68017578125,6390.0,1850000000,9.579999923706055,76.26000213623047,0.12562286461246608
2017-07-21,6383.0498046875,6388.77978515625,6365.1201171875,6387.75,1807110000,9.359999656677246,77.86000061035156,0.12021576654640849
2017-07-24,6387.81982421875,6417.7001953125,6380.60986328125,6410.81005859375,1748140000,9.430000305175781,78.23999786376953,0.12052659205838906
2017-07-25,6407.58984375,6425.4501953125,6396.8701171875,6412.169921875,1930840000,9.430000305175781,79.16999816894531,0.11911078089268833
2017-07-26,6425.93017578125,6432.3798828125,6416.2998046875,6422.75,1996680000,9.600000381469727,82.33999633789062,0.11658975963607213
2017-07-27,6459.759765625,6460.83984375,6318.6201171875,6382.18994140625,2501400000,10.109999656677246,86.87000274658203,0.11638079126312716
2017-07-28,6350.27001953125,6379.7001953125,6337.22021484375,6374.68017578125,1877100000,10.289999961853027,87.19999694824219,0.11800459084833095
2017-07-31,6394.68994140625,6396.58984375,6338.7900390625,6348.1201171875,1898830000,10.260000228881836,86.76000213623047,0.11825726113712623
2017-08-01,6372.16015625,6375.75,6345.75,6362.93994140625,1821780000,10.09000015258789,84.55000305175781,0.11933766751505892
2017-08-02,6393.10009765625,6394.2099609375,6313.43017578125,6362.64990234375,2115870000,10.279999732971191,86.88999938964844,0.11831050529614677
2017-08-03,6366.240234375,6368.52978515625,6331.14013671875,6340.33984375,2124100000,10.4399995803833,87.66000366210938,0.11909649947797049
2017-08-04,6350.7900390625,6361.490234375,6329.72998046875,6351.56005859375,1908930000,10.029999732971191,87.38999938964844,0.11477285505232844
2017-08-07,6361.06005859375,6386.02978515625,6356.22998046875,6383.77001953125,1704010000,9.930000305175781,90.01000213623047,0.11032107620824949
2017-08-08,6373.330078125,6423.35009765625,6355.8798828125,6370.4599609375,1931490000,10.960000038146973,98.68000030517578,0.11106607219550362
2017-08-09,6322.919921875,6355.0400390625,6309.43994140625,6352.330078125,2037810000,11.109999656677246,106.7699966430664,0.10405544634246014
2017-08-10,6312.64990234375,6318.27978515625,6214.41015625,6216.8701171875,2214990000,16.040000915527344,135.32000732421875,0.11853384604906538
2017-08-11,6222.18017578125,6266.89013671875,6216.18994140625,6256.56005859375,1799780000,15.510000228881836,127.43000030517578,0.12171388363601747
2017-08-14,6306.10986328125,6346.830078125,6305.5498046875,6340.22998046875,1702570000,12.329999923706055,100.5999984741211,0.12256461342668801
2017-08-15,6350.509765625,6350.740234375,6324.75,6333.009765625,1582560000,12.039999961853027,96.70999908447266,0.12449591640815265
2017-08-16,6348.10986328125,6374.56005859375,6330.27001953125,6345.10986328125,1809070000,11.739999771118164,94.81999969482422,0.12381353943158677
2017-08-17,6322.72021484375,6334.22998046875,6221.91015625,6221.91015625,2052940000,15.550000190734863,117.7699966430664,0.13203702669588516
2017-08-18,6222.4599609375,6254.22021484375,6193.3798828125,6216.52978515625,1968470000,14.260000228881836,114.38999938964844,0.12466124927851233
2017-08-21,6216.31982421875,6226.93017578125,6177.18994140625,6213.1298828125,1582990000,13.1899995803833,101.38999938964844,0.13009172166668298
2017-08-22,6241.2099609375,6302.83984375,6241.2099609375,6297.47998046875,1599760000,11.350000381469727,92.69999694824219,0.12243798009839038
2017-08-23,6263.47021484375,6291.2998046875,6263.2900390625,6278.41015625,1535320000,12.25,98.95999908447266,0.12378738998919503
2017-08-24,6294.81982421875,6302.85009765625,6244.56982421875,6271.330078125,1618660000,12.229999542236328,100.26000213623047,0.12198283743918685
2017-08-25,6293.81005859375,6308.72021484375,6257.10009765625,6265.64013671875,1445590000,11.279999732971191,95.52999877929688,0.11807808936574359
2017-08-28,6286.009765625,6292.259765625,6267.85009765625,6283.02001953125,1565110000,11.319999694824219,96.41999816894531,0.11740302748180442
2017-08-29,6228.89990234375,6311.259765625,6228.72998046875,6301.89013671875,1639810000,11.699999809265137,98.79000091552734,0.11843303675307676
2017-08-30,6308.68017578125,6374.47021484375,6303.56982421875,6368.31005859375,1717060000,11.220000267028809,98.9000015258789,0.1134479281488474
2017-08-31,6385.7998046875,6435.27001953125,6383.580078125,6428.66015625,1889500000,10.59000015258789,94.86000061035156,0.11163820455881655
2017-09-01,6442.169921875,6449.64990234375,6417.8701171875,6435.330078125,1489120000,10.130000114440918,93.5999984741211,0.10822649871347702
2017-09-05,6414.81982421875,6426.509765625,6334.58984375,6375.56982421875,1889620000,12.229999542236328,102.66000366210938,0.11913110370120004
2017-09-06,6394.35009765625,6407.39990234375,6356.2001953125,6393.31005859375,1902720000,11.630000114440918,99.61000061035156,0.11675534628229203
2017-09-07,6402.93994140625,6413.06982421875,6379.81005859375,6397.8701171875,2000910000,11.550000190734863,96.29000091552734,0.11995015142711829
2017-09-08,6389.64990234375,6391.41015625,6354.9599609375,6360.18994140625,1786070000,12.119999885559082,100.12000274658203,0.12105472985489749
2017-09-11,6411.18017578125,6439.10986328125,6410.7099609375,6432.259765625,1819310000,10.729999542236328,93.66000366210938,0.11456330474794978
2017-09-12,6448.81005859375,6455.02978515625,6429.5400390625,6454.27978515625,1747620000,10.579999923706055,92.38999938964844,0.11451455778331199
2017-09-13,6440.72021484375,6460.419921875,6433.2001953125,6460.18994140625,1944630000,10.5,90.88999938964844,0.11552426087039733
2017-09-14,6439.4599609375,6455.31982421875,6424.0400390625,6429.080078125,1817840000,10.4399995803833,92.08999633789062,0.11336735797097366
2017-09-15,6426.16015625,6464.27001953125,6419.64990234375,6448.47021484375,2827910000,10.170000076293945,90.62999725341797,0.11221450275295468
2017-09-18,6460.10009765625,6477.77001953125,6438.41015625,6454.64013671875,1881900000,10.149999618530273,90.45999908447266,0.11220428610718954
2017-09-19,6465.56982421875,6467.7900390625,6446.75,6461.31982421875,1816080000,10.180000305175781,91.22000122070312,0.11159833555083692
2017-09-20,6459.740234375,6466.0498046875,6414.22998046875,6456.0400390625,2083580000,9.779999732971191,90.91000366210938,0.10757891693989034
2017-09-21,6448.56982421875,6448.56982421875,6405.2998046875,6422.68994140625,1779600000,9.670000076293945,92.31999969482422,0.10474436859033134
2017-09-22,6401.43994140625,6429.5400390625,6400.81005859375,6426.919921875,1648690000,9.59000015258789,93.29000091552734,0.10279772814314246
2017-09-25,6403.10986328125,6408.0498046875,6343.9599609375,6370.58984375,2061150000,10.210000038146973,96.4000015258789,0.10591286178980053
2017-09-26,6391.85009765625,6405.0,6364.56982421875,6380.16015625,1935990000,10.170000076293945,94.80999755859375,0.10726716947765724
2017-09-27,6414.3701171875,6472.64990234375,6405.35986328125,6453.259765625,2068400000,9.869999885559082,95.36000061035156,0.10350251491596225
2017-09-28,6437.9599609375,6456.22998046875,6427.66015625,6453.4501953125,1882790000,9.550000190734863,94.0999984741211,0.10148778263116823
2017-09-29,6461.27978515625,6497.97998046875,6454.85986328125,6495.9599609375,1970720000,9.510000228881836,93.13999938964844,0.1021043621559093
2017-10-02,6506.080078125,6527.22021484375,6484.14013671875,6516.72021484375,1984400000,9.449999809265137,92.4800033569336,0.10218425028373047
2017-10-03,6523.740234375,6532.18017578125,6509.7099609375,6531.7099609375,1972760000,9.510000228881836,91.58999633789062,0.10383230275277962
2017-10-04,6521.9599609375,6546.4599609375,6513.1201171875,6534.6298828125,1941470000,9.630000114440918,92.12000274658203,0.1045375578302208
2017-10-05,6552.8701171875,6587.2099609375,6547.64990234375,6585.35986328125,1888970000,9.1899995803833,91.79000091552734,0.10011983319229606
2017-10-06,6566.9501953125,6590.18017578125,6566.83984375,6590.18017578125,1752170000,9.649999618530273,97.08999633789062,0.09939231622737467
2017-10-09,6597.3701171875,6599.33984375,6572.43994140625,6579.72998046875,1494160000,10.329999923706055,101.83000183105469,0.10144357986798892
2017-10-10,6602.490234375,6608.2998046875,6561.77978515625,6587.25,1802480000,10.079999923706055,97.33000183105469,0.1035651878564937
2017-10-11,6586.72998046875,6604.2099609375,6577.990234375,6603.5498046875,1837860000,9.850000381469727,99.22000122070312,0.09927434247415064
2017-10-12,6594.759765625,6613.5,6586.31982421875,6591.509765625,2020330000,9.90999984741211,97.7699966430664,0.1013603374007572
2017-10-13,6613.2099609375,6616.580078125,6602.2001953125,6605.7998046875,1761700000,9.609999656677246,97.80000305175781,0.09826175211458259
2017-10-16,6622.5498046875,6632.5,6607.02978515625,6624.0,1632240000,9.90999984741211,97.6500015258789,0.10148489188487919
2017-10-17,6621.419921875,6628.60009765625,6613.2099609375,6623.66015625,1653160000,10.3100004196167,98.73999786376953,0.10441564353527019
2017-10-18,6634.259765625,6635.52001953125,6613.5498046875,6624.22021484375,1738060000,10.069999694824219,94.33999633789062,0.10674157394237373
2017-10-19,6583.7001953125,6605.2900390625,6558.52978515625,6605.06982421875,1847020000,10.050000190734863,93.33000183105469,0.10768241716021074
2017-10-20,6633.3701171875,6640.02978515625,6622.919921875,6629.0498046875,1812220000,9.970000267028809,90.52999877929688,0.11012924336091814
2017-10-23,6641.56982421875,6641.56982421875,6581.14990234375,6586.830078125,1813080000,11.069999694824219,97.08999633789062,0.11401792267350214
2017-10-24,6598.60986328125,6611.89990234375,6582.06005859375,6598.43017578125,1852610000,11.15999984741211,98.43000030517578,0.11338006515098303
2017-10-25,6587.22021484375,6600.64013671875,6517.93017578125,6563.89013671875,2205790000,11.229999542236328,100.16000366210938,0.11212059835900992
2017-10-26,6567.58984375,6582.759765625,6550.02978515625,6556.77001953125,2125640000,11.300000190734863,97.7300033569336,0.11562467822153379
2017-10-27,6635.02978515625,6708.1298828125,6625.77978515625,6701.259765625,2414520000,9.800000190734863,92.77999877929688,0.10562621599130324
2017-10-30,6693.77001953125,6727.39013671875,6677.14990234375,6698.9599609375,2015920000,10.5,95.19000244140625,0.11030570155162277
2017-10-31,6713.7099609375,6737.75,6705.7900390625,6727.669921875,2054220000,10.180000305175781,92.01000213623047,0.11064014855801461
2017-11-01,6758.64013671875,6759.66015625,6691.47998046875,6716.52978515625,2074230000,10.199999809265137,92.0,0.11086956314418626
2017-11-02,6709.39013671875,6719.97021484375,6677.5498046875,6714.93994140625,2282300000,9.930000305175781,91.4800033569336,0.10854831592464247
2017-11-03,6737.08984375,6765.14013671875,6712.93017578125,6764.43994140625,2203880000,9.140000343322754,89.68000030517578,0.10191793390075679
2017-11-06,6763.2998046875,6790.669921875,6763.169921875,6786.43994140625,2173120000,9.399999618530273,91.25,0.10301369444964684
2017-11-07,6785.43994140625,6795.52001953125,6750.35009765625,6767.77978515625,2209280000,9.890000343322754,93.44999694824219,0.10583200284961365
2017-11-08,6764.85009765625,6791.64990234375,6753.33984375,6789.1201171875,2121340000,9.779999732971191,97.73999786376953,0.10006138680914031
2017-11-09,6737.4501953125,6758.93017578125,6687.27978515625,6750.0498046875,2243500000,10.5,98.81999969482422,0.10625379510651776
2017-11-10,6736.39013671875,6757.33984375,6727.35009765625,6750.93994140625,1979120000,11.289999961853027,104.76000213623047,0.1077701387135469
2017-11-13,6727.39013671875,6766.2998046875,6723.43017578125,6757.60009765625,1976460000,11.5,106.30000305175781,0.10818438071352278
2017-11-14,6733.8701171875,6743.6298828125,6709.27001953125,6737.8701171875,1988230000,11.59000015258789,103.18000030517578,0.11232797168354443
2017-11-15,6700.68017578125,6725.31982421875,6667.31005859375,6706.2099609375,1923730000,13.130000114440918,106.2699966430664,0.12355321849252722
2017-11-16,6742.33984375,6806.669921875,6742.33984375,6793.2900390625,2020380000,11.760000228881836,100.1500015258789,0.11742386470002235
2017-11-17,6794.4501953125,6797.75,6777.43017578125,6782.7900390625,2009220000,11.430000305175781,97.12000274658203,0.11768945615663134
2017-11-20,6789.27978515625,6795.830078125,6779.490234375,6790.7099609375,1811750000,10.649999618530273,93.76000213623047,0.11358787730247855
2017-11-21,6820.5498046875,6862.66015625,6820.02001953125,6862.47998046875,1891960000,9.729999542236328,89.2699966430664,0.10899518212306393
2017-11-22,6869.52978515625,6874.52001953125,6859.27978515625,6867.35986328125,1589150000,9.880000114440918,86.41999816894531,0.11432539138830088
2017-11-24,6878.10986328125,6890.02001953125,6873.740234375,6889.16015625,872110000,9.670000076293945,86.31999969482422,0.11202502444950498
2017-11-27,6889.91015625,6897.43017578125,6867.89013671875,6878.52001953125,1781550000,9.869999885559082,86.58000183105469,0.11399861026589735
2017-11-28,6893.72021484375,6914.18994140625,6866.2099609375,6912.35986328125,2003840000,10.029999732971191,85.7300033569336,0.11699520984749844
2017-11-29,6907.27978515625,6908.330078125,6793.9501953125,6824.39013671875,2456990000,10.699999809265137,89.56999969482422,0.11945963878219633
2017-11-30,6852.7998046875,6888.64990234375,6838.47998046875,6873.97021484375,2468530000,11.279999732971191,89.94000244140625,0.1254169382563653
2017-12-01,6844.0400390625,6872.169921875,6737.16015625,6847.58984375,2302140000,11.430000305175781,95.02999877929688,0.12027781176469833
2017-12-04,6897.1298828125,6899.22998046875,6770.68994140625,6775.3701171875,2427170000,11.680000305175781,97.56999969482422,0.11970893042644304
2017-12-05,6759.14013671875,6836.4501953125,6752.31982421875,6762.2099609375,2085760000,11.329999923706055,97.94999694824219,0.11567126367235056
2017-12-06,6742.06982421875,6787.419921875,6734.1298828125,6776.3798828125,1901770000,11.020000457763672,98.16999816894531,0.11225425958345076
2017-12-07,6785.740234375,6829.2900390625,6778.2001953125,6812.83984375,1953740000,10.15999984741211,95.83000183105469,0.10602107537599627
2017-12-08,6859.9501953125,6870.47998046875,6831.60986328125,6840.080078125,1825640000,9.579999923706055,91.88999938964844,0.10425508746695299
2017-12-11,6847.64013671875,6879.7998046875,6844.8798828125,6875.080078125,1836780000,9.34000015258789,92.05999755859375,0.10145557680080566
2017-12-12,6872.7099609375,6884.7998046875,6856.2998046875,6862.31982421875,1872810000,9.920000076293945,93.2699966430664,0.10635789035413659
2017-12-13,6880.41015625,6897.6201171875,6871.8701171875,6875.7998046875,1931090000,10.180000305175781,95.55999755859375,0.10652993475574121
2017-12-14,6887.3798828125,6901.1298828125,6851.6298828125,6856.52978515625,1990090000,10.489999771118164,96.06999969482422,0.10919121270366064
2017-12-15,6871.5498046875,6945.81982421875,6871.4501953125,6936.580078125,3529590000,9.420000076293945,92.19999694824219,0.10216920160617793
2017-12-18,6980.39990234375,7003.89013671875,6975.5400390625,6994.759765625,2150580000,9.529999732971191,90.63999938964844,0.10514121576725835
2017-12-19,6991.25,6995.8798828125,6951.490234375,6963.85009765625,2084190000,10.029999732971191,93.58000183105469,0.1071810166351452
2017-12-20,6991.25,6991.25,6935.419921875,6960.9599609375,1888140000,9.720000267028809,92.86000061035156,0.1046737045352256
2017-12-21,6972.8798828125,6992.6298828125,6961.2099609375,6965.35986328125,1827410000,9.619999885559082,92.20999908447266,0.1043270792872072
2017-12-22,6958.02001953125,6962.259765625,6944.4501953125,6959.9599609375,1541880000,9.899999618530273,94.9000015258789,0.10432033150000085
2017-12-26,6928.919921875,6942.14013671875,6915.56005859375,6936.25,1301000000,10.25,97.55999755859375,0.10506355326468651
2017-12-27,6941.4501953125,6955.3798828125,6931.33984375,6939.33984375,1411010000,10.470000267028809,97.08000183105469,0.10784919725536703
2017-12-28,6953.3798828125,6954.7998046875,6936.75,6950.16015625,1319870000,10.180000305175781,97.25,0.10467866637712886
2017-12-29,6952.60986328125,6954.97998046875,6903.39013671875,6903.39013671875,1575290000,11.039999961853027,100.76000213623047,0.10956728590504221
2018-01-02,6937.64990234375,7006.91015625,6924.080078125,7006.89990234375,1929700000,9.770000457763672,97.36000061035156,0.10034922346461962
2018-01-03,7017.06982421875,7069.14990234375,7016.7001953125,7065.52978515625,2173130000,9.149999618530273,94.4000015258789,0.09692796049396127
2018-01-04,7089.5,7098.0498046875,7072.3798828125,7077.91015625,2103220000,9.220000267028809,94.20999908447266,0.09786647231321771
2018-01-05,7105.740234375,7137.0400390625,7097.080078125,7136.56005859375,2024000000,9.220000267028809,93.0999984741211,0.09903330202085538
2018-01-08,7135.3798828125,7161.35009765625,7124.08984375,7157.39013671875,2055010000,9.520000457763672,93.97000122070312,0.1013089319367409
2018-01-09,7174.18994140625,7181.14013671875,7148.2998046875,7163.580078125,2155810000,10.079999923706055,94.73999786376953,0.10639645504531775
2018-01-10,7129.830078125,7154.240234375,7111.52001953125,7153.56982421875,2132430000,9.819999694824219,93.69999694824219,0.1048025615224787
2018-01-11,7168.72998046875,7211.77978515625,7163.22998046875,7211.77978515625,2015170000,9.880000114440918,92.23999786376953,0.10711188576817642
2018-01-12,7208.169921875,7265.259765625,7205.18017578125,7261.06005859375,1986600000,10.15999984741211,92.22000122070312,0.11017132631669516
2018-01-16,7307.18994140625,7330.330078125,7205.93017578125,7223.68994140625,2399790000,11.65999984741211,106.48999786376953,0.10949384995132132
2018-01-17,7257.77001953125,7309.35986328125,7229.31982421875,7298.27978515625,2245910000,11.90999984741211,102.62999725341797,0.11604794081796062
2018-01-18,7293.64990234375,7313.89013671875,7276.10986328125,7296.0498046875,2037410000,12.220000267028809,103.68000030517578,0.11786265654957542
2018-01-19,7312.0,7336.3798828125,7297.27978515625,7336.3798828125,2005470000,11.270000457763672,101.58999633789062,0.11093612426443442
2018-01-22,7338.0400390625,7408.02978515625,7332.81005859375,7408.02978515625,2118310000,11.029999732971191,99.68000030517578,0.11065409008027932
2018-01-23,7424.9501953125,7465.39013671875,7423.18017578125,7460.2900390625,2135840000,11.100000381469727,98.58999633789062,0.11258749156889578
2018-01-24,7474.16015625,7486.31982421875,7376.75,7415.06005859375,2287320000,11.470000267028809,99.7699966430664,0.11496442470639218
2018-01-25,7457.9501953125,7458.52978515625,7388.580078125,7411.16015625,2081380000,11.579999923706055,101.77999877929688,0.1137748090252635
2018-01-26,7448.330078125,7505.77001953125,7431.22021484375,7505.77001953125,2080700000,11.079999923706055,98.6500015258789,0.11231626712949855
2018-01-29,7484.47021484375,7500.60986328125,7455.5498046875,7466.509765625,2114420000,13.84000015258789,110.01000213623047,0.12580674378543488
2018-01-30,7388.89013671875,7433.64990234375,7373.990234375,7402.47998046875,2183420000,14.789999961853027,113.4800033569336,0.1303313317266426
2018-01-31,7443.25,7453.990234375,7381.1201171875,7411.47998046875,2428990000,13.539999961853027,108.41000366210938,0.12489622271441195
2018-02-01,7377.169921875,7441.08984375,7362.27978515625,7385.85986328125,2311180000,13.470000267028809,105.7699966430664,0.12735180764432608
2018-02-02,7347.58984375,7364.43017578125,7238.18017578125,7240.9501953125,2607160000,17.309999465942383,125.51000213623047,0.13791729082399223
2018-02-05,7165.9599609375,7277.35986328125,6967.52978515625,6967.52978515625,3143210000,37.31999969482422,177.33999633789062,0.21044321904528196
2018-02-06,6837.56005859375,7126.5498046875,6824.81982421875,7115.8798828125,3148270000,29.979999542236328,161.1199951171875,0.18607249535000892
2018-02-07,7086.2001953125,7170.33984375,7051.52978515625,7051.97998046875,2380020000,27.729999542236328,159.02999877929688,0.17436961425573705
2018-02-08,7067.2998046875,7073.990234375,6776.77001953125,6777.16015625,2730740000,33.459999084472656,180.61000061035156,0.18526105404683174
2018-02-09,6863.33984375,6917.009765625,6630.669921875,6874.490234375,3165330000,29.059999465942383,167.27999877929688,0.1737207058704196
2018-02-12,6936.68017578125,7023.6201171875,6879.68994140625,6981.9599609375,2250650000,25.610000610351562,140.8000030517578,0.18188920493799546
2018-02-13,6942.16015625,7025.68017578125,6938.16015625,7013.509765625,1830320000,24.969999313354492,136.5800018310547,0.18282324629224725
2018-02-14,6979.240234375,7152.0498046875,6977.06982421875,7143.6201171875,2217630000,19.260000228881836,124.48999786376953,0.15471122627826067
2018-02-15,7200.75,7256.93017578125,7130.39013671875,7256.43017578125,2124060000,19.1299991607666,122.76000213623047,0.15583250918762176
2018-02-16,7236.509765625,7303.259765625,7226.3798828125,7239.47021484375,2037710000,19.459999084472656,121.19999694824219,0.16056105259460482
2018-02-20,7209.02978515625,7295.9501953125,7206.0,7234.31005859375,1921870000,20.600000381469727,122.58000183105469,0.16805351667282223
2018-02-21,7258.47998046875,7338.64013671875,7218.10986328125,7218.22998046875,1956120000,20.020000457763672,125.7300033569336,0.15923009562744622
2018-02-22,7252.4599609375,7280.93017578125,7194.83984375,7210.08984375,1927580000,18.719999313354492,116.9800033569336,0.1600273446414201
2018-02-23,7261.35009765625,7337.830078125,7232.5,7337.39013671875,1887540000,16.489999771118164,110.19000244140625,0.14965059811017567
2018-02-26,7373.2998046875,7421.85009765625,7360.25,7421.4599609375,1876560000,15.800000190734863,107.68000030517578,0.14673105633317327
2018-02-27,7416.169921875,7438.08984375,7330.35009765625,7330.35009765625,2162250000,18.59000015258789,119.5,0.15556485483337146
2018-02-28,7371.41015625,7386.7998046875,7273.009765625,7273.009765625,2384940000,19.850000381469727,121.69999694824219,0.1631060055811812
2018-03-01,7274.75,7307.85009765625,7117.66015625,7180.56005859375,2499010000,22.469999313354492,128.13999938964844,0.17535507585752097
2018-03-02,7099.5400390625,7267.18994140625,7084.830078125,7257.8701171875,2291480000,19.59000015258789,114.77999877929688,0.1706743366521222
2018-03-05,7222.89013671875,7350.06982421875,7205.31005859375,7330.7099609375,2076870000,18.729999542236328,109.66000366210938,0.17080064669656828
2018-03-06,7366.60986328125,7378.02978515625,7319.68017578125,7372.009765625,2132920000,18.360000610351562,104.61000061035156,0.17550903836372572
2018-03-07,7311.740234375,7403.7900390625,7311.740234375,7396.64990234375,2198610000,17.760000228881836,99.48999786376953,0.1785104091890764
2018-03-08,7422.77001953125,7435.009765625,7391.5,7427.9501953125,2277740000,16.540000915527344,96.91999816894531,0.17065622397862384
2018-03-09,7475.97998046875,7560.81005859375,7469.02978515625,7560.81005859375,2310050000,14.640000343322754,99.70999908447266,0.1468257995962871
2018-03-12,7581.0400390625,7609.10009765625,7563.43994140625,7588.31982421875,2314480000,15.779999732971191,104.94000244140625,0.15037163489472977
2018-03-13,7627.52001953125,7637.27001953125,7492.97998046875,7511.009765625,2459220000,16.350000381469727,107.04000091552734,0.15274663902864352
2018-03-14,7539.77978515625,7544.89013671875,7473.89990234375,7496.81005859375,2112950000,17.229999542236328,110.29000091552734,0.15622449360058513
2018-03-15,7509.240234375,7525.43994140625,7463.18994140625,7481.740234375,2008290000,16.59000015258789,109.27999877929688,0.15181186253573486
2018-03-16,7504.3701171875,7514.2099609375,7473.68017578125,7481.990234375,3089970000,15.800000190734863,106.48999786376953,0.14837074380400944
2018-03-19,7419.2001953125,7421.22998046875,7285.27001953125,7344.240234375,2352810000,19.020000457763672,112.91999816894531,0.1684378388786979
2018-03-20,7353.25,7380.740234375,7331.240234375,7364.2998046875,1976000000,18.200000762939453,107.12999725341797,0.1698870645902008
2018-03-21,7347.5,7415.66015625,7325.35009765625,7345.2900390625,1999230000,17.860000610351562,106.5999984741211,0.16754222200751132
2018-03-22,7257.5498046875,7303.18994140625,7164.3798828125,7166.68017578125,2370970000,23.34000015258789,125.12000274658203,0.1865409178407765
2018-03-23,7170.68017578125,7194.31005859375,6992.669921875,6992.669921875,2455760000,24.8700008392334,129.82000732421875,0.19157294281398288
2018-03-26,7125.2001953125,7225.830078125,7022.33984375,7220.5400390625,2341370000,21.030000686645508,113.08000183105469,0.1859745343660768
2018-03-27,7255.47021484375,7255.5400390625,6963.68017578125,7008.81005859375,2347480000,22.5,118.61000061035156,0.18969732639927445
2018-03-28,6978.2998046875,7036.08984375,6901.06982421875,6949.22998046875,2551950000,22.8700008392334,114.0199966430664,0.20057885908229528
2018-03-29,6984.66015625,7120.4599609375,6935.77978515625,7063.4501953125,2593390000,19.969999313354492,103.31999969482422,0.193282998183699
2018-04-02,7016.169921875,7044.7099609375,6805.9599609375,6870.1201171875,2402670000,23.6200008392334,111.66999816894531,0.2115160851305715
2018-04-03,6924.35009765625,6963.7099609375,6835.22998046875,6941.27978515625,2330900000,21.100000381469727,102.05999755859375,0.2067411413502728
2018-04-04,6811.77001953125,7059.2900390625,6811.77001953125,7042.10986328125,2261580000,20.059999465942383,95.44000244140625,0.2101843980804367
2018-04-05,7099.25,7112.3798828125,7036.6201171875,7076.5498046875,2153030000,18.940000534057617,92.20999908447266,0.20540072358863026
2018-04-06,6999.56982421875,7066.64013671875,6877.759765625,6915.10986328125,2359780000,21.489999771118164,98.5999984741211,0.21795131950999477
2018-04-09,6971.4501953125,7074.9501953125,6944.9599609375,6950.33984375,2089220000,21.770000457763672,100.23999786376953,0.21717878014472863
2018-04-10,7060.990234375,7117.97998046875,7014.8798828125,7094.2998046875,2252020000,20.469999313354492,98.20999908447266,0.20843090830036337
2018-04-11,7055.0,7128.5400390625,7055.0,7069.02978515625,1882090000,20.239999771118164,100.0199966430664,0.20235953259773723
2018-04-12,7112.02001953125,7166.0,7105.08984375,7140.25,2027080000,18.489999771118164,98.08000183105469,0.18851957000334954
2018-04-13,7179.6201171875,7183.6201171875,7078.14013671875,7106.64990234375,1768160000,17.40999984741211,93.94000244140625,0.18533105593936247
2018-04-16,7153.8701171875,7178.509765625,7115.85009765625,7156.27978515625,1800450000,16.559999465942383,93.22000122070312,0.17764427428761492
2018-04-17,7215.1201171875,7298.58984375,7206.5498046875,7281.10009765625,1935380000,15.25,89.58999633789062,0.17021989757075437
2018-04-18,7292.3798828125,7319.580078125,7259.89990234375,7295.240234375,1908700000,15.600000381469727,92.41000366210938,0.1688128964750399
2018-04-19,7258.60986328125,7277.4501953125,7215.169921875,7238.06005859375,1982090000,15.960000038146973,95.37999725341797,0.16733068250927258
2018-04-20,7220.64013671875,7222.990234375,7123.490234375,7146.1298828125,1935160000,16.8799991607666,99.20999908447266,0.17014413180665464
2018-04-23,7173.990234375,7195.72021484375,7094.43017578125,7128.60009765625,1744480000,16.34000015258789,96.87000274658203,0.16867967058217548
2018-04-24,7160.77001953125,7171.669921875,6961.52001953125,7007.35009765625,2154270000,18.020000457763672,100.80999755859375,0.17875211679565725
2018-04-25,7009.990234375,7030.740234375,6926.97021484375,7003.740234375,2055840000,17.84000015258789,97.80000305175781,0.1824130838027335
2018-04-26,7080.490234375,7143.93994140625,7055.66015625,7118.68017578125,2141220000,16.239999771118164,90.70999908447266,0.1790320795394877
2018-04-27,7195.52001953125,7197.14990234375,7083.9501953125,7119.7998046875,2050350000,15.40999984741211,92.1500015258789,0.1672273422923867
2018-04-30,7133.9501953125,7169.7998046875,7065.41015625,7066.27001953125,1998570000,15.930000305175781,94.30000305175781,0.16892894792837268
2018-05-01,7053.64990234375,7133.27001953125,7036.18017578125,7130.7001953125,1932660000,15.489999771118164,89.97000122070312,0.17216849573137205
2018-05-02,7138.4501953125,7169.4599609375,7094.72021484375,7100.89990234375,2157860000,15.970000267028809,93.79000091552734,0.17027401760463046
2018-05-03,7065.02978515625,7112.58984375,6991.14013671875,7088.14990234375,2355780000,15.899999618530273,91.06999969482422,0.1745909703723642
2018-05-04,7065.669921875,7228.259765625,7057.89013671875,7209.6201171875,2040520000,14.770000457763672,88.12000274658203,0.16761234677034284
2018-05-07,7241.81982421875,7291.740234375,7235.759765625,7265.2099609375,1950650000,14.75,90.70999908447266,0.16260610901631947
2018-05-08,7255.33984375,7278.81005859375,7224.7001953125,7266.89990234375,2070970000,14.710000038146973,89.5,0.1643575423256645
2018-05-09,7281.52978515625,7344.7998046875,7259.0498046875,7339.91015625,2250260000,13.420000076293945,93.88999938964844,0.14293322146696624
2018-05-10,7355.89990234375,7414.14990234375,7353.6298828125,7404.97021484375,2250450000,13.229999542236328,93.0199966430664,0.14222747817334475
2018-05-11,7393.97021484375,7417.669921875,7372.259765625,7402.8798828125,2085350000,12.649999618530273,90.02999877929688,0.1405087169837799
2018-05-14,7429.4501953125,7458.419921875,7401.89013671875,7411.31982421875,2085850000,12.930000305175781,92.62000274658203,0.13960267676253052
2018-05-15,7361.2998046875,7363.52001953125,7320.97021484375,7351.6298828125,2120380000,14.630000114440918,99.18000030517578,0.14750957924404684
2018-05-16,7356.22021484375,7413.31982421875,7356.16015625,7398.2998046875,2103060000,13.420000076293945,94.79000091552734,0.14157611506147422
2018-05-17,7379.580078125,7425.39013671875,7350.4599609375,7382.47021484375,1958970000,13.430000305175781,93.4800033569336,0.14366709267110495
2018-05-18,7364.33984375,7381.16015625,7343.97021484375,7354.33984375,1982190000,13.420000076293945,94.76000213623047,0.14162093471674747
2018-05-21,7406.33984375,7431.830078125,7368.2099609375,7394.0400390625,1997220000,13.079999923706055,91.04000091552734,0.14367310843771305
2018-05-22,7420.85009765625,7432.52978515625,7370.330078125,7378.4599609375,1927420000,13.220000267028809,90.47000122070312,0.14612578853379685
2018-05-23,7335.02978515625,7426.77978515625,7334.6201171875,7425.9599609375,1997090000,12.579999923706055,89.80000305175781,0.14008908124931077
2018-05-24,7421.990234375,7435.3798828125,7357.5,7424.43017578125,2035460000,12.529999732971191,90.63999938964844,0.1382391859813073
2018-05-25,7422.2001953125,7452.85009765625,7415.580078125,7433.85009765625,1771950000,13.220000267028809,93.77999877929688,0.1409682281841455
2018-05-29,7398.509765625,7435.1298828125,7354.2900390625,7396.58984375,2095380000,17.020000457763672,108.66999816894531,0.1566209693985942
2018-05-30,7428.41015625,7473.81005859375,7423.669921875,7462.4501953125,2058300000,14.9399995803833,99.08000183105469,0.15078723561045243
2018-05-31,7455.580078125,7492.419921875,7431.41015625,7442.1201171875,2533360000,15.430000305175781,100.62999725341797,0.15333400304402464
2018-06-01,7487.66015625,7557.3798828125,7487.22998046875,7554.330078125,2212330000,13.460000038146973,93.30000305175781,0.14426580490763855
2018-06-04,7570.080078125,7607.169921875,7561.2001953125,7606.4599609375,2152170000,12.739999771118164,90.83000183105469,0.1402620226168747
2018-06-05,7621.35986328125,7644.47998046875,7602.3798828125,7637.85986328125,2063270000,12.399999618530273,89.83999633789062,0.13802315365078094
2018-06-06,7652.7998046875,7691.64990234375,7622.31005859375,7689.240234375,2198100000,11.640000343322754,88.12000274658203,0.13209260077757137
2018-06-07,7697.41015625,7697.41015625,7597.66015625,7635.06982421875,2339720000,12.130000114440918,91.27999877929688,0.13288782073463515
2018-06-08,7607.740234375,7653.580078125,7595.14013671875,7645.509765625,1949810000,12.180000305175781,93.48999786376953,0.13028131975063328
2018-06-11,7647.240234375,7677.2900390625,7642.8701171875,7659.93017578125,1959360000,12.350000381469727,94.54000091552734,0.13063253926245044
2018-06-12,7673.8701171875,7708.25,7669.52978515625,7703.7900390625,2019890000,12.34000015258789,95.70999908447266,0.12893114899830616
2018-06-13,7713.89990234375,7748.9599609375,7686.64990234375,7695.7001953125,2197830000,12.9399995803833,100.01000213623047,0.1293870543343939
2018-06-14,7723.52978515625,7768.60009765625,7723.52978515625,7761.0400390625,2193630000,12.119999885559082,98.20999908447266,0.12340902146974254
2018-06-15,7725.02978515625,7755.72021484375,7704.33984375,7746.3798828125,3049870000,11.979999542236328,101.66000366210938,0.1178437842876205
2018-06-18,7692.9599609375,7749.35986328125,7676.830078125,7747.02978515625,2102660000,12.3100004196167,99.87000274658203,0.12326023912158147
2018-06-19,7658.47021484375,7727.41015625,7635.72998046875,7725.58984375,2283340000,13.350000381469727,104.12999725341797,0.12820513525012625
2018-06-20,7764.14990234375,7806.60009765625,7755.47998046875,7781.509765625,2316420000,12.789999961853027,98.51000213623047,0.12983453136226317
2018-06-21,7800.2998046875,7803.4501953125,7699.2001953125,7712.9501953125,2349640000,14.640000343322754,107.44999694824219,0.1362494253990042
2018-06-22,7739.68994140625,7739.7099609375,7679.1201171875,7692.81982421875,3956300000,13.770000457763672,102.48999786376953,0.1343545784444923
2018-06-25,7631.1201171875,7639.72998046875,7477.72998046875,7532.009765625,2423190000,17.329999923706055,114.31999969482422,0.15159202213058318
2018-06-26,7553.740234375,7597.490234375,7527.0,7561.6298828125,2068870000,15.920000076293945,107.5199966430664,0.14806548152287885
2018-06-27,7586.330078125,7610.669921875,7444.169921875,7445.080078125,2319650000,17.90999984741211,112.75,0.1588470052985553
2018-06-28,7438.10986328125,7526.06982421875,7419.56005859375,7503.68017578125,2208870000,16.850000381469727,108.87999725341797,0.1547575386344967
2018-06-29,7544.1298828125,7573.58984375,7502.9501953125,7510.2998046875,2208820000,16.09000015258789,105.97000122070312,0.15183542481119103
2018-07-02,7451.89990234375,7568.10009765625,7443.10009765625,7567.68994140625,1777880000,15.600000381469727,104.80000305175781,0.14885496113740873
2018-07-03,7593.6298828125,7594.330078125,7498.5,7502.669921875,1171420000,16.139999389648438,108.5,0.14875575474330358
2018-07-05,7550.66015625,7589.18994140625,7511.43017578125,7586.43017578125,1754690000,14.970000267028809,103.22000122070312,0.14503003381118187
2018-07-06,7595.93017578125,7695.81005859375,7588.64990234375,7688.39013671875,1718600000,13.369999885559082,95.73999786376953,0.1396490514297226
2018-07-09,7731.740234375,7757.27978515625,7702.06005859375,7756.2001953125,1844440000,12.6899995803833,94.16000366210938,0.13477059353057186
2018-07-10,7770.6298828125,7777.47998046875,7731.97998046875,7759.2001953125,1735230000,12.640000343322754,91.95999908447266,0.1374510707825464
2018-07-11,7698.509765625,7748.16015625,7696.580078125,7716.60986328125,1768480000,13.630000114440918,104.5,0.13043062310469777
2018-07-12,7752.7099609375,7825.669921875,7746.759765625,7823.919921875,1930830000,12.579999923706055,100.81999969482422,0.12477682961500616
2018-07-13,7827.6201171875,7843.52001953125,7803.33984375,7825.97998046875,1727500000,12.180000305175781,99.80999755859375,0.12203186657754878
2018-07-16,7831.740234375,7838.81982421875,7791.97998046875,7805.72021484375,1739360000,12.829999923706055,100.94999694824219,0.1270926231952646
2018-07-17,7751.97021484375,7867.14990234375,7749.60986328125,7855.1201171875,1752210000,12.0600004196167,98.55999755859375,0.12236202027548804
2018-07-18,7859.43017578125,7863.77001953125,7822.830078125,7854.43994140625,1881110000,12.100000381469727,98.08000183105469,0.12336868021589444
2018-07-19,7829.7998046875,7849.85009765625,7811.14990234375,7825.2998046875,1886300000,12.869999885559082,100.58000183105469,0.12795784103461202
2018-07-20,7843.080078125,7860.25,7815.85986328125,7820.2001953125,1796530000,12.859999656677246,102.76000213623047,0.1251459652524
2018-07-23,7806.93017578125,7846.759765625,7776.5498046875,7841.8701171875,1668270000,12.619999885559082,102.04000091552734,0.12367698718472578
2018-07-24,7914.35009765625,7928.7900390625,7814.330078125,7840.77001953125,2021890000,12.40999984741211,98.68000030517578,0.1257600304928374
2018-07-25,7839.08984375,7933.31005859375,7838.759765625,7932.240234375,1943820000,12.289999961853027,94.19999694824219,0.13046709511684718
2018-07-26,7848.0400390625,7881.2998046875,7834.080078125,7852.18017578125,2289370000,12.140000343322754,91.66000366210938,0.13244599452641323
2018-07-27,7889.75,7889.75,7698.9599609375,7737.419921875,2193410000,13.029999732971191,97.1500015258789,0.13412248613810107
2018-07-30,7735.27001953125,7740.259765625,7604.240234375,7630.0,2154140000,14.260000228881836,101.41000366210938,0.14061729330367742
2018-07-31,7654.58984375,7709.490234375,7614.83984375,7671.7900390625,2208610000,12.829999923706055,94.12999725341797,0.13630086367861
2018-08-01,7701.81982421875,7732.68017578125,7670.7099609375,7707.2900390625,2228950000,13.149999618530273,95.27999877929688,0.13801427148409662
2018-08-02,7659.52001953125,7808.85009765625,7659.52001953125,7802.68994140625,2115490000,12.1899995803833,91.66000366210938,0.1329914803987994
2018-08-03,7819.22998046875,7824.06005859375,7783.2998046875,7812.009765625,2035870000,11.640000343322754,86.5999984741211,0.13441109178311553
2018-08-06,7809.5400390625,7859.68017578125,7801.8798828125,7859.68017578125,2245300000,11.270000457763672,84.66000366210938,0.1331207178155096
2018-08-07,7878.6201171875,7898.2001953125,7868.64990234375,7883.66015625,2206400000,10.930000305175781,83.20999908447266,0.13135440963146658
2018-08-08,7880.0,7901.68994140625,7864.4599609375,7888.330078125,2098100000,10.850000381469727,84.41999816894531,0.12852405374087061
2018-08-09,7886.52001953125,7923.35009765625,7881.06005859375,7891.77978515625,2048170000,11.270000457763672,88.69000244140625,0.1270718248678512
2018-08-10,7834.7099609375,7866.18994140625,7818.3701171875,7839.10986328125,2107530000,13.15999984741211,99.06999969482422,0.13283536780004288
2018-08-13,7848.0,7888.66015625,7814.27001953125,7819.7099609375,1934100000,14.779999732971191,107.77999877929688,0.13713119224687018
2018-08-14,7847.8798828125,7878.22998046875,7815.5,7870.89013671875,1938840000,13.3100004196167,100.33999633789062,0.1326490024456035
2018-08-15,7810.02001953125,7832.66015625,7732.68994140625,7774.1201171875,2294100000,14.640000343322754,111.12999725341797,0.13173761095249625
2018-08-16,7826.9501953125,7849.669921875,7795.740234375,7806.52001953125,1991410000,13.449999809265137,103.48999786376953,0.12996424859308844
2018-08-17,7786.64013671875,7830.77978515625,7752.68017578125,7816.330078125,1850770000,12.640000343322754,101.80999755859375,0.12415284005923066
2018-08-20,7834.3701171875,7837.14013671875,7787.89990234375,7821.009765625,1709500000,12.489999771118164,100.7699966430664,0.12394562059338475
2018-08-21,7840.08984375,7897.68017578125,7836.7900390625,7859.169921875,1788860000,12.859999656677246,101.55999755859375,0.1266246550395773
2018-08-22,7844.0400390625,7897.6298828125,7840.83984375,7889.10009765625,1669240000,12.25,95.72000122070312,0.12797743255095642
2018-08-23,7886.47021484375,7926.31982421875,7866.52978515625,7878.4599609375,1888600000,12.40999984741211,95.91999816894531,0.12937864975303892
2018-08-24,7907.81005859375,7949.7099609375,7907.10009765625,7945.97998046875,1892990000,11.989999771118164,93.94999694824219,0.12762107674919407
2018-08-27,7989.64013671875,8024.93994140625,7976.60009765625,8017.89990234375,2333790000,12.15999984741211,93.38999938964844,0.130206659459085
2018-08-28,8039.009765625,8046.31005859375,8009.58984375,8030.0400390625,1980270000,12.5,92.30999755859375,0.1354132849160312
2018-08-29,8044.33984375,8113.56005859375,8042.10009765625,8109.68994140625,1909880000,12.25,91.0999984741211,0.13446762025446
2018-08-30,8094.2001953125,8133.2998046875,8069.56982421875,8088.35986328125,2022720000,13.529999732971191,95.11000061035156,0.14225633104978255
2018-08-31,8079.31005859375,8119.81982421875,8079.31005859375,8109.5400390625,1906900000,12.859999656677246,92.7300033569336,0.13868218689884992
2018-09-04,8087.9501953125,8104.06982421875,8042.14013671875,8091.25,2238710000,13.15999984741211,95.2300033569336,0.13819173982475708
2018-09-05,8073.52978515625,8077.83984375,7962.35009765625,7995.169921875,2602810000,13.90999984741211,97.94000244140625,0.14202572494046986
2018-09-06,7998.27001953125,8001.97021484375,7885.490234375,7922.72998046875,2375380000,14.649999618530273,101.36000061035156,0.14453432843640016
2018-09-07,7878.7900390625,7962.52978515625,7873.93017578125,7902.5400390625,2158930000,14.880000114440918,102.37999725341797,0.14534089190888455
2018-09-10,7939.56982421875,7945.02978515625,7890.39013671875,7924.16015625,2055430000,14.15999984741211,100.37999725341797,0.14106395930320628
2018-09-11,7894.8701171875,7986.31982421875,7880.919921875,7972.47021484375,2345080000,13.220000267028809,96.44000244140625,0.13708004907051763
2018-09-12,7958.8701171875,7965.39013671875,7884.0498046875,7954.22998046875,2372320000,13.140000343322754,97.23999786376953,0.13512958280533408
2018-09-13,7999.93017578125,8037.509765625,7989.85009765625,8013.7099609375,2332930000,12.369999885559082,91.05999755859375,0.135844500518457
2018-09-14,8026.16015625,8040.830078125,7979.77978515625,8010.0400390625,2069380000,12.069999694824219,88.06999969482422,0.13705007081467674
2018-09-17,7992.2099609375,8002.77978515625,7890.06982421875,7895.7900390625,2303600000,13.680000305175781,96.33999633789062,0.14199710219207703
2018-09-18,7903.56982421875,7986.10009765625,7901.009765625,7956.10986328125,2328260000,12.789999961853027,92.48999786376953,0.1382852228052993
2018-09-19,7962.5498046875,7976.1201171875,7917.72998046875,7950.0400390625,2167720000,11.75,88.18000030517578,0.13325016964544426
2018-09-20,7993.52978515625,8039.06005859375,7986.41015625,8028.22998046875,2306580000,11.800000190734863,87.30999755859375,0.13515061872285453
2018-09-21,8041.68994140625,8057.259765625,7979.669921875,7986.9599609375,3729890000,11.680000305175781,90.19999694824219,0.12949002993733916
2018-09-24,7939.3798828125,7997.89990234375,7912.47021484375,7993.25,2433260000,12.199999809265137,91.51000213623047,0.1333187577801939
2018-09-25,8001.58984375,8014.1201171875,7979.2900390625,8007.47021484375,2328660000,12.420000076293945,91.06999969482422,0.13637861115530245
2018-09-26,8011.68017578125,8067.02978515625,7982.759765625,7990.3701171875,2342370000,12.890000343322754,91.55999755859375,0.1407820083773354
2018-09-27,8021.22021484375,8071.56005859375,8017.91015625,8041.97021484375,2073930000,12.40999984741211,87.66000366210938,0.14156969346302084
2018-09-28,8024.5,8065.06005859375,8015.8701171875,8046.35009765625,2342120000,12.119999885559082,87.30999755859375,0.13881571669298637
2018-10-01,8091.5,8107.3798828125,8019.77001953125,8037.2998046875,2299520000,12.0,86.97000122070312,0.13797861137828077
2018-10-02,8024.47021484375,8054.14990234375,7983.990234375,7999.5498046875,2416800000,12.050000190734863,88.12000274658203,0.13674534515606623
2018-10-03,8034.64990234375,8053.93017578125,8012.02978515625,8025.08984375,3095630000,11.609999656677246,85.80000305175781,0.1353146765003453
2018-10-04,7993.330078125,7997.169921875,7833.16015625,7879.509765625,3302690000,14.220000267028809,99.44000244140625,0.14300080367966364
2018-10-05,7874.759765625,7902.669921875,7715.97021484375,7788.4501953125,2699370000,14.819999694824219,102.62999725341797,0.14440222246357565
2018-10-08,7747.10009765625,7797.31982421875,7654.83984375,7735.9501953125,2259300000,15.6899995803833,102.73999786376953,0.15271559184951333
2018-10-09,7728.509765625,7799.75,7718.9501953125,7738.02001953125,2466440000,15.949999809265137,103.91999816894531,0.1534834496757287
2018-10-10,7694.080078125,7701.2001953125,7420.56005859375,7422.0498046875,3111680000,22.959999084472656,135.61000061035156,0.1693090404921069
2018-10-11,7388.06982421875,7493.2099609375,7274.0400390625,7329.06005859375,3154520000,24.979999542236328,129.3000030517578,0.1931941140963239
2018-10-12,7507.83984375,7516.68994140625,7368.330078125,7496.89013671875,2674210000,21.309999465942383,124.80999755859375,0.17073952313746432
2018-10-15,7473.330078125,7500.93017578125,7400.06982421875,7430.740234375,2167000000,21.299999237060547,118.77999877929688,0.17932311378987062
2018-10-16,7501.77978515625,7658.14013671875,7493.43994140625,7645.490234375,2639760000,17.6200008392334,111.77999877929688,0.1576310702420302
2018-10-17,7669.259765625,7670.490234375,7563.08984375,7642.7001953125,2385070000,17.399999618530273,109.27999877929688,0.15922401000087408
2018-10-18,7616.47021484375,7616.85986328125,7452.4599609375,7485.14013671875,2567980000,20.059999465942383,116.81999969482422,0.1717171675941303
2018-10-19,7530.16015625,7582.89013671875,7428.2998046875,7449.02978515625,2547790000,19.889999389648438,114.94999694824219,0.17303175222009082
2018-10-22,7486.740234375,7520.5400390625,7424.740234375,7468.6298828125,2301010000,19.639999389648438,112.1500015258789,0.1751225958308744
2018-10-23,7328.5498046875,7472.580078125,7260.1298828125,7437.5400390625,2752010000,20.709999084472656,108.70999908447266,0.19050684627805062
2018-10-24,7423.2099609375,7435.68994140625,7099.0,7108.39990234375,2959560000,25.229999542236328,118.58000183105469,0.21276774458295625
2018-10-25,7197.490234375,7364.81982421875,7178.5400390625,7318.33984375,2788090000,24.219999313354492,113.91000366210938,0.2126239885409726
2018-10-26,7125.18017578125,7283.31982421875,7057.0,7167.2099609375,2971530000,24.15999984741211,110.48999786376953,0.2186623252287558
2018-10-29,7272.419921875,7295.60986328125,6922.830078125,7050.2900390625,2711900000,24.700000762939453,110.38999938964844,0.22375215961144065
2018-10-30,7017.8701171875,7166.83984375,7001.47998046875,7161.64990234375,2699220000,23.350000381469727,106.08000183105469,0.22011689270761367
2018-10-31,7276.6201171875,7368.490234375,7270.6298828125,7305.89990234375,2918880000,21.229999542236328,102.9000015258789,0.2063168049312135
2018-11-01,7327.81982421875,7435.8798828125,7286.5,7434.06005859375,2728760000,19.34000015258789,99.56999969482422,0.19423521353684617
2018-11-02,7424.02001953125,7466.52978515625,7298.68017578125,7356.990234375,2899670000,19.510000228881836,102.37999725341797,0.19056457073923677
2018-11-05,7344.080078125,7349.22998046875,7255.8798828125,7328.85009765625,2186310000,19.959999084472656,101.83000183105469,0.19601295026575885
2018-11-06,7326.06982421875,7400.64013671875,7320.89013671875,7375.9599609375,2300920000,19.90999984741211,102.4800033569336,0.19428180323205502
2018-11-07,7446.08984375,7572.93017578125,7435.8701171875,7570.75,2687410000,16.360000610351562,95.75,0.17086162517338446
2018-11-08,7544.169921875,7566.93017578125,7499.7099609375,7530.8798828125,2475160000,16.719999313354492,95.4000015258789,0.17526204450656013
2018-11-09,7468.509765625,7474.33984375,7349.47998046875,7406.89990234375,2426750000,17.360000610351562,100.55000305175781,0.17265042350536333
2018-11-12,7364.0498046875,7371.08984375,7193.77001953125,7200.8701171875,2305340000,20.450000762939453,107.7699966430664,0.18975597476048678
2018-11-13,7230.68994140625,7319.1201171875,7182.85986328125,7200.8701171875,2361240000,20.020000457763672,105.31999969482422,0.19008735772667804
2018-11-14,7265.39013671875,7285.56982421875,7101.169921875,7136.39013671875,2566210000,21.25,111.41999816894531,0.19071980209314654
2018-11-15,7112.830078125,7274.259765625,7072.35986328125,7259.02978515625,2523500000,19.979999542236328,107.37999725341797,0.18606816961527117
2018-11-16,7193.60009765625,7274.85986328125,7171.7001953125,7247.8701171875,2466980000,18.139999389648438,101.93000030517578,0.1779652637627563
2018-11-19,7217.240234375,7224.1201171875,7011.39990234375,7028.47998046875,2381430000,20.100000381469727,107.12999725341797,0.18762252307281227
2018-11-20,6867.43017578125,6994.75,6830.759765625,6908.81982421875,2672250000,22.479999542236328,107.61000061035156,0.20890251291452797
2018-11-21,6985.509765625,7029.93017578125,6951.6201171875,6972.25,1867840000,20.799999237060547,100.2699966430664,0.2074399115729785
2018-11-23,6919.52001953125,6987.89013671875,6919.16015625,6938.97998046875,958950000,21.520000457763672,99.29000091552734,0.21673884841709468
2018-11-26,7026.5,7083.93017578125,7003.1201171875,7081.85009765625,2036910000,18.899999618530273,92.16999816894531,0.2050558749484517
2018-11-27,7041.22998046875,7105.14013671875,7014.35986328125,7082.7001953125,2076790000,19.020000457763672,91.54000091552734,0.20777802346009625
2018-11-28,7135.080078125,7292.7099609375,7090.97998046875,7291.58984375,2413120000,18.489999771118164,93.55000305175781,0.19764830751409296
2018-11-29,7267.3701171875,7319.9599609375,7217.68994140625,7273.080078125,2018190000,18.790000915527344,93.36000061035156,0.2012639330836074
2018-11-30,7279.2998046875,7332.7900390625,7255.68017578125,7330.5400390625,2547970000,18.06999969482422,93.58999633789062,0.19307618764708126
2018-12-03,7486.1298828125,7486.509765625,7392.22021484375,7441.509765625,2643150000,16.440000534057617,85.87000274658203,0.19145219527446672
2018-12-04,7407.9501953125,7421.10986328125,7150.10986328125,7158.43017578125,2655720000,20.739999771118164,96.56999969482422,0.21476648893714087
2018-12-06,7017.0498046875,7189.52001953125,6984.33984375,7188.259765625,2857650000,21.190000534057617,93.8499984741211,0.22578583781118236
2018-12-07,7163.490234375,7205.3701171875,6945.27001953125,6969.25,2504680000,23.229999542236328,96.48999786376953,0.24075033740837945
2018-12-10,6959.6298828125,7047.6201171875,6878.990234375,7020.52001953125,2380270000,22.639999389648438,91.77999877929688,0.24667683254268488
2018-12-11,7121.66015625,7129.830078125,6983.009765625,7031.830078125,2286810000,21.760000228881836,89.7699966430664,0.24239724899847725
2018-12-12,7127.0,7197.2900390625,7096.56005859375,7098.31005859375,2427080000,21.459999084472656,91.41000366210938,0.2347664175115672
2018-12-13,7135.27978515625,7154.64013671875,7034.81982421875,7070.330078125,2162210000,20.649999618530273,93.0,0.22204300665086316
2018-12-14,6986.3701171875,7027.169921875,6898.990234375,6910.66015625,2218330000,21.6299991607666,96.44999694824219,0.22426127366674645
2018-12-17,6886.4599609375,6931.81005859375,6710.009765625,6753.72998046875,2697400000,24.520000457763672,101.55000305175781,0.24145740739432933
2018-12-18,6809.81982421875,6847.27001953125,6733.7099609375,6783.91015625,2623270000,25.579999923706055,103.63999938964844,0.24681590191384142
2018-12-19,6777.58984375,6868.85986328125,6586.5,6636.830078125,2919140000,25.579999923706055,105.05000305175781,0.24350308596471784
2018-12-20,6607.759765625,6666.2001953125,6447.91015625,6528.41015625,3282440000,28.3799991607666,109.6500015258789,0.25882351815625404
2018-12-21,6573.490234375,6586.68017578125,6304.6298828125,6332.990234375,4571670000,30.110000610351562,106.61000061035156,0.2824312957318186
2018-12-24,6278.490234375,6355.18017578125,6190.169921875,6192.919921875,1647440000,36.06999969482422,111.87999725341797,0.3223990041144041
2018-12-26,6257.85986328125,6555.52978515625,6214.33984375,6554.35986328125,2572890000,30.40999984741211,97.31999969482422,0.3124743109614848
2018-12-27,6457.18994140625,6583.009765625,6336.97021484375,6579.490234375,2449110000,29.959999084472656,95.88999938964844,0.3124413314753542
2018-12-28,6616.7900390625,6684.18017578125,6529.22021484375,6584.52001953125,2216250000,28.34000015258789,91.23999786376953,0.3106093907948393
2018-12-31,6649.52001953125,6659.9599609375,6570.06005859375,6635.27978515625,2109320000,25.420000076293945,87.11000061035156,0.29181494545039877
2019-01-02,6506.91015625,6693.7099609375,6506.8798828125,6665.93994140625,2261800000,23.219999313354492,81.66000366210938,0.28434972167566386
2019-01-03,6584.77001953125,6600.2099609375,6457.1298828125,6463.5,2631550000,25.450000762939453,83.80000305175781,0.30369928205397134
2019-01-04,6567.14013671875,6760.68994140625,6554.240234375,6738.85986328125,2596150000,21.3799991607666,84.44000244140625,0.25319751945296776
2019-01-07,6757.52978515625,6855.60009765625,6741.39990234375,6823.47021484375,2523450000,21.399999618530273,82.73999786376953,0.2586415297443581
2019-01-08,6893.43994140625,6909.580078125,6795.85986328125,6897.0,2407340000,20.469999313354492,82.41000366210938,0.248392166044354
2019-01-09,6923.06005859375,6985.22021484375,6899.56005859375,6957.080078125,2434500000,19.979999542236328,86.62000274658203,0.23066265191298121
2019-01-10,6908.64990234375,6991.3701171875,6877.080078125,6986.06982421875,2190110000,19.5,86.3499984741211,0.2258251342742537
2019-01-11,6947.4599609375,6975.64990234375,6933.60009765625,6971.47998046875,2074310000,18.190000534057617,83.8499984741211,0.2169350132984398
2019-01-14,6908.02978515625,6936.22021484375,6887.47998046875,6905.919921875,1960780000,19.06999969482422,83.01000213623047,0.22973134807932916
2019-01-15,6931.39013671875,7025.85009765625,6928.1201171875,7023.830078125,2066090000,18.600000381469727,81.38999938964844,0.2285293097549201
2019-01-16,7033.75,7079.6298828125,7028.1201171875,7034.68994140625,2163730000,19.040000915527344,83.33999633789062,0.22846174408662392
2019-01-17,7010.1298828125,7113.9501953125,7003.6201171875,7084.4599609375,2149280000,18.059999465942383,82.79000091552734,0.2181422788528465
2019-01-18,7134.10009765625,7185.3798828125,7096.6201171875,7157.22998046875,2459920000,17.799999237060547,82.48999786376953,0.21578372770062215
2019-01-22,7109.56982421875,7110.16015625,6979.81005859375,7020.35986328125,2397660000,20.799999237060547,93.80999755859375,0.22172476045603629
2019-01-23,7061.64990234375,7084.85009765625,6953.22998046875,7025.77001953125,2288090000,19.520000457763672,88.44999694824219,0.22068966796218303
2019-01-24,7042.25,7078.9599609375,7029.9501953125,7073.4599609375,2419110000,18.889999389648438,84.88999938964844,0.2225232598122966
2019-01-25,7128.18017578125,7174.56005859375,7111.08984375,7164.85986328125,2446550000,17.420000076293945,83.37999725341797,0.20892301091530502
2019-01-28,7075.009765625,7086.2998046875,7034.25,7085.68017578125,2448790000,18.8700008392334,86.44000244140625,0.21830171571344545
2019-01-29,7087.490234375,7092.2900390625,7011.47021484375,7028.2900390625,2106370000,19.1299991607666,86.83999633789062,0.22029018847873522
2019-01-30,7094.7900390625,7201.31005859375,7065.56982421875,7183.080078125,2569410000,17.65999984741211,82.38999938964844,0.21434640099816446
2019-01-31,7208.169921875,7303.1201171875,7205.9501953125,7281.740234375,2947490000,16.56999969482422,79.23999786376953,0.2091115616044259
2019-02-01,7256.3701171875,7299.93994140625,7243.41015625,7263.8701171875,2398800000,16.139999389648438,80.0,0.20174999237060548
2019-02-04,7266.27978515625,7348.22998046875,7261.06982421875,7347.5400390625,2106030000,15.729999542236328,77.36000061035156,0.2033350493553576
2019-02-05,7356.33984375,7408.68017578125,7355.35986328125,7402.080078125,2284960000,15.569999694824219,80.62000274658203,0.19312824565097556
2019-02-06,7400.43994140625,7410.77001953125,7346.72021484375,7375.27978515625,2179400000,15.380000114440918,84.98999786376953,0.18096247206751928
2019-02-07,7316.5,7336.740234375,7235.0498046875,7288.35009765625,2310700000,16.3700008392334,85.01000213623047,0.19256558555309877
2019-02-08,7232.2998046875,7299.43994140625,7225.14013671875,7298.2001953125,2102520000,15.720000267028809,82.69999694824219,0.19008465353229909
2019-02-11,7327.3701171875,7343.56005859375,7290.02978515625,7307.89990234375,1908490000,15.970000267028809,82.7699966430664,0.19294431454307187
2019-02-12,7358.85009765625,7419.43017578125,7349.7998046875,7414.6201171875,2140130000,15.430000305175781,81.62999725341797,0.18902365336695762
2019-02-13,7437.4599609375,7461.66015625,7413.83984375,7420.3798828125,2103840000,15.649999618530273,80.2699966430664,0.19496698982211924
2019-02-14,7390.25,7454.419921875,7375.7099609375,7426.9501953125,2117500000,16.219999313354492,81.63999938964844,0.19867711213397082
2019-02-15,7468.56982421875,7477.27978515625,7440.259765625,7472.41015625,2263640000,14.90999984741211,80.44999694824219,0.18533250979492907
2019-02-19,7450.75,7507.7900390625,7450.27001953125,7486.77001953125,2124140000,14.880000114440918,78.63999938964844,0.1892166865453919
2019-02-20,7490.31005859375,7513.7001953125,7455.25,7489.06982421875,2202670000,14.020000457763672,75.58999633789062,0.18547428412476236
2019-02-21,7475.41015625,7485.75,7430.89013671875,7459.7099609375,2144680000,14.460000038146973,76.63999938964844,0.18867432350345303
2019-02-22,7481.6298828125,7527.5400390625,7479.009765625,7527.5400390625,2428560000,13.510000228881836,74.9800033569336,0.1801813766874489
2019-02-25,7585.2998046875,7602.68994140625,7551.60986328125,7554.4599609375,2399410000,14.850000381469727,79.3499984741211,0.1871455660621449
2019-02-26,7535.2900390625,7573.22021484375,7524.31005859375,7549.2998046875,2305760000,15.170000076293945,80.52999877929688,0.1883770061622544
2019-02-27,7526.419921875,7562.2900390625,7485.39013671875,7554.509765625,2430790000,14.699999809265137,80.37000274658203,0.18290406005853094
2019-02-28,7533.31005859375,7561.89990234375,7516.47998046875,7532.52978515625,2676790000,14.779999732971191,80.0,0.1847499966621399
2019-03-01,7587.4501953125,7603.0400390625,7540.75,7595.35009765625,2490920000,13.569999694824219,79.2699966430664,0.17118708552400527
2019-03-04,7636.6201171875,7643.66015625,7501.56005859375,7577.56982421875,2582090000,14.630000114440918,82.33999633789062,0.17767793010829405
2019-03-05,7582.2900390625,7598.66015625,7543.5400390625,7576.35986328125,2166670000,14.739999771118164,82.45999908447266,0.17875333415924968
2019-03-06,7575.3798828125,7579.02001953125,7499.8701171875,7505.919921875,2256550000,15.739999771118164,86.0999984741211,0.18281068583118623
2019-03-07,7483.7900390625,7489.080078125,7397.18994140625,7421.4599609375,2462690000,16.59000015258789,88.69999694824219,0.1870349574224722
2019-03-08,7334.35009765625,7411.52001953125,7332.919921875,7408.14013671875,2260950000,16.049999237060547,87.23999786376953,0.1839752364749433
2019-03-11,7442.56005859375,7558.22998046875,7442.39990234375,7558.06005859375,2248460000,14.329999923706055,81.2300033569336,0.17641264719316155
2019-03-12,7571.85009765625,7611.1298828125,7560.4599609375,7591.02978515625,2171620000,13.770000457763672,83.05999755859375,0.16578378115229028
2019-03-13,7621.3798828125,7677.06982421875,7619.4599609375,7643.41015625,2379260000,13.40999984741211,82.76000213623047,0.1620347933937705
2019-03-14,7644.7900390625,7653.10009765625,7627.02001953125,7630.91015625,2198900000,13.5,82.55999755859375,0.16351744669588802
2019-03-15,7658.41015625,7714.9599609375,7652.0400390625,7688.52978515625,3451860000,12.880000114440918,82.94000244140625,0.1552929796878185
2019-03-18,7696.3798828125,7737.669921875,7677.740234375,7714.47998046875,2302140000,13.100000381469727,85.5199966430664,0.1531805530365607
2019-03-19,7747.39990234375,7767.89013671875,7699.14990234375,7723.9501953125,2457920000,13.5600004196167,87.36000061035156,0.1552197839386225
2019-03-20,7721.9501953125,7779.240234375,7674.0400390625,7728.97021484375,2464230000,13.90999984741211,86.62999725341797,0.16056793591625437
2019-03-21,7705.43017578125,7850.10986328125,7705.43017578125,7838.9599609375,2502810000,13.630000114440918,83.88999938964844,0.16247467175596123
2019-03-22,7800.25,7817.830078125,7642.56982421875,7642.669921875,2504740000,16.479999542236328,98.5,0.16730964002270385
2019-03-25,7618.97998046875,7662.3798828125,7579.2900390625,7637.5400390625,2162490000,16.329999923706055,97.19999694824219,0.1680041197161928
2019-03-26,7700.0,7738.169921875,7649.2099609375,7691.52001953125,2080350000,14.680000305175781,89.8499984741211,0.16338342297695158
2019-03-27,7702.0498046875,7712.83984375,7582.08984375,7643.3798828125,2244070000,15.149999618530273,91.33999633789062,0.1658638080352713
2019-03-28,7660.06982421875,7689.16015625,7619.81982421875,7669.169921875,1922150000,14.430000305175781,87.94999694824219,0.16407050376212876
2019-03-29,7726.7099609375,7733.6201171875,7688.509765625,7729.31982421875,2311790000,13.710000038146973,85.81999969482422,0.15975297234793417
2019-04-01,7800.240234375,7831.4501953125,7777.08984375,7828.91015625,2230050000,13.399999618530273,84.93000030517578,0.1577769877591023
2019-04-02,7824.60986328125,7854.919921875,7811.27978515625,7848.68994140625,2123250000,13.359999656677246,83.27999877929688,0.16042266873806074
2019-04-03,7891.18017578125,7938.259765625,7870.89990234375,7895.5498046875,2509630000,13.739999771118164,84.2300033569336,0.16312476817664906
2019-04-04,7894.259765625,7917.64990234375,7844.9599609375,7891.77978515625,2152640000,13.579999923706055,82.1500015258789,0.16530736057780937
2019-04-05,7914.509765625,7940.4501953125,7909.14013671875,7938.68994140625,2157050000,12.819999694824219,79.0999984741211,0.1620733241735586
2019-04-08,7924.89013671875,7955.89990234375,7891.85009765625,7953.8798828125,2075550000,13.180000305175781,81.86000061035156,0.16100659915593882
2019-04-09,7924.77001953125,7945.5498046875,7897.60986328125,7909.27978515625,2078800000,14.279999732971191,88.13999938964844,0.16201497426659048
2019-04-10,7922.72998046875,7965.330078125,7916.89990234375,7964.240234375,2012290000,13.300000190734863,89.48999786376953,0.14861996321624044
2019-04-11,7975.2001953125,7975.2001953125,7933.41015625,7947.35986328125,1969480000,13.020000457763672,88.05999755859375,0.1478537453864948
2019-04-12,7984.14990234375,7992.08984375,7952.60986328125,7984.16015625,1968900000,12.010000228881836,84.9800033569336,0.14132736825671036
2019-04-15,7987.16015625,7993.330078125,7933.56982421875,7976.009765625,1827710000,12.319999694824219,84.16999816894531,0.14637044033309374
2019-04-16,8000.56982421875,8017.56005859375,7978.81005859375,8000.22998046875,2102740000,12.180000305175781,83.58000183105469,0.1457286436747866
2019-04-17,8044.97021484375,8052.39990234375,7973.3798828125,7996.080078125,2317330000,12.600000381469727,85.55000305175781,0.1472822902630023
2019-04-18,7998.4501953125,8002.31005859375,7950.97021484375,7998.06005859375,2124630000,12.09000015258789,84.41000366210938,0.14322947077438578
2019-04-22,7969.3701171875,8017.14990234375,7965.89990234375,8015.27001953125,1790990000,12.420000076293945,83.2699966430664,0.1491533634801475
2019-04-23,8026.75,8128.8701171875,8023.81005859375,8120.81982421875,2099410000,12.279999732971191,81.43000030517578,0.15080436800871116
2019-04-24,8122.8798828125,8139.5498046875,8101.7001953125,8102.009765625,2043310000,13.140000343322754,85.16999816894531,0.15427968329009384
2019-04-25,8150.85009765625,8151.83984375,8075.41015625,8118.68017578125,2073370000,13.25,86.94000244140625,0.15240395247205013
2019-04-26,8100.27978515625,8146.419921875,8060.89013671875,8146.39990234375,1982560000,12.729999542236328,84.08999633789062,0.151385421532005
2019-04-29,8147.64990234375,8176.080078125,8136.41015625,8161.85009765625,1781860000,13.109999656677246,86.08000183105469,0.15230017864553078
2019-04-30,8104.91015625,8124.60986328125,8050.5498046875,8095.39013671875,2131850000,13.119999885559082,88.55999755859375,0.14814815094002828
2019-05-01,8132.93017578125,8146.0,8048.22998046875,8049.64013671875,2273540000,14.800000190734863,95.75,0.1545691925925312
2019-05-02,8046.47998046875,8094.06005859375,7976.77001953125,8036.77001953125,2211530000,14.420000076293945,93.0199966430664,0.1550204321295124
2019-05-03,8092.8798828125,8164.7099609375,8084.7998046875,8164.0,2081080000,12.869999885559082,86.2300033569336,0.14925199332633715
2019-05-06,7981.85009765625,8135.5400390625,7981.85009765625,8123.2900390625,1979650000,15.4399995803833,94.8499984741211,0.16278334031387418
2019-05-07,8043.52001953125,8070.97021484375,7899.02001953125,7963.759765625,2397600000,19.31999969482422,111.54000091552734,0.1732113998228837
2019-05-08,7946.240234375,8004.490234375,7923.35009765625,7943.31982421875,2214680000,19.399999618530273,106.4800033569336,0.1821938298921646
2019-05-09,7853.2099609375,7929.77978515625,7796.16015625,7910.58984375,2549500000,19.100000381469727,102.91999816894531,0.18558104082081966
2019-05-10,7881.31005859375,7949.33984375,7759.33984375,7916.93994140625,2421470000,16.040000915527344,96.01000213623047,0.16706593645074472
2019-05-13,7720.06982421875,7760.830078125,7627.22021484375,7647.02001953125,2484820000,20.549999237060547,105.5999984741211,0.19460226831439434
2019-05-14,7689.66015625,7776.2001953125,7665.2998046875,7734.490234375,2103140000,18.059999465942383,97.26000213623047,0.1856878374385191
2019-05-15,7682.7998046875,7838.72021484375,7682.240234375,7822.14990234375,2014080000,16.440000534057617,94.52999877929688,0.17391305137367843
2019-05-16,7832.580078125,7946.22998046875,7826.669921875,7898.0498046875,2168720000,15.289999961853027,94.2300033569336,0.1622625428966194
2019-05-17,7829.02978515625,7918.7099609375,7810.35009765625,7816.27978515625,2176380000,15.960000038146973,99.12000274658203,0.16101694507567316
2019-05-20,7714.06005859375,7747.27001953125,7678.35009765625,7702.3798828125,2130700000,16.309999465942383,96.83000183105469,0.1684395245019147
2019-05-21,7765.56982421875,7804.43994140625,7752.919921875,7785.72021484375,2000130000,14.949999809265137,92.37999725341797,0.16183156802066262
2019-05-22,7749.7998046875,7786.330078125,7738.35009765625,7750.83984375,1884660000,14.75,89.30000305175781,0.1651735665837657
2019-05-23,7660.72021484375,7665.14990234375,7585.31982421875,7628.27978515625,2270530000,16.920000076293945,94.9800033569336,0.178142761405354
2019-05-24,7675.56982421875,7694.14990234375,7631.25,7637.009765625,1685230000,15.850000381469727,90.19000244140625,0.17574010369682602
2019-05-28,7655.66015625,7693.740234375,7603.759765625,7607.35009765625,2378470000,17.5,95.08000183105469,0.18405552863887528
2019-05-29,7553.02001953125,7581.10986328125,7503.93994140625,7547.31005859375,2282120000,17.899999618530273,93.83000183105469,0.19077053468207386
2019-05-30,7565.4599609375,7595.89990234375,7527.66015625,7567.72021484375,1875180000,17.299999237060547,92.77999877929688,0.18646259392838993
2019-05-31,7470.9501953125,7506.85986328125,7448.22998046875,7453.14990234375,2239420000,18.709999084472656,96.72000122070312,0.1934449839571315
2019-06-03,7441.2099609375,7457.66015625,7292.22021484375,7333.02001953125,2580670000,18.860000610351562,96.02999877929688,0.1963969681359362
2019-06-04,7413.93994140625,7529.5,7385.02001953125,7527.1201171875,2374130000,16.969999313354492,88.93000030517578,0.19082423541121732
2019-06-05,7585.68017578125,7589.47021484375,7498.169921875,7575.47998046875,2139290000,16.09000015258789,86.72000122070312,0.18553966704449998
2019-06-06,7582.240234375,7634.1201171875,7546.22021484375,7615.5498046875,2093470000,15.930000305175781,86.11000061035156,0.18499593766418793
2019-06-07,7652.97021484375,7767.02001953125,7647.91015625,7742.10009765625,2074120000,16.299999237060547,86.0,0.18953487484954123
2019-06-10,7798.8701171875,7895.43994140625,7795.759765625,7823.169921875,2042340000,15.9399995803833,83.86000061035156,0.19007869621235954
2019-06-11,7901.0400390625,7909.990234375,7798.6298828125,7822.56982421875,2121150000,15.989999771118164,84.94999694824219,0.1882283736968284
2019-06-12,7803.1298828125,7819.16015625,7773.97021484375,7792.72021484375,1978930000,15.90999984741211,86.19999694824219,0.1845707704254919
2019-06-13,7822.56005859375,7848.35986328125,7813.60009765625,7837.1298828125,1848360000,15.819999694824219,84.7300033569336,0.18671071719637367
2019-06-14,7807.18994140625,7819.2099609375,7778.1201171875,7796.66015625,1808370000,15.279999732971191,82.56999969482422,0.18505510220958613
2019-06-17,7819.43017578125,7865.97998046875,7812.60986328125,7845.02001953125,1950550000,15.350000381469727,83.4800033569336,0.1838763747509457
2019-06-18,7920.97998046875,8005.2099609375,7911.669921875,7953.8798828125,2250550000,15.149999618530273,87.37000274658203,0.17340047089700877
2019-06-19,7970.259765625,7998.58984375,7930.3798828125,7987.31982421875,2027520000,14.329999923706055,84.58000183105469,0.16942539150483443
2019-06-20,8087.4501953125,8088.8798828125,7996.8701171875,8051.33984375,2108250000,14.75,81.20999908447266,0.18162788038770214
2019-06-21,8028.68994140625,8073.02001953125,8011.2001953125,8031.7099609375,2909540000,15.399999618530273,83.13999938964844,0.1852297297520511
2019-06-24,8040.580078125,8047.56005859375,8004.6298828125,8005.7001953125,2073470000,15.260000228881836,82.58999633789062,0.18476814269915223
2019-06-25,8005.27001953125,8007.31005859375,7879.14990234375,7884.72021484375,2132550000,16.280000686645508,85.16000366210938,0.19116956301739854
2019-06-26,7933.919921875,7974.27978515625,7903.06982421875,7909.97021484375,2122730000,16.209999084472656,85.36000061035156,0.18990158116876674
2019-06-27,7939.35986328125,7976.580078125,7935.47021484375,7967.759765625,2083920000,15.819999694824219,86.5199966430664,0.1828479000073102
2019-06-28,7988.759765625,8010.14990234375,7961.4599609375,8006.240234375,4101490000,15.079999923706055,85.77999877929688,0.17579855605390418
2019-07-01,8145.85009765625,8150.4501953125,8059.2900390625,8091.16015625,2219030000,14.0600004196167,79.58000183105469,0.1766775583828905
2019-07-02,8086.64990234375,8109.3701171875,8063.10986328125,8109.08984375,1956590000,12.930000305175781,78.22000122070312,0.16530299288404374
2019-07-03,8129.56982421875,8170.22998046875,8122.33984375,8170.22998046875,1548240000,12.569999694824219,80.04000091552734,0.15704647115247228
2019-07-05,8123.27978515625,8171.97021484375,8093.66015625,8161.7900390625,1690700000,13.279999732971191,,
2019-07-08,8112.91015625,8161.7900390625,8078.39013671875,8098.3798828125,1957160000,13.960000038146973,83.66000366210938,0.1668658788795825
2019-07-09,8061.41015625,8146.97998046875,8061.31982421875,8141.72998046875,1871430000,14.09000015258789,82.30999755859375,0.1711821233205321
2019-07-10,8183.18994140625,8228.599609375,8160.56005859375,8202.5302734375,2066640000,13.029999732971191,85.97000122070312,0.15156449398576177
2019-07-11,8219.2802734375,8226.1796875,8171.6298828125,8196.0400390625,1970690000,12.930000305175781,88.19999694824219,0.14659864798820124
2019-07-12,8209.2001953125,8245.66015625,8201.51953125,8244.1396484375,1835960000,12.390000343322754,86.13999938964844,0.14383562144315126
2019-07-15,8263.1796875,8264.7802734375,8236.26953125,8258.1904296875,1790770000,12.680000305175781,86.19999694824219,0.14709977672956698
2019-07-16,8251.66015625,8259.75,8204.23046875,8222.7998046875,1947010000,12.859999656677246,88.25,0.1457223757130566
2019-07-17,8224.0,8230.669921875,8184.66015625,8185.2099609375,1887120000,13.970000267028809,90.3499984741211,0.1546209242165093
2019-07-18,8151.759765625,8215.580078125,8135.1201171875,8207.240234375,2063790000,13.529999732971191,84.04000091552734,0.16099475946663597
2019-07-19,8241.33984375,8245.7802734375,8144.6298828125,8146.490234375,1893050000,14.449999809265137,86.7699966430664,0.16653221583845484
2019-07-22,8171.990234375,8218.419921875,8171.5400390625,8204.1396484375,1860440000,13.529999732971191,81.22000122070312,0.1665845792861472
2019-07-23,8242.5,8251.830078125,8193.8896484375,8251.400390625,1845050000,12.609999656677246,78.98999786376953,0.1596404607887842
2019-07-24,8227.3603515625,8321.8095703125,8226.5,8321.5,1953670000,12.069999694824219,83.88999938964844,0.14387888643033642
2019-07-25,8294.6796875,8295.9501953125,8233.400390625,8238.5400390625,2058090000,12.739999771118164,84.30000305175781,0.1511269194533263
2019-07-26,8294.2998046875,8339.6396484375,8291.1201171875,8330.2099609375,1975110000,12.15999984741211,83.11000061035156,0.14631211356166865
2019-07-29,8325.099609375,8325.2802734375,8247.3701171875,8293.330078125,1882980000,12.829999923706055,88.16000366210938,0.14553084608389494
2019-07-30,8231.76953125,8295.4599609375,8228.01953125,8273.6103515625,1893610000,13.9399995803833,91.58000183105469,0.15221663356263726
2019-07-31,8290.7998046875,8299.830078125,8110.02001953125,8175.419921875,2679230000,16.1200008392334,96.27999877929688,0.16742834486511946
2019-08-01,8190.56005859375,8311.0400390625,8080.52001953125,8111.1201171875,2815420000,17.8700008392334,105.47000122070312,0.16943207198641452
2019-08-02,8056.419921875,8068.7998046875,7953.669921875,8004.06982421875,2262550000,17.610000610351562,102.69000244140625,0.17148700157446806
2019-08-05,7823.330078125,7836.4501953125,7662.89990234375,7726.0400390625,2661780000,24.59000015258789,114.4000015258789,0.21494755091437026
2019-08-06,7804.509765625,7845.009765625,7739.56982421875,7833.27001953125,2217620000,20.170000076293945,107.44999694824219,0.18771522242117583
2019-08-07,7747.27001953125,7881.3798828125,7702.419921875,7862.830078125,2470170000,19.489999771118164,104.2699966430664,0.18691858059452793
2019-08-08,7921.58984375,8041.1201171875,7896.14990234375,8039.16015625,2442950000,16.90999984741211,98.66000366210938,0.17139670808573504
2019-08-09,7997.18994140625,8020.56005859375,7910.35009765625,7959.14013671875,2221180000,17.969999313354492,101.5199966430664,0.1770094553542502
2019-08-12,7907.490234375,7924.990234375,7833.7900390625,7863.41015625,2068920000,21.09000015258789,105.30999755859375,0.20026588777436408
2019-08-13,7852.3701171875,8065.240234375,7851.580078125,8016.35986328125,2353570000,17.520000457763672,102.20999908447266,0.17141180525091348
2019-08-14,7877.330078125,7900.27978515625,7762.8701171875,7773.93994140625,2543670000,22.100000381469727,113.98999786376953,0.19387666282687044
2019-08-15,7790.2001953125,7805.93017578125,7716.5498046875,7766.6201171875,2190810000,21.18000030517578,112.26000213623047,0.1886691600047655
2019-08-16,7828.35009765625,7907.52001953125,7828.35009765625,7895.990234375,2018710000,18.469999313354492,110.31999969482422,0.16742203919912657
2019-08-19,8006.18017578125,8026.75,7895.990234375,8002.81005859375,1946440000,16.8799991607666,101.22000122070312,0.1667654510689142
2019-08-20,7989.35986328125,8010.580078125,7948.08984375,7948.56005859375,1750730000,17.5,104.7699966430664,0.16703255283685395
2019-08-21,8017.06982421875,8036.93994140625,7998.5,8020.2099609375,1721410000,15.800000190734863,98.02999877929688,0.16117515441683034
2019-08-22,8038.7900390625,8048.580078125,7937.1201171875,7991.39013671875,1780760000,16.68000030517578,100.94000244140625,0.16524668022331587
2019-08-23,7943.64990234375,8005.33984375,7730.77001953125,7751.77001953125,2214370000,19.8700008392334,111.37000274658203,0.17841429782889373
2019-08-26,7829.580078125,7856.0400390625,7789.0498046875,7853.740234375,1691990000,19.31999969482422,106.2699966430664,0.1818010756104108
2019-08-27,7908.77978515625,7916.830078125,7795.18017578125,7826.9501953125,1914930000,20.309999465942383,106.48999786376953,0.19072213234452826
2019-08-28,7798.35009765625,7866.8701171875,7766.669921875,7856.8798828125,1663450000,19.350000381469727,103.94999694824219,0.1861471952818267
2019-08-29,7945.77978515625,7992.2900390625,7925.830078125,7973.39013671875,1703760000,17.8799991607666,99.80000305175781,0.17915830274567987
2019-08-30,8015.16015625,8017.91015625,7914.740234375,7962.8798828125,1668110000,18.979999542236328,102.66000366210938,0.18488212414940355
2019-09-03,7906.43994140625,7940.3701171875,7847.31982421875,7874.16015625,1938780000,19.65999984741211,102.19000244140625,0.19238672451040179
2019-09-04,7949.81005859375,7981.41015625,7928.93994140625,7976.8798828125,1893740000,17.329999923706055,97.30000305175781,0.1781089350479005
2019-09-05,8061.2900390625,8134.419921875,8061.2900390625,8116.830078125,2108700000,16.270000457763672,95.51000213623047,0.1703486555738633
2019-09-06,8125.580078125,8134.39013671875,8098.52001953125,8103.06982421875,1878730000,15.0,94.4000015258789,0.15889830251631815
2019-09-09,8130.91015625,8131.66015625,8052.33984375,8087.43994140625,2186660000,15.270000457763672,94.5,0.1615873064313616
2019-09-10,8049.97998046875,8086.52978515625,8001.68017578125,8084.16015625,2366080000,15.199999809265137,93.8499984741211,0.16196057598718555
2019-09-11,8091.68017578125,8169.68017578125,8081.56005859375,8169.68017578125,2322610000,14.609999656677246,97.79000091552734,0.14940177441349664
2019-09-12,8206.580078125,8243.7998046875,8176.72998046875,8194.4697265625,2228100000,14.220000267028809,95.94000244140625,0.148217635034077
2019-09-13,8190.56982421875,8210.2001953125,8165.47021484375,8176.7099609375,1984570000,13.739999771118164,98.93000030517578,0.13888607832541694
2019-09-16,8121.64013671875,8165.330078125,8121.25,8153.5400390625,1876540000,14.670000076293945,101.7300033569336,0.14420524518044348
2019-09-17,8148.64990234375,8188.22998046875,8139.81982421875,8186.02001953125,1857350000,14.4399995803833,101.66999816894531,0.14202812865589232
2019-09-18,8174.6201171875,8179.8701171875,8086.22021484375,8177.39013671875,2045590000,13.949999809265137,99.08999633789062,0.1407811113616002
2019-09-19,8193.58984375,8237.4296875,8174.31982421875,8182.8798828125,1818430000,14.050000190734863,97.30000305175781,0.14439876413221794
2019-09-20,8184.8798828125,8202.8203125,8086.16015625,8117.669921875,3363230000,15.319999694824219,101.02999877929688,0.1516381261004588
2019-09-23,8106.490234375,8135.81005859375,8085.33984375,8112.4599609375,1781750000,14.90999984741211,97.5999984741211,0.15276639426757302
2019-09-24,8147.22998046875,8158.830078125,7969.64990234375,7993.6298828125,2310940000,17.049999237060547,104.95999908447266,0.1624428295139234
2019-09-25,7990.66015625,8095.0,7935.56982421875,8077.3798828125,2022080000,15.960000038146973,99.68000030517578,0.16011235944306337
2019-09-26,8070.1201171875,8072.10986328125,7991.02001953125,8030.66015625,1886310000,16.06999969482422,100.30999755859375,0.16020337041118263
2019-09-27,8047.10986328125,8051.830078125,7890.27978515625,7939.6298828125,2041250000,17.219999313354492,103.19999694824219,0.1668604633970176
2019-09-30,7964.08984375,8012.16015625,7949.6298828125,7999.33984375,1809050000,16.239999771118164,97.62000274658203,0.16635934556646767
2019-10-01,8026.830078125,8062.5,7906.2900390625,7908.68017578125,2250500000,18.559999465942383,102.73999786376953,0.18065018349087802
2019-10-02,7851.1298828125,7852.7001953125,7744.9599609375,7785.25,2503630000,20.559999465942383,103.80999755859375,0.1980541368796165
2019-10-03,7787.02001953125,7872.259765625,7700.0,7872.259765625,2157220000,19.1200008392334,98.19999694824219,0.1947046989147147
2019-10-04,7908.43994140625,7986.6201171875,7899.39013671875,7982.47021484375,1748000000,17.040000915527344,95.19000244140625,0.17901040527881312
2019-10-07,7956.41015625,8013.31005859375,7942.080078125,7956.2900390625,1759580000,17.860000610351562,97.04000091552734,0.18404781988716767
2019-10-08,7898.27001953125,7921.8798828125,7823.72998046875,7823.77978515625,1943700000,20.280000686645508,102.2699966430664,0.19829863451961333
2019-10-09,7895.9599609375,7930.919921875,7873.52001953125,7903.740234375,1563500000,18.639999389648438,101.25,0.1840987594039352
2019-10-10,7904.56005859375,7982.83984375,7899.81005859375,7950.77978515625,1793470000,17.56999969482422,99.66000366210938,0.17629940848079975
2019-10-11,8047.33984375,8115.7998046875,8046.7998046875,8057.0400390625,2184790000,15.579999923706055,97.69999694824219,0.15946776264445287
2019-10-14,8044.35009765625,8069.85009765625,8036.41015625,8048.64990234375,1423700000,14.569999694824219,94.43000030517578,0.15429418243923934
2019-10-15,8074.85009765625,8166.18017578125,8071.81005859375,8148.7099609375,1841660000,13.539999961853027,93.9800033569336,0.14407320151318215
2019-10-16,8119.81005859375,8146.14990234375,8103.3798828125,8124.18017578125,1900010000,13.680000305175781,93.16000366210938,0.1468441366188975
2019-10-17,8176.91015625,8183.64013671875,8131.25,8156.85009765625,1864020000,13.789999961853027,90.2699966430664,0.1527639356892812
2019-10-18,8149.85009765625,8157.35986328125,8045.3701171875,8089.5400390625,2020020000,14.25,91.19999694824219,0.1562500052284778
2019-10-21,8137.419921875,8164.14013671875,8117.259765625,8162.990234375,1756640000,14.0,88.0999984741211,0.15891033192369947
2019-10-22,8188.1201171875,8194.6201171875,8101.97998046875,8104.2998046875,1850870000,14.460000038146973,89.31999969482422,0.1618898352838315
2019-10-23,8090.240234375,8122.8798828125,8078.35009765625,8119.7900390625,1822180000,14.010000228881836,87.58999633789062,0.15994977525557036
2019-10-24,8180.0400390625,8187.83984375,8137.66015625,8185.7998046875,1893620000,13.710000038146973,86.55000305175781,0.1584055407825722
2019-10-25,8150.58984375,8249.9697265625,8150.58984375,8243.1201171875,1911580000,12.649999618530273,83.81999969482422,0.15091863116901677
2019-10-28,8285.76953125,8335.5595703125,8285.26953125,8325.990234375,1959920000,13.109999656677246,86.4800033569336,0.15159573482632321
2019-10-29,8313.349609375,8319.2900390625,8275.1396484375,8276.849609375,1842720000,13.199999809265137,87.75,0.15042734825373374
2019-10-30,8284.2802734375,8315.5,8241.7001953125,8303.98046875,1936060000,12.329999923706055,86.47000122070312,0.14259280385847778
2019-10-31,8314.3798828125,8321.7998046875,8248.8095703125,8292.3603515625,2276140000,13.220000267028809,88.91999816894531,0.1486729705269585
2019-11-01,8335.0498046875,8386.75,8326.5595703125,8386.400390625,2071350000,12.300000190734863,85.69000244140625,0.14354066799269202
2019-11-04,8445.5,8451.3701171875,8421.2998046875,8433.2001953125,2166830000,12.829999923706055,88.75,0.14456337942204006
2019-11-05,8446.6201171875,8457.3896484375,8421.0498046875,8434.6796875,2327420000,13.100000381469727,90.9800033569336,0.14398768848222265
2019-11-06,8426.5703125,8426.5703125,8379.330078125,8410.6298828125,2342570000,12.619999885559082,89.58999633789062,0.1408639401877245
2019-11-07,8455.1103515625,8483.16015625,8415.8701171875,8434.51953125,2403680000,12.729999542236328,90.1500015258789,0.1412090884832874
2019-11-08,8422.669921875,8475.5703125,8405.8896484375,8475.3095703125,1982140000,12.069999694824219,89.05999755859375,0.13552661156186543
2019-11-11,8431.259765625,8467.2900390625,8425.48046875,8464.2802734375,1719300000,12.6899995803833,89.55999755859375,0.14169271914150056
2019-11-12,8471.0703125,8514.83984375,8462.990234375,8486.08984375,2001440000,12.680000305175781,90.3499984741211,0.14034311587517853
2019-11-13,8455.01953125,8496.900390625,8451.33984375,8482.099609375,2180010000,13.0,93.5,0.13903743315508021
2019-11-14,8461.0595703125,8485.3603515625,8441.580078125,8479.01953125,2113840000,13.050000190734863,93.44999694824219,0.13964687658537517
2019-11-15,8524.48046875,8540.830078125,8506.7998046875,8540.830078125,2199480000,12.050000190734863,93.3499984741211,0.12908409627960968
2019-11-18,8529.16015625,8559.7802734375,8503.6201171875,8549.9404296875,2053260000,12.460000038146973,93.98999786376953,0.13256729781190843
2019-11-19,8578.01953125,8589.759765625,8536.73046875,8570.66015625,2094030000,12.859999656677246,95.94999694824219,0.13402814034078864
2019-11-20,8543.5703125,8578.26953125,8468.6298828125,8526.73046875,2608780000,12.779999732971191,95.36000061035156,0.13401845271783577
2019-11-21,8527.8701171875,8530.73046875,8487.2900390625,8506.2099609375,2073720000,13.130000114440918,96.08999633789062,0.1366427371718344
2019-11-22,8530.5400390625,8535.4599609375,8477.490234375,8519.8798828125,1885730000,12.34000015258789,94.4000015258789,0.13072033848648817
2019-11-25,8559.650390625,8633.150390625,8559.650390625,8632.490234375,2262750000,11.869999885559082,90.23999786376953,0.13153812241306323
2019-11-26,8635.400390625,8659.73046875,8625.6201171875,8647.9296875,2439370000,11.539999961853027,89.87999725341797,0.12839341693920872
2019-11-27,8669.58984375,8705.91015625,8662.580078125,8705.1796875,1748520000,11.75,90.19999694824219,0.13026607979534952
2019-11-29,8682.009765625,8697.3203125,8664.0400390625,8665.4697265625,1099090000,12.619999885559082,91.05000305175781,0.13860515609631757
2019-12-02,8672.83984375,8672.83984375,8540.16015625,8567.990234375,2240300000,14.90999984741211,98.91000366210938,0.15074309266377936
2019-12-03,8460.7197265625,8523.98046875,8435.400390625,8520.6396484375,2318760000,15.960000038146973,102.6500015258789,0.1554797837399284
2019-12-04,8557.4501953125,8584.8798828125,8552.3798828125,8566.669921875,2158870000,14.800000190734863,98.72000122070312,0.14991896280113773
2019-12-05,8587.9296875,8588.8896484375,8541.919921875,8570.7001953125,2133380000,14.520000457763672,98.12000274658203,0.1479820633032898
2019-12-06,8634.25,8665.4404296875,8630.580078125,8656.5302734375,2057020000,13.619999885559082,96.5199966430664,0.14111065436446518
2019-12-09,8650.8603515625,8678.849609375,8619.76953125,8621.830078125,2123870000,15.859999656677246,101.88999938964844,0.1556580601794424
2019-12-10,8623.5595703125,8650.759765625,8600.8203125,8616.1796875,2058760000,15.680000305175781,101.02999877929688,0.15520143021509109
2019-12-11,8631.1201171875,8658.48046875,8622.3603515625,8654.0498046875,1982080000,14.989999771118164,104.81999969482422,0.14300705795421156
2019-12-12,8645.3603515625,8745.8203125,8633.599609375,8717.3203125,2396400000,13.9399995803833,101.30000305175781,0.1376110479805302
2019-12-13,8713.91015625,8768.8701171875,8697.580078125,8734.8798828125,2219630000,12.630000114440918,96.61000061035156,0.13073180866006162
2019-12-16,8791.3095703125,8833.4501953125,8789.76953125,8814.23046875,2368050000,12.140000343322754,94.20999908447266,0.12886105998618594
2019-12-17,8829.4697265625,8831.990234375,8804.599609375,8823.3603515625,2382450000,12.289999961853027,98.55999755859375,0.12469561958487918
2019-12-18,8834.650390625,8848.759765625,8820.419921875,8827.740234375,2742330000,12.579999923706055,99.19999694824219,0.12681451926122234
2019-12-19,8838.9697265625,8888.1298828125,8838.9697265625,8887.2197265625,2446890000,12.5,97.25,0.12853470437017994
2019-12-20,8911.83984375,8931.91015625,8901.8701171875,8924.9599609375,3830200000,12.510000228881836,99.29000091552734,0.12599456252926144
2019-12-23,8950.2001953125,8956.6396484375,8934.5498046875,8945.650390625,2028670000,12.609999656677246,99.81999969482422,0.12632738624753861
2019-12-24,8955.009765625,8957.1201171875,8934.3603515625,8952.8798828125,1014530000,12.670000076293945,98.83000183105469,0.12819993768646007
2019-12-26,8970.2099609375,9022.4599609375,8968.4599609375,9022.3896484375,1639960000,12.649999618530273,97.45999908447266,0.12979683703429948
2019-12-27,9049.4697265625,9052.0,8987.3203125,9006.6201171875,1833740000,13.430000305175781,99.62999725341797,0.13479876217416079
2019-12-30,9004.4501953125,9006.3603515625,8909.1904296875,8945.990234375,2051320000,14.819999694824219,100.0199966430664,0.1481703678486533
2019-12-31,8918.740234375,8975.3603515625,8912.76953125,8972.599609375,2186830000,13.779999732971191,94.0999984741211,0.14643995702891427
2020-01-02,9039.4599609375,9093.4296875,9010.8896484375,9092.1904296875,2862700000,12.470000267028809,89.66999816894531,0.13906546806808615
2020-01-03,8976.4296875,9065.759765625,8976.4296875,9020.76953125,2586520000,14.020000457763672,93.79000091552734,0.14948289072297685
2020-01-06,8943.5,9072.41015625,8943.5,9071.4697265625,2810450000,13.850000381469727,92.66000366210938,0.149471183186811
2020-01-07,9076.6396484375,9091.9296875,9042.5498046875,9068.580078125,2381740000,13.789999961853027,91.06999969482422,0.15142198317847094
2020-01-08,9068.0302734375,9168.8896484375,9059.3798828125,9129.240234375,2472620000,13.449999809265137,90.20999908447266,0.1490965518874527
2020-01-09,9202.26953125,9215.9501953125,9158.5,9203.4296875,2540960000,12.539999961853027,87.80999755859375,0.1428083397165038
2020-01-10,9232.9501953125,9235.2001953125,9164.66015625,9178.8603515625,2382900000,12.5600004196167,88.33000183105469,0.1421940468612207
2020-01-13,9213.7197265625,9274.490234375,9193.0595703125,9273.9296875,2536820000,12.319999694824219,88.4800033569336,0.1392404975972323
2020-01-14,9270.6103515625,9298.330078125,9226.490234375,9251.330078125,2553160000,12.390000343322754,86.87000274658203,0.14262691322189752
2020-01-15,9253.759765625,9298.8203125,9231.1396484375,9258.7001953125,2443220000,12.420000076293945,91.1500015258789,0.1362589124342221
2020-01-16,9313.4501953125,9357.919921875,9301.3203125,9357.1298828125,2312110000,12.319999694824219,90.37999725341797,0.1363133444259792
2020-01-17,9392.3701171875,9393.48046875,9346.8095703125,9388.9404296875,2542540000,12.100000381469727,91.75,0.1318801131495338
2020-01-21,9361.0703125,9397.580078125,9350.2001953125,9370.8095703125,2686610000,12.850000381469727,92.9800033569336,0.13820176293327152
2020-01-22,9413.6103515625,9439.2900390625,9375.1298828125,9383.76953125,2454580000,12.90999984741211,91.11000061035156,0.14169684733758334
2020-01-23,9377.7197265625,9409.2001953125,9334.1298828125,9402.48046875,2465850000,12.979999542236328,92.54000091552734,0.14026366343009627
2020-01-24,9446.2099609375,9451.4296875,9273.23046875,9314.91015625,2622970000,14.5600004196167,98.43000030517578,0.14792238519226222
2020-01-27,9092.4599609375,9185.4501953125,9088.0400390625,9139.3095703125,2593910000,18.229999542236328,107.38999938964844,0.16975509494223498
2020-01-28,9201.8203125,9288.8701171875,9182.330078125,9269.6796875,2169020000,16.280000686645508,102.11000061035156,0.1594359082296891
2020-01-29,9318.259765625,9329.1201171875,9249.0400390625,9275.16015625,2234620000,16.389999389648438,99.06999969482422,0.16543857313148566
2020-01-30,9211.150390625,9303.0,9185.1796875,9298.9296875,2345370000,15.489999771118164,96.48999786376953,0.16053477162459773
2020-01-31,9324.330078125,9324.7998046875,9123.2197265625,9150.9404296875,2696090000,18.84000015258789,105.5999984741211,0.178409094931994
2020-02-03,9190.7197265625,9299.849609375,9188.5498046875,9273.400390625,2427320000,17.969999313354492,102.94999694824219,0.1745507512971453
2020-02-04,9398.3896484375,9485.3798828125,9374.0498046875,9467.9697265625,2447340000,16.049999237060547,96.18000030517578,0.1668746016441512
2020-02-05,9574.099609375,9574.9404296875,9454.9296875,9508.6796875,2470240000,15.149999618530273,92.81999969482422,0.16321913023422538
2020-02-06,9540.98046875,9575.66015625,9505.6796875,9572.150390625,2313860000,14.960000038146973,93.61000061035156,0.15981198526445334
2020-02-07,9526.6396484375,9570.08984375,9496.5302734375,9520.509765625,2243720000,15.470000267028809,96.01000213623047,0.16112904825351554
2020-02-10,9493.6298828125,9628.66015625,9493.6298828125,9628.3896484375,2187520000,15.039999961853027,96.80999755859375,0.15535585519202338
2020-02-11,9680.8896484375,9714.740234375,9617.2099609375,9638.9404296875,2450070000,15.180000305175781,96.95999908447266,0.15655941056631809
2020-02-12,9688.599609375,9728.76953125,9666.6904296875,9725.9599609375,2366510000,13.739999771118164,96.6500015258789,0.14216243718774443
2020-02-13,9657.0400390625,9748.3203125,9650.01953125,9711.9697265625,2254870000,14.149999618530273,99.16999816894531,0.14268427830788535
2020-02-14,9728.900390625,9746.3603515625,9693.0498046875,9731.1796875,2226720000,13.680000305175781,98.16999816894531,0.13935011266510602
2020-02-18,9679.0400390625,9747.6796875,9675.7998046875,9732.740234375,2279420000,14.829999923706055,101.0199966430664,0.1468026174669639
2020-02-19,9782.8095703125,9838.3701171875,9777.099609375,9817.1796875,2470860000,14.380000114440918,95.91999816894531,0.1499166012192078
2020-02-20,9799.2001953125,9820.8603515625,9636.9404296875,9750.9697265625,2745730000,15.5600004196167,99.4800033569336,0.1564133483569308
2020-02-21,9708.009765625,9715.9501953125,9542.330078125,9576.58984375,2750160000,17.079999923706055,104.86000061035156,0.16288384345116963
2020-02-24,9188.4404296875,9322.8798828125,9166.009765625,9221.2802734375,3188590000,25.030000686645508,112.72000122070312,0.22205465237387065
2020-02-25,9301.2001953125,9315.259765625,8940.490234375,8965.6103515625,3595520000,27.850000381469727,121.01000213623047,0.23014626799292834
2020-02-26,9011.5498046875,9148.3203125,8927.7998046875,8980.7802734375,3587950000,27.559999465942383,113.44000244140625,0.24294780388582596
2020-02-27,8744.0302734375,8904.1103515625,8562.0498046875,8566.48046875,4559900000,39.15999984741211,118.0,0.3318644054865433
2020-02-28,8269.740234375,8591.8203125,8264.16015625,8567.3701171875,5320020000,40.11000061035156,125.7300033569336,0.31901693740104103
2020-03-02,8667.1396484375,8952.8095703125,8543.349609375,8952.169921875,4249020000,33.41999816894531,114.69000244140625,0.2913941708739538
2020-03-03,8965.099609375,9070.3203125,8602.8896484375,8684.08984375,4336700000,36.81999969482422,116.72000122070312,0.3154557857243519
2020-03-04,8834.099609375,9019.9599609375,8757.66015625,9018.08984375,3634760000,31.989999771118164,113.97000122070312,0.28068789531000765
2020-03-05,8790.08984375,8921.080078125,8677.3896484375,8738.58984375,3763860000,39.619998931884766,119.66000366210938,0.3311047778651417
2020-03-06,8469.01953125,8612.3603515625,8375.1298828125,8575.6201171875,4292730000,41.939998626708984,127.16000366210938,0.3298206780345202
2020-03-09,7957.93017578125,8243.3095703125,7943.16015625,7950.68017578125,4554110000,54.459999084472656,137.19000244140625,0.39696769527890696
2020-03-10,8219.759765625,8347.400390625,7930.43017578125,8344.25,4447260000,47.29999923706055,138.82000732421875,0.3407289781118497
2020-03-11,8136.25,8181.35986328125,7850.9501953125,7952.0498046875,4302610000,53.900001525878906,146.92999267578125,0.3668413816967633
2020-03-12,7398.580078125,7712.330078125,7194.669921875,7201.7998046875,5099350000,75.47000122070312,155.0500030517578,0.48674620919233524
2020-03-13,7610.39013671875,7875.93017578125,7219.08984375,7874.8798828125,4701070000,57.83000183105469,171.27999877929688,0.33763429614202434
2020-03-16,7392.72998046875,7422.2001953125,6882.85986328125,6904.58984375,4618120000,82.69000244140625,207.58999633789062,0.3983332718346079
2020-03-17,7072.0,7406.22998046875,6828.91015625,7334.77978515625,4920210000,75.91000366210938,194.42999267578125,0.3904233221295849
2020-03-18,6902.31982421875,7182.830078125,6686.35986328125,6989.83984375,4935000000,76.44999694824219,181.3300018310547,0.42160699374762434
2020-03-19,6996.4501953125,7341.3798828125,6858.3798828125,7150.580078125,4778490000,72.0,181.75999450683594,0.39612677253515266
2020-03-20,7248.06982421875,7354.43994140625,6854.669921875,6879.52001953125,5260300000,66.04000091552734,187.17999267578125,0.35281549043501004
2020-03-23,6847.27978515625,6984.93994140625,6631.419921875,6860.669921875,4348410000,61.59000015258789,167.92999267578125,0.3667599764117084
2020-03-24,7196.14990234375,7418.3701171875,7169.85986328125,7417.85986328125,4441080000,61.66999816894531,171.91000366210938,0.3587342031017476
2020-03-25,7421.35986328125,7671.2099609375,7276.39990234375,7384.2998046875,4683630000,63.95000076293945,171.88999938964844,0.3720402640643133
2020-03-26,7462.2099609375,7809.830078125,7462.2099609375,7797.5400390625,4014670000,61.0,169.5800018310547,0.35971222633180355
2020-03-27,7554.25,7716.240234375,7491.14013671875,7502.3798828125,3989120000,65.54000091552734,168.7100067138672,0.38847725865297034
2020-03-30,7583.4599609375,7784.35009765625,7539.97021484375,7774.14990234375,3870770000,57.08000183105469,157.66000366210938,0.36204490996579114
2020-03-31,7740.06005859375,7880.31005859375,7642.85986328125,7700.10009765625,4078960000,53.540000915527344,152.9199981689453,0.3501177187850643
2020-04-01,7459.5,7566.3701171875,7301.97998046875,7360.580078125,3700040000,57.060001373291016,156.99000549316406,0.36346263696242515
2020-04-02,7317.4501953125,7501.7001953125,7307.9501953125,7487.31005859375,3622170000,50.90999984741211,147.3300018310547,0.3455507989865587
2020-04-03,7477.27001953125,7518.72021484375,7288.10986328125,7373.080078125,3294260000,46.79999923706055,143.52000427246094,0.3260869414985147
2020-04-06,7660.169921875,7938.330078125,7617.7900390625,7913.240234375,3849130000,45.2400016784668,143.3000030517578,0.3157013308794333
2020-04-07,8129.990234375,8146.43017578125,7881.22021484375,7887.259765625,4085960000,46.70000076293945,134.4499969482422,0.3473410325246572
2020-04-08,7975.72021484375,8114.43017578125,7901.93994140625,8090.89990234375,3487440000,43.349998474121094,141.3699951171875,0.30664214452427807
2020-04-09,8169.009765625,8227.91015625,8072.31982421875,8153.580078125,4145460000,41.66999816894531,137.75,0.30250452391248867
2020-04-13,8127.68994140625,8200.4404296875,8035.9501953125,8192.419921875,3184660000,41.16999816894531,138.67999267578125,0.2968704956972149
2020-04-14,8353.2099609375,8531.1103515625,8338.080078125,8515.740234375,3767410000,37.7599983215332,131.77999877929688,0.28653815959410556
2020-04-15,8355.9599609375,8464.66015625,8308.7900390625,8393.1796875,3347920000,40.84000015258789,135.92999267578125,0.3004487777027916
2020-04-16,8479.1103515625,8560.16015625,8393.26953125,8532.3603515625,4057800000,40.11000061035156,129.5500030517578,0.3096101865341278
2020-04-17,8667.48046875,8670.2998046875,8531.6904296875,8650.1396484375,4348310000,38.150001525878906,127.1500015258789,0.3000393320334661
2020-04-20,8553.3798828125,8684.91015625,8553.3798828125,8560.73046875,3827370000,43.83000183105469,132.0399932861328,0.3319448959382659
2020-04-21,8460.6904296875,8480.2900390625,8215.6904296875,8263.23046875,3788180000,45.40999984741211,132.22000122070312,0.34344274261208957
2020-04-22,8434.5498046875,8537.3095703125,8404.5400390625,8495.3798828125,3041520000,41.97999954223633,124.0999984741211,0.338275584676905
2020-04-23,8528.83984375,8635.23046875,8475.2001953125,8494.75,3759890000,41.380001068115234,121.86000061035156,0.3395700054230933
2020-04-24,8530.080078125,8642.9296875,8464.419921875,8634.51953125,3696020000,35.93000030517578,119.87999725341797,0.2997163924622242
2020-04-27,8717.98046875,8754.5703125,8697.3701171875,8730.16015625,3694980000,33.290000915527344,120.55999755859375,0.27612808219698215
2020-04-28,8825.6904296875,8830.5703125,8600.7001953125,8607.73046875,3730350000,33.56999969482422,117.79000091552734,0.2849987217412352
2020-04-29,8802.7001953125,8957.26953125,8765.009765625,8914.7099609375,4407140000,31.229999542236328,115.9800033569336,0.2692705521496203
2020-04-30,8911.01953125,8926.1103515625,8825.830078125,8889.5498046875,4335660000,34.150001525878906,118.52999877929688,0.28811272992136183
2020-05-01,8681.2900390625,8754.4599609375,8566.83984375,8604.9501953125,3741300000,37.189998626708984,122.1500015258789,0.30446171233841407
2020-05-04,8555.3203125,8715.8203125,8537.830078125,8710.7099609375,3443140000,35.970001220703125,121.25,0.2966598038820876
2020-05-05,8809.66015625,8909.9599609375,8781.3095703125,8809.1201171875,3933550000,33.61000061035156,118.87000274658203,0.2827458554199283
2020-05-06,8874.7001953125,8933.25,8819.3701171875,8854.3896484375,3656750000,34.119998931884766,119.16000366210938,0.2863376794501919
2020-05-07,8973.7802734375,9015.990234375,8932.8603515625,8979.66015625,3787220000,31.440000534057617,115.83000183105469,0.2714322717521392
2020-05-08,9056.8896484375,9125.98046875,9018.2099609375,9121.3203125,3813630000,27.979999542236328,115.6500015258789,0.24193687136247263
2020-05-11,9054.91015625,9241.919921875,9053.169921875,9192.33984375,3925450000,27.56999969482422,118.70999908447266,0.2322466507240534
2020-05-12,9225.150390625,9250.9599609375,9000.0703125,9002.5498046875,4336510000,33.040000915527344,130.75,0.2526959917057541
2020-05-13,9006.0498046875,9074.16015625,8752.6796875,8863.169921875,4273210000,35.279998779296875,142.75,0.24714535046792907
2020-05-14,8788.0400390625,8945.7099609375,8705.25,8943.7197265625,3965970000,32.61000061035156,137.0500030517578,0.23794235595920554
2020-05-15,8839.990234375,9018.400390625,8821.3798828125,9014.5595703125,4240690000,31.889999389648438,133.02000427246094,0.23973837291667122
2020-05-18,9177.150390625,9267.2197265625,9154.349609375,9234.830078125,4341820000,29.299999237060547,125.9000015258789,0.23272437555163886
2020-05-19,9227.4599609375,9317.25,9183.25,9185.099609375,4193550000,30.530000686645508,125.5999984741211,0.24307325682759445
2020-05-20,9305.6201171875,9392.8203125,9304.2001953125,9375.7802734375,4315500000,27.989999771118164,120.04000091552734,0.23317227222294712
2020-05-21,9375.1904296875,9405.25,9254.849609375,9284.8798828125,3745270000,29.530000686645508,122.08000183105469,0.24189056556135857
2020-05-22,9278.5498046875,9328.2802734375,9239.41015625,9324.58984375,3668070000,28.15999984741211,118.37999725341797,0.23787802416593695
2020-05-26,9501.2099609375,9501.2099609375,9333.16015625,9340.2197265625,4448950000,28.010000228881836,113.58999633789062,0.24658861811705543
2020-05-27,9346.1201171875,9414.6201171875,9144.2802734375,9412.3603515625,4489110000,27.6200008392334,109.81999969482422,0.2515024669093595
2020-05-28,9392.990234375,9523.6396484375,9345.2802734375,9368.990234375,4113660000,28.59000015258789,108.98999786376953,0.26231765036204097
2020-05-29,9382.349609375,9505.5498046875,9324.73046875,9489.8701171875,4742290000,27.510000228881836,105.5999984741211,0.2605113695680932
2020-06-01,9471.419921875,9571.2802734375,9462.3203125,9552.0498046875,3847770000,28.229999542236328,106.47000122070312,0.2651451039595461
2020-06-02,9566.5302734375,9611.2197265625,9472.080078125,9608.3798828125,3990080000,26.84000015258789,104.83000183105469,0.25603357515764963
2020-06-03,9651.8603515625,9707.7802734375,9627.169921875,9682.91015625,4679030000,25.65999984741211,106.8499984741211,0.24014974463127317
2020-06-04,9649.650390625,9716.1396484375,9560.41015625,9615.8095703125,6141320000,25.809999465942383,109.87999725341797,0.23489261113118137
2020-06-05,9703.5400390625,9845.6904296875,9685.349609375,9814.080078125,6607730000,24.520000457763672,107.58999633789062,0.22790223340799867
2020-06-08,9823.4404296875,9927.1298828125,9780.6103515625,9924.75,6197330000,25.809999465942383,110.05000305175781,0.23452974784383818
2020-06-09,9867.1904296875,10002.5,9863.26953125,9953.75,5319450000,27.56999969482422,111.0,0.24837837562904702
2020-06-10,10012.3203125,10086.8896484375,9962.580078125,10020.349609375,5170860000,27.56999969482422,116.52999877929688,0.23659143554133805
2020-06-11,9791.240234375,9868.080078125,9491.3095703125,9492.73046875,5300850000,40.790000915527344,,
2020-06-12,9715.8701171875,9768.6396484375,9413.6201171875,9588.8095703125,4388990000,36.09000015258789,151.60000610351562,0.23806067743786824
2020-06-15,9426.900390625,9756.0703125,9403.0,9726.01953125,4476010000,34.400001525878906,141.8300018310547,0.24254389820043548
2020-06-16,9949.7802734375,9963.6298828125,9748.3798828125,9895.8701171875,4669320000,33.66999816894531,143.24000549316406,0.23506001729769668
2020-06-17,9943.3095703125,9991.2099609375,9891.8095703125,9910.5302734375,4279700000,33.470001220703125,139.94000244140625,0.23917393623540362
2020-06-18,9892.48046875,9959.2001953125,9885.66015625,9943.0498046875,4335320000,32.939998626708984,135.8300018310547,0.2425090052467182
2020-06-19,10042.1298828125,10053.91015625,9872.9404296875,9946.1201171875,6093830000,35.119998931884766,138.35000610351562,0.25384891494408346
2020-06-22,9945.490234375,10059.6103515625,9916.599609375,10056.48046875,4506960000,31.770000457763672,133.97999572753906,0.2371249549997819
2020-06-23,10130.830078125,10221.849609375,10112.4404296875,10131.3701171875,5755170000,31.3700008392334,130.72999572753906,0.23996023762299504
2020-06-24,10092.919921875,10137.5,9842.2197265625,9909.169921875,5589130000,33.84000015258789,136.88999938964844,0.24720578788421602
2020-06-25,9899.3603515625,10023.2802734375,9810.4697265625,10017.0,4779640000,32.220001220703125,127.19999694824219,0.2533019024663458
2020-06-26,9995.1201171875,10000.669921875,9749.0703125,9757.2197265625,7309380000,34.72999954223633,128.6300048828125,0.2699992087684118
2020-06-29,9771.7197265625,9877.33984375,9663.6103515625,9874.150390625,4336290000,31.780000686645508,121.31999969482422,0.2619518691607886
2020-06-30,9875.2900390625,10085.58984375,9863.669921875,10058.76953125,4510190000,30.43000030517578,120.76000213623047,0.2519874111201772
2020-07-01,10063.669921875,10197.1904296875,10048.0400390625,10154.6298828125,4624430000,28.6200008392334,120.83000183105469,0.23686170988601055
2020-07-02,10268.669921875,10310.3603515625,10194.0595703125,10207.6298828125,4038920000,27.68000030517578,115.47000122070312,0.23971594364383633
2020-07-06,10360.3798828125,10462.0498046875,10354.98046875,10433.650390625,4570260000,27.940000534057617,116.56999969482422,0.23968431506565552
2020-07-07,10412.4599609375,10518.98046875,10337.98046875,10343.8896484375,4337130000,29.43000030517578,118.12000274658203,0.2491534001088345
2020-07-08,10409.349609375,10494.6298828125,10350.9599609375,10492.5,4030210000,28.079999923706055,113.33999633789062,0.24775013967702633
2020-07-09,10563.7197265625,10578.099609375,10379.91015625,10547.75,4013180000,29.260000228881836,115.11000061035156,0.2541916434170408
2020-07-10,10545.91015625,10622.349609375,10447.009765625,10617.4404296875,3537510000,27.290000915527344,109.70999908447266,0.2487467062552343
2020-07-13,10729.919921875,10824.7802734375,10368.0400390625,10390.83984375,4851880000,32.189998626708984,123.30000305175781,0.2610705420112321
2020-07-14,10310.25,10497.830078125,10182.4599609375,10488.580078125,4461770000,29.520000457763672,112.75,0.26181818587817
2020-07-15,10576.7197265625,10604.669921875,10420.5400390625,10550.490234375,4647070000,27.760000228881836,113.70999908447266,0.24412980786552943
2020-07-16,10443.8701171875,10499.7900390625,10364.3896484375,10473.830078125,4277760000,28.0,115.62000274658203,0.242172628739431
2020-07-17,10500.51953125,10532.6201171875,10421.2099609375,10503.1904296875,4361480000,25.68000030517578,117.97000122070312,0.2176824619771986
2020-07-20,10526.01953125,10783.7998046875,10488.0400390625,10767.08984375,4314630000,24.459999084472656,112.51000213623047,0.21740288525508833
2020-07-21,10837.8798828125,10839.9296875,10650.4599609375,10680.3603515625,5350750000,24.84000015258789,115.45999908447266,0.21513944525856518
2020-07-22,10687.580078125,10745.3203125,10627.4501953125,10706.1298828125,4128960000,24.31999969482422,112.83999633789062,0.2155264133649904
2020-07-23,10689.5,10728.1201171875,10407.8701171875,10461.419921875,4501540000,26.079999923706055,116.69999694824219,0.22347901118860217
2020-07-24,10294.41015625,10418.75,10217.3095703125,10363.1796875,4233390000,25.84000015258789,117.22000122070312,0.22044019692455089
2020-07-27,10421.7001953125,10546.4404296875,10399.8603515625,10536.26953125,4244570000,24.739999771118164,112.70999908447266,0.21950137496298178
2020-07-28,10509.2001953125,10523.6396484375,10397.8701171875,10402.08984375,3894660000,25.440000534057617,113.87999725341797,0.2233930553883471
2020-07-29,10474.7001953125,10567.91015625,10464.0,10542.9404296875,4009640000,24.100000381469727,110.94999694824219,0.21721497110732052
2020-07-30,10450.1201171875,10609.58984375,10412.08984375,10587.8095703125,4185810000,24.760000228881836,112.16000366210938,0.2207560576002943
2020-07-31,10741.4697265625,10747.7998046875,10557.7001953125,10745.26953125,4438730000,24.459999084472656,112.04000091552734,0.21831487758478593
2020-08-03,10848.6396484375,10927.5595703125,10831.150390625,10902.7998046875,4203890000,24.280000686645508,111.0199966430664,0.21869934625116816
2020-08-04,10897.8896484375,10941.91015625,10852.900390625,10941.169921875,4016520000,23.760000228881836,109.0,0.21798165347598014
2020-08-05,10967.8701171875,11002.1103515625,10943.7197265625,10998.400390625,4160740000,22.989999771118164,105.66999816894531,0.2175641163006526
2020-08-06,10989.98046875,11121.1904296875,10963.41015625,11108.0703125,4120000000,22.649999618530273,105.83999633789062,0.21400227137405517
2020-08-07,11072.5302734375,11126.0400390625,10920.3701171875,11010.98046875,4263930000,22.209999084472656,108.18000030517578,0.2053059624867651
2020-08-10,11033.73046875,11040.240234375,10849.4599609375,10968.3603515625,4048420000,22.1299991607666,111.12999725341797,0.199136144224875
2020-08-11,10942.66015625,10989.419921875,10762.7099609375,10782.8203125,4331770000,24.030000686645508,118.33999633789062,0.20305899467863575
2020-08-12,10878.1201171875,11036.7197265625,10877.16015625,11012.240234375,3745230000,22.280000686645508,115.7300033569336,0.1925170659325888
2020-08-13,11026.8603515625,11124.849609375,11007.5,11042.5,3480470000,22.1299991607666,115.18000030517578,0.1921340432551827
2020-08-14,11042.240234375,11058.4404296875,10972.0595703125,11019.2998046875,3514260000,22.049999237060547,114.3499984741211,0.19282902956969214
2020-08-17,11083.25,11144.5302734375,11080.2998046875,11129.73046875,3214870000,21.350000381469727,110.3499984741211,0.1934753119772508
2020-08-18,11170.75,11230.6201171875,11103.830078125,11210.83984375,3228590000,21.510000228881836,112.58999633789062,0.19104717051707495
2020-08-19,11214.7998046875,11257.419921875,11132.099609375,11146.4599609375,3496480000,22.540000915527344,114.72000122070312,0.19647838803770537
2020-08-20,11096.400390625,11283.6201171875,11090.0302734375,11264.9501953125,4215130000,22.719999313354492,112.98999786376953,0.2010797392946912
2020-08-21,11258.4404296875,11326.2099609375,11245.4404296875,11311.7998046875,3929290000,22.540000915527344,111.25,0.202606749802493
2020-08-24,11449.25,11462.0498046875,11297.5302734375,11379.7197265625,3907310000,22.3700008392334,108.25,0.20665127796058566
2020-08-25,11370.23046875,11468.259765625,11343.0400390625,11466.4697265625,3475280000,22.030000686645508,103.87999725341797,0.2120716333184217
2020-08-26,11516.6201171875,11672.0498046875,11507.4599609375,11665.0595703125,3471520000,23.270000457763672,105.80000305175781,0.21994328720746717
2020-08-27,11688.1904296875,11730.009765625,11551.009765625,11625.33984375,3547400000,24.469999313354492,114.73999786376953,0.2132647705154017
2020-08-28,11689.2802734375,11708.76953125,11634.76953125,11695.6298828125,3012980000,22.959999084472656,111.55999755859375,0.20580852982193337
2020-08-31,11718.8095703125,11829.83984375,11697.419921875,11775.4599609375,3612050000,26.40999984741211,119.01000213623047,0.22191411959795315
2020-09-01,11850.9599609375,11945.7197265625,11794.7802734375,11939.669921875,3511060000,26.1200008392334,120.0999984741211,0.21748543856028177
2020-09-02,12047.259765625,12074.0595703125,11836.1796875,12056.4404296875,3982360000,26.56999969482422,122.01000213623047,0.2177690290108957
2020-09-03,11861.900390625,11894.400390625,11361.3603515625,11458.099609375,4465010000,33.599998474121094,132.91000366210938,0.2528026299626079
2020-09-04,11396.240234375,11531.1796875,10875.8701171875,11313.1298828125,4284440000,30.75,122.13999938964844,0.2517602763522374
2020-09-08,10900.7001953125,11131.5,10837.2001953125,10847.6904296875,3905420000,31.459999084472656,123.55999755859375,0.25461314103339894
2020-09-09,11064.759765625,11217.6904296875,10970.4501953125,11141.5595703125,3550660000,28.809999465942383,121.54000091552734,0.23704129709498595
2020-09-10,11235.5302734375,11299.5302734375,10875.01953125,10919.58984375,3840010000,29.709999084472656,120.58000183105469,0.24639242522238058
2020-09-11,11010.0703125,11033.0400390625,10728.0302734375,10853.5498046875,3630250000,26.8700008392334,113.94999694824219,0.23580519138967734
2020-09-14,11010.1396484375,11118.2900390625,10982.259765625,11056.650390625,3737610000,25.850000381469727,111.2699966430664,0.2323177960038208
2020-09-15,11193.9599609375,11244.4599609375,11127.98046875,11190.3203125,3786110000,25.59000015258789,108.97000122070312,0.23483527453357564
2020-09-16,11222.080078125,11245.419921875,11046.4296875,11050.4697265625,3678020000,26.040000915527344,103.4800033569336,0.2516428302162647
2020-09-17,10796.0498046875,10974.4501953125,10783.8095703125,10910.2802734375,3740110000,26.459999084472656,100.37000274658203,0.26362457268512646
2020-09-18,10973.4501953125,10977.6796875,10639.9501953125,10793.2802734375,5759090000,25.829999923706055,101.19000244140625,0.2552623707926367
2020-09-21,10610.1396484375,10782.740234375,10519.490234375,10778.7998046875,3900970000,27.780000686645508,108.73999786376953,0.25547177885223565
2020-09-22,10873.2998046875,10979.650390625,10737.51953125,10963.6396484375,3515440000,26.860000610351562,104.69000244140625,0.2565670072019034
2020-09-23,10950.8203125,10962.0302734375,10612.91015625,10632.990234375,4097320000,28.579999923706055,107.3499984741211,0.2662319546338498
2020-09-24,10551.01953125,10799.5498046875,10520.2197265625,10672.26953125,4086360000,28.510000228881836,102.26000213623047,0.278799135862533
2020-09-25,10680.4599609375,10939.5498046875,10639.98046875,10913.5595703125,3785270000,26.3799991607666,99.63999938964844,0.2647531043994287
2020-09-28,11084.3798828125,11120.7900390625,11019.1396484375,11117.5302734375,3591740000,26.190000534057617,101.8499984741211,0.25714286623884625
2020-09-29,11109.0,11153.23046875,11065.6298828125,11085.25,3389040000,26.270000457763672,96.93000030517578,0.271020327814452
2020-09-30,11092.900390625,11277.9599609375,11092.900390625,11167.509765625,4260630000,26.3700008392334,101.58000183105469,0.25959834971347334
2020-10-01,11291.990234375,11344.1298828125,11240.5302734375,11326.509765625,4005900000,26.700000762939453,101.0,0.26435644319742035
2020-10-02,11082.5302734375,11244.8701171875,11033.6904296875,11075.01953125,3731510000,27.6299991607666,102.72000122070312,0.26898363349316046
2020-10-05,11169.1103515625,11335.2099609375,11162.51953125,11332.490234375,3623920000,27.959999084472656,103.22000122070312,0.2708777247995676
2020-10-06,11314.5302734375,11392.41015625,11124.4501953125,11154.599609375,4390960000,29.479999542236328,106.13999938964844,0.27774636999961616
2020-10-07,11271.6796875,11380.5595703125,11258.349609375,11364.599609375,3910770000,28.059999465942383,104.19000244140625,0.26931566185270606
2020-10-08,11443.349609375,11448.23046875,11384.330078125,11420.98046875,3507570000,26.360000610351562,104.80000305175781,0.2515267160568029
2020-10-09,11487.599609375,11581.23046875,11476.66015625,11579.9404296875,3504230000,25.0,109.22000122070312,0.22889580407055646
2020-10-12,11732.330078125,11965.5400390625,11704.1298828125,11876.259765625,3885030000,25.06999969482422,109.68000030517578,0.22857403013374325
2020-10-13,11901.759765625,11946.98046875,11821.830078125,11863.900390625,3634130000,26.06999969482422,110.97000122070312,0.23492835368159362
2020-10-14,11889.0703125,11939.919921875,11714.349609375,11768.73046875,3410410000,26.399999618530273,116.93000030517578,0.22577610151055225
2020-10-15,11559.8798828125,11740.6796875,11559.099609375,11713.8701171875,3325270000,26.969999313354492,117.58999633789062,0.2293562390788513
2020-10-16,11761.830078125,11827.419921875,11648.5302734375,11671.5595703125,3166980000,27.40999984741211,115.91999816894531,0.23645617909227315
2020-10-19,11732.33984375,11778.1103515625,11454.5703125,11478.8798828125,3477410000,29.18000030517578,119.76000213623047,0.24365397281792536
2020-10-20,11531.830078125,11632.8896484375,11471.23046875,11516.490234375,3510040000,29.350000381469727,119.58999633789062,0.24542186872005564
2020-10-21,11530.3896484375,11613.7900390625,11476.080078125,11484.6904296875,3467310000,28.649999618530273,117.47000122070312,0.24389205176479511
2020-10-22,11526.9697265625,11548.76953125,11369.2900390625,11506.009765625,3434040000,28.110000610351562,118.5999984741211,0.23701518526145054
2020-10-23,11536.009765625,11548.849609375,11434.8603515625,11548.2802734375,3145570000,27.549999237060547,118.94000244140625,0.2316293818022459
2020-10-26,11440.6396484375,11545.6298828125,11221.0595703125,11358.9404296875,3205100000,32.459999084472656,133.0800018310547,0.24391342529195847
2020-10-27,11409.33984375,11465.0595703125,11361.8603515625,11431.349609375,3104770000,33.349998474121094,135.32000732421875,0.24645282788240225
2020-10-28,11230.900390625,11249.9501953125,10999.0703125,11004.8701171875,3930690000,40.279998779296875,152.00999450683594,0.2649825684816104
2020-10-29,11064.4697265625,11287.6298828125,11030.1904296875,11185.58984375,3244190000,37.59000015258789,147.83999633789062,0.25426137096672646
2020-10-30,11103.4697265625,11129.8095703125,10822.5703125,10911.58984375,3671600000,38.02000045776367,145.24000549316406,0.2617736093348822
2020-11-02,11010.4501953125,11071.080078125,10830.9501953125,10957.6103515625,3209000000,37.130001068115234,142.64999389648438,0.2602874353787849
2020-11-03,11038.66015625,11213.919921875,11004.83984375,11160.5703125,3216580000,35.54999923706055,136.27999877929688,0.2608599908680155
2020-11-04,11443.76953125,11663.3095703125,11394.2099609375,11590.7802734375,3620760000,29.56999969482422,122.12000274658203,0.2421388718454794
2020-11-05,11816.330078125,11924.2802734375,11784.150390625,11890.9296875,3848160000,27.579999923706055,117.68000030517578,0.23436437671808058
2020-11-06,11869.900390625,11920.5400390625,11737.1298828125,11895.23046875,4183220000,24.860000610351562,113.12999725341797,0.2197472042243904
2020-11-09,12046.66015625,12108.0703125,11703.490234375,11713.7802734375,5863900000,25.75,116.77999877929688,0.22050008793599202
2020-11-10,11622.4404296875,11665.8701171875,11424.6103515625,11553.8603515625,4736560000,24.799999237060547,116.05000305175781,0.21370097875826727
2020-11-11,11656.650390625,11793.5703125,11638.900390625,11786.4296875,3854680000,23.450000762939453,118.31999969482422,0.19819135246300418
2020-11-12,11802.5,11847.83984375,11666.3701171875,11709.58984375,3886670000,25.350000381469727,121.56999969482422,0.20852184293086734
2020-11-13,11794.9404296875,11849.7900390625,11715.51953125,11829.2900390625,3654230000,23.100000381469727,114.38999938964844,0.20194073349702393
2020-11-16,11847.1103515625,11937.7197265625,11814.8896484375,11924.1298828125,4172570000,22.450000762939453,115.0,0.19521739793860393
2020-11-17,11913.349609375,11950.1796875,11852.41015625,11899.33984375,4145030000,22.709999084472656,116.25,0.19535483083417338
2020-11-18,11896.0595703125,11942.490234375,11799.9599609375,11801.599609375,4731420000,23.84000015258789,117.9000015258789,0.20220525737105305
2020-11-19,11779.0400390625,11912.6298828125,11760.98046875,11904.7099609375,5385190000,23.110000610351562,114.1500015258789,0.2024529154746643
2020-11-20,11892.7001953125,11935.4697265625,11852.509765625,11854.9697265625,5350970000,23.700000762939453,113.98999786376953,0.20791298541178618
2020-11-23,11916.759765625,11949.330078125,11796.5302734375,11880.6298828125,5473250000,22.65999984741211,109.8499984741211,0.20628129414813276
2020-11-24,11939.330078125,12049.8798828125,11863.4501953125,12036.7900390625,6339580000,21.639999389648438,104.55999755859375,0.20696250855899004
2020-11-25,12053.8896484375,12114.76953125,12020.9501953125,12094.400390625,4448640000,21.25,103.45999908447266,0.20539339056682065
2020-11-27,12159.1796875,12236.23046875,12154.5703125,12205.849609375,3401830000,20.84000015258789,106.12000274658203,0.196381451311818
2020-11-30,12224.25,12244.650390625,12027.16015625,12198.740234375,7760390000,20.56999969482422,106.12000274658203,0.19383715758042372
2020-12-01,12313.3603515625,12405.7900390625,12263.9296875,12355.1103515625,6512420000,20.770000457763672,108.43000030517578,0.19155215714568471
2020-12-02,12285.75,12360.0595703125,12217.349609375,12349.3701171875,5194960000,21.170000076293945,107.5199966430664,0.19689360804736525
2020-12-03,12369.259765625,12439.01953125,12356.990234375,12377.1796875,5209980000,21.280000686645508,107.88999938964844,0.19723793499888767
2020-12-04,12399.3203125,12464.23046875,12376.4404296875,12464.23046875,5086900000,20.790000915527344,103.72000122070312,0.20044350820329085
2020-12-07,12461.0,12536.23046875,12460.5498046875,12519.9501953125,4771820000,21.299999237060547,104.41999816894531,0.20398390739864236
2020-12-08,12503.169921875,12594.5400390625,12453.2099609375,12582.76953125,4809480000,20.68000030517578,102.81999969482422,0.20112818874299973
2020-12-09,12591.6904296875,12607.1396484375,12290.7802734375,12338.9501953125,5168450000,22.270000457763672,113.93000030517578,0.1954709066805116
2020-12-10,12247.5498046875,12431.5595703125,12214.740234375,12405.8095703125,4518580000,22.520000457763672,114.66000366210938,0.19640676555468878
2020-12-11,12336.7900390625,12383.5,12246.76953125,12377.8701171875,4292680000,23.309999465942383,120.7699966430664,0.19301151042369136
2020-12-14,12447.4404296875,12543.0,12432.7099609375,12440.0400390625,4491930000,24.719999313354492,127.68000030517578,0.19360901671577152
2020-12-15,12543.259765625,12596.1298828125,12465.419921875,12595.0595703125,4423650000,22.889999389648438,119.11000061035156,0.19217529403369948
2020-12-16,12611.0400390625,12687.3203125,12566.3798828125,12658.1904296875,4592700000,22.5,111.8499984741211,0.2011622736428187
2020-12-17,12730.7802734375,12765.25,12696.349609375,12764.75,5029830000,21.93000030517578,110.20999908447266,0.19898376270166823
2020-12-18,12804.9296875,12809.599609375,12654.599609375,12755.6396484375,7125800000,21.56999969482422,110.30000305175781,0.19555756208549321
2020-12-21,12596.1396484375,12751.26953125,12525.2197265625,12742.51953125,5192860000,25.15999984741211,121.61000061035156,0.20689087839105286
2020-12-22,12785.2197265625,12840.5703125,12695.3095703125,12807.919921875,5811850000,24.229999542236328,120.56999969482422,0.20096209341930074
2020-12-23,12834.9404296875,12841.919921875,12758.669921875,12771.1103515625,7100250000,23.309999465942383,118.30999755859375,0.197024764998393
2020-12-24,12791.5400390625,12833.5498046875,12767.6396484375,12804.73046875,3305960000,21.530000686645508,115.26000213623047,0.18679507450640445
2020-12-28,12914.6396484375,12930.8896484375,12827.4501953125,12899.419921875,5109140000,21.700000762939453,114.4000015258789,0.18968531882432366
2020-12-29,12965.3896484375,12973.330078125,12821.9599609375,12850.2197265625,4726920000,23.079999923706055,116.2699966430664,0.19850348834668516
2020-12-30,12906.509765625,12924.9296875,12857.759765625,12870.0,5343010000,22.770000457763672,112.04000091552734,0.20323099135755215
2020-12-31,12877.08984375,12902.0703125,12821.23046875,12888.2802734375,4815840000,22.75,111.86000061035156,0.2033792229203216
2021-01-04,12958.51953125,12958.7197265625,12543.240234375,12698.4501953125,6636170000,26.969999313354492,124.6500015258789,0.2163658161508741
2021-01-05,12665.650390625,12828.26953125,12665.650390625,12818.9599609375,6971860000,25.34000015258789,120.06999969482422,0.21104355973176708
2021-01-06,12666.150390625,12909.6298828125,12649.990234375,12740.7900390625,7689880000,25.06999969482422,119.9000015258789,0.20909090388471074
2021-01-07,12867.33984375,13090.91015625,12867.33984375,13067.48046875,6841480000,22.3700008392334,109.37999725341797,0.20451637777431347
2021-01-08,13160.2197265625,13208.08984375,13036.5498046875,13201.98046875,7289390000,21.559999465942383,111.0,0.19423422942290436
2021-01-11,13048.7802734375,13138.26953125,12999.509765625,13036.4296875,6960470000,24.079999923706055,118.80000305175781,0.2026935968445647
2021-01-12,13062.0595703125,13105.0400390625,12963.919921875,13072.4296875,7264070000,23.329999923706055,115.79000091552734,0.20148544554141654
2021-01-13,13088.009765625,13171.150390625,13051.0595703125,13128.9501953125,7104810000,22.209999084472656,117.76000213623047,0.18860392902149453
2021-01-14,13174.75,13220.16015625,13098.41015625,13112.6396484375,6734100000,23.25,122.77999877929688,0.18936309033357318
2021-01-15,13099.900390625,13139.830078125,12949.759765625,12998.5,6458360000,24.34000015258789,124.25,0.19589537346147196
2021-01-19,13132.73046875,13206.8603515625,13078.7001953125,13197.1796875,6297860000,23.239999771118164,120.70999908447266,0.19252754492073892
2021-01-20,13342.5498046875,13486.1298828125,13329.76953125,13457.25,6820990000,21.579999923706055,114.16999816894531,0.18901638144701222
2021-01-21,13521.48046875,13560.349609375,13454.0703125,13530.91015625,7258640000,21.31999969482422,112.58999633789062,0.18935962686099905
2021-01-22,13474.8095703125,13567.1396484375,13463.66015625,13543.0595703125,5972750000,21.90999984741211,,
2021-01-25,13681.2099609375,13728.98046875,13368.6796875,13635.990234375,7193710000,23.190000534057617,116.62999725341797,0.19883392849328058
2021-01-26,13681.7197265625,13702.6904296875,13603.1904296875,13626.0595703125,6849600000,23.020000457763672,115.30999755859375,0.199635772657668
2021-01-27,13486.580078125,13538.419921875,13192.91015625,13270.599609375,11621190000,37.209999084472656,157.69000244140625,0.23596929740868627
2021-01-28,13323.2900390625,13507.6396484375,13316.51953125,13337.16015625,9959270000,30.209999084472656,133.22000122070312,0.22676774363951782
2021-01-29,13284.7197265625,13322.0,12985.0498046875,13070.6904296875,7872250000,33.09000015258789,137.3300018310547,0.24095244820061734
2021-02-01,13226.1796875,13431.4599609375,13132.4697265625,13403.3896484375,7092520000,30.239999771118164,129.44000244140625,0.23362174907874356
2021-02-02,13543.099609375,13652.7001953125,13535.8603515625,13612.7802734375,7325270000,25.559999465942383,119.0999984741211,0.21460957005382536
2021-02-03,13718.3095703125,13723.830078125,13585.33984375,13610.5400390625,7546940000,22.90999984741211,111.02999877929688,0.2063406295532087
2021-02-04,13674.0595703125,13778.419921875,13631.6201171875,13777.740234375,7295370000,21.770000457763672,108.47000122070312,0.20070065652039967
2021-02-05,13824.8798828125,13878.16015625,13761.66015625,13856.2998046875,6792910000,20.8700008392334,107.63999938964844,0.19388703973961963
2021-02-08,13937.0595703125,13987.740234375,13894.150390625,13987.6396484375,8564530000,21.239999771118164,106.61000061035156,0.1992308380969638
2021-02-09,13966.8203125,14044.9501953125,13966.5498046875,14007.7001953125,8766770000,21.6299991607666,108.13999938964844,0.20001848791241167
2021-02-10,14093.349609375,14109.1201171875,13845.4697265625,13972.5302734375,10785930000,21.989999771118164,114.93000030517578,0.19133385289069613
2021-02-11,14045.2099609375,14058.91015625,13916.849609375,14025.76953125,10916780000,21.25,116.22000122070312,0.1828428822646973
2021-02-12,13979.2099609375,14102.0400390625,13937.7099609375,14095.4697265625,7416940000,19.969999313354492,118.58999633789062,0.16839531098774382
2021-02-16,14152.2099609375,14175.1201171875,13995.4501953125,14047.5,7722100000,21.459999084472656,124.66000366210938,0.17214823082020703
2021-02-17,13911.650390625,13976.4296875,13804.259765625,13965.490234375,7280500000,21.5,,
2021-02-18,13814.669921875,13905.9599609375,13714.349609375,13865.3603515625,6499420000,22.489999771118164,121.05000305175781,0.18579098888169404
2021-02-19,13929.2001953125,13985.580078125,13842.599609375,13874.4599609375,6737820000,22.049999237060547,117.44999694824219,0.18773946198378813
2021-02-22,13714.2001953125,13757.0595703125,13530.9599609375,13533.0498046875,6483740000,23.450000762939453,117.05999755859375,0.20032463054854996
2021-02-23,13262.6103515625,13526.08984375,13003.98046875,13465.2001953125,7516510000,23.110000610351562,112.77999877929688,0.20491222610825108
2021-02-24,13400.25,13607.3603515625,13286.58984375,13597.9697265625,5886230000,21.34000015258789,109.5999984741211,0.19470803330008002
2021-02-25,13512.6396484375,13602.8603515625,13066.3798828125,13119.4296875,6390380000,28.889999389648438,127.83000183105469,0.22600327760169034
2021-02-26,13232.900390625,13368.0595703125,13024.5302734375,13192.349609375,5906110000,27.950000762939453,124.95999908447266,0.22367158264818265
2021-03-01,13406.16015625,13596.58984375,13362.66015625,13588.830078125,5079530000,23.350000381469727,114.94000244140625,0.20314946829214672
2021-03-02,13599.4501953125,13601.330078125,13352.0,13358.7900390625,4948140000,24.100000381469727,114.91999816894531,0.20971111003708873
2021-03-03,13336.25,13372.51953125,12995.0703125,12997.75,5529980000,26.670000076293945,121.2300033569336,0.21999504526755084
2021-03-04,12953.990234375,13068.7099609375,12553.9599609375,12723.4697265625,7864380000,28.56999969482422,124.62000274658203,0.22925693359935198
2021-03-05,12860.0400390625,12941.2099609375,12397.0498046875,12920.150390625,7725200000,24.65999984741211,116.20999908447266,0.21220204837525933
2021-03-08,12904.259765625,13001.0,12599.23046875,12609.16015625,6010230000,25.469999313354492,114.62000274658203,0.2222125170391693
2021-03-09,12923.0703125,13151.5400390625,12882.490234375,13073.8203125,6345560000,24.030000686645508,108.70999908447266,0.22104682999742364
2021-03-10,13234.73046875,13277.1103515625,13035.4404296875,13068.830078125,6023880000,22.559999465942383,114.68000030517578,0.1967213062949756
2021-03-11,13273.3095703125,13433.6201171875,13246.330078125,13398.669921875,6008850000,21.90999984741211,112.87000274658203,0.19411711982150717
2021-03-12,13222.8095703125,13324.6904296875,13158.7197265625,13319.8603515625,5497210000,20.690000534057617,111.7300033569336,0.18517855466236022
2021-03-15,13323.4697265625,13460.349609375,13272.5,13459.7099609375,5972370000,20.030000686645508,110.48999786376953,0.18128338378051043
2021-03-16,13523.169921875,13620.7099609375,13397.080078125,13471.5703125,5493890000,19.790000915527344,113.7300033569336,0.17400861981352292
2021-03-17,13336.91015625,13595.0,13272.6904296875,13525.2001953125,5536110000,19.229999542236328,109.9000015258789,0.17497724545261364
2021-03-18,13349.2001953125,13384.4599609375,13101.919921875,13116.169921875,5739720000,21.579999923706055,117.80000305175781,0.18319184520075477
2021-03-19,13119.900390625,13252.3701171875,13039.4501953125,13215.240234375,7630590000,20.950000762939453,115.94999694824219,0.18068133949405038
2021-03-22,13278.7802734375,13455.6396484375,13278.7802734375,13377.5400390625,5321760000,18.8799991607666,108.62999725341797,0.17380097245811682
2021-03-23,13381.4296875,13405.150390625,13202.4296875,13227.7001953125,5675010000,20.299999237060547,111.69000244140625,0.18175305571964814
2021-03-24,13289.240234375,13292.919921875,12961.349609375,12961.8896484375,6248650000,21.200000762939453,110.66999816894531,0.1915605052290342
2021-03-25,12844.580078125,13021.8603515625,12786.8095703125,12977.6796875,5634290000,19.809999465942383,104.75,0.18911694000899648
2021-03-26,12996.0302734375,13149.5498046875,12878.7197265625,13138.73046875,5224360000,18.860000610351562,103.26000213623047,0.18264575072804712
2021-03-29,13103.9697265625,13143.41015625,12968.16015625,13059.650390625,4965090000,20.739999771118164,105.83999633789062,0.19595616485951506
2021-03-30,13008.7998046875,13075.75,12922.5703125,13045.3896484375,4721950000,19.610000610351562,101.9000015258789,0.19244357523754632
2021-03-31,13122.5703125,13325.5400390625,13118.3798828125,13246.8701171875,5004720000,19.399999618530273,100.04000091552734,0.19392242543971402
2021-04-01,13414.3203125,13487.080078125,13404.1796875,13480.1103515625,4576480000,17.329999923706055,98.97000122070312,0.17510356380677566
2021-04-05,13594.900390625,13720.580078125,13582.759765625,13705.58984375,4459000000,17.90999984741211,99.23999786376953,0.18047158638594327
2021-04-06,13681.669921875,13776.7099609375,13674.2802734375,13698.3798828125,4073710000,18.1200008392334,99.05999755859375,0.1829194557421169
2021-04-07,13675.2998046875,13733.0302734375,13653.58984375,13688.83984375,4098740000,17.15999984741211,97.08999633789062,0.1767432330277594
2021-04-08,13796.8896484375,13830.1396484375,13758.7099609375,13829.3095703125,4153600000,16.950000762939453,100.72000122070312,0.16828832960195952
2021-04-09,13787.01953125,13905.41015625,13748.349609375,13900.1904296875,3926110000,16.690000534057617,102.05999755859375,0.16353126526850745
2021-04-12,13854.4404296875,13877.0,13783.9501953125,13850.0,4250900000,16.90999984741211,102.08000183105469,0.16565438424852932
2021-04-13,13902.4501953125,14011.509765625,13902.4501953125,13996.099609375,4219360000,16.649999618530273,100.44000244140625,0.16577060149160586
2021-04-14,14004.080078125,14033.6298828125,13839.0400390625,13857.83984375,4120770000,16.989999771118164,107.47000122070312,0.15809062601783236
2021-04-15,13983.23046875,14049.1298828125,13970.419921875,14038.759765625,4406880000,16.56999969482422,108.66000366210938,0.15249401008995467
2021-04-16,14059.1103515625,14062.5,13977.0498046875,14052.33984375,4427780000,16.25,107.80000305175781,0.1507421107604043
2021-04-19,13984.580078125,14041.7900390625,13842.5703125,13914.76953125,4379610000,17.290000915527344,111.9000015258789,0.15451296407291573
2021-04-20,13894.4599609375,13927.669921875,13698.669921875,13786.26953125,4245120000,18.68000030517578,116.37000274658203,0.16052247026112956
2021-04-21,13745.76953125,13951.349609375,13706.8603515625,13950.2197265625,3999620000,17.5,112.9000015258789,0.15500442660302935
2021-04-22,13952.5703125,14015.8701171875,13771.0400390625,13818.41015625,4420820000,18.709999084472656,116.05000305175781,0.16122359838394898
2021-04-23,13861.3701171875,14062.740234375,13856.830078125,14016.8095703125,4355100000,17.329999923706055,108.36000061035156,0.1599298618133316
2021-04-26,14052.3798828125,14154.0302734375,14019.5,14138.7802734375,4506210000,17.639999389648438,104.01000213623047,0.16959906766028018
2021-04-27,14170.91015625,14171.240234375,14064.2802734375,14090.2197265625,4691460000,17.559999465942383,103.38999938964844,0.16984234035792553
2021-04-28,14082.7802734375,14133.650390625,14034.7001953125,14051.0302734375,4559710000,17.280000686645508,104.77999877929688,0.16491697736171193
2021-04-29,14204.509765625,14211.5703125,13952.7998046875,14082.5498046875,4928030000,17.610000610351562,105.45999908447266,0.16698274950909195
2021-04-30,13970.73046875,14084.759765625,13941.6298828125,13962.6796875,4792460000,18.610000610351562,109.22000122070312,0.1703900421383987
2021-05-03,14031.76953125,14042.1201171875,13881.509765625,13895.1201171875,4761430000,18.309999465942383,108.31999969482422,0.16903618461528927
2021-05-04,13774.509765625,13795.5703125,13485.58984375,13633.5,5879730000,19.479999542236328,111.22000122070312,0.17514834857428693
2021-05-05,13731.1298828125,13753.0498046875,13553.9296875,13582.419921875,4535690000,19.149999618530273,,
2021-05-06,13557.830078125,13635.73046875,13439.3896484375,13632.83984375,5021400000,18.389999389648438,108.38999938964844,0.1696650935806236
2021-05-07,13723.08984375,13828.6201171875,13690.75,13752.240234375,4391100000,16.690000534057617,107.02999877929688,0.15593759436056365
2021-05-10,13687.58984375,13687.9296875,13401.740234375,13401.8603515625,4818670000,19.65999984741211,114.0999984741211,0.1723049965848262
2021-05-11,13115.849609375,13423.3095703125,13107.669921875,13389.4296875,4738390000,21.84000015258789,,
2021-05-12,13215.490234375,13288.6103515625,13002.5400390625,13031.6796875,4752930000,27.59000015258789,146.27999877929688,0.18861088585470187
2021-05-13,13150.9404296875,13247.8701171875,13007.240234375,13124.990234375,4698110000,23.1299991607666,130.00999450683594,0.1779093926471201
2021-05-14,13255.650390625,13460.8798828125,13242.9697265625,13429.98046875,4022610000,18.809999465942383,117.55999755859375,0.16000340129785376
2021-05-17,13368.7998046875,13399.169921875,13265.400390625,13379.0498046875,3997780000,19.719999313354492,120.69999694824219,0.16338028013215855
2021-05-18,13416.900390625,13485.33984375,13299.9296875,13303.6396484375,4301300000,21.34000015258789,123.93000030517578,0.17219398128006502
2021-05-19,13078.1904296875,13304.6103515625,13072.23046875,13299.740234375,4333520000,22.18000030517578,130.1699981689453,0.17039256831200655
2021-05-20,13356.6298828125,13563.51953125,13355.7099609375,13535.740234375,3990760000,20.670000076293945,,
2021-05-21,13616.1904296875,13616.580078125,13463.259765625,13470.990234375,3733940000,20.149999618530273,124.22000122070312,0.16221219948894972
2021-05-24,13557.2099609375,13708.849609375,13551.009765625,13661.169921875,3509470000,18.399999618530273,116.12000274658203,0.1584567618266946
2021-05-25,13721.5400390625,13751.1396484375,13631.7998046875,13657.169921875,4128990000,18.84000015258789,,
2021-05-26,13693.9404296875,13750.16015625,13679.58984375,13738.0,4264500000,17.360000610351562,106.29000091552734,0.16332675191289356
2021-05-27,13742.58984375,13776.51953125,13701.6298828125,13736.2802734375,5087180000,16.739999771118164,103.87999725341797,0.16114747991647033
2021-05-28,13792.0498046875,13820.8701171875,13747.6103515625,13748.740234375,4447940000,16.760000228881836,105.41000366210938,0.15899819416196811
2021-06-01,13829.0595703125,13836.169921875,13678.76953125,13736.48046875,4186280000,17.899999618530273,113.04000091552734,0.1583510215282695
2021-06-02,13743.240234375,13775.8896484375,13689.740234375,13756.330078125,5097630000,17.479999542236328,112.56999969482422,0.1552811547448199
2021-06-03,13655.75,13684.1298828125,13548.9296875,13614.509765625,5396250000,18.040000915527344,114.30999755859375,0.15781647538116939
2021-06-04,13697.25,13826.8203125,13692.009765625,13814.490234375,4360710000,16.420000076293945,108.16000366210938,0.1518121257428008
2021-06-07,13802.8203125,13889.1103515625,13784.8896484375,13881.7197265625,4639210000,16.420000076293945,108.02999877929688,0.15199481867846426
2021-06-08,13946.3203125,13981.7197265625,13831.98046875,13924.91015625,5958410000,17.06999969482422,109.62000274658203,0.1557197524824589
2021-06-09,13980.23046875,14003.5,13906.4501953125,13911.75,5640490000,17.889999389648438,120.97000122070312,0.14788789955461037
2021-06-10,13933.8798828125,14031.1904296875,13904.400390625,14020.330078125,4919880000,16.100000381469727,116.76000213623047,0.13788968899370993
2021-06-11,14030.849609375,14069.419921875,14006.58984375,14069.419921875,4157580000,15.649999618530273,116.12000274658203,0.13477436486704636
2021-06-14,14083.4697265625,14175.4501953125,14056.669921875,14174.1396484375,4415160000,16.389999389648438,119.80000305175781,0.1368113436739011
2021-06-15,14166.6396484375,14171.01953125,14052.16015625,14072.8603515625,4554580000,17.020000457763672,122.9000015258789,0.13848657645606124
2021-06-16,14085.5498046875,14129.6904296875,13903.73046875,14039.6796875,4683030000,18.149999618530273,121.56999969482422,0.14929669872577125
2021-06-17,13999.1298828125,14196.2099609375,13998.9296875,14161.349609375,4558280000,17.75,120.62999725341797,0.1471441631778456
2021-06-18,14096.9296875,14129.2197265625,14009.0400390625,14030.3798828125,6126070000,20.700000762939453,128.8300018310547,0.16067686461795644
2021-06-21,14047.419921875,14150.7802734375,13960.0400390625,14141.48046875,4562010000,17.889999389648438,121.25,0.14754638671875
2021-06-22,14138.2900390625,14269.76953125,14121.0,14253.26953125,4433140000,16.65999984741211,114.01000213623047,0.14612752859617603
2021-06-23,14263.3798828125,14317.66015625,14246.2998046875,14271.73046875,4417470000,16.31999969482422,110.4800033569336,0.1477190369201776
2021-06-24,14357.26953125,14414.4599609375,14333.7001953125,14369.7099609375,4324620000,15.970000267028809,107.87000274658203,0.1480485756966835
2021-06-25,14400.8095703125,14409.080078125,14337.650390625,14360.3896484375,7468090000,15.619999885559082,105.91000366210938,0.1474837064059826
2021-06-28,14417.8095703125,14505.1904296875,14417.2001953125,14500.509765625,4283000000,15.760000228881836,106.31999969482422,0.1482317557761341
2021-06-29,14509.1904296875,14535.9697265625,14471.3798828125,14528.330078125,4901300000,16.020000457763672,107.01000213623047,0.1497056362765903
2021-06-30,14509.849609375,14526.8095703125,14478.0595703125,14503.9501953125,5293810000,15.829999923706055,106.7300033569336,0.1483181806971964
2021-07-01,14493.6904296875,14533.5498046875,14439.400390625,14522.3798828125,4410470000,15.479999542236328,108.72000122070312,0.14238410015110017
2021-07-02,14582.98046875,14649.1103515625,14555.33984375,14639.330078125,3751420000,15.069999694824219,106.11000061035156,0.14202242586128178
2021-07-06,14661.5498046875,14687.0,14529.7998046875,14663.6396484375,4489540000,16.440000534057617,112.23999786376953,0.14647185359012166
2021-07-07,14753.41015625,14755.330078125,14580.7900390625,14665.0595703125,4605630000,16.200000762939453,112.69999694824219,0.14374446496550797
2021-07-08,14409.2001953125,14610.0595703125,14371.58984375,14559.7802734375,4575010000,19.0,120.02999877929688,0.15829376150320495
2021-07-09,14578.4296875,14710.2001953125,14552.259765625,14701.919921875,3826500000,16.18000030517578,112.62000274658203,0.14366897452119656
2021-07-12,14743.8603515625,14761.080078125,14672.6298828125,14733.240234375,3897090000,16.170000076293945,111.58999633789062,0.14490546291740836
2021-07-13,14715.1298828125,14803.6796875,14660.1904296875,14677.650390625,4583460000,17.1200008392334,116.4000015258789,0.14707904308254802
2021-07-14,14780.900390625,14790.5498046875,14632.9501953125,14644.9501953125,4496220000,16.329999923706055,117.66000366210938,0.13878972816116683
2021-07-15,14635.7802734375,14650.3701171875,14451.7998046875,14543.1298828125,4512550000,17.010000228881836,121.02999877929688,0.14054367016809
2021-07-16,14597.509765625,14623.01953125,14413.3203125,14427.240234375,4069530000,18.450000762939453,128.88999938964844,0.143145324309942
2021-07-19,14235.98046875,14313.599609375,14178.66015625,14274.98046875,4537130000,22.5,139.5399932861328,0.1612440954749279
2021-07-20,14330.4599609375,14555.75,14271.23046875,14498.8798828125,4652450000,19.729999542236328,131.3000030517578,0.15026655813906462
2021-07-21,14508.75,14633.1396484375,14498.650390625,14631.9501953125,4098520000,17.90999984741211,122.52999877929688,0.14616828552877004
2021-07-22,14652.7197265625,14694.1904296875,14617.8701171875,14684.599609375,3597540000,17.690000534057617,118.81999969482422,0.1488806646986399
2021-07-23,14753.0595703125,14846.0595703125,14698.76953125,14836.990234375,3997250000,17.200000762939453,114.91999816894531,0.149669344213298
2021-07-26,14821.0302734375,14863.650390625,14790.490234375,14840.7099609375,4437090000,17.579999923706055,114.86000061035156,0.1530558926544328
2021-07-27,14807.9501953125,14811.080078125,14503.759765625,14660.580078125,4329230000,19.360000610351562,121.11000061035156,0.15985468179988446
2021-07-28,14715.66015625,14798.8798828125,14645.6298828125,14762.580078125,4268210000,18.309999465942383,117.08000183105469,0.15638878697972294
2021-07-29,14771.169921875,14833.740234375,14761.3798828125,14778.259765625,3928640000,17.700000762939453,114.04000091552734,0.15520870414627885
2021-07-30,14615.849609375,14728.7802734375,14615.849609375,14672.6796875,3645050000,18.239999771118164,116.18000030517578,0.1569977597108474
2021-08-02,14758.599609375,14770.41015625,14665.669921875,14681.0703125,3746130000,19.459999084472656,122.8499984741211,0.15840455291964853
2021-08-03,14713.990234375,14762.599609375,14584.08984375,14761.2900390625,4141370000,18.040000915527344,117.55000305175781,0.15346661375741733
2021-08-04,14747.2099609375,14812.3701171875,14734.1201171875,14780.5302734375,4337330000,17.969999313354492,116.20999908447266,0.15463384781796755
2021-08-05,14794.080078125,14896.4697265625,14776.0302734375,14895.1201171875,4107300000,17.280000686645508,113.3499984741211,0.15244817749680606
2021-08-06,14864.2197265625,14890.1796875,14788.58984375,14835.759765625,4173090000,16.149999618530273,112.0,0.14419642516544887
2021-08-09,14855.759765625,14883.8095703125,14802.6904296875,14860.1796875,4111640000,16.719999313354492,115.08999633789062,0.14527760748437726
2021-08-10,14887.75,14894.6103515625,14754.48046875,14788.08984375,3991770000,16.790000915527344,114.1500015258789,0.14708717206386449
2021-08-11,14834.3798828125,14842.5,14692.41015625,14765.1396484375,4002340000,16.170000076293945,118.05999755859375,0.13696425894188838
2021-08-12,14751.3603515625,14824.3095703125,14698.9404296875,14816.259765625,4049000000,15.59000015258789,117.72000122070312,0.1324328915301278
2021-08-13,14825.0703125,14850.6103515625,14797.2197265625,14822.900390625,4061070000,15.449999809265137,117.80999755859375,0.13114336753619704
2021-08-16,14771.5302734375,14794.6796875,14610.01953125,14793.759765625,3973920000,16.1200008392334,117.69000244140625,0.13697001023735203
2021-08-17,14670.5595703125,14716.9501953125,14550.8798828125,14656.1796875,4168880000,17.90999984741211,120.52999877929688,0.14859371134821966
2021-08-18,14636.240234375,14697.25,14516.2998046875,14525.91015625,3841840000,21.56999969482422,128.41000366210938,0.16797756467309402
2021-08-19,14423.16015625,14610.759765625,14423.16015625,14541.7900390625,4191490000,21.670000076293945,130.41000366210938,0.16616823455078364
2021-08-20,14571.5302734375,14722.16015625,14571.5302734375,14714.66015625,3886340000,18.559999465942383,120.51000213623047,0.1540121080154097
2021-08-23,14776.98046875,14963.4697265625,14776.98046875,14942.650390625,3906780000,17.149999618530273,113.33000183105469,0.15132797442372256
2021-08-24,14978.1396484375,15034.8896484375,14965.5400390625,15019.7998046875,3809750000,17.219999313354492,111.08999633789062,0.1550094507247822
2021-08-25,15039.0302734375,15059.4296875,15011.580078125,15041.8603515625,3654150000,16.790000915527344,108.83999633789062,0.15426315215413341
2021-08-26,15025.169921875,15059.6298828125,14939.5595703125,14945.8095703125,3630900000,18.84000015258789,116.5999984741211,0.16157804802003795
2021-08-27,14969.76953125,15144.48046875,14966.51953125,15129.5,4048610000,16.389999389648438,109.62000274658203,0.14951650227138386
2021-08-30,15165.9404296875,15288.080078125,15165.1201171875,15265.8896484375,4061760000,16.190000534057617,107.9000015258789,0.15004634203063086
2021-08-31,15262.8798828125,15278.9599609375,15202.669921875,15259.240234375,4188020000,16.479999542236328,105.80999755859375,0.15575087347592367
2021-09-01,15308.98046875,15379.5,15302.1103515625,15309.3798828125,4271690000,16.110000610351562,105.19999694824219,0.15313689237346265
2021-09-02,15358.4697265625,15380.0703125,15285.349609375,15331.1796875,4050510000,16.40999984741211,105.69999694824219,0.15525071259413137
2021-09-03,15313.41015625,15375.5595703125,15283.669921875,15363.51953125,3706990000,16.40999984741211,105.4800033569336,0.1555745100982064
2021-09-07,15375.98046875,15403.4404296875,15343.2802734375,15374.330078125,4014250000,18.139999389648438,111.01000213623047,0.16340869327600943
2021-09-08,15360.349609375,15360.349609375,15206.6103515625,15286.6396484375,4131560000,17.959999084472656,115.05999755859375,0.1560924688471909
2021-09-09,15296.0595703125,15352.3798828125,15245.169921875,15248.25,4031140000,18.799999237060547,117.02999877929688,0.16064256543755814
2021-09-10,15332.919921875,15349.4697265625,15111.3095703125,15115.490234375,4587150000,20.950000762939453,124.9800033569336,0.16762682189332168
2021-09-13,15211.4296875,15215.4404296875,15030.849609375,15105.580078125,4723370000,19.3700008392334,118.01000213623047,0.16413863645958343
2021-09-14,15168.4501953125,15181.1904296875,15008.2998046875,15037.759765625,4593140000,19.459999084472656,120.37000274658203,0.1616681784534165
2021-09-15,15071.33984375,15174.3798828125,14984.6796875,15161.5302734375,4465140000,18.18000030517578,112.4800033569336,0.1616287318865475
2021-09-16,15120.08984375,15205.5,15047.1396484375,15181.919921875,3701500000,18.690000534057617,112.11000061035156,0.16671126957724675
2021-09-17,15163.3603515625,15166.5595703125,14998.73046875,15043.9697265625,6709540000,20.809999465942383,118.9000015258789,0.1750210193345795
2021-09-20,14758.1396484375,14841.8203125,14530.0703125,14713.900390625,4879490000,25.709999084472656,138.92999267578125,0.18505722622811677
2021-09-21,14803.3603515625,14847.0302734375,14696.4697265625,14746.400390625,4083010000,24.360000610351562,130.75999450683594,0.1862955157058993
2021-09-22,14800.58984375,14950.1201171875,14767.009765625,14896.849609375,4252490000,20.8700008392334,117.62000274658203,0.17743581322811922
2021-09-23,14960.0,15085.4404296875,14932.509765625,15052.240234375,4196130000,18.6299991607666,108.30999755859375,0.17200627440406052
2021-09-24,14961.6103515625,15067.5595703125,14946.5703125,15047.7001953125,3992150000,17.75,103.06999969482422,0.17221305959595667
2021-09-27,14954.1796875,15003.16015625,14864.9599609375,14969.9697265625,4650790000,18.760000228881836,107.7300033569336,0.1741390480303408
2021-09-28,14787.2099609375,14817.740234375,14539.8798828125,14546.6796875,4989510000,23.25,121.05999755859375,0.1920535310497331
2021-09-29,14614.8798828125,14676.6201171875,14493.669921875,14512.4404296875,5294600000,22.559999465942383,119.04000091552734,0.18951612308833324
2021-09-30,14582.599609375,14632.3603515625,14444.2998046875,14448.580078125,5950950000,23.139999389648438,118.01000213623047,0.19608506881421522
2021-10-01,14494.9296875,14606.8203125,14324.009765625,14566.7001953125,4710720000,21.100000381469727,112.61000061035156,0.187372349410414
2021-10-04,14493.1201171875,14499.740234375,14181.6904296875,14255.48046875,4557110000,22.959999084472656,117.16999816894531,0.19595459113489996
2021-10-05,14312.8603515625,14508.650390625,14299.7802734375,14433.830078125,4176390000,21.299999237060547,110.75,0.19232504954456475
2021-10-06,14289.4501953125,14509.5498046875,14259.0703125,14501.91015625,4465910000,21.0,110.91999816894531,0.18932564322633977
2021-10-07,14631.7998046875,14755.7197265625,14615.1396484375,14654.01953125,3984180000,19.540000915527344,107.43000030517578,0.1818858871825391
2021-10-08,14694.7197265625,14699.91015625,14569.6796875,14579.5400390625,3571380000,18.770000457763672,107.2699966430664,0.17497903463369693
2021-10-11,14540.080078125,14665.990234375,14482.6201171875,14486.2001953125,3539540000,20.0,110.29000091552734,0.1813401018585382
2021-10-12,14539.08984375,14552.7099609375,14441.599609375,14465.919921875,4063830000,19.850000381469727,109.12000274658203,0.18190982296407143
2021-10-13,14537.169921875,14589.2802734375,14471.8798828125,14571.6396484375,4053580000,18.639999389648438,108.72000122070312,0.17144958775165
2021-10-14,14717.5,14827.5595703125,14699.51953125,14823.4296875,4262400000,16.860000610351562,107.97000122070312,0.15615449124509853
2021-10-15,14891.240234375,14904.98046875,14847.9599609375,14897.33984375,4494440000,16.299999237060547,106.76000213623047,0.1526788957559314
2021-10-18,14839.740234375,15026.6796875,14833.2802734375,15021.8095703125,4167740000,16.309999465942383,104.37000274658203,0.15627094985849765
2021-10-19,15073.1298828125,15137.849609375,15049.73046875,15129.08984375,4483400000,15.699999809265137,103.05999755859375,0.152338445383128
2021-10-20,15160.0,15178.3896484375,15071.150390625,15121.6796875,4117050000,15.489999771118164,101.83999633789062,0.1521013386501365
2021-10-21,15104.7998046875,15222.25,15094.1396484375,15215.7001953125,4961860000,15.010000228881836,102.13999938964844,0.14695516270389808
2021-10-22,15158.0703125,15193.009765625,15021.01953125,15090.2001953125,5775770000,15.430000305175781,106.08000183105469,0.14545625979296206
2021-10-25,15142.919921875,15259.6298828125,15070.75,15226.7099609375,5750200000,15.239999771118164,102.36000061035156,0.1488862805807463
2021-10-26,15317.5,15384.0,15198.23046875,15235.7099609375,7173230000,15.979999542236328,103.25,0.15476997135337847
2021-10-27,15276.0,15364.5400390625,15235.83984375,15235.83984375,6130110000,16.979999542236328,109.61000061035156,0.15491286787414485
2021-10-28,15304.740234375,15452.2998046875,15290.3095703125,15448.1201171875,5714890000,16.530000686645508,106.27999877929688,0.1555325637608637
2021-10-29,15323.2900390625,15504.1201171875,15323.2900390625,15498.3896484375,5338290000,16.260000228881836,105.16999816894531,0.15460683191000665
2021-11-01,15541.259765625,15598.9501953125,15470.8203125,15595.919921875,5273950000,16.40999984741211,106.66000366210938,0.15385335912229778
2021-11-02,15583.98046875,15656.599609375,15569.26953125,15649.599609375,5129370000,16.030000686645508,105.44000244140625,0.15202959328034435
2021-11-03,15658.51953125,15821.5703125,15616.4404296875,15811.580078125,5325110000,15.100000381469727,102.25,0.1476772653444472
2021-11-04,15849.740234375,15966.08984375,15827.66015625,15940.3095703125,5297250000,15.4399995803833,104.45999908447266,0.14780777058879338
2021-11-05,16003.5595703125,16053.3896484375,15900.7802734375,15971.58984375,5566400000,16.479999542236328,110.20999908447266,0.1495327073690011
2021-11-08,15995.7197265625,16038.23046875,15961.8095703125,15982.3603515625,5723650000,17.219999313354492,111.48999786376953,0.15445331099921394
2021-11-09,16024.1298828125,16035.2099609375,15836.6796875,15886.5400390625,5574660000,17.780000686645508,110.55000305175781,0.16083220439461393
2021-11-10,15753.83984375,15867.240234375,15543.6796875,15622.7099609375,5369110000,18.729999542236328,117.19000244140625,0.1598259164778252
2021-11-11,15752.080078125,15768.0302734375,15695.76953125,15704.2802734375,4570460000,17.65999984741211,114.66000366210938,0.15402057634198424
2021-11-12,15752.6201171875,15874.5703125,15705.3798828125,15860.9599609375,5446540000,16.290000915527344,112.11000061035156,0.14530372693641055
2021-11-15,15894.8203125,15918.4501953125,15778.3095703125,15853.849609375,5020180000,16.489999771118164,110.66000366210938,0.14901499390393058
2021-11-16,15840.3203125,15989.6103515625,15825.0,15973.8603515625,5533020000,16.3700008392334,109.58000183105469,0.1493885797197914
2021-11-17,15973.6201171875,15998.5703125,15909.3896484375,15921.5703125,5049320000,17.110000610351562,111.52999877929688,0.15341164527590456
2021-11-18,15973.3896484375,16010.8798828125,15848.830078125,15993.7099609375,5391360000,17.59000015258789,112.1500015258789,0.15684351237863292
2021-11-19,16042.16015625,16121.1201171875,16017.23046875,16057.4404296875,4875310000,17.90999984741211,113.73999786376953,0.1574643940899626
2021-11-22,16120.919921875,16212.23046875,15851.0400390625,15854.759765625,5567830000,19.170000076293945,118.62000274658203,0.161608494625046
2021-11-23,15809.5,15895.8603515625,15601.4599609375,15775.1396484375,5434380000,19.3799991607666,115.02999877929688,0.16847778289514004
2021-11-24,15677.8798828125,15848.5595703125,15591.3603515625,15845.23046875,4197090000,18.579999923706055,110.4800033569336,0.16817522953614208
2021-11-26,15664.3798828125,15731.5400390625,15456.08984375,15491.66015625,3502170000,28.6200008392334,149.74000549316406,0.1911312928363687
2021-11-29,15719.419921875,15833.1103515625,15644.6103515625,15782.830078125,4836230000,22.959999084472656,131.24000549316406,0.1749466483043433
2021-11-30,15716.5,15828.2001953125,15451.3896484375,15537.6904296875,6631470000,27.190000534057617,142.5500030517578,0.19074009085910246
2021-12-01,15752.26953125,15816.8203125,15243.9296875,15254.0498046875,6320260000,31.1200008392334,155.02000427246094,0.20074829042410122
2021-12-02,15181.8203125,15444.5400390625,15150.1201171875,15381.3203125,5418340000,27.950000762939453,147.30999755859375,0.1897359393534856
2021-12-03,15428.7099609375,15470.3603515625,14931.0595703125,15085.4697265625,5900290000,30.670000076293945,156.10000610351562,0.19647661035935865
2021-12-06,15117.6298828125,15281.990234375,14931.6103515625,15225.150390625,5115230000,27.18000030517578,138.8800048828125,0.19570852066221034
2021-12-07,15510.91015625,15720.08984375,15507.66015625,15686.919921875,5116490000,21.889999389648438,117.91999816894531,0.18563432606474764
2021-12-08,15690.650390625,15792.6396484375,15618.8798828125,15786.990234375,4615390000,19.899999618530273,114.29000091552734,0.17411846582483206
2021-12-09,15720.5400390625,15796.0498046875,15511.1201171875,15517.3701171875,4515600000,21.579999923706055,121.79000091552734,0.17719024354613302
2021-12-10,15629.58984375,15677.599609375,15477.849609375,15630.599609375,4426210000,18.690000534057617,113.8499984741211,0.16416337975011908
2021-12-13,15621.26953125,15637.0595703125,15408.25,15413.2802734375,4573920000,20.309999465942383,121.06999969482422,0.16775418780157675
2021-12-14,15215.9599609375,15317.5498046875,15097.349609375,15237.6396484375,4865990000,21.889999389648438,126.56999969482422,0.1729477715290188
2021-12-15,15230.7099609375,15575.759765625,15055.23046875,15565.580078125,5343920000,19.290000915527344,118.61000061035156,0.16263384888511526
2021-12-16,15629.080078125,15633.1904296875,15119.490234375,15180.4296875,4906480000,20.56999969482422,128.97000122070312,0.15949445219918465
2021-12-17,15036.76953125,15288.7802734375,14960.3701171875,15169.6796875,7668770000,21.56999969482422,136.05999755859375,0.15853300074869672
2021-12-20,14933.0,15007.2998046875,14860.0400390625,14980.9404296875,4602640000,22.8700008392334,138.6699981689453,0.1649239283278152
2021-12-21,15140.4296875,15349.0595703125,15015.0302734375,15341.08984375,4581720000,21.010000228881836,131.41000366210938,0.15988128485944056
2021-12-22,15319.16015625,15525.9697265625,15303.0595703125,15521.8896484375,4107900000,18.6299991607666,122.69999694824219,0.1518337377679413
2021-12-23,15544.7900390625,15697.98046875,15528.91015625,15653.3701171875,3935010000,17.959999084472656,120.45999908447266,0.14909512884752885
2021-12-27,15696.830078125,15871.400390625,15696.830078125,15871.259765625,3743920000,17.68000030517578,115.91999816894531,0.1525189836477431
2021-12-28,15895.2001953125,15901.4697265625,15757.0703125,15781.7197265625,3648500000,17.540000915527344,114.83000183105469,0.1527475453787184
2021-12-29,15794.919921875,15821.8095703125,15679.849609375,15766.2197265625,3714380000,16.950000762939453,109.5,0.1547945275154288
2021-12-30,15758.98046875,15868.08984375,15729.16015625,15741.5595703125,3750920000,17.329999923706055,110.83999633789062,0.15635150213174265
2021-12-31,15722.91015625,15777.4296875,15643.9404296875,15644.9697265625,3392580000,17.219999313354492,109.66999816894531,0.15701650041816623
2022-01-03,15732.5,15832.7998046875,15644.08984375,15832.7998046875,4429960000,16.600000381469727,108.44999694824219,0.15306593682424985
2022-01-04,15852.1396484375,15852.1396484375,15512.41015625,15622.7197265625,5131110000,16.90999984741211,109.30999755859375,0.15469765094768934
2022-01-05,15547.16015625,15586.2998046875,15095.1796875,15100.169921875,5031850000,19.729999542236328,119.30999755859375,0.16536752951106906
2022-01-06,15024.150390625,15198.4501953125,14914.8701171875,15080.8603515625,4790820000,19.610000610351562,117.81999969482422,0.16644033832239963
2022-01-07,15095.7197265625,15171.01953125,14877.6298828125,14935.900390625,4238070000,18.760000228881836,113.86000061035156,0.16476374607691927
2022-01-10,14751.7802734375,14953.849609375,14530.23046875,14942.830078125,5317180000,19.399999618530273,113.0199966430664,0.17165103693816497
2022-01-11,14919.259765625,15158.7099609375,14837.6298828125,15153.4501953125,4390710000,18.40999984741211,111.61000061035156,0.16494937502674492
2022-01-12,15263.099609375,15319.0302734375,15117.2900390625,15188.3896484375,4338530000,17.6200008392334,113.94000244140625,0.154642798505244
2022-01-13,15245.0400390625,15259.7099609375,14782.240234375,14806.8095703125,4302020000,20.309999465942383,123.44000244140625,0.16453336895860002
2022-01-14,14708.01953125,14897.6796875,14689.4296875,14893.75,4374020000,19.190000534057617,117.56999969482422,0.16322191531741934
2022-01-18,14681.830078125,14740.5400390625,14482.9404296875,14506.900390625,5060790000,22.790000915527344,127.94999694824219,0.17811646314259985
2022-01-19,14582.2197265625,14658.8896484375,14331.650390625,14340.259765625,4665340000,23.850000381469727,129.85000610351562,0.1836734636920745
2022-01-20,14462.849609375,14642.0302734375,14140.7802734375,14154.01953125,5102050000,25.59000015258789,135.60000610351562,0.18871680679020583
2022-01-21,14046.2197265625,14171.7197265625,13764.240234375,13768.919921875,5870830000,28.850000381469727,149.5,0.1929765911803995
2022-01-24,13481.5,13876.6103515625,13094.650390625,13855.1298828125,6998770000,29.899999618530273,154.3800048828125,0.19367792895995117
2022-01-25,13610.8701171875,13781.6201171875,13414.1396484375,13539.2900390625,5019380000,31.15999984741211,150.8000030517578,0.20663129454126952
2022-01-26,13871.76953125,14002.650390625,13392.1904296875,13542.1201171875,5771140000,31.959999084472656,148.5500030517578,0.21514640476538496
2022-01-27,13710.990234375,13765.91015625,13322.66015625,13352.7802734375,5177380000,30.489999771118164,141.13999938964844,0.2160266395279181
2022-01-28,13436.7099609375,13771.91015625,13236.5595703125,13770.5703125,4971930000,27.65999984741211,132.44000244140625,0.20884928524257143
2022-01-31,13812.1904296875,14242.900390625,13767.7099609375,14239.8798828125,5124940000,24.829999923706055,125.05999755859375,0.19854470181060555
2022-02-01,14277.4296875,14358.6904296875,14070.76953125,14346.0,4671850000,21.959999084472656,117.98999786376953,0.18611746319232522
2022-02-02,14494.4697265625,14504.8203125,14264.650390625,14417.5498046875,4673140000,22.09000015258789,119.61000061035156,0.184683555220015
2022-02-03,14045.830078125,14207.8896484375,13851.740234375,13878.8203125,4326300000,24.350000381469727,125.11000061035156,0.19462872882006058
2022-02-04,13958.48046875,14222.759765625,13850.3896484375,14098.009765625,4121340000,23.219999313354492,124.88999938964844,0.18592360818987314
2022-02-07,14118.7900390625,14236.3095703125,13974.099609375,14015.669921875,4268730000,22.860000610351562,124.12999725341797,0.1841617748825182
2022-02-08,13984.4296875,14226.48046875,13934.7802734375,14194.4501953125,4293770000,21.440000534057617,118.86000061035156,0.18038028288711283
2022-02-09,14368.16015625,14490.7197265625,14330.8701171875,14490.3701171875,4729730000,19.959999084472656,119.31999969482422,0.16728125323099935
2022-02-10,14228.6796875,14509.5595703125,14118.2001953125,14185.6396484375,5212510000,23.90999984741211,129.10000610351562,0.1852052572967384
2022-02-11,14213.6201171875,14246.7001953125,13733.16015625,13791.150390625,5237320000,27.360000610351562,141.1699981689453,0.1938088897444658
2022-02-14,13768.9697265625,13921.7099609375,13664.759765625,13790.919921875,4347350000,28.329999923706055,140.58999633789062,0.20150793556903163
2022-02-15,13997.1796875,14142.490234375,13976.2900390625,14139.759765625,4416840000,25.700000762939453,129.0500030517578,0.19914761840518522
2022-02-16,14038.919921875,14163.73046875,13931.990234375,14124.08984375,4238560000,24.290000915527344,122.58000183105469,0.19815631059465086
2022-02-17,14004.1904296875,14020.8203125,13704.7001953125,13716.7197265625,4278370000,28.110000610351562,134.49000549316406,0.20901181844163397
2022-02-18,13735.400390625,13762.400390625,13465.5595703125,13548.0703125,4501940000,27.75,133.63999938964844,0.20764741190315716
2022-02-22,13424.3603515625,13618.7197265625,13249.650390625,13381.51953125,4849170000,28.809999465942383,130.69000244140625,0.2204453204357319
2022-02-23,13511.75,13533.7802734375,13032.169921875,13037.490234375,4639330000,31.020000457763672,131.24000549316406,0.23636085918465935
2022-02-24,12587.8798828125,13486.1103515625,12587.8798828125,13473.58984375,6180200000,30.31999969482422,128.5,0.2359533050180873
2022-02-25,13485.259765625,13696.8603515625,13358.2900390625,13694.6201171875,4628720000,27.59000015258789,117.76000213623047,0.2342900785673428
2022-02-28,13570.830078125,13810.6396484375,13549.900390625,13751.400390625,5928130000,30.149999618530273,123.63999938964844,0.24385312008546106
2022-03-01,13716.7001953125,13777.0400390625,13441.3203125,13532.4599609375,6131350000,33.31999969482422,132.8000030517578,0.25090360639403
2022-03-02,13597.5302734375,13796.5498046875,13493.91015625,13752.01953125,5246390000,30.739999771118164,124.91999816894531,0.24607749136807164
2022-03-03,13837.58984375,13837.58984375,13472.6396484375,13537.9404296875,5092580000,30.479999542236328,122.36000061035156,0.24910100841939473
2022-03-04,13455.23046875,13486.7099609375,13224.98046875,13313.4404296875,5343900000,31.979999542236328,127.8499984741211,0.25013687856014793
2022-03-07,13328.3603515625,13353.2802734375,12828.01953125,12830.9599609375,6195370000,36.45000076293945,133.66000366210938,0.2727068664092255
2022-03-08,12800.0400390625,13159.4404296875,12670.080078125,12795.5498046875,6683960000,35.130001068115234,139.7100067138672,0.2514494265257833
2022-03-09,13113.7001953125,13301.16015625,13039.7900390625,13255.5498046875,5396550000,32.45000076293945,130.86000061035156,0.2479749397186884
2022-03-10,13098.349609375,13163.5,12946.2802734375,13129.9599609375,5071250000,30.229999542236328,125.47000122070312,0.24093408183731044
2022-03-11,13229.76953125,13239.349609375,12830.3701171875,12843.8095703125,5288210000,30.75,125.58000183105469,0.2448638282500473
2022-03-14,12795.1201171875,12918.009765625,12555.349609375,12581.2197265625,5876710000,31.770000457763672,126.26000213623047,0.2516236331398511
2022-03-15,12685.23046875,12973.8798828125,12616.58984375,12948.6201171875,5440100000,29.829999923706055,122.18000030517578,0.24414797715827471
2022-03-16,13119.3701171875,13440.1201171875,12992.2001953125,13436.5498046875,6552210000,26.670000076293945,115.0999984741211,0.23171155890406364
2022-03-17,13360.7197265625,13620.7998046875,13317.1396484375,13614.7802734375,5612090000,25.670000076293945,109.25,0.234965675755551
2022-03-18,13564.6298828125,13899.2802734375,13528.0595703125,13893.83984375,8149290000,23.8700008392334,106.73999786376953,0.22362751842751843
2022-03-21,13860.3896484375,13945.8095703125,13682.5498046875,13838.4599609375,5673940000,23.530000686645508,108.95999908447266,0.2159508157521511
2022-03-22,13866.4296875,14141.0703125,13857.2900390625,14108.8203125,5445100000,22.940000534057617,108.22000122070312,0.21197560779244437
2022-03-23,13990.349609375,14152.1396484375,13921.650390625,13922.599609375,5024230000,23.56999969482422,108.7699966430664,0.21669578396853523
2022-03-24,14001.3203125,14193.5498046875,13897.2001953125,14191.83984375,5149520000,21.670000076293945,106.05000305175781,0.20433757145407982
2022-03-25,14194.7197265625,14218.759765625,14010.7900390625,14169.2998046875,5585100000,20.809999465942383,109.20999908447266,0.1905503126123652
2022-03-28,14177.2099609375,14356.0,14101.33984375,14354.900390625,5129500000,19.6299991607666,108.29000091552734,0.1812724997211808
2022-03-29,14500.3896484375,14646.900390625,14419.400390625,14619.6396484375,6060890000,18.899999618530273,104.3499984741211,0.1811212256339179
2022-03-30,14558.58984375,14609.25,14383.4501953125,14442.26953125,5479200000,19.329999923706055,107.41000366210938,0.17996461469747652
2022-03-31,14444.7802734375,14456.740234375,14217.7197265625,14220.51953125,5453890000,20.559999465942383,111.44999694824219,0.184477344360005
2022-04-01,14269.5302734375,14306.9404296875,14131.8095703125,14261.5,5002790000,19.6299991607666,112.22000122070312,0.17492424654460906
2022-04-04,14304.349609375,14534.3798828125,14286.4501953125,14532.5498046875,4630100000,18.56999969482422,107.11000061035156,0.1733731639343258
2022-04-05,14490.259765625,14500.2900390625,14169.1201171875,14204.169921875,4727710000,21.030000686645508,116.2699966430664,0.1808721191521562
2022-04-06,14002.580078125,14032.83984375,13788.900390625,13888.8203125,5360420000,22.100000381469727,114.83999633789062,0.1924416674173821
2022-04-07,13861.490234375,13978.25,13689.23046875,13897.2998046875,4856090000,21.549999237060547,113.33000183105469,0.19015264174429242
2022-04-08,13830.4697265625,13866.0595703125,13693.6904296875,13711.0,4574080000,21.15999984741211,112.13999938964844,0.188692705212957
2022-04-11,13547.2900390625,13585.080078125,13401.3896484375,13411.9599609375,4946680000,24.3700008392334,117.3499984741211,0.20766937499882163
2022-04-12,13584.6904296875,13685.9501953125,13317.740234375,13371.5703125,4991720000,24.260000228881836,117.26000213623047,0.20689066848810922
2022-04-13,13373.1201171875,13679.4296875,13353.66015625,13643.58984375,4909720000,21.81999969482422,113.76000213623047,0.1918073073582947
2022-04-14,13647.4296875,13662.9296875,13345.2197265625,13351.080078125,4642240000,22.700000762939453,114.75,0.19782135741123708
2022-04-18,13319.3896484375,13414.26953125,13222.0302734375,13332.3603515625,4365230000,22.170000076293945,110.9000015258789,0.19990982661186435
2022-04-19,13312.4404296875,13643.9697265625,13281.2197265625,13619.66015625,4562840000,21.3700008392334,106.05999755859375,0.20148973534934658
2022-04-20,13665.3798828125,13678.5498046875,13426.1298828125,13453.0703125,4678930000,20.31999969482422,103.02999877929688,0.1972241088573843
2022-04-21,13623.7001953125,13710.7001953125,13140.830078125,13174.650390625,5233110000,22.68000030517578,110.93000030517578,0.20445326100046513
2022-04-22,13168.7998046875,13212.599609375,12828.01953125,12839.2900390625,4475090000,28.209999084472656,122.37000274658203,0.23053034609219702
2022-04-25,12749.169921875,13011.4501953125,12722.58984375,13004.849609375,4845160000,27.020000457763672,116.9800033569336,0.23097965192665684
2022-04-26,12918.0400390625,12918.0400390625,12490.740234375,12490.740234375,5168160000,33.52000045776367,127.5,0.26290196437461705
2022-04-27,12500.8798828125,12703.7900390625,12430.900390625,12488.9296875,4810720000,31.600000381469727,123.70999908447266,0.25543610553171503
2022-04-28,12712.8603515625,12948.51953125,12487.8603515625,12871.5302734375,5067150000,29.989999771118164,119.75,0.2504384114498385
2022-04-29,12710.419921875,12861.830078125,12315.740234375,12334.6396484375,4733070000,33.400001525878906,121.9800033569336,0.2738153845441781
2022-05-02,12331.6904296875,12542.5400390625,12202.41015625,12536.01953125,4918240000,32.34000015258789,124.4800033569336,0.2598007654278115
2022-05-03,12511.4599609375,12645.830078125,12460.990234375,12563.759765625,4547280000,29.25,117.55000305175781,0.2488302785251404
2022-05-04,12574.73046875,12985.009765625,12367.01953125,12964.8603515625,5498050000,25.420000076293945,106.62000274658203,0.23841680192705536
2022-05-05,12787.51953125,12787.51953125,12183.5595703125,12317.6904296875,5308920000,31.200000762939453,119.18000030517578,0.2617888964847107
2022-05-06,12246.830078125,12358.419921875,11990.150390625,12144.66015625,5324480000,30.190000534057617,116.77999877929688,0.25852030184649905
2022-05-09,11923.0302734375,11990.6103515625,11574.9404296875,11623.25,5939140000,34.75,125.93000030517578,0.275946953988626
2022-05-10,11900.33984375,11944.9404296875,11566.2802734375,11737.669921875,6218260000,32.9900016784668,120.9800033569336,0.2726897070843574
2022-05-11,11645.5703125,11844.509765625,11339.1796875,11364.240234375,6152370000,32.560001373291016,125.88999938964844,0.25863850608588
2022-05-12,11199.25,11547.330078125,11108.759765625,11370.9599609375,6679470000,31.770000457763672,122.11000061035156,0.2601752542704553
2022-05-13,11555.9697265625,11856.7099609375,11510.259765625,11805.0,5894020000,28.8700008392334,113.88999938964844,0.2534902185789055
2022-05-16,11727.1396484375,11804.58984375,11627.5302734375,11662.7900390625,4930250000,27.469999313354492,108.26000213623047,0.2537409825540853
2022-05-17,11905.5703125,11988.4296875,11754.2802734375,11984.51953125,5093960000,26.100000381469727,101.19999694824219,0.25790514988669744
2022-05-18,11790.6796875,11826.2197265625,11381.6904296875,11418.150390625,5064120000,30.959999084472656,114.95999908447266,0.2693110588990457
2022-05-19,11364.400390625,11562.8203125,11313.3095703125,11388.5,5154410000,29.350000381469727,104.88999938964844,0.27981695635672077
2022-05-20,11542.669921875,11552.2099609375,11035.6904296875,11354.6201171875,5434370000,29.43000030517578,107.80000305175781,0.2730055609650179
2022-05-23,11396.2802734375,11552.0703125,11304.5595703125,11535.26953125,4552200000,28.479999542236328,102.68000030517578,0.27736657048685986
2022-05-24,11326.4404296875,11351.6103515625,11092.48046875,11264.4501953125,4724430000,29.450000762939453,104.29000091552734,0.28238566022061234
2022-05-25,11225.0302734375,11511.900390625,11211.849609375,11434.740234375,4519690000,28.3700008392334,98.79000091552734,0.2871748210984614
2022-05-26,11409.83984375,11796.9697265625,11406.16015625,11740.650390625,4672620000,27.5,96.25,0.2857142857142857
2022-05-27,11869.6904296875,12131.66015625,11856.8203125,12131.1298828125,4793900000,25.719999313354492,93.66000366210938,0.2746102744789839
2022-05-31,12137.5400390625,12190.080078125,11942.5,12081.3896484375,6045500000,26.190000534057617,93.0999984741211,0.2813104292513777
2022-06-01,12176.8896484375,12237.9404296875,11901.4296875,11994.4599609375,4719900000,25.690000534057617,91.38999938964844,0.28110297303456894
2022-06-02,11945.5703125,12320.1201171875,11901.4501953125,12316.900390625,4445840000,24.719999313354492,91.08000183105469,0.27140973667532303
2022-06-03,12097.1201171875,12167.4404296875,11966.6201171875,12012.73046875,4130040000,24.790000915527344,90.5,0.2739226620500259
2022-06-06,12200.330078125,12245.400390625,12004.2001953125,12061.3701171875,4647010000,25.06999969482422,89.52999877929688,0.2800178715139385
2022-06-07,11925.8095703125,12194.8603515625,11888.6103515625,12175.23046875,4411240000,24.020000457763672,87.81999969482422,0.2735140120841895
2022-06-08,12147.2802734375,12235.7802734375,12052.7001953125,12086.26953125,4708980000,23.959999084472656,92.68000030517578,0.25852394265836653
2022-06-09,12016.4697265625,12115.0595703125,11751.98046875,11754.23046875,5408460000,26.09000015258789,98.81999969482422,0.26401538386115153
2022-06-10,11543.8798828125,11569.150390625,11328.26953125,11340.01953125,5152020000,27.75,99.75,0.2781954887218045
2022-06-13,10986.849609375,11071.48046875,10775.1396484375,10809.23046875,5937320000,34.02000045776367,113.72000122070312,0.299155822129645
2022-06-14,10897.4296875,10926.8095703125,10733.0400390625,10828.349609375,4819890000,32.689998626708984,111.01000213623047,0.29447795691952255
2022-06-15,10968.400390625,11244.259765625,10866.3896484375,11099.150390625,5368500000,29.6200008392334,105.37000274658203,0.281104679388406
2022-06-16,10806.01953125,10831.0703125,10565.1396484375,10646.099609375,5696630000,32.95000076293945,114.36000061035156,0.2881252237415335
2022-06-17,10697.5498046875,10884.7099609375,10638.7197265625,10798.349609375,7452830000,31.1299991607666,110.05999755859375,0.2828457191650728
2022-06-21,10974.0498046875,11164.990234375,10974.0498046875,11069.2998046875,5226260000,30.190000534057617,104.37000274658203,0.289259363222986
2022-06-22,10941.9501953125,11216.76953125,10938.0595703125,11053.080078125,5238180000,28.950000762939453,99.66000366210938,0.2904876550184817
2022-06-23,11137.6796875,11260.26953125,11046.2802734375,11232.1904296875,5258200000,29.049999237060547,98.30999755859375,0.29549384557502867
2022-06-24,11351.3095703125,11613.23046875,11337.7802734375,11607.6201171875,9468130000,27.229999542236328,91.33999633789062,0.2981169327126466
2022-06-27,11661.01953125,11677.490234375,11487.0703125,11524.5498046875,5047860000,26.950000762939453,87.58000183105469,0.30771865950547794
2022-06-28,11542.240234375,11635.849609375,11177.6796875,11181.5400390625,5433220000,28.360000610351562,90.62000274658203,0.3129551947781334
2022-06-29,11160.2197265625,11226.330078125,11072.1904296875,11177.8896484375,5650860000,28.15999984741211,88.91999816894531,0.3166891635997221
2022-06-30,11048.25,11160.919921875,10850.009765625,11028.740234375,5654520000,28.709999084472656,89.38999938964844,0.3211768573722279
2022-07-01,11006.830078125,11132.5498046875,10922.7099609375,11127.849609375,4865730000,26.700000762939453,85.51000213623047,0.3122441830886904
2022-07-05,10964.1796875,11323.8896484375,10911.4501953125,11322.240234375,5053570000,27.540000915527344,87.30000305175781,0.315463916985199
2022-07-06,11337.900390625,11443.150390625,11250.3203125,11361.849609375,4851170000,26.729999542236328,85.87999725341797,0.3112482580007592
2022-07-07,11422.599609375,11644.4697265625,11412.8798828125,11621.349609375,4685050000,26.079999923706055,85.87999725341797,0.30367956168824967
2022-07-08,11503.6103515625,11689.7001953125,11479.76953125,11635.3095703125,4526570000,24.639999389648438,84.73999786376953,0.29077177260802406
2022-07-11,11524.490234375,11541.099609375,11348.0595703125,11372.599609375,4362910000,26.170000076293945,88.05000305175781,0.29721748062757725
2022-07-12,11420.8896484375,11483.169921875,11207.080078125,11264.73046875,4317860000,27.290000915527344,90.05999755859375,0.3030202271299447
2022-07-13,11056.5498046875,11325.669921875,11031.26953125,11247.580078125,4433060000,26.81999969482422,90.48999786376953,0.29638634465657815
2022-07-14,11151.2099609375,11279.9697265625,11005.9296875,11251.1904296875,4481070000,26.399999618530273,90.7300033569336,0.2909732022677456
2022-07-15,11379.3603515625,11454.6904296875,11295.330078125,11452.419921875,4369060000,24.229999542236328,89.37000274658203,0.27112004920647725
2022-07-18,11561.6396484375,11629.0302734375,11322.83984375,11360.0498046875,5057920000,25.299999237060547,91.86000061035156,0.27541910591071267
2022-07-19,11515.0,11721.2197265625,11448.9697265625,11713.150390625,5302740000,24.5,88.61000061035156,0.27649249329920295
2022-07-20,11726.08984375,11939.9599609375,11703.3603515625,11897.650390625,5467080000,23.8799991607666,86.75,0.27527376554197813
2022-07-21,11914.150390625,12060.58984375,11812.7197265625,12059.6103515625,4680930000,23.110000610351562,85.04000091552734,0.27175447273698156
2022-07-22,12025.3701171875,12093.01953125,11767.1904296875,11834.1103515625,4721880000,23.030000686645508,84.52999877929688,0.2724476637788149
2022-07-25,11837.9599609375,11855.1103515625,11707.5302734375,11782.669921875,4346520000,23.360000610351562,83.81999969482422,0.2786924444691213
2022-07-26,11701.5302734375,11711.3095703125,11533.3701171875,11562.5703125,4349760000,24.690000534057617,84.83000183105469,0.2910526936357918
2022-07-27,11756.1904296875,12081.73046875,11718.3798828125,12032.419921875,4588480000,23.239999771118164,81.7699966430664,0.2842118224923368
2022-07-28,12036.48046875,12179.08984375,11886.669921875,12162.58984375,4924950000,22.329999923706055,80.87999725341797,0.27608804008413085
2022-07-29,12239.6904296875,12426.259765625,12181.1298828125,12390.6904296875,4907410000,21.329999923706055,80.29000091552734,0.2656619713598861
2022-08-01,12317.9599609375,12499.7197265625,12271.98046875,12368.98046875,4396390000,22.84000015258789,86.33999633789062,0.2645355700873996
2022-08-02,12287.669921875,12503.33984375,12260.48046875,12348.759765625,4792140000,23.93000030517578,88.47000122070312,0.2704871705096784
2022-08-03,12433.8701171875,12699.6396484375,12425.2099609375,12668.16015625,5667990000,21.950000762939453,84.5999984741211,0.25945627847326613
2022-08-04,12675.0400390625,12736.1904296875,12600.7802734375,12720.580078125,5451470000,21.440000534057617,83.69000244140625,0.25618353338044614
2022-08-05,12538.7998046875,12720.4404296875,12525.76953125,12657.5498046875,4911300000,21.149999618530273,84.12999725341797,0.2513966517177202
2022-08-08,12703.7197265625,12855.150390625,12597.75,12644.4599609375,5238600000,21.290000915527344,86.94999694824219,0.24485338312548094
2022-08-09,12557.490234375,12582.91015625,12438.8603515625,12493.9296875,5307340000,21.770000457763672,87.48999786376953,0.2488284488435088
2022-08-10,12793.4404296875,12861.4404296875,12698.6103515625,12854.7998046875,5196210000,19.739999771118164,90.04000091552734,0.2192358903865139
2022-08-11,12944.8203125,13026.240234375,12760.08984375,12779.91015625,5815960000,20.200000762939453,90.83999633789062,0.22236901780360102
2022-08-12,12866.3095703125,13047.1904296875,12821.2197265625,13047.1904296875,4782610000,19.530000686645508,91.01000213623047,0.21459180560628452
2022-08-15,12996.6298828125,13146.0595703125,12993.7802734375,13128.0498046875,4476040000,19.950000762939453,88.7300033569336,0.2248394005203259
2022-08-16,13082.6396484375,13181.08984375,12979.240234375,13102.5498046875,5028410000,19.690000534057617,88.05000305175781,0.22362293982526477
2022-08-17,12968.6298828125,13053.509765625,12863.009765625,12938.1201171875,5229520000,19.899999618530273,87.47000122070312,0.2275065661462478
2022-08-18,12937.7900390625,13002.66015625,12873.490234375,12965.33984375,4724350000,19.559999465942383,86.45999908447266,0.2262317797023336
2022-08-19,12832.26953125,12859.009765625,12674.8701171875,12705.2197265625,4628170000,20.600000381469727,89.7699966430664,0.22947533866328618
2022-08-22,12523.16015625,12538.5498046875,12353.73046875,12381.5703125,4270980000,23.799999237060547,94.75,0.25118732704021685
2022-08-23,12380.3701171875,12490.849609375,12352.0302734375,12381.2998046875,3836180000,24.110000610351562,93.33999633789062,0.25830299503198395
2022-08-24,12375.150390625,12504.330078125,12350.16015625,12431.5302734375,3917170000,22.81999969482422,86.44999694824219,0.2639676171242274
2022-08-25,12506.3701171875,12641.259765625,12471.98046875,12639.26953125,4323470000,21.780000686645508,83.31999969482422,0.26140183349038665
2022-08-26,12630.580078125,12655.83984375,12141.51953125,12141.7099609375,4530000000,25.559999465942383,91.66000366210938,0.2788566271518537
2022-08-29,12021.0498046875,12124.8701171875,11981.419921875,12017.669921875,4209850000,26.209999084472656,91.56999969482422,0.28622910529455986
2022-08-30,12093.0595703125,12101.849609375,11790.01953125,11883.1396484375,4681520000,26.209999084472656,91.11000061035156,0.28767422795401426
2022-08-31,11972.5595703125,12027.4296875,11814.169921875,11816.2001953125,4952010000,25.8700008392334,88.4000015258789,0.2926470632657174
2022-09-01,11707.4404296875,11798.3701171875,11546.51953125,11785.1298828125,4792890000,25.559999465942383,87.73999786376953,0.2913152506070082
2022-09-02,11899.1396484375,11945.91015625,11573.509765625,11630.8603515625,4257410000,25.469999313354492,89.19000244140625,0.28557011566500534
2022-09-06,11643.0302734375,11679.4296875,11471.5,11544.91015625,4622940000,26.90999984741211,94.08000183105469,0.28603315607642177
2022-09-07,11559.3798828125,11819.0703125,11555.080078125,11791.900390625,4445640000,24.639999389648438,88.26000213623047,0.2791751506148422
2022-09-08,11679.8603515625,11896.73046875,11660.5302734375,11862.1298828125,4329910000,23.610000610351562,85.56999969482422,0.27591446411772785
2022-09-09,11958.6103515625,12132.669921875,11958.6103515625,12112.3095703125,4401590000,22.790000915527344,84.08999633789062,0.27101916884325344
2022-09-12,12174.9404296875,12270.1904296875,12169.2802734375,12266.41015625,4146680000,23.8700008392334,84.52999877929688,0.2823849660941868
2022-09-13,11908.8095703125,11957.9697265625,11604.4296875,11633.5703125,5188380000,27.270000457763672,93.88999938964844,0.2904462736717223
2022-09-14,11680.41015625,11746.830078125,11602.759765625,11719.6796875,4861530000,26.15999984741211,93.58000183105469,0.27954690463289633
2022-09-15,11633.240234375,11760.73046875,11497.1103515625,11552.3603515625,4805910000,26.270000457763672,92.61000061035156,0.2836626744911966
2022-09-16,11401.2099609375,11460.4296875,11316.919921875,11448.400390625,7451840000,26.299999237060547,92.41999816894531,0.28457043668172016
2022-09-19,11338.5703125,11538.1298828125,11337.830078125,11535.01953125,4168670000,25.760000228881836,88.98999786376953,0.28947073656880595
2022-09-20,11440.1396484375,11520.990234375,11343.7197265625,11425.0498046875,4028100000,27.15999984741211,91.12000274658203,0.29806847046469054
2022-09-21,11466.2099609375,11613.5703125,11218.990234375,11220.1904296875,4471000000,27.989999771118164,92.05000305175781,0.30407386032763045
2022-09-22,11167.3798828125,11203.76953125,11024.6396484375,11066.8095703125,4916470000,27.350000381469727,89.18000030517578,0.3066831160336114
2022-09-23,10952.6904296875,10958.2900390625,10732.7197265625,10867.9296875,5134350000,29.920000076293945,101.55000305175781,0.29463317751989015
2022-09-26,10833.3798828125,11024.0,10789.0498046875,10802.919921875,4697730000,32.2599983215332,109.08999633789062,0.2957191255338618
2022-09-27,10955.2900390625,11040.98046875,10741.01953125,10829.5,4445050000,32.599998474121094,113.76000213623047,0.2865681949889714
2022-09-28,10817.51953125,11101.5,10776.33984375,11051.6396484375,4556100000,30.18000030517578,105.83000183105469,0.28517433414916354
2022-09-29,10894.4404296875,10899.4697265625,10623.2197265625,10737.509765625,4516630000,31.84000015258789,108.30999755859375,0.2939710171756123
2022-09-30,10697.7099609375,10883.0400390625,10572.330078125,10575.6201171875,4649710000,31.6200008392334,106.19000244140625,0.2977681524838532
2022-10-03,10659.009765625,10875.4599609375,10577.8896484375,10815.4296875,4415440000,30.100000381469727,103.02999877929688,0.29214792524600225
2022-10-04,11054.7197265625,11189.9599609375,11044.0400390625,11176.41015625,5004780000,29.06999969482422,96.83000183105469,0.30021686610668924
2022-10-05,11022.669921875,11210.3203125,10910.759765625,11148.6396484375,4091860000,28.549999237060547,92.79000091552734,0.3076840064162887
2022-10-06,11129.0400390625,11230.4404296875,11051.26953125,11073.3095703125,4423320000,30.520000457763672,97.7300033569336,0.3122889533350086
2022-10-07,10877.2802734375,10891.9296875,10608.51953125,10652.400390625,4634190000,31.360000610351562,103.37000274658203,0.30337621918452057
2022-10-10,10659.9501953125,10669.9296875,10449.0400390625,10542.099609375,3989640000,32.45000076293945,107.11000061035156,0.3029595796660218
2022-10-11,10484.3701171875,10608.83984375,10351.98046875,10426.1904296875,4738840000,33.630001068115234,105.26000213623047,0.31949458850086604
2022-10-12,10437.0,10494.5302734375,10372.2099609375,10417.099609375,4091030000,33.56999969482422,109.19000244140625,0.30744572711992213
2022-10-13,10131.8203125,10697.7099609375,10088.830078125,10649.150390625,5300080000,31.940000534057617,101.26000213623047,0.3154256355938748
2022-10-14,10742.8095703125,10766.6904296875,10308.8095703125,10321.3896484375,4393000000,32.02000045776367,101.94000244140625,0.31410633402886506
2022-10-17,10575.650390625,10696.58984375,10569.6904296875,10675.7998046875,4439190000,31.3700008392334,97.31999969482422,0.3223386861652626
2022-10-18,10963.990234375,10972.9697265625,10670.1201171875,10772.400390625,5047360000,30.5,92.30000305175781,0.33044419275801035
2022-10-19,10689.3095703125,10808.0400390625,10592.8798828125,10680.509765625,4955090000,30.760000228881836,90.69000244140625,0.339177410969368
2022-10-20,10657.41015625,10837.2998046875,10574.5498046875,10614.83984375,4628010000,29.979999542236328,88.3499984741211,0.33933220215072074
2022-10-21,10576.0400390625,10875.7197265625,10542.4296875,10859.7197265625,4706440000,29.690000534057617,87.31999969482422,0.3400137498605311
2022-10-24,10867.0703125,10983.51953125,10713.330078125,10952.6103515625,4808710000,29.850000381469727,86.05999755859375,0.3468510484345113
2022-10-25,10996.9697265625,11210.3798828125,10996.9697265625,11199.1201171875,5141760000,28.459999084472656,82.20999908447266,0.34618658802354874
2022-10-26,10969.01953125,11205.83984375,10948.3798828125,10970.990234375,5224440000,27.280000686645508,80.41999816894531,0.33921911598824
2022-10-27,10971.9501953125,10998.73046875,10780.5,10792.669921875,4773520000,27.389999389648438,82.51000213623047,0.3319597464611067
2022-10-28,10766.2001953125,11117.0400390625,10766.2001953125,11102.4501953125,4731940000,25.75,78.12000274658203,0.32962108416114505
2022-10-31,11028.4296875,11047.9404296875,10914.009765625,10988.150390625,4753740000,25.8799991607666,78.86000061035156,0.32817650216159727
2022-11-01,11154.740234375,11156.349609375,10881.1904296875,10890.849609375,4677520000,25.809999465942383,80.23999786376953,0.3216600218479851
2022-11-02,10885.009765625,10993.240234375,10522.900390625,10524.7998046875,5436420000,25.860000610351562,80.93000030517578,0.31953540730059427
2022-11-03,10399.4501953125,10486.009765625,10319.5400390625,10342.9404296875,5102190000,25.299999237060547,79.16999816894531,0.3195654897335157
2022-11-04,10548.1396484375,10553.6298828125,10262.9296875,10475.25,5453750000,24.549999237060547,79.23999786376953,0.3098182723233693
2022-11-07,10516.9404296875,10587.9599609375,10428.91015625,10564.51953125,4456690000,24.350000381469727,79.94999694824219,0.3045653697427076
2022-11-08,10611.5302734375,10745.6396484375,10472.73046875,10616.2001953125,5134500000,25.540000915527344,84.5999984741211,0.30189126922194875
2022-11-09,10528.4501953125,10564.9697265625,10344.009765625,10353.169921875,4977460000,26.09000015258789,90.11000061035156,0.2895350124943929
2022-11-10,10869.169921875,11119.1201171875,10779.9501953125,11114.150390625,6433000000,23.530000686645508,85.77999877929688,0.2743063770283535
2022-11-11,11124.75,11352.4296875,11069.830078125,11323.330078125,5867750000,22.520000457763672,85.88999938964844,0.2621958390708501
2022-11-14,11233.900390625,11350.1201171875,11167.169921875,11196.2197265625,5004060000,23.729999542236328,84.56999969482422,0.2805959516124798
2022-11-15,11474.8203125,11492.6201171875,11241.150390625,11358.41015625,5617310000,24.540000915527344,88.30999755859375,0.27788474231635024
2022-11-16,11260.099609375,11286.099609375,11162.919921875,11183.66015625,4585190000,24.110000610351562,81.37999725341797,0.2962644559359326
2022-11-17,11008.669921875,11198.83984375,11006.2099609375,11144.9599609375,4354360000,23.93000030517578,81.16000366210938,0.29484967010108476
2022-11-18,11257.009765625,11259.4404296875,11059.16015625,11146.0595703125,4175420000,23.1200008392334,77.68000030517578,0.2976313175644121
2022-11-21,11091.009765625,11128.7802734375,10999.75,11024.509765625,3977130000,22.360000610351562,77.11000061035156,0.2899753654955861
2022-11-22,11058.5595703125,11179.8701171875,10975.66015625,11174.41015625,4186360000,21.290000915527344,77.80999755859375,0.2736152369044248
2022-11-23,11174.6103515625,11310.8203125,11174.6103515625,11285.3203125,4431530000,20.350000381469727,81.72000122070312,0.24902104842742234
2022-11-25,11231.0,11261.5703125,11206.3798828125,11226.3603515625,2184080000,20.5,82.5,0.24848484848484848
2022-11-28,11147.5703125,11217.75,11020.6904296875,11049.5,4271360000,22.209999084472656,87.33000183105469,0.25432266825597094
2022-11-29,11060.01953125,11086.01953125,10944.3701171875,10983.7802734375,4592830000,21.889999389648438,85.43000030517578,0.2562331652985167
2022-11-30,10995.2001953125,11468.4697265625,10966.5302734375,11468.0,6653460000,20.579999923706055,81.79000091552734,0.25161999869594165
2022-12-01,11475.169921875,11546.76953125,11378.75,11482.4501953125,5158120000,19.84000015258789,82.19000244140625,0.24139189151055138
2022-12-02,11308.3798828125,11492.3203125,11296.7197265625,11461.5,4523010000,19.059999465942383,81.56999969482422,0.23366433170591
2022-12-05,11380.990234375,11425.509765625,11193.01953125,11239.9404296875,4510030000,20.75,84.70999908447266,0.24495337296967903
2022-12-06,11228.419921875,11241.419921875,10956.2001953125,11014.8896484375,4713330000,22.170000076293945,86.58999633789062,0.2560341957953479
2022-12-07,10963.9501953125,11039.8095703125,10910.6201171875,10958.5498046875,4343860000,22.68000030517578,87.18000030517578,0.26015141346391224
2022-12-08,11011.330078125,11119.16015625,10939.4697265625,11082.0,4281800000,22.290000915527344,84.9000015258789,0.2625441756762865
2022-12-09,11038.169921875,11138.7001953125,10999.259765625,11004.6201171875,4337440000,22.829999923706055,87.26000213623047,0.26163189737336723
2022-12-12,11015.48046875,11144.669921875,10984.8203125,11143.740234375,4829990000,25.0,91.7300033569336,0.27253896309936554
2022-12-13,11542.83984375,11571.6396484375,11160.5400390625,11256.8095703125,6126890000,22.549999237060547,88.73999786376953,0.25411313702845134
2022-12-14,11248.08984375,11352.08984375,11065.240234375,11170.8896484375,5485150000,21.139999389648438,88.3499984741211,0.2392756055999325
2022-12-15,11012.6201171875,11029.5703125,10775.6103515625,10810.5302734375,5536070000,22.829999923706055,92.26000213623047,0.24745284408291512
2022-12-16,10767.6298828125,10833.240234375,10642.099609375,10705.41015625,7968170000,22.6200008392334,89.1500015258789,0.25372967416794884
2022-12-19,10707.4404296875,10713.9697265625,10497.5498046875,10546.0302734375,4631820000,22.420000076293945,87.54000091552734,0.2561114900824409
2022-12-20,10490.8896484375,10609.4599609375,10446.8203125,10547.1103515625,4707190000,21.479999542236328,83.0,0.2587951752076666
2022-12-21,10592.0,10753.5703125,10569.2001953125,10709.3701171875,4401420000,20.06999969482422,77.63999938964844,0.25850077089902845
2022-12-22,10586.4599609375,10599.33984375,10313.3203125,10476.1201171875,5125070000,21.969999313354492,81.94000244140625,0.26812300047299636
2022-12-23,10437.75,10514.759765625,10361.8203125,10497.8603515625,3544680000,20.8700008392334,78.83999633789062,0.2647133664211403
2022-12-27,10462.1904296875,10472.3203125,10340.73046875,10353.23046875,3827290000,21.649999618530273,78.6500015258789,0.2752701741703919
2022-12-28,10339.2001953125,10414.8203125,10207.4697265625,10213.2900390625,3842970000,22.139999389648438,79.9000015258789,0.2770963575323273
2022-12-29,10321.4599609375,10502.080078125,10301.0595703125,10478.08984375,4154100000,21.440000534057617,77.27999877929688,0.27743272350828946
2022-12-30,10368.3701171875,10468.3095703125,10324.7001953125,10466.48046875,3959030000,21.670000076293945,77.05000305175781,0.28124593404282244
2023-01-03,10562.0595703125,10613.0595703125,10309.16015625,10386.98046875,4780650000,22.899999618530273,80.33999633789062,0.28503859425407996
2023-01-04,10467.8203125,10515.2197265625,10337.6396484375,10458.759765625,5085380000,22.010000228881836,76.6500015258789,0.2871493775698194
2023-01-05,10390.3095703125,10393.2197265625,10295.25,10305.240234375,4764270000,22.459999084472656,75.95999908447266,0.2956819293730588
2023-01-06,10363.9599609375,10604.1396484375,10265.0400390625,10569.2900390625,5199780000,21.1299991607666,73.87999725341797,0.2860043306212907
2023-01-09,10662.099609375,10807.259765625,10619.1201171875,10635.650390625,5132190000,21.969999313354492,77.2699966430664,0.28432768561956323
2023-01-10,10607.7197265625,10743.669921875,10589.58984375,10742.6298828125,4710680000,20.579999923706055,76.0199966430664,0.2707182429951226
2023-01-11,10794.990234375,10932.4404296875,10762.73046875,10931.669921875,5284390000,21.09000015258789,78.94000244140625,0.267164929064223
2023-01-12,10969.259765625,11027.75,10797.1201171875,11001.099609375,5681240000,18.829999923706055,78.79000091552734,0.23898971576220884
2023-01-13,10906.3701171875,11084.009765625,10900.16015625,11079.16015625,5077990000,18.350000381469727,80.88999938964844,0.22685128594299372
2023-01-17,11070.0,11145.4404296875,11024.7197265625,11095.1103515625,5138410000,19.360000610351562,83.44000244140625,0.23202301107249682
2023-01-18,11170.9501953125,11223.41015625,10952.0498046875,10957.009765625,5288630000,20.34000015258789,85.33000183105469,0.23836868294998004
2023-01-19,10890.400390625,10932.51953125,10804.5703125,10852.26953125,4660800000,20.520000457763672,85.13999938964844,0.24101480625872018
2023-01-20,10924.66015625,11143.169921875,10885.650390625,11140.4296875,5980110000,19.850000381469727,81.02999877929688,0.24497100679386152
2023-01-23,11171.9404296875,11405.5,11144.0302734375,11364.41015625,5997810000,19.809999465942383,78.33999633789062,0.2528721009955026
2023-01-24,11302.9296875,11378.150390625,11282.650390625,11334.26953125,5670860000,19.200000762939453,79.37000274658203,0.2419050031312526
2023-01-25,11146.5302734375,11334.2197265625,11069.1796875,11313.3603515625,5485570000,19.079999923706055,80.73999786376953,0.2363140999322199
2023-01-26,11458.400390625,11516.0498046875,11341.1904296875,11512.41015625,5732890000,18.729999542236328,81.5999984741211,0.22953431240781733
2023-01-27,11470.4697265625,11691.8896484375,11470.26953125,11621.7099609375,6243800000,18.510000228881836,83.30999755859375,0.22218222027750448
2023-01-30,11512.33984375,11553.3095703125,11388.5400390625,11393.8095703125,5122320000,19.940000534057617,86.12999725341797,0.2315105209557675
2023-01-31,11398.580078125,11586.009765625,11398.3701171875,11584.5498046875,5695150000,19.399999618530273,83.9000015258789,0.2312276432145994
2023-02-01,11573.1396484375,11904.01953125,11500.330078125,11816.3203125,6336040000,17.8700008392334,81.19999694824219,0.22007391023208958
2023-02-02,12065.150390625,12269.5498046875,12024.1396484375,12200.8203125,7038210000,18.729999542236328,84.97000122070312,0.22043073170714186
2023-02-03,11946.8603515625,12231.3095703125,11946.8603515625,12006.9501953125,5954490000,18.329999923706055,83.48999786376953,0.21954725587147672
2023-02-06,11904.41015625,11973.41015625,11843.490234375,11887.4501953125,5538350000,19.43000030517578,85.0999984741211,0.2283196316517496
2023-02-07,11891.25,12150.2197265625,11836.7802734375,12113.7900390625,5720240000,18.65999984741211,84.54000091552734,0.2207239134768551
2023-02-08,12069.1201171875,12096.3896484375,11890.08984375,11910.51953125,5052870000,19.6299991607666,94.83000183105469,0.20700199073852826
2023-02-09,12069.099609375,12070.9599609375,11745.1103515625,11789.580078125,5536290000,20.709999084472656,97.95999908447266,0.21141281418973937
2023-02-10,11714.599609375,11775.7998046875,11630.5400390625,11718.1201171875,4885030000,20.530000686645508,95.62999725341797,0.21468159862267205
2023-02-13,11759.08984375,11910.919921875,11719.73046875,11891.7900390625,4752880000,20.34000015258789,93.94999694824219,0.21649814596368067
2023-02-14,11808.2001953125,11999.849609375,11760.5595703125,11960.150390625,5032430000,18.90999984741211,89.19999694824219,0.21199552123734414
2023-02-15,11905.1201171875,12071.2900390625,11876.8203125,12070.58984375,5056640000,18.229999542236328,84.80999755859375,0.21495106788137258
2023-02-16,11896.3095703125,12040.33984375,11853.3603515625,11855.830078125,5159410000,20.170000076293945,88.25,0.22855524165772176
2023-02-17,11777.5,11803.2197265625,11673.2099609375,11787.26953125,4925230000,20.020000457763672,87.97000122070312,0.2275775853127089
2023-02-21,11640.3701171875,11684.1396484375,11491.1796875,11492.2998046875,5002540000,22.8700008392334,95.98999786376953,0.23825399883528336
2023-02-22,11517.2001953125,11582.51953125,11445.169921875,11507.0703125,4671270000,22.290000915527344,91.23999786376953,0.2443007610413204
2023-02-23,11636.9296875,11638.98046875,11432.580078125,11590.400390625,4714580000,21.139999389648438,85.16000366210938,0.24823859183386054
2023-02-24,11404.1796875,11434.3603515625,11334.4697265625,11394.9404296875,4432650000,21.670000076293945,85.26000213623047,0.2541637289859447
2023-02-27,11517.1904296875,11565.23046875,11444.599609375,11466.98046875,4494000000,20.950000762939453,83.20999908447266,0.25177263542175443
2023-02-28,11451.0498046875,11548.23046875,11435.3896484375,11455.5400390625,5340950000,20.700000762939453,80.76000213623047,0.25631501009647745
2023-03-01,11447.580078125,11479.0,11349.8701171875,11379.48046875,4927530000,20.579999923706055,80.55000305175781,0.25549347168220804
2023-03-02,11273.76953125,11487.58984375,11273.6103515625,11462.98046875,5313760000,19.59000015258789,77.33999633789062,0.2532971435245634
2023-03-03,11524.650390625,11699.6298828125,11514.740234375,11689.009765625,5102210000,18.489999771118164,75.93000030517578,0.24351375868304573
2023-03-06,11736.8701171875,11827.919921875,11667.48046875,11675.740234375,4982880000,18.610000610351562,76.41000366210938,0.24355450488716565
2023-03-07,11670.98046875,11705.9599609375,11512.0302734375,11530.330078125,5422820000,19.59000015258789,78.54000091552734,0.24942704257996706
2023-03-08,11553.08984375,11601.23046875,11487.75,11576.0,5085970000,19.110000610351562,74.66999816894531,0.2559260891786022
2023-03-09,11578.3095703125,11667.1201171875,11319.98046875,11338.349609375,5061790000,22.610000610351562,92.04000091552734,0.24565406763851094
2023-03-10,11325.3603515625,11373.8095703125,11093.8603515625,11138.8896484375,6193500000,24.799999237060547,108.62000274658203,0.2283188971640947
2023-03-13,11041.4599609375,11326.73046875,10982.7998046875,11188.83984375,6201490000,26.520000457763672,114.54000091552734,0.2315348371380059
2023-03-14,11357.73046875,11467.01953125,11284.9296875,11428.150390625,5533120000,23.729999542236328,104.9000015258789,0.22621543562496632
2023-03-15,11291.169921875,11447.900390625,11238.4404296875,11434.0498046875,5912430000,26.139999389648438,122.75,0.21295315185049643
2023-03-16,11384.8701171875,11733.7998046875,11365.490234375,11717.2802734375,5498920000,22.989999771118164,110.7699966430664,0.20754717403484918
2023-03-17,11696.33984375,11773.1103515625,11562.6298828125,11630.509765625,7903090000,25.510000228881836,124.75,0.20448897979063596
2023-03-20,11614.3896484375,11695.5498046875,11550.6904296875,11675.5400390625,4970630000,24.149999618530273,110.16000366210938,0.21922656876995825
2023-03-21,11764.7900390625,11879.16015625,11724.91015625,11860.1103515625,4829870000,21.3799991607666,101.19000244140625,0.21128568677668155
2023-03-22,11857.5,12013.990234375,11666.849609375,11669.9599609375,4981590000,22.260000228881836,102.63999938964844,0.2168745163800812
2023-03-23,11811.3203125,11962.6904296875,11684.51953125,11787.400390625,4917460000,22.610000610351562,102.91999816894531,0.2196852022212124
2023-03-24,11747.6201171875,11826.23046875,11670.669921875,11823.9599609375,4363650000,21.739999771118164,99.72000122070312,0.21801042423778738
2023-03-27,11868.5400390625,11903.2099609375,11739.0498046875,11768.83984375,4330320000,20.600000381469727,95.06999969482422,0.21668244922263555
2023-03-28,11752.759765625,11752.759765625,11635.0302734375,11716.080078125,4036910000,19.969999313354492,91.41000366210938,0.21846623469322007
2023-03-29,11855.58984375,11941.599609375,11823.349609375,11926.240234375,4493540000,19.1200008392334,87.77999877929688,0.21781728303854678
2023-03-30,12010.4501953125,12044.7900390625,11953.3701171875,12013.4697265625,4738880000,19.020000457763672,85.33999633789062,0.2228732279581651
2023-03-31,12031.5400390625,12227.9296875,12030.4404296875,12221.91015625,5521150000,18.700000762939453,87.52999877929688,0.21364104905440134
2023-04-03,12146.08984375,12196.33984375,12086.51953125,12189.4501953125,4816440000,18.549999237060547,84.06999969482422,0.2206494505102583
2023-04-04,12208.490234375,12224.6796875,12081.8095703125,12126.330078125,4298760000,19.0,84.72000122070312,0.2242681742945602
2023-04-05,12081.759765625,12086.75,11931.849609375,11996.8603515625,4378590000,19.079999923706055,85.91999816894531,0.22206704295068616
2023-04-06,11939.080078125,12098.5,11898.3603515625,12087.9599609375,3862800000,18.399999618530273,84.63999938964844,0.21739130140849947
2023-04-10,11975.1298828125,12084.9501953125,11924.2001953125,12084.3603515625,4334070000,18.969999313354492,85.94000244140625,0.22073538252792355
2023-04-11,12080.240234375,12091.26953125,12011.400390625,12031.8798828125,4676960000,19.100000381469727,85.91999816894531,0.2222998229575519
2023-04-12,12110.8701171875,12134.5,11916.5400390625,11929.33984375,4909770000,19.09000015258789,87.05999755859375,0.21927407176573604
2023-04-13,11997.419921875,12178.7998046875,11995.9404296875,12166.26953125,4942990000,17.799999237060547,84.7300033569336,0.21007905738037416
2023-04-14,12117.91015625,12205.7197265625,12026.5498046875,12123.4697265625,4655740000,17.06999969482422,84.01000213623047,0.2031900876177046
2023-04-17,12108.23046875,12159.01953125,12064.099609375,12157.7197265625,4823180000,16.950000762939453,83.1500015258789,0.20384847206123113
2023-04-18,12234.5595703125,12245.4296875,12110.23046875,12153.41015625,4851810000,16.829999923706055,88.01000213623047,0.19122826400634485
2023-04-19,12063.6796875,12191.099609375,12060.169921875,12157.23046875,4972700000,16.459999084472656,95.04000091552734,0.17319022438880755
2023-04-20,12039.080078125,12155.9599609375,12011.9501953125,12059.5595703125,4590530000,17.170000076293945,98.45999908447266,0.1743855396704111
2023-04-21,12046.0302734375,12097.150390625,11986.8203125,12072.4599609375,4868050000,16.770000457763672,96.94000244140625,0.17299360465665364
2023-04-24,12053.4697265625,12103.580078125,11960.2998046875,12037.2001953125,4854050000,16.889999389648438,93.95999908447266,0.17975733880610043
2023-04-25,11968.8095703125,11990.4599609375,11798.76953125,11799.16015625,4806020000,18.760000228881836,94.3499984741211,0.19883413388742605
2023-04-26,11913.23046875,11967.990234375,11833.0703125,11854.349609375,5281970000,18.84000015258789,90.6500015258789,0.20783232030293367
2023-04-27,11972.150390625,12154.009765625,11950.919921875,12142.240234375,5253710000,17.030000686645508,85.79000091552734,0.19850799049896276
2023-04-28,12117.5400390625,12227.7197265625,12082.5703125,12226.580078125,5331380000,15.779999732971191,86.9000015258789,0.18158802595960705
2023-05-01,12210.0498046875,12261.3203125,12181.080078125,12212.599609375,5168430000,16.079999923706055,88.20999908447266,0.18229225814079586
2023-05-02,12198.01953125,12206.580078125,12015.23046875,12080.509765625,5501410000,17.780000686645508,91.45999908447266,0.19440193379210358
2023-05-03,12097.0400390625,12212.5498046875,12022.4599609375,12025.330078125,5782160000,18.34000015258789,91.54000091552734,0.2003495736198643
2023-05-04,11997.33984375,12033.150390625,11925.3701171875,11966.400390625,4745780000,20.09000015258789,98.73999786376953,0.20346364783505302
2023-05-05,12073.0302734375,12264.830078125,12065.7197265625,12235.41015625,4574790000,17.190000534057617,91.80000305175781,0.1872549015533879
2023-05-08,12231.6796875,12264.990234375,12178.259765625,12256.919921875,4216360000,16.979999542236328,91.9800033569336,0.184605337274717
2023-05-09,12195.7802734375,12216.1298828125,12174.0595703125,12179.5498046875,4126780000,17.709999084472656,92.44999694824219,0.19156300345134178
2023-05-10,12286.66015625,12337.6904296875,12180.8603515625,12306.4404296875,4948260000,16.940000534057617,97.52999877929688,0.1736901542713189
2023-05-11,12321.259765625,12347.3798828125,12255.4404296875,12328.509765625,4489490000,16.93000030517578,97.31999969482422,0.17396219028221155
2023-05-12,12350.51953125,12364.650390625,12209.580078125,12284.740234375,4170000000,17.030000686645508,100.54000091552734,0.16938532456304567
2023-05-15,12301.169921875,12376.400390625,12263.349609375,12365.2099609375,3979290000,17.1200008392334,94.6500015258789,0.18087692090055066
2023-05-16,12327.0498046875,12403.8095703125,12324.51953125,12343.0498046875,4067510000,17.989999771118164,97.62999725341797,0.18426713384434049
2023-05-17,12388.580078125,12514.0703125,12335.01953125,12500.5703125,4501820000,16.8700008392334,92.76000213623047,0.18186718899011609
2023-05-18,12513.8701171875,12698.5,12512.259765625,12688.83984375,4532890000,16.049999237060547,89.05999755859375,0.18021558137255775
2023-05-19,12709.4599609375,12731.73046875,12624.0595703125,12657.900390625,3935780000,16.809999465942383,94.7699966430664,0.17737680765415792
2023-05-22,12664.4404296875,12756.23046875,12655.259765625,12720.7802734375,4278920000,17.209999084472656,97.63999938964844,0.17625972134425494
2023-05-23,12652.8798828125,12709.740234375,12554.4296875,12560.25,4347440000,18.530000686645508,101.91000366210938,0.18182710254906065
2023-05-24,12481.8896484375,12529.6298828125,12415.849609375,12484.16015625,4088270000,20.030000686645508,106.5199966430664,0.18803981710366774
2023-05-25,12706.4404296875,12736.919921875,12604.8896484375,12698.08984375,4651640000,19.139999389648438,103.87999725341797,0.18425105791017599
2023-05-26,12736.419921875,13001.91015625,12729.740234375,12975.6904296875,4434070000,17.950000762939453,97.56999969482422,0.18397049112516953
2023-05-30,13109.099609375,13154.2900390625,12968.1201171875,13017.4296875,4843470000,17.459999084472656,91.91000366210938,0.18996842986386125
2023-05-31,12968.3798828125,13029.080078125,12889.3701171875,12935.2900390625,5905760000,17.940000534057617,91.38999938964844,0.19630157187734532
2023-06-01,12944.4599609375,13141.830078125,12903.6298828125,13100.98046875,4610310000,15.649999618530273,85.06999969482422,0.18396614170297737
2023-06-02,13190.48046875,13256.2099609375,13125.8603515625,13240.76953125,4426760000,14.600000381469727,86.16000366210938,0.16945217921213224
2023-06-05,13238.48046875,13330.650390625,13194.9501953125,13229.4296875,4344280000,14.729999542236328,85.7699966430664,0.17173837144398552
2023-06-06,13199.58984375,13306.2099609375,13165.650390625,13276.419921875,4810910000,13.960000038146973,85.73999786376953,0.16281782582182613
2023-06-07,13295.259765625,13361.900390625,13089.48046875,13104.900390625,5270600000,13.9399995803833,84.0,0.16595237595694406
2023-06-08,13113.26953125,13248.599609375,13101.1796875,13238.51953125,4280160000,13.649999618530273,87.62999725341797,0.15576857293576898
2023-06-09,13312.3896484375,13385.9501953125,13229.330078125,13259.1396484375,4412710000,13.829999923706055,89.69999694824219,0.1541806064016491
2023-06-12,13326.3701171875,13465.91015625,13302.580078125,13461.919921875,4722680000,15.010000228881836,92.83000183105469,0.1616934173522821
2023-06-13,13566.5302734375,13594.400390625,13473.1904296875,13573.3203125,5522100000,14.609999656677246,92.0999984741211,0.15863192072454232
2023-06-14,13570.5595703125,13661.740234375,13455.990234375,13626.48046875,5772550000,13.880000114440918,91.91000366210938,0.15101729476008124
2023-06-15,13572.8798828125,13828.169921875,13561.3701171875,13782.8203125,5667520000,14.5,93.94999694824219,0.15433741853113808
2023-06-16,13859.0703125,13864.0595703125,13680.9501953125,13689.5703125,8076530000,13.539999961853027,90.69000244140625,0.14929980810840823
2023-06-20,13642.2900390625,13711.1796875,13561.83984375,13667.2900390625,5237710000,13.880000114440918,96.26000213623047,0.14419280912540874
2023-06-21,13620.8701171875,13638.5703125,13460.9404296875,13502.2001953125,5194640000,13.199999809265137,92.7300033569336,0.14234874723832466
2023-06-22,13443.41015625,13631.849609375,13441.5595703125,13630.6103515625,4499550000,12.90999984741211,90.63999938964844,0.14243159680434087
2023-06-23,13484.099609375,13572.1904296875,13442.650390625,13492.51953125,7734500000,13.4399995803833,92.33999633789062,0.1455490590578284
2023-06-26,13468.740234375,13573.5703125,13334.419921875,13335.7802734375,4430600000,14.25,95.41999816894531,0.1493397639221261
2023-06-27,13389.25,13578.7998046875,13366.9697265625,13555.669921875,5053660000,13.739999771118164,91.33000183105469,0.1504434413188218
2023-06-28,13506.01953125,13654.1396484375,13495.73046875,13591.75,4533270000,13.430000305175781,85.79000091552734,0.15654505375748343
2023-06-29,13592.3603515625,13618.5302734375,13540.259765625,13591.330078125,4388140000,13.539999961853027,85.26000213623047,0.1588083465001384
2023-06-30,13719.98046875,13816.6796875,13716.16015625,13787.919921875,4661120000,13.59000015258789,83.11000061035156,0.16351822948844041
2023-07-03,13798.7001953125,13839.08984375,13773.41015625,13816.76953125,2902300000,13.569999694824219,84.16999816894531,0.16122133765034222
2023-07-05,13772.099609375,13844.5,13764.25,13791.650390625,5339340000,14.180000305175781,87.76000213623047,0.16157702780321345
2023-07-06,13653.169921875,13689.51953125,13567.25,13679.0400390625,6113080000,15.4399995803833,95.30000305175781,0.1620146808599552
2023-07-07,13668.0703125,13804.509765625,13656.73046875,13660.7197265625,5098120000,14.829999923706055,94.48999786376953,0.15694782790753292
2023-07-10,13645.3701171875,13692.41015625,13584.8701171875,13685.48046875,5275390000,15.069999694824219,95.33000183105469,0.1580824441976987
2023-07-11,13709.8095703125,13774.830078125,13643.3203125,13760.7001953125,4840950000,14.84000015258789,95.20999908447266,0.15586598356567022
2023-07-12,13915.6396484375,13963.4501953125,13842.1298828125,13918.9599609375,5230620000,13.539999961853027,95.8499984741211,0.14126239100054597
2023-07-13,14021.150390625,14163.7998046875,14012.240234375,14138.5703125,5183560000,13.609999656677246,96.43000030517578,0.14113864579078242
2023-07-14,14166.66015625,14232.1103515625,14081.9599609375,14113.7001953125,5366890000,13.34000015258789,94.88999938964844,0.14058383642526562
2023-07-17,14149.919921875,14274.41015625,14138.009765625,14244.9501953125,4593160000,13.479999542236328,95.9800033569336,0.14044591655312266
2023-07-18,14212.25,14396.6904296875,14176.1103515625,14353.6396484375,4824070000,13.300000190734863,92.98999786376953,0.1430261371789618
2023-07-19,14398.5302734375,14446.5498046875,14317.08984375,14358.01953125,5112420000,13.760000228881836,93.56999969482422,0.1470556831651135
2023-07-20,14273.2900390625,14309.919921875,14030.6201171875,14063.3095703125,5128020000,13.989999771118164,94.05999755859375,0.1487348515228616
2023-07-21,14148.1796875,14179.009765625,14020.4501953125,14032.8095703125,5254180000,13.600000381469727,93.36000061035156,0.14567266808652726
2023-07-24,14081.6298828125,14110.150390625,13997.1298828125,14058.8701171875,4083070000,13.90999984741211,91.73999786376953,0.15162415708868818
2023-07-25,14093.240234375,14201.91015625,14092.51953125,14144.5595703125,3812470000,13.859999656677246,90.0,0.15399999618530275
2023-07-26,14123.51953125,14187.349609375,14041.9501953125,14127.2802734375,4322000000,13.1899995803833,85.37999725341797,0.1544858281177243
2023-07-27,14319.16015625,14360.2001953125,14006.9296875,14050.1103515625,5115840000,14.40999984741211,94.05000305175781,0.15321636767499056
2023-07-28,14199.830078125,14344.349609375,14188.099609375,14316.66015625,4453520000,13.329999923706055,87.37999725341797,0.15255207533420512
2023-07-31,14337.900390625,14370.91015625,14292.75,14346.01953125,4934440000,13.630000114440918,86.68000030517578,0.15724503999138834
2023-08-01,14274.9296875,14309.2099609375,14215.6396484375,14283.91015625,4633770000,13.930000305175781,87.48999786376953,0.1592182037410282
2023-08-02,14132.73046875,14133.849609375,13914.8095703125,13973.4501953125,5481960000,16.09000015258789,96.19999694824219,0.16725572414773238
2023-08-03,13899.759765625,14032.2802734375,13881.349609375,13959.7197265625,6036970000,15.920000076293945,94.04000091552734,0.16928966313594884
2023-08-04,14025.9599609375,14119.2197265625,13897.9296875,13909.240234375,5349450000,17.100000381469727,99.62999725341797,0.17163505824429884
2023-08-07,13972.4501953125,13997.150390625,13864.919921875,13994.400390625,4892330000,15.770000457763672,92.98999786376953,0.16958813657428773
2023-08-08,13875.4501953125,13899.740234375,13769.33984375,13884.3203125,5284550000,15.989999771118164,94.91000366210938,0.16847538883302984
2023-08-09,13897.6103515625,13898.5400390625,13698.3896484375,13722.01953125,5591360000,15.960000038146973,97.43000030517578,0.16380991468907066
2023-08-10,13818.25,13947.16015625,13686.509765625,13737.990234375,5299080000,15.850000381469727,99.77999877929688,0.15884947459789314
2023-08-11,13633.650390625,13720.330078125,13609.98046875,13644.849609375,4638880000,14.84000015258789,96.68000030517578,0.153496070601413
2023-08-14,13599.0,13789.16015625,13582.490234375,13788.330078125,4272020000,14.819999694824219,95.33000183105469,0.1554599749309609
2023-08-15,13760.48046875,13774.98046875,13611.9404296875,13631.0498046875,4473320000,16.459999084472656,103.27999877929688,0.15937257241498115
2023-08-16,13593.169921875,13644.3203125,13473.0302734375,13474.6298828125,6243760000,16.780000686645508,104.54000091552734,0.16051272756544593
2023-08-17,13527.2998046875,13535.08984375,13303.4501953125,13316.9296875,5280180000,17.889999389648438,106.73999786376953,0.1676035202144293
2023-08-18,13190.01953125,13335.8701171875,13161.759765625,13290.7802734375,4801910000,17.299999237060547,97.27999877929688,0.17783716544147748
2023-08-21,13347.259765625,13516.8603515625,13325.58984375,13497.58984375,4363070000,17.1299991607666,95.23999786376953,0.1798613979944561
2023-08-22,13593.9501953125,13598.76953125,13484.3798828125,13505.8701171875,4282430000,16.969999313354492,92.62000274658203,0.18322175351026684
2023-08-23,13532.4296875,13757.0,13532.4296875,13721.0302734375,4127850000,15.979999542236328,88.98999786376953,0.17957073745185761
2023-08-24,13834.3095703125,13834.6904296875,13462.83984375,13463.9697265625,4383820000,17.200000762939453,92.16999816894531,0.18661170776430178
2023-08-25,13514.3701171875,13633.419921875,13376.349609375,13590.650390625,3970060000,15.680000305175781,84.31999969482422,0.1859582585617379
2023-08-28,13695.3603515625,13735.98046875,13626.6396484375,13705.1298828125,3666680000,15.079999923706055,82.2300033569336,0.18338804947202422
2023-08-29,13687.23046875,13959.8095703125,13677.0595703125,13943.759765625,4748180000,14.449999809265137,79.05000305175781,0.18279568945499006
2023-08-30,13961.76953125,14050.8203125,13924.2001953125,14019.3095703125,4364600000,13.880000114440918,78.62999725341797,0.1765229632363693
2023-08-31,14041.5400390625,14114.669921875,14010.48046875,14034.9697265625,4568610000,13.569999694824219,80.80000305175781,0.16794553443434557
2023-09-01,14129.9599609375,14149.6201171875,13982.419921875,14031.8095703125,4033960000,13.09000015258789,82.6500015258789,0.1583787043063662
2023-09-05,13994.5400390625,14060.849609375,13945.650390625,14020.9501953125,4379790000,14.010000228881836,86.43000030517578,0.16209649634865106
2023-09-06,13988.8095703125,14001.9501953125,13802.419921875,13872.4697265625,4215320000,14.449999809265137,87.8499984741211,0.16448491815878433
2023-09-07,13675.1103515625,13774.6298828125,13642.4697265625,13748.830078125,4320830000,14.399999618530273,87.6500015258789,0.16428978172098074
2023-09-08,13754.7099609375,13843.3701171875,13733.1796875,13761.5302734375,4160360000,13.84000015258789,85.2699966430664,0.16230797112049924
2023-09-11,13884.0302734375,13937.4697265625,13805.1298828125,13917.8896484375,4538870000,13.800000190734863,85.19000244140625,0.1619908415923161
2023-09-12,13858.9404296875,13913.599609375,13763.6904296875,13773.6103515625,4595490000,14.229999542236328,85.62999725341797,0.16618007706018384
2023-09-13,13773.669921875,13868.5703125,13733.8203125,13813.58984375,4840310000,13.479999542236328,84.97000122070312,0.15864421970788317
2023-09-14,13889.759765625,13957.5703125,13810.66015625,13926.0498046875,4649010000,12.819999694824219,82.4800033569336,0.15543160976055562
2023-09-15,13889.2001953125,13895.75,13684.240234375,13708.330078125,8162210000,13.789999961853027,84.83999633789062,0.1625412606918541
2023-09-18,13669.9599609375,13751.2802734375,13663.4599609375,13710.240234375,4855880000,14.0,84.7699966430664,0.1651527728489665
2023-09-19,13649.4404296875,13705.150390625,13578.8701171875,13678.1904296875,4453460000,14.109999656677246,83.54000091552734,0.16890111924878684
2023-09-20,13710.259765625,13727.8095703125,13467.2802734375,13469.1298828125,4782440000,15.140000343322754,88.05000305175781,0.17194775489585293
2023-09-21,13328.0595703125,13362.23046875,13222.5595703125,13223.98046875,5014890000,17.540000915527344,94.44000244140625,0.18572639201708777
2023-09-22,13287.169921875,13353.2197265625,13200.6396484375,13211.8095703125,4302700000,17.200000762939453,90.54000091552734,0.18997128991623086
2023-09-25,13172.5400390625,13277.830078125,13132.0,13271.3203125,4100290000,16.899999618530273,91.73999786376953,0.18421626348439796
2023-09-26,13180.9599609375,13199.1298828125,13033.400390625,13063.6103515625,4693540000,18.940000534057617,103.04000091552734,0.18381211535105396
2023-09-27,13115.3603515625,13156.3701171875,12963.16015625,13092.849609375,4841410000,18.219999313354492,97.08999633789062,0.187660933160875
2023-09-28,13043.3701171875,13270.9697265625,13025.1103515625,13201.2802734375,4648390000,17.34000015258789,93.72000122070312,0.18501920536421648
2023-09-29,13337.7099609375,13382.98046875,13177.08984375,13219.3203125,5138500000,17.520000457763672,94.0999984741211,0.18618491755429661
2023-10-02,13217.98046875,13364.0302734375,13204.080078125,13307.76953125,4554700000,17.610000610351562,95.38999938964844,0.1846105537585586
2023-10-03,13229.6796875,13280.0400390625,13008.599609375,13059.4697265625,4684310000,19.780000686645508,104.38999938964844,0.18948175881115045
2023-10-04,13092.919921875,13258.759765625,13072.509765625,13236.009765625,4308070000,18.579999923706055,95.58000183105469,0.19439212772299055
2023-10-05,13228.1201171875,13251.1796875,13087.5703125,13219.830078125,4167470000,18.489999771118164,95.58999633789062,0.19343028014939853
2023-10-06,13127.6796875,13472.26953125,13099.0302734375,13431.33984375,4309420000,17.450000762939453,91.16000366210938,0.19142167685314102
2023-10-09,13326.2197265625,13509.2998046875,13277.48046875,13484.240234375,3835930000,17.700000762939453,92.02999877929688,0.19232859934494811
2023-10-10,13505.8095703125,13659.6298828125,13491.8095703125,13562.83984375,4301350000,17.030000686645508,90.0999984741211,0.18901221947897076
2023-10-11,13619.2099609375,13671.1103515625,13549.2900390625,13659.6796875,4160440000,16.09000015258789,90.56999969482422,0.1776526466468276
2023-10-12,13672.4697265625,13714.1396484375,13491.5595703125,13574.2197265625,4858620000,16.690000534057617,91.87000274658203,0.18166975111665118
2023-10-13,13613.58984375,13619.5400390625,13361.849609375,13407.23046875,4251550000,19.31999969482422,108.0999984741211,0.17872340395499067
2023-10-16,13453.8095703125,13598.0498046875,13447.169921875,13567.98046875,4308690000,17.209999084472656,95.69000244140625,0.17985158998204473
2023-10-17,13419.8701171875,13602.25,13364.740234375,13533.75,4417640000,17.8799991607666,95.80000305175781,0.18663881619196385
2023-10-18,13439.6796875,13499.740234375,13275.2998046875,13314.2998046875,4617140000,19.219999313354492,105.88999938964844,0.18150910779241533
2023-10-19,13354.7998046875,13404.73046875,13157.330078125,13186.1796875,5014790000,21.399999618530273,116.47000122070312,0.18373829650760162
2023-10-20,13157.76953125,13177.349609375,12977.4296875,12983.8095703125,4622840000,21.709999084472656,115.43000030517578,0.18807934702482365
2023-10-23,12930.849609375,13143.2197265625,12848.830078125,13018.330078125,4669060000,20.3700008392334,109.0,0.1868807416443431
2023-10-24,13084.990234375,13170.3896484375,13022.849609375,13139.8701171875,4604720000,18.969999313354492,98.54000091552734,0.19251064681454974
2023-10-25,13039.8603515625,13042.51953125,12804.2998046875,12821.2197265625,4599850000,20.190000534057617,102.91999816894531,0.19617179258899045
2023-10-26,12768.9697265625,12818.1396484375,12543.8603515625,12595.6103515625,4894900000,20.68000030517578,101.97000122070312,0.20280474705905063
2023-10-27,12718.6904296875,12772.4296875,12600.5703125,12643.009765625,4172100000,21.270000457763672,102.04000091552734,0.20844767019721805
2023-10-30,12750.4697265625,12842.9599609375,12691.5595703125,12789.48046875,4149320000,19.75,95.2300033569336,0.20739262106265613
2023-10-31,12786.6201171875,12859.400390625,12697.0400390625,12851.240234375,4315630000,18.139999389648438,87.94000244140625,0.20627699438301678
2023-11-01,12887.0595703125,13072.419921875,12875.2001953125,13061.4697265625,4545120000,16.8700008392334,85.08000183105469,0.19828397362675834
2023-11-02,13230.490234375,13302.1796875,13177.6396484375,13294.1904296875,4962950000,15.65999984741211,83.23999786376953,0.18813070938614443
2023-11-03,13362.849609375,13520.2802734375,13344.73046875,13478.2802734375,4918750000,14.90999984741211,82.83000183105469,0.18000723793081025
2023-11-06,13514.080078125,13551.6201171875,13435.990234375,13518.7802734375,4345850000,14.890000343322754,84.33000183105469,0.17656824404146382
2023-11-07,13555.7900390625,13675.4599609375,13516.5595703125,13639.8603515625,4354460000,14.8100004196167,83.43000030517578,0.17751408804319427
2023-11-08,13660.2197265625,13684.8701171875,13573.580078125,13650.41015625,4685550000,14.449999809265137,85.04000091552734,0.16992003355713428
2023-11-09,13693.7001953125,13697.8203125,13506.01953125,13521.4501953125,5313970000,15.289999961853027,88.73999786376953,0.17230110806770232
2023-11-10,13571.1904296875,13802.5302734375,13556.349609375,13798.1103515625,4722140000,14.170000076293945,85.66000366210938,0.16542142739321253
2023-11-13,13745.9599609375,13805.1103515625,13687.7802734375,13767.740234375,4349590000,14.760000228881836,85.51000213623047,0.17261138884509564
2023-11-14,14015.3701171875,14124.0595703125,14003.1396484375,14094.3798828125,5332490000,14.15999984741211,83.7699966430664,0.16903426542734765
2023-11-15,14147.26953125,14194.3603515625,14060.7001953125,14103.83984375,5063830000,14.180000305175781,84.91000366210938,0.16700034970677463
2023-11-16,14066.8798828125,14130.4501953125,14033.7900390625,14113.669921875,4545180000,14.319999694824219,83.2300033569336,0.17205333554310462
2023-11-17,14101.4404296875,14154.3203125,14063.9296875,14125.48046875,4408640000,13.800000190734863,81.83000183105469,0.16864230577956224
2023-11-20,14134.75,14309.7998046875,14134.2001953125,14284.5302734375,4561810000,13.40999984741211,81.80999755859375,0.16391639466567193
2023-11-21,14217.23046875,14237.5,14146.3095703125,14199.98046875,4128600000,13.350000381469727,81.7699966430664,0.16326282168927697
2023-11-22,14283.8203125,14359.6103515625,14226.6298828125,14265.8603515625,3855240000,12.850000381469727,83.37999725341797,0.1541137059817182
2023-11-24,14238.0400390625,14270.2802734375,14214.1298828125,14250.849609375,2541840000,12.460000038146973,83.0,0.15012048238731293
2023-11-27,14239.3095703125,14305.7099609375,14205.240234375,14241.01953125,4205880000,12.6899995803833,85.1500015258789,0.14903111395161325
2023-11-28,14224.6298828125,14303.66015625,14195.7197265625,14281.759765625,4474400000,12.6899995803833,85.13999938964844,0.14904862193276203
2023-11-29,14367.1103515625,14423.2197265625,14247.8896484375,14258.490234375,4890220000,12.979999542236328,87.79000091552734,0.14785282386231946
2023-11-30,14265.0498046875,14289.2001953125,14127.0498046875,14226.2197265625,5678070000,12.920000076293945,86.70999908447266,0.14900242431910668
2023-12-01,14181.349609375,14311.9501953125,14135.0,14305.0302734375,5607000000,12.630000114440918,85.9000015258789,0.14703143061802978
2023-12-04,14168.66015625,14197.51953125,14058.51953125,14185.490234375,6270020000,13.079999923706055,87.76000213623047,0.1490428396230196
2023-12-05,14126.400390625,14285.66015625,14121.759765625,14229.91015625,6179120000,12.850000381469727,85.76000213623047,0.1498367544471069
2023-12-06,14325.6201171875,14327.6298828125,14138.509765625,14146.7099609375,5167030000,12.970000267028809,86.8499984741211,0.14933794467358005
2023-12-07,14230.4296875,14353.1103515625,14220.8701171875,14339.990234375,5694310000,13.0600004196167,86.0,0.151860469995543
2023-12-08,14279.4599609375,14416.919921875,14264.9599609375,14403.9697265625,5430840000,12.350000381469727,81.11000061035156,0.15226236331569665
2023-12-11,14340.1298828125,14436.080078125,14324.5703125,14432.490234375,5607820000,12.630000114440918,82.3499984741211,0.1533697674373359
2023-12-12,14423.009765625,14533.400390625,14385.3896484375,14533.400390625,4950100000,12.069999694824219,83.54000091552734,0.14448168018371188
2023-12-13,14555.6796875,14743.5498046875,14517.51953125,14733.9599609375,6732040000,12.1899995803833,80.83000183105469,0.15081033408686542
2023-12-14,14798.7197265625,14855.6201171875,14642.23046875,14761.5595703125,8033170000,12.479999542236328,80.83000183105469,0.15439811034918896
2023-12-15,14797.4599609375,14848.400390625,14753.16015625,14813.919921875,8377630000,12.279999732971191,88.04000091552734,0.13948204912848208
2023-12-18,14814.01953125,14938.0400390625,14811.8203125,14904.8095703125,5866080000,12.5600004196167,88.66999816894531,0.14164881785252545
2023-12-19,14923.01953125,15003.7998046875,14921.599609375,15003.2197265625,5757180000,12.529999732971191,88.7699966430664,0.14115129217986602
2023-12-20,14973.3603515625,15069.2900390625,14776.2900390625,14777.9404296875,6294700000,13.670000076293945,92.18000030517578,0.14829681092468378
2023-12-21,14923.1396484375,14970.8095703125,14837.4697265625,14963.8701171875,5465640000,13.649999618530273,89.8499984741211,0.15191986477842617
2023-12-22,15006.1796875,15047.1904296875,14927.1201171875,14992.9697265625,4796600000,13.029999732971191,88.62000274658203,0.14703226505455896
2023-12-26,15028.6904296875,15101.1796875,15024.0595703125,15074.5703125,6120600000,12.989999771118164,88.87000274658203,0.14616855372627705
2023-12-27,15089.66015625,15114.080078125,15051.669921875,15099.1796875,7480170000,12.430000305175781,86.22000122070312,0.14416608825321023
2023-12-28,15142.08984375,15150.0703125,15087.2197265625,15095.1396484375,5090570000,12.470000267028809,86.69000244140625,0.14384588667484788
2023-12-29,15099.2001953125,15111.41015625,14955.3701171875,15011.349609375,5441060000,12.449999809265137,86.95999908447266,0.14316927254301426
2024-01-02,14873.7001953125,14887.7998046875,14682.3798828125,14765.9404296875,5791170000,13.199999809265137,88.08999633789062,0.14984675170871076
2024-01-03,14641.4697265625,14694.580078125,14577.4404296875,14592.2099609375,5449950000,14.039999961853027,89.6500015258789,0.15660903204558405
2024-01-04,14532.23046875,14632.76953125,14504.7802734375,14510.2998046875,5289220000,14.130000114440918,87.58999633789062,0.16131979341490632
2024-01-05,14500.1103515625,14625.1904296875,14477.5703125,14524.0703125,5232820000,13.350000381469727,82.87000274658203,0.16109569131177984
2024-01-08,14564.4697265625,14846.900390625,14560.2001953125,14843.76953125,6337770000,13.079999923706055,81.26000213623047,0.16096479916131118
2024-01-09,14744.1298828125,14894.3203125,14716.7099609375,14857.7099609375,5068410000,12.760000228881836,78.58999633789062,0.16236163409426005
2024-01-10,14877.7001953125,14998.2001953125,14842.7001953125,14969.650390625,4404590000,12.6899995803833,77.08999633789062,0.1646127926217843
2024-01-11,15020.9501953125,15063.6103515625,14800.3798828125,14970.1904296875,5044690000,12.4399995803833,75.54000091552734,0.1646809561770371
2024-01-12,15001.009765625,15047.25,14931.8798828125,14972.759765625,4958940000,12.699999809265137,86.06999969482422,0.14755431456134704
2024-01-16,14908.259765625,15004.349609375,14863.8095703125,14944.349609375,6386180000,13.84000015258789,89.58999633789062,0.15448153497394987
2024-01-17,14814.76953125,14865.759765625,14706.23046875,14855.6201171875,5181740000,14.789999961853027,91.36000061035156,0.16188703878114077
2024-01-18,14994.51953125,15066.8095703125,14911.1103515625,15055.650390625,5587440000,14.130000114440918,86.33999633789062,0.16365532445870531
2024-01-19,15122.3798828125,15310.9697265625,15087.2001953125,15310.9697265625,5604950000,13.300000190734863,81.94999694824219,0.16229409012833582
2024-01-22,15393.0498046875,15438.849609375,15333.6298828125,15360.2900390625,5456240000,13.1899995803833,79.16999816894531,0.16660350998412832
2024-01-23,15391.41015625,15432.349609375,15337.23046875,15425.9404296875,5207680000,12.550000190734863,76.66999816894531,0.1636885416780688
2024-01-24,15560.6103515625,15629.0703125,15468.91015625,15481.919921875,4983210000,13.140000343322754,80.94000244140625,0.16234247525301235
2024-01-25,15555.6201171875,15597.25,15430.6796875,15510.5,5281570000,13.449999809265137,81.38999938964844,0.16525371556859567
2024-01-26,15474.849609375,15538.83984375,15433.0400390625,15455.3603515625,4510530000,13.260000228881836,82.19999694824219,0.16131387738652947
2024-01-29,15470.66015625,15630.580078125,15449.8701171875,15628.0400390625,4979310000,13.600000381469727,83.4000015258789,0.16306954595498016
2024-01-30,15604.080078125,15619.23046875,15484.669921875,15509.900390625,4719240000,13.3100004196167,82.23999786376953,0.16184339452032453
2024-01-31,15324.1904296875,15405.5595703125,15158.490234375,15164.009765625,5875610000,14.350000381469727,87.55999755859375,0.1638876288440613
2024-02-01,15254.01953125,15372.1298828125,15208.8798828125,15361.6396484375,5046920000,13.880000114440918,84.83000183105469,0.16362135818509094
2024-02-02,15403.16015625,15664.2099609375,15366.7802734375,15628.9501953125,4800690000,13.850000381469727,83.30999755859375,0.16624655848451703
2024-02-05,15613.990234375,15637.8798828125,15471.6796875,15597.6796875,4831020000,13.670000076293945,79.58000183105469,0.17177682535512923
2024-02-06,15638.1904296875,15652.75,15515.25,15609.0,4759640000,13.0600004196167,76.97000122070312,0.16967650009733748
2024-02-07,15690.349609375,15770.6796875,15645.8095703125,15756.6396484375,4567580000,12.829999923706055,80.54000091552734,0.1592997240857065
2024-02-08,15762.23046875,15813.26953125,15739.1796875,15793.7099609375,5675850000,12.789999961853027,83.06999969482422,0.15396653435463928
2024-02-09,15842.3798828125,16007.2900390625,15831.759765625,15990.66015625,5797260000,12.930000305175781,81.94000244140625,0.15779838808794008
2024-02-12,15980.6201171875,16080.0703125,15917.8701171875,15942.5498046875,5458490000,13.930000305175781,84.62999725341797,0.164598850966088
2024-02-13,15598.8798828125,15770.419921875,15551.4404296875,15655.599609375,5599860000,15.850000381469727,93.19000244140625,0.17008262652890802
2024-02-14,15781.7099609375,15865.509765625,15683.9404296875,15859.150390625,5092660000,14.380000114440918,83.16999816894531,0.17289888699084088
2024-02-15,15865.2998046875,15911.2197265625,15779.7197265625,15906.169921875,6049100000,14.010000228881836,82.4000015258789,0.17002427147385177
2024-02-16,15910.4296875,15917.41015625,15752.01953125,15775.650390625,5223800000,14.239999771118164,82.62999725341797,0.17233450616542445
2024-02-20,15679.83984375,15730.4697265625,15508.5,15630.7802734375,5595700000,15.420000076293945,86.0999984741211,0.1790940807150967
2024-02-21,15532.1201171875,15583.6796875,15451.650390625,15580.8701171875,4845740000,15.34000015258789,84.66000366210938,0.18119536367860442
2024-02-22,15904.48046875,16061.8203125,15869.240234375,16041.6201171875,5653930000,14.539999961853027,80.87999725341797,0.17977250810599615
2024-02-23,16094.7998046875,16134.2197265625,15954.5,15996.8203125,5077910000,13.75,78.86000061035156,0.1743596233017922
2024-02-26,16014.4501953125,16054.900390625,15973.900390625,15976.25,5417630000,13.739999771118164,80.5,0.17068322697041197
2024-02-27,16013.98046875,16046.099609375,15940.509765625,16035.2998046875,5423020000,13.430000305175781,78.54000091552734,0.17099567288801334
2024-02-28,15969.1396484375,16003.5595703125,15924.7197265625,15947.740234375,5581690000,13.84000015258789,80.36000061035156,0.17222498814671602
2024-02-29,16059.33984375,16115.9599609375,15931.7001953125,16091.919921875,6265340000,13.399999618530273,77.44999694824219,0.17301485018114518
2024-03-01,16109.830078125,16302.240234375,16096.599609375,16274.9404296875,5457910000,13.109999656677246,77.68000030517578,0.1687693049069637
2024-03-04,16264.2099609375,16289.0595703125,16199.0595703125,16207.509765625,5725470000,13.489999771118164,79.41000366210938,0.16987783842094117
2024-03-05,16077.740234375,16087.5703125,15862.6298828125,15939.58984375,6356800000,14.460000038146973,83.91000366210938,0.17232748667697376
2024-03-06,16092.0,16128.5595703125,15956.66015625,16031.5400390625,5511370000,14.5,83.11000061035156,0.17446757181462452
2024-03-07,16147.3203125,16309.01953125,16096.009765625,16273.3798828125,5072790000,14.4399995803833,82.12999725341797,0.17581882458643766
2024-03-08,16322.099609375,16449.69921875,16059.5,16085.1103515625,5411790000,14.739999771118164,86.55999755859375,0.17028650862819675
2024-03-11,16052.6298828125,16085.9501953125,15978.0400390625,16019.26953125,4917620000,15.220000267028809,88.97000122070312,0.17106890028329175
2024-03-12,16116.98046875,16275.4501953125,15992.98046875,16265.6396484375,5100330000,13.84000015258789,83.76000213623047,0.16523399951778875
2024-03-13,16220.1103515625,16233.2998046875,16143.33984375,16177.76953125,4839000000,13.75,86.2699966430664,0.15938333760333
2024-03-14,16209.1904296875,16245.3203125,16039.6796875,16128.5302734375,5450980000,14.399999618530273,88.75,0.16225351682851014
2024-03-15,16043.580078125,16055.330078125,15925.91015625,15973.169921875,8261950000,14.40999984741211,92.16999816894531,0.1563415442517308
2024-03-18,16154.919921875,16247.58984375,16094.169921875,16103.4501953125,5025040000,14.329999923706055,86.77999877929688,0.1651302157787627
2024-03-19,16031.9296875,16175.58984375,15951.8603515625,16166.7900390625,4758740000,13.819999694824219,83.9000015258789,0.16471989801527534
2024-03-20,16185.759765625,16377.4404296875,16127.48046875,16369.41015625,5298380000,13.039999961853027,78.87000274658203,0.16533535574674668
2024-03-21,16517.240234375,16538.859375,16393.900390625,16401.83984375,5134740000,12.920000076293945,77.30000305175781,0.16714100344398555
2024-03-22,16387.830078125,16467.619140625,16361.0,16428.8203125,4339930000,13.0600004196167,76.48999786376953,0.17074128362347277
2024-03-25,16335.2998046875,16441.169921875,16315.7197265625,16384.470703125,4636940000,13.1899995803833,76.5999984741211,0.17219320944033012
2024-03-26,16446.849609375,16476.380859375,16312.9501953125,16315.7001953125,5144260000,13.239999771118164,76.7699966430664,0.17246320633145362
2024-03-27,16424.759765625,16431.8203125,16279.169921875,16399.51953125,4768930000,12.779999732971191,76.0,0.16815789122330516
2024-03-28,16377.23046875,16420.919921875,16347.3798828125,16379.4599609375,5174450000,13.010000228881836,76.56999969482422,0.16990989004485071
2024-04-01,16397.05078125,16490.650390625,16327.8896484375,16396.830078125,4798390000,13.649999618530273,78.44999694824219,0.1739961778142061
2024-04-02,16199.240234375,16251.41015625,16137.240234375,16240.4501953125,4710280000,14.609999656677246,82.76000213623047,0.1765345490521842
2024-04-03,16178.7998046875,16340.740234375,16169.3095703125,16277.4599609375,5151500000,14.329999923706055,81.08000183105469,0.17673901825465277
2024-04-04,16418.5703125,16468.0390625,16046.5595703125,16049.080078125,5368700000,16.350000381469727,90.04000091552734,0.1815859641850601
2024-04-05,16095.400390625,16326.5,16080.48046875,16248.51953125,4578130000,16.030000686645508,90.58000183105469,0.17697063769709198
2024-04-08,16285.1796875,16323.599609375,16220.7197265625,16253.9599609375,4386700000,15.1899995803833,86.26000213623047,0.1760955159309378
2024-04-09,16328.759765625,16348.1796875,16141.150390625,16306.6396484375,4869190000,14.979999542236328,84.44999694824219,0.17738306789303127
2024-04-10,16104.009765625,16200.099609375,16092.01953125,16170.3603515625,5308250000,15.800000190734863,91.76000213623047,0.17218831541958302
2024-04-11,16236.2001953125,16464.599609375,16154.650390625,16442.19921875,4714750000,14.90999984741211,89.4000015258789,0.166778518936558
2024-04-12,16293.0302734375,16341.4599609375,16125.330078125,16175.08984375,4552740000,17.309999465942383,102.72000122070312,0.16851634793841463
2024-04-15,16276.4697265625,16295.26953125,15863.8798828125,15885.01953125,4910550000,19.229999542236328,109.63999938964844,0.1753921894316602
2024-04-16,15856.3798828125,15965.7900390625,15822.01953125,15865.25,5001860000,18.399999618530273,99.25,0.18539042436806322
2024-04-17,15942.2900390625,15957.0302734375,15654.509765625,15683.3701171875,4991470000,18.209999084472656,98.76000213623047,0.1843863779929208
2024-04-18,15705.6904296875,15786.1201171875,15587.5,15601.5,4932540000,18.0,95.98999786376953,0.18751953745791175
2024-04-19,15547.099609375,15576.7001953125,15222.7802734375,15282.009765625,5316010000,18.709999084472656,99.08999633789062,0.18881824377783546
2024-04-22,15396.1298828125,15539.0,15265.66015625,15451.3095703125,4616730000,16.940000534057617,89.54000091552734,0.1891891932192287
2024-04-23,15525.5498046875,15730.349609375,15510.58984375,15696.6396484375,4951670000,15.6899995803833,82.36000061035156,0.19050509305619498
2024-04-24,15805.599609375,15839.0,15634.4404296875,15712.75,4735870000,15.970000267028809,83.61000061035156,0.19100586234240022
2024-04-25,15375.259765625,15644.509765625,15343.91015625,15611.759765625,4743640000,15.369999885559082,82.54000091552734,0.18621274188364703
2024-04-26,15821.33984375,15981.0,15770.7197265625,15927.900390625,4694400000,15.029999732971191,79.55999755859375,0.18891402959008402
2024-04-29,16007.0,16021.490234375,15885.8896484375,15983.080078125,4972520000,14.670000076293945,78.22000122070312,0.18754793975138825
2024-04-30,15920.8896484375,15979.3603515625,15655.669921875,15657.8203125,5229400000,15.649999618530273,81.81999969482422,0.191273523306066
2024-05-01,15646.08984375,15926.2197265625,15557.6396484375,15605.48046875,5277790000,15.390000343322754,81.93000030517578,0.18784328434026037
2024-05-02,15758.1103515625,15862.7900390625,15604.73046875,15840.9599609375,4901610000,14.680000305175781,78.58999633789062,0.18679222533693016
2024-05-03,16147.48046875,16204.7099609375,16068.33984375,16156.330078125,4887310000,13.489999771118164,74.56999969482422,0.18090384640372317
2024-05-06,16208.5400390625,16350.080078125,16197.8603515625,16349.25,4460130000,13.489999771118164,73.45999908447266,0.1836373528347833
2024-05-07,16358.33984375,16397.390625,16303.83984375,16332.5595703125,5041870000,13.229999542236328,74.54000091552734,0.17748858840542892
2024-05-08,16226.0703125,16341.650390625,16226.0703125,16302.759765625,4530190000,13.0,74.5,0.174496644295302
2024-05-09,16323.740234375,16362.7900390625,16241.98046875,16346.259765625,4505120000,12.6899995803833,73.7699966430664,0.17202114894736173
2024-05-10,16389.01953125,16437.390625,16293.51953125,16340.8701171875,4402110000,12.550000190734863,73.26000213623047,0.17130766891594595
2024-05-13,16400.310546875,16407.05078125,16334.8603515625,16388.240234375,4452750000,13.600000381469727,77.55000305175781,0.17537072658002245
2024-05-14,16391.16015625,16526.26953125,16386.4296875,16511.1796875,7270240000,13.420000076293945,77.6500015258789,0.1728267844504984
2024-05-15,16601.140625,16749.740234375,16544.08984375,16742.390625,8538990000,12.449999809265137,76.30999755859375,0.16315031067463406
2024-05-16,16738.109375,16797.830078125,16693.44921875,16698.3203125,11932600000,12.420000076293945,77.73999786376953,0.15976331898102927
2024-05-17,16708.490234375,16726.41015625,16613.83984375,16685.970703125,9587280000,11.989999771118164,78.43000030517578,0.15287517180242718
2024-05-20,16702.01953125,16823.830078125,16695.689453125,16794.869140625,6861320000,12.149999618530273,79.44999694824219,0.15292636985808078
2024-05-21,16736.099609375,16839.01953125,16719.970703125,16832.619140625,6245090000,11.859999656677246,77.62000274658203,0.15279566138896455
2024-05-22,16839.01953125,16855.26953125,16712.08984375,16801.5390625,7277340000,12.289999961853027,79.95999908447266,0.15370185220824506
2024-05-23,16996.390625,16996.390625,16678.369140625,16736.029296875,7752800000,12.770000457763672,84.62000274658203,0.15090995087777254
2024-05-24,16786.7890625,16947.80078125,16771.580078125,16920.7890625,5836040000,11.930000305175781,79.08999633789062,0.15084082510521407
2024-05-28,16988.310546875,17032.66015625,16917.509765625,17019.880859375,6293380000,12.920000076293945,81.63999938964844,0.15825575909952957
2024-05-29,16879.349609375,16989.599609375,16873.970703125,16920.580078125,6652480000,14.279999732971191,83.79000091552734,0.17042606011387365
2024-05-30,16878.630859375,16900.4609375,16690.359375,16737.080078125,6659290000,14.470000267028809,83.44000244140625,0.17341802305423015
2024-05-31,16771.900390625,16789.26953125,16445.5390625,16735.01953125,6674090000,12.920000076293945,78.2699966430664,0.1650696388197491
2024-06-03,16865.69921875,16909.890625,16646.4296875,16828.669921875,5422040000,13.109999656677246,78.79000091552734,0.1663916677794279
2024-06-04,16823.880859375,16891.869140625,16750.390625,16857.05078125,4917350000,13.15999984741211,77.6500015258789,0.16947842355194537
2024-06-05,16974.48046875,17187.919921875,16955.560546875,17187.900390625,5325000000,12.630000114440918,75.23999786376953,0.16786284520248063
2024-06-06,17204.869140625,17235.73046875,17123.58984375,17173.119140625,4960580000,12.579999923706055,77.91000366210938,0.16146835236030405
2024-06-07,17124.140625,17229.310546875,17090.0390625,17133.130859375,4755650000,12.220000267028809,76.6500015258789,0.15942596247572205
2024-06-10,17083.44921875,17213.44921875,17057.33984375,17192.529296875,5207110000,12.739999771118164,78.97000122070312,0.16132708084317707
2024-06-11,17160.419921875,17345.05078125,17107.990234375,17343.55078125,5009220000,12.850000381469727,79.94999694824219,0.1607254643147582
2024-06-12,17502.150390625,17725.390625,17490.640625,17608.439453125,5560630000,12.039999961853027,77.5999984741211,0.15515464173453894
2024-06-13,17715.26953125,17741.80078125,17566.3203125,17667.560546875,4916020000,11.9399995803833,78.19999694824219,0.15268542258749657
2024-06-14,17621.1796875,17693.4296875,17590.80078125,17688.880859375,4973820000,12.65999984741211,83.72000122070312,0.15121834284304117
2024-06-17,17697.30078125,17935.990234375,17636.359375,17857.01953125,6061200000,12.75,83.33999633789062,0.15298776770167913
2024-06-18,17856.759765625,17890.51953125,17796.880859375,17862.23046875,5796180000,12.300000190734863,80.62999725341797,0.15254868671365926
2024-06-20,17913.939453125,17936.7890625,17650.689453125,17721.58984375,6289300000,13.279999732971191,85.72000122070312,0.15492299981166824
2024-06-21,17681.009765625,17787.33984375,17620.5703125,17689.359375,8589160000,13.199999809265137,83.30999755859375,0.15844436677580367
2024-06-24,17640.259765625,17730.119140625,17494.01953125,17496.8203125,5503210000,13.329999923706055,84.80000305175781,0.1571933896696922
2024-06-25,17572.16015625,17734.33984375,17546.630859375,17717.650390625,4848280000,12.84000015258789,82.87000274658203,0.15494147130479582
2024-06-26,17697.26953125,17813.55078125,17687.0703125,17805.16015625,5294310000,12.550000190734863,81.44999694824219,0.15408226716951046
2024-06-27,17793.94921875,17892.779296875,17765.419921875,17858.6796875,5382060000,12.239999771118164,79.5,0.15396226127192658
2024-06-28,17891.099609375,18035.0,17723.830078125,17732.599609375,8960940000,12.4399995803833,79.4800033569336,0.15651735096835614
2024-07-01,17773.900390625,17894.279296875,17657.640625,17879.30078125,5189990000,12.220000267028809,76.05000305175781,0.16068375774702032
2024-07-02,17808.0390625,18031.2890625,17802.240234375,18028.759765625,4526550000,12.029999732971191,77.05999755859375,0.1561121219063626
2024-07-03,18016.119140625,18188.30078125,18016.119140625,18188.30078125,3713960000,12.09000015258789,78.06999969482422,0.15486102471945337
2024-07-05,18200.599609375,18366.310546875,18197.140625,18352.759765625,4851000000,12.479999542236328,78.80000305175781,0.158375622575029
2024-07-08,18371.859375,18416.939453125,18342.599609375,18403.740234375,5286260000,12.369999885559082,78.58999633789062,0.15739916607675333
2024-07-09,18465.01953125,18511.890625,18381.599609375,18429.2890625,4839140000,12.510000228881836,78.58000183105469,0.15920081365966454
2024-07-10,18512.08984375,18655.189453125,18467.580078125,18647.44921875,5228240000,12.850000381469727,83.41000366210938,0.15405826420443008
2024-07-11,18659.25,18671.0703125,18238.779296875,18283.41015625,6366620000,12.920000076293945,84.47000122070312,0.15295371006964453
2024-07-12,18303.640625,18556.73046875,18293.599609375,18398.44921875,5845930000,12.460000038146973,81.61000061035156,0.15267736729518566
2024-07-15,18485.91015625,18641.529296875,18397.830078125,18472.5703125,5450350000,13.119999885559082,83.86000061035156,0.15645122573418593
2024-07-16,18534.26953125,18576.830078125,18386.0703125,18509.33984375,5812930000,13.1899995803833,82.4000015258789,0.160072807477325
2024-07-17,18188.189453125,18223.240234375,17972.869140625,17996.919921875,6007280000,14.479999542236328,88.27999877929688,0.16402355847825553
2024-07-18,18119.150390625,18130.869140625,17759.5390625,17871.220703125,5977260000,15.930000305175781,94.70999908447266,0.16819766085065294
2024-07-19,17835.58984375,17935.140625,17691.4296875,17726.939453125,4992930000,16.520000457763672,97.93000030517578,0.1686919269507095
2024-07-22,17923.650390625,18040.990234375,17839.759765625,18007.5703125,5093620000,14.90999984741211,93.66000366210938,0.15919281725849457
2024-07-23,17982.740234375,18128.380859375,17968.099609375,17997.349609375,4938000000,14.720000267028809,88.51000213623047,0.16630889065365145
2024-07-24,17733.91015625,17747.060546875,17313.51953125,17342.41015625,6735560000,18.040000915527344,106.12000274658203,0.16999623490971297
2024-07-25,17352.640625,17544.4609375,17033.9609375,17181.720703125,6114350000,18.459999084472656,104.37999725341797,0.17685379929312248
2024-07-26,17331.94921875,17454.5703125,17239.990234375,17357.880859375,5281560000,16.389999389648438,94.61000061035156,0.1732374937523799
2024-07-29,17444.390625,17535.3203125,17299.830078125,17370.19921875,4897230000,16.600000381469727,93.51000213623047,0.1775211207597444
2024-07-30,17424.099609375,17468.560546875,17015.380859375,17147.419921875,5564310000,17.690000534057617,99.97000122070312,0.17695308910723645
2024-07-31,17499.23046875,17693.98046875,17438.599609375,17599.400390625,6292560000,16.360000610351562,94.25,0.1735809083326426
2024-08-01,17647.029296875,17791.580078125,17051.419921875,17194.150390625,6664550000,18.59000015258789,111.18000030517578,0.1672063329875928
2024-08-02,16780.44921875,16920.630859375,16582.7890625,16776.16015625,6313870000,23.389999389648438,136.80999755859375,0.1709670331631344
2024-08-05,15712.5302734375,16453.4609375,15708.5400390625,16200.080078125,6852190000,38.56999969482422,173.32000732421875,0.22253633778513388
2024-08-06,16261.3603515625,16620.310546875,16137.650390625,16366.849609375,5908930000,27.709999084472656,150.08999633789062,0.18462255820228302
2024-08-07,16622.310546875,16709.810546875,16179.5302734375,16195.8095703125,5913620000,27.850000381469727,151.24000549316406,0.184144402075736
2024-08-08,16408.26953125,16694.25,16262.9296875,16660.01953125,5815880000,23.790000915527344,134.33999633789062,0.1770879973503272
2024-08-09,16636.51953125,16789.220703125,16574.5703125,16745.30078125,5783410000,20.3700008392334,114.62999725341797,0.1777021837852833
2024-08-12,16793.640625,16895.7890625,16699.390625,16780.609375,4890850000,20.709999084472656,121.94000244140625,0.16983761415310844
2024-08-13,16944.740234375,17192.7890625,16943.94921875,17187.609375,5469160000,18.1200008392334,113.88999938964844,0.15910089504206584
2024-08-14,17227.640625,17260.73046875,17032.169921875,17192.599609375,4985480000,16.190000534057617,107.80999755859375,0.1501716065363836
2024-08-15,17394.5390625,17602.720703125,17375.41015625,17594.5,5478170000,15.229999542236328,105.41999816894531,0.14446973825430012
2024-08-16,17516.400390625,17674.650390625,17502.830078125,17631.720703125,5138150000,14.800000190734863,103.41999816894531,0.14310578662511492
2024-08-19,17649.740234375,17877.439453125,17585.580078125,17876.76953125,5564300000,14.649999618530273,98.81999969482422,0.14824933883598848
2024-08-20,17849.08984375,17932.529296875,17758.19921875,17816.939453125,5305260000,15.880000114440918,101.73999786376953,0.15608414043515445
2024-08-21,17840.509765625,17963.0703125,17790.98046875,17918.990234375,4765150000,16.270000457763672,106.72000122070312,0.15245502503430797
2024-08-22,17993.720703125,18017.689453125,17589.150390625,17619.349609375,5065360000,17.549999237060547,112.52999877929688,0.1559584060023057
2024-08-23,17772.73046875,17941.26953125,17700.26953125,17877.7890625,5380810000,15.859999656677246,99.22000122070312,0.15984679965280948
2024-08-26,17867.849609375,17909.08984375,17645.689453125,17725.76953125,5110940000,16.149999618530273,100.68000030517578,0.16040921304705272
2024-08-27,17655.51953125,17789.720703125,17573.369140625,17754.8203125,4362380000,15.430000305175781,93.44999694824219,0.16511504343570793
2024-08-28,17738.80078125,17759.939453125,17439.400390625,17556.029296875,5211920000,17.110000610351562,106.31999969482422,0.16092927633054252
2024-08-29,17610.5703125,17789.2109375,17482.599609375,17516.4296875,5727780000,15.649999618530273,97.08000183105469,0.16120724478111859
2024-08-30,17650.490234375,17720.380859375,17498.7890625,17713.619140625,5531150000,15.0,93.7300033569336,0.1600341348850532
2024-09-03,17585.44921875,17585.44921875,17057.7890625,17136.30078125,5813970000,20.719999313354492,129.7899932861328,0.159642502389807
2024-09-04,17015.7109375,17232.650390625,16984.669921875,17084.30078125,5011820000,21.31999969482422,123.47000122070312,0.17267351975411932
2024-09-05,17063.240234375,17295.580078125,17035.0703125,17127.66015625,4983030000,19.899999618530273,115.01000213623047,0.17302842577951202
2024-09-06,17137.619140625,17166.5390625,16668.5703125,16690.830078125,5549030000,22.3799991607666,119.33000183105469,0.18754712827752915
2024-09-09,16835.669921875,16923.279296875,16732.83984375,16884.599609375,5132150000,19.450000762939453,110.8499984741211,0.17546234578866707
2024-09-10,16949.640625,17036.0703125,16801.130859375,17025.880859375,4963740000,19.079999923706055,107.19999694824219,0.1779850789820281
2024-09-11,17061.41015625,17420.23046875,16787.83984375,17395.529296875,6086930000,17.690000534057617,102.9000015258789,0.1719144827185319
2024-09-12,17413.890625,17605.720703125,17338.3203125,17569.6796875,4983120000,17.06999969482422,103.94000244140625,0.16422935630049684
2024-09-13,17575.259765625,17719.140625,17564.609375,17683.98046875,4802880000,16.559999465942383,101.87999725341797,0.16254416875130817
2024-09-16,17573.69921875,17618.400390625,17480.66015625,17592.130859375,4675530000,17.139999389648438,106.66999816894531,0.1606824757088857
2024-09-17,17707.01953125,17781.740234375,17544.640625,17628.060546875,4959520000,17.610000610351562,107.19000244140625,0.16428771535832173
2024-09-18,17663.380859375,17832.69921875,17556.4296875,17573.30078125,5611630000,18.229999542236328,105.43000030517578,0.17291093132379873
2024-09-19,17980.890625,18099.9296875,17909.75,18013.98046875,5574650000,16.329999923706055,97.45999908447266,0.16755592116876752
2024-09-20,17999.349609375,18024.33984375,17835.640625,17948.3203125,9914480000,16.149999618530273,94.2699966430664,0.1713164335804409
2024-09-23,17994.91015625,18021.580078125,17936.369140625,17974.26953125,5237310000,15.890000343322754,94.41000366210938,0.16830843901026207
2024-09-24,18046.439453125,18091.9609375,17863.380859375,18074.51953125,5347580000,15.390000343322754,90.93000030517578,0.16925107546102963
2024-09-25,18050.359375,18155.0390625,18040.619140625,18082.2109375,4858060000,15.40999984741211,90.4800033569336,0.17031387351547023
2024-09-26,18327.33984375,18327.33984375,18071.740234375,18190.2890625,5669210000,15.369999885559082,89.86000061035156,0.17104384354732033
2024-09-27,18228.779296875,18238.279296875,18069.1796875,18119.58984375,5367890000,16.959999084472656,101.33999633789062,0.16735740771022092
2024-09-30,18069.830078125,18198.16015625,17997.560546875,18189.169921875,5846150000,16.729999542236328,99.33999633789062,0.1684115176059767
2024-10-01,18154.939453125,18162.720703125,17779.76953125,17910.359375,5879980000,19.260000228881836,110.13999938964844,0.17486835242067375
2024-10-02,17867.119140625,17978.580078125,17767.7890625,17925.119140625,5489040000,18.899999618530273,107.97000122070312,0.17504861910575045
2024-10-03,17859.490234375,18011.25,17826.419921875,17918.48046875,5208990000,20.489999771118164,115.63999938964844,0.17718782323819637
2024-10-04,18130.419921875,18145.279296875,17952.30078125,18137.849609375,5136070000,19.209999084472656,110.62999725341797,0.17364186532942497
2024-10-07,18080.119140625,18096.330078125,17900.0390625,17923.900390625,5240320000,22.639999389648438,122.58000183105469,0.18469570118665776
2024-10-08,18017.9296875,18203.0390625,17989.69921875,18182.919921875,5566510000,21.420000076293945,114.81999969482422,0.18655286651476538
2024-10-09,18179.220703125,18302.05078125,18133.01953125,18291.619140625,5228670000,20.860000610351562,119.36000061035156,0.17476541976946394
2024-10-10,18200.619140625,18333.390625,18154.1796875,18282.05078125,5855390000,20.93000030517578,117.43000030517578,0.17823384357304886
2024-10-11,18217.73046875,18375.529296875,18208.439453125,18342.939453125,5140440000,20.459999084472656,113.98999786376953,0.17948942422934847
2024-10-14,18426.66015625,18547.919921875,18423.599609375,18502.689453125,4894710000,19.700000762939453,107.22000122070312,0.1837343829383913
2024-10-15,18515.970703125,18564.25,18252.51953125,18315.58984375,6522700000,20.639999389648438,112.9000015258789,0.1828166440273904
2024-10-16,18333.2890625,18383.109375,18214.9609375,18367.080078125,5257570000,19.579999923706055,111.62000274658203,0.17541658700869028
2024-10-17,18537.2109375,18541.4609375,18368.7890625,18373.609375,5806860000,19.110000610351562,105.88999938964844,0.18047030617151663
2024-10-18,18466.009765625,18524.330078125,18452.580078125,18489.55078125,5090190000,18.030000686645508,100.94999694824219,0.17860328114610666
2024-10-21,18456.48046875,18543.580078125,18377.630859375,18540.009765625,6092180000,18.3700008392334,102.95999908447266,0.1784188131563782
2024-10-22,18451.859375,18620.7109375,18413.470703125,18579.76953125,6407180000,18.200000762939453,100.5,0.1810945349546214
2024-10-23,18502.060546875,18509.189453125,18146.609375,18276.650390625,6245610000,19.239999771118164,108.11000061035156,0.17796688245764314
2024-10-24,18384.16015625,18435.369140625,18305.419921875,18415.490234375,5761280000,19.079999923706055,109.83999633789062,0.1737072155848587
2024-10-25,18512.580078125,18690.009765625,18487.060546875,18518.609375,6100040000,20.329999923706055,117.5,0.17302127594643452
2024-10-28,18648.25,18671.009765625,18563.01953125,18567.189453125,5641660000,19.799999237060547,112.2300033569336,0.17642340412384294
2024-10-29,18576.08984375,18753.189453125,18509.58984375,18712.75,6881170000,19.34000015258789,108.69999694824219,0.17792088956356353
2024-10-30,18731.689453125,18785.5,18598.240234375,18607.9296875,6514690000,20.350000381469727,112.7699966430664,0.18045580373546047
2024-10-31,18427.310546875,18427.310546875,18083.94921875,18095.150390625,6411940000,23.15999984741211,121.88999938964844,0.1900073834062139
2024-11-01,18189.669921875,18363.939453125,18181.529296875,18239.919921875,5896470000,21.8799991607666,119.12000274658203,0.1836803110835591
2024-11-04,18220.4296875,18308.30078125,18112.830078125,18179.98046875,5762320000,21.979999542236328,121.80000305175781,0.18045976183511364
2024-11-05,18250.7109375,18449.6796875,18250.7109375,18439.169921875,7060340000,20.489999771118164,114.31999969482422,0.1792337283573824
2024-11-06,18772.759765625,19000.5,18730.2109375,18983.470703125,8138050000,16.270000457763672,97.23999786376953,0.1673179845248195
2024-11-07,19084.4296875,19301.69921875,19084.4296875,19269.4609375,9232670000,15.199999809265137,88.5999984741211,0.17155756287856888
2024-11-08,19255.140625,19318.560546875,19224.4296875,19286.779296875,7316010000,14.9399995803833,87.76000213623047,0.17023700110207193
2024-11-11,19355.33984375,19366.0703125,19193.2890625,19298.759765625,8087930000,14.970000267028809,90.7300033569336,0.16499503706768903
2024-11-12,19289.810546875,19343.05078125,19168.51953125,19281.400390625,7816410000,14.710000038146973,89.44999694824219,0.16444941911690075
2024-11-13,19286.4609375,19358.48046875,19191.130859375,19230.720703125,9623670000,14.020000457763672,91.76000213623047,0.1527898880925159
2024-11-14,19256.08984375,19275.80078125,19073.390625,19107.650390625,8680480000,14.3100004196167,90.43000030517578,0.15824394969948555
2024-11-15,18929.919921875,18936.75,18598.869140625,18680.119140625,8002270000,16.139999389648438,98.93000030517578,0.16314565187365143
2024-11-18,18717.9296875,18865.279296875,18672.30078125,18791.810546875,8455360000,15.579999923706055,93.80999755859375,0.16608037873548373
2024-11-19,18699.7109375,18992.080078125,18689.830078125,18987.470703125,7246610000,16.350000381469727,97.37000274658203,0.1679161951347861
2024-11-20,18971.310546875,18974.91015625,18724.390625,18966.140625,7121670000,17.15999984741211,102.19999694824219,0.1679060700569547
2024-11-21,19072.779296875,19110.890625,18714.060546875,18972.419921875,7492540000,16.8700008392334,101.30000305175781,0.16653504769011615
2024-11-22,18966.3203125,19025.76953125,18899.48046875,19003.650390625,6575820000,15.239999771118164,95.12999725341797,0.16020183129533938
2024-11-25,19140.58984375,19208.6796875,18969.349609375,19054.83984375,7932980000,14.600000381469727,88.79000091552734,0.16443293423726635
2024-11-26,19109.080078125,19184.400390625,19100.73046875,19174.30078125,6411770000,14.100000381469727,87.70999908447266,0.16075704627348306
2024-11-27,19132.990234375,19133.109375,18937.19921875,19060.48046875,5619090000,14.100000381469727,88.36000061035156,0.15957447130005883
2024-11-29,19087.470703125,19245.490234375,19066.51953125,19218.169921875,4042550000,13.510000228881836,86.31999969482422,0.15651066122156046
2024-12-02,19255.4296875,19436.919921875,19255.4296875,19403.94921875,6370530000,13.34000015258789,87.11000061035156,0.15313970909331684
2024-12-03,19364.33984375,19486.150390625,19340.41015625,19480.91015625,6005160000,13.300000190734863,86.43000030517578,0.15388175568406662
2024-12-04,19587.48046875,19741.759765625,19575.400390625,19735.119140625,7870030000,13.449999809265137,86.4800033569336,0.15552728130400534
2024-12-05,19756.400390625,19790.029296875,19688.58984375,19700.259765625,7229510000,13.539999961853027,86.94999694824219,0.15572168415270723
2024-12-06,19743.9609375,19863.150390625,19734.419921875,19859.76953125,6787610000,12.770000457763672,87.37999725341797,0.14614329204804546
2024-12-09,19824.08984375,19872.7890625,19698.05078125,19736.689453125,7884620000,14.1899995803833,93.83999633789062,0.15121483518913648
2024-12-10,19796.390625,19887.080078125,19641.33984375,19687.240234375,6843850000,14.180000305175781,94.3499984741211,0.15029147360362874
2024-12-11,19832.9609375,20055.9296875,19830.640625,20034.890625,6639720000,13.579999923706055,98.12000274658203,0.13840195213589218
2024-12-12,19947.33984375,20018.240234375,19897.380859375,19902.83984375,7047550000,13.920000076293945,99.43000030517578,0.13999798887227144
2024-12-13,19995.1796875,20061.650390625,19817.470703125,19926.720703125,6028250000,13.8100004196167,96.5,0.14310881263851502
2024-12-16,20016.119140625,20204.580078125,19988.119140625,20173.890625,8855040000,14.6899995803833,98.3499984741211,0.14936451253986233
2024-12-17,20095.619140625,20148.830078125,20004.73046875,20109.060546875,9534350000,15.869999885559082,100.7300033569336,0.15754987944678447
2024-12-18,20114.98046875,20179.76953125,19336.58984375,19392.689453125,9996120000,27.6200008392334,129.7899932861328,0.2128053183448651
2024-12-19,19565.66015625,19623.01953125,19357.759765625,19372.76953125,8029590000,24.09000015258789,136.2899932861328,0.17675545776873255
2024-12-20,19190.0390625,19758.609375,19168.380859375,19572.599609375,10962450000,18.360000610351562,114.01000213623047,0.16103850773034115
2024-12-23,19641.05078125,19772.099609375,19504.6796875,19764.880859375,6820720000,16.780000686645508,102.33999633789062,0.1639632722991689
2024-12-24,19818.48046875,20031.130859375,19813.759765625,20031.130859375,4739190000,14.270000457763672,91.05000305175781,0.1567270728113191
2024-12-26,19979.25,20070.080078125,19888.109375,20020.359375,6467910000,14.729999542236328,92.7699966430664,0.15877977875659696
2024-12-27,19896.76953125,19904.76953125,19553.400390625,19722.029296875,7765120000,15.949999809265137,98.80999755859375,0.16142091087298005
2024-12-30,19460.41015625,19622.9296875,19342.509765625,19486.7890625,8384090000,17.399999618530273,103.05000305175781,0.16885006407802786
2024-12-31,19551.359375,19563.720703125,19283.41015625,19310.7890625,8873030000,17.350000381469727,104.33000183105469,0.16629924352503322
2025-01-02,19403.900390625,19517.869140625,19117.58984375,19280.7890625,8737550000,17.93000030517578,106.58999633789062,0.16821466292519258
2025-01-03,19395.509765625,19638.66015625,19379.5703125,19621.6796875,8214050000,16.1299991607666,94.36000061035156,0.17094106672777082
2025-01-06,19851.990234375,20007.94921875,19785.0,19864.98046875,9586840000,16.040000915527344,95.88999938964844,0.16727501321956315
2025-01-07,19938.080078125,19940.2109375,19421.01953125,19489.6796875,13371130000,17.81999969482422,106.37000274658203,0.16752843127473574
2025-01-08,19469.369140625,19544.509765625,19308.5390625,19478.880859375,8851720000,17.700000762939453,103.93000030517578,0.1703069442025007
2025-01-10,19312.259765625,19315.109375,19018.75,19161.630859375,8608880000,19.540000915527344,115.48999786376953,0.16919214890432738
2025-01-13,18903.66015625,19099.970703125,18831.91015625,19088.099609375,7830760000,19.190000534057617,110.94000244140625,0.1729763846381106
2025-01-14,19207.75,19273.140625,18926.599609375,19044.390625,7168110000,18.709999084472656,107.93000030517578,0.1733530902582182
2025-01-15,19350.310546875,19548.900390625,19299.3203125,19511.23046875,7260250000,16.1200008392334,97.79000091552734,0.16484303802346958
2025-01-16,19573.869140625,19579.849609375,19335.6796875,19338.2890625,7085990000,16.600000381469727,99.83999633789062,0.16626603556043804
2025-01-17,19655.55078125,19709.640625,19543.3203125,19630.19921875,7996360000,15.970000267028809,101.61000061035156,0.15716957160811057
2025-01-21,19734.390625,19789.630859375,19551.169921875,19756.779296875,8015780000,15.0600004196167,98.26000213623047,0.15326684400776916
2025-01-22,19903.05078125,20068.51953125,19903.05078125,20009.33984375,7219060000,15.100000381469727,100.55999755859375,0.15015911642869065
2025-01-23,19906.990234375,20053.6796875,19892.55078125,20053.6796875,6837700000,15.020000457763672,99.5199966430664,0.15092444698962035
2025-01-24,20087.109375,20118.609375,19897.130859375,19954.30078125,7708150000,14.850000381469727,100.41000366210938,0.14789363449723197
2025-01-27,19234.0390625,19514.349609375,19204.94921875,19341.830078125,8870200000,17.899999618530273,110.30999755859375,0.16226996659139864
2025-01-28,19418.220703125,19759.4296875,19294.619140625,19733.58984375,7121740000,16.40999984741211,103.73999786376953,0.158183923128296
2025-01-29,19695.6796875,19699.8203125,19479.509765625,19632.3203125,6497710000,16.559999465942383,101.68000030517578,0.1628638809622371
2025-01-30,19697.529296875,19785.7890625,19483.830078125,19681.75,6679500000,15.84000015258789,98.31999969482422,0.16110659277617698
2025-01-31,19832.330078125,19969.169921875,19575.2109375,19627.439453125,7947370000,16.43000030517578,101.5,0.16187192418892396
2025-02-03,19215.380859375,19502.130859375,19141.150390625,19391.9609375,8272460000,18.6200008392334,109.01000213623047,0.17081002178097263
2025-02-04,19422.169921875,19666.439453125,19408.1796875,19654.01953125,6477050000,17.209999084472656,100.87999725341797,0.17059872673509172
2025-02-05,19533.05078125,19696.939453125,19498.900390625,19692.330078125,6712220000,15.770000457763672,97.29000091552734,0.16209271568880007
2025-02-06,19725.830078125,19793.359375,19654.109375,19791.990234375,6642100000,15.5,96.7699966430664,0.160173613079386
2025-02-07,19774.869140625,19862.5390625,19489.359375,19523.400390625,7748940000,16.540000915527344,101.48999786376953,0.16297173380305968
2025-02-10,19668.1796875,19772.0390625,19650.7890625,19714.26953125,9535440000,15.8100004196167,99.1500015258789,0.1594553724287152
2025-02-11,19602.109375,19731.9296875,19579.76953125,19643.859375,9269380000,16.020000457763672,99.81999969482422,0.16048888506051887
2025-02-12,19436.509765625,19682.509765625,19415.48046875,19649.94921875,7946550000,15.890000343322754,98.73999786376953,0.16092769583858013
2025-02-13,19696.919921875,19952.169921875,19675.869140625,19945.640625,8414510000,15.100000381469727,95.4800033569336,0.15814830174462066
2025-02-14,19956.8203125,20045.759765625,19932.150390625,20026.76953125,7995720000,14.770000457763672,96.9000015258789,0.15242518292240764
2025-02-18,20090.55078125,20110.119140625,19909.740234375,20041.259765625,8683170000,15.350000381469727,98.5,0.15583756732456575
2025-02-19,19994.5,20099.390625,19928.890625,20056.25,8171530000,15.270000457763672,95.55000305175781,0.15981161664110227
2025-02-20,20029.189453125,20041.150390625,19795.01953125,19962.359375,7329270000,15.65999984741211,94.98999786376953,0.16485946099157714
2025-02-21,20006.689453125,20016.66015625,19510.91015625,19524.009765625,8461020000,18.209999084472656,105.70999908447266,0.17226373325309635
2025-02-24,19590.849609375,19644.23046875,19275.4609375,19286.9296875,7414760000,18.979999542236328,106.80000305175781,0.17771534644093756
2025-02-25,19242.609375,19256.349609375,18871.51953125,19026.390625,7991440000,19.43000030517578,108.47000122070312,0.17912787025457574
2025-02-26,19109.3203125,19286.01953125,18966.4609375,19075.259765625,7034450000,19.100000381469727,106.05000305175781,0.18010372307248262
2025-02-27,19212.359375,19242.689453125,18535.220703125,18544.419921875,7700290000,21.1299991607666,114.79000091552734,0.18407525910132128
2025-02-28,18477.169921875,18861.330078125,18372.990234375,18847.279296875,8247520000,19.6299991607666,108.98999786376953,0.1801082626435394
2025-03-03,18923.359375,18992.30078125,18216.630859375,18350.189453125,8170140000,22.780000686645508,118.73999786376953,0.191847743780331
2025-03-04,18176.4296875,18589.490234375,17956.599609375,18285.16015625,8469180000,23.510000228881836,118.55999755859375,0.19829622733639915
2025-03-05,18312.970703125,18604.470703125,18144.73046875,18552.73046875,7048430000,21.93000030517578,109.62999725341797,0.2000364941584641
2025-03-06,18204.529296875,18439.240234375,17980.390625,18069.259765625,7686200000,24.8700008392334,120.81999969482422,0.20584341087611174
2025-03-07,18029.849609375,18243.580078125,17768.58984375,18196.220703125,8135420000,23.3700008392334,115.7300033569336,0.201935541012263
2025-03-10,17840.3203125,17868.080078125,17291.8203125,17468.3203125,8636040000,27.860000610351562,128.4600067138672,0.21687684224092518
2025-03-11,17443.08984375,17687.400390625,17238.240234375,17436.099609375,9177320000,26.920000076293945,129.50999450683594,0.2078604062860417
2025-03-12,17711.41015625,17800.099609375,17436.26953125,17648.44921875,7746430000,24.229999542236328,115.88999938964844,0.2090775707122888
2025-03-13,17598.560546875,17621.91015625,17239.439453125,17303.009765625,7147050000,24.65999984741211,112.88999938964844,0.2184427316922577
2025-03-14,17523.30078125,17773.48046875,17491.080078125,17754.08984375,7093850000,21.770000457763672,98.2300033569336,0.22162271926896998
2025-03-17,17722.5390625,17925.939453125,17645.869140625,17808.66015625,6306340000,20.510000228881836,95.93000030517578,0.21380173213420958
2025-03-18,17662.5703125,17682.919921875,17431.669921875,17504.119140625,6450530000,21.700000762939453,99.68000030517578,0.21769663620087995
2025-03-19,17590.119140625,17917.5390625,17533.939453125,17750.7890625,6302310000,19.899999618530273,93.2300033569336,0.213450594250679
2025-03-20,17586.060546875,17903.19921875,17576.8203125,17691.630859375,6098330000,19.799999237060547,89.94999694824219,0.22012228914753154
2025-03-21,17519.83984375,17798.060546875,17474.810546875,17784.05078125,8837930000,19.280000686645508,87.98999786376953,0.2191158217380089
2025-03-24,18046.189453125,18210.05078125,18030.6796875,18188.58984375,6787790000,17.479999542236328,81.88999938964844,0.21345707256710447
2025-03-25,18207.970703125,18281.130859375,18170.419921875,18271.859375,6475790000,17.149999618530273,87.45999908447266,0.19608963866974274
2025-03-26,18217.330078125,18236.55078125,17837.259765625,17899.01953125,9091510000,18.329999923706055,90.23999786376953,0.20312500396307487
2025-03-27,17811.240234375,17988.01953125,17743.80078125,17804.029296875,8002470000,18.690000534057617,89.51000213623047,0.20880348662725112
2025-03-28,17722.08984375,17763.279296875,17283.060546875,17322.990234375,7015410000,21.649999618530273,102.44000244140625,0.21134321654193308
2025-03-31,17045.439453125,17334.98046875,16854.369140625,17299.2890625,8122180000,22.280000686645508,99.12000274658203,0.224778047510837
2025-04-01,17221.55078125,17506.58984375,17149.359375,17449.890625,7756540000,21.770000457763672,97.55000305175781,0.223167604066737
2025-04-02,17207.009765625,17716.51953125,17181.26953125,17601.05078125,9126630000,21.510000228881836,118.37000274658203,0.1817183385129468
2025-04-03,16790.529296875,16889.33984375,16533.0390625,16550.609375,9461330000,30.020000457763672,119.4800033569336,0.2512554370130219
2025-04-04,16045.599609375,16128.16015625,15575.6796875,15587.7900390625,11038180000,45.310001373291016,147.16000366210938,0.30789616910669726
2025-04-07,14978.0302734375,16292.2802734375,14784.0302734375,15603.259765625,12483580000,46.97999954223633,152.6300048828125,0.30780317132471435
2025-04-08,16181.0400390625,16316.509765625,15053.3896484375,15267.91015625,10496650000,52.33000183105469,170.9199981689453,0.30616664165494123
2025-04-09,15295.4404296875,17202.939453125,15270.2802734375,17124.970703125,13479740000,33.619998931884766,142.5,0.235929817065858
2025-04-10,16635.44921875,16712.369140625,15894.26953125,16387.310546875,11861670000,40.720001220703125,157.24000549316406,0.2589671826389844
2025-04-11,16358.5302734375,16753.41015625,16228.0400390625,16724.4609375,9444890000,37.560001373291016,147.35000610351562,0.2549032902442131
2025-04-14,17120.439453125,17136.560546875,16661.259765625,16831.48046875,9667260000,30.889999389648438,122.31999969482422,0.25253433180768314
2025-04-15,16842.390625,16979.9609375,16753.220703125,16823.169921875,7483050000,30.1200008392334,115.88999938964844,0.2599016394672946
2025-04-16,16499.689453125,16600.369140625,16066.4599609375,16307.16015625,7909190000,32.63999938964844,122.91000366210938,0.2655601530968848
2025-04-17,16399.970703125,16408.509765625,16181.169921875,16286.4501953125,7046290000,29.649999618530273,116.26000213623047,0.25503181725205176
2025-04-21,16052.759765625,16066.7900390625,15685.330078125,15870.900390625,6678730000,33.81999969482422,124.11000061035156,0.2725001976351889
2025-04-22,16079.9404296875,16410.560546875,16038.73046875,16300.419921875,6981900000,30.56999969482422,112.95999908447266,0.2706267700300144
2025-04-23,16880.2890625,17029.859375,16642.66015625,16708.05078125,8564870000,28.450000762939453,109.0199966430664,0.26096130653980215
2025-04-24,16754.759765625,17174.349609375,16744.970703125,17166.0390625,7607400000,26.469999313354492,102.9800033569336,0.2570401869342363
2025-04-25,17182.109375,17404.490234375,17110.720703125,17382.939453125,7412930000,24.84000015258789,98.94999694824219,0.25103588598977883
2025-04-28,17390.9296875,17467.349609375,17128.7109375,17366.130859375,10313290000,25.149999618530273,103.38999938964844,0.24325369733050148
2025-04-29,17270.759765625,17500.419921875,17256.19921875,17461.3203125,13001930000,24.170000076293945,101.30999755859375,0.23857467830176346
2025-04-30,17099.98046875,17483.8203125,16959.529296875,17446.33984375,8595330000,24.700000762939453,102.29000091552734,0.24147033475282784
2025-05-01,17793.140625,17922.830078125,17688.109375,17710.740234375,8409690000,24.600000381469727,102.30999755859375,0.24044571369851817
2025-05-02,17868.759765625,18048.830078125,17812.0390625,17977.73046875,8180190000,22.68000030517578,97.26000213623047,0.23318938728181685
2025-05-05,17817.009765625,17965.640625,17792.080078125,17844.240234375,7075320000,23.639999389648438,101.16999816894531,0.23366610474946975
2025-05-06,17623.2109375,17830.349609375,17592.880859375,17689.66015625,6958220000,24.760000228881836,104.31999969482422,0.23734662865523656
2025-05-07,17706.830078125,17820.2890625,17503.009765625,17738.16015625,7977870000,23.549999237060547,99.81999969482422,0.23592465747404368
2025-05-08,17920.150390625,18096.0,17776.0,17928.140625,8500390000,22.479999542236328,96.29000091552734,0.23346141165745168
2025-05-09,18022.55078125,18068.900390625,17853.83984375,17928.919921875,8835140000,21.899999618530273,96.3499984741211,0.2272963151567922
2025-05-12,18674.560546875,18710.220703125,18472.7109375,18708.33984375,10717670000,18.389999389648438,87.93000030517578,0.2091436293167618
2025-05-13,18761.23046875,19065.9609375,18745.5,19010.08984375,9242230000,18.219999313354492,91.58999633789062,0.19893001465070384
2025-05-14,19074.720703125,19174.55078125,19023.609375,19146.810546875,11744820000,18.6200008392334,97.16000366210938,0.1916426527111676
2025-05-15,19031.240234375,19207.220703125,18967.779296875,19112.3203125,10546350000,17.829999923706055,94.11000061035156,0.18945914151598525
2025-05-16,19151.5390625,19213.419921875,19038.48046875,19211.099609375,10509820000,17.239999771118164,94.94000244140625,0.18158836452272167
2025-05-19,18937.419921875,19227.220703125,18937.419921875,19215.4609375,13080030000,18.139999389648438,96.88999938964844,0.18722261847373367
2025-05-20,19132.060546875,19186.689453125,19015.630859375,19142.7109375,9047100000,18.09000015258789,96.62000274658203,0.18722831337559478
2025-05-21,19002.939453125,19241.41015625,18799.19921875,18872.640625,11112460000,20.8700008392334,106.30000305175781,0.19633114054636225
2025-05-22,18888.05078125,19061.109375,18840.33984375,18925.740234375,8289710000,20.280000686645508,104.0999984741211,0.19481268956682116
2025-05-23,18622.380859375,18841.51953125,18599.689453125,18737.2109375,8730370000,22.290000915527344,109.76000213623047,0.20307945045283193
2025-05-27,19014.439453125,19210.94921875,18961.689453125,19199.16015625,8927760000,18.959999084472656,96.48999786376953,0.19649704118805703
2025-05-28,19232.619140625,19276.830078125,19084.380859375,19100.939453125,8087530000,19.309999465942383,97.1500015258789,0.19876478808699316
2025-05-29,19389.390625,19389.390625,19091.5390625,19175.869140625,11016850000,19.18000030517578,95.31999969482422,0.20121695726586575
2025-05-30,19131.220703125,19157.779296875,18847.740234375,19113.76953125,9042260000,18.56999969482422,95.1500015258789,0.19516552177640847
2025-06-02,19063.060546875,19252.7109375,18985.30078125,19242.609375,7779940000,18.360000610351562,91.83999633789062,0.1999129066033808
2025-06-03,19288.66015625,19459.279296875,19224.69921875,19398.9609375,7990230000,17.690000534057617,90.88999938964844,0.19463087966608955
2025-06-04,19434.939453125,19493.44921875,19359.08984375,19460.490234375,7695660000,17.610000610351562,90.79000091552734,0.19396409772851775
2025-06-05,19518.19921875,19610.509765625,19226.220703125,19298.44921875,8782360000,18.479999542236328,93.19999694824219,0.1982832633835711
2025-06-06,19526.990234375,19593.1796875,19464.83984375,19529.94921875,7291590000,16.770000457763672,89.44999694824219,0.18747905008277616
2025-06-09,19573.140625,19637.560546875,19531.099609375,19591.240234375,9538700000,17.15999984741211,88.97000122070312,0.1928739981113883
2025-06-10,19620.109375,19730.380859375,19539.08984375,19714.990234375,11221560000,16.950000762939453,92.05999755859375,0.18411906596186065
2025-06-11,19779.359375,19800.4609375,19551.349609375,19615.880859375,10214190000,17.260000228881836,99.0199966430664,0.17430822878229635
2025-06-12,19578.869140625,19690.609375,19553.560546875,19662.490234375,16308730000,18.020000457763672,103.04000091552734,0.174883543261384
2025-06-13,19450.9296875,19591.869140625,19367.419921875,19406.830078125,9001850000,20.81999969482422,113.37000274658203,0.18364646017839067
2025-06-16,19550.75,19733.310546875,19550.75,19701.2109375,9619130000,19.110000610351562,106.19000244140625,0.17996044986340518
2025-06-17,19627.080078125,19666.560546875,19485.439453125,19521.08984375,8519930000,21.600000381469727,115.5,0.18701299031575522
2025-06-18,19526.919921875,19660.76953125,19489.560546875,19546.26953125,7818790000,20.139999389648438,106.19999694824219,0.18964218425979712
2025-06-20,19639.41015625,19696.109375,19380.580078125,19447.41015625,9969140000,20.6200008392334,108.86000061035156,0.18941760723518342
2025-06-23,19427.009765625,19643.69921875,19334.98046875,19630.970703125,9088000000,19.829999923706055,104.31999969482422,0.19008819000878419
2025-06-24,19809.619140625,19946.720703125,19795.2890625,19912.529296875,8330090000,17.479999542236328,92.29000091552734,0.1894029620634168
2025-06-25,20013.94921875,20052.779296875,19918.080078125,19973.55078125,8256120000,16.760000228881836,89.6500015258789,0.1869492464430555
2025-06-26,20062.189453125,20187.150390625,19982.48046875,20167.91015625,8383380000,16.59000015258789,89.5999984741211,0.1851562548561821
2025-06-27,20217.259765625,20311.509765625,20095.05078125,20273.4609375,10951070000,16.31999969482422,91.83999633789062,0.17770035219492972
2025-06-30,20360.150390625,20418.310546875,20266.359375,20369.73046875,8220420000,16.729999542236328,89.73999786376953,0.18642745643512748
2025-07-01,20290.609375,20339.05078125,20105.41015625,20202.890625,8631710000,16.829999923706055,89.54000091552734,0.18796068518676468
2025-07-02,20184.369140625,20397.220703125,20181.740234375,20393.130859375,8378750000,16.639999389648438,89.80000305175781,0.1853006550574133
2025-07-03,20497.66015625,20624.509765625,20480.220703125,20601.099609375,6177910000,16.3799991607666,90.5999984741211,0.1807946957686249
2025-07-07,20490.55078125,20511.8203125,20323.01953125,20412.51953125,8345710000,17.790000915527344,96.30000305175781,0.1847352061449661
2025-07-08,20466.9296875,20480.890625,20377.359375,20418.4609375,8437480000,16.809999465942383,91.30999755859375,0.1840981263322823
2025-07-09,20522.08984375,20645.41015625,20486.380859375,20611.33984375,9978310000,15.9399995803833,91.76000213623047,0.17371402800011007
2025-07-10,20636.48046875,20655.390625,20495.140625,20630.66015625,9781380000,15.779999732971191,90.94000244140625,0.1735209952643056
2025-07-11,20562.880859375,20647.970703125,20509.75,20585.529296875,8135800000,16.399999618530273,93.52999877929688,0.1753448073620681
2025-07-14,20592.560546875,20672.33984375,20492.630859375,20640.330078125,8010060000,17.200000762939453,95.75,0.17963447271999428
2025-07-15,20822.759765625,20836.0390625,20670.580078125,20677.80078125,8399060000,17.3799991607666,94.66000366210938,0.18360446321980747
2025-07-16,20717.810546875,20751.05078125,20507.060546875,20730.490234375,9056640000,17.15999984741211,95.55999755859375,0.17957304610530417
2025-07-17,20760.3203125,20911.830078125,20735.55078125,20885.650390625,9994550000,16.520000457763672,92.9000015258789,0.1778256209518117
2025-07-18,20959.5703125,20980.560546875,20846.119140625,20895.650390625,9354580000,16.40999984741211,93.1500015258789,0.17616746729577978
2025-07-21,20960.330078125,21077.369140625,20957.439453125,20974.1796875,12046970000,16.649999618530273,92.26000213623047,0.18046823361162512
2025-07-22,20982.2109375,20985.33984375,20750.900390625,20892.689453125,10583710000,16.5,90.58000183105469,0.182159413407553
2025-07-23,20966.470703125,21023.849609375,20870.669921875,21020.01953125,10972770000,15.369999885559082,88.04000091552734,0.17457973336808907
2025-07-24,21083.8203125,21113.099609375,21001.6796875,21057.9609375,12741070000,15.390000343322754,89.75,0.17147632694510032
2025-07-25,21059.939453125,21159.80078125,21036.849609375,21108.3203125,11028310000,14.930000305175781,90.58999633789062,0.16480848778808355
2025-07-28,21176.400390625,21202.1796875,21122.119140625,21178.580078125,10612580000,15.029999732971191,88.58999633789062,0.16965797893980433
2025-07-29,21286.720703125,21303.9609375,21081.689453125,21098.2890625,10040610000,15.979999542236328,95.13999938964844,0.16796299815800722
2025-07-30,21140.400390625,21230.880859375,21016.919921875,21129.669921875,9311770000,15.479999542236328,94.33000183105469,0.16410473064509268
2025-07-31,21457.48046875,21457.48046875,21078.669921875,21122.44921875,9917220000,16.719999313354492,98.37000274658203,0.1699705077413495
2025-08-01,20830.640625,20865.630859375,20560.169921875,20650.130859375,9667420000,20.3799991607666,109.79000091552734,0.1856270971019211
2025-08-04,20853.91015625,21055.240234375,20833.859375,21053.580078125,7355970000,17.520000457763672,95.8499984741211,0.18278561018959186
2025-08-05,21092.099609375,21138.720703125,20893.2890625,20916.55078125,7982940000,17.850000381469727,97.6500015258789,0.18279569997486558
2025-08-06,20955.220703125,21183.880859375,20937.490234375,21169.419921875,8580020000,16.770000457763672,97.80999755859375,0.17145487042587326
2025-08-07,21325.009765625,21408.150390625,21090.05078125,21242.69921875,8979190000,16.56999969482422,97.37000274658203,0.1701756108393031
2025-08-08,21316.369140625,21464.529296875,21284.970703125,21450.01953125,8669200000,15.149999618530273,93.13999938964844,0.16265836072373907
2025-08-11,21459.650390625,21549.73046875,21346.619140625,21385.400390625,9099730000,16.25,97.08999633789062,0.16737048731001164
2025-08-12,21507.439453125,21689.6796875,21386.25,21681.900390625,8382820000,14.729999542236328,92.86000061035156,0.15862588246197257
2025-08-13,21764.55078125,21803.75,21645.140625,21713.140625,8763080000,14.489999771118164,98.16999816894531,0.14760110055397627
2025-08-14,21649.2109375,21766.2890625,21627.130859375,21710.669921875,9110860000,14.829999923706055,98.04000091552734,0.15126478769093232
2025-08-15,21709.33984375,21716.1796875,21567.4609375,21622.98046875,8158830000,15.09000015258789,97.8499984741211,0.1542156401420775
2025-08-18,21616.8203125,21651.5,21559.330078125,21629.76953125,8260970000,14.989999771118164,96.62999725341797,0.15512780913990912
2025-08-19,21607.44921875,21610.240234375,21277.7109375,21314.94921875,8461660000,15.569999694824219,102.08999633789062,0.1525124914618635
2025-08-20,21269.669921875,21269.669921875,20905.990234375,21172.859375,7810310000,15.6899995803833,98.5999984741211,0.15912778725347906
2025-08-21,21112.51953125,21198.759765625,21013.529296875,21100.310546875,6530580000,16.600000381469727,99.98999786376953,0.16601660902209686
2025-08-22,21139.830078125,21545.4296875,21092.359375,21496.5390625,9401300000,14.220000267028809,89.77999877929688,0.1583871737622246
2025-08-25,21466.470703125,21572.1796875,21400.08984375,21449.2890625,8443200000,14.789999961853027,92.30000305175781,0.1602383474847714
2025-08-26,21443.630859375,21550.9296875,21389.099609375,21544.26953125,9087930000,14.619999885559082,91.6500015258789,0.15951990880688507
2025-08-27,21526.330078125,21616.169921875,21476.30078125,21590.140625,8040510000,14.850000381469727,94.93000030517578,0.15643105797672766
2025-08-28,21619.26953125,21742.4609375,21534.939453125,21705.16015625,7807080000,14.430000305175781,92.02999877929688,0.1567967021251549
2025-08-29,21630.330078125,21631.150390625,21397.98046875,21455.55078125,7715430000,15.359999656677246,97.16999816894531,0.15807347891446363
2025-09-02,21086.5703125,21293.689453125,21033.05078125,21279.630859375,8183410000,17.170000076293945,103.87999725341797,0.16528687456938684
2025-09-03,21461.630859375,21553.98046875,21370.98046875,21497.73046875,7488290000,16.350000381469727,99.62000274658203,0.16412366925005628
2025-09-04,21539.91015625,21711.9609375,21469.400390625,21707.689453125,7282150000,15.300000190734863,95.27999877929688,0.16057934914729824
2025-09-05,21860.439453125,21878.810546875,21534.720703125,21700.390625,8413730000,15.180000305175781,93.05999755859375,0.16312057493465906
2025-09-08,21806.220703125,21885.619140625,21776.240234375,21798.69921875,8435850000,15.109999656677246,92.29000091552734,0.1637230415731317
2025-09-09,21858.169921875,21891.419921875,21731.48046875,21879.490234375,7877410000,15.039999961853027,93.16000366210938,0.16144267250571387
2025-09-10,21980.599609375,22000.970703125,21810.83984375,21886.060546875,9090550000,15.350000381469727,100.52999877929688,0.1526907447315209
2025-09-11,21977.51953125,22059.7109375,21908.810546875,22043.0703125,10025020000,14.710000038146973,96.31999969482422,0.15272010054768945
2025-09-12,22078.630859375,22182.33984375,22031.619140625,22141.099609375,9023140000,14.760000228881836,96.77999877929688,0.15251085363765562
2025-09-15,22243.19921875,22352.25,22233.0,22348.75,8904030000,15.6899995803833,99.55000305175781,0.15760923254041279
2025-09-16,22397.5,22397.5,22308.779296875,22333.9609375,8592240000,16.360000610351562,104.0999984741211,0.1571565883780354
2025-09-17,22333.01953125,22339.5390625,22058.919921875,22261.330078125,9325980000,15.720000267028809,96.16999816894531,0.16346054451839456
2025-09-18,22439.109375,22540.9296875,22358.48046875,22470.720703125,10478450000,15.699999809265137,97.27999877929688,0.16138980269607497
2025-09-19,22554.310546875,22645.109375,22497.7109375,22631.48046875,14632360000,15.449999809265137,96.9000015258789,0.15944271997910064
2025-09-22,22606.58984375,22801.900390625,22590.859375,22788.98046875,9736270000,16.100000381469727,99.75,0.16140351259618774
2025-09-23,22782.720703125,22785.130859375,22539.0390625,22573.470703125,9822620000,16.639999389648438,101.2300033569336,0.16437813728975548
2025-09-24,22656.01953125,22657.44921875,22397.0,22497.859375,9184030000,16.18000030517578,99.98999786376953,0.16181618812733725
2025-09-25,22318.76953125,22456.779296875,22185.869140625,22384.69921875,9960330000,16.739999771118164,100.33999633789062,0.16683277239463848
2025-09-26,22403.26953125,22488.1796875,22285.439453125,22484.0703125,8488400000,15.289999961853027,93.4000015258789,0.16370449370513698
2025-09-29,22605.30078125,22704.900390625,22536.05078125,22591.150390625,9046720000,16.1200008392334,96.73999786376953,0.16663222240229716
2025-09-30,22580.359375,22671.390625,22493.9609375,22660.009765625,8928070000,16.280000686645508,95.88999938964844,0.16977787871800712
2025-10-01,22530.94921875,22782.580078125,22516.740234375,22755.16015625,10043980000,16.290000915527344,93.22000122070312,0.17474791570705875
2025-10-02,22885.900390625,22900.599609375,22729.75,22844.05078125,9633200000,16.6299991607666,94.0999984741211,0.1767268802383679
2025-10-03,22886.16015625,22925.4296875,22695.8203125,22780.509765625,10515730000,16.649999618530273,94.79000091552734,0.17565143430442645
2025-10-06,22894.349609375,22991.720703125,22827.560546875,22941.669921875,10468830000,16.3700008392334,95.37999725341797,0.17162928612526013
2025-10-07,22972.369140625,23006.0703125,22718.759765625,22788.359375,10375920000,17.239999771118164,98.69999694824219,0.1746707224333425
2025-10-08,22852.3203125,23045.140625,22845.419921875,23043.380859375,10925520000,16.299999237060547,96.22000122070312,0.16940344034784077
2025-10-09,23045.330078125,23062.619140625,22899.16015625,23024.630859375,10713200000,16.43000030517578,97.25,0.16894601856221883
2025-10-10,23043.51953125,23119.91015625,22193.0703125,22204.4296875,11635030000,21.65999984741211,116.25,0.1863225793325773
2025-10-13,22578.669921875,22718.75,22499.490234375,22694.609375,9018770000,19.030000686645508,106.44999694824219,0.1787693868690125
2025-10-14,22388.0390625,22691.0703125,22213.73046875,22521.69921875,9776720000,20.809999465942383,113.19000244140625,0.18385015475827782
2025-10-15,22738.5,22841.689453125,22427.7890625,22670.080078125,11374850000,20.639999389648438,117.30000305175781,0.17595906950267667
2025-10-16,22764.400390625,22886.869140625,22404.689453125,22562.5390625,11343620000,25.309999465942383,134.25,0.18852886008150752
2025-10-17,22489.810546875,22736.009765625,22396.650390625,22679.970703125,9552150000,20.780000686645508,115.62999725341797,0.17971115783306188
2025-10-20,22844.8203125,23031.869140625,22841.0,22990.5390625,9440620000,18.229999542236328,103.18000030517578,0.17668152246867036
2025-10-21,22984.55078125,23010.349609375,22894.419921875,22953.669921875,10845130000,17.8700008392334,103.36000061035156,0.17289087397164457
2025-10-22,22940.7890625,22978.400390625,22514.080078125,22740.400390625,14361150000,18.600000381469727,104.87000274658203,0.17736244773843057
2025-10-23,22751.330078125,22983.4609375,22732.1796875,22941.80078125,10363600000,17.299999237060547,98.5999984741211,0.17545638442987568
2025-10-24,23143.23046875,23261.259765625,23127.9609375,23204.869140625,10308620000,16.3700008392334,98.02999877929688,0.16698970767191937
2025-10-27,23537.3203125,23658.66015625,23493.9609375,23637.4609375,10757830000,15.789999961853027,97.4000015258789,0.16211498680169598
2025-10-28,23766.4609375,23901.359375,23675.189453125,23827.490234375,10640830000,16.420000076293945,101.51000213623047,0.1617574596664637
2025-10-29,23987.2890625,24019.990234375,23763.990234375,23958.470703125,10089540000,16.920000076293945,103.56999969482422,0.16336777180795437
2025-10-30,23793.080078125,23846.130859375,23578.470703125,23581.140625,10564160000,16.90999984741211,102.83999633789062,0.1644301871798273
2025-10-31,23941.779296875,23946.23046875,23628.8203125,23724.9609375,10909250000,17.440000534057617,104.45999908447266,0.16695386451185568
2025-11-03,23951.91015625,23976.83984375,23764.869140625,23834.720703125,10360170000,17.170000076293945,101.43000030517578,0.16927930616813566
2025-11-04,23458.2109375,23644.150390625,23333.3203125,23348.640625,10227700000,19.0,104.44000244140625,0.18192263075309223
2025-11-05,23358.0703125,23636.529296875,23286.869140625,23499.80078125,10026890000,18.010000228881836,100.7699966430664,0.17872383476080064
2025-11-06,23461.2890625,23469.55078125,23011.060546875,23053.990234375,11085130000,19.5,105.70999908447266,0.18446693944645282
2025-11-07,22892.919921875,23009.91015625,22563.419921875,23004.5390625,10141910000,19.079999923706055,103.5999984741211,0.1841698861460135
2025-11-10,23354.849609375,23569.619140625,23290.05078125,23527.169921875,9297320000,17.600000381469727,98.91000366210938,0.17793953826545017
2025-11-11,23407.720703125,23508.439453125,23315.279296875,23468.30078125,7756810000,17.280000686645508,99.5999984741211,0.17349398545558556
2025-11-12,23563.83984375,23564.08984375,23278.30078125,23406.4609375,8449920000,17.510000228881836,103.47000122070312,0.16922779571184823
2025-11-13,23262.640625,23264.26953125,22796.0703125,22870.359375,11351410000,20.0,111.25,0.1797752808988764
2025-11-14,22544.720703125,23073.1796875,22436.7890625,22900.58984375,10841540000,19.829999923706055,107.94999694824219,0.18369616011396245
2025-11-17,22788.3203125,23044.55078125,22559.509765625,22708.0703125,9744800000,22.3799991607666,117.86000061035156,0.18988629768258275
2025-11-18,22565.900390625,22643.009765625,22231.150390625,22432.849609375,8606260000,24.690000534057617,124.31999969482422,0.19860039088373269
2025-11-19,22459.26953125,22821.240234375,22385.220703125,22564.23046875,8434200000,23.65999984741211,119.56999969482422,0.19787572056367808
2025-11-20,23057.0,23147.330078125,22043.19921875,22078.05078125,10548620000,26.420000076293945,128.64999389648438,0.20536339937607978
2025-11-21,22162.830078125,22531.83984375,21898.2890625,22273.080078125,9931240000,23.43000030517578,118.33999633789062,0.19798885440453456
2025-11-24,22482.16015625,22916.400390625,22478.26953125,22872.009765625,9232160000,20.520000457763672,103.95999908447266,0.19738361522194853
2025-11-25,22802.849609375,23070.08984375,22587.109375,23025.58984375,8498500000,18.559999465942383,96.8499984741211,0.1916365488730671
2025-11-26,23163.189453125,23280.580078125,23074.390625,23214.689453125,7291400000,17.190000534057617,92.16999816894531,0.1865032101069241
2025-11-28,23291.58984375,23365.7890625,23250.509765625,23365.689453125,4541070000,16.350000381469727,90.33999633789062,0.18098296484668075
2025-12-01,23172.33984375,23363.849609375,23110.2109375,23275.919921875,7859560000,17.239999771118164,93.76000213623047,0.18387371350598908
2025-12-02,23379.75,23526.23046875,23286.4609375,23413.669921875,7588580000,16.59000015258789,91.70999908447266,0.18089630703525686
2025-12-03,23315.580078125,23499.9296875,23271.830078125,23454.08984375,7962730000,16.079999923706055,92.38999938964844,0.17404481036837943
2025-12-04,23527.30078125,23528.529296875,23372.330078125,23505.140625,7456860000,15.779999732971191,91.27999877929688,0.17287467072743035
2025-12-05,23567.76953125,23680.029296875,23506.0,23578.130859375,8248280000,15.40999984741211,90.6500015258789,0.1699944797354784
2025-12-08,23638.220703125,23698.9296875,23455.05078125,23545.900390625,8533670000,16.65999984741211,97.3499984741211,0.1711350807246381
2025-12-09,23504.609375,23616.4609375,23449.73046875,23576.490234375,7192600000,16.93000030517578,98.13999938964844,0.17250866527885383
2025-12-10,23536.0,23704.080078125,23435.169921875,23654.150390625,7987900000,15.770000457763672,99.11000061035156,0.15911613722779627
2025-12-11,23509.220703125,23606.69921875,23308.94921875,23593.859375,8337770000,14.850000381469727,95.41000366210938,0.15564406049139665
2025-12-12,23488.869140625,23554.890625,23094.509765625,23195.169921875,8724070000,15.739999771118164,97.33000183105469,0.16171786165626134
2025-12-15,23330.0390625,23345.560546875,23012.0,23057.41015625,8649240000,16.5,100.37000274658203,0.164391746024555
2025-12-16,22981.8203125,23162.599609375,22920.66015625,23111.4609375,7759960000,16.479999542236328,98.36000061035156,0.16754777795824807
2025-12-17,23135.609375,23159.19921875,22692.0,22693.3203125,8616140000,17.6200008392334,99.88999938964844,0.17639404291616556
2025-12-18,23012.060546875,23149.609375,22906.23046875,23006.359375,7977920000,16.8700008392334,92.61000061035156,0.18216176145179444
2025-12-19,23121.900390625,23307.91015625,23106.189453125,23307.619140625,12874560000,14.90999984741211,83.87000274658203,0.17777512053342265
2025-12-22,23450.529296875,23476.5,23362.9296875,23428.830078125,7244910000,14.079999923706055,81.97000122070312,0.1717701563257983
2025-12-23,23407.69921875,23563.4609375,23377.490234375,23561.83984375,7518190000,14.0,85.13999938964844,0.16443504933478023
2025-12-24,23555.94921875,23621.720703125,23527.970703125,23613.310546875,3885190000,13.470000267028809,85.23999786376953,0.1580244087823248
2025-12-26,23645.91015625,23665.150390625,23567.859375,23593.099609375,5170300000,13.600000381469727,84.23999786376953,0.1614435033992196
2025-12-29,23414.6796875,23531.01953125,23397.51953125,23474.349609375,6527530000,14.199999809265137,85.87999725341797,0.16534699887522394
2025-12-30,23465.669921875,23521.05078125,23414.830078125,23419.080078125,6769300000,14.329999923706055,87.12999725341797,0.16446689286615251
2025-12-31,23420.849609375,23445.259765625,23237.779296875,23241.990234375,5895130000,14.949999809265137,92.66999816894531,0.16132513331887643
2026-01-02,23481.490234375,23585.9609375,23119.490234375,23235.630859375,7331460000,14.510000228881836,90.0999984741211,0.1610432905062641
2026-01-05,23449.669921875,23476.509765625,23332.23046875,23395.8203125,8737320000,14.899999618530273,90.51000213623047,0.16462268552489534
2026-01-06,23446.9609375,23559.150390625,23389.5703125,23547.169921875,9012640000,14.75,89.01000213623047,0.1657117138074552
2026-01-07,23544.890625,23723.369140625,23504.2109375,23584.279296875,8396920000,15.380000114440918,91.86000061035156,0.16742869597485904
2026-01-08,23548.880859375,23558.169921875,23353.4609375,23480.01953125,7723140000,15.449999809265137,89.8499984741211,0.17195325622309385
2026-01-09,23496.2109375,23721.150390625,23426.48046875,23671.349609375,8124420000,14.489999771118164,88.19000244140625,0.16430433575217748
2026-01-12,23576.880859375,23804.0390625,23562.970703125,23733.900390625,8707170000,15.119999885559082,93.12999725341797,0.16235370268953983
2026-01-13,23735.119140625,23813.30078125,23607.58984375,23709.869140625,9416400000,15.979999542236328,101.06999969482422,0.15810823776083044
2026-01-14,23563.919921875,23590.19921875,23306.66015625,23471.75,12165220000,16.75,104.8499984741211,0.15975202902968288
2026-01-15,23693.970703125,23721.109375,23502.1796875,23530.01953125,9740630000,15.84000015258789,100.9000015258789,0.1569871150945943
2026-01-16,23639.689453125,23664.259765625,23446.810546875,23515.390625,9514500000,15.859999656677246,102.05000305175781,0.15541400472700972
2026-01-20,23142.689453125,23236.05078125,22916.830078125,22954.3203125,9469480000,20.09000015258789,117.05000305175781,0.17163604979749025
2026-01-21,23017.6796875,23383.240234375,22927.880859375,23224.8203125,9162740000,16.899999618530273,102.56999969482422,0.1647655227533657
2026-01-22,23440.7109375,23503.16015625,23335.150390625,23436.01953125,9034850000,15.640000343322754,96.12000274658203,0.16271327399518726
2026-01-23,23440.919921875,23610.740234375,23374.259765625,23501.240234375,8228760000,16.09000015258789,101.83000183105469,0.15800844410552675
2026-01-26,23529.279296875,23688.939453125,23486.080078125,23601.359375,7505250000,16.149999618530273,99.75,0.161904758080504
2026-01-27,23734.75,23865.259765625,23694.380859375,23817.099609375,8026050000,16.350000381469727,101.26000213623047,0.16146553462909471
2026-01-28,23965.109375,23988.26953125,23775.490234375,23857.44921875,8151580000,16.350000381469727,100.45999908447266,0.16275134909887554
2026-01-29,23830.919921875,23840.55078125,23232.779296875,23685.119140625,8782210000,16.8799991607666,101.76000213623047,0.16588049141516945
2026-01-30,23578.9609375,23662.25,23351.55078125,23461.8203125,9255930000,17.440000534057617,108.18000030517578,0.16121279797429633
2026-02-02,23370.5390625,23686.830078125,23356.400390625,23592.109375,8882530000,16.34000015258789,98.7699966430664,0.16543485580582884
2026-02-03,23667.439453125,23691.599609375,23027.2109375,23255.189453125,10306320000,18.0,103.81999969482422,0.17337699916114874
2026-02-04,23217.01953125,23270.0703125,22684.509765625,22904.580078125,10862000000,18.639999389648438,106.16000366210938,0.1755840123082195
2026-02-05,22604.01953125,22841.279296875,22461.140625,22540.58984375,10109230000,21.770000457763672,117.06999969482422,0.1859571240669111
2026-02-06,22625.30078125,23088.4609375,22586.400390625,23031.2109375,9054400000,20.3700008392334,100.98999786376953,0.20170315150131515
2026-02-09,22952.240234375,23314.669921875,22878.369140625,23238.669921875,8174050000,17.360000610351562,98.5999984741211,0.17606491763697066
2026-02-10,23271.220703125,23310.73046875,23089.099609375,23102.470703125,8513440000,17.790000915527344,100.80999755859375,0.17647060159075265
2026-02-11,23278.2890625,23320.619140625,22902.009765625,23066.470703125,9927010000,17.649999618530273,102.1500015258789,0.17278511360627619
2026-02-12,23142.869140625,23161.599609375,22548.01953125,22597.150390625,8855290000,20.81999969482422,112.30000305175781,0.18539625226215278
2026-02-13,22561.4609375,22742.060546875,22402.380859375,22546.669921875,7964830000,20.600000381469727,115.5199966430664,0.17832410820716688
2026-02-17,22394.759765625,22690.830078125,22256.759765625,22578.380859375,7654300000,20.290000915527344,107.08999633789062,0.18946681865137321
2026-02-18,22629.849609375,22895.9609375,22597.76953125,22753.630859375,7705590000,19.6200008392334,108.69000244140625,0.18051339036274616
2026-02-19,22639.880859375,22768.830078125,22583.609375,22682.73046875,6984780000,20.229999542236328,111.66999816894531,0.1811587702511681
2026-02-20,22542.279296875,22948.869140625,22539.05078125,22886.0703125,8063070000,19.09000015258789,108.70999908447266,0.17560482304625985
2026-02-23,22840.970703125,22893.220703125,22547.119140625,22627.26953125,8263920000,21.010000228881836,115.66000366210938,0.1816531174446503
2026-02-24,22641.599609375,22895.48046875,22528.259765625,22863.6796875,7932270000,19.549999237060547,108.61000061035156,0.18000183341493553
2026-02-25,23005.009765625,23169.6796875,23004.689453125,23152.080078125,8427450000,17.93000030517578,103.9800033569336,0.17243700448467214
2026-02-26,23100.580078125,23109.4609375,22670.80078125,22878.380859375,9033470000,18.6299991607666,104.1500015258789,0.17887660958062945
2026-02-27,22615.4296875,22735.779296875,22538.30078125,22668.2109375,9552610000,19.860000610351562,110.88999938964844,0.17909640832954582
2026-03-02,22322.119140625,22802.80078125,22306.080078125,22748.859375,8303030000,21.440000534057617,113.44000244140625,0.18899859020306134
2026-03-03,22292.369140625,22601.58984375,22124.779296875,22516.689453125,9705500000,23.56999969482422,116.0199966430664,0.2031546317600485
2026-03-04,22620.890625,22891.880859375,22570.669921875,22807.48046875,10918410000,21.149999618530273,106.94000244140625,0.19777444488201334
2026-03-05,22707.470703125,22877.01953125,22500.2890625,22748.990234375,10994660000,23.75,115.93000030517578,0.20486500420495266
2026-03-06,22421.169921875,22614.41015625,22328.130859375,22387.6796875,9300220000,29.489999771118164,140.44000244140625,0.20998290557152227
2026-03-09,22184.05078125,22741.029296875,22061.970703125,22695.94921875,9797740000,25.5,122.5999984741211,0.2079934773032044
2026-03-10,22722.939453125,22906.720703125,22608.23046875,22697.099609375,8800580000,24.93000030517578,125.36000061035156,0.19886726375077246
2026-03-11,22771.26953125,22877.7109375,22602.330078125,22716.130859375,8348570000,24.229999542236328,122.48999786376953,0.19781206600382473
2026-03-12,22526.58984375,22550.75,22290.48046875,22311.98046875,8490850000,27.290000915527344,130.17999267578125,0.2096328349279773
2026-03-13,22425.69921875,22521.380859375,22069.240234375,22105.359375,8278740000,27.190000534057617,131.0500030517578,0.20747806105215433
2026-03-16,22340.390625,22521.58984375,22316.630859375,22374.1796875,8208800000,23.510000228881836,116.77999877929688,0.20131872302305387
2026-03-17,22458.029296875,22569.640625,22409.0703125,22479.529296875,8505210000,22.3700008392334,110.55000305175781,0.2023518789842105
2026-03-18,22421.9609375,22461.759765625,22144.759765625,22152.419921875,9325170000,25.09000015258789,126.5,0.19833992215484497
2026-03-19,21871.0390625,22187.060546875,21851.05078125,22090.689453125,8547870000,24.059999465942383,118.08999633789062,0.20374290974740625
2026-03-20,21989.330078125,21997.08984375,21522.75,21647.609375,11743490000,26.780000686645508,126.27999877929688,0.21206842687296562
2026-03-23,21995.779296875,22189.33984375,21865.80078125,21946.759765625,8895880000,26.149999618530273,122.81999969482422,0.21291320374129805
2026-03-24,21807.599609375,21916.16015625,21712.0390625,21761.890625,8488380000,26.950000762939453,124.13999938964844,0.21709361120865858
2026-03-25,22006.4296875,22093.1796875,21865.4609375,21929.8203125,8056920000,25.329999923706055,119.37000274658203,0.2121973640017474
2026-03-26,21693.1796875,21823.580078125,21395.76953125,21408.080078125,7726590000,27.440000534057617,124.43000030517578,0.2205256004722217
2026-03-27,21287.189453125,21293.5,20909.9296875,20948.359375,8713310000,31.049999237060547,133.17999267578125,0.23314312167481432
2026-03-30,21096.240234375,21139.720703125,20690.25,20794.640625,9234380000,30.610000610351562,127.83999633789062,0.23943993653947745
2026-03-31,21064.330078125,21642.619140625,21063.380859375,21590.630859375,10645070000,25.25,116.05000305175781,0.21757862417925664
2026-04-01,21742.7890625,21983.0703125,21723.720703125,21840.94921875,8801740000,24.540000915527344,114.83000183105469,0.21370722393292457
2026-04-02,21472.51953125,21906.48046875,21371.3203125,21879.1796875,8134780000,23.8700008392334,115.33000183105469,0.206971303739336
2026-04-06,21939.80078125,22052.41015625,21864.5,21996.33984375,7907270000,24.170000076293945,113.52999877929688,0.21289527293381372
2026-04-07,21927.08984375,22024.900390625,21611.0,22017.849609375,10796020000,25.780000686645508,117.30000305175781,0.21977834625690726
2026-04-08,22821.2109375,22821.2109375,22501.279296875,22634.990234375,10411670000,21.040000915527344,111.06999969482422,0.189430097896253
2026-04-09,22646.349609375,22836.75,22529.2109375,22822.419921875,8662470000,19.489999771118164,105.37000274658203,0.1849672512393512
2026-04-10,22913.91015625,23011.76953125,22845.05078125,22902.890625,8700640000,19.229999542236328,107.30000305175781,0.1792171388192826
2026-04-13,22849.23046875,23187.9609375,22795.8203125,23183.740234375,7925320000,19.1200008392334,102.62999725341797,0.18630031521896614
2026-04-14,23331.5,23639.080078125,23331.5,23639.080078125,9105660000,18.360000610351562,95.4000015258789,0.19245283350830025
2026-04-15,23688.119140625,24026.560546875,23672.259765625,24016.01953125,10206480000,18.170000076293945,97.6500015258789,0.1860727065270817
2026-04-16,24062.44921875,24156.1796875,23894.91015625,24102.69921875,9963610000,17.940000534057617,96.80000305175781,0.1853305781867105
2026-04-17,24338.009765625,24519.509765625,24286.470703125,24468.48046875,10159120000,17.479999542236328,95.12999725341797,0.18374855510266802
2026-04-20,24417.529296875,24435.919921875,24221.529296875,24404.390625,8379940000,18.8700008392334,98.1500015258789,0.19225675543426257
2026-04-21,24465.33984375,24537.580078125,24198.990234375,24259.9609375,9309940000,19.5,101.88999938964844,0.1913828650192446
2026-04-22,24462.310546875,24660.109375,24421.400390625,24657.5703125,8080930000,18.920000076293945,98.7300033569336,0.19163374286429855
2026-04-23,24553.75,24664.869140625,24209.740234375,24438.5,7956600000,19.309999465942383,98.56999969482422,0.19590138506367802
2026-04-24,24616.560546875,24854.0390625,24524.369140625,24836.599609375,10203070000,18.709999084472656,97.18000030517578,0.1925293169964743
2026-04-27,24799.640625,24899.369140625,24694.8203125,24887.099609375,8126500000,18.020000457763672,93.86000061035156,0.19198807096296028
2026-04-28,24609.5703125,24724.69921875,24524.23046875,24663.80078125,7441950000,17.829999923706055,91.02999877929688,0.19586949536201867
2026-04-29,24606.529296875,24724.109375,24532.69921875,24673.240234375,8147470000,18.809999465942383,96.0199966430664,0.195896689476719
2026-04-30,24859.939453125,24935.599609375,24491.830078125,24892.310546875,8139190000,16.889999389648438,93.69999694824219,0.1802561359631431
2026-05-01,24977.7890625,25223.119140625,24967.08984375,25114.439453125,7534290000,16.989999771118164,95.16999816894531,0.17852264472000515
2026-05-04,25112.1796875,25210.470703125,24913.119140625,25067.80078125,7849180000,18.290000915527344,98.29000091552734,0.18608200981955617
2026-05-05,25258.880859375,25361.05078125,25217.16015625,25326.130859375,8090030000,17.3799991607666,95.26000213623047,0.182448024050132
2026-05-06,25495.169921875,25850.189453125,25464.439453125,25838.939453125,8864150000,17.389999389648438,93.69999694824219,0.18559231543256388
2026-05-07,25881.30078125,26036.380859375,25713.650390625,25806.19921875,9118880000,17.079999923706055,93.61000061035156,0.18245913697619737
2026-05-08,25958.119140625,26248.619140625,25944.779296875,26247.080078125,9577150000,17.190000534057617,96.77999877929688,0.17761935059803796
2026-05-11,26135.630859375,26359.310546875,26129.830078125,26274.130859375,11989910000,18.3799991607666,98.05999755859375,0.187436259620382
2026-05-12,26087.009765625,26190.48046875,25739.220703125,26088.19921875,9631840000,17.989999771118164,98.55000305175781,0.18254692251678506
2026-05-13,26147.650390625,26474.1796875,25990.16015625,26402.33984375,9734720000,17.8700008392334,98.36000061035156,0.18167955193518706
2026-05-14,26425.470703125,26707.140625,26423.2109375,26635.220703125,9860060000,17.260000228881836,94.26000213623047,0.18311054357856477
2026-05-15,26288.919921875,26460.759765625,26097.5390625,26225.140625,9584430000,18.43000030517578,92.94000244140625,0.19829997655525047
2026-05-18,26289.490234375,26310.83984375,25867.30078125,26090.73046875,10327940000,17.81999969482422,91.18000030517578,0.1954375919629458
2026-05-19,25923.490234375,26050.2890625,25701.439453125,25870.7109375,9895620000,18.059999465942383,94.61000061035156,0.19088890550082488
2026-05-20,25991.509765625,26273.759765625,25928.330078125,26270.359375,9268370000,17.440000534057617,96.44999694824219,0.18081908850050474
2026-05-21,26143.619140625,26403.5703125,26039.369140625,26293.099609375,8627780000,16.760000228881836,91.87999725341797,0.18241184947639252
2026-05-22,26381.560546875,26504.55078125,26309.80078125,26343.970703125,9265090000,16.700000762939453,91.16000366210938,0.18319438451142583
2026-05-26,26590.5,26725.2890625,26520.30078125,26656.1796875,9718120000,17.010000228881836,89.55000305175781,0.1899497448263676
2026-05-27,26695.439453125,26715.310546875,26538.310546875,26674.73046875,9240640000,16.290000915527344,87.52999877929688,0.18610763329954888
2026-05-28,26686.529296875,26934.83984375,26588.51953125,26917.470703125,9224620000,15.739999771118164,86.02999877929688,0.182959432691588
2026-05-29,26960.83984375,27094.80078125,26859.26953125,26972.619140625,11906000000,15.319999694824219,86.05999755859375,0.1780153396401578
2026-06-01,26952.580078125,27190.2109375,26913.119140625,27086.810546875,10199240000,16.049999237060547,91.5999984741211,0.1752183352011191
2026-06-02,27030.0703125,27171.2890625,26932.76953125,27093.900390625,9675650000,15.770000457763672,90.52999877929688,0.17419640638910602
2026-06-03,27092.849609375,27130.880859375,26769.150390625,26853.98046875,9267670000,16.059999465942383,89.80000305175781,0.17884185879911296
2026-06-04,26579.30078125,26923.69921875,26554.240234375,26830.9609375,8999970000,15.399999618530273,85.75,0.17959183228606732
2026-06-05,26536.58984375,26572.25,25648.470703125,25709.4296875,11550140000,21.510000228881836,102.04000091552734,0.2107996867492058
2026-06-08,26065.0703125,26179.654296875,25872.681640625,25929.662109375,9198808000,18.920000076293945,92.4000015258789,0.2047619022061913
