Date,VIX9D
2011-06-01,19.100000381469727
2011-06-02,18.93000030517578
2011-06-03,17.989999771118164
2011-06-06,19.350000381469727
2011-06-07,18.40999984741211
2011-06-08,19.020000457763672
2011-06-09,18.110000610351562
2011-06-10,18.920000076293945
2011-06-13,20.280000686645508
2011-06-14,18.440000534057617
2011-06-15,22.030000686645508
2011-06-16,24.6299991607666
2011-06-17,23.1299991607666
2011-06-20,20.739999771118164
2011-06-21,20.18000030517578
2011-06-22,18.639999389648438
2011-06-23,20.06999969482422
2011-06-24,22.469999313354492
2011-06-27,21.989999771118164
2011-06-28,19.829999923706055
2011-06-29,16.959999084472656
2011-06-30,15.140000343322754
2011-07-01,15.289999961853027
2011-07-05,15.850000381469727
2011-07-06,15.65999984741211
2011-07-07,15.289999961853027
2011-07-08,15.5600004196167
2011-07-11,20.139999389648438
2011-07-12,21.5
2011-07-13,20.649999618530273
2011-07-14,22.190000534057617
2011-07-15,19.81999969482422
2011-07-18,22.1299991607666
2011-07-19,19.690000534057617
2011-07-20,19.75
2011-07-21,17.540000915527344
2011-07-22,16.959999084472656
2011-07-25,20.399999618530273
2011-07-26,20.829999923706055
2011-07-27,24.40999984741211
2011-07-28,27.520000457763672
2011-07-29,30.350000381469727
2011-08-01,26.850000381469727
2011-08-02,27.780000686645508
2011-08-03,24.700000762939453
2011-08-04,39.88999938964844
2011-08-05,37.58000183105469
2011-08-08,68.0
2011-08-09,43.380001068115234
2011-08-10,56.65999984741211
2011-08-11,46.97999954223633
2011-08-12,38.40999984741211
2011-08-15,32.939998626708984
2011-08-16,33.09000015258789
2011-08-17,31.219999313354492
2011-08-18,46.54999923706055
2011-08-19,47.40999984741211
2011-08-22,44.56999969482422
2011-08-23,37.810001373291016
2011-08-24,37.43000030517578
2011-08-25,44.08000183105469
2011-08-26,36.34000015258789
2011-08-29,33.38999938964844
2011-08-30,34.66999816894531
2011-08-31,32.33000183105469
2011-09-01,31.780000686645508
2011-09-02,31.940000534057617
2011-09-06,39.2400016784668
2011-09-07,32.439998626708984
2011-09-08,34.40999984741211
2011-09-09,40.41999816894531
2011-09-12,40.45000076293945
2011-09-13,37.630001068115234
2011-09-14,35.029998779296875
2011-09-15,32.790000915527344
2011-09-16,32.52000045776367
2011-09-19,34.599998474121094
2011-09-20,34.4900016784668
2011-09-21,37.7599983215332
2011-09-22,43.4900016784668
2011-09-23,42.65999984741211
2011-09-26,40.16999816894531
2011-09-27,38.93000030517578
2011-09-28,42.810001373291016
2011-09-29,39.790000915527344
2011-09-30,43.72999954223633
2011-10-03,48.63999938964844
2011-10-04,41.470001220703125
2011-10-05,37.58000183105469
2011-10-06,34.959999084472656
2011-10-07,33.619998931884766
2011-10-10,31.299999237060547
2011-10-11,30.010000228881836
2011-10-12,29.020000457763672
2011-10-13,27.709999084472656
2011-10-14,26.489999771118164
2011-10-17,33.95000076293945
2011-10-18,32.209999084472656
2011-10-19,34.70000076293945
2011-10-20,36.70000076293945
2011-10-21,32.150001525878906
2011-10-24,30.190000534057617
2011-10-25,33.56999969482422
2011-10-26,30.329999923706055
2011-10-27,24.950000762939453
2011-10-28,23.030000686645508
2011-10-31,30.8799991607666
2011-11-01,36.720001220703125
2011-11-02,33.060001373291016
2011-11-03,29.5
2011-11-04,28.43000030517578
2011-11-07,28.389999389648438
2011-11-08,24.56999969482422
2011-11-09,38.13999938964844
2011-11-10,32.130001068115234
2011-11-11,28.030000686645508
2011-11-14,31.229999542236328
2011-11-15,31.56999969482422
2011-11-16,34.119998931884766
2011-11-17,32.619998931884766
2011-11-18,30.260000228881836
2011-11-21,33.34000015258789
2011-11-22,31.030000686645508
2011-11-23,33.599998474121094
2011-11-25,33.95000076293945
2011-11-28,31.8799991607666
2011-11-29,30.399999618530273
2011-11-30,27.43000030517578
2011-12-01,27.0
2011-12-02,27.780000686645508
2011-12-05,28.84000015258789
2011-12-06,28.5
2011-12-07,30.190000534057617
2011-12-08,31.6200008392334
2011-12-09,24.440000534057617
2011-12-12,25.989999771118164
2011-12-13,25.6299991607666
2011-12-14,25.6200008392334
2011-12-15,24.06999969482422
2011-12-16,22.760000228881836
2011-12-19,23.15999984741211
2011-12-20,21.549999237060547
2011-12-21,20.6200008392334
2011-12-22,19.719999313354492
2011-12-23,17.809999465942383
2011-12-27,20.600000381469727
2011-12-28,22.420000076293945
2011-12-29,19.420000076293945
2011-12-30,19.360000610351562
2012-01-03,20.6299991607666
2012-01-04,19.31999969482422
2012-01-05,18.25
2012-01-06,17.010000228881836
2012-01-09,17.610000610351562
2012-01-10,17.479999542236328
2012-01-11,17.1200008392334
2012-01-12,16.649999618530273
2012-01-13,17.690000534057617
2012-01-17,22.06999969482422
2012-01-18,20.670000076293945
2012-01-19,17.40999984741211
2012-01-20,16.1200008392334
2012-01-23,18.1200008392334
2012-01-24,18.079999923706055
2012-01-25,17.360000610351562
2012-01-26,16.399999618530273
2012-01-27,16.6299991607666
2012-01-30,18.469999313354492
2012-01-31,18.440000534057617
2012-02-01,16.8700008392334
2012-02-02,15.779999732971191
2012-02-03,15.34000015258789
2012-02-06,16.639999389648438
2012-02-07,16.110000610351562
2012-02-08,16.329999923706055
2012-02-09,16.559999465942383
2012-02-10,19.65999984741211
2012-02-13,18.450000762939453
2012-02-14,19.229999542236328
2012-02-15,21.260000228881836
2012-02-16,17.1200008392334
2012-02-17,16.229999542236328
2012-02-21,17.440000534057617
2012-02-22,17.09000015258789
2012-02-23,14.829999923706055
2012-02-24,15.09000015258789
2012-02-27,16.940000534057617
2012-02-28,16.56999969482422
2012-02-29,16.850000381469727
2012-03-01,15.0600004196167
2012-03-02,14.4399995803833
2012-03-05,15.979999542236328
2012-03-06,20.100000381469727
2012-03-07,17.3700008392334
2012-03-08,16.979999542236328
2012-03-09,15.300000190734863
2012-03-12,15.539999961853027
2012-03-13,16.350000381469727
2012-03-14,16.719999313354492
2012-03-15,14.289999961853027
2012-03-16,13.470000267028809
2012-03-19,14.619999885559082
2012-03-20,15.3100004196167
2012-03-21,15.369999885559082
2012-03-22,15.899999618530273
2012-03-23,14.329999923706055
2012-03-26,14.300000190734863
2012-03-27,15.430000305175781
2012-03-28,14.930000305175781
2012-03-29,14.550000190734863
2012-03-30,14.199999809265137
2012-04-02,14.770000457763672
2012-04-03,14.359999656677246
2012-04-04,12.920000076293945
2012-04-05,14.699999809265137
2012-04-09,17.8700008392334
2012-04-10,19.84000015258789
2012-04-11,18.690000534057617
2012-04-12,15.989999771118164
2012-04-13,19.06999969482422
2012-04-16,20.1299991607666
2012-04-17,18.84000015258789
2012-04-18,18.850000381469727
2012-04-19,18.09000015258789
2012-04-20,16.850000381469727
2012-04-23,19.100000381469727
2012-04-24,17.8700008392334
2012-04-25,16.139999389648438
2012-04-26,14.699999809265137
2012-04-27,14.649999618530273
2012-04-30,16.549999237060547
2012-05-01,15.630000114440918
2012-05-02,16.229999542236328
2012-05-03,16.940000534057617
2012-05-04,18.420000076293945
2012-05-07,18.459999084472656
2012-05-08,19.09000015258789
2012-05-09,20.239999771118164
2012-05-10,18.639999389648438
2012-05-11,20.190000534057617
2012-05-14,22.559999465942383
2012-05-15,22.6299991607666
2012-05-16,22.40999984741211
2012-05-17,25.440000534057617
2012-05-18,26.600000381469727
2012-05-21,21.93000030517578
2012-05-22,22.030000686645508
2012-05-23,21.75
2012-05-24,19.219999313354492
2012-05-25,19.209999084472656
2012-05-29,19.479999542236328
2012-05-30,23.389999389648438
2012-05-31,22.40999984741211
2012-06-01,26.200000762939453
2012-06-04,24.670000076293945
2012-06-05,23.170000076293945
2012-06-06,19.309999465942383
2012-06-07,19.6200008392334
2012-06-08,19.850000381469727
2012-06-11,26.389999389648438
2012-06-12,24.219999313354492
2012-06-13,26.190000534057617
2012-06-14,25.219999313354492
2012-06-15,24.31999969482422
2012-06-18,19.170000076293945
2012-06-19,19.530000686645508
2012-06-20,17.440000534057617
2012-06-21,20.920000076293945
2012-06-22,17.940000534057617
2012-06-25,20.399999618530273
2012-06-26,18.739999771118164
2012-06-27,17.1200008392334
2012-06-28,18.139999389648438
2012-06-29,15.010000228881836
2012-07-02,15.109999656677246
2012-07-03,14.680000305175781
2012-07-05,15.779999732971191
2012-07-06,15.010000228881836
2012-07-09,17.1299991607666
2012-07-10,18.100000381469727
2012-07-11,17.260000228881836
2012-07-12,18.010000228881836
2012-07-13,14.699999809265137
2012-07-16,16.530000686645508
2012-07-17,15.630000114440918
2012-07-18,15.0
2012-07-19,14.319999694824219
2012-07-20,15.609999656677246
2012-07-23,19.020000457763672
2012-07-24,21.15999984741211
2012-07-25,19.309999465942383
2012-07-26,17.799999237060547
2012-07-27,16.299999237060547
2012-07-30,18.860000610351562
2012-07-31,19.860000610351562
2012-08-01,20.790000915527344
2012-08-02,16.639999389648438
2012-08-03,14.199999809265137
2012-08-06,14.850000381469727
2012-08-07,14.680000305175781
2012-08-08,13.520000457763672
2012-08-09,13.0
2012-08-10,12.449999809265137
2012-08-13,13.149999618530273
2012-08-14,13.020000457763672
2012-08-15,12.369999885559082
2012-08-16,12.350000381469727
2012-08-17,11.5
2012-08-20,12.239999771118164
2012-08-21,13.210000038146973
2012-08-22,13.149999618530273
2012-08-23,13.670000076293945
2012-08-24,13.100000381469727
2012-08-27,14.890000343322754
2012-08-28,15.210000038146973
2012-08-29,15.289999961853027
2012-08-30,16.8700008392334
2012-08-31,15.729999542236328
2012-09-04,17.43000030517578
2012-09-05,17.899999618530273
2012-09-06,14.979999542236328
2012-09-07,13.25
2012-09-10,16.940000534057617
2012-09-11,16.940000534057617
2012-09-12,15.949999809265137
2012-09-13,14.460000038146973
2012-09-14,14.119999885559082
2012-09-17,14.100000381469727
2012-09-18,13.4399995803833
2012-09-19,13.069999694824219
2012-09-20,12.890000343322754
2012-09-21,13.220000267028809
2012-09-24,13.229999542236328
2012-09-25,14.800000190734863
2012-09-26,16.440000534057617
2012-09-27,14.050000190734863
2012-09-28,15.239999771118164
2012-10-01,15.630000114440918
2012-10-02,14.5600004196167
2012-10-03,14.109999656677246
2012-10-04,13.430000305175781
2012-10-05,12.229999542236328
2012-10-08,14.170000076293945
2012-10-09,15.979999542236328
2012-10-10,15.930000305175781
2012-10-11,14.470000267028809
2012-10-12,15.489999771118164
2012-10-15,14.319999694824219
2012-10-16,13.569999694824219
2012-10-17,13.220000267028809
2012-10-18,13.649999618530273
2012-10-19,17.639999389648438
2012-10-22,16.780000686645508
2012-10-23,20.610000610351562
2012-10-24,18.940000534057617
2012-10-25,18.270000457763672
2012-10-26,16.799999237060547
2012-10-31,19.149999618530273
2012-11-01,17.350000381469727
2012-11-02,18.510000228881836
2012-11-05,20.450000762939453
2012-11-06,19.299999237060547
2012-11-07,19.8700008392334
2012-11-08,18.18000030517578
2012-11-09,18.5
2012-11-12,16.270000457763672
2012-11-13,16.25
2012-11-14,18.670000076293945
2012-11-15,18.93000030517578
2012-11-16,17.059999465942383
2012-11-19,15.569999694824219
2012-11-20,15.239999771118164
2012-11-21,15.329999923706055
2012-11-23,15.25
2012-11-26,16.010000228881836
2012-11-27,16.1200008392334
2012-11-28,15.720000267028809
2012-11-29,15.199999809265137
2012-11-30,15.8100004196167
2012-12-03,17.100000381469727
2012-12-04,17.190000534057617
2012-12-05,15.979999542236328
2012-12-06,15.949999809265137
2012-12-07,15.25
2012-12-10,15.15999984741211
2012-12-11,15.210000038146973
2012-12-12,15.260000228881836
2012-12-13,15.770000457763672
2012-12-14,16.489999771118164
2012-12-17,16.56999969482422
2012-12-18,16.219999313354492
2012-12-19,18.469999313354492
2012-12-20,19.040000915527344
2012-12-21,18.200000762939453
2012-12-24,20.1200008392334
2012-12-26,21.479999542236328
2012-12-27,21.68000030517578
2012-12-28,26.93000030517578
2012-12-31,20.270000457763672
2013-01-02,12.9399995803833
2013-01-03,13.300000190734863
2013-01-04,11.619999885559082
2013-01-07,11.989999771118164
2013-01-08,11.760000228881836
2013-01-09,11.600000381469727
2013-01-10,11.170000076293945
2013-01-11,11.220000267028809
2013-01-14,12.149999618530273
2013-01-15,12.050000190734863
2013-01-16,11.829999923706055
2013-01-17,12.390000343322754
2013-01-18,10.899999618530273
2013-01-22,11.210000038146973
2013-01-23,11.039999961853027
2013-01-24,11.119999885559082
2013-01-25,11.630000114440918
2013-01-28,13.010000228881836
2013-01-29,13.15999984741211
2013-01-30,14.239999771118164
2013-01-31,14.029999732971191
2013-02-01,10.850000381469727
2013-02-04,14.25
2013-02-05,12.779999732971191
2013-02-06,12.039999961853027
2013-02-07,12.029999732971191
2013-02-08,11.380000114440918
2013-02-11,11.859999656677246
2013-02-12,11.050000190734863
2013-02-13,11.09000015258789
2013-02-14,10.8100004196167
2013-02-15,10.789999961853027
2013-02-19,11.430000305175781
2013-02-20,15.359999656677246
2013-02-21,16.010000228881836
2013-02-22,14.579999923706055
2013-02-25,21.8700008392334
2013-02-26,18.110000610351562
2013-02-27,14.90999984741211
2013-02-28,15.989999771118164
2013-03-01,14.550000190734863
2013-03-04,12.930000305175781
2013-03-05,12.539999961853027
2013-03-06,12.220000267028809
2013-03-07,11.6899995803833
2013-03-08,10.770000457763672
2013-03-11,11.25
2013-03-12,12.479999542236328
2013-03-13,11.420000076293945
2013-03-14,11.079999923706055
2013-03-15,10.5
2013-03-18,13.460000038146973
2013-03-19,14.84000015258789
2013-03-20,13.649999618530273
2013-03-21,16.010000228881836
2013-03-22,15.229999542236328
2013-03-25,14.220000267028809
2013-03-26,11.75
2013-03-27,12.289999961853027
2013-03-28,11.029999732971191
2013-04-01,12.970000267028809
2013-04-02,11.619999885559082
2013-04-03,14.300000190734863
2013-04-04,13.619999885559082
2013-04-05,13.59000015258789
2013-04-08,13.149999618530273
2013-04-09,12.420000076293945
2013-04-10,11.470000267028809
2013-04-11,11.050000190734863
2013-04-12,11.369999885559082
2013-04-15,20.670000076293945
2013-04-16,14.40999984741211
2013-04-17,18.770000457763672
2013-04-18,19.299999237060547
2013-04-19,15.25
2013-04-22,14.850000381469727
2013-04-23,13.09000015258789
2013-04-24,13.319999694824219
2013-04-25,13.0
2013-04-26,12.850000381469727
2013-04-29,13.5
2013-04-30,13.369999885559082
2013-05-01,15.029999732971191
2013-05-02,13.029999732971191
2013-05-03,11.680000305175781
2013-05-06,11.640000343322754
2013-05-07,11.729999542236328
2013-05-08,11.270000457763672
2013-05-09,11.970000267028809
2013-05-10,11.149999618530273
2013-05-13,13.079999923706055
2013-05-14,13.329999923706055
2013-05-15,13.630000114440918
2013-05-16,13.270000457763672
2013-05-17,12.600000381469727
2013-05-20,13.140000343322754
2013-05-21,13.5600004196167
2013-05-22,14.050000190734863
2013-05-23,14.069999694824219
2013-05-24,13.1899995803833
2013-05-28,15.600000381469727
2013-05-29,15.760000228881836
2013-05-30,14.6899995803833
2013-05-31,16.700000762939453
2013-06-03,17.239999771118164
2013-06-04,16.889999389648438
2013-06-05,18.540000915527344
2013-06-06,17.25
2013-06-07,14.210000038146973
2013-06-10,15.15999984741211
2013-06-11,17.469999313354492
2013-06-12,19.100000381469727
2013-06-13,15.619999885559082
2013-06-14,16.899999618530273
2013-06-17,17.239999771118164
2013-06-18,17.6200008392334
2013-06-19,17.6200008392334
2013-06-20,23.399999618530273
2013-06-21,20.559999465942383
2013-06-24,22.31999969482422
2013-06-25,18.979999542236328
2013-06-26,17.020000457763672
2013-06-27,16.100000381469727
2013-06-28,15.979999542236328
2013-07-01,16.06999969482422
2013-07-02,15.5600004196167
2013-07-03,15.9399995803833
2013-07-05,13.079999923706055
2013-07-08,14.220000267028809
2013-07-09,13.449999809265137
2013-07-10,13.510000228881836
2013-07-11,13.039999961853027
2013-07-12,12.329999923706055
2013-07-15,13.050000190734863
2013-07-16,13.619999885559082
2013-07-17,12.569999694824219
2013-07-18,12.479999542236328
2013-07-19,11.609999656677246
2013-07-22,11.789999961853027
2013-07-23,12.579999923706055
2013-07-24,13.130000114440918
2013-07-25,12.819999694824219
2013-07-26,11.970000267028809
2013-07-29,13.229999542236328
2013-07-30,13.529999732971191
2013-07-31,13.329999923706055
2013-08-01,12.25
2013-08-02,10.199999809265137
2013-08-05,10.609999656677246
2013-08-06,11.800000190734863
2013-08-07,11.949999809265137
2013-08-08,11.520000457763672
2013-08-09,13.229999542236328
2013-08-12,13.680000305175781
2013-08-13,12.670000076293945
2013-08-14,13.279999732971191
2013-08-15,16.43000030517578
2013-08-16,15.710000038146973
2013-08-19,15.489999771118164
2013-08-20,14.270000457763672
2013-08-21,15.210000038146973
2013-08-22,12.989999771118164
2013-08-23,11.819999694824219
2013-08-26,13.930000305175781
2013-08-27,16.040000915527344
2013-08-28,15.470000267028809
2013-08-29,15.40999984741211
2013-08-30,15.869999885559082
2013-09-03,15.970000267028809
2013-09-04,14.279999732971191
2013-09-05,14.380000114440918
2013-09-06,14.569999694824219
2013-09-09,15.010000228881836
2013-09-10,13.350000381469727
2013-09-11,12.3100004196167
2013-09-12,13.029999732971191
2013-09-13,12.600000381469727
2013-09-16,14.039999961853027
2013-09-17,14.489999771118164
2013-09-18,13.399999618530273
2013-09-19,12.029999732971191
2013-09-20,12.420000076293945
2013-09-23,13.970000267028809
2013-09-24,13.75
2013-09-25,13.789999961853027
2013-09-26,14.119999885559082
2013-09-27,16.219999313354492
2013-09-30,17.729999542236328
2013-10-01,14.670000076293945
2013-10-02,15.8100004196167
2013-10-03,17.579999923706055
2013-10-04,16.6200008392334
2013-10-07,20.18000030517578
2013-10-08,21.8700008392334
2013-10-09,20.389999389648438
2013-10-10,17.34000015258789
2013-10-11,16.799999237060547
2013-10-14,19.100000381469727
2013-10-15,23.540000915527344
2013-10-16,16.18000030517578
2013-10-17,12.930000305175781
2013-10-18,12.90999984741211
2013-10-21,12.789999961853027
2013-10-22,12.729999542236328
2013-10-23,12.369999885559082
2013-10-24,11.949999809265137
2013-10-25,11.59000015258789
2013-10-28,12.029999732971191
2013-10-29,12.569999694824219
2013-10-30,12.979999542236328
2013-10-31,12.619999885559082
2013-11-01,12.100000381469727
2013-11-04,11.8100004196167
2013-11-05,12.140000343322754
2013-11-06,11.609999656677246
2013-11-07,13.1899995803833
2013-11-08,11.970000267028809
2013-11-11,12.630000114440918
2013-11-12,13.020000457763672
2013-11-13,12.75
2013-11-14,11.6899995803833
2013-11-15,11.15999984741211
2013-11-18,11.800000190734863
2013-11-19,11.869999885559082
2013-11-20,12.029999732971191
2013-11-21,10.710000038146973
2013-11-22,10.34000015258789
2013-11-25,11.520000457763672
2013-11-26,11.550000190734863
2013-11-27,11.65999984741211
2013-11-29,13.59000015258789
2013-12-02,14.300000190734863
2013-12-03,14.680000305175781
2013-12-04,14.710000038146973
2013-12-05,15.420000076293945
2013-12-06,12.699999809265137
2013-12-09,13.520000457763672
2013-12-10,14.649999618530273
2013-12-11,17.360000610351562
2013-12-12,16.610000610351562
2013-12-13,17.229999542236328
2013-12-16,17.1200008392334
2013-12-17,17.059999465942383
2013-12-18,12.949999809265137
2013-12-19,12.779999732971191
2013-12-20,12.729999542236328
2013-12-23,12.229999542236328
2013-12-24,11.109999656677246
2013-12-26,10.920000076293945
2013-12-27,11.479999542236328
2013-12-30,12.989999771118164
2013-12-31,13.75
2014-01-02,13.829999923706055
2014-01-03,12.170000076293945
2014-01-06,12.510000228881836
2014-01-07,11.569999694824219
2014-01-08,11.619999885559082
2014-01-09,11.75
2014-01-10,9.970000267028809
2014-01-13,13.09000015258789
2014-01-14,11.3100004196167
2014-01-15,10.640000343322754
2014-01-16,11.09000015258789
2014-01-17,11.460000038146973
2014-01-21,12.460000038146973
2014-01-22,12.300000190734863
2014-01-23,14.210000038146973
2014-01-24,20.84000015258789
2014-01-27,19.040000915527344
2014-01-28,17.290000915527344
2014-01-29,19.399999618530273
2014-01-30,17.950000762939453
2014-01-31,19.31999969482422
2014-02-03,23.950000762939453
2014-02-04,20.3700008392334
2014-02-05,21.299999237060547
2014-02-06,18.670000076293945
2014-02-07,14.510000228881836
2014-02-10,14.220000267028809
2014-02-11,13.039999961853027
2014-02-12,12.670000076293945
2014-02-13,12.0600004196167
2014-02-14,10.84000015258789
2014-02-18,12.180000305175781
2014-02-19,13.899999618530273
2014-02-20,13.25
2014-02-21,13.039999961853027
2014-02-24,13.550000190734863
2014-02-25,12.859999656677246
2014-02-26,13.270000457763672
2014-02-27,12.420000076293945
2014-02-28,13.029999732971191
2014-03-03,16.209999084472656
2014-03-04,13.220000267028809
2014-03-05,12.489999771118164
2014-03-06,13.079999923706055
2014-03-07,12.739999771118164
2014-03-10,13.140000343322754
2014-03-11,14.130000114440918
2014-03-12,13.850000381469727
2014-03-13,17.209999084472656
2014-03-14,20.639999389648438
2014-03-17,15.869999885559082
2014-03-18,14.229999542236328
2014-03-19,15.0
2014-03-20,14.220000267028809
2014-03-21,14.699999809265137
2014-03-24,15.300000190734863
2014-03-25,13.869999885559082
2014-03-26,15.5600004196167
2014-03-27,15.170000076293945
2014-03-28,14.40999984741211
2014-03-31,13.75
2014-04-01,12.289999961853027
2014-04-02,12.130000114440918
2014-04-03,12.529999732971191
2014-04-04,13.180000305175781
2014-04-07,16.079999923706055
2014-04-08,14.510000228881836
2014-04-09,12.6899995803833
2014-04-10,16.5
2014-04-11,17.639999389648438
2014-04-14,16.0
2014-04-15,15.029999732971191
2014-04-16,13.520000457763672
2014-04-17,11.680000305175781
2014-04-21,12.989999771118164
2014-04-22,12.510000228881836
2014-04-23,12.670000076293945
2014-04-24,13.270000457763672
2014-04-25,13.9399995803833
2014-04-28,14.079999923706055
2014-04-29,13.630000114440918
2014-04-30,12.729999542236328
2014-05-01,12.579999923706055
2014-05-02,11.229999542236328
2014-05-05,12.25
2014-05-06,13.1899995803833
2014-05-07,12.819999694824219
2014-05-08,12.510000228881836
2014-05-09,11.170000076293945
2014-05-12,11.199999809265137
2014-05-13,10.75
2014-05-14,11.15999984741211
2014-05-15,13.350000381469727
2014-05-16,11.0
2014-05-19,11.010000228881836
2014-05-20,12.210000038146973
2014-05-21,10.470000267028809
2014-05-22,10.270000457763672
2014-05-23,9.489999771118164
2014-05-27,10.649999618530273
2014-05-28,10.579999923706055
2014-05-29,10.3100004196167
2014-05-30,9.729999542236328
2014-06-02,10.470000267028809
2014-06-03,11.010000228881836
2014-06-04,11.59000015258789
2014-06-05,10.880000114440918
2014-06-06,9.25
2014-06-09,9.770000457763672
2014-06-10,9.520000457763672
2014-06-11,10.449999809265137
2014-06-12,11.989999771118164
2014-06-13,11.479999542236328
2014-06-16,12.539999961853027
2014-06-17,12.680000305175781
2014-06-18,10.550000190734863
2014-06-19,10.069999694824219
2014-06-20,10.329999923706055
2014-06-23,10.270000457763672
2014-06-24,12.010000228881836
2014-06-25,11.109999656677246
2014-06-26,11.260000228881836
2014-06-27,10.649999618530273
2014-06-30,11.170000076293945
2014-07-01,10.050000190734863
2014-07-02,9.420000076293945
2014-07-03,8.539999961853027
2014-07-07,10.470000267028809
2014-07-08,11.640000343322754
2014-07-09,10.479999542236328
2014-07-10,12.079999923706055
2014-07-11,11.149999618530273
2014-07-14,10.619999885559082
2014-07-15,11.079999923706055
2014-07-16,10.260000228881836
2014-07-17,16.229999542236328
2014-07-18,12.050000190734863
2014-07-21,12.949999809265137
2014-07-22,11.539999961853027
2014-07-23,10.829999923706055
2014-07-24,10.880000114440918
2014-07-25,11.84000015258789
2014-07-28,12.020000457763672
2014-07-29,13.470000267028809
2014-07-30,13.289999961853027
2014-07-31,19.59000015258789
2014-08-01,19.010000228881836
2014-08-04,14.869999885559082
2014-08-05,17.190000534057617
2014-08-06,16.25
2014-08-07,16.760000228881836
2014-08-08,15.390000343322754
2014-08-11,14.84000015258789
2014-08-12,14.489999771118164
2014-08-13,12.630000114440918
2014-08-14,12.289999961853027
2014-08-15,14.34000015258789
2014-08-18,12.069999694824219
2014-08-19,11.0
2014-08-20,10.800000190734863
2014-08-21,10.9399995803833
2014-08-22,10.079999923706055
2014-08-25,10.420000076293945
2014-08-26,10.140000343322754
2014-08-27,9.890000343322754
2014-08-28,10.34000015258789
2014-08-29,9.949999809265137
2014-09-02,10.319999694824219
2014-09-03,10.829999923706055
2014-09-04,11.800000190734863
2014-09-05,10.270000457763672
2014-09-08,12.050000190734863
2014-09-09,13.329999923706055
2014-09-10,12.739999771118164
2014-09-11,12.069999694824219
2014-09-12,13.279999732971191
2014-09-15,15.270000457763672
2014-09-16,13.210000038146973
2014-09-17,11.8100004196167
2014-09-18,11.050000190734863
2014-09-19,10.40999984741211
2014-09-22,13.460000038146973
2014-09-23,15.600000381469727
2014-09-24,12.890000343322754
2014-09-25,15.9399995803833
2014-09-26,15.039999961853027
2014-09-29,16.110000610351562
2014-09-30,16.760000228881836
2014-10-01,16.719999313354492
2014-10-02,15.930000305175781
2014-10-03,13.859999656677246
2014-10-06,15.3100004196167
2014-10-07,16.899999618530273
2014-10-08,14.59000015258789
2014-10-09,21.6200008392334
2014-10-10,21.950000762939453
2014-10-13,27.219999313354492
2014-10-14,24.610000610351562
2014-10-15,31.1200008392334
2014-10-16,30.479999542236328
2014-10-17,23.809999465942383
2014-10-20,19.450000762939453
2014-10-21,16.3799991607666
2014-10-22,18.360000610351562
2014-10-23,16.1200008392334
2014-10-24,14.760000228881836
2014-10-27,16.09000015258789
2014-10-28,14.390000343322754
2014-10-29,14.899999618530273
2014-10-30,14.0
2014-10-31,13.800000190734863
2014-11-03,14.770000457763672
2014-11-04,14.8100004196167
2014-11-05,13.350000381469727
2014-11-06,12.649999618530273
2014-11-07,11.130000114440918
2014-11-10,11.319999694824219
2014-11-11,11.539999961853027
2014-11-12,11.390000343322754
2014-11-13,11.970000267028809
2014-11-14,11.350000381469727
2014-11-17,11.420000076293945
2014-11-18,11.489999771118164
2014-11-19,11.420000076293945
2014-11-20,10.90999984741211
2014-11-21,10.449999809265137
2014-11-24,11.149999618530273
2014-11-25,10.8100004196167
2014-11-26,11.119999885559082
2014-11-28,12.979999542236328
2014-12-01,14.630000114440918
2014-12-02,12.569999694824219
2014-12-03,12.15999984741211
2014-12-04,11.880000114440918
2014-12-05,10.699999809265137
2014-12-08,15.470000267028809
2014-12-09,15.270000457763672
2014-12-10,21.709999084472656
2014-12-11,22.079999923706055
2014-12-12,23.81999969482422
2014-12-15,21.15999984741211
2014-12-16,24.25
2014-12-17,18.040000915527344
2014-12-18,14.460000038146973
2014-12-19,13.770000457763672
2014-12-22,12.699999809265137
2014-12-23,11.100000381469727
2014-12-24,10.350000381469727
2014-12-26,12.09000015258789
2014-12-29,12.789999961853027
2014-12-30,13.859999656677246
2014-12-31,18.950000762939453
2015-01-02,16.469999313354492
2015-01-05,19.450000762939453
2015-01-06,20.530000686645508
2015-01-07,17.59000015258789
2015-01-08,15.039999961853027
2015-01-09,15.199999809265137
2015-01-12,18.200000762939453
2015-01-13,19.6299991607666
2015-01-14,21.229999542236328
2015-01-15,23.729999542236328
2015-01-16,21.479999542236328
2015-01-20,21.940000534057617
2015-01-21,20.360000610351562
2015-01-22,15.579999923706055
2015-01-23,16.079999923706055
2015-01-26,14.890000343322754
2015-01-27,17.559999465942383
2015-01-28,21.780000686645508
2015-01-29,18.780000686645508
2015-01-30,21.170000076293945
2015-02-02,19.389999389648438
2015-02-03,16.540000915527344
2015-02-04,17.479999542236328
2015-02-05,15.3100004196167
2015-02-06,14.930000305175781
2015-02-09,16.8799991607666
2015-02-10,15.199999809265137
2015-02-11,14.279999732971191
2015-02-12,12.359999656677246
2015-02-13,11.760000228881836
2015-02-17,13.550000190734863
2015-02-18,12.399999618530273
2015-02-19,12.34000015258789
2015-02-20,11.739999771118164
2015-02-23,12.15999984741211
2015-02-24,10.9399995803833
2015-02-25,11.640000343322754
2015-02-26,11.380000114440918
2015-02-27,10.600000381469727
2015-03-02,10.850000381469727
2015-03-03,11.8100004196167
2015-03-04,12.279999732971191
2015-03-05,12.15999984741211
2015-03-06,14.3100004196167
2015-03-09,14.199999809265137
2015-03-10,16.719999313354492
2015-03-11,16.780000686645508
2015-03-12,15.039999961853027
2015-03-13,15.25
2015-03-16,16.149999618530273
2015-03-17,16.719999313354492
2015-03-18,13.850000381469727
2015-03-19,12.890000343322754
2015-03-20,10.729999542236328
2015-03-23,12.029999732971191
2015-03-24,12.239999771118164
2015-03-25,15.279999732971191
2015-03-26,15.920000076293945
2015-03-27,14.6899995803833
2015-03-30,14.3100004196167
2015-03-31,15.5
2015-04-01,14.289999961853027
2015-04-02,13.90999984741211
2015-04-06,14.15999984741211
2015-04-07,13.899999618530273
2015-04-08,12.800000190734863
2015-04-09,11.40999984741211
2015-04-10,9.90999984741211
2015-04-13,12.489999771118164
2015-04-14,11.720000267028809
2015-04-15,10.59000015258789
2015-04-16,10.739999771118164
2015-04-17,12.90999984741211
2015-04-20,12.619999885559082
2015-04-21,12.579999923706055
2015-04-22,11.829999923706055
2015-04-23,11.84000015258789
2015-04-24,10.859999656677246
2015-04-27,12.720000267028809
2015-04-28,11.869999885559082
2015-04-29,13.260000228881836
2015-04-30,15.0600004196167
2015-05-01,11.770000457763672
2015-05-04,12.010000228881836
2015-05-05,14.640000343322754
2015-05-06,16.049999237060547
2015-05-07,15.59000015258789
2015-05-08,11.319999694824219
2015-05-11,13.40999984741211
2015-05-12,13.819999694824219
2015-05-13,13.489999771118164
2015-05-14,11.59000015258789
2015-05-15,10.770000457763672
2015-05-18,11.010000228881836
2015-05-19,11.149999618530273
2015-05-20,10.479999542236328
2015-05-21,9.949999809265137
2015-05-22,9.600000381469727
2015-05-26,13.319999694824219
2015-05-27,11.930000305175781
2015-05-28,12.229999542236328
2015-05-29,13.670000076293945
2015-06-01,13.850000381469727
2015-06-02,13.989999771118164
2015-06-03,12.699999809265137
2015-06-04,15.020000457763672
2015-06-05,13.699999809265137
2015-06-08,15.890000343322754
2015-06-09,15.050000190734863
2015-06-10,13.319999694824219
2015-06-11,12.380000114440918
2015-06-12,14.15999984741211
2015-06-15,16.68000030517578
2015-06-16,16.290000915527344
2015-06-17,15.220000267028809
2015-06-18,13.109999656677246
2015-06-19,14.319999694824219
2015-06-22,13.149999618530273
2015-06-23,12.170000076293945
2015-06-24,14.8100004196167
2015-06-25,15.130000114440918
2015-06-26,15.489999771118164
2015-06-29,22.559999465942383
2015-06-30,20.93000030517578
2015-07-01,17.229999542236328
2015-07-02,17.969999313354492
2015-07-06,16.649999618530273
2015-07-07,15.90999984741211
2015-07-08,20.959999084472656
2015-07-09,22.059999465942383
2015-07-10,17.239999771118164
2015-07-13,13.319999694824219
2015-07-14,12.180000305175781
2015-07-15,12.399999618530273
2015-07-16,10.350000381469727
2015-07-17,9.720000267028809
2015-07-20,11.100000381469727
2015-07-21,11.319999694824219
2015-07-22,11.199999809265137
2015-07-23,11.90999984741211
2015-07-24,13.050000190734863
2015-07-27,16.610000610351562
2015-07-28,13.619999885559082
2015-07-29,12.180000305175781
2015-07-30,11.0600004196167
2015-07-31,10.670000076293945
2015-08-03,12.119999885559082
2015-08-04,12.420000076293945
2015-08-05,11.510000228881836
2015-08-06,13.65999984741211
2015-08-07,13.039999961853027
2015-08-10,11.4399995803833
2015-08-11,14.130000114440918
2015-08-12,14.270000457763672
2015-08-13,13.630000114440918
2015-08-14,11.770000457763672
2015-08-17,11.289999961853027
2015-08-18,12.140000343322754
2015-08-19,14.34000015258789
2015-08-20,20.8799991607666
2015-08-21,38.959999084472656
2015-08-24,54.61000061035156
2015-08-25,44.91999816894531
2015-08-26,37.880001068115234
2015-08-27,28.889999389648438
2015-08-28,27.110000610351562
2015-08-31,28.260000228881836
2015-09-01,31.209999084472656
2015-09-02,24.260000228881836
2015-09-03,23.989999771118164
2015-09-04,26.8799991607666
2015-09-08,24.420000076293945
2015-09-09,27.899999618530273
2015-09-10,26.110000610351562
2015-09-11,23.43000030517578
2015-09-14,25.520000457763672
2015-09-15,24.6200008392334
2015-09-16,23.75
2015-09-17,22.25
2015-09-18,21.780000686645508
2015-09-21,19.610000610351562
2015-09-22,23.450000762939453
2015-09-23,22.459999084472656
2015-09-24,24.219999313354492
2015-09-25,22.889999389648438
2015-09-28,30.260000228881836
2015-09-29,28.559999465942383
2015-09-30,25.700000762939453
2015-10-01,21.93000030517578
2015-10-02,19.350000381469727
2015-10-05,19.020000457763672
2015-10-06,18.190000534057617
2015-10-07,16.389999389648438
2015-10-08,15.470000267028809
2015-10-09,14.270000457763672
2015-10-12,14.729999542236328
2015-10-13,16.530000686645508
2015-10-14,16.899999618530273
2015-10-15,13.850000381469727
2015-10-16,12.890000343322754
2015-10-19,13.869999885559082
2015-10-20,15.010000228881836
2015-10-21,16.670000076293945
2015-10-22,13.100000381469727
2015-10-23,13.149999618530273
2015-10-26,15.199999809265137
2015-10-27,16.309999465942383
2015-10-28,14.569999694824219
2015-10-29,14.539999961853027
2015-10-30,14.3100004196167
2015-11-02,13.680000305175781
2015-11-03,13.8100004196167
2015-11-04,14.760000228881836
2015-11-05,14.220000267028809
2015-11-06,12.600000381469727
2015-11-09,16.389999389648438
2015-11-10,14.289999961853027
2015-11-11,15.600000381469727
2015-11-12,18.389999389648438
2015-11-13,20.43000030517578
2015-11-16,16.809999465942383
2015-11-17,17.020000457763672
2015-11-18,13.329999923706055
2015-11-19,13.619999885559082
2015-11-20,12.399999618530273
2015-11-23,14.069999694824219
2015-11-24,14.539999961853027
2015-11-25,14.350000381469727
2015-11-27,14.210000038146973
2015-11-30,16.600000381469727
2015-12-01,13.989999771118164
2015-12-02,15.970000267028809
2015-12-03,18.709999084472656
2015-12-04,13.649999618530273
2015-12-07,16.0
2015-12-08,18.809999465942383
2015-12-09,22.06999969482422
2015-12-10,20.420000076293945
2015-12-11,28.0
2015-12-14,25.780000686645508
2015-12-15,23.049999237060547
2015-12-16,18.809999465942383
2015-12-17,18.8799991607666
2015-12-18,19.3799991607666
2015-12-21,17.549999237060547
2015-12-22,15.0600004196167
2015-12-23,13.640000343322754
2015-12-24,13.470000267028809
2015-12-28,15.789999961853027
2015-12-29,14.739999771118164
2015-12-30,15.960000038146973
2015-12-31,17.520000457763672
2016-01-04,21.93000030517578
2016-01-05,19.3700008392334
2016-01-06,20.600000381469727
2016-01-07,26.190000534057617
2016-01-08,27.979999542236328
2016-01-11,24.209999084472656
2016-01-12,22.299999237060547
2016-01-13,25.56999969482422
2016-01-14,24.6299991607666
2016-01-15,29.600000381469727
2016-01-19,30.43000030517578
2016-01-20,32.849998474121094
2016-01-21,29.989999771118164
2016-01-22,22.59000015258789
2016-01-25,26.040000915527344
2016-01-26,24.25
2016-01-27,24.510000228881836
2016-01-28,23.399999618530273
2016-01-29,19.3700008392334
2016-02-01,19.68000030517578
2016-02-02,22.190000534057617
2016-02-03,22.350000381469727
2016-02-04,21.75
2016-02-05,22.959999084472656
2016-02-08,26.399999618530273
2016-02-09,26.84000015258789
2016-02-10,25.530000686645508
2016-02-11,27.360000610351562
2016-02-12,22.709999084472656
2016-02-16,21.809999465942383
2016-02-17,20.270000457763672
2016-02-18,19.530000686645508
2016-02-19,18.219999313354492
2016-02-22,18.389999389648438
2016-02-23,20.690000534057617
2016-02-24,20.719999313354492
2016-02-25,17.790000915527344
2016-02-26,18.559999465942383
2016-02-29,20.360000610351562
2016-03-01,17.040000915527344
2016-03-02,15.779999732971191
2016-03-03,15.90999984741211
2016-03-04,15.859999656677246
2016-03-07,17.65999984741211
2016-03-08,19.170000076293945
2016-03-09,18.790000915527344
2016-03-10,17.65999984741211
2016-03-11,15.199999809265137
2016-03-14,15.989999771118164
2016-03-15,16.459999084472656
2016-03-16,14.069999694824219
2016-03-17,13.050000190734863
2016-03-18,12.470000267028809
2016-03-21,12.770000457763672
2016-03-22,13.140000343322754
2016-03-23,13.359999656677246
2016-03-24,12.350000381469727
2016-03-28,14.069999694824219
2016-03-29,12.170000076293945
2016-03-30,11.869999885559082
2016-03-31,12.25
2016-04-01,10.920000076293945
2016-04-04,12.5
2016-04-05,13.960000038146973
2016-04-06,12.5600004196167
2016-04-07,15.199999809265137
2016-04-08,13.59000015258789
2016-04-11,15.59000015258789
2016-04-12,13.710000038146973
2016-04-13,12.449999809265137
2016-04-14,12.319999694824219
2016-04-15,12.199999809265137
2016-04-18,12.859999656677246
2016-04-19,12.859999656677246
2016-04-20,12.800000190734863
2016-04-21,13.180000305175781
2016-04-22,11.930000305175781
2016-04-25,13.619999885559082
2016-04-26,13.5
2016-04-27,12.8100004196167
2016-04-28,14.550000190734863
2016-04-29,14.789999961853027
2016-05-02,13.770000457763672
2016-05-03,15.170000076293945
2016-05-04,15.470000267028809
2016-05-05,15.369999885559082
2016-05-06,13.380000114440918
2016-05-09,13.859999656677246
2016-05-10,12.800000190734863
2016-05-11,13.75
2016-05-12,13.460000038146973
2016-05-13,14.149999618530273
2016-05-16,13.59000015258789
2016-05-17,15.109999656677246
2016-05-18,15.34000015258789
2016-05-19,15.279999732971191
2016-05-20,12.729999542236328
2016-05-23,13.600000381469727
2016-05-24,11.90999984741211
2016-05-25,11.40999984741211
2016-05-26,10.460000038146973
2016-05-27,9.770000457763672
2016-05-31,11.850000381469727
2016-06-01,11.609999656677246
2016-06-02,11.010000228881836
2016-06-03,10.109999656677246
2016-06-06,11.260000228881836
2016-06-07,11.5600004196167
2016-06-08,10.890000343322754
2016-06-09,12.229999542236328
2016-06-10,15.829999923706055
2016-06-13,22.940000534057617
2016-06-14,23.350000381469727
2016-06-15,22.600000381469727
2016-06-16,21.889999389648438
2016-06-17,22.0
2016-06-20,22.209999084472656
2016-06-21,22.469999313354492
2016-06-22,27.860000610351562
2016-06-23,21.1299991607666
2016-06-24,30.709999084472656
2016-06-27,25.059999465942383
2016-06-28,19.079999923706055
2016-06-29,15.859999656677246
2016-06-30,14.050000190734863
2016-07-01,11.850000381469727
2016-07-05,14.1899995803833
2016-07-06,13.180000305175781
2016-07-07,13.109999656677246
2016-07-08,11.430000305175781
2016-07-11,12.229999542236328
2016-07-12,12.25
2016-07-13,11.109999656677246
2016-07-14,10.930000305175781
2016-07-15,10.260000228881836
2016-07-18,10.989999771118164
2016-07-19,11.020000457763672
2016-07-20,10.430000305175781
2016-07-21,11.5
2016-07-22,10.220000267028809
2016-07-25,11.930000305175781
2016-07-26,11.979999542236328
2016-07-27,11.609999656677246
2016-07-28,11.789999961853027
2016-07-29,10.010000228881836
2016-08-01,11.100000381469727
2016-08-02,12.350000381469727
2016-08-03,11.289999961853027
2016-08-04,10.800000190734863
2016-08-05,9.180000305175781
2016-08-08,10.100000381469727
2016-08-09,10.489999771118164
2016-08-10,10.680000305175781
2016-08-11,9.739999771118164
2016-08-12,9.539999961853027
2016-08-15,9.720000267028809
2016-08-16,10.869999885559082
2016-08-17,10.760000228881836
2016-08-18,9.899999618530273
2016-08-19,9.399999618530273
2016-08-22,10.949999809265137
2016-08-23,11.369999885559082
2016-08-24,12.670000076293945
2016-08-25,12.770000457763672
2016-08-26,12.100000381469727
2016-08-29,11.140000343322754
2016-08-30,11.210000038146973
2016-08-31,11.640000343322754
2016-09-01,11.890000343322754
2016-09-02,9.100000381469727
2016-09-06,9.979999542236328
2016-09-07,9.800000190734863
2016-09-08,10.989999771118164
2016-09-09,18.780000686645508
2016-09-12,16.030000686645508
2016-09-13,19.549999237060547
2016-09-14,19.3799991607666
2016-09-15,17.0
2016-09-16,15.270000457763672
2016-09-19,16.309999465942383
2016-09-20,17.219999313354492
2016-09-21,12.829999923706055
2016-09-22,10.789999961853027
2016-09-23,11.390000343322754
2016-09-26,15.670000076293945
2016-09-27,12.800000190734863
2016-09-28,11.720000267028809
2016-09-29,14.710000038146973
2016-09-30,12.369999885559082
2016-10-03,13.0
2016-10-04,12.949999809265137
2016-10-05,12.029999732971191
2016-10-06,11.470000267028809
2016-10-07,11.470000267028809
2016-10-10,10.8100004196167
2016-10-11,13.34000015258789
2016-10-12,13.15999984741211
2016-10-13,14.069999694824219
2016-10-14,12.9399995803833
2016-10-17,13.8100004196167
2016-10-18,12.449999809265137
2016-10-19,11.970000267028809
2016-10-20,11.069999694824219
2016-10-21,10.680000305175781
2016-10-24,11.350000381469727
2016-10-25,11.899999618530273
2016-10-26,12.579999923706055
2016-10-27,14.59000015258789
2016-10-28,16.690000534057617
2016-10-31,20.190000534057617
2016-11-01,22.860000610351562
2016-11-02,24.15999984741211
2016-11-03,27.899999618530273
2016-11-04,28.81999969482422
2016-11-07,24.670000076293945
2016-11-08,25.309999465942383
2016-11-09,15.359999656677246
2016-11-10,14.119999885559082
2016-11-11,12.84000015258789
2016-11-14,12.510000228881836
2016-11-15,10.640000343322754
2016-11-16,9.520000457763672
2016-11-17,9.380000114440918
2016-11-18,8.630000114440918
2016-11-21,10.0
2016-11-22,10.199999809265137
2016-11-23,10.0600004196167
2016-11-25,10.430000305175781
2016-11-28,12.859999656677246
2016-11-29,12.640000343322754
2016-11-30,13.229999542236328
2016-12-01,13.960000038146973
2016-12-02,13.640000343322754
2016-12-05,11.40999984741211
2016-12-06,10.84000015258789
2016-12-07,11.789999961853027
2016-12-08,12.920000076293945
2016-12-09,11.100000381469727
2016-12-12,12.25
2016-12-13,12.25
2016-12-14,12.84000015258789
2016-12-15,11.850000381469727
2016-12-16,10.670000076293945
2016-12-19,9.949999809265137
2016-12-20,9.850000381469727
2016-12-21,9.329999923706055
2016-12-22,9.34000015258789
2016-12-23,8.979999542236328
2016-12-27,10.220000267028809
2016-12-28,11.220000267028809
2016-12-29,11.640000343322754
2016-12-30,12.680000305175781
2017-01-03,11.989999771118164
2017-01-04,10.680000305175781
2017-01-05,9.949999809265137
2017-01-06,9.1899995803833
2017-01-09,9.4399995803833
2017-01-10,8.880000114440918
2017-01-11,8.880000114440918
2017-01-12,9.319999694824219
2017-01-13,8.989999771118164
2017-01-17,10.850000381469727
2017-01-18,11.289999961853027
2017-01-19,11.5
2017-01-20,9.720000267028809
2017-01-23,10.920000076293945
2017-01-24,10.079999923706055
2017-01-25,10.0600004196167
2017-01-26,9.710000038146973
2017-01-27,9.359999656677246
2017-01-30,11.65999984741211
2017-01-31,11.770000457763672
2017-02-01,12.039999961853027
2017-02-02,11.15999984741211
2017-02-03,9.1899995803833
2017-02-06,10.170000076293945
2017-02-07,9.470000267028809
2017-02-08,9.600000381469727
2017-02-09,8.850000381469727
2017-02-10,9.020000457763672
2017-02-13,9.319999694824219
2017-02-14,8.9399995803833
2017-02-15,10.260000228881836
2017-02-16,10.020000457763672
2017-02-17,9.029999732971191
2017-02-21,10.220000267028809
2017-02-22,10.390000343322754
2017-02-23,10.149999618530273
2017-02-24,9.40999984741211
2017-02-27,10.829999923706055
2017-02-28,11.890000343322754
2017-03-01,10.569999694824219
2017-03-02,9.600000381469727
2017-03-03,8.5600004196167
2017-03-06,9.670000076293945
2017-03-07,10.229999542236328
2017-03-08,10.90999984741211
2017-03-09,11.779999732971191
2017-03-10,10.670000076293945
2017-03-13,10.779999732971191
2017-03-14,11.779999732971191
2017-03-15,10.760000228881836
2017-03-16,9.739999771118164
2017-03-17,9.869999885559082
2017-03-20,10.229999542236328
2017-03-21,14.229999542236328
2017-03-22,14.510000228881836
2017-03-23,15.140000343322754
2017-03-24,13.430000305175781
2017-03-27,12.119999885559082
2017-03-28,10.510000228881836
2017-03-29,10.079999923706055
2017-03-30,9.579999923706055
2017-03-31,9.65999984741211
2017-04-03,10.15999984741211
2017-04-04,9.510000228881836
2017-04-05,11.890000343322754
2017-04-06,10.270000457763672
2017-04-07,10.0600004196167
2017-04-10,10.359999656677246
2017-04-11,10.539999961853027
2017-04-12,10.90999984741211
2017-04-13,12.75
2017-04-17,13.4399995803833
2017-04-18,14.199999809265137
2017-04-19,16.200000762939453
2017-04-20,15.829999923706055
2017-04-21,17.09000015258789
2017-04-24,9.960000038146973
2017-04-25,9.800000190734863
2017-04-26,9.789999961853027
2017-04-27,9.239999771118164
2017-04-28,9.420000076293945
2017-05-01,9.489999771118164
2017-05-02,10.489999771118164
2017-05-03,10.779999732971191
2017-05-04,11.039999961853027
2017-05-05,11.4399995803833
2017-05-08,9.09000015258789
2017-05-09,9.3100004196167
2017-05-10,9.430000305175781
2017-05-11,10.350000381469727
2017-05-12,9.399999618530273
2017-05-15,9.15999984741211
2017-05-16,8.960000038146973
2017-05-17,20.170000076293945
2017-05-18,16.670000076293945
2017-05-19,10.979999542236328
2017-05-22,9.390000343322754
2017-05-23,9.319999694824219
2017-05-24,8.5600004196167
2017-05-25,8.119999885559082
2017-05-26,7.599999904632568
2017-05-30,9.039999961853027
2017-05-31,8.710000038146973
2017-06-01,8.5
2017-06-02,8.470000267028809
2017-06-05,9.6899995803833
2017-06-06,10.390000343322754
2017-06-07,10.130000114440918
2017-06-08,9.619999885559082
2017-06-09,10.369999885559082
2017-06-12,11.350000381469727
2017-06-13,9.350000381469727
2017-06-14,9.90999984741211
2017-06-15,10.140000343322754
2017-06-16,8.329999923706055
2017-06-19,8.520000457763672
2017-06-20,9.420000076293945
2017-06-21,9.5600004196167
2017-06-22,9.229999542236328
2017-06-23,8.380000114440918
2017-06-26,8.699999809265137
2017-06-27,10.5
2017-06-28,8.489999771118164
2017-06-29,11.369999885559082
2017-06-30,9.930000305175781
2017-07-03,10.210000038146973
2017-07-05,9.649999618530273
2017-07-06,11.529999732971191
2017-07-07,9.260000228881836
2017-07-10,9.899999618530273
2017-07-11,9.369999885559082
2017-07-12,8.0600004196167
2017-07-13,8.010000228881836
2017-07-14,7.550000190734863
2017-07-17,8.390000343322754
2017-07-18,8.4399995803833
2017-07-19,7.849999904632568
2017-07-20,7.690000057220459
2017-07-21,7.099999904632568
2017-07-24,7.639999866485596
2017-07-25,7.869999885559082
2017-07-26,8.069999694824219
2017-07-27,9.029999732971191
2017-07-28,8.550000190734863
2017-07-31,9.430000305175781
2017-08-01,8.930000305175781
2017-08-02,8.680000305175781
2017-08-03,9.3100004196167
2017-08-04,8.579999923706055
2017-08-07,8.430000305175781
2017-08-08,10.5
2017-08-09,10.720000267028809
2017-08-10,17.829999923706055
2017-08-11,15.529999732971191
2017-08-14,11.630000114440918
2017-08-15,10.40999984741211
2017-08-16,9.729999542236328
2017-08-17,15.770000457763672
2017-08-18,13.170000076293945
2017-08-21,12.479999542236328
2017-08-22,9.920000076293945
2017-08-23,11.140000343322754
2017-08-24,10.329999923706055
2017-08-25,8.970000267028809
2017-08-28,9.449999809265137
2017-08-29,9.8100004196167
2017-08-30,9.149999618530273
2017-08-31,8.65999984741211
2017-09-01,7.940000057220459
2017-09-05,11.34000015258789
2017-09-06,10.220000267028809
2017-09-07,9.75
2017-09-08,11.289999961853027
2017-09-11,9.010000228881836
2017-09-12,9.25
2017-09-13,9.380000114440918
2017-09-14,9.289999961853027
2017-09-15,8.300000190734863
2017-09-18,8.720000267028809
2017-09-19,9.09000015258789
2017-09-20,8.949999809265137
2017-09-21,8.4399995803833
2017-09-22,7.980000019073486
2017-09-25,9.210000038146973
2017-09-26,9.34000015258789
2017-09-27,9.029999732971191
2017-09-28,8.390000343322754
2017-09-29,7.949999809265137
2017-10-02,8.180000305175781
2017-10-03,8.039999961853027
2017-10-04,8.020000457763672
2017-10-05,7.809999942779541
2017-10-06,7.880000114440918
2017-10-09,9.34000015258789
2017-10-10,8.720000267028809
2017-10-11,8.319999694824219
2017-10-12,8.34000015258789
2017-10-13,8.029999732971191
2017-10-16,8.460000038146973
2017-10-17,8.6899995803833
2017-10-18,8.369999885559082
2017-10-19,8.880000114440918
2017-10-20,8.40999984741211
2017-10-23,10.770000457763672
2017-10-24,10.479999542236328
2017-10-25,11.09000015258789
2017-10-26,10.6899995803833
2017-10-27,8.609999656677246
2017-10-30,9.8100004196167
2017-10-31,9.319999694824219
2017-11-01,9.289999961853027
2017-11-02,8.539999961853027
2017-11-03,7.840000152587891
2017-11-06,8.09000015258789
2017-11-07,8.829999923706055
2017-11-08,8.279999732971191
2017-11-09,9.649999618530273
2017-11-10,10.3100004196167
2017-11-13,9.84000015258789
2017-11-14,9.729999542236328
2017-11-15,11.729999542236328
2017-11-16,8.739999771118164
2017-11-17,8.489999771118164
2017-11-20,8.600000381469727
2017-11-21,7.96999979019165
2017-11-22,7.869999885559082
2017-11-24,7.869999885559082
2017-11-27,9.0
2017-11-28,9.180000305175781
2017-11-29,10.15999984741211
2017-11-30,11.380000114440918
2017-12-01,11.979999542236328
2017-12-04,12.210000038146973
2017-12-05,11.109999656677246
2017-12-06,10.899999618530273
2017-12-07,9.510000228881836
2017-12-08,8.4399995803833
2017-12-11,8.789999961853027
2017-12-12,9.239999771118164
2017-12-13,9.350000381469727
2017-12-14,9.869999885559082
2017-12-15,8.25
2017-12-18,8.050000190734863
2017-12-19,9.029999732971191
2017-12-20,8.34000015258789
2017-12-21,7.630000114440918
2017-12-22,7.510000228881836
2017-12-26,8.479999542236328
2017-12-27,9.710000038146973
2017-12-28,9.270000457763672
2017-12-29,10.420000076293945
2018-01-02,8.539999961853027
2018-01-03,7.849999904632568
2018-01-04,7.730000019073486
2018-01-05,7.699999809265137
2018-01-08,7.900000095367432
2018-01-09,8.350000381469727
2018-01-10,7.849999904632568
2018-01-11,7.840000152587891
2018-01-12,8.680000305175781
2018-01-16,11.25
2018-01-17,11.65999984741211
2018-01-18,12.369999885559082
2018-01-19,10.40999984741211
2018-01-22,10.859999656677246
2018-01-23,11.020000457763672
2018-01-24,11.449999809265137
2018-01-25,11.640000343322754
2018-01-26,10.460000038146973
2018-01-29,14.90999984741211
2018-01-30,16.200000762939453
2018-01-31,13.859999656677246
2018-02-01,13.859999656677246
2018-02-02,18.860000610351562
2018-02-05,59.34000015258789
2018-02-06,39.459999084472656
2018-02-07,32.86000061035156
2018-02-08,41.439998626708984
2018-02-09,31.639999389648438
2018-02-12,26.829999923706055
2018-02-13,25.290000915527344
2018-02-14,18.729999542236328
2018-02-15,18.579999923706055
2018-02-16,18.68000030517578
2018-02-20,20.639999389648438
2018-02-21,20.010000228881836
2018-02-22,18.1299991607666
2018-02-23,14.979999542236328
2018-02-26,15.15999984741211
2018-02-27,18.1200008392334
2018-02-28,19.190000534057617
2018-03-01,23.889999389648438
2018-03-02,18.8700008392334
2018-03-05,18.260000228881836
2018-03-06,17.229999542236328
2018-03-07,16.709999084472656
2018-03-08,15.859999656677246
2018-03-09,13.529999732971191
2018-03-12,15.239999771118164
2018-03-13,15.359999656677246
2018-03-14,17.280000686645508
2018-03-15,15.960000038146973
2018-03-16,14.930000305175781
2018-03-19,21.950000762939453
2018-03-20,19.700000762939453
2018-03-21,18.520000457763672
2018-03-22,26.309999465942383
2018-03-23,28.219999313354492
2018-03-26,22.280000686645508
2018-03-27,22.950000762939453
2018-03-28,24.940000534057617
2018-03-29,20.56999969482422
2018-04-02,27.309999465942383
2018-04-03,23.479999542236328
2018-04-04,21.950000762939453
2018-04-05,19.93000030517578
2018-04-06,23.059999465942383
2018-04-09,23.829999923706055
2018-04-10,20.920000076293945
2018-04-11,20.3700008392334
2018-04-12,17.81999969482422
2018-04-13,16.360000610351562
2018-04-16,16.56999969482422
2018-04-17,15.350000381469727
2018-04-18,14.640000343322754
2018-04-19,15.5
2018-04-20,16.229999542236328
2018-04-23,16.440000534057617
2018-04-24,19.170000076293945
2018-04-25,18.709999084472656
2018-04-26,16.010000228881836
2018-04-27,14.4399995803833
2018-04-30,16.450000762939453
2018-05-01,15.699999809265137
2018-05-02,16.530000686645508
2018-05-03,15.75
2018-05-04,13.859999656677246
2018-05-07,14.220000267028809
2018-05-08,13.979999542236328
2018-05-09,12.130000114440918
2018-05-10,12.430000305175781
2018-05-11,11.239999771118164
2018-05-14,11.920000076293945
2018-05-15,14.289999961853027
2018-05-16,12.359999656677246
2018-05-17,12.020000457763672
2018-05-18,11.479999542236328
2018-05-21,11.369999885559082
2018-05-22,10.920000076293945
2018-05-23,10.0600004196167
2018-05-24,10.329999923706055
2018-05-25,11.460000038146973
2018-05-29,17.239999771118164
2018-05-30,13.260000228881836
2018-05-31,14.119999885559082
2018-06-01,11.4399995803833
2018-06-04,12.020000457763672
2018-06-05,11.680000305175781
2018-06-06,11.029999732971191
2018-06-07,11.899999618530273
2018-06-08,11.5600004196167
2018-06-11,12.529999732971191
2018-06-12,12.029999732971191
2018-06-13,12.65999984741211
2018-06-14,11.039999961853027
2018-06-15,10.84000015258789
2018-06-18,11.6899995803833
2018-06-19,12.970000267028809
2018-06-20,12.15999984741211
2018-06-21,14.5600004196167
2018-06-22,12.15999984741211
2018-06-25,17.68000030517578
2018-06-26,15.15999984741211
2018-06-27,17.90999984741211
2018-06-28,15.829999923706055
2018-06-29,14.930000305175781
2018-07-02,14.420000076293945
2018-07-03,15.170000076293945
2018-07-05,14.140000343322754
2018-07-06,11.489999771118164
2018-07-09,10.789999961853027
2018-07-10,10.65999984741211
2018-07-11,11.800000190734863
2018-07-12,10.600000381469727
2018-07-13,10.069999694824219
2018-07-16,11.5
2018-07-17,10.5600004196167
2018-07-18,10.029999732971191
2018-07-19,11.149999618530273
2018-07-20,11.010000228881836
2018-07-23,11.34000015258789
2018-07-24,11.149999618530273
2018-07-25,11.270000457763672
2018-07-26,11.069999694824219
2018-07-27,11.59000015258789
2018-07-30,13.569999694824219
2018-07-31,11.640000343322754
2018-08-01,12.289999961853027
2018-08-02,10.510000228881836
2018-08-03,9.579999923706055
2018-08-06,9.739999771118164
2018-08-07,9.130000114440918
2018-08-08,8.859999656677246
2018-08-09,9.460000038146973
2018-08-10,13.09000015258789
2018-08-13,15.34000015258789
2018-08-14,12.619999885559082
2018-08-15,15.010000228881836
2018-08-16,12.920000076293945
2018-08-17,11.569999694824219
2018-08-20,11.420000076293945
2018-08-21,11.550000190734863
2018-08-22,10.770000457763672
2018-08-23,10.800000190734863
2018-08-24,10.170000076293945
2018-08-27,10.229999542236328
2018-08-28,10.199999809265137
2018-08-29,9.770000457763672
2018-08-30,11.489999771118164
2018-08-31,11.010000228881836
2018-09-04,11.970000267028809
2018-09-05,12.649999618530273
2018-09-06,13.460000038146973
2018-09-07,13.489999771118164
2018-09-10,12.569999694824219
2018-09-11,11.0
2018-09-12,10.670000076293945
2018-09-13,10.029999732971191
2018-09-14,9.930000305175781
2018-09-17,13.5
2018-09-18,11.739999771118164
2018-09-19,11.449999809265137
2018-09-20,11.039999961853027
2018-09-21,10.630000114440918
2018-09-24,11.630000114440918
2018-09-25,11.760000228881836
2018-09-26,12.699999809265137
2018-09-27,12.09000015258789
2018-09-28,11.170000076293945
2018-10-01,11.1899995803833
2018-10-02,11.130000114440918
2018-10-03,10.8100004196167
2018-10-04,15.420000076293945
2018-10-05,14.859999656677246
2018-10-08,14.920000076293945
2018-10-09,14.399999618530273
2018-10-10,25.979999542236328
2018-10-11,29.579999923706055
2018-10-12,22.84000015258789
2018-10-15,23.90999984741211
2018-10-16,17.850000381469727
2018-10-17,17.75
2018-10-18,22.309999465942383
2018-10-19,21.1299991607666
2018-10-22,20.670000076293945
2018-10-23,23.43000030517578
2018-10-24,31.90999984741211
2018-10-25,29.6200008392334
2018-10-26,29.889999389648438
2018-10-29,31.030000686645508
2018-10-30,28.8700008392334
2018-10-31,25.15999984741211
2018-11-01,21.540000915527344
2018-11-02,21.170000076293945
2018-11-05,21.6299991607666
2018-11-06,21.6200008392334
2018-11-07,15.539999961853027
2018-11-08,15.5600004196167
2018-11-09,15.630000114440918
2018-11-12,20.690000534057617
2018-11-13,19.3799991607666
2018-11-14,21.389999389648438
2018-11-15,19.5
2018-11-16,16.350000381469727
2018-11-19,20.43000030517578
2018-11-20,23.6299991607666
2018-11-21,19.860000610351562
2018-11-23,21.420000076293945
2018-11-26,20.040000915527344
2018-11-27,21.329999923706055
2018-11-28,22.059999465942383
2018-11-29,22.1299991607666
2018-11-30,21.459999084472656
2018-12-03,17.209999084472656
2018-12-04,25.100000381469727
2018-12-06,25.110000610351562
2018-12-07,27.420000076293945
2018-12-10,25.530000686645508
2018-12-11,23.489999771118164
2018-12-12,22.860000610351562
2018-12-13,20.56999969482422
2018-12-14,21.469999313354492
2018-12-17,27.06999969482422
2018-12-18,28.360000610351562
2018-12-19,26.649999618530273
2018-12-20,30.420000076293945
2018-12-21,33.7400016784668
2018-12-24,42.400001525878906
2018-12-26,34.709999084472656
2018-12-27,33.880001068115234
2018-12-28,31.020000457763672
2018-12-31,27.350000381469727
2019-01-02,23.020000457763672
2019-01-03,26.959999084472656
2019-01-04,21.270000457763672
2019-01-07,21.68000030517578
2019-01-08,20.56999969482422
2019-01-09,19.18000030517578
2019-01-10,17.8799991607666
2019-01-11,16.100000381469727
2019-01-14,17.56999969482422
2019-01-15,16.84000015258789
2019-01-16,16.729999542236328
2019-01-17,15.75
2019-01-18,15.220000267028809
2019-01-22,21.56999969482422
2019-01-23,19.360000610351562
2019-01-24,18.09000015258789
2019-01-25,16.350000381469727
2019-01-28,19.3799991607666
2019-01-29,19.850000381469727
2019-01-30,17.31999969482422
2019-01-31,15.510000228881836
2019-02-01,14.130000114440918
2019-02-04,13.579999923706055
2019-02-05,13.579999923706055
2019-02-06,12.729999542236328
2019-02-07,14.890000343322754
2019-02-08,13.609999656677246
2019-02-11,14.670000076293945
2019-02-12,13.470000267028809
2019-02-13,13.489999771118164
2019-02-14,14.109999656677246
2019-02-15,12.180000305175781
2019-02-19,13.380000114440918
2019-02-20,12.600000381469727
2019-02-21,13.180000305175781
2019-02-22,11.489999771118164
2019-02-25,14.0600004196167
2019-02-26,14.199999809265137
2019-02-27,13.140000343322754
2019-02-28,13.180000305175781
2019-03-01,11.329999923706055
2019-03-04,13.399999618530273
2019-03-05,13.359999656677246
2019-03-06,14.989999771118164
2019-03-07,16.149999618530273
2019-03-08,14.630000114440918
2019-03-11,13.399999618530273
2019-03-12,12.729999542236328
2019-03-13,12.529999732971191
2019-03-14,12.520000457763672
2019-03-15,11.220000267028809
2019-03-18,12.529999732971191
2019-03-19,13.529999732971191
2019-03-20,13.489999771118164
2019-03-21,13.109999656677246
2019-03-22,16.850000381469727
2019-03-25,16.40999984741211
2019-03-26,13.949999809265137
2019-03-27,14.699999809265137
2019-03-28,13.699999809265137
2019-03-29,12.34000015258789
2019-04-01,12.109999656677246
2019-04-02,11.859999656677246
2019-04-03,12.289999961853027
2019-04-04,11.579999923706055
2019-04-05,10.119999885559082
2019-04-08,10.739999771118164
2019-04-09,11.779999732971191
2019-04-10,10.140000343322754
2019-04-11,10.520000457763672
2019-04-12,9.739999771118164
2019-04-15,10.609999656677246
2019-04-16,10.760000228881836
2019-04-17,11.0
2019-04-18,9.930000305175781
2019-04-22,11.630000114440918
2019-04-23,11.640000343322754
2019-04-24,12.539999961853027
2019-04-25,12.359999656677246
2019-04-26,11.8100004196167
2019-04-29,12.520000457763672
2019-04-30,12.4399995803833
2019-05-01,14.949999809265137
2019-05-02,13.920000076293945
2019-05-03,10.960000038146973
2019-05-06,15.449999809265137
2019-05-07,20.739999771118164
2019-05-08,21.329999923706055
2019-05-09,21.860000610351562
2019-05-10,16.56999969482422
2019-05-13,22.760000228881836
2019-05-14,18.760000228881836
2019-05-15,16.309999465942383
2019-05-16,15.0600004196167
2019-05-17,16.260000228881836
2019-05-20,16.81999969482422
2019-05-21,14.5
2019-05-22,13.920000076293945
2019-05-23,17.399999618530273
2019-05-24,15.359999656677246
2019-05-28,17.979999542236328
2019-05-29,18.34000015258789
2019-05-30,17.1200008392334
2019-05-31,19.0
2019-06-03,19.260000228881836
2019-06-04,16.649999618530273
2019-06-05,14.899999618530273
2019-06-06,14.880000114440918
2019-06-07,15.020000457763672
2019-06-10,15.25
2019-06-11,15.149999618530273
2019-06-12,14.65999984741211
2019-06-13,14.59000015258789
2019-06-14,13.5600004196167
2019-06-17,14.989999771118164
2019-06-18,15.289999961853027
2019-06-19,13.869999885559082
2019-06-20,14.770000457763672
2019-06-21,14.829999923706055
2019-06-24,15.800000190734863
2019-06-25,17.010000228881836
2019-06-26,16.799999237060547
2019-06-27,16.34000015258789
2019-06-28,15.670000076293945
2019-07-01,12.510000228881836
2019-07-02,10.420000076293945
2019-07-03,9.90999984741211
2019-07-05,10.569999694824219
2019-07-08,11.119999885559082
2019-07-09,11.079999923706055
2019-07-10,9.9399995803833
2019-07-11,10.079999923706055
2019-07-12,9.880000114440918
2019-07-15,11.010000228881836
2019-07-16,11.710000038146973
2019-07-17,13.420000076293945
2019-07-18,12.680000305175781
2019-07-19,13.5600004196167
2019-07-22,13.640000343322754
2019-07-23,12.819999694824219
2019-07-24,12.1899995803833
2019-07-25,12.529999732971191
2019-07-26,11.539999961853027
2019-07-29,12.670000076293945
2019-07-30,14.460000038146973
2019-07-31,18.40999984741211
2019-08-01,19.31999969482422
2019-08-02,17.690000534057617
2019-08-05,29.139999389648438
2019-08-06,21.84000015258789
2019-08-07,20.950000762939453
2019-08-08,16.770000457763672
2019-08-09,17.75
2019-08-12,22.450000762939453
2019-08-13,17.489999771118164
2019-08-14,24.420000076293945
2019-08-15,22.450000762939453
2019-08-16,18.360000610351562
2019-08-19,17.200000762939453
2019-08-20,18.43000030517578
2019-08-21,16.09000015258789
2019-08-22,16.709999084472656
2019-08-23,21.549999237060547
2019-08-26,19.81999969482422
2019-08-27,20.809999465942383
2019-08-28,19.15999984741211
2019-08-29,16.850000381469727
2019-08-30,18.600000381469727
2019-09-03,19.06999969482422
2019-09-04,15.600000381469727
2019-09-05,14.59000015258789
2019-09-06,12.390000343322754
2019-09-09,13.65999984741211
2019-09-10,13.760000228881836
2019-09-11,13.130000114440918
2019-09-12,13.100000381469727
2019-09-13,12.619999885559082
2019-09-16,14.600000381469727
2019-09-17,14.539999961853027
2019-09-18,14.130000114440918
2019-09-19,13.180000305175781
2019-09-20,14.680000305175781
2019-09-23,9.829999923706055
2019-09-24,17.729999542236328
2019-09-25,15.300000190734863
2019-09-26,15.199999809265137
2019-09-27,16.770000457763672
2019-09-30,15.279999732971191
2019-10-01,18.940000534057617
2019-10-02,21.709999084472656
2019-10-03,19.479999542236328
2019-10-04,16.270000457763672
2019-10-07,17.700000762939453
2019-10-08,20.290000915527344
2019-10-09,18.260000228881836
2019-10-10,17.780000686645508
2019-10-11,15.279999732971191
2019-10-14,14.010000228881836
2019-10-15,12.300000190734863
2019-10-16,11.920000076293945
2019-10-17,11.899999618530273
2019-10-18,12.350000381469727
2019-10-21,12.609999656677246
2019-10-22,13.300000190734863
2019-10-23,12.270000457763672
2019-10-24,11.890000343322754
2019-10-25,10.329999923706055
2019-10-28,11.699999809265137
2019-10-29,11.75
2019-10-30,10.670000076293945
2019-10-31,11.579999923706055
2019-11-01,9.84000015258789
2019-11-04,11.079999923706055
2019-11-05,10.989999771118164
2019-11-06,9.470000267028809
2019-11-07,10.15999984741211
2019-11-08,9.319999694824219
2019-11-11,10.6899995803833
2019-11-12,10.800000190734863
2019-11-13,10.970000267028809
2019-11-14,11.229999542236328
2019-11-15,9.670000076293945
2019-11-18,10.180000305175781
2019-11-19,10.25
2019-11-20,10.199999809265137
2019-11-21,10.5600004196167
2019-11-22,9.220000267028809
2019-11-25,9.760000228881836
2019-11-26,9.5
2019-11-27,9.899999618530273
2019-11-29,11.359999656677246
2019-12-02,15.300000190734863
2019-12-03,16.860000610351562
2019-12-04,14.920000076293945
2019-12-05,13.9399995803833
2019-12-06,12.8100004196167
2019-12-09,17.059999465942383
2019-12-10,16.239999771118164
2019-12-11,15.270000457763672
2019-12-12,14.670000076293945
2019-12-13,12.40999984741211
2019-12-16,11.630000114440918
2019-12-17,11.15999984741211
2019-12-18,10.300000190734863
2019-12-19,9.390000343322754
2019-12-20,9.270000457763672
2019-12-23,9.829999923706055
2019-12-24,9.5600004196167
2019-12-26,9.9399995803833
2019-12-27,11.0
2019-12-30,13.770000457763672
2019-12-31,13.260000228881836
2020-01-02,10.600000381469727
2020-01-03,12.779999732971191
2020-01-06,12.420000076293945
2020-01-07,12.34000015258789
2020-01-08,12.220000267028809
2020-01-09,10.859999656677246
2020-01-10,10.569999694824219
2020-01-13,10.050000190734863
2020-01-14,10.180000305175781
2020-01-15,9.6899995803833
2020-01-16,9.710000038146973
2020-01-17,9.039999961853027
2020-01-21,11.380000114440918
2020-01-22,11.029999732971191
2020-01-23,11.399999618530273
2020-01-24,14.649999618530273
2020-01-27,21.299999237060547
2020-01-28,18.34000015258789
2020-01-29,18.1200008392334
2020-01-30,16.40999984741211
2020-01-31,21.65999984741211
2020-02-03,19.229999542236328
2020-02-04,15.8100004196167
2020-02-05,13.6899995803833
2020-02-06,12.979999542236328
2020-02-07,13.729999542236328
2020-02-10,12.890000343322754
2020-02-11,13.039999961853027
2020-02-12,10.84000015258789
2020-02-13,11.829999923706055
2020-02-14,10.979999542236328
2020-02-18,13.020000457763672
2020-02-19,11.880000114440918
2020-02-20,13.859999656677246
2020-02-21,15.770000457763672
2020-02-24,31.899999618530273
2020-02-25,36.349998474121094
2020-02-26,34.84000015258789
2020-02-27,54.7400016784668
2020-02-28,52.900001525878906
2020-03-02,42.16999816894531
2020-03-03,47.34000015258789
2020-03-04,37.060001373291016
2020-03-05,48.630001068115234
2020-03-06,48.54999923706055
2020-03-09,70.30000305175781
2020-03-10,57.38999938964844
2020-03-11,68.20999908447266
2020-03-12,103.55999755859375
2020-03-13,69.87000274658203
2020-03-16,106.66000366210938
2020-03-17,92.93000030517578
2020-03-18,97.22000122070312
2020-03-19,91.0199966430664
2020-03-20,83.47000122070312
2020-03-23,78.76000213623047
2020-03-24,78.04000091552734
2020-03-25,81.30000305175781
2020-03-26,73.61000061035156
2020-03-27,72.33000183105469
2020-03-30,62.79999923706055
2020-03-31,60.15999984741211
2020-04-01,61.33000183105469
2020-04-02,52.810001373291016
2020-04-03,46.65999984741211
2020-04-06,47.02000045776367
2020-04-07,48.34000015258789
2020-04-08,42.459999084472656
2020-04-09,40.41999816894531
2020-04-13,41.7400016784668
2020-04-14,38.810001373291016
2020-04-15,41.63999938964844
2020-04-16,40.4900016784668
2020-04-17,36.18000030517578
2020-04-20,44.0
2020-04-21,45.459999084472656
2020-04-22,40.209999084472656
2020-04-23,39.349998474121094
2020-04-24,31.719999313354492
2020-04-27,31.40999984741211
2020-04-28,32.439998626708984
2020-04-29,29.65999984741211
2020-04-30,32.880001068115234
2020-05-01,35.56999969482422
2020-05-04,35.45000076293945
2020-05-05,33.189998626708984
2020-05-06,33.97999954223633
2020-05-07,29.75
2020-05-08,24.889999389648438
2020-05-11,26.170000076293945
2020-05-12,33.36000061035156
2020-05-13,34.630001068115234
2020-05-14,31.65999984741211
2020-05-15,29.709999084472656
2020-05-18,27.6200008392334
2020-05-19,28.030000686645508
2020-05-20,24.93000030517578
2020-05-21,26.149999618530273
2020-05-22,23.469999313354492
2020-05-26,25.5
2020-05-27,25.170000076293945
2020-05-28,26.020000457763672
2020-05-29,24.59000015258789
2020-06-01,27.079999923706055
2020-06-02,25.059999465942383
2020-06-03,23.969999313354492
2020-06-04,23.559999465942383
2020-06-05,22.6299991607666
2020-06-08,25.18000030517578
2020-06-09,26.920000076293945
2020-06-10,27.100000381469727
2020-06-11,42.060001373291016
2020-06-12,36.52000045776367
2020-06-15,35.97999954223633
2020-06-16,35.380001068115234
2020-06-17,33.97999954223633
2020-06-18,32.04999923706055
2020-06-19,33.91999816894531
2020-06-22,31.229999542236328
2020-06-23,30.290000915527344
2020-06-24,33.25
2020-06-25,30.920000076293945
2020-06-26,33.310001373291016
2020-06-29,30.420000076293945
2020-06-30,29.139999389648438
2020-07-01,25.200000762939453
2020-07-02,22.639999389648438
2020-07-06,25.229999542236328
2020-07-07,26.84000015258789
2020-07-08,23.670000076293945
2020-07-09,25.549999237060547
2020-07-10,22.59000015258789
2020-07-13,30.309999465942383
2020-07-14,27.780000686645508
2020-07-15,25.219999313354492
2020-07-16,25.850000381469727
2020-07-17,22.15999984741211
2020-07-20,22.520000457763672
2020-07-21,23.329999923706055
2020-07-22,21.649999618530273
2020-07-23,24.100000381469727
2020-07-24,22.700000762939453
2020-07-27,22.3799991607666
2020-07-28,23.540000915527344
2020-07-29,21.93000030517578
2020-07-30,22.790000915527344
2020-07-31,20.610000610351562
2020-08-03,20.950000762939453
2020-08-04,20.440000534057617
2020-08-05,19.020000457763672
2020-08-06,19.399999618530273
2020-08-07,18.079999923706055
2020-08-10,18.8799991607666
2020-08-11,21.889999389648438
2020-08-12,18.899999618530273
2020-08-13,18.540000915527344
2020-08-14,17.8700008392334
2020-08-17,17.600000381469727
2020-08-18,17.81999969482422
2020-08-19,19.229999542236328
2020-08-20,18.850000381469727
2020-08-21,18.010000228881836
2020-08-24,18.809999465942383
2020-08-25,18.09000015258789
2020-08-26,19.959999084472656
2020-08-27,20.190000534057617
2020-08-28,17.1299991607666
2020-08-31,21.100000381469727
2020-09-01,19.649999618530273
2020-09-02,20.709999084472656
2020-09-03,30.450000762939453
2020-09-04,29.40999984741211
2020-09-08,32.90999984741211
2020-09-09,29.09000015258789
2020-09-10,30.43000030517578
2020-09-11,26.329999923706055
2020-09-14,25.059999465942383
2020-09-15,24.219999313354492
2020-09-16,23.770000457763672
2020-09-17,24.950000762939453
2020-09-18,24.020000457763672
2020-09-21,28.110000610351562
2020-09-22,25.950000762939453
2020-09-23,27.969999313354492
2020-09-24,27.649999618530273
2020-09-25,24.56999969482422
2020-09-28,25.209999084472656
2020-09-29,25.989999771118164
2020-09-30,25.770000457763672
2020-10-01,24.799999237060547
2020-10-02,24.639999389648438
2020-10-05,23.510000228881836
2020-10-06,25.079999923706055
2020-10-07,21.739999771118164
2020-10-08,19.940000534057617
2020-10-09,18.850000381469727
2020-10-12,20.299999237060547
2020-10-13,21.389999389648438
2020-10-14,21.299999237060547
2020-10-15,21.3799991607666
2020-10-16,21.639999389648438
2020-10-19,24.649999618530273
2020-10-20,24.56999969482422
2020-10-21,23.200000762939453
2020-10-22,24.059999465942383
2020-10-23,24.290000915527344
2020-10-26,35.90999984741211
2020-10-27,37.290000915527344
2020-10-28,47.900001525878906
2020-10-29,44.34000015258789
2020-10-30,44.33000183105469
2020-11-02,43.86000061035156
2020-11-03,43.20000076293945
2020-11-04,32.459999084472656
2020-11-05,28.09000015258789
2020-11-06,23.959999084472656
2020-11-09,26.709999084472656
2020-11-10,24.43000030517578
2020-11-11,21.59000015258789
2020-11-12,23.8799991607666
2020-11-13,21.010000228881836
2020-11-16,19.329999923706055
2020-11-17,18.809999465942383
2020-11-18,19.59000015258789
2020-11-19,19.260000228881836
2020-11-20,19.860000610351562
2020-11-23,19.579999923706055
2020-11-24,18.399999618530273
2020-11-25,17.139999389648438
2020-11-27,18.25
2020-11-30,19.8700008392334
2020-12-01,19.8700008392334
2020-12-02,19.290000915527344
2020-12-03,19.350000381469727
2020-12-04,17.959999084472656
2020-12-07,18.739999771118164
2020-12-08,18.170000076293945
2020-12-09,19.989999771118164
2020-12-10,19.670000076293945
2020-12-11,20.450000762939453
2020-12-14,23.670000076293945
2020-12-15,20.190000534057617
2020-12-16,18.799999237060547
2020-12-17,18.6200008392334
2020-12-18,16.700000762939453
2020-12-21,21.559999465942383
2020-12-22,19.90999984741211
2020-12-23,19.200000762939453
2020-12-24,17.1200008392334
2020-12-28,20.049999237060547
2020-12-29,21.469999313354492
2020-12-30,21.309999465942383
2020-12-31,21.200000762939453
2021-01-04,27.389999389648438
2021-01-05,24.290000915527344
2021-01-06,23.770000457763672
2021-01-07,19.420000076293945
2021-01-08,18.34000015258789
2021-01-11,21.690000534057617
2021-01-12,20.649999618530273
2021-01-13,18.90999984741211
2021-01-14,21.170000076293945
2021-01-15,21.690000534057617
2021-01-19,21.8799991607666
2021-01-20,18.850000381469727
2021-01-21,18.229999542236328
2021-01-22,18.420000076293945
2021-01-25,20.65999984741211
2021-01-26,20.459999084472656
2021-01-27,41.63999938964844
2021-01-28,30.0
2021-01-29,32.630001068115234
2021-02-01,28.989999771118164
2021-02-02,22.440000534057617
2021-02-03,18.969999313354492
2021-02-04,17.479999542236328
2021-02-05,15.520000457763672
2021-02-08,16.56999969482422
2021-02-09,17.09000015258789
2021-02-10,17.68000030517578
2021-02-11,17.09000015258789
2021-02-12,15.050000190734863
2021-02-16,19.31999969482422
2021-02-17,18.40999984741211
2021-02-18,19.459999084472656
2021-02-19,18.329999923706055
2021-02-22,21.219999313354492
2021-02-23,21.299999237060547
2021-02-24,18.350000381469727
2021-02-25,31.809999465942383
2021-02-26,29.420000076293945
2021-03-01,22.700000762939453
2021-03-02,23.170000076293945
2021-03-03,26.8799991607666
2021-03-04,29.299999237060547
2021-03-05,23.829999923706055
2021-03-08,25.700000762939453
2021-03-09,24.110000610351562
2021-03-10,20.979999542236328
2021-03-11,20.010000228881836
2021-03-12,17.40999984741211
2021-03-15,17.739999771118164
2021-03-16,17.93000030517578
2021-03-17,16.690000534057617
2021-03-18,20.329999923706055
2021-03-19,18.280000686645508
2021-03-22,16.399999618530273
2021-03-23,18.3700008392334
2021-03-24,19.06999969482422
2021-03-25,17.15999984741211
2021-03-26,16.31999969482422
2021-03-29,18.850000381469727
2021-03-30,17.280000686645508
2021-03-31,15.619999885559082
2021-04-01,12.970000267028809
2021-04-05,15.649999618530273
2021-04-06,15.710000038146973
2021-04-07,14.130000114440918
2021-04-08,13.9399995803833
2021-04-09,13.1899995803833
2021-04-12,14.239999771118164
2021-04-13,13.779999732971191
2021-04-14,14.100000381469727
2021-04-15,14.220000267028809
2021-04-16,12.970000267028809
2021-04-19,15.420000076293945
2021-04-20,17.329999923706055
2021-04-21,14.789999961853027
2021-04-22,16.770000457763672
2021-04-23,14.069999694824219
2021-04-26,14.8100004196167
2021-04-27,14.550000190734863
2021-04-28,13.619999885559082
2021-04-29,13.960000038146973
2021-04-30,15.529999732971191
2021-05-03,16.170000076293945
2021-05-04,17.75
2021-05-05,17.56999969482422
2021-05-06,16.040000915527344
2021-05-07,14.09000015258789
2021-05-10,19.68000030517578
2021-05-11,22.030000686645508
2021-05-12,29.549999237060547
2021-05-13,23.209999084472656
2021-05-14,17.40999984741211
2021-05-17,18.829999923706055
2021-05-18,20.989999771118164
2021-05-19,21.209999084472656
2021-05-20,18.559999465942383
2021-05-21,17.1200008392334
2021-05-24,14.670000076293945
2021-05-25,15.789999961853027
2021-05-26,13.84000015258789
2021-05-27,13.029999732971191
2021-05-28,12.729999542236328
2021-06-01,15.0
2021-06-02,13.699999809265137
2021-06-03,15.180000305175781
2021-06-04,12.699999809265137
2021-06-07,13.90999984741211
2021-06-08,15.430000305175781
2021-06-09,17.09000015258789
2021-06-10,13.829999923706055
2021-06-11,13.0600004196167
2021-06-14,14.920000076293945
2021-06-15,15.920000076293945
2021-06-16,17.940000534057617
2021-06-17,16.670000076293945
2021-06-18,20.139999389648438
2021-06-21,16.829999923706055
2021-06-22,14.579999923706055
2021-06-23,13.630000114440918
2021-06-24,12.770000457763672
2021-06-25,11.859999656677246
2021-06-28,11.920000076293945
2021-06-29,11.859999656677246
2021-06-30,11.109999656677246
2021-07-01,11.430000305175781
2021-07-02,10.399999618530273
2021-07-06,13.760000228881836
2021-07-07,13.069999694824219
2021-07-08,17.239999771118164
2021-07-09,13.020000457763672
2021-07-12,13.520000457763672
2021-07-13,14.979999542236328
2021-07-14,13.449999809265137
2021-07-15,14.550000190734863
2021-07-16,16.299999237060547
2021-07-19,22.149999618530273
2021-07-20,17.860000610351562
2021-07-21,14.649999618530273
2021-07-22,14.069999694824219
2021-07-23,12.869999885559082
2021-07-26,14.010000228881836
2021-07-27,17.15999984741211
2021-07-28,14.819999694824219
2021-07-29,13.649999618530273
2021-07-30,14.359999656677246
2021-08-02,16.209999084472656
2021-08-03,13.680000305175781
2021-08-04,13.619999885559082
2021-08-05,13.25
2021-08-06,10.960000038146973
2021-08-09,12.75
2021-08-10,13.229999542236328
2021-08-11,11.6899995803833
2021-08-12,11.539999961853027
2021-08-13,11.210000038146973
2021-08-16,13.069999694824219
2021-08-17,16.290000915527344
2021-08-18,23.1200008392334
2021-08-19,21.239999771118164
2021-08-20,15.100000381469727
2021-08-23,14.020000457763672
2021-08-24,13.9399995803833
2021-08-25,12.989999771118164
2021-08-26,17.110000610351562
2021-08-27,12.319999694824219
2021-08-30,12.0
2021-08-31,12.75
2021-09-01,11.75
2021-09-02,12.729999542236328
2021-09-03,11.65999984741211
2021-09-07,15.329999923706055
2021-09-08,14.75
2021-09-09,16.549999237060547
2021-09-10,22.579999923706055
2021-09-13,20.200000762939453
2021-09-14,19.43000030517578
2021-09-15,16.200000762939453
2021-09-16,16.639999389648438
2021-09-17,19.65999984741211
2021-09-20,27.700000762939453
2021-09-21,25.1299991607666
2021-09-22,19.459999084472656
2021-09-23,17.079999923706055
2021-09-24,15.239999771118164
2021-09-27,16.959999084472656
2021-09-28,24.559999465942383
2021-09-29,21.790000915527344
2021-09-30,23.030000686645508
2021-10-01,19.770000457763672
2021-10-04,23.040000915527344
2021-10-05,20.31999969482422
2021-10-06,19.540000915527344
2021-10-07,18.1299991607666
2021-10-08,16.739999771118164
2021-10-11,19.75
2021-10-12,19.40999984741211
2021-10-13,17.450000762939453
2021-10-14,14.800000190734863
2021-10-15,13.239999771118164
2021-10-18,13.90999984741211
2021-10-19,13.34000015258789
2021-10-20,12.6899995803833
2021-10-21,11.8100004196167
2021-10-22,11.979999542236328
2021-10-25,13.09000015258789
2021-10-26,14.329999923706055
2021-10-27,15.15999984741211
2021-10-28,14.3100004196167
2021-10-29,13.670000076293945
2021-11-01,15.020000457763672
2021-11-02,14.739999771118164
2021-11-03,13.100000381469727
2021-11-04,13.039999961853027
2021-11-05,13.149999618530273
2021-11-08,14.430000305175781
2021-11-09,15.1899995803833
2021-11-10,15.949999809265137
2021-11-11,14.300000190734863
2021-11-12,11.989999771118164
2021-11-15,12.199999809265137
2021-11-16,11.9399995803833
2021-11-17,11.510000228881836
2021-11-18,12.430000305175781
2021-11-19,12.449999809265137
2021-11-22,16.059999465942383
2021-11-23,16.350000381469727
2021-11-24,14.819999694824219
2021-11-26,30.600000381469727
2021-11-29,21.43000030517578
2021-11-30,28.3799991607666
2021-12-01,33.93000030517578
2021-12-02,28.040000915527344
2021-12-03,31.700000762939453
2021-12-06,27.290000915527344
2021-12-07,20.829999923706055
2021-12-08,17.5
2021-12-09,20.489999771118164
2021-12-10,15.699999809265137
2021-12-13,18.540000915527344
2021-12-14,21.020000457763672
2021-12-15,16.780000686645508
2021-12-16,18.760000228881836
2021-12-17,19.350000381469727
2021-12-20,22.209999084472656
2021-12-21,18.829999923706055
2021-12-22,14.760000228881836
2021-12-23,13.710000038146973
2021-12-27,14.479999542236328
2021-12-28,14.399999618530273
2021-12-29,12.850000381469727
2021-12-30,13.859999656677246
2021-12-31,13.260000228881836
2022-01-03,13.520000457763672
2022-01-04,13.880000114440918
2022-01-05,18.06999969482422
2022-01-06,17.059999465942383
2022-01-07,15.399999618530273
2022-01-10,17.90999984741211
2022-01-11,16.59000015258789
2022-01-12,14.680000305175781
2022-01-13,18.790000915527344
2022-01-14,17.309999465942383
2022-01-18,24.170000076293945
2022-01-19,23.959999084472656
2022-01-20,26.729999542236328
2022-01-21,30.860000610351562
2022-01-24,35.81999969482422
2022-01-25,37.18000030517578
2022-01-26,37.400001525878906
2022-01-27,33.029998779296875
2022-01-28,28.1299991607666
2022-01-31,25.329999923706055
2022-02-01,21.100000381469727
2022-02-02,21.600000381469727
2022-02-03,24.110000610351562
2022-02-04,21.860000610351562
2022-02-07,21.610000610351562
2022-02-08,20.06999969482422
2022-02-09,18.670000076293945
2022-02-10,23.709999084472656
2022-02-11,26.84000015258789
2022-02-14,27.6200008392334
2022-02-15,24.489999771118164
2022-02-16,21.31999969482422
2022-02-17,27.690000534057617
2022-02-18,26.030000686645508
2022-02-22,28.6200008392334
2022-02-23,30.709999084472656
2022-02-24,30.040000915527344
2022-02-25,26.149999618530273
2022-02-28,31.5
2022-03-01,34.79999923706055
2022-03-02,30.790000915527344
2022-03-03,30.020000457763672
2022-03-04,31.110000610351562
2022-03-07,38.56999969482422
2022-03-08,36.65999984741211
2022-03-09,33.439998626708984
2022-03-10,30.010000228881836
2022-03-11,30.6299991607666
2022-03-14,34.22999954223633
2022-03-15,30.709999084472656
2022-03-16,26.510000228881836
2022-03-17,24.940000534057617
2022-03-18,22.190000534057617
2022-03-21,22.729999542236328
2022-03-22,22.56999969482422
2022-03-23,23.209999084472656
2022-03-24,20.420000076293945
2022-03-25,18.450000762939453
2022-03-28,17.81999969482422
2022-03-29,17.540000915527344
2022-03-30,17.43000030517578
2022-03-31,18.399999618530273
2022-04-01,16.0
2022-04-04,15.760000228881836
2022-04-05,18.6200008392334
2022-04-06,19.639999389648438
2022-04-07,19.049999237060547
2022-04-08,17.299999237060547
2022-04-11,22.850000381469727
2022-04-12,22.489999771118164
2022-04-13,19.149999618530273
2022-04-14,19.34000015258789
2022-04-18,20.8799991607666
2022-04-19,20.700000762939453
2022-04-20,19.299999237060547
2022-04-21,22.209999084472656
2022-04-22,29.06999969482422
2022-04-25,28.950000762939453
2022-04-26,37.7400016784668
2022-04-27,34.81999969482422
2022-04-28,32.25
2022-04-29,36.11000061035156
2022-05-02,35.400001525878906
2022-05-03,31.610000610351562
2022-05-04,26.15999984741211
2022-05-05,33.25
2022-05-06,29.790000915527344
2022-05-09,36.650001525878906
2022-05-10,34.70000076293945
2022-05-11,33.91999816894531
2022-05-12,33.31999969482422
2022-05-13,29.3799991607666
2022-05-16,28.520000457763672
2022-05-17,26.920000076293945
2022-05-18,32.29999923706055
2022-05-19,30.690000534057617
2022-05-20,29.190000534057617
2022-05-23,28.979999542236328
2022-05-24,29.479999542236328
2022-05-25,27.3700008392334
2022-05-26,25.670000076293945
2022-05-27,23.1299991607666
2022-05-31,25.90999984741211
2022-06-01,25.1200008392334
2022-06-02,23.56999969482422
2022-06-03,23.049999237060547
2022-06-06,25.56999969482422
2022-06-07,24.229999542236328
2022-06-08,23.90999984741211
2022-06-09,27.540000915527344
2022-06-10,28.780000686645508
2022-06-13,38.86000061035156
2022-06-14,36.95000076293945
2022-06-15,32.529998779296875
2022-06-16,36.58000183105469
2022-06-17,30.399999618530273
2022-06-21,30.3799991607666
2022-06-22,28.299999237060547
2022-06-23,28.290000915527344
2022-06-24,26.040000915527344
2022-06-27,25.809999465942383
2022-06-28,27.18000030517578
2022-06-29,26.559999465942383
2022-06-30,26.860000610351562
2022-07-01,23.559999465942383
2022-07-05,27.34000015258789
2022-07-06,25.950000762939453
2022-07-07,24.790000915527344
2022-07-08,21.90999984741211
2022-07-11,24.459999084472656
2022-07-12,27.1299991607666
2022-07-13,25.940000534057617
2022-07-14,25.219999313354492
2022-07-15,22.139999389648438
2022-07-18,25.600000381469727
2022-07-19,26.200000762939453
2022-07-20,25.18000030517578
2022-07-21,23.440000534057617
2022-07-22,22.09000015258789
2022-07-25,23.09000015258789
2022-07-26,24.950000762939453
2022-07-27,22.139999389648438
2022-07-28,20.809999465942383
2022-07-29,18.56999969482422
2022-08-01,21.940000534057617
2022-08-02,23.25
2022-08-03,20.559999465942383
2022-08-04,19.690000534057617
2022-08-05,19.31999969482422
2022-08-08,19.93000030517578
2022-08-09,20.809999465942383
2022-08-10,17.59000015258789
2022-08-11,18.030000686645508
2022-08-12,16.780000686645508
2022-08-15,18.540000915527344
2022-08-16,18.600000381469727
2022-08-17,18.639999389648438
2022-08-18,17.670000076293945
2022-08-19,18.239999771118164
2022-08-22,22.850000381469727
2022-08-23,23.350000381469727
2022-08-24,21.200000762939453
2022-08-25,20.34000015258789
2022-08-26,23.899999618530273
2022-08-29,24.760000228881836
2022-08-30,24.40999984741211
2022-08-31,23.690000534057617
2022-09-01,23.760000228881836
2022-09-02,22.969999313354492
2022-09-06,26.989999771118164
2022-09-07,24.049999237060547
2022-09-08,22.84000015258789
2022-09-09,21.709999084472656
2022-09-12,25.260000228881836
2022-09-13,29.139999389648438
2022-09-14,27.280000686645508
2022-09-15,27.110000610351562
2022-09-16,27.059999465942383
2022-09-19,27.780000686645508
2022-09-20,30.389999389648438
2022-09-21,30.34000015258789
2022-09-22,27.670000076293945
2022-09-23,30.25
2022-09-26,34.13999938964844
2022-09-27,33.4900016784668
2022-09-28,31.15999984741211
2022-09-29,32.66999816894531
2022-09-30,31.190000534057617
2022-10-03,30.649999618530273
2022-10-04,29.81999969482422
2022-10-05,28.809999465942383
2022-10-06,31.299999237060547
2022-10-07,30.549999237060547
2022-10-10,32.220001220703125
2022-10-11,34.65999984741211
2022-10-12,34.61000061035156
2022-10-13,31.510000228881836
2022-10-14,29.670000076293945
2022-10-17,30.600000381469727
2022-10-18,28.989999771118164
2022-10-19,28.670000076293945
2022-10-20,27.8700008392334
2022-10-21,28.459999084472656
2022-10-24,31.65999984741211
2022-10-25,30.670000076293945
2022-10-26,29.31999969482422
2022-10-27,29.770000457763672
2022-10-28,27.809999465942383
2022-10-31,29.799999237060547
2022-11-01,30.510000228881836
2022-11-02,29.3700008392334
2022-11-03,28.399999618530273
2022-11-04,27.040000915527344
2022-11-07,27.15999984741211
2022-11-08,28.700000762939453
2022-11-09,28.899999618530273
2022-11-10,24.459999084472656
2022-11-11,21.309999465942383
2022-11-14,21.190000534057617
2022-11-15,21.799999237060547
2022-11-16,19.670000076293945
2022-11-17,19.739999771118164
2022-11-18,18.34000015258789
2022-11-21,19.510000228881836
2022-11-22,19.030000686645508
2022-11-23,16.90999984741211
2022-11-25,17.059999465942383
2022-11-28,20.06999969482422
2022-11-29,20.389999389648438
2022-11-30,18.8700008392334
2022-12-01,18.3799991607666
2022-12-02,17.950000762939453
2022-12-05,23.809999465942383
2022-12-06,27.079999923706055
2022-12-07,28.06999969482422
2022-12-08,26.739999771118164
2022-12-09,26.479999542236328
2022-12-12,29.540000915527344
2022-12-13,23.700000762939453
2022-12-14,20.200000762939453
2022-12-15,21.729999542236328
2022-12-16,20.510000228881836
2022-12-19,20.829999923706055
2022-12-20,19.780000686645508
2022-12-21,17.579999923706055
2022-12-22,19.84000015258789
2022-12-23,17.489999771118164
2022-12-27,19.770000457763672
2022-12-28,20.8799991607666
2022-12-29,20.489999771118164
2022-12-30,21.139999389648438
2023-01-03,25.079999923706055
2023-01-04,23.920000076293945
2023-01-05,24.540000915527344
2023-01-06,21.56999969482422
2023-01-09,23.040000915527344
2023-01-10,21.5
2023-01-11,22.40999984741211
2023-01-12,16.459999084472656
2023-01-13,14.819999694824219
2023-01-17,16.610000610351562
2023-01-18,17.239999771118164
2023-01-19,18.280000686645508
2023-01-20,18.260000228881836
2023-01-23,21.25
2023-01-24,21.84000015258789
2023-01-25,22.010000228881836
2023-01-26,21.049999237060547
2023-01-27,20.030000686645508
2023-01-30,22.420000076293945
2023-01-31,21.739999771118164
2023-02-01,18.559999465942383
2023-02-02,19.1299991607666
2023-02-03,17.760000228881836
2023-02-06,20.670000076293945
2023-02-07,19.6200008392334
2023-02-08,21.0
2023-02-09,22.739999771118164
2023-02-10,21.5
2023-02-13,21.40999984741211
2023-02-14,17.719999313354492
2023-02-15,16.020000457763672
2023-02-16,19.329999923706055
2023-02-17,16.940000534057617
2023-02-21,21.139999389648438
2023-02-22,19.200000762939453
2023-02-23,18.110000610351562
2023-02-24,18.3799991607666
2023-02-27,19.3700008392334
2023-02-28,19.59000015258789
2023-03-01,19.59000015258789
2023-03-02,18.709999084472656
2023-03-03,17.760000228881836
2023-03-06,19.600000381469727
2023-03-07,20.959999084472656
2023-03-08,20.56999969482422
2023-03-09,25.459999084472656
2023-03-10,26.860000610351562
2023-03-13,30.93000030517578
2023-03-14,25.969999313354492
2023-03-15,29.309999465942383
2023-03-16,24.610000610351562
2023-03-17,27.010000228881836
2023-03-20,25.899999618530273
2023-03-21,22.84000015258789
2023-03-22,23.75
2023-03-23,23.110000610351562
2023-03-24,20.6200008392334
2023-03-27,19.309999465942383
2023-03-28,18.329999923706055
2023-03-29,17.170000076293945
2023-03-30,17.299999237060547
2023-03-31,16.510000228881836
2023-04-03,17.030000686645508
2023-04-04,17.420000076293945
2023-04-05,16.989999771118164
2023-04-06,15.680000305175781
2023-04-10,16.799999237060547
2023-04-11,16.860000610351562
2023-04-12,15.899999618530273
2023-04-13,14.649999618530273
2023-04-14,13.350000381469727
2023-04-17,14.510000228881836
2023-04-18,14.710000038146973
2023-04-19,14.300000190734863
2023-04-20,15.130000114440918
2023-04-21,14.880000114440918
2023-04-24,16.649999618530273
2023-04-25,19.079999923706055
2023-04-26,19.280000686645508
2023-04-27,17.219999313354492
2023-04-28,15.529999732971191
2023-05-01,16.06999969482422
2023-05-02,18.610000610351562
2023-05-03,18.489999771118164
2023-05-04,19.8799991607666
2023-05-05,15.34000015258789
2023-05-08,15.239999771118164
2023-05-09,16.399999618530273
2023-05-10,14.59000015258789
2023-05-11,14.489999771118164
2023-05-12,14.09000015258789
2023-05-15,14.640000343322754
2023-05-16,15.989999771118164
2023-05-17,14.670000076293945
2023-05-18,14.0600004196167
2023-05-19,14.25
2023-05-22,15.520000457763672
2023-05-23,17.3700008392334
2023-05-24,19.770000457763672
2023-05-25,18.459999084472656
2023-05-26,17.239999771118164
2023-05-30,16.510000228881836
2023-05-31,16.850000381469727
2023-06-01,13.979999542236328
2023-06-02,12.739999771118164
2023-06-05,14.140000343322754
2023-06-06,13.829999923706055
2023-06-07,13.859999656677246
2023-06-08,13.59000015258789
2023-06-09,13.289999961853027
2023-06-12,15.350000381469727
2023-06-13,14.399999618530273
2023-06-14,12.710000038146973
2023-06-15,13.579999923706055
2023-06-16,11.329999923706055
2023-06-20,12.920000076293945
2023-06-21,12.029999732971191
2023-06-22,11.149999618530273
2023-06-23,11.609999656677246
2023-06-26,12.680000305175781
2023-06-27,12.050000190734863
2023-06-28,11.739999771118164
2023-06-29,11.75
2023-06-30,11.529999732971191
2023-07-03,12.0
2023-07-05,12.569999694824219
2023-07-06,13.960000038146973
2023-07-07,12.600000381469727
2023-07-10,13.5
2023-07-11,13.699999809265137
2023-07-12,11.380000114440918
2023-07-13,12.130000114440918
2023-07-14,11.899999618530273
2023-07-17,13.09000015258789
2023-07-18,13.149999618530273
2023-07-19,13.359999656677246
2023-07-20,13.569999694824219
2023-07-21,12.5
2023-07-24,13.40999984741211
2023-07-25,13.489999771118164
2023-07-26,11.739999771118164
2023-07-27,13.470000267028809
2023-07-28,11.229999542236328
2023-07-31,12.619999885559082
2023-08-01,13.010000228881836
2023-08-02,15.399999618530273
2023-08-03,15.0600004196167
2023-08-04,16.09000015258789
2023-08-07,14.680000305175781
2023-08-08,14.8100004196167
2023-08-09,15.329999923706055
2023-08-10,15.380000114440918
2023-08-11,13.630000114440918
2023-08-14,14.569999694824219
2023-08-15,16.559999465942383
2023-08-16,16.360000610351562
2023-08-17,17.469999313354492
2023-08-18,16.540000915527344
2023-08-21,16.81999969482422
2023-08-22,16.389999389648438
2023-08-23,15.34000015258789
2023-08-24,16.100000381469727
2023-08-25,13.779999732971191
2023-08-28,13.529999732971191
2023-08-29,13.300000190734863
2023-08-30,12.420000076293945
2023-08-31,11.789999961853027
2023-09-01,10.449999809265137
2023-09-05,12.890000343322754
2023-09-06,13.100000381469727
2023-09-07,13.100000381469727
2023-09-08,12.380000114440918
2023-09-11,13.270000457763672
2023-09-12,14.050000190734863
2023-09-13,12.470000267028809
2023-09-14,11.800000190734863
2023-09-15,12.510000228881836
2023-09-18,13.619999885559082
2023-09-19,14.229999542236328
2023-09-20,15.270000457763672
2023-09-21,18.8799991607666
2023-09-22,17.510000228881836
2023-09-25,17.559999465942383
2023-09-26,19.850000381469727
2023-09-27,18.920000076293945
2023-09-28,17.6299991607666
2023-09-29,17.200000762939453
2023-10-02,17.610000610351562
2023-10-03,19.899999618530273
2023-10-04,18.299999237060547
2023-10-05,18.360000610351562
2023-10-06,16.290000915527344
2023-10-09,17.8799991607666
2023-10-10,17.110000610351562
2023-10-11,15.170000076293945
2023-10-12,15.869999885559082
2023-10-13,18.760000228881836
2023-10-16,17.190000534057617
2023-10-17,17.709999084472656
2023-10-18,18.899999618530273
2023-10-19,21.459999084472656
2023-10-20,20.760000228881836
2023-10-23,20.690000534057617
2023-10-24,19.309999465942383
2023-10-25,20.489999771118164
2023-10-26,20.799999237060547
2023-10-27,21.360000610351562
2023-10-30,20.649999618530273
2023-10-31,19.020000457763672
2023-11-01,16.8700008392334
2023-11-02,15.15999984741211
2023-11-03,13.710000038146973
2023-11-06,14.529999732971191
2023-11-07,14.430000305175781
2023-11-08,13.829999923706055
2023-11-09,14.699999809265137
2023-11-10,12.779999732971191
2023-11-13,13.800000190734863
2023-11-14,12.869999885559082
2023-11-15,11.890000343322754
2023-11-16,11.8100004196167
2023-11-17,10.670000076293945
2023-11-20,11.140000343322754
2023-11-21,11.470000267028809
2023-11-22,9.960000038146973
2023-11-24,9.829999923706055
2023-11-27,11.270000457763672
2023-11-28,11.520000457763672
2023-11-29,12.050000190734863
2023-11-30,12.300000190734863
2023-12-01,11.979999542236328
2023-12-04,13.460000038146973
2023-12-05,13.529999732971191
2023-12-06,13.670000076293945
2023-12-07,13.729999542236328
2023-12-08,12.210000038146973
2023-12-11,12.680000305175781
2023-12-12,11.640000343322754
2023-12-13,12.430000305175781
2023-12-14,12.289999961853027
2023-12-15,10.869999885559082
2023-12-18,11.4399995803833
2023-12-19,11.25
2023-12-20,13.670000076293945
2023-12-21,13.109999656677246
2023-12-22,11.5600004196167
2023-12-26,12.449999809265137
2023-12-27,11.229999542236328
2023-12-28,11.229999542236328
2023-12-29,10.670000076293945
2024-01-02,12.59000015258789
2024-01-03,13.239999771118164
2024-01-04,13.0600004196167
2024-01-05,11.710000038146973
2024-01-08,11.699999809265137
2024-01-09,11.350000381469727
2024-01-10,11.09000015258789
2024-01-11,10.75
2024-01-12,10.520000457763672
2024-01-16,12.640000343322754
2024-01-17,13.319999694824219
2024-01-18,12.65999984741211
2024-01-19,11.819999694824219
2024-01-22,13.180000305175781
2024-01-23,12.489999771118164
2024-01-24,13.579999923706055
2024-01-25,13.739999771118164
2024-01-26,13.069999694824219
2024-01-29,13.949999809265137
2024-01-30,13.720000267028809
2024-01-31,14.550000190734863
2024-02-01,13.279999732971191
2024-02-02,13.039999961853027
2024-02-05,13.350000381469727
2024-02-06,12.460000038146973
2024-02-07,11.960000038146973
2024-02-08,11.600000381469727
2024-02-09,11.609999656677246
2024-02-12,13.029999732971191
2024-02-13,15.0
2024-02-14,12.920000076293945
2024-02-15,12.470000267028809
2024-02-16,12.569999694824219
2024-02-20,14.850000381469727
2024-02-21,14.649999618530273
2024-02-22,13.170000076293945
2024-02-23,11.920000076293945
2024-02-26,13.130000114440918
2024-02-27,12.84000015258789
2024-02-28,13.520000457763672
2024-02-29,12.479999542236328
2024-03-01,11.819999694824219
2024-03-04,13.229999542236328
2024-03-05,14.880000114440918
2024-03-06,14.880000114440918
2024-03-07,14.550000190734863
2024-03-08,14.630000114440918
2024-03-11,16.459999084472656
2024-03-12,14.069999694824219
2024-03-13,14.100000381469727
2024-03-14,14.869999885559082
2024-03-15,14.15999984741211
2024-03-18,14.5
2024-03-19,13.640000343322754
2024-03-20,11.579999923706055
2024-03-21,11.170000076293945
2024-03-22,10.859999656677246
2024-03-25,11.470000267028809
2024-03-26,11.59000015258789
2024-03-27,10.529999732971191
2024-03-28,10.5600004196167
2024-04-01,12.619999885559082
2024-04-02,14.029999732971191
2024-04-03,13.270000457763672
2024-04-04,17.139999389648438
2024-04-05,15.460000038146973
2024-04-08,14.5600004196167
2024-04-09,14.699999809265137
2024-04-10,15.8100004196167
2024-04-11,14.180000305175781
2024-04-12,17.329999923706055
2024-04-15,20.760000228881836
2024-04-16,19.239999771118164
2024-04-17,18.100000381469727
2024-04-18,17.8799991607666
2024-04-19,18.1299991607666
2024-04-22,17.450000762939453
2024-04-23,16.25
2024-04-24,16.290000915527344
2024-04-25,15.8100004196167
2024-04-26,14.670000076293945
2024-04-29,15.109999656677246
2024-04-30,16.65999984741211
2024-05-01,15.90999984741211
2024-05-02,14.859999656677246
2024-05-03,12.0
2024-05-06,13.130000114440918
2024-05-07,12.760000228881836
2024-05-08,12.479999542236328
2024-05-09,11.920000076293945
2024-05-10,11.819999694824219
2024-05-13,13.710000038146973
2024-05-14,13.3100004196167
2024-05-15,11.420000076293945
2024-05-16,10.960000038146973
2024-05-17,9.670000076293945
2024-05-20,10.529999732971191
2024-05-21,10.079999923706055
2024-05-22,11.140000343322754
2024-05-23,10.789999961853027
2024-05-24,9.1899995803833
2024-05-28,11.510000228881836
2024-05-29,13.40999984741211
2024-05-30,13.670000076293945
2024-05-31,11.680000305175781
2024-06-03,13.90999984741211
2024-06-04,14.279999732971191
2024-06-05,13.989999771118164
2024-06-06,13.470000267028809
2024-06-07,12.329999923706055
2024-06-10,12.850000381469727
2024-06-11,12.869999885559082
2024-06-12,10.399999618530273
2024-06-13,10.279999732971191
2024-06-14,11.0
2024-06-17,11.9399995803833
2024-06-18,11.119999885559082
2024-06-20,12.359999656677246
2024-06-21,10.960000038146973
2024-06-24,11.829999923706055
2024-06-25,11.100000381469727
2024-06-26,10.510000228881836
2024-06-27,10.489999771118164
2024-06-28,10.539999961853027
2024-07-01,10.930000305175781
2024-07-02,10.600000381469727
2024-07-03,10.720000267028809
2024-07-05,10.8100004196167
2024-07-08,11.050000190734863
2024-07-09,11.109999656677246
2024-07-10,12.0
2024-07-11,11.420000076293945
2024-07-12,10.550000190734863
2024-07-15,12.180000305175781
2024-07-16,11.800000190734863
2024-07-17,13.15999984741211
2024-07-18,14.899999618530273
2024-07-19,15.039999961853027
2024-07-22,14.789999961853027
2024-07-23,14.609999656677246
2024-07-24,19.790000915527344
2024-07-25,19.81999969482422
2024-07-26,16.809999465942383
2024-07-29,17.389999389648438
2024-07-30,18.899999618530273
2024-07-31,16.510000228881836
2024-08-01,19.540000915527344
2024-08-02,23.309999465942383
2024-08-05,42.790000915527344
2024-08-06,28.93000030517578
2024-08-07,29.260000228881836
2024-08-08,23.899999618530273
2024-08-09,20.059999465942383
2024-08-12,21.920000076293945
2024-08-13,18.56999969482422
2024-08-14,15.789999961853027
2024-08-15,14.369999885559082
2024-08-16,12.970000267028809
2024-08-19,14.119999885559082
2024-08-20,15.850000381469727
2024-08-21,15.649999618530273
2024-08-22,16.549999237060547
2024-08-23,13.6899995803833
2024-08-26,14.869999885559082
2024-08-27,14.170000076293945
2024-08-28,16.639999389648438
2024-08-29,13.729999542236328
2024-08-30,12.899999618530273
2024-09-03,20.06999969482422
2024-09-04,20.43000030517578
2024-09-05,19.540000915527344
2024-09-06,22.260000228881836
2024-09-09,19.670000076293945
2024-09-10,19.690000534057617
2024-09-11,17.8799991607666
2024-09-12,16.75
2024-09-13,15.800000190734863
2024-09-16,17.190000534057617
2024-09-17,18.09000015258789
2024-09-18,17.950000762939453
2024-09-19,14.65999984741211
2024-09-20,13.199999809265137
2024-09-23,14.350000381469727
2024-09-24,14.119999885559082
2024-09-25,14.239999771118164
2024-09-26,14.5600004196167
2024-09-27,15.739999771118164
2024-09-30,16.649999618530273
2024-10-01,19.549999237060547
2024-10-02,18.760000228881836
2024-10-03,20.40999984741211
2024-10-04,16.479999542236328
2024-10-07,20.0
2024-10-08,18.0
2024-10-09,16.40999984741211
2024-10-10,15.489999771118164
2024-10-11,14.329999923706055
2024-10-14,14.640000343322754
2024-10-15,14.880000114440918
2024-10-16,14.25
2024-10-17,13.850000381469727
2024-10-18,12.380000114440918
2024-10-21,14.390000343322754
2024-10-22,14.550000190734863
2024-10-23,16.489999771118164
2024-10-24,16.670000076293945
2024-10-25,18.489999771118164
2024-10-28,21.170000076293945
2024-10-29,21.770000457763672
2024-10-30,23.59000015258789
2024-10-31,26.049999237060547
2024-11-01,23.469999313354492
2024-11-04,25.770000457763672
2024-11-05,24.700000762939453
2024-11-06,15.850000381469727
2024-11-07,13.84000015258789
2024-11-08,13.09000015258789
2024-11-11,14.0
2024-11-12,13.920000076293945
2024-11-13,12.8100004196167
2024-11-14,13.130000114440918
2024-11-15,14.8100004196167
2024-11-18,13.979999542236328
2024-11-19,14.239999771118164
2024-11-20,15.079999923706055
2024-11-21,14.149999618530273
2024-11-22,11.460000038146973
2024-11-25,12.3100004196167
2024-11-26,11.729999542236328
2024-11-27,10.75
2024-11-29,10.890000343322754
2024-12-02,11.859999656677246
2024-12-03,11.869999885559082
2024-12-04,11.600000381469727
2024-12-05,11.680000305175781
2024-12-06,10.380000114440918
2024-12-09,12.970000267028809
2024-12-10,13.289999961853027
2024-12-11,12.039999961853027
2024-12-12,11.930000305175781
2024-12-13,10.899999618530273
2024-12-16,12.0600004196167
2024-12-17,13.390000343322754
2024-12-18,35.41999816894531
2024-12-19,23.719999313354492
2024-12-20,15.949999809265137
2024-12-23,14.760000228881836
2024-12-24,10.890000343322754
2024-12-26,11.630000114440918
2024-12-27,13.3100004196167
2024-12-30,15.8100004196167
2024-12-31,15.149999618530273
2025-01-02,16.260000228881836
2025-01-03,13.4399995803833
2025-01-06,14.199999809265137
2025-01-07,16.100000381469727
2025-01-08,16.149999618530273
2025-01-10,17.829999923706055
2025-01-13,18.700000762939453
2025-01-14,18.149999618530273
2025-01-15,13.9399995803833
2025-01-16,14.880000114440918
2025-01-17,14.130000114440918
2025-01-21,14.3100004196167
2025-01-22,13.569999694824219
2025-01-23,13.420000076293945
2025-01-24,12.880000114440918
2025-01-27,18.450000762939453
2025-01-28,16.639999389648438
2025-01-29,16.40999984741211
2025-01-30,14.979999542236328
2025-01-31,15.850000381469727
2025-02-03,19.3799991607666
2025-02-04,17.0
2025-02-05,14.880000114440918
2025-02-06,14.149999618530273
2025-02-07,14.670000076293945
2025-02-10,13.760000228881836
2025-02-11,13.829999923706055
2025-02-12,13.510000228881836
2025-02-13,12.3100004196167
2025-02-14,11.5600004196167
2025-02-18,13.199999809265137
2025-02-19,13.0600004196167
2025-02-20,13.460000038146973
2025-02-21,17.0
2025-02-24,18.299999237060547
2025-02-25,19.290000915527344
2025-02-26,18.8799991607666
2025-02-27,20.950000762939453
2025-02-28,18.8799991607666
2025-03-03,23.959999084472656
2025-03-04,24.790000915527344
2025-03-05,22.899999618530273
2025-03-06,26.790000915527344
2025-03-07,23.790000915527344
2025-03-10,31.190000534057617
2025-03-11,28.93000030517578
2025-03-12,25.260000228881836
2025-03-13,25.360000610351562
2025-03-14,21.770000457763672
2025-03-17,21.299999237060547
2025-03-18,22.59000015258789
2025-03-19,19.790000915527344
2025-03-20,19.459999084472656
2025-03-21,18.579999923706055
2025-03-24,18.559999465942383
2025-03-25,18.010000228881836
2025-03-26,19.959999084472656
2025-03-27,20.030000686645508
2025-03-28,22.690000534057617
2025-03-31,25.139999389648438
2025-04-01,24.459999084472656
2025-04-02,24.290000915527344
2025-04-03,34.099998474121094
2025-04-04,57.16999816894531
2025-04-07,62.58000183105469
2025-04-08,67.62999725341797
2025-04-09,40.060001373291016
2025-04-10,50.43000030517578
2025-04-11,43.31999969482422
2025-04-14,34.20000076293945
2025-04-15,29.940000534057617
2025-04-16,33.220001220703125
2025-04-17,27.649999618530273
2025-04-21,36.560001373291016
2025-04-22,33.13999938964844
2025-04-23,30.739999771118164
2025-04-24,28.280000686645508
2025-04-25,24.639999389648438
2025-04-28,26.469999313354492
2025-04-29,24.950000762939453
2025-04-30,25.06999969482422
2025-05-01,24.81999969482422
2025-05-02,21.219999313354492
2025-05-05,22.729999542236328
2025-05-06,24.139999389648438
2025-05-07,22.690000534057617
2025-05-08,21.6299991607666
2025-05-09,20.8700008392334
2025-05-12,17.969999313354492
2025-05-13,17.40999984741211
2025-05-14,17.530000686645508
2025-05-15,15.880000114440918
2025-05-16,14.350000381469727
2025-05-19,16.809999465942383
2025-05-20,16.56999969482422
2025-05-21,19.559999465942383
2025-05-22,18.420000076293945
2025-05-23,20.6299991607666
2025-05-27,17.899999618530273
2025-05-28,18.190000534057617
2025-05-29,17.84000015258789
2025-05-30,16.739999771118164
2025-06-02,17.639999389648438
2025-06-03,16.6200008392334
2025-06-04,16.040000915527344
2025-06-05,17.34000015258789
2025-06-06,14.199999809265137
2025-06-09,15.380000114440918
2025-06-10,15.15999984741211
2025-06-11,15.420000076293945
2025-06-12,16.1200008392334
2025-06-13,19.260000228881836
2025-06-16,17.8700008392334
2025-06-17,21.860000610351562
2025-06-18,19.1299991607666
2025-06-20,18.31999969482422
2025-06-23,17.920000076293945
2025-06-24,15.399999618530273
2025-06-25,13.8100004196167
2025-06-26,13.489999771118164
2025-06-27,12.8100004196167
2025-06-30,13.770000457763672
2025-07-01,13.789999961853027
2025-07-02,13.069999694824219
2025-07-03,12.850000381469727
2025-07-07,15.710000038146973
2025-07-08,13.899999618530273
2025-07-09,12.529999732971191
2025-07-10,12.460000038146973
2025-07-11,13.029999732971191
2025-07-14,14.270000457763672
2025-07-15,14.6899995803833
2025-07-16,13.770000457763672
2025-07-17,13.140000343322754
2025-07-18,12.699999809265137
2025-07-21,14.949999809265137
2025-07-22,15.029999732971191
2025-07-23,14.050000190734863
2025-07-24,14.079999923706055
2025-07-25,12.829999923706055
2025-07-28,13.369999885559082
2025-07-29,14.619999885559082
2025-07-30,13.460000038146973
2025-07-31,15.149999618530273
2025-08-01,19.530000686645508
2025-08-04,16.43000030517578
2025-08-05,16.809999465942383
2025-08-06,15.0
2025-08-07,14.760000228881836
2025-08-08,12.859999656677246
2025-08-11,15.75
2025-08-12,13.109999656677246
2025-08-13,12.380000114440918
2025-08-14,12.979999542236328
2025-08-15,13.270000457763672
2025-08-18,13.789999961853027
2025-08-19,14.699999809265137
2025-08-20,15.09000015258789
2025-08-21,16.3700008392334
2025-08-22,11.850000381469727
2025-08-25,13.010000228881836
2025-08-26,12.90999984741211
2025-08-27,13.270000457763672
2025-08-28,11.680000305175781
2025-08-29,12.720000267028809
2025-09-02,16.170000076293945
2025-09-03,14.449999809265137
2025-09-04,13.319999694824219
2025-09-05,12.65999984741211
2025-09-08,13.5
2025-09-09,13.609999656677246
2025-09-10,14.289999961853027
2025-09-11,12.989999771118164
2025-09-12,12.850000381469727
2025-09-15,14.710000038146973
2025-09-16,15.789999961853027
2025-09-17,14.529999732971191
2025-09-18,13.529999732971191
2025-09-19,12.40999984741211
2025-09-22,14.25
2025-09-23,14.670000076293945
2025-09-24,13.390000343322754
2025-09-25,14.170000076293945
2025-09-26,12.270000457763672
2025-09-29,13.510000228881836
2025-09-30,13.949999809265137
2025-10-01,13.529999732971191
2025-10-02,13.789999961853027
2025-10-03,13.470000267028809
2025-10-06,13.569999694824219
2025-10-07,14.989999771118164
2025-10-08,13.170000076293945
2025-10-09,13.920000076293945
2025-10-10,21.700000762939453
2025-10-13,18.020000457763672
2025-10-14,20.3799991607666
2025-10-15,19.280000686645508
2025-10-16,25.8700008392334
2025-10-17,19.799999237060547
2025-10-20,17.350000381469727
2025-10-21,16.8799991607666
2025-10-22,18.350000381469727
2025-10-23,16.6200008392334
2025-10-24,14.850000381469727
2025-10-27,14.640000343322754
2025-10-28,15.630000114440918
2025-10-29,15.609999656677246
2025-10-30,14.899999618530273
2025-10-31,14.710000038146973
2025-11-03,14.970000267028809
2025-11-04,17.75
2025-11-05,15.869999885559082
2025-11-06,18.1200008392334
2025-11-07,17.309999465942383
2025-11-10,16.040000915527344
2025-11-11,15.180000305175781
2025-11-12,15.369999885559082
2025-11-13,19.170000076293945
2025-11-14,18.610000610351562
2025-11-17,22.329999923706055
2025-11-18,25.18000030517578
2025-11-19,23.100000381469727
2025-11-20,26.350000381469727
2025-11-21,21.510000228881836
2025-11-24,18.549999237060547
2025-11-25,15.390000343322754
2025-11-26,13.329999923706055
2025-11-28,13.609999656677246
2025-12-01,16.549999237060547
2025-12-02,15.420000076293945
2025-12-03,14.460000038146973
2025-12-04,14.300000190734863
2025-12-05,13.899999618530273
2025-12-08,16.290000915527344
2025-12-09,16.299999237060547
2025-12-10,14.680000305175781
2025-12-11,12.460000038146973
2025-12-12,13.479999542236328
2025-12-15,14.199999809265137
2025-12-16,13.880000114440918
2025-12-17,15.75
2025-12-18,13.920000076293945
2025-12-19,10.489999771118164
2025-12-22,10.5
2025-12-23,10.0600004196167
2025-12-24,9.170000076293945
2025-12-26,9.649999618530273
2025-12-29,11.369999885559082
2025-12-30,11.460000038146973
2025-12-31,12.0
2026-01-02,11.720000267028809
2026-01-05,12.4399995803833
2026-01-06,12.130000114440918
2026-01-07,12.539999961853027
2026-01-08,12.829999923706055
2026-01-09,10.859999656677246
2026-01-12,11.9399995803833
2026-01-13,12.510000228881836
2026-01-14,13.180000305175781
2026-01-15,12.319999694824219
2026-01-16,12.09000015258789
2026-01-20,19.93000030517578
2026-01-21,15.880000114440918
2026-01-22,14.380000114440918
2026-01-23,15.0
2026-01-26,15.050000190734863
2026-01-27,14.850000381469727
2026-01-28,14.539999961853027
2026-01-29,15.220000267028809
2026-01-30,15.6899995803833
2026-02-02,14.449999809265137
2026-02-03,17.06999969482422
2026-02-04,18.670000076293945
2026-02-05,22.290000915527344
2026-02-06,15.430000305175781
2026-02-09,14.75
2026-02-10,14.9399995803833
2026-02-11,14.180000305175781
2026-02-12,19.799999237060547
2026-02-13,18.770000457763672
2026-02-17,20.309999465942383
2026-02-18,19.079999923706055
2026-02-19,19.8700008392334
2026-02-20,18.020000457763672
2026-02-23,21.110000610351562
2026-02-24,18.600000381469727
2026-02-25,16.280000686645508
2026-02-26,16.649999618530273
2026-02-27,18.59000015258789
2026-03-02,21.18000030517578
2026-03-03,24.549999237060547
2026-03-04,20.600000381469727
2026-03-05,23.549999237060547
2026-03-06,30.440000534057617
2026-03-09,27.850000381469727
2026-03-10,25.540000915527344
2026-03-11,24.440000534057617
2026-03-12,28.979999542236328
2026-03-13,28.0
2026-03-16,24.329999923706055
2026-03-17,22.360000610351562
2026-03-18,26.030000686645508
2026-03-19,24.09000015258789
2026-03-20,26.950000762939453
2026-03-23,27.760000228881836
2026-03-24,28.209999084472656
2026-03-25,25.260000228881836
2026-03-26,27.049999237060547
2026-03-27,30.639999389648438
2026-03-30,30.56999969482422
2026-03-31,24.18000030517578
2026-04-01,23.610000610351562
2026-04-02,21.709999084472656
2026-04-06,23.899999618530273
2026-04-07,27.270000457763672
2026-04-08,19.15999984741211
2026-04-09,16.809999465942383
2026-04-10,16.360000610351562
2026-04-13,17.329999923706055
2026-04-14,16.700000762939453
2026-04-15,16.010000228881836
2026-04-16,15.460000038146973
2026-04-17,14.8100004196167
2026-04-20,17.790000915527344
2026-04-21,18.68000030517578
2026-04-22,17.290000915527344
2026-04-23,18.040000915527344
2026-04-24,16.709999084472656
2026-04-27,16.690000534057617
2026-04-28,16.690000534057617
2026-04-29,17.610000610351562
2026-04-30,14.369999885559082
2026-05-01,14.149999618530273
2026-05-04,16.600000381469727
2026-05-05,14.640000343322754
2026-05-06,14.760000228881836
2026-05-07,14.5600004196167
2026-05-08,14.210000038146973
2026-05-11,16.889999389648438
2026-05-12,16.34000015258789
2026-05-13,15.869999885559082
2026-05-14,15.140000343322754
2026-05-15,16.3700008392334
2026-05-18,16.860000610351562
2026-05-19,16.639999389648438
2026-05-20,15.140000343322754
2026-05-21,14.079999923706055
2026-05-22,14.069999694824219
2026-05-26,14.84000015258789
2026-05-27,13.270000457763672
2026-05-28,12.979999542236328
2026-05-29,12.59000015258789
2026-06-01,13.760000228881836
2026-06-02,13.1899995803833
2026-06-03,13.40999984741211
2026-06-04,12.649999618530273
2026-06-05,23.920000076293945
