,VIX,VVIX,VIX_VVIX_Ratio
2011-06-14,18.559999465942383,91.73999786376952,0.20231087745939663
2011-06-15,19.309999465942383,105.06999969482422,0.18378223586207548
2011-06-16,21.3700008392334,100.38999938964844,0.21286981740371375
2011-06-17,21.559999465942383,95.30999755859376,0.22620921223597695
2011-06-20,22.989999771118164,90.25,0.2547368395691763
2011-06-21,19.459999084472656,90.5500030517578,0.21490887276226203
2011-06-22,18.86000061035156,91.70999908447266,0.20564824772247467
2011-06-23,20.229999542236328,93.08999633789062,0.21731657898886464
2011-06-24,19.200000762939453,99.13999938964844,0.19366553238998904
2011-06-27,21.600000381469727,94.29000091552734,0.2290804981624803
2011-06-28,20.299999237060547,90.33000183105467,0.2247315269076147
2011-06-29,18.6200008392334,85.9000015258789,0.21676368461557932
2011-06-30,16.670000076293945,81.08000183105469,0.2055994042899629
2011-07-01,16.059999465942383,78.63999938964844,0.20422176488542035
2011-07-05,16.31999969482422,81.33999633789062,0.20063929714270062
2011-07-06,16.459999084472656,82.69000244140625,0.1990567009129808
2011-07-07,15.300000190734863,80.69999694824219,0.18959108760001173
2011-07-08,17.139999389648438,80.81999969482422,0.21207621200654492
2011-07-11,17.440000534057617,90.87000274658205,0.19192252676270113
2011-07-12,19.549999237060547,88.38999938964844,0.2211788592833738
2011-07-13,19.07999992370605,88.91999816894531,0.21457490234597876
2011-07-14,20.07999992370605,95.72000122070312,0.20977851721300417
2011-07-15,20.25,89.33000183105469,0.22668755832220625
2011-07-18,21.25,97.80999755859376,0.21725795450787164
2011-07-19,20.13999938964844,91.01000213623048,0.22129435135603454
2011-07-20,18.809999465942383,86.05999755859375,0.2185684406176707
2011-07-21,18.61000061035156,81.68000030517578,0.22784035921670176
2011-07-22,17.219999313354492,82.44999694824219,0.2088538502210535
2011-07-25,19.26000022888184,90.1999969482422,0.21352550865310393
2011-07-26,19.75,93.3499984741211,0.21156936607208604
2011-07-27,20.8700008392334,102.01000213623048,0.20458778945384498
2011-07-28,22.82999992370605,105.62000274658205,0.21615223754995452
2011-07-29,25.280000686645508,106.56999969482422,0.23721498319449916
2011-08-01,22.6299991607666,95.88999938964844,0.23599957560547827
2011-08-02,24.21999931335449,102.01000213623048,0.2374276914631332
2011-08-03,23.57999992370605,98.58000183105467,0.2391965863838915
2011-08-04,24.56999969482422,121.76000213623048,0.20179040131203524
2011-08-05,28.479999542236328,118.61000061035156,0.24011465640065738
2011-08-08,36.900001525878906,134.6300048828125,0.2740845293588022
2011-08-09,42.119998931884766,112.8000030517578,0.3734042357477436
2011-08-10,39.33000183105469,132.86000061035156,0.29602590433821174
2011-08-11,41.93999862670898,128.75999450683594,0.3257222772286027
2011-08-12,37.08000183105469,120.19000244140624,0.3085115323891564
2011-08-15,34.72999954223633,109.0,0.31862384901134244
2011-08-16,33.36000061035156,104.66000366210938,0.3187464116478821
2011-08-17,32.09000015258789,104.62000274658205,0.30672910829794714
2011-08-18,36.77000045776367,106.66000366210938,0.34474028872386114
2011-08-19,45.34000015258789,111.58000183105467,0.4063452178575693
2011-08-22,38.79999923706055,111.25,0.3487640380859375
2011-08-23,41.88999938964844,103.43000030517578,0.4050082110224281
2011-08-24,37.119998931884766,104.54000091552734,0.35507938211976164
2011-08-25,34.43000030517578,112.4000015258789,0.3063167245353519
2011-08-26,41.18000030517578,104.72000122070312,0.3932391121576353
2011-08-29,33.810001373291016,96.51000213623048,0.35032639752267214
2011-08-30,32.970001220703125,96.16000366210938,0.3428660562093399
2011-08-31,31.200000762939453,94.16000366210938,0.33135088731410645
2011-09-01,31.90999984741211,92.30999755859376,0.3456830320806502
2011-09-02,34.290000915527344,91.0,0.37681319687392684
2011-09-06,39.84000015258789,97.01000213623048,0.4106793039406478
2011-09-07,34.2400016784668,93.3000030517578,0.3669882160611752
2011-09-08,34.40999984741211,93.4499969482422,0.36821830894730023
2011-09-09,35.529998779296875,99.06999969482422,0.35863529715094056
2011-09-12,42.560001373291016,97.06999969482422,0.4384464974461138
2011-09-13,38.68000030517578,96.13999938964844,0.4023299412392187
2011-09-14,36.59000015258789,100.22000122070312,0.3650967841440142
2011-09-15,33.43000030517578,96.69000244140624,0.3457441251533139
2011-09-16,31.809999465942383,93.66999816894533,0.3395964565790761
2011-09-19,34.79999923706055,95.9499969482422,0.36268890405314475
2011-09-20,32.41999816894531,92.9000015258789,0.3489773696065458
2011-09-21,33.0,98.58000183105467,0.3347534934778662
2011-09-22,41.0,103.91000366210938,0.39457221205883364
2011-09-23,42.16999816894531,104.7699966430664,0.4025007112733938
2011-09-26,40.9900016784668,102.88999938964844,0.3983866451707912
2011-09-27,36.59000015258789,100.30999755859376,0.3647692258313005
2011-09-28,37.70000076293945,104.3000030517578,0.3614573313505199
2011-09-29,38.619998931884766,101.0500030517578,0.3821870140083381
2011-09-30,40.93000030517578,101.08000183105467,0.4049267863448031
2011-10-03,44.25,103.88999938964844,0.4259312759646532
2011-10-04,46.18000030517578,99.30999755859376,0.4650085735620845
2011-10-05,40.72999954223633,94.66000366210938,0.4302767585729535
2011-10-06,38.2400016784668,93.5199966430664,0.40889652535399146
2011-10-07,35.66999816894531,92.56999969482422,0.38533000201510964
2011-10-10,35.45000076293945,89.38999938964844,0.3965768095423507
2011-10-11,33.95000076293945,90.9800033569336,0.373158930647062
2011-10-12,31.56999969482422,91.33999633789062,0.34563171623128275
2011-10-13,31.989999771118164,95.0999984741211,0.3363827579852526
2011-10-14,29.06999969482422,94.69000244140624,0.3070017841937707
2011-10-17,30.350000381469727,103.5500030517578,0.293095118174934
2011-10-18,33.369998931884766,100.20999908447266,0.3330006909166351
2011-10-19,32.91999816894531,103.29000091552734,0.3187142789926777
2011-10-20,34.439998626708984,102.97000122070312,0.33446633212027665
2011-10-21,32.7599983215332,98.0500030517578,0.3341152198051451
2011-10-24,31.670000076293945,97.12999725341795,0.3260578706047425
2011-10-25,30.68000030517578,97.75,0.3138618957051231
2011-10-26,30.440000534057617,97.73999786376952,0.3114385226044821
2011-10-27,24.71999931335449,94.44000244140624,0.2617534802446835
2011-10-28,26.020000457763672,94.19000244140624,0.2762501304100741
2011-10-31,27.09000015258789,104.83999633789062,0.25839375332749026
2011-11-01,36.02999877929688,113.1500015258789,0.3184268519082286
2011-11-02,33.529998779296875,107.4000015258789,0.31219737712217394
2011-11-03,31.3799991607666,104.27999877929688,0.30092059386364894
2011-11-04,31.459999084472656,103.33999633789062,0.30443197405976236
2011-11-07,31.399999618530277,103.3499984741211,0.30382196499396036
2011-11-08,29.34000015258789,98.0500030517578,0.29923507638342595
2011-11-09,31.31999969482422,122.7300033569336,0.25519431954822647
2011-11-10,33.09000015258789,113.54000091552734,0.2914391393849515
2011-11-11,29.90999984741211,112.0999984741211,0.2668153457140055
2011-11-14,31.420000076293945,112.3499984741211,0.27966177572785
2011-11-15,31.739999771118164,107.5500030517578,0.29511853900965
2011-11-16,32.65999984741211,111.18000030517578,0.293757867941755
2011-11-17,33.150001525878906,111.86000061035156,0.2963525956105814
2011-11-18,33.15999984741211,101.91999816894533,0.32535322255839527
2011-11-21,34.59000015258789,99.5999984741211,0.347289163479007
2011-11-22,33.119998931884766,98.52999877929688,0.33614127009249434
2011-11-23,32.90999984741211,101.45999908447266,0.3243642829132316
2011-11-25,34.61000061035156,98.9800033569336,0.349666593620368
2011-11-28,31.93000030517578,96.2300033569336,0.33180919870429526
2011-11-29,31.76000022888184,95.47000122070312,0.33266994681879747
2011-11-30,27.71999931335449,92.22000122070312,0.30058554485392297
2011-12-01,27.6299991607666,90.87999725341795,0.30402728868620704
2011-12-02,26.26000022888184,92.45999908447266,0.28401471435112563
2011-12-05,26.739999771118164,92.97000122070312,0.28761965601828493
2011-12-06,27.90999984741211,92.20999908447266,0.3026786696076641
2011-12-07,28.61000061035156,92.83999633789062,0.3081646029608363
2011-12-08,29.6299991607666,94.97000122070312,0.3119932481827469
2011-12-09,29.61000061035156,90.91999816894533,0.3256709327614699
2011-12-12,26.780000686645508,93.20999908447266,0.28730823891947277
2011-12-13,24.71999931335449,94.5500030517578,0.2614489530986315
2011-12-14,26.15999984741211,99.62999725341795,0.2625715203110141
2011-12-15,24.3799991607666,97.70999908447266,0.24951386131617403
2011-12-16,24.15999984741211,94.27999877929688,0.2562579567270577
2011-12-19,25.13999938964844,90.2699966430664,0.2784978434091859
2011-12-20,23.559999465942383,88.63999938964844,0.26579421963188515
2011-12-21,22.520000457763672,85.54000091552734,0.2632686487810852
2011-12-22,21.07999992370605,86.18000030517578,0.24460431479529748
2011-12-23,21.100000381469727,86.54000091552734,0.2438178895106053
2011-12-27,22.57999992370605,88.12999725341797,0.2562124205992793
2011-12-28,22.1200008392334,94.08000183105467,0.23511905196340943
2011-12-29,23.520000457763672,91.8000030517578,0.2562091467960284
2011-12-30,22.86000061035156,91.6999969482422,0.24929118180074009
2012-01-03,22.950000762939453,91.38999938964844,0.2511215769363377
2012-01-04,23.440000534057617,88.88999938964844,0.2636967116099147
2012-01-05,22.75,87.69000244140625,0.25943664461865384
2012-01-06,21.239999771118164,86.94999694824219,0.2442783268153704
2012-01-09,21.670000076293945,87.80000305175781,0.24681092623105663
2012-01-10,20.13999938964844,88.81999969482422,0.22675072572446825
2012-01-11,21.18000030517578,93.16999816894533,0.22732640035872972
2012-01-12,21.01000022888184,90.51000213623048,0.2321290435642548
2012-01-13,21.40999984741211,93.5500030517578,0.2288615622552865
2012-01-17,20.899999618530277,93.66000366210938,0.2231475421881227
2012-01-18,23.200000762939453,90.08999633789062,0.25752027645695275
2012-01-19,20.489999771118164,88.7300033569336,0.23092526761994112
2012-01-20,19.90999984741211,89.23999786376953,0.22310623402082524
2012-01-23,19.21999931335449,89.58999633789062,0.21453287307732263
2012-01-24,19.76000022888184,89.01000213623047,0.22199752561109945
2012-01-25,19.350000381469727,86.01000213623047,0.22497383909863686
2012-01-26,17.959999084472656,88.91999816894531,0.20197930110557583
2012-01-27,19.15999984741211,87.44000244140625,0.21912167557693368
2012-01-30,20.32999992370605,89.86000061035156,0.22624081666614307
2012-01-31,19.06999969482422,88.51000213623047,0.2154558720433942
2012-02-01,18.68000030517578,85.77999877929688,0.21776638576595814
2012-02-02,18.3799991607666,84.0999984741211,0.2185493400029302
2012-02-03,16.84000015258789,84.04000091552734,0.20038077069411966
2012-02-06,17.979999542236328,85.37999725341797,0.21058796112243428
2012-02-07,17.93000030517578,83.79000091552734,0.21398735062972324
2012-02-08,17.790000915527344,97.01000213623048,0.1833831617748546
2012-02-09,18.1200008392334,100.76000213623048,0.1798332716858682
2012-02-10,20.100000381469727,104.1500015258789,0.19299087937579468
2012-02-13,19.63999938964844,102.4499969482422,0.19170326964060896
2012-02-14,19.450000762939453,107.81999969482422,0.18039325559257194
2012-02-15,19.739999771118164,114.6500015258789,0.17217618411162805
2012-02-16,21.59000015258789,110.41000366210938,0.19554387679091412
2012-02-17,18.729999542236328,108.55999755859376,0.17253131874958885
2012-02-21,18.40999984741211,107.70999908447266,0.17092192000645995
2012-02-22,18.850000381469727,100.80999755859376,0.18698542642572277
2012-02-23,18.729999542236328,94.44000244140624,0.1983269701190134
2012-02-24,16.68000030517578,99.43000030517578,0.16775621295364224
2012-02-27,19.100000381469727,101.68000030517578,0.18784422033973466
2012-02-28,18.670000076293945,99.12999725341795,0.1883385513324042
2012-02-29,17.799999237060547,101.5999984741211,0.17519684551564682
2012-03-01,18.020000457763672,97.43000030517578,0.18495330392405218
2012-03-02,17.649999618530273,96.94000244140624,0.18207137584093339
2012-03-05,18.270000457763672,98.18000030517578,0.18608678346887852
2012-03-06,20.56999969482422,105.11000061035156,0.1956997390864673
2012-03-07,20.43000030517578,100.45999908447266,0.20336452808442732
2012-03-08,18.07999992370605,97.19000244140624,0.18602736361289932
2012-03-09,17.15999984741211,97.9800033569336,0.1751377756632601
2012-03-12,15.789999961853027,98.61000061035156,0.16012574651779765
2012-03-13,14.0,98.47000122070312,0.1421752800492149
2012-03-14,14.420000076293944,106.62999725341795,0.1352339908817893
2012-03-15,15.31999969482422,108.41999816894533,0.14130234231282546
2012-03-16,14.43000030517578,105.77999877929688,0.13641520582055444
2012-03-19,15.420000076293944,106.48999786376952,0.14480233247840266
2012-03-20,15.81999969482422,109.37999725341795,0.1446333890297284
2012-03-21,14.720000267028809,104.6500015258789,0.14065934116005435
2012-03-22,16.040000915527344,102.52999877929688,0.15644202776257307
2012-03-23,15.649999618530272,98.5999984741211,0.1587221081209025
2012-03-26,14.510000228881836,96.08000183105467,0.1510199828513321
2012-03-27,14.520000457763672,101.1500015258789,0.1435491867397429
2012-03-28,15.579999923706056,102.73999786376952,0.1516449313573543
2012-03-29,16.84000015258789,101.94000244140624,0.16519521041082277
2012-03-30,14.880000114440918,100.27999877929688,0.1483845262821537
2012-04-02,16.350000381469727,100.37999725341795,0.1628810602593736
2012-04-03,15.609999656677246,98.37000274658205,0.15868658351968612
2012-04-04,17.06999969482422,99.7300033569336,0.17116212895060984
2012-04-05,17.020000457763672,99.47000122070312,0.1711068688940684
2012-04-09,18.940000534057617,104.58999633789062,0.1810880695785633
2012-04-10,19.100000381469727,109.12999725341795,0.17502062551249184
2012-04-11,19.21999931335449,111.19000244140624,0.17285726136648702
2012-04-12,19.6299991607666,104.2699966430664,0.1882612428574575
2012-04-13,17.950000762939453,110.76000213623048,0.16206212004999468
2012-04-16,18.8700008392334,110.97000122070312,0.1700459640592751
2012-04-17,18.65999984741211,107.01000213623048,0.17437622161390814
2012-04-18,19.020000457763672,106.05999755859376,0.17933246177245957
2012-04-19,18.51000022888184,103.95999908447266,0.1780492534810581
2012-04-20,17.920000076293945,101.08000183105467,0.17728531610283774
2012-04-23,20.21999931335449,104.01000213623048,0.19440437359928794
2012-04-24,19.21999931335449,99.83999633789062,0.1925080130042056
2012-04-25,17.049999237060547,93.27999877929688,0.18278301308087846
2012-04-26,16.969999313354492,89.6500015258789,0.18929167902418642
2012-04-27,15.829999923706056,88.62000274658203,0.17862784284687466
2012-04-30,17.040000915527344,89.31999969482422,0.19077475340066255
2012-05-01,17.270000457763672,87.05999755859375,0.1983689517811035
2012-05-02,17.25,86.29000091552734,0.1999072872520502
2012-05-03,16.899999618530273,88.3499984741211,0.1912846622570176
2012-05-04,18.030000686645508,91.30999755859376,0.1974592177058775
2012-05-07,19.799999237060547,90.91000366210938,0.21779780485602424
2012-05-08,19.440000534057617,91.33000183105467,0.21285448532037027
2012-05-09,20.649999618530277,102.06999969482422,0.20231213559587577
2012-05-10,19.25,98.6500015258789,0.19513431021032612
2012-05-11,19.93000030517578,100.12000274658205,0.19906112423529837
2012-05-14,21.46999931335449,105.8499984741211,0.20283419577567227
2012-05-15,21.43000030517578,109.61000061035156,0.19551136014820836
2012-05-16,21.540000915527344,109.22000122070312,0.19721663316960614
2012-05-17,21.989999771118164,112.83999633789062,0.1948777072384052
2012-05-18,23.270000457763672,117.44000244140624,0.1981437327487596
2012-05-21,24.8799991607666,108.5,0.22930874802549864
2012-05-22,21.76000022888184,110.4800033569336,0.19695872164830278
2012-05-23,23.31999969482422,107.4800033569336,0.21697058956520615
2012-05-24,22.0,104.5199966430664,0.21048603814186426
2012-05-25,22.049999237060547,103.0999984741211,0.21387002486324255
2012-05-29,21.700000762939453,100.9800033569336,0.21489403883496172
2012-05-30,22.68000030517578,109.7300033569336,0.20668914254382625
2012-05-31,23.82999992370605,108.75,0.21912643608005564
2012-06-01,25.8700008392334,111.41000366210938,0.2322053674613764
2012-06-04,26.350000381469727,107.04000091552734,0.24616965766157206
2012-06-05,25.899999618530277,102.77999877929688,0.25199455075054306
2012-06-06,23.76000022888184,97.70999908447266,0.24316856464547446
2012-06-07,21.0,98.36000061035156,0.2135014220179857
2012-06-08,22.540000915527344,96.5999984741211,0.2333333464965401
2012-06-11,19.8700008392334,105.51000213623048,0.1883233858111197
2012-06-12,23.149999618530277,103.22000122070312,0.22427823430297555
2012-06-13,22.93000030517578,110.5999984741211,0.20732369458884842
2012-06-14,24.190000534057617,107.77999877929688,0.22443867886463736
2012-06-15,22.46999931335449,108.2300033569336,0.2076134030898095
2012-06-18,21.76000022888184,99.3000030517578,0.2191339331333147
2012-06-19,17.65999984741211,98.12999725341795,0.17996535556610338
2012-06-20,17.959999084472656,96.41000366210938,0.18628771291636423
2012-06-21,16.889999389648438,105.47000122070312,0.1601403166224012
2012-06-22,18.649999618530277,104.12999725341795,0.17910304533229124
2012-06-25,20.46999931335449,104.45999908447266,0.19596017128816182
2012-06-26,20.01000022888184,100.66000366210938,0.19878799424695473
2012-06-27,19.549999237060547,98.11000061035156,0.199266120838224
2012-06-28,20.32999992370605,97.20999908447266,0.20913486385325314
2012-06-29,17.520000457763672,89.58999633789062,0.19555755300721978
2012-07-02,17.6200008392334,85.61000061035156,0.20581708577984603
2012-07-03,16.670000076293945,84.58999633789062,0.19706822080599745
2012-07-05,17.610000610351562,89.43000030517578,0.1969137934726405
2012-07-06,18.200000762939453,90.0999984741211,0.2019977921327816
2012-07-09,18.170000076293945,92.8499984741211,0.19569198034352409
2012-07-10,17.510000228881836,94.91000366210938,0.1844905653066822
2012-07-11,17.979999542236328,96.25,0.1868051900492086
2012-07-12,18.81999969482422,95.22000122070312,0.1976475472963163
2012-07-13,17.780000686645508,91.0999984741211,0.19517015350660294
2012-07-16,17.309999465942383,94.20999908447266,0.18373845275618259
2012-07-17,16.719999313354492,93.48999786376952,0.17884265371059602
2012-07-18,16.809999465942383,94.02999877929688,0.1787727287479614
2012-07-19,16.059999465942383,93.7300033569336,0.17134320805243372
2012-07-20,16.649999618530273,100.61000061035156,0.16549050310628055
2012-07-23,20.40999984741211,107.31999969482422,0.19017890333069423
2012-07-24,18.3799991607666,111.6500015258789,0.16462157554477394
2012-07-25,19.790000915527344,106.52999877929688,0.18576927759594933
2012-07-26,17.68000030517578,98.58999633789062,0.17932854206203994
2012-07-27,17.110000610351562,93.08000183105467,0.1838203725157543
2012-07-30,17.549999237060547,94.73999786376952,0.18524382132978726
2012-07-31,18.399999618530277,96.11000061035156,0.19144729478389472
2012-08-01,18.799999237060547,94.2300033569336,0.19951181754550168
2012-08-02,19.049999237060547,89.62999725341797,0.21254044204864783
2012-08-03,16.049999237060547,84.5,0.1899408193734976
2012-08-06,15.850000381469728,84.47000122070312,0.18764058425969316
2012-08-07,15.550000190734863,86.87000274658203,0.17900310462861924
2012-08-08,16.459999084472656,85.18000030517578,0.19323783781992426
2012-08-09,15.390000343322754,83.91000366210938,0.18341079336971003
2012-08-10,15.34000015258789,84.83000183105469,0.18083225063626254
2012-08-13,14.09000015258789,89.58000183105469,0.1572895720538299
2012-08-14,13.90999984741211,94.33000183105467,0.14746103654619833
2012-08-15,14.81999969482422,97.9499969482422,0.15130168613129474
2012-08-16,14.880000114440918,95.6500015258789,0.15556717069591483
2012-08-17,14.229999542236328,95.0199966430664,0.14975794616884666
2012-08-20,14.109999656677246,96.63999938964844,0.1460057920715243
2012-08-21,14.100000381469728,97.41000366210938,0.14474899755038567
2012-08-22,15.31999969482422,99.13999938964844,0.15452894683418605
2012-08-23,15.0,98.4000015258789,0.15243902202638732
2012-08-24,15.989999771118164,94.98999786376952,0.16833351016651585
2012-08-27,16.149999618530273,94.88999938964844,0.17019706736653303
2012-08-28,16.31999969482422,94.43000030517578,0.17282642848757576
2012-08-29,16.610000610351562,94.70999908447266,0.17537747620013133
2012-08-30,17.479999542236328,96.33000183105467,0.18145955787370452
2012-08-31,17.25,93.3000030517578,0.1848874537595742
2012-09-04,18.649999618530277,93.70999908447266,0.19901824565934184
2012-09-05,17.3799991607666,90.1500015258789,0.19278978221400708
2012-09-06,17.299999237060547,83.6500015258789,0.20681409350253777
2012-09-07,15.600000381469728,82.23999786376953,0.189688725519073
2012-09-10,14.270000457763672,92.7699966430664,0.15382128893102862
2012-09-11,16.110000610351562,92.38999938964844,0.17436952826905808
2012-09-12,15.59000015258789,93.94000244140624,0.16595699113710302
2012-09-13,15.600000381469728,87.80999755859375,0.1776563126659943
2012-09-14,13.81999969482422,93.04000091552734,0.1485382583709521
2012-09-17,14.670000076293944,92.9499969482422,0.1578267945986347
2012-09-18,14.510000228881836,90.12999725341795,0.16098968901645652
2012-09-19,13.949999809265137,88.61000061035156,0.1574314379096785
2012-09-20,14.630000114440918,88.72000122070312,0.16490081056296194
2012-09-21,13.9399995803833,87.9000015258789,0.15858929850278994
2012-09-24,15.0600004196167,85.87999725341797,0.17536097928807654
2012-09-25,14.1899995803833,92.79000091552734,0.1529259558182499
2012-09-26,15.829999923706056,95.0500030517578,0.16654391810051927
2012-09-27,16.3799991607666,88.23999786376953,0.1856300947111884
2012-09-28,15.229999542236328,90.48999786376952,0.16830588906814564
2012-10-01,16.030000686645508,92.51000213623048,0.17327856790057886
2012-10-02,15.850000381469728,90.25,0.17562327292487234
2012-10-03,15.630000114440918,87.55999755859375,0.17850617348386255
2012-10-04,15.229999542236328,83.51000213623047,0.18237335831211596
2012-10-05,13.68000030517578,83.0999984741211,0.16462094532331417
2012-10-08,15.1899995803833,85.8499984741211,0.1769365154381712
2012-10-09,15.279999732971191,88.52999877929688,0.1725968591851431
2012-10-10,16.520000457763672,94.36000061035156,0.17507418769507066
2012-10-11,15.329999923706056,90.73999786376952,0.1689442394160226
2012-10-12,15.40999984741211,91.87000274658205,0.16773701302610908
2012-10-15,16.049999237060547,92.91999816894533,0.17272922463772278
2012-10-16,14.84000015258789,90.30999755859376,0.16432289396264896
2012-10-17,15.43000030517578,85.5999984741211,0.18025701612413736
2012-10-18,15.25,86.51000213623047,0.17628019446797916
2012-10-19,14.90999984741211,92.62999725341795,0.16096297408517893
2012-10-22,17.440000534057617,92.4800033569336,0.18858131380841986
2012-10-23,18.229999542236328,99.66000366210938,0.1829219232626554
2012-10-24,18.21999931335449,96.38999938964844,0.18902375172450908
2012-10-25,17.559999465942383,91.86000061035156,0.19116045448799587
2012-10-26,18.030000686645508,89.43000030517578,0.20161020491019743
2012-10-31,17.68000030517578,90.2300033569336,0.19594369552705096
2012-11-01,17.770000457763672,81.69999694824219,0.2175030737029422
2012-11-02,16.059999465942383,87.83999633789062,0.18283242412903822
2012-11-05,18.32999992370605,90.75,0.2019834702336755
2012-11-06,18.15999984741211,87.55999755859375,0.20740064360165986
2012-11-07,17.719999313354492,94.75,0.1870184624100738
2012-11-08,18.690000534057617,93.38999938964844,0.20012850044122882
2012-11-09,18.799999237060547,94.0199966430664,0.1999574548851781
2012-11-12,18.149999618530277,90.54000091552734,0.20046387712613337
2012-11-13,17.360000610351562,87.83999633789062,0.19763207347565837
2012-11-14,16.31999969482422,94.66000366210938,0.17240649760672688
2012-11-15,17.739999771118164,94.54000091552734,0.1876454368449718
2012-11-16,17.649999618530273,90.2699966430664,0.19552454054384816
2012-11-19,15.880000114440918,88.43000030517578,0.17957706728076836
2012-11-20,15.109999656677246,85.93000030517578,0.175840796031827
2012-11-21,14.960000038146973,85.8499984741211,0.1742574292841317
2012-11-23,15.0,82.86000061035156,0.18102823907203874
2012-11-26,15.630000114440918,82.44999694824219,0.1895694444264518
2012-11-27,15.300000190734863,84.16999816894531,0.18177498542918857
2012-11-28,16.43000030517578,80.38999938964844,0.20437865940936206
2012-11-29,15.210000038146973,78.41999816894531,0.19395562858059595
2012-11-30,15.260000228881836,78.58999633789062,0.19417229851077783
2012-12-03,15.8100004196167,84.06999969482422,0.1880575767456562
2012-12-04,16.65999984741211,86.18000030517578,0.1933163122350505
2012-12-05,16.950000762939453,82.9800033569336,0.20426608914475483
2012-12-06,16.59000015258789,84.1500015258789,0.19714794832755786
2012-12-07,16.1200008392334,80.73999786376953,0.19965322350431877
2012-12-10,16.469999313354492,81.55999755859375,0.20193722175533702
2012-12-11,15.9399995803833,78.69999694824219,0.20254129858310407
2012-12-12,15.600000381469728,83.0199966430664,0.1879065407402976
2012-12-13,15.869999885559082,86.73999786376953,0.18296057501043392
2012-12-14,16.68000030517578,86.38999938964844,0.1930779074316609
2012-12-17,17.200000762939453,82.0999984741211,0.20950062219990295
2012-12-18,16.389999389648438,79.36000061035156,0.20652720846262895
2012-12-19,16.049999237060547,83.33000183105469,0.19260769092026078
2012-12-20,17.260000228881836,83.05999755859375,0.20780159807620943
2012-12-21,19.850000381469727,87.69999694824219,0.22633980698066136
2012-12-24,18.459999084472656,89.2699966430664,0.20678839227789356
2012-12-26,18.709999084472656,92.16999816894533,0.20299446084590012
2012-12-27,19.38999938964844,90.88999938964844,0.21333479502538966
2012-12-28,20.31999969482422,104.72000122070312,0.19404124768866943
2012-12-31,22.13999938964844,92.5,0.2393513447529561
2013-01-02,15.239999771118164,78.7699966430664,0.19347467843848942
2013-01-03,14.770000457763672,77.0199966430664,0.19176838615317332
2013-01-04,14.229999542236328,75.18000030517578,0.18927905672350284
2013-01-07,14.529999732971191,76.7699966430664,0.1892666454126189
2013-01-08,13.880000114440918,78.37000274658203,0.17710858272295096
2013-01-09,13.31999969482422,78.51000213623047,0.16965990743079298
2013-01-10,13.329999923706056,77.48999786376953,0.17202220017015254
2013-01-11,13.550000190734863,78.5199966430664,0.17256750853327216
2013-01-14,13.65999984741211,78.27999877929688,0.17450178922364573
2013-01-15,13.970000267028809,77.83999633789062,0.1794707210209432
2013-01-16,13.699999809265137,77.26000213623047,0.17732331646986366
2013-01-17,13.449999809265137,78.7699966430664,0.1707502904971756
2013-01-18,13.520000457763672,73.43000030517578,0.18412093696819312
2013-01-22,13.279999732971191,73.87000274658203,0.17977527059975176
2013-01-23,12.670000076293944,71.86000061035156,0.17631505661953484
2013-01-24,12.729999542236328,76.16999816894531,0.16712616316467732
2013-01-25,12.630000114440918,76.91999816894531,0.16419657325915007
2013-01-28,13.289999961853027,78.16000366210938,0.1700358154959477
2013-01-29,13.869999885559082,73.61000061035156,0.18842548255064928
2013-01-30,13.640000343322754,77.33999633789062,0.17636411933265386
2013-01-31,14.43000030517578,76.72000122070312,0.18808654947312228
2013-02-01,13.369999885559082,73.29000091552734,0.18242597514726583
2013-02-04,14.0,77.79000091552734,0.1799717166117878
2013-02-05,14.210000038146973,75.06999969482422,0.18928999728138665
2013-02-06,14.0600004196167,77.23999786376953,0.1820300467176959
2013-02-07,13.470000267028809,76.86000061035156,0.17525371012311258
2013-02-08,13.199999809265137,74.41999816894531,0.1773716760822679
2013-02-11,13.369999885559082,76.0999984741211,0.17568988375348973
2013-02-12,12.81999969482422,73.83000183105469,0.17364214244718898
2013-02-13,12.880000114440918,73.25,0.17583617903673607
2013-02-14,13.300000190734863,72.98999786376953,0.1822167499656369
2013-02-15,12.470000267028809,72.55000305175781,0.17188145751189837
2013-02-19,12.8100004196167,70.44999694824219,0.1818310997093141
2013-02-20,12.31999969482422,79.6500015258789,0.15467670381426618
2013-02-21,14.68000030517578,80.83000183105469,0.18161573639276796
2013-02-22,14.600000381469728,78.66000366210938,0.18560894611936773
2013-02-25,13.6899995803833,94.33999633789062,0.14511342073144498
2013-02-26,17.5,90.2300033569336,0.19394879030174875
2013-02-27,16.56999969482422,82.29000091552734,0.20136103427479263
2013-02-28,15.0,86.56999969482422,0.17327018658747678
2013-03-01,16.100000381469727,87.83000183105469,0.18330866498715173
2013-03-04,16.15999984741211,82.2699966430664,0.1964264070354019
2013-03-05,13.4399995803833,79.31999969482422,0.16944023741921782
2013-03-06,13.18000030517578,78.77999877929688,0.16730135198528895
2013-03-07,13.449999809265137,77.16000366210938,0.1743131048588839
2013-03-08,12.670000076293944,76.6500015258789,0.16529680135774352
2013-03-11,12.3100004196167,77.31999969482422,0.15920849027681422
2013-03-12,11.789999961853027,79.98999786376953,0.14739342763744667
2013-03-13,12.18000030517578,84.36000061035156,0.1443812259015229
2013-03-14,11.699999809265137,83.5,0.14011975819479205
2013-03-15,11.520000457763672,85.72000122070312,0.1343910440237063
2013-03-18,13.470000267028809,93.06999969482422,0.14472977663260805
2013-03-19,13.029999732971191,94.38999938964844,0.13804428241579336
2013-03-20,13.18000030517578,89.44999694824219,0.1473448938494881
2013-03-21,13.06999969482422,93.9800033569336,0.13907213479429983
2013-03-22,13.34000015258789,91.77999877929688,0.14534757387245728
2013-03-25,12.850000381469728,88.86000061035156,0.14460950138653042
2013-03-26,12.949999809265137,85.13999938964844,0.15210241839442196
2013-03-27,13.720000267028809,85.31999969482422,0.16080637970116057
2013-03-28,12.90999984741211,83.19999694824219,0.1551682730883185
2013-04-01,13.460000038146973,84.2300033569336,0.1598005402078496
2013-04-02,13.109999656677246,80.48999786376953,0.1628773761289708
2013-04-03,12.649999618530272,85.2300033569336,0.14842190684369103
2013-04-04,14.100000381469728,83.12000274658203,0.16963426269917362
2013-04-05,15.640000343322754,84.48999786376953,0.18511067272768153
2013-04-08,14.039999961853027,82.12000274658203,0.17096930701743546
2013-04-09,13.109999656677246,82.04000091552734,0.15980009154529368
2013-04-10,12.65999984741211,82.75,0.15299093471192882
2013-04-11,12.550000190734863,83.37000274658203,0.1505337624718908
2013-04-12,12.609999656677246,82.38999938964844,0.1530525518884951
2013-04-15,13.119999885559082,104.62000274658205,0.12540622769184276
2013-04-16,14.720000267028809,88.19000244140625,0.16691234674597985
2013-04-17,15.350000381469728,105.26000213623048,0.1458293755457398
2013-04-18,16.34000015258789,107.6500015258789,0.15178820177405922
2013-04-19,16.670000076293945,95.5199966430664,0.17451843239259562
2013-04-22,15.079999923706056,90.91000366210938,0.16587833369531907
2013-04-23,13.8100004196167,85.16000366210938,0.1621653337922676
2013-04-24,13.56999969482422,84.98999786376953,0.15966584346284574
2013-04-25,13.609999656677246,85.88999938964844,0.1584584905506186
2013-04-26,13.9399995803833,85.08999633789062,0.16382653872762962
2013-04-29,13.720000267028809,84.41999816894531,0.16252073637305336
2013-04-30,13.710000038146973,83.45999908447266,0.16427031138917966
2013-05-01,13.880000114440918,88.11000061035156,0.1575303599851551
2013-05-02,14.479999542236328,83.81999969482422,0.1727511285487448
2013-05-03,12.920000076293944,80.91000366210938,0.15968359277611124
2013-05-06,13.0600004196167,79.77999877929688,0.16370018324700455
2013-05-07,12.630000114440918,78.86000061035156,0.16015724089130987
2013-05-08,12.869999885559082,79.80999755859375,0.161257991219839
2013-05-09,12.90999984741211,81.13999938964844,0.15910771437667923
2013-05-10,13.079999923706056,80.44999694824219,0.1625854620245806
2013-05-13,12.56999969482422,80.44999694824219,0.15624611773336894
2013-05-14,12.609999656677246,80.44999694824219,0.15674332050988066
2013-05-15,12.979999542236328,83.1500015258789,0.15610341917067244
2013-05-16,13.06999969482422,84.5,0.15467455260147006
2013-05-17,12.729999542236328,84.0,0.15154761359805152
2013-05-20,13.279999732971191,85.01000213623047,0.15621690859023493
2013-05-21,13.079999923706056,88.04000091552734,0.14856882993738335
2013-05-22,13.449999809265137,88.2300033569336,0.1524424719202752
2013-05-23,14.9399995803833,87.4000015258789,0.17093820731753198
2013-05-24,14.59000015258789,83.87999725341797,0.17393896793425767
2013-05-28,13.670000076293944,82.6500015258789,0.16539624711336115
2013-05-29,15.300000190734863,81.72000122070312,0.18722466914083608
2013-05-30,14.899999618530272,80.22000122070312,0.1857392095711523
2013-05-31,15.020000457763672,84.87000274658203,0.17697655204056856
2013-06-03,16.399999618530273,86.98999786376953,0.18852741718896754
2013-06-04,16.15999984741211,87.38999938964844,0.18491818240390445
2013-06-05,16.860000610351562,93.18000030517578,0.1809401218623419
2013-06-06,17.700000762939453,91.91000366210938,0.19257969815788853
2013-06-07,15.899999618530272,84.19000244140625,0.18885852426000582
2013-06-10,15.15999984741211,82.94000244140625,0.1827827272867762
2013-06-11,16.90999984741211,92.31999969482422,0.18316724332008574
2013-06-12,16.510000228881836,101.7699966430664,0.1622285621840655
2013-06-13,18.3799991607666,95.08000183105467,0.1933108835381132
2013-06-14,16.6299991607666,93.87000274658205,0.1771598878681414
2013-06-17,16.530000686645508,90.4499969482422,0.18275291591335704
2013-06-18,16.809999465942383,89.98999786376953,0.1867985316700422
2013-06-19,16.889999389648438,88.58999633789062,0.1906535736295595
2013-06-20,18.399999618530277,100.9800033569336,0.18221429002623296
2013-06-21,18.96999931335449,96.0999984741211,0.19739853917336894
2013-06-24,20.8700008392334,100.93000030517578,0.20677698183027912
2013-06-25,18.649999618530277,94.83000183105467,0.19666771336518973
2013-06-26,17.229999542236328,90.76000213623048,0.18984133028527425
2013-06-27,16.600000381469727,86.05000305175781,0.19291109579025895
2013-06-28,17.25,86.54000091552734,0.1993297875838702
2013-07-01,16.899999618530273,84.88999938964844,0.19908116079679317
2013-07-02,16.489999771118164,83.69999694824219,0.19701314662311317
2013-07-03,17.219999313354492,82.72000122070312,0.20817213562908748
2013-07-05,15.59000015258789,77.41000366210938,0.2013951610264408
2013-07-08,14.65999984741211,75.48999786376953,0.19419791048170093
2013-07-09,14.329999923706056,75.91999816894531,0.18875132072339368
2013-07-10,14.460000038146973,79.54000091552734,0.18179532149495078
2013-07-11,13.56999969482422,77.16000366210938,0.1758683132552517
2013-07-12,13.899999618530272,76.13999938964844,0.1825584414231035
2013-07-15,13.979999542236328,76.22000122070312,0.18341641719154203
2013-07-16,13.779999732971191,80.83999633789062,0.1704601726523378
2013-07-17,14.199999809265137,77.05999755859375,0.18427199921032894
2013-07-18,13.630000114440918,74.68000030517578,0.182512052205981
2013-07-19,13.890000343322754,73.63999938964844,0.18862032127169284
2013-07-22,13.229999542236328,72.48999786376953,0.18250793119210004
2013-07-23,12.149999618530272,75.05000305175781,0.1618920602861414
2013-07-24,12.6899995803833,76.80000305175781,0.16523436297041721
2013-07-25,13.470000267028809,76.73999786376953,0.17552776442528756
2013-07-26,13.40999984741211,76.54000091552734,0.1752025044030497
2013-07-29,13.539999961853027,76.6500015258789,0.17664709318083435
2013-07-30,13.449999809265137,74.3499984741211,0.18090114438868027
2013-07-31,13.550000190734863,73.08000183105469,0.18541324372240112
2013-08-01,12.890000343322754,71.0999984741211,0.18129396089951313
2013-08-02,12.65999984741211,70.36000061035156,0.1799317756905979
2013-08-05,12.289999961853027,69.73999786376953,0.17622598707072484
2013-08-06,12.1899995803833,75.52999877929688,0.16139282109620048
2013-08-07,13.170000076293944,76.56999969482422,0.1719994792841063
2013-08-08,12.5,75.41000366210938,0.16576050116651525
2013-08-09,12.880000114440918,77.33000183105469,0.16655890093705497
2013-08-12,13.520000457763672,78.7699966430664,0.17163896196450767
2013-08-13,12.859999656677246,78.94000244140625,0.16290852874273304
2013-08-14,12.479999542236328,80.22000122070312,0.15557216844089872
2013-08-15,14.140000343322754,86.20999908447266,0.16401810107279677
2013-08-16,14.5600004196167,84.08999633789062,0.17314783034490416
2013-08-19,14.9399995803833,86.91000366210938,0.17190195548106707
2013-08-20,15.220000267028809,89.08000183105469,0.1708576555251358
2013-08-21,16.0,90.37999725341795,0.17703032182151254
2013-08-22,15.260000228881836,84.5199966430664,0.18054899236834848
2013-08-23,14.289999961853027,80.0199966430664,0.1785803619262115
2013-08-26,14.369999885559082,83.05999755859375,0.17300746819095347
2013-08-27,16.559999465942383,92.36000061035156,0.17929839060748518
2013-08-28,16.959999084472656,91.45999908447266,0.18543624813300472
2013-08-29,16.790000915527344,91.48999786376952,0.1835173385896019
2013-08-30,16.75,92.5999984741211,0.18088553213833064
2013-09-03,16.469999313354492,90.66000366210938,0.18166775477682887
2013-09-04,16.8799991607666,88.27999877929688,0.1912097801787152
2013-09-05,16.1200008392334,85.80000305175781,0.18787879097753882
2013-09-06,15.350000381469728,86.51000213623047,0.17743613457895333
2013-09-09,15.859999656677246,83.45999908447266,0.19003115061893075
2013-09-10,14.890000343322754,79.25,0.1878864396633786
2013-09-11,14.739999771118164,78.4000015258789,0.18801019750302767
2013-09-12,13.93000030517578,80.97000122070312,0.17203902797538842
2013-09-13,14.270000457763672,79.7300033569336,0.1789790525140208
2013-09-16,14.100000381469728,80.08999633789062,0.17605195437871446
2013-09-17,14.4399995803833,79.48999786376953,0.18165806980056365
2013-09-18,14.68000030517578,74.6500015258789,0.196651038246619
2013-09-19,13.020000457763672,73.22000122070312,0.17782027097374914
2013-09-20,13.300000190734863,76.88999938964844,0.1729743828366504
2013-09-23,14.039999961853027,77.55999755859375,0.1810211501263434
2013-09-24,14.170000076293944,74.77999877929688,0.18948917234025098
2013-09-25,14.239999771118164,73.08000183105469,0.19485494546152302
2013-09-26,13.800000190734863,69.95999908447266,0.19725557992178017
2013-09-27,14.619999885559082,74.93000030517578,0.19511543875636694
2013-09-30,17.489999771118164,81.66999816894531,0.2141545263039894
2013-10-01,16.309999465942383,76.43000030517578,0.21339787257383908
2013-10-02,16.399999618530273,85.7300033569336,0.19129825004496387
2013-10-03,16.6299991607666,93.79000091552734,0.17731100328855454
2013-10-04,17.719999313354492,88.70999908447266,0.1997519952230065
2013-10-07,18.76000022888184,103.08000183105467,0.18199456631392935
2013-10-08,19.01000022888184,106.5500030517578,0.17841388723046334
2013-10-09,20.190000534057617,111.43000030517578,0.18118998904031966
2013-10-10,17.65999984741211,95.30999755859376,0.18529010911531357
2013-10-11,16.309999465942383,90.8499984741211,0.1795266894868285
2013-10-14,17.079999923706055,91.8000030517578,0.1860566378639026
2013-10-15,16.40999984741211,103.37000274658205,0.15875011523064617
2013-10-16,17.139999389648438,85.69999694824219,0.2
2013-10-17,14.520000457763672,72.69999694824219,0.19972491151686012
2013-10-18,12.859999656677246,73.41999816894531,0.17515663276217133
2013-10-21,13.34000015258789,75.0199966430664,0.1778192581913534
2013-10-22,12.989999771118164,74.12999725341797,0.1752327027169723
2013-10-23,13.710000038146973,72.43000030517578,0.18928620710177282
2013-10-24,13.5,70.83999633789062,0.19057030911757927
2013-10-25,13.15999984741211,70.02999877929688,0.18791946418400665
2013-10-28,13.619999885559082,70.16000366210938,0.1941276963318447
2013-10-29,13.25,68.5199966430664,0.19337420678844675
2013-10-30,13.720000267028809,69.55999755859375,0.19723980374599337
2013-10-31,13.829999923706056,69.44000244140625,0.1991647384427422
2013-11-01,13.460000038146973,68.94000244140625,0.19524223326778886
2013-11-04,13.350000381469728,67.08999633789062,0.1989864526781917
2013-11-05,13.220000267028809,67.41000366210938,0.19611332960748176
2013-11-06,13.010000228881836,67.41000366210938,0.1929980644133187
2013-11-07,12.989999771118164,71.73999786376953,0.18107053467976802
2013-11-08,13.760000228881836,69.38999938964844,0.19829947182467544
2013-11-11,12.850000381469728,69.38999938964844,0.18518519231154057
2013-11-12,12.800000190734863,69.38999938964844,0.18446462463356586
2013-11-13,13.350000381469728,71.37000274658203,0.18705338192114712
2013-11-14,12.800000190734863,71.91000366210938,0.1780002717129523
2013-11-15,12.119999885559082,73.58000183105469,0.16471866789820866
2013-11-18,12.40999984741211,75.05999755859375,0.16533440249214698
2013-11-19,13.029999732971191,74.44999694824219,0.17501679337918144
2013-11-20,13.5600004196167,69.05000305175781,0.19637943258963406
2013-11-21,13.09000015258789,64.94999694824219,0.2015396577003559
2013-11-22,12.6899995803833,63.77000045776367,0.19899638527975513
2013-11-25,12.550000190734863,64.87999725341797,0.19343404318769006
2013-11-26,12.84000015258789,65.13999938964844,0.19711391269414608
2013-11-27,12.8100004196167,64.80999755859375,0.19765469683956352
2013-11-29,13.0600004196167,64.80999755859375,0.2015121263939155
2013-12-02,13.90999984741211,69.58999633789062,0.1998850492802561
2013-12-03,14.739999771118164,73.20999908447266,0.201338614334779
2013-12-04,15.029999732971191,72.7300033569336,0.20665473723697184
2013-12-05,14.81999969482422,75.80000305175781,0.19551449997574297
2013-12-06,13.970000267028809,70.44999694824219,0.1982966766810822
2013-12-09,13.970000267028809,70.44999694824219,0.1982966766810822
2013-12-10,14.140000343322754,70.44999694824219,0.20070973677558923
2013-12-11,13.979999542236328,80.55000305175781,0.17355678476204908
2013-12-12,15.4399995803833,83.37999725341797,0.1851763023385129
2013-12-13,15.170000076293944,85.38999938964844,0.17765546533231333
2013-12-16,15.640000343322754,83.19999694824219,0.18798078025233855
2013-12-17,16.040000915527344,82.2300033569336,0.19506263238130903
2013-12-18,15.949999809265137,67.16999816894531,0.23745720178743873
2013-12-19,13.59000015258789,67.02999877929688,0.20274504550319858
2013-12-20,13.609999656677246,68.0,0.20014705377466538
2013-12-23,13.369999885559082,63.4900016784668,0.21058433662151937
2013-12-24,12.850000381469728,63.4900016784668,0.20239407846523844
2013-12-26,12.479999542236328,62.709999084472656,0.19901131756397114
2013-12-27,12.210000038146973,66.66999816894531,0.18314084855989024
2013-12-30,12.869999885559082,69.70999908447266,0.18462200623419275
2013-12-31,13.43000030517578,70.83000183105469,0.18960892217974692
2014-01-02,14.31999969482422,73.13999938964844,0.19578889546519385
2014-01-03,14.0600004196167,70.02999877929688,0.20077110759244063
2014-01-06,13.40999984741211,68.33000183105469,0.19625346828715465
2014-01-07,12.380000114440918,68.33000183105469,0.18117956655482545
2014-01-08,13.039999961853027,68.33000183105469,0.19083857181936434
2014-01-09,12.829999923706056,68.33000183105469,0.18776525069365746
2014-01-10,12.600000381469728,67.73999786376953,0.1860053259347501
2014-01-13,12.18000030517578,75.70999908447266,0.16087703675159298
2014-01-14,12.890000343322754,69.30999755859375,0.18597606113642867
2014-01-15,12.149999618530272,69.55999755859375,0.17466935084774463
2014-01-16,12.31999969482422,73.9800033569336,0.16653148331696527
2014-01-17,12.34000015258789,75.72000122070312,0.16296883192883424
2014-01-21,12.630000114440918,77.77999877929688,0.16238107884623307
2014-01-22,12.56999969482422,74.45999908447266,0.16881546937119793
2014-01-23,13.670000076293944,78.25,0.17469648659800566
2014-01-24,14.949999809265137,97.70999908447266,0.15300378619736246
2014-01-27,17.290000915527344,93.5,0.18491979588799298
2014-01-28,17.270000457763672,83.95999908447266,0.205693194927125
2014-01-29,17.950000762939453,92.47000122070312,0.19411701661057862
2014-01-30,16.3700008392334,92.3499984741211,0.1772604343228084
2014-01-31,18.709999084472656,99.66000366210938,0.18773829416972196
2014-02-03,18.56999969482422,106.77999877929688,0.17390897084768162
2014-02-04,19.989999771118164,100.4000015258789,0.19910358035169531
2014-02-05,19.59000015258789,102.87000274658205,0.19043452541599926
2014-02-06,19.09000015258789,92.58000183105467,0.20620004077580842
2014-02-07,16.149999618530273,83.16999816894531,0.19418059365258578
2014-02-10,15.630000114440918,79.88999938964844,0.1956440134416391
2014-02-11,15.289999961853027,78.63999938964844,0.19443031638509506
2014-02-12,14.3100004196167,79.55999755859375,0.1798642641872604
2014-02-13,15.239999771118164,78.41000366210938,0.19436295191097788
2014-02-14,14.210000038146973,77.48999786376953,0.18337850599929958
2014-02-18,13.949999809265137,75.81999969482422,0.18398839178863016
2014-02-19,14.850000381469728,86.2300033569336,0.17221384440866622
2014-02-20,15.279999732971191,79.83000183105469,0.19140673158580732
2014-02-21,14.739999771118164,78.95999908447266,0.18667679764470463
2014-02-24,14.829999923706056,77.83999633789062,0.19051902134387913
2014-02-25,14.170000076293944,76.45999908447266,0.1853256636929722
2014-02-26,13.829999923706056,79.41999816894531,0.17413749990633773
2014-02-27,14.5600004196167,78.94000244140625,0.18444388104021098
2014-02-28,14.220000267028809,81.44999694824219,0.17458564517890626
2014-03-03,16.469999313354492,92.83999633789062,0.17740198150603137
2014-03-04,14.529999732971191,82.13999938964844,0.17689310738906958
2014-03-05,14.130000114440918,80.5199966430664,0.1754843604511955
2014-03-06,13.81999969482422,79.55000305175781,0.17372720508674877
2014-03-07,13.510000228881836,83.06999969482422,0.16263392655006345
2014-03-10,14.760000228881836,82.3499984741211,0.17923497877805356
2014-03-11,14.220000267028809,85.12000274658203,0.16705826842327973
2014-03-12,15.369999885559082,83.44999694824219,0.18418215036115515
2014-03-13,14.279999732971191,92.13999938964844,0.15498154794404626
2014-03-14,16.739999771118164,97.11000061035156,0.1723818315920569
2014-03-17,16.389999389648438,87.79000091552734,0.18669551450875485
2014-03-18,15.420000076293944,81.88999938964844,0.188301382234998
2014-03-19,14.5600004196167,81.3499984741211,0.17897972578633176
2014-03-20,15.579999923706056,77.02999877929688,0.20225886239911828
2014-03-21,13.960000038146973,78.63999938964844,0.17751780450782353
2014-03-24,14.699999809265137,77.29000091552734,0.1901927757166315
2014-03-25,14.15999984741211,74.7699966430664,0.18938077414940205
2014-03-26,13.640000343322754,76.2699966430664,0.17883834985802044
2014-03-27,15.0,74.70999908447266,0.20077633762302538
2014-03-28,14.149999618530272,74.86000061035156,0.1890194964355053
2014-03-31,13.880000114440918,72.19999694824219,0.19224377702385548
2014-04-01,13.43000030517578,67.51000213623047,0.19893348956018364
2014-04-02,13.170000076293944,67.33000183105469,0.1956037385731888
2014-04-03,13.020000457763672,67.7300033569336,0.19223386700793366
2014-04-04,12.880000114440918,69.52999877929688,0.18524378456160773
2014-04-07,14.960000038146973,74.51000213623047,0.20077841375973704
2014-04-08,15.59000015258789,71.43000030517578,0.21825563609101997
2014-04-09,14.579999923706056,69.19000244140625,0.21072408453884897
2014-04-10,13.979999542236328,78.55999755859375,0.17795315652612367
2014-04-11,16.65999984741211,83.94000244140625,0.1984750936723109
2014-04-14,16.139999389648438,82.19999694824219,0.19635036482800727
2014-04-15,16.139999389648438,80.66999816894531,0.20007437406713224
2014-04-16,14.890000343322754,72.08000183105469,0.2065760261524799
2014-04-17,14.09000015258789,70.08000183105469,0.20105593299719582
2014-04-21,14.100000381469728,68.62000274658203,0.2054794493894428
2014-04-22,13.130000114440918,66.73999786376953,0.19673360105947305
2014-04-23,13.350000381469728,66.22000122070312,0.20160072690086214
2014-04-24,13.359999656677246,68.75,0.1943272677334872
2014-04-25,13.93000030517578,70.48999786376953,0.19761669353568706
2014-04-28,14.270000457763672,67.62999725341797,0.21100105038141898
2014-04-29,13.880000114440918,65.47000122070312,0.21200549649679465
2014-04-30,14.050000190734863,64.48999786376953,0.21786324478432262
2014-05-01,13.640000343322754,64.5,0.21147287353988767
2014-05-02,13.149999618530272,64.54000091552734,0.20374960384245333
2014-05-05,13.949999809265137,64.4000015258789,0.21661489873815268
2014-05-06,13.649999618530272,64.93000030517578,0.21022639079584582
2014-05-07,13.640000343322754,62.63999938964844,0.21775224259623524
2014-05-08,13.6899995803833,62.15999984741211,0.22023808902813652
2014-05-09,13.550000190734863,61.7599983215332,0.2193976774447309
2014-05-12,12.460000038146973,61.7599983215332,0.20174871076385176
2014-05-13,12.359999656677246,61.7599983215332,0.2001295335587439
2014-05-14,12.420000076293944,69.02999877929688,0.17992177742901666
2014-05-15,12.729999542236328,71.5999984741211,0.17779329348501904
2014-05-16,13.3100004196167,68.72000122070312,0.19368451954577126
2014-05-19,13.170000076293944,67.58000183105469,0.19488013790260067
2014-05-20,12.6899995803833,68.7699966430664,0.18452814017496022
2014-05-21,12.380000114440918,66.55999755859375,0.1859976046955624
2014-05-22,11.93000030517578,68.05999755859375,0.17528652267295608
2014-05-23,11.960000038146973,66.86000061035156,0.17888124332884425
2014-05-27,11.6899995803833,64.94999694824219,0.17998460553737838
2014-05-28,11.600000381469728,67.37000274658203,0.1721834630926781
2014-05-29,11.579999923706056,66.93000030517578,0.17301658256246205
2014-05-30,11.65999984741211,67.94999694824219,0.17159676778637065
2014-06-02,11.6899995803833,68.76000213623047,0.17001162328678435
2014-06-03,12.029999732971191,68.19000244140625,0.17641881950815638
2014-06-04,12.149999618530272,67.66999816894531,0.17954780474792553
2014-06-05,12.09000015258789,65.47000122070312,0.1846647308258298
2014-06-06,11.31999969482422,67.08000183105469,0.16875371773743195
2014-06-09,11.229999542236328,70.87999725341797,0.1584367942634873
2014-06-10,11.300000190734863,70.5,0.16028369064872147
2014-06-11,11.420000076293944,74.20999908447266,0.15388761915081886
2014-06-12,11.8100004196167,79.97000122070312,0.14768038313546072
2014-06-13,12.449999809265137,79.80999755859375,0.155995491669133
2014-06-16,12.649999618530272,81.5,0.1552147192457702
2014-06-17,12.8100004196167,78.41000366210938,0.16337201659648648
2014-06-18,11.800000190734863,71.76000213623047,0.16443701002591293
2014-06-19,10.529999732971191,73.41000366210938,0.14344093730656302
2014-06-20,10.399999618530272,73.33000183105469,0.14182461964873364
2014-06-23,11.260000228881836,72.58000183105469,0.1551391560321515
2014-06-24,11.020000457763672,75.23999786376953,0.1464646567071496
2014-06-25,12.3100004196167,72.30999755859375,0.1702392592344059
2014-06-26,11.510000228881836,72.86000061035156,0.15797419890834527
2014-06-27,11.720000267028809,72.72000122070312,0.16116611757828417
2014-06-30,11.75,71.55999755859375,0.1641978815102534
2014-07-01,11.279999732971191,69.27999877929688,0.1628175509775272
2014-07-02,11.18000030517578,68.1500015258789,0.16404989075356582
2014-07-03,10.470000267028809,68.3499984741211,0.15318215802145183
2014-07-07,11.149999618530272,71.66000366210938,0.15559585610830629
2014-07-08,11.720000267028809,73.20999908447266,0.16008742540080895
2014-07-09,11.739999771118164,76.27999877929688,0.1539066591372903
2014-07-10,13.220000267028809,82.13999938964844,0.16094473295911466
2014-07-11,12.5,79.91000366210938,0.15642597205795247
2014-07-14,11.600000381469728,77.29000091552734,0.15008410200625733
2014-07-15,11.529999732971191,78.91999816894531,0.146097313741553
2014-07-16,10.8100004196167,75.80999755859375,0.14259333554603562
2014-07-17,11.350000381469728,89.95999908447266,0.12616719094018722
2014-07-18,13.34000015258789,80.37000274658203,0.16598232794206558
2014-07-21,12.850000381469728,81.41000366210938,0.15784301441384777
2014-07-22,11.970000267028809,75.22000122070312,0.15913321022034568
2014-07-23,11.539999961853027,76.63999938964844,0.15057411343627575
2014-07-24,11.43000030517578,77.66000366210938,0.14718001244123713
2014-07-25,12.029999732971191,81.08000183105469,0.1483719716489146
2014-07-28,12.93000030517578,81.20999908447266,0.15921685076890973
2014-07-29,12.350000381469728,81.72000122070312,0.1511257978094713
2014-07-30,12.630000114440918,83.58000183105469,0.15111270444777808
2014-07-31,14.350000381469728,97.41999816894533,0.14730035568861355
2014-08-01,16.670000076293945,101.11000061035156,0.1648699433850788
2014-08-04,16.639999389648438,93.12000274658205,0.1786941462505402
2014-08-05,15.539999961853027,98.31999969482422,0.15805532963880886
2014-08-06,17.219999313354492,96.37999725341795,0.17866777136418535
2014-08-07,15.5,97.4000015258789,0.15913757450898697
2014-08-08,16.43000030517578,91.83999633789062,0.1788980940801412
2014-08-11,15.15999984741211,87.54000091552734,0.1731779722282721
2014-08-12,14.420000076293944,85.9800033569336,0.16771341606526102
2014-08-13,13.56999969482422,81.2699966430664,0.1669742863952973
2014-08-14,13.050000190734863,78.4800033569336,0.16628439898737485
2014-08-15,11.90999984741211,82.19999694824219,0.14489051447181106
2014-08-18,12.850000381469728,81.0199966430664,0.15860282539976403
2014-08-19,12.140000343322754,80.83999633789062,0.1501731926431644
2014-08-20,12.229999542236328,79.9000015258789,0.15306632426377537
2014-08-21,11.93000030517578,79.61000061035156,0.1498555484701823
2014-08-22,11.880000114440918,79.58000183105469,0.1492837376362683
2014-08-25,11.579999923706056,79.33000183105469,0.14597251552278329
2014-08-26,11.329999923706056,79.38999938964844,0.1427131881951288
2014-08-27,11.6899995803833,78.8499984741211,0.14825618017253367
2014-08-28,12.380000114440918,80.52999877929688,0.15373153237428883
2014-08-29,11.859999656677246,81.11000061035156,0.14622117577895355
2014-09-02,12.31999969482422,82.41000366210938,0.14949640999092362
2014-09-03,12.029999732971191,80.7699966430664,0.14894144153717617
2014-09-04,12.399999618530272,79.98999786376953,0.1550193767931915
2014-09-05,12.369999885559082,77.33000183105469,0.15996378627514085
2014-09-08,12.640000343322754,77.83999633789062,0.16238439026197524
2014-09-09,12.699999809265137,79.30000305175781,0.16015131551730274
2014-09-10,13.359999656677246,82.12000274658203,0.16268873855137944
2014-09-11,13.529999732971191,83.0999984741211,0.16281588425281004
2014-09-12,12.850000381469728,89.25,0.14397759531058518
2014-09-15,13.539999961853027,91.58000183105467,0.14784887192764423
2014-09-16,14.479999542236328,84.5199966430664,0.17132039892744358
2014-09-17,13.0600004196167,81.5199966430664,0.16020609614104422
2014-09-18,12.550000190734863,77.47000122070312,0.16199819275826982
2014-09-19,11.729999542236328,77.69999694824219,0.15096525100316233
2014-09-22,13.140000343322754,87.41000366210938,0.15032604728077253
2014-09-23,14.81999969482422,91.9000015258789,0.16126223556863523
2014-09-24,14.619999885559082,86.20999908447266,0.16958589538127372
2014-09-25,14.109999656677246,96.72000122070312,0.14588502355867392
2014-09-26,15.770000457763672,90.62999725341795,0.17400420319629806
2014-09-29,16.959999084472656,95.0199966430664,0.1784887358834718
2014-09-30,15.489999771118164,92.47000122070312,0.16751378356908797
2014-10-01,16.440000534057617,98.12000274658205,0.16754993960322015
2014-10-02,16.700000762939453,93.75,0.17813334147135418
2014-10-03,15.15999984741211,87.7699966430664,0.1727241703000533
2014-10-06,14.460000038146973,88.7300033569336,0.16296629652969613
2014-10-07,16.18000030517578,99.1999969482422,0.16310484680375273
2014-10-08,17.350000381469727,89.08000183105469,0.19476874747235629
2014-10-09,15.640000343322754,102.12999725341795,0.15313816473053254
2014-10-10,19.11000061035156,113.37999725341795,0.16854825430660758
2014-10-13,21.15999984741211,131.57000732421875,0.16082692611902805
2014-10-14,23.770000457763672,120.61000061035156,0.19708150516105355
2014-10-15,26.36000061035156,129.00999450683594,0.2043252595360339
2014-10-16,29.26000022888184,121.94000244140624,0.23995407284776504
2014-10-17,21.68000030517578,118.83999633789062,0.18243016638551837
2014-10-20,22.11000061035156,108.83000183105467,0.20316089532622303
2014-10-21,17.719999313354492,104.08999633789062,0.17023729404152255
2014-10-22,16.059999465942383,108.81999969482422,0.14758316036556873
2014-10-23,16.06999969482422,102.0500030517578,0.15747181983594674
2014-10-24,16.43000030517578,104.37999725341795,0.1574056403286385
2014-10-27,17.239999771118164,100.75,0.1711166230383937
2014-10-28,15.6899995803833,95.88999938964844,0.16362498362970138
2014-10-29,14.609999656677246,99.33999633789062,0.14707066836386268
2014-10-30,15.3100004196167,98.5199966430664,0.15539992835245572
2014-10-31,13.84000015258789,94.0999984741211,0.14707758105218352
2014-11-03,14.40999984741211,93.19000244140624,0.15463031945376846
2014-11-04,15.050000190734863,92.44000244140624,0.16280830585518877
2014-11-05,14.149999618530272,87.08000183105469,0.16249425035593032
2014-11-06,14.460000038146973,83.41999816894531,0.17333973094631383
2014-11-07,13.710000038146973,80.44000244140625,0.1704375885385328
2014-11-10,13.15999984741211,79.69999694824219,0.1651192013966866
2014-11-11,12.710000038146973,79.79000091552734,0.15929314315465276
2014-11-12,13.760000228881836,83.0999984741211,0.16558363997042622
2014-11-13,13.329999923706056,86.29000091552734,0.1544790796416298
2014-11-14,13.789999961853027,85.58000183105469,0.16113577549432823
2014-11-17,14.699999809265137,84.79000091552734,0.17336949699894588
2014-11-18,13.859999656677246,82.5999984741211,0.16779660911276698
2014-11-19,14.010000228881836,81.05999755859375,0.17283494511278252
2014-11-20,14.65999984741211,79.13999938964844,0.18524134395343003
2014-11-21,13.15999984741211,79.33999633789062,0.16586842015175707
2014-11-24,12.920000076293944,79.25,0.16302839212989204
2014-11-25,12.550000190734863,77.93000030517578,0.16104196255086303
2014-11-26,12.270000457763672,77.04000091552734,0.1592679168217749
2014-11-28,12.640000343322754,79.83999633789062,0.158316644828352
2014-12-01,14.15999984741211,86.83999633789062,0.16305850350702653
2014-12-02,14.100000381469728,83.47000122070312,0.1689229684349459
2014-12-03,12.75,86.44999694824219,0.14748410005882887
2014-12-04,12.699999809265137,85.16999816894531,0.14911353859692592
2014-12-05,12.079999923706056,85.41000366210938,0.14143542214909344
2014-12-08,13.050000190734863,94.4499969482422,0.13816834952240553
2014-12-09,16.229999542236328,97.12999725341795,0.1670956450239702
2014-12-10,15.5600004196167,117.31999969482422,0.13262871172938775
2014-12-11,17.68000030517578,132.39999389648438,0.13353475166319656
2014-12-12,20.51000022888184,138.60000610351562,0.14797979311460938
2014-12-15,19.59000015258789,128.22000122070312,0.15278427675934836
2014-12-16,23.549999237060547,132.94000244140625,0.17714757638461973
2014-12-17,23.899999618530277,114.37000274658205,0.20897087561925873
2014-12-18,17.139999389648438,107.23999786376952,0.15982841972285322
2014-12-19,16.56999969482422,99.16999816894533,0.1670868206188295
2014-12-22,16.31999969482422,99.69000244140624,0.16370748615856898
2014-12-23,14.470000267028809,94.7300033569336,0.1527499182334791
2014-12-24,14.520000457763672,95.29000091552734,0.15237695789965788
2014-12-26,14.600000381469728,92.27999877929688,0.15821413713266386
2014-12-29,16.040000915527344,94.86000061035156,0.16909130099433065
2014-12-30,15.899999618530272,97.83999633789062,0.16251022295237616
2014-12-31,15.90999984741211,113.08000183105467,0.1406968481587238
2015-01-02,17.760000228881836,109.55999755859376,0.16210296298504034
2015-01-05,19.190000534057617,115.4800033569336,0.16617596099944537
2015-01-06,20.32999992370605,120.69000244140624,0.16844808610867382
2015-01-07,20.149999618530277,113.30999755859376,0.1778307303211308
2015-01-08,17.93000030517578,103.8000030517578,0.17273602869005067
2015-01-09,16.440000534057617,97.91999816894533,0.16789216545626381
2015-01-12,18.020000457763672,105.5500030517578,0.17072477438894373
2015-01-13,18.209999084472656,105.79000091552734,0.1721334618289041
2015-01-14,22.8700008392334,118.22000122070312,0.19345288955409282
2015-01-15,21.229999542236328,113.26000213623048,0.1874448096575226
2015-01-16,22.799999237060547,116.01000213623048,0.19653477128882835
2015-01-20,20.06999969482422,111.04000091552734,0.1807456729948362
2015-01-21,20.920000076293945,109.58999633789062,0.19089333675852016
2015-01-22,17.979999542236328,96.88999938964844,0.1855712628289817
2015-01-23,16.790000915527344,94.55999755859376,0.17755923592450898
2015-01-26,16.959999084472656,96.6999969482422,0.17538779337863208
2015-01-27,17.600000381469727,97.80999755859376,0.17994070975133522
2015-01-28,16.969999313354492,96.0199966430664,0.17673401277482645
2015-01-29,20.459999084472656,106.5500030517578,0.1920225105440306
2015-01-30,20.229999542236328,104.66000366210938,0.1932925552682768
2015-02-02,20.88999938964844,108.23999786376952,0.19299704177692725
2015-02-03,18.40999984741211,105.22000122070312,0.17496673288186346
2015-02-04,17.81999969482422,102.91999816894533,0.1731441897771152
2015-02-05,17.290000915527344,101.44000244140624,0.17044558851932592
2015-02-06,16.290000915527344,96.91000366210938,0.16809411103032013
2015-02-09,19.15999984741211,107.20999908447266,0.1787146722416778
2015-02-10,17.719999313354492,102.31999969482422,0.17318216737886527
2015-02-11,17.43000030517578,102.1500015258789,0.17063142481461469
2015-02-12,16.389999389648438,97.6999969482422,0.1677584432098933
2015-02-13,15.109999656677246,93.22000122070312,0.162089674520638
2015-02-17,15.850000381469728,95.20999908447266,0.1664741154698176
2015-02-18,16.739999771118164,94.20999908447266,0.17768814280645917
2015-02-19,16.110000610351562,90.1999969482422,0.17860311702222859
2015-02-20,15.729999542236328,88.86000061035156,0.17702002514283005
2015-02-23,15.050000190734863,87.87000274658203,0.17127574508150653
2015-02-24,14.5,85.43000030517578,0.1697296025775797
2015-02-25,13.640000343322754,83.2699966430664,0.16380450214006953
2015-02-26,13.550000190734863,85.97000122070312,0.1576131208367574
2015-02-27,14.06999969482422,87.37000274658203,0.16103924977127973
2015-03-02,13.899999618530272,87.47000122070312,0.15891162026462055
2015-03-03,13.350000381469728,82.62999725341797,0.1615636067435245
2015-03-04,14.279999732971191,86.5199966430664,0.16504854700679847
2015-03-05,14.010000228881836,84.30000305175781,0.16619216751724306
2015-03-06,14.609999656677246,82.7300033569336,0.17659856235764052
2015-03-09,15.720000267028809,88.75,0.1771267635721556
2015-03-10,16.469999313354492,89.45999908447266,0.18410462197526611
2015-03-11,16.440000534057617,93.9800033569336,0.1749308357823624
2015-03-12,16.450000762939453,94.62999725341795,0.1738349491745895
2015-03-13,15.470000267028809,89.45999908447266,0.17292645232894818
2015-03-16,15.779999732971191,92.23999786376952,0.1710754564009952
2015-03-17,16.309999465942383,91.0999984741211,0.1790340256764723
2015-03-18,14.600000381469728,88.63999938964844,0.16471119677348223
2015-03-19,14.68000030517578,82.55000305175781,0.17783161432437022
2015-03-20,13.520000457763672,79.48999786376953,0.17008429766137792
2015-03-23,13.520000457763672,81.05000305175781,0.16681061010114853
2015-03-24,13.359999656677246,78.80999755859375,0.1695216352055377
2015-03-25,13.260000228881836,78.76000213623047,0.16835957172710753
2015-03-26,16.639999389648438,87.11000061035156,0.19102283633402997
2015-03-27,15.729999542236328,86.87999725341797,0.181054328263316
2015-03-30,14.760000228881836,85.72000122070312,0.17218852098332676
2015-03-31,14.970000267028809,82.66999816894531,0.18108141524856397
2015-04-01,15.31999969482422,84.18000030517578,0.181990967442207
2015-04-02,15.300000190734863,82.38999938964844,0.18570215200969126
2015-04-06,15.75,83.87000274658203,0.1877906222036205
2015-04-07,14.56999969482422,80.33000183105469,0.18137681268160535
2015-04-08,14.59000015258789,85.7300033569336,0.1701854611138061
2015-04-09,14.140000343322754,84.19999694824219,0.167933501850536
2015-04-10,13.199999809265137,80.13999938964844,0.16471175330418283
2015-04-13,13.170000076293944,79.18000030517578,0.1663298816056339
2015-04-14,14.34000015258789,83.47000122070312,0.17179825018417672
2015-04-15,13.579999923706056,81.68000030517578,0.1662585684741426
2015-04-16,13.270000457763672,80.2300033569336,0.16539947529014853
2015-04-17,13.970000267028809,82.8499984741211,0.168617990637531
2015-04-20,13.670000076293944,84.44000244140625,0.1618900957017344
2015-04-21,12.75,80.66999816894531,0.15805132378084316
2015-04-22,12.970000267028809,81.25,0.15963077251727764
2015-04-23,12.960000038146973,80.55999755859375,0.16087388816913467
2015-04-24,12.210000038146973,78.0,0.15653846202752528
2015-04-27,12.34000015258789,76.51000213623047,0.16128610388241538
2015-04-28,13.260000228881836,82.06999969482422,0.161569395372108
2015-04-29,13.4399995803833,80.30000305175781,0.16737234208721605
2015-04-30,13.890000343322754,83.08000183105469,0.16718825273461627
2015-05-01,13.979999542236328,84.54000091552734,0.16536550024650687
2015-05-04,13.119999885559082,80.79000091552734,0.1623963329233915
2015-05-05,13.210000038146973,80.36000061035156,0.164385265527802
2015-05-06,13.93000030517578,82.19999694824219,0.16946473019879676
2015-05-07,15.479999542236328,90.4499969482422,0.17114427932036724
2015-05-08,13.359999656677246,83.91999816894531,0.159199236751427
2015-05-11,13.350000381469728,80.94000244140625,0.16493699010120497
2015-05-12,14.729999542236328,84.37000274658203,0.17458811263145377
2015-05-13,13.630000114440918,86.5199966430664,0.1575358373009508
2015-05-14,13.140000343322754,83.38999938964844,0.1575728557320733
2015-05-15,12.460000038146973,81.37000274658203,0.15312768363732615
2015-05-18,13.079999923706056,82.29000091552734,0.15895005198909876
2015-05-19,12.949999809265137,81.44999694824219,0.1589932510064338
2015-05-20,12.899999618530272,77.83000183105469,0.16574584755287886
2015-05-21,13.029999732971191,77.72000122070312,0.16765310767262634
2015-05-22,12.369999885559082,73.06999969482422,0.16928972132506098
2015-05-26,13.449999809265137,78.31999969482422,0.17173135676293907
2015-05-27,14.15999984741211,80.86000061035156,0.17511748380569972
2015-05-28,13.489999771118164,78.83000183105469,0.17112773636653458
2015-05-29,13.59000015258789,78.94000244140625,0.17215606450829743
2015-06-01,13.920000076293944,79.01000213623047,0.1761802265527449
2015-06-02,14.720000267028809,80.47000122070312,0.18292531432498205
2015-06-03,13.729999542236328,79.41999816894531,0.1728783663911618
2015-06-04,14.56999969482422,80.66000366210938,0.18063475121894376
2015-06-05,15.010000228881836,87.8499984741211,0.17085942503804927
2015-06-08,14.84000015258789,85.66999816894531,0.17322283727989238
2015-06-09,15.18000030517578,86.23999786376953,0.17602041606210522
2015-06-10,14.239999771118164,88.33000183105469,0.1612136247699219
2015-06-11,13.039999961853027,81.04000091552734,0.1609081911961646
2015-06-12,13.3100004196167,80.52999877929688,0.16528002758443494
2015-06-15,15.479999542236328,90.31999969482422,0.17139060667117573
2015-06-16,15.619999885559082,95.6500015258789,0.16330370764639204
2015-06-17,14.65999984741211,94.66999816894533,0.1548537037177322
2015-06-18,14.029999732971191,91.44000244140624,0.15343393873990174
2015-06-19,13.350000381469728,89.83000183105469,0.14861404997605784
2015-06-22,13.420000076293944,89.2699966430664,0.15033046466834693
2015-06-23,12.5,82.56999969482422,0.15138670275159932
2015-06-24,12.56999969482422,80.37000274658203,0.15640163326184278
2015-06-25,12.960000038146973,80.73999786376953,0.16051523880411836
2015-06-26,14.130000114440918,81.51000213623047,0.1733529596873886
2015-06-29,16.700000762939453,92.38999938964844,0.18075550247065544
2015-06-30,17.600000381469727,108.5999984741211,0.16206262089095452
2015-07-01,16.6299991607666,101.0999984741211,0.1644905975446027
2015-07-02,15.43000030517578,97.33000183105467,0.15853282661968054
2015-07-06,18.649999618530277,110.62000274658205,0.16859518310856783
2015-07-07,17.219999313354492,106.8499984741211,0.16116050125658307
2015-07-08,17.3799991607666,104.86000061035156,0.16574479362582498
2015-07-09,17.459999084472656,106.30999755859376,0.1642366615129439
2015-07-10,17.450000762939453,106.8499984741211,0.16331306515802915
2015-07-13,15.289999961853027,96.02999877929688,0.159221078373578
2015-07-14,13.90999984741211,86.19999694824219,0.1613689134555795
2015-07-15,13.350000381469728,90.12999725341795,0.14811939185944514
2015-07-16,12.59000015258789,87.4800033569336,0.14391860618955976
2015-07-17,11.770000457763672,86.4800033569336,0.13610083257264355
2015-07-20,12.25,85.73999786376953,0.1428738080850406
2015-07-21,12.420000076293944,84.93000030517578,0.1462380787903641
2015-07-22,12.770000457763672,84.61000061035156,0.15092779063520456
2015-07-23,12.0600004196167,79.23999786376953,0.15219587007498933
2015-07-24,12.869999885559082,82.02999877929688,0.15689382027404436
2015-07-27,15.600000381469728,94.44000244140624,0.1651842437334592
2015-07-28,14.869999885559082,92.3499984741211,0.1610178682322994
2015-07-29,13.56999969482422,84.41999816894531,0.16074389942140596
2015-07-30,12.720000267028809,83.93000030517578,0.15155486978169824
2015-07-31,12.029999732971191,81.70999908447266,0.14722799985023194
2015-08-03,12.850000381469728,83.66999816894531,0.153579546583988
2015-08-04,12.65999984741211,80.05000305175781,0.1581511475924186
2015-08-05,12.020000457763672,79.01000213623047,0.15213264311825445
2015-08-06,12.199999809265137,79.38999938964844,0.15367174585034546
2015-08-07,13.56999969482422,83.9800033569336,0.16158608183365653
2015-08-10,12.729999542236328,81.80999755859375,0.15560444838198265
2015-08-11,13.239999771118164,85.6500015258789,0.1545825981931563
2015-08-12,15.1899995803833,94.05999755859376,0.16149266398737505
2015-08-13,13.869999885559082,87.36000061035156,0.15876831259906815
2015-08-14,13.6899995803833,89.33999633789062,0.1532348348057536
2015-08-17,14.31999969482422,91.38999938964844,0.1566911017667237
2015-08-18,13.40999984741211,87.5199966430664,0.15322212479168884
2015-08-19,14.84000015258789,89.8499984741211,0.1651641669961982
2015-08-20,16.549999237060547,96.12999725341795,0.172162693331109
2015-08-21,22.549999237060547,113.2699966430664,0.19908183901620077
2015-08-24,28.030000686645508,212.22000122070312,0.13207991954299847
2015-08-25,31.1299991607666,146.75999450683594,0.21211501993696652
2015-08-26,31.1299991607666,142.97999572753906,0.217722759064055
2015-08-27,27.11000061035156,128.69000244140625,0.21066127978896412
2015-08-28,26.690000534057617,130.69000244140625,0.20422373582878958
2015-08-31,27.030000686645508,128.27000427246094,0.2107273702839405
2015-09-01,31.90999984741211,135.1699981689453,0.23607309521102948
2015-09-02,29.13999938964844,125.62000274658205,0.23196942168862755
2015-09-03,25.209999084472656,113.1999969482422,0.22270317812816975
2015-09-04,27.43000030517578,121.1500015258789,0.22641353660500324
2015-09-08,25.049999237060547,120.51000213623048,0.20786655707418197
2015-09-09,22.38999938964844,128.74000549316406,0.17391640853112533
2015-09-10,26.8700008392334,132.27999877929688,0.20312973304501436
2015-09-11,25.3799991607666,126.29000091552734,0.20096602246240172
2015-09-14,24.030000686645508,120.0199966430664,0.20021664188268187
2015-09-15,23.280000686645508,116.69000244140624,0.19950295826187112
2015-09-16,22.56999969482422,108.51000213623048,0.20799925583347034
2015-09-17,21.540000915527344,108.4499969482422,0.19861688816650974
2015-09-18,23.06999969482422,120.79000091552734,0.1909926278662575
2015-09-21,21.96999931335449,115.0199966430664,0.1910102586903429
2015-09-22,22.96999931335449,111.91000366210938,0.20525420929042199
2015-09-23,22.09000015258789,110.47000122070312,0.19996379024614344
2015-09-24,23.530000686645508,110.5199966430664,0.21290265473530204
2015-09-25,21.1200008392334,105.87999725341795,0.19947111245841684
2015-09-28,25.020000457763672,113.4000015258789,0.22063492170283508
2015-09-29,26.56999969482422,113.94000244140624,0.23319290087331593
2015-09-30,24.63999938964844,107.0999984741211,0.23006535705602538
2015-10-01,23.13999938964844,102.62999725341795,0.22547013552490175
2015-10-02,23.989999771118164,102.13999938964844,0.2348737019235725
2015-10-05,20.309999465942383,94.83999633789062,0.21415015025499426
2015-10-06,19.540000915527344,92.5,0.21124325314083614
2015-10-07,18.959999084472656,91.02999877929688,0.20828297636739906
2015-10-08,18.6200008392334,90.56999969482422,0.20558684886798637
2015-10-09,17.149999618530273,88.13999938964844,0.1945768066404644
2015-10-12,17.68000030517578,91.56999969482422,0.19307633902039972
2015-10-13,17.079999923706055,92.19000244140624,0.1852695462782062
2015-10-14,17.670000076293945,101.48999786376952,0.17410582765025245
2015-10-15,17.6200008392334,100.9499969482422,0.17454186599200494
2015-10-16,15.640000343322754,97.19000244140624,0.1609219050359812
2015-10-19,15.68000030517578,99.16999816894533,0.15811233835522956
2015-10-20,15.170000076293944,94.69000244140624,0.1602069879096378
2015-10-21,14.979999542236328,94.97000122070312,0.15773401442234308
2015-10-22,15.020000457763672,100.51000213623048,0.14943786825718777
2015-10-23,13.460000038146973,95.69000244140624,0.14066255298079777
2015-10-26,14.760000228881836,99.3499984741211,0.1485656814854059
2015-10-27,15.75,98.08000183105467,0.16058319439195953
2015-10-28,15.140000343322754,94.62999725341795,0.15999155429306441
2015-10-29,14.800000190734863,89.95999908447266,0.16451756715601595
2015-10-30,14.600000381469728,88.70999908447266,0.16458122570339692
2015-11-02,15.40999984741211,93.31999969482422,0.16513073186675964
2015-11-03,14.329999923706056,86.70999908447266,0.16526352295017105
2015-11-04,14.039999961853027,86.80000305175781,0.1617511459473238
2015-11-05,15.390000343322754,88.72000122070312,0.17346708894917648
2015-11-06,14.90999984741211,88.08000183105469,0.16927792390389387
2015-11-09,15.34000015258789,88.20999908447266,0.17390318911462438
2015-11-10,16.690000534057617,92.48999786376952,0.18045195069244865
2015-11-11,15.06999969482422,89.0,0.16932583926768788
2015-11-12,17.059999465942383,93.54000091552734,0.18238186122478942
2015-11-13,18.68000030517578,98.73999786376952,0.18918372199023512
2015-11-16,20.51000022888184,106.0,0.19349056819699847
2015-11-17,17.81999969482422,96.83999633789062,0.18401487369585723
2015-11-18,19.01000022888184,99.58999633789062,0.1908826280541711
2015-11-19,16.25,93.83999633789062,0.17316709968197846
2015-11-20,16.1299991607666,93.7699966430664,0.1720166336591129
2015-11-23,16.149999618530273,92.52999877929688,0.17453798585960595
2015-11-24,16.530000686645508,92.62999725341795,0.17845191813427985
2015-11-25,15.550000190734863,89.23999786376953,0.17424922190689557
2015-11-27,15.3100004196167,88.08000183105469,0.17381925637311688
2015-11-30,15.550000190734863,89.37000274658203,0.1739957448007304
2015-12-01,15.609999656677246,89.7300033569336,0.17396633314035237
2015-12-02,15.039999961853027,87.80999755859375,0.1712789019475505
2015-12-03,15.869999885559082,93.04000091552734,0.1705717941680561
2015-12-04,17.43000030517578,99.16999816894533,0.17575880434607
2015-12-07,15.649999618530272,91.79000091552734,0.17049786972910785
2015-12-08,17.690000534057617,99.72000122070312,0.17739671397421675
2015-12-09,18.049999237060547,107.41000366210938,0.16804765498232618
2015-12-10,19.25,113.06999969482422,0.1702485190762866
2015-12-11,21.36000061035156,116.8499984741211,0.18279846717398274
2015-12-14,24.700000762939453,128.86000061035156,0.19168089900626042
2015-12-15,20.76000022888184,116.97000122070312,0.17748140559314127
2015-12-16,19.25,110.9499969482422,0.17350158205934932
2015-12-17,16.18000030517578,108.41999816894533,0.14923446392208303
2015-12-18,19.34000015258789,115.12000274658205,0.1679986074632204
2015-12-21,19.63999938964844,113.62999725341795,0.1728416779404408
2015-12-22,17.610000610351562,107.20999908447266,0.16425707266797318
2015-12-23,15.859999656677246,100.20999908447266,0.15826763598019752
2015-12-24,15.4399995803833,100.05999755859376,0.15430741512203064
2015-12-28,17.649999618530273,102.62000274658205,0.17199375507830164
2015-12-29,15.90999984741211,97.58000183105467,0.16304570146409628
2015-12-30,16.5,96.75,0.17054263565891473
2015-12-31,17.969999313354492,101.0999984741211,0.17774480301257703
2016-01-04,22.479999542236328,110.08000183105467,0.20421510872372184
2016-01-05,20.75,106.54000091552734,0.194762528831327
2016-01-06,21.670000076293945,108.47000122070312,0.19977873912071
2016-01-07,23.21999931335449,110.97000122070312,0.20924573360302395
2016-01-08,22.959999084472656,110.73999786376952,0.20733248625052045
2016-01-11,25.57999992370605,114.2699966430664,0.22385578607836754
2016-01-12,22.96999931335449,105.73999786376952,0.21723094171940466
2016-01-13,21.71999931335449,106.12000274658205,0.2046739422465201
2016-01-14,24.75,114.94000244140624,0.215329732680465
2016-01-15,28.959999084472656,119.38999938964844,0.242566372665411
2016-01-19,25.399999618530277,114.01000213623048,0.2227874672625638
2016-01-20,27.780000686645508,118.51000213623048,0.23441059983031337
2016-01-21,27.790000915527344,113.51000213623048,0.24482424801802768
2016-01-22,24.209999084472656,105.68000030517578,0.22908780293868855
2016-01-25,23.299999237060547,100.16999816894533,0.2326045688626558
2016-01-26,23.75,101.62999725341795,0.23369084563466574
2016-01-27,22.8799991607666,98.5999984741211,0.23204867662114384
2016-01-28,22.149999618530277,97.81999969482422,0.22643630839943932
2016-01-29,21.59000015258789,95.47000122070312,0.22614433724240904
2016-02-01,21.31999969482422,92.58000183105467,0.23028731122440657
2016-02-02,21.34000015258789,92.0999984741211,0.2317046743337803
2016-02-03,21.489999771118164,97.26000213623048,0.22095413632643637
2016-02-04,22.290000915527344,98.0999984741211,0.22721713824906403
2016-02-05,22.09000015258789,95.36000061035156,0.2316484900503447
2016-02-08,25.88999938964844,106.12999725341795,0.2439461043971208
2016-02-09,28.299999237060547,107.58999633789062,0.2630355999658489
2016-02-10,25.75,106.52999877929688,0.24171595132885965
2016-02-11,29.01000022888184,114.19000244140624,0.25405026367144184
2016-02-12,27.15999984741211,105.79000091552734,0.25673503745499726
2016-02-16,24.959999084472656,101.69000244140624,0.24545184861072852
2016-02-17,23.399999618530277,92.7699966430664,0.25223671947043436
2016-02-18,22.15999984741211,88.1500015258789,0.25138967060489975
2016-02-19,22.38999938964844,88.38999938964844,0.25330919271700536
2016-02-22,20.13999938964844,86.1500015258789,0.2337782824484166
2016-02-23,19.75,87.0199966430664,0.22695932845193512
2016-02-24,22.280000686645508,92.0999984741211,0.2419109778042602
2016-02-25,20.540000915527344,86.12000274658203,0.2385044154720785
2016-02-26,18.88999938964844,83.27999877929688,0.22682516410344172
2016-02-29,20.489999771118164,85.80000305175781,0.23881117764946722
2016-03-01,19.84000015258789,84.05000305175781,0.2360499635005422
2016-03-02,17.979999542236328,81.01000213623047,0.22194789616225738
2016-03-03,17.25,79.2699966430664,0.21761070683114284
2016-03-04,16.479999542236328,78.94999694824219,0.20873971094692048
2016-03-07,17.979999542236328,84.41000366210938,0.2130079227837699
2016-03-08,18.3799991607666,83.87000274658203,0.2191486653017386
2016-03-09,18.559999465942383,94.2300033569336,0.19696486049818981
2016-03-10,18.170000076293945,92.33000183105467,0.19679410501411437
2016-03-11,17.09000015258789,92.8000030517578,0.18415947834674318
2016-03-14,17.010000228881836,92.8000030517578,0.18329741023170834
2016-03-15,17.600000381469727,91.91000366210938,0.19149167316076895
2016-03-16,15.960000038146973,90.75,0.17586776901539364
2016-03-17,15.34000015258789,85.41000366210938,0.17960425588171713
2016-03-18,14.050000190734863,83.44000244140625,0.1683844652401723
2016-03-21,14.56999969482422,86.79000091552734,0.16787647817869242
2016-03-22,14.56999969482422,87.88999938964844,0.16577539874849806
2016-03-23,14.56999969482422,86.3499984741211,0.16873190448510336
2016-03-24,16.299999237060547,88.37999725341797,0.18443086381098714
2016-03-28,15.649999618530272,86.72000122070312,0.1804658602194999
2016-03-29,15.739999771118164,84.08999633789062,0.18718040738010808
2016-03-30,13.6899995803833,80.45999908447266,0.1701466534446584
2016-03-31,13.729999542236328,81.33000183105469,0.16881838476725233
2016-04-01,15.229999542236328,85.08999633789062,0.1789869573123298
2016-04-04,13.880000114440918,83.83999633789062,0.165553443710827
2016-04-05,15.390000343322754,87.5,0.1758857182094029
2016-04-06,15.609999656677246,88.58999633789062,0.17620499268494413
2016-04-07,15.140000343322754,87.19999694824219,0.1736238632245497
2016-04-08,15.34000015258789,90.05999755859375,0.1703308968291673
2016-04-11,15.34000015258789,89.94999694824219,0.17053919592031366
2016-04-12,15.979999542236328,91.76000213623048,0.17414994736499456
2016-04-13,14.489999771118164,91.0500030517578,0.1591433199939736
2016-04-14,13.899999618530272,87.9000015258789,0.1581342363735674
2016-04-15,13.770000457763672,88.69999694824219,0.15524240058090058
2016-04-18,14.869999885559082,92.2300033569336,0.1612273592576119
2016-04-19,13.18000030517578,86.69000244140625,0.15203598954890027
2016-04-20,13.390000343322754,85.1500015258789,0.15725190961098512
2016-04-21,13.199999809265137,88.30999755859375,0.14947344778836538
2016-04-22,13.699999809265137,87.76000213623047,0.15610756011603705
2016-04-25,14.06999969482422,86.5999984741211,0.16247113097846988
2016-04-26,14.010000228881836,85.38999938964844,0.16407073813119413
2016-04-27,14.149999618530272,85.55999755859375,0.1653810194283839
2016-04-28,14.529999732971191,84.91000366210938,0.1711223543316737
2016-04-29,15.210000038146973,87.70999908447266,0.17341238395748207
2016-05-02,16.329999923706055,92.25,0.17701896936266726
2016-05-03,14.920000076293944,91.7300033569336,0.16265125400942423
2016-05-04,15.470000267028809,92.5,0.16724324613004118
2016-05-05,15.539999961853027,91.52999877929688,0.16978040171642625
2016-05-06,16.200000762939453,92.31999969482422,0.17547661196372039
2016-05-09,15.199999809265137,90.72000122070312,0.16754849652489157
2016-05-10,13.979999542236328,85.73999786376953,0.1630510833980758
2016-05-11,13.920000076293944,88.55000305175781,0.1571993178606403
2016-05-12,14.550000190734863,90.51000213623048,0.16075571591341953
2016-05-13,15.149999618530272,90.95999908447266,0.1665567257147923
2016-05-16,15.720000267028809,94.01000213623048,0.16721625263074516
2016-05-17,14.56999969482422,91.04000091552734,0.1600395380964812
2016-05-18,15.720000267028809,91.80999755859376,0.1712231857646679
2016-05-19,16.3700008392334,90.7699966430664,0.18034594518720679
2016-05-20,16.1299991607666,89.79000091552734,0.17964137427664564
2016-05-23,16.329999923706055,86.94999694824219,0.18780909139567473
2016-05-24,16.030000686645508,83.9800033569336,0.1908787812083605
2016-05-25,14.1899995803833,78.69999694824219,0.18030495718717107
2016-05-26,13.800000190734863,78.58000183105469,0.17561720373084957
2016-05-27,13.489999771118164,77.95999908447266,0.17303745420136846
2016-05-31,13.9399995803833,79.81999969482422,0.17464294204059255
2016-06-01,14.449999809265137,79.9800033569336,0.1806701575739862
2016-06-02,14.420000076293944,80.23999786376953,0.1797108731330731
2016-06-03,13.779999732971191,80.62000274658203,0.17092531956723864
2016-06-06,13.84000015258789,81.26000213623047,0.1703174967850168
2016-06-07,12.770000457763672,80.54000091552734,0.15855475928237464
2016-06-08,13.84000015258789,86.0999984741211,0.16074332633986924
2016-06-09,14.010000228881836,87.37999725341797,0.16033418023864515
2016-06-10,14.890000343322754,93.12000274658205,0.15990120171972708
2016-06-13,18.239999771118164,104.8000030517578,0.17404579427454728
2016-06-14,21.280000686645508,123.95999908447266,0.17166828689748725
2016-06-15,20.25,114.69000244140624,0.17656290495194196
2016-06-16,20.799999237060547,116.4000015258789,0.17869414917865045
2016-06-17,19.420000076293945,115.62999725341795,0.1679494987250802
2016-06-20,17.420000076293945,109.70999908447266,0.1587822461185255
2016-06-21,17.670000076293945,110.2699966430664,0.1602430453815109
2016-06-22,18.26000022888184,112.83000183105467,0.1618363904329572
2016-06-23,19.540000915527344,114.8000030517578,0.17020906268371525
2016-06-24,26.059999465942383,131.9499969482422,0.19749905319182767
2016-06-27,24.3799991607666,124.73999786376952,0.19544652539911359
2016-06-28,21.76000022888184,108.66000366210938,0.20025767987774998
2016-06-29,18.1200008392334,104.95999908447266,0.17263720462354687
2016-06-30,16.90999984741211,99.0199966430664,0.17077358534324072
2016-07-01,15.59000015258789,95.1999969482422,0.16376051105404735
2016-07-05,16.049999237060547,94.51000213623048,0.1698232872106535
2016-07-06,15.869999885559082,94.22000122070312,0.16843557291391692
2016-07-07,14.800000190734863,89.08000183105469,0.16614279172113072
2016-07-08,14.640000343322754,86.94999694824219,0.16837263780512096
2016-07-11,13.25,84.86000061035156,0.15613952279872728
2016-07-12,12.93000030517578,83.08000183105469,0.15563312494226067
2016-07-13,13.31999969482422,86.83000183105469,0.15340319490884005
2016-07-14,12.5,82.80000305175781,0.15096617801072207
2016-07-15,13.119999885559082,86.05000305175781,0.15246948774269764
2016-07-18,12.75,89.87999725341797,0.14185581207853387
2016-07-19,12.529999732971191,87.0999984741211,0.1438576343568372
2016-07-20,11.9399995803833,87.91000366210938,0.13582071531103385
2016-07-21,11.800000190734863,88.19999694824219,0.1337868548641717
2016-07-22,12.800000190734863,91.72000122070312,0.1395551681245032
2016-07-25,12.640000343322754,90.61000061035156,0.13949895439994867
2016-07-26,12.880000114440918,91.63999938964844,0.1405499803603865
2016-07-27,12.609999656677246,90.37000274658205,0.1395374490807369
2016-07-28,12.510000228881836,90.87000274658205,0.1376691961127115
2016-07-29,12.850000381469728,90.2699966430664,0.14235073512054605
2016-08-01,11.890000343322754,92.38999938964844,0.12869358612264406
2016-08-02,12.390000343322754,91.91000366210938,0.1348057866352869
2016-08-03,13.529999732971191,93.81999969482422,0.144212319089547
2016-08-04,12.729999542236328,88.91000366210938,0.14317848406142233
2016-08-05,12.079999923706056,86.4800033569336,0.13968547010628132
2016-08-08,11.65999984741211,87.47000122070312,0.1333028430855026
2016-08-09,11.399999618530272,82.9000015258789,0.1375150712750172
2016-08-10,11.550000190734863,87.02999877929688,0.13271286168835883
2016-08-11,11.93000030517578,93.6999969482422,0.12732124539732534
2016-08-12,11.609999656677246,96.44000244140624,0.12038572545382399
2016-08-15,11.8100004196167,94.3499984741211,0.12517223752638448
2016-08-16,12.039999961853027,93.3000030517578,0.1290460832586885
2016-08-17,12.56999969482422,90.7300033569336,0.13854292108172417
2016-08-18,12.199999809265137,85.66999816894531,0.1424069110542778
2016-08-19,11.670000076293944,84.02999877929688,0.13887897472121793
2016-08-22,12.529999732971191,85.38999938964844,0.14673849189054056
2016-08-23,12.149999618530272,82.44999694824219,0.14736203842624043
2016-08-24,12.699999809265137,83.37000274658203,0.15233296618532025
2016-08-25,13.619999885559082,87.23999786376953,0.1561210479031364
2016-08-26,13.539999961853027,85.7699966430664,0.1578640607647452
2016-08-29,14.09000015258789,90.31999969482422,0.156000887956107
2016-08-30,12.9399995803833,86.2300033569336,0.15006377219794947
2016-08-31,13.140000343322754,85.19999694824219,0.15422536166644607
2016-09-01,13.06999969482422,84.7300033569336,0.1542546816594063
2016-09-02,13.470000267028809,82.9000015258789,0.16248492182263563
2016-09-06,12.420000076293944,84.33000183105469,0.14727854626608408
2016-09-07,11.890000343322754,82.5199966430664,0.14408629213537164
2016-09-08,11.739999771118164,84.22000122070312,0.13939681311987698
2016-09-09,12.520000457763672,89.66999816894531,0.1396230702957639
2016-09-12,20.1299991607666,110.18000030517578,0.18270102654756465
2016-09-13,15.979999542236328,103.83999633789062,0.15389060194337967
2016-09-14,17.6299991607666,112.33999633789062,0.15693430421468033
2016-09-15,17.969999313354492,111.0500030517578,0.1618189898201002
2016-09-16,16.40999984741211,109.4800033569336,0.14989038494921483
2016-09-19,15.140000343322754,100.19000244140624,0.15111288526195044
2016-09-20,14.979999542236328,99.77999877929688,0.15013028387954333
2016-09-21,15.06999969482422,99.31999969482422,0.1517317734708929
2016-09-22,13.390000343322754,88.41000366210938,0.15145345310127412
2016-09-23,12.0,89.37999725341797,0.13425822744183524
2016-09-26,13.260000228881836,94.83999633789062,0.13981443210562608
2016-09-27,13.359999656677246,96.56999969482422,0.13834523867553963
2016-09-28,12.899999618530272,88.0199966430664,0.1465576018008908
2016-09-29,12.529999732971191,88.27999877929688,0.1419347519962776
2016-09-30,14.90999984741211,92.77999877929688,0.16070273812871788
2016-10-03,13.75,94.80999755859376,0.14502689963157447
2016-10-04,13.399999618530272,91.3499984741211,0.14668855875598522
2016-10-05,13.5600004196167,89.66999816894531,0.15122115196287386
2016-10-06,13.109999656677246,90.9000015258789,0.1442244162443152
2016-10-07,13.520000457763672,89.75,0.15064067362410777
2016-10-10,14.1899995803833,92.4000015258789,0.15357142149406827
2016-10-11,13.710000038146973,91.94000244140624,0.1491189871012285
2016-10-12,15.529999732971191,101.41000366210938,0.15314070774236435
2016-10-13,16.8799991607666,104.9800033569336,0.16079251877497422
2016-10-14,16.489999771118164,100.88999938964844,0.1634453352252679
2016-10-17,17.010000228881836,99.45999908447266,0.17102353092156197
2016-10-18,15.81999969482422,97.1999969482422,0.1627572036164587
2016-10-19,15.449999809265137,94.86000061035156,0.1628715971943517
2016-10-20,14.43000030517578,94.12000274658205,0.15331491589549281
2016-10-21,14.039999961853027,90.87000274658205,0.15450643267842448
2016-10-24,13.1899995803833,86.47000122070312,0.1525384456363958
2016-10-25,12.90999984741211,85.38999938964844,0.15118866307167522
2016-10-26,13.65999984741211,88.2300033569336,0.15482261507064346
2016-10-27,14.369999885559082,87.06999969482422,0.16503962255570434
2016-10-28,15.670000076293944,90.52999877929688,0.17309179595258634
2016-10-31,16.309999465942383,99.69000244140624,0.16360717290110152
2016-11-01,16.540000915527344,102.41000366210938,0.16150766843148712
2016-11-02,19.09000015258789,107.66000366210938,0.17731747634434236
2016-11-03,19.850000381469727,110.55999755859376,0.1795405283990692
2016-11-04,21.86000061035156,115.87999725341795,0.18864343397028158
2016-11-07,19.780000686645508,110.08000183105467,0.17968750324879965
2016-11-08,18.920000076293945,112.0,0.16892857210976736
2016-11-09,20.700000762939453,113.41999816894533,0.1825075039421678
2016-11-10,14.010000228881836,95.63999938964844,0.14648682892398893
2016-11-11,14.829999923706056,105.4000015258789,0.14070208452572783
2016-11-14,14.6899995803833,99.98999786376952,0.14691469041131053
2016-11-15,14.15999984741211,98.20999908447266,0.14418083677236135
2016-11-16,13.510000228881836,93.47000122070312,0.1445383551133349
2016-11-17,13.369999885559082,91.9800033569336,0.1453576799043597
2016-11-18,13.5600004196167,88.1500015258789,0.1538287031751869
2016-11-21,13.270000457763672,86.0,0.15430233090422873
2016-11-22,12.260000228881836,81.30999755859375,0.1507809690935855
2016-11-23,12.34000015258789,83.08999633789062,0.14851366826887938
2016-11-25,12.520000457763672,83.5199966430664,0.14990422606539996
2016-11-28,13.399999618530272,85.29000091552734,0.1571110267873236
2016-11-29,13.06999969482422,86.86000061035156,0.1504720193758161
2016-11-30,12.600000381469728,85.37999725341797,0.14757555383928428
2016-12-01,13.399999618530272,88.05999755859375,0.1521689755852437
2016-12-02,14.15999984741211,99.05999755859376,0.14294367248531883
2016-12-05,13.75,95.0500030517578,0.14466070024756003
2016-12-06,12.1899995803833,87.93000030517578,0.13863299827221504
2016-12-07,11.59000015258789,88.16999816894531,0.13145061124283938
2016-12-08,12.100000381469728,89.5199966430664,0.1351653355139721
2016-12-09,12.59000015258789,91.25,0.13797260441192208
2016-12-12,12.229999542236328,91.52999877929688,0.13361738998517966
2016-12-13,12.460000038146973,91.5500030517578,0.13610048741454123
2016-12-14,12.880000114440918,95.5999984741211,0.13472803682028858
2016-12-15,13.06999969482422,94.79000091552734,0.13788373845962537
2016-12-16,12.880000114440918,92.69000244140624,0.13895781395175796
2016-12-19,12.5,93.33000183105467,0.13393335213501242
2016-12-20,11.649999618530272,89.43000030517578,0.1302694798029205
2016-12-21,11.4399995803833,87.73999786376953,0.13038522747795983
2016-12-22,11.31999969482422,88.16000366210938,0.12840289501586633
2016-12-23,11.380000114440918,90.0,0.1264444457160102
2016-12-27,12.260000228881836,90.20999908447266,0.13590511421468446
2016-12-28,11.890000343322754,85.55999755859375,0.13896681489711551
2016-12-29,13.149999618530272,89.11000061035156,0.14757041329211582
2016-12-30,13.199999809265137,88.06999969482422,0.14988077500857408
2017-01-03,14.06999969482422,90.16000366210938,0.15605589089763175
2017-01-04,12.779999732971191,85.05000305175781,0.15026454173310055
2017-01-05,11.960000038146973,83.06999969482422,0.14397496186450756
2017-01-06,11.699999809265137,80.33000183105469,0.1456491913677767
2017-01-09,11.710000038146973,83.70999908447266,0.13988770954746144
2017-01-10,11.59000015258789,83.25,0.1392192210521068
2017-01-11,11.5600004196167,89.4800033569336,0.1291908804864941
2017-01-12,11.479999542236328,87.94000244140625,0.13054354359252338
2017-01-13,11.449999809265137,89.58999633789062,0.1278044455552963
2017-01-17,12.199999809265137,96.08999633789062,0.1269643071518609
2017-01-18,11.789999961853027,92.0,0.12815217349840247
2017-01-19,12.579999923706056,85.81999969482422,0.1465858770501109
2017-01-20,12.579999923706056,86.80000305175781,0.14493086960152238
2017-01-23,12.300000190734863,85.68000030517578,0.1435574246839941
2017-01-24,11.81999969482422,83.76000213623047,0.1411174712674878
2017-01-25,10.789999961853027,79.05000305175781,0.13649588292600442
2017-01-26,10.609999656677246,79.56999969482422,0.1333417078970706
2017-01-27,10.56999969482422,81.26000213623047,0.13007629112664637
2017-01-30,11.100000381469728,86.83999633789062,0.1278212902990013
2017-01-31,12.289999961853027,92.93000030517578,0.13225007986111595
2017-02-01,11.789999961853027,87.83999633789062,0.13422131663690995
2017-02-02,12.369999885559082,89.06999969482422,0.13887953214260415
2017-02-03,11.84000015258789,88.43000030517578,0.1338912146525787
2017-02-06,11.369999885559082,92.05999755859376,0.12350641089602872
2017-02-07,11.390000343322754,89.80000305175781,0.12683741599382717
2017-02-08,11.1899995803833,97.52999877929688,0.11473392515574041
2017-02-09,11.4399995803833,93.66000366210938,0.12214391557846384
2017-02-10,10.850000381469728,88.43000030517578,0.12269592156537266
2017-02-13,11.359999656677246,85.91999816894531,0.13221601371941338
2017-02-14,11.170000076293944,82.0999984741211,0.13605359663697025
2017-02-15,10.84000015258789,79.4000015258789,0.1365239287691298
2017-02-16,12.020000457763672,80.94000244140625,0.14850506665681337
2017-02-17,11.84000015258789,82.0,0.14439024576326695
2017-02-21,12.050000190734863,82.69999694824219,0.14570738374121536
2017-02-22,11.479999542236328,83.58000183105469,0.13735342534978098
2017-02-23,11.65999984741211,83.01000213623047,0.14046499876335983
2017-02-24,11.8100004196167,87.70999908447266,0.13464827890652012
2017-02-27,11.779999732971191,87.08999633789062,0.13526237488020212
2017-02-28,12.1899995803833,86.02999877929688,0.14169475477566582
2017-03-01,12.3100004196167,84.91000366210938,0.144977033196266
2017-03-02,12.43000030517578,84.75,0.14666667026756083
2017-03-03,11.960000038146973,82.73999786376953,0.14454919442757272
2017-03-06,11.59000015258789,84.06999969482422,0.13786130836992772
2017-03-07,11.270000457763672,81.91999816894531,0.13757325085043723
2017-03-08,11.489999771118164,81.33999633789062,0.14125891674973898
2017-03-09,11.75,82.19999694824219,0.14294404423638205
2017-03-10,11.970000267028809,82.11000061035156,0.14578005331934873
2017-03-13,12.15999984741211,82.77999877929688,0.1468953856816594
2017-03-14,11.390000343322754,82.81999969482422,0.1375271720030514
2017-03-15,12.119999885559082,85.69000244140625,0.14144006932251618
2017-03-16,11.289999961853027,80.05999755859375,0.1410192393971806
2017-03-17,11.380000114440918,76.47000122070312,0.14881652847888213
2017-03-20,11.710000038146973,79.87000274658203,0.14661324196145833
2017-03-21,11.149999618530272,77.47000122070312,0.1439266741040213
2017-03-22,12.949999809265137,85.29000091552734,0.1518349123022174
2017-03-23,12.649999618530272,84.55000305175781,0.14961560215185912
2017-03-24,12.859999656677246,87.06999969482422,0.14769725165672298
2017-03-27,14.779999732971191,96.75,0.15276485512114926
2017-03-28,12.4399995803833,84.80000305175781,0.14669810297990823
2017-03-29,11.539999961853027,78.58999633789062,0.14683802646125385
2017-03-30,11.369999885559082,79.01000213623047,0.14390582936518245
2017-03-31,11.609999656677246,79.69000244140625,0.1456895382229878
2017-04-03,12.59000015258789,81.45999908447266,0.15455438612922487
2017-04-04,12.710000038146973,84.79000091552734,0.14989975116062804
2017-04-05,11.890000343322754,78.77999877929688,0.15092663782126647
2017-04-06,13.109999656677246,85.08999633789062,0.15407216148673586
2017-04-07,13.170000076293944,86.27999877929688,0.1526425621537459
2017-04-10,13.239999771118164,92.20999908447266,0.14358529338005016
2017-04-11,14.31999969482422,99.9800033569336,0.1432286378677255
2017-04-12,15.15999984741211,109.29000091552734,0.13871351194451548
2017-04-13,15.890000343322754,112.0500030517578,0.1418116904109578
2017-04-17,16.190000534057617,111.58000183105467,0.1450976901628949
2017-04-18,14.5,102.58999633789062,0.14133931686909093
2017-04-19,14.0,97.4000015258789,0.1437371640726334
2017-04-20,14.59000015258789,96.5,0.15119171142578125
2017-04-21,13.850000381469728,95.16999816894533,0.1455290600813428
2017-04-24,11.5600004196167,85.33000183105469,0.13547404396526797
2017-04-25,10.8100004196167,75.08999633789062,0.14396059324565372
2017-04-26,10.609999656677246,76.44000244140625,0.13880166559139184
2017-04-27,10.720000267028809,76.62999725341797,0.13989300079937897
2017-04-28,10.390000343322754,76.95999908447266,0.1350052035722935
2017-05-01,10.920000076293944,78.0199966430664,0.13996411876626758
2017-05-02,10.149999618530272,78.33999633789062,0.12956344259644842
2017-05-03,10.5600004196167,79.86000061035156,0.13223140920246748
2017-05-04,10.710000038146973,78.19999694824219,0.1369565275716768
2017-05-05,10.510000228881836,78.38999938964844,0.1340732275891522
2017-05-08,10.529999732971191,81.66999816894531,0.12893351253894336
2017-05-09,9.869999885559082,82.81999969482422,0.11917411159053531
2017-05-10,9.75,87.83000183105469,0.11100990318495726
2017-05-11,10.34000015258789,89.05000305175781,0.11611454012615874
2017-05-12,10.720000267028809,87.05000305175781,0.12314761506274684
2017-05-15,10.539999961853027,83.63999938964844,0.12601626062610294
2017-05-16,10.460000038146973,79.41000366210938,0.13172144006760675
2017-05-17,11.890000343322754,89.38999938964844,0.1330126459839717
2017-05-18,14.0600004196167,113.30999755859376,0.12408437668835116
2017-05-19,14.229999542236328,97.47000122070312,0.14599363254356668
2017-05-22,12.289999961853027,87.44000244140625,0.14055351805472083
2017-05-23,11.0,83.6500015258789,0.13150029646558842
2017-05-24,10.609999656677246,82.55000305175781,0.12852815583816404
2017-05-25,9.81999969482422,81.95999908447266,0.11981454129474998
2017-05-26,9.93000030517578,82.48999786376953,0.12037823448092413
2017-05-30,10.609999656677246,85.1500015258789,0.1246036343693152
2017-05-31,10.100000381469728,83.44000244140625,0.12104506335030626
2017-06-01,10.420000076293944,84.29000091552734,0.12362083240142
2017-06-02,10.079999923706056,84.44000244140625,0.11937469957678729
2017-06-05,10.079999923706056,85.76000213623047,0.11753730961542998
2017-06-06,10.1899995803833,87.54000091552734,0.11640392362134254
2017-06-07,10.479999542236328,87.62000274658203,0.1196073865980921
2017-06-08,10.270000457763672,87.41999816894531,0.1174788454915793
2017-06-09,9.93000030517578,83.33000183105469,0.11916476763444825
2017-06-12,11.1899995803833,90.12000274658205,0.12416776785781557
2017-06-13,11.119999885559082,89.70999908447266,0.12395496599089559
2017-06-14,10.329999923706056,87.4000015258789,0.11819221674323852
2017-06-15,11.0600004196167,93.8000030517578,0.11791044839853485
2017-06-16,10.630000114440918,90.1500015258789,0.11791458607340587
2017-06-19,10.56999969482422,88.33999633789062,0.11965134857369873
2017-06-20,10.279999732971191,87.61000061035156,0.1173381995360534
2017-06-21,11.029999732971191,89.3499984741211,0.12344711719458919
2017-06-22,10.8100004196167,87.33000183105469,0.12378335271914132
2017-06-23,10.25,86.12999725341797,0.11900615728387523
2017-06-26,10.130000114440918,84.54000091552734,0.11982493499808272
2017-06-27,10.039999961853027,83.52999877929688,0.1201963379453738
2017-06-28,11.170000076293944,85.68000030517578,0.130368814618447
2017-06-29,9.789999961853027,84.44999694824219,0.11592658751489517
2017-06-30,11.739999771118164,92.13999938964844,0.1274148019197524
2017-07-03,11.06999969482422,89.88999938964844,0.12315051474011936
2017-07-05,11.199999809265137,90.45999908447266,0.12381162859405337
2017-07-06,11.199999809265137,93.95999908447266,0.11919965856104389
2017-07-07,12.479999542236328,97.22000122070312,0.12836864210590748
2017-07-10,11.260000228881836,94.6999969482422,0.118901801391144
2017-07-11,10.789999961853027,89.45999908447266,0.12061256508246287
2017-07-12,10.850000381469728,89.95999908447266,0.12060916509438324
2017-07-13,10.06999969482422,87.79000091552734,0.11470554265643193
2017-07-14,10.09000015258789,85.87999725341797,0.11748952579509211
2017-07-17,9.770000457763672,81.77999877929688,0.1194668696942682
2017-07-18,9.859999656677246,82.23999786376953,0.11989299504859333
2017-07-19,9.6899995803833,78.45999908447266,0.12350241770906374
2017-07-20,9.65999984741211,77.52999877929688,0.12459693021421349
2017-07-21,9.520000457763672,76.93000030517578,0.12374886806185512
2017-07-24,9.9399995803833,78.80000305175781,0.12614212176939207
2017-07-25,9.399999618530272,77.45999908447266,0.12135295287415722
2017-07-26,9.25,79.38999938964844,0.1165134156835136
2017-07-27,9.329999923706056,80.76000213623047,0.11552748485528384
2017-07-28,10.619999885559082,89.0999984741211,0.11919191994872635
2017-07-31,10.529999732971191,89.08000183105469,0.11820834661568527
2017-08-01,10.1899995803833,87.30999755859375,0.11671056998420817
2017-08-02,10.079999923706056,84.11000061035156,0.11984306087932062
2017-08-03,10.470000267028809,86.55000305175781,0.12097053608152547
2017-08-04,10.479999542236328,86.51000213623047,0.12114205621834442
2017-08-07,10.1899995803833,89.55999755859375,0.11377847094866872
2017-08-08,10.039999961853027,89.7300033569336,0.11189122463213659
2017-08-09,11.489999771118164,109.30999755859376,0.10511389651215704
2017-08-10,11.56999969482422,113.91999816894533,0.10156249895357013
2017-08-11,16.170000076293945,134.97999572753906,0.11979552962005975
2017-08-14,14.050000190734863,115.58000183105467,0.12156082339635187
2017-08-15,11.779999732971191,97.80999755859376,0.12043758334534566
2017-08-16,11.59000015258789,97.54000091552734,0.11882304740416384
2017-08-17,11.8100004196167,98.38999938964844,0.12003252863988963
2017-08-18,15.380000114440918,114.7699966430664,0.13400714964096908
2017-08-21,14.59000015258789,112.91999816894533,0.1292065213352116
2017-08-22,12.600000381469728,96.9800033569336,0.12992369504356066
2017-08-23,11.510000228881836,97.48999786376952,0.11806339605182543
2017-08-24,12.0600004196167,98.0,0.12306122877159897
2017-08-25,12.199999809265137,99.19000244140624,0.1229962648349762
2017-08-28,12.09000015258789,97.8499984741211,0.12355646746162594
2017-08-29,13.329999923706056,109.27999877929688,0.12198023492503396
2017-08-30,11.399999618530272,99.77999877929688,0.11425135055118513
2017-08-31,11.06999969482422,97.66000366210938,0.11335243989059172
2017-09-01,10.329999923706056,93.94000244140624,0.10996380301511328
2017-09-05,11.75,100.47000122070312,0.11695033201192759
2017-09-06,12.270000457763672,102.26000213623048,0.11998826717622803
2017-09-07,11.93000030517578,99.52999877929688,0.11986336231782739
2017-09-08,11.869999885559082,97.9499969482422,0.12118428029999137
2017-09-11,11.380000114440918,98.30999755859376,0.11575628519020481
2017-09-12,10.65999984741211,93.04000091552734,0.11457437384475642
2017-09-13,10.720000267028809,94.3499984741211,0.11361950652250574
2017-09-14,10.56999969482422,91.61000061035156,0.11538041288507374
2017-09-15,10.510000228881836,91.87999725341795,0.11438833851827158
2017-09-18,10.18000030517578,90.37000274658205,0.11264800260903837
2017-09-19,10.15999984741211,90.31999969482422,0.11248892694575958
2017-09-20,10.039999961853027,90.77999877929688,0.11059704887485339
2017-09-21,9.739999771118164,91.29000091552734,0.1066929529350186
2017-09-22,9.899999618530272,93.11000061035156,0.10632584634984561
2017-09-25,10.079999923706056,95.48999786376952,0.10556079326849137
2017-09-26,10.420000076293944,96.31999969482422,0.10818106425776769
2017-09-27,9.899999618530272,94.87000274658205,0.10435331856135048
2017-09-28,9.739999771118164,95.5999984741211,0.10188284442028292
2017-09-29,9.59000015258789,94.12000274658205,0.10189120136777886
2017-10-02,9.59000015258789,94.87000274658205,0.10108569489773096
2017-10-03,9.300000190734863,92.0500030517578,0.1010320465226456
2017-10-04,9.529999732971191,92.0,0.10358695361925208
2017-10-05,9.479999542236328,91.5999984741211,0.10349344650824012
2017-10-06,9.229999542236328,92.43000030517578,0.09985934774166043
2017-10-09,9.920000076293944,97.97000122070312,0.10125548589048745
2017-10-10,10.149999618530272,100.31999969482422,0.10117623254990837
2017-10-11,9.949999809265137,100.13999938964844,0.09936089344827455
2017-10-12,9.9399995803833,99.70999908447266,0.09968909509228155
2017-10-13,9.949999809265137,97.04000091552734,0.10253503416520517
2017-10-16,9.949999809265137,98.30999755859376,0.10121045729184192
2017-10-17,9.850000381469728,98.4499969482422,0.10005079417776049
2017-10-18,10.34000015258789,98.16999816894533,0.10532749664305079
2017-10-19,10.220000267028809,100.61000061035156,0.10158036184304817
2017-10-20,9.920000076293944,92.27999877929688,0.1074989185903577
2017-10-23,10.25,92.4800033569336,0.11083477106331135
2017-10-24,10.890000343322754,94.45999908447266,0.11528689867532355
2017-10-25,11.34000015258789,99.62000274658205,0.11383256213548905
2017-10-26,11.170000076293944,100.16999816894533,0.11151043506514571
2017-10-27,11.119999885559082,96.44000244140624,0.11530484865256227
2017-10-30,10.279999732971191,96.97000122070312,0.10601216462371672
2017-10-31,10.34000015258789,94.18000030517578,0.10978976554557988
2017-11-01,9.789999961853027,91.91000366210938,0.1065172404719317
2017-11-02,10.4399995803833,92.01000213623048,0.11346592042162747
2017-11-03,9.829999923706056,90.54000091552734,0.10857079549708995
2017-11-06,9.630000114440918,92.41999816894533,0.10419822879499645
2017-11-07,9.3100004196167,91.51000213623048,0.10173751723616997
2017-11-08,9.789999961853027,99.7699966430664,0.09812569200415415
2017-11-09,9.9399995803833,101.80999755859376,0.0976328437161844
2017-11-10,10.779999732971191,100.0199966430664,0.10777844525871101
2017-11-13,11.43000030517578,108.2699966430664,0.10556941590066776
2017-11-14,11.529999732971191,107.02999877929688,0.10772680430228569
2017-11-15,12.520000457763672,107.16000366210938,0.11683464007001158
2017-11-16,12.470000267028809,102.7300033569336,0.1213861565223746
2017-11-17,11.75,100.37999725341795,0.1170551934797937
2017-11-20,11.960000038146973,97.56999969482422,0.12257866224818091
2017-11-21,10.739999771118164,91.54000091552734,0.11732575555716875
2017-11-22,9.600000381469728,88.16999816894531,0.10888057821068414
2017-11-24,9.81999969482422,86.4000015258789,0.11365740186801838
2017-11-27,10.06999969482422,88.58000183105469,0.11368254105515095
2017-11-28,9.720000267028809,86.30999755859375,0.1126173159769833
2017-11-29,9.90999984741211,85.91999816894531,0.11533985170630454
2017-11-30,10.489999771118164,87.3499984741211,0.12009158505281489
2017-12-01,11.1899995803833,90.55999755859376,0.1235644863301061
2017-12-04,11.050000190734863,91.19000244140624,0.12117556634385437
2017-12-05,11.380000114440918,96.16000366210938,0.11834442263987831
2017-12-06,11.630000114440918,98.05999755859376,0.11860086073826023
2017-12-07,10.899999618530272,97.54000091552734,0.11174902108079748
2017-12-08,10.0,93.51000213623048,0.10694043173511485
2017-12-11,9.739999771118164,93.7699966430664,0.10387117542718143
2017-12-12,9.359999656677246,91.47000122070312,0.102328627219464
2017-12-13,9.779999732971191,94.5500030517578,0.10343732858070351
2017-12-14,9.979999542236328,94.77999877929688,0.10529647257619816
2017-12-15,10.119999885559082,94.3000030517578,0.10731706848412918
2017-12-18,9.460000038146973,92.9499969482422,0.10177515168090463
2017-12-19,9.399999618530272,91.48999786376952,0.1027434674610777
2017-12-20,9.6899995803833,91.06999969482422,0.10640166479471298
2017-12-21,9.59000015258789,92.86000061035156,0.10327374638762221
2017-12-22,9.369999885559082,92.4800033569336,0.10131919923699458
2017-12-26,10.1899995803833,98.88999938964844,0.10304378241759768
2017-12-27,10.039999961853027,97.08000183105467,0.10341985756577682
2017-12-28,10.289999961853027,97.12000274658205,0.10595139694037091
2017-12-29,10.029999732971191,96.79000091552734,0.10362640394770518
2018-01-02,10.949999809265137,103.06999969482422,0.1062384771678136
2018-01-03,9.5600004196167,96.19000244140624,0.09938663246671749
2018-01-04,9.010000228881836,94.12999725341795,0.09571869214682967
2018-01-05,9.100000381469728,94.3499984741211,0.09644939617000348
2018-01-08,9.609999656677246,97.5999984741211,0.09846311277582001
2018-01-09,9.40999984741211,94.4000015258789,0.09968220016217312
2018-01-10,10.109999656677246,98.70999908447266,0.10242123138938997
2018-01-11,9.6899995803833,92.70999908447266,0.10451946581893787
2018-01-12,9.739999771118164,91.1999969482422,0.10679824667807616
2018-01-16,10.420000076293944,96.38999938964844,0.1081025017353924
2018-01-17,11.350000381469728,105.4800033569336,0.10760333731752438
2018-01-18,12.010000228881836,103.4800033569336,0.11606107305056552
2018-01-19,12.300000190734863,102.66999816894533,0.11980130914675767
2018-01-22,11.59000015258789,103.6999969482422,0.1117647106428806
2018-01-23,10.770000457763672,100.23999786376952,0.10744214572311311
2018-01-24,11.0,98.19000244140624,0.11202769860978591
2018-01-25,11.270000457763672,99.5999984741211,0.1131526167712938
2018-01-26,11.399999618530272,100.76000213623048,0.11314012878956808
2018-01-29,11.710000038146973,102.3499984741211,0.11441133573741882
2018-01-30,13.93000030517578,113.25,0.12300221020022763
2018-01-31,14.229999542236328,110.02999877929688,0.12932836226581718
2018-02-01,13.050000190734863,110.2699966430664,0.11834588363121552
2018-02-02,13.640000343322754,109.91999816894533,0.12409025264318405
2018-02-05,18.440000534057617,130.4499969482422,0.14135684910267907
2018-02-06,37.31999969482422,152.66000366210938,0.24446481592799243
2018-02-07,31.3799991607666,159.07000732421875,0.19727162705667978
2018-02-08,27.290000915527344,155.8000030517578,0.17516046457625178
2018-02-09,32.18000030517578,176.72000122070312,0.18209597149666512
2018-02-12,27.25,163.32000732421875,0.16685034764849102
2018-02-13,26.940000534057617,144.3000030517578,0.1866943864470656
2018-02-14,23.479999542236328,135.3699951171875,0.17345054583115033
2018-02-15,18.38999938964844,120.81999969482422,0.1522098943560604
2018-02-16,18.739999771118164,122.88999938964844,0.15249409930989646
2018-02-20,20.530000686645508,123.1500015258789,0.1667072710699992
2018-02-21,20.76000022888184,121.4800033569336,0.17089232511695465
2018-02-22,20.56999969482422,121.25,0.16964948201916882
2018-02-23,17.959999084472656,115.2699966430664,0.15580809931040251
2018-02-26,16.530000686645508,109.41999816894533,0.15106928315903514
2018-02-27,15.829999923706056,109.9000015258789,0.14404003370262428
2018-02-28,18.07999992370605,116.75,0.15486081305101543
2018-03-01,19.959999084472656,121.98999786376952,0.16361996421020256
2018-03-02,22.46999931335449,135.02999877929688,0.16640746142700583
2018-03-05,21.549999237060547,119.06999969482422,0.18098596869314756
2018-03-06,18.25,107.95999908447266,0.16904409183738875
2018-03-07,20.11000061035156,107.88999938964844,0.1863935556967018
2018-03-08,17.559999465942383,97.88999938964844,0.17938501966932588
2018-03-09,16.40999984741211,96.11000061035156,0.17074185561543598
2018-03-12,15.279999732971191,101.4499969482422,0.15061606892671223
2018-03-13,15.699999809265137,103.38999938964844,0.15185220912997746
2018-03-14,16.59000015258789,107.4000015258789,0.15446927296914792
2018-03-15,16.989999771118164,108.97000122070312,0.15591446802599693
2018-03-16,16.600000381469727,107.56999969482422,0.15431812241855425
2018-03-19,16.6299991607666,109.73999786376952,0.15153999894742998
2018-03-20,18.3799991607666,113.5199966430664,0.16190979302578423
2018-03-21,17.760000228881836,106.87999725341795,0.16616767108228833
2018-03-22,18.1299991607666,115.30999755859376,0.15722833704470424
2018-03-23,24.020000457763672,122.62999725341795,0.19587377473495118
2018-03-26,23.40999984741211,123.54000091552734,0.18949327888882816
2018-03-27,20.32999992370605,112.9499969482422,0.17999115071266444
2018-03-28,22.520000457763672,118.2300033569336,0.1904761889397594
2018-03-29,22.8700008392334,110.8499984741211,0.20631485028457264
2018-04-02,21.06999969482422,108.43000030517578,0.19431891206790367
2018-04-03,23.030000686645508,109.04000091552734,0.2112069010755669
2018-04-04,21.68000030517578,109.80999755859376,0.1974319350440519
2018-04-05,19.76000022888184,95.12999725341795,0.20771576578776654
2018-04-06,20.32999992370605,95.4499969482422,0.21299110082455006
2018-04-09,21.270000457763672,98.79000091552734,0.21530519547166593
2018-04-10,20.51000022888184,97.61000061035156,0.21012191476932282
2018-04-11,20.950000762939453,102.5199966430664,0.2043503847925295
2018-04-12,19.82999992370605,98.19000244140624,0.201955386807729
2018-04-13,18.270000457763672,96.7699966430664,0.18879819253432537
2018-04-16,17.59000015258789,92.83000183105467,0.18948615539834515
2018-04-17,16.15999984741211,91.51000213623048,0.1765927163170076
2018-04-18,15.300000190734863,90.9499969482422,0.1682243068071985
2018-04-19,15.550000190734863,93.16000366210938,0.1669171273021263
2018-04-20,16.15999984741211,94.0500030517578,0.1718234909415038
2018-04-23,17.290000915527344,98.75,0.1750886168660997
2018-04-24,16.15999984741211,94.52999877929688,0.17095102143332863
2018-04-25,18.13999938964844,100.91999816894533,0.17974633094306183
2018-04-26,18.06999969482422,96.25,0.18774025656960228
2018-04-27,16.219999313354492,89.33000183105469,0.1815739279176391
2018-04-30,15.3100004196167,92.4000015258789,0.165692642497725
2018-05-01,16.0,94.8000030517578,0.1687763658748461
2018-05-02,15.479999542236328,90.5500030517578,0.17095526251267004
2018-05-03,15.779999732971191,93.58000183105467,0.1686257685852553
2018-05-04,15.9399995803833,94.0999984741211,0.1693942597115667
2018-05-07,15.050000190734863,90.87999725341795,0.16560300006136763
2018-05-08,14.529999732971191,90.97000122070312,0.15972298052101627
2018-05-09,14.539999961853027,96.2300033569336,0.15109632603795797
2018-05-10,13.359999656677246,94.12999725341795,0.14193137200152348
2018-05-11,13.220000267028809,92.73999786376952,0.1425490680563562
2018-05-14,13.09000015258789,91.29000091552734,0.14338919948856566
2018-05-15,13.130000114440918,96.30999755859376,0.13633060375121278
2018-05-16,14.380000114440918,96.70999908447266,0.1486919682615291
2018-05-17,13.539999961853027,95.19000244140624,0.14224182807629943
2018-05-18,13.18000030517578,94.05999755859376,0.14012333241838992
2018-05-21,12.989999771118164,92.1999969482422,0.14088937311364866
2018-05-22,13.029999732971191,89.69000244140625,0.14527817346736704
2018-05-23,13.5,93.87000274658205,0.14381591142002556
2018-05-24,12.729999542236328,90.63999938964844,0.1404457152245983
2018-05-25,12.4399995803833,91.48999786376952,0.13597114297572413
2018-05-29,14.390000343322754,98.97000122070312,0.1453975969064914
2018-05-30,16.600000381469727,105.5500030517578,0.15727143440564093
2018-05-31,14.93000030517578,99.3499984741211,0.15027680457453432
2018-06-01,14.920000076293944,96.55999755859376,0.15451533195452194
2018-06-04,13.90999984741211,93.93000030517578,0.14808900034301004
2018-06-05,12.90999984741211,91.02999877929688,0.14182137779340775
2018-06-06,12.100000381469728,89.23999786376953,0.1355894293043478
2018-06-07,11.65999984741211,88.25,0.13212464416331002
2018-06-08,12.539999961853027,92.86000061035156,0.13504199740932515
2018-06-11,12.520000457763672,95.41000366210938,0.13122314198941593
2018-06-12,12.289999961853027,93.86000061035156,0.1309396961637948
2018-06-13,12.130000114440918,97.11000061035156,0.12490989638762195
2018-06-14,12.979999542236328,97.0199966430664,0.13378684798340437
2018-06-15,12.1899995803833,100.81999969482422,0.12090854609483893
2018-06-18,12.789999961853027,105.6500015258789,0.12106010200785586
2018-06-19,14.609999656677246,106.66000366210938,0.1369773031600542
2018-06-20,12.899999618530272,102.16000366210938,0.12627250544348614
2018-06-21,12.539999961853027,98.87999725341795,0.1268203914864041
2018-06-22,14.600000381469728,103.11000061035156,0.1415963562704507
2018-06-25,15.06999969482422,108.73999786376952,0.13858745623394306
2018-06-26,16.709999084472656,110.45999908447266,0.1512764731393301
2018-06-27,16.520000457763672,106.75,0.15475410264884001
2018-06-28,17.540000915527344,113.4000015258789,0.15467372733257465
2018-06-29,15.729999542236328,105.43000030517578,0.14919851557151242
2018-07-02,17.700000762939453,111.38999938964844,0.1589011658131343
2018-07-03,15.369999885559082,103.23999786376952,0.14887640646642192
2018-07-05,15.619999885559082,103.44000244140624,0.15100540909603186
2018-07-06,14.989999771118164,102.8499984741211,0.14574623231413966
2018-07-09,13.020000457763672,96.43000030517578,0.1350202262424429
2018-07-10,12.520000457763672,93.0,0.1346236608361685
2018-07-11,14.050000190734863,103.5199966430664,0.13572257193147724
2018-07-12,13.06999969482422,101.58999633789062,0.1286543967513603
2018-07-13,12.390000343322754,100.80999755859376,0.1229044801446535
2018-07-16,12.770000457763672,100.38999938964844,0.12720391010461976
2018-07-17,12.90999984741211,101.72000122070312,0.1269170241101465
2018-07-18,11.869999885559082,97.33000183105467,0.12195622790763959
2018-07-19,12.199999809265137,100.08999633789062,0.12189030128525079
2018-07-20,13.0,101.76000213623048,0.12775156964517692
2018-07-23,13.470000267028809,102.86000061035156,0.13095469752187833
2018-07-24,12.609999656677246,98.62999725341795,0.1278515665399175
2018-07-25,12.369999885559082,98.44000244140624,0.1256602964117356
2018-07-26,12.449999809265137,92.80999755859376,0.13414502894911806
2018-07-27,12.170000076293944,91.30999755859376,0.1332822297852372
2018-07-30,13.630000114440918,97.5500030517578,0.13972321566416715
2018-07-31,13.979999542236328,97.66000366210938,0.14314969299617547
2018-08-01,13.09000015258789,93.72000122070312,0.1396713613112529
2018-08-02,13.56999969482422,98.68000030517578,0.13751519713070443
2018-08-03,12.43000030517578,91.80999755859376,0.1353883088521255
2018-08-06,11.90999984741211,88.6500015258789,0.1343485577260291
2018-08-07,11.119999885559082,83.87999725341797,0.1325703415554888
2018-08-08,10.93000030517578,83.69999694824219,0.13058543254110982
2018-08-09,10.9399995803833,84.52999877929688,0.1294215040620908
2018-08-10,12.34000015258789,94.68000030517578,0.13033375700056174
2018-08-13,14.5,101.11000061035156,0.1434081684548571
2018-08-14,13.93000030517578,105.08000183105467,0.13256566485002663
2018-08-15,13.520000457763672,108.3000030517578,0.12483841252804315
2018-08-16,14.18000030517578,108.1999969482422,0.13105361095304674
2018-08-17,13.18000030517578,104.56999969482422,0.1260399765098989
2018-08-20,12.56999969482422,100.45999908447266,0.12512442573540766
2018-08-21,12.470000267028809,99.94000244140624,0.12477486454275241
2018-08-22,13.09000015258789,100.5500030517578,0.13018398563200295
2018-08-23,12.029999732971191,95.02999877929688,0.12659160146797807
2018-08-24,12.130000114440918,94.5,0.12835978957080335
2018-08-27,12.369999885559082,94.54000091552734,0.13084408468127506
2018-08-28,12.010000228881836,92.76000213623048,0.12947391065433075
2018-08-29,12.34000015258789,91.9800033569336,0.13415959667561464
2018-08-30,12.25,91.98999786376952,0.1331666516412073
2018-08-31,13.539999961853027,95.37000274658205,0.14197336239814973
2018-09-04,13.130000114440918,96.54000091552734,0.13600580059999884
2018-09-05,13.6899995803833,97.4000015258789,0.14055440827427407
2018-09-06,14.210000038146973,96.91999816894533,0.14661576874338073
2018-09-07,14.720000267028809,102.83000183105467,0.14314888655951932
2018-09-10,15.09000015258789,101.51000213623048,0.14865530327086887
2018-09-11,13.960000038146973,101.13999938964844,0.1380264991337914
2018-09-12,13.06999969482422,99.94000244140624,0.13077846083190786
2018-09-13,12.90999984741211,95.1999969482422,0.1356092464417929
2018-09-14,12.130000114440918,91.08000183105467,0.1331796208891277
2018-09-17,12.720000267028809,90.77999877929688,0.14011897376153865
2018-09-18,13.479999542236328,94.0999984741211,0.14325185718194808
2018-09-19,12.609999656677246,90.3000030517578,0.13964561717068266
2018-09-20,11.81999969482422,86.73999786376953,0.1362693104211076
2018-09-21,11.760000228881836,86.88999938964844,0.13534354139128757
2018-09-24,12.460000038146973,92.7300033569336,0.13436859254912684
2018-09-25,12.279999732971191,90.76000213623048,0.1353018889812161
2018-09-26,12.210000038146973,90.16000366210938,0.13542590441662045
2018-09-27,12.770000457763672,90.02999877929688,0.14184161536054843
2018-09-28,12.59000015258789,88.5199966430664,0.1422277522597945
2018-10-01,11.989999771118164,87.45999908447266,0.1370912405285724
2018-10-02,12.470000267028809,87.12999725341797,0.14311948422033988
2018-10-03,11.65999984741211,86.20999908447266,0.1352511306256608
2018-10-04,12.84000015258789,88.73999786376953,0.1446923649051626
2018-10-05,14.289999961853027,98.5199966430664,0.1450466955822691
2018-10-08,16.049999237060547,108.30999755859376,0.14818575938364126
2018-10-09,16.1200008392334,105.62000274658205,0.15262261333121444
2018-10-10,16.030000686645508,113.43000030517578,0.14132064395237476
2018-10-11,23.06999969482422,131.5800018310547,0.17533059259602002
2018-10-12,21.6299991607666,123.56999969482422,0.17504247968103365
2018-10-15,21.96999931335449,125.79000091552734,0.1746561662568725
2018-10-16,20.280000686645508,115.56999969482422,0.17547807164659657
2018-10-17,17.059999465942383,111.16999816894533,0.15345866463014832
2018-10-18,18.020000457763672,111.48999786376952,0.1616288528391798
2018-10-19,19.239999771118164,115.87000274658205,0.16604815150645805
2018-10-22,19.3799991607666,114.22000122070312,0.1696725525621326
2018-10-23,22.18000030517578,120.76000213623048,0.18367008871161095
2018-10-24,21.600000381469727,110.0999984741211,0.19618529228723638
2018-10-25,24.780000686645508,118.48999786376952,0.20913158184993474
2018-10-26,24.51000022888184,116.4499969482422,0.21047660688025305
2018-10-29,24.479999542236328,110.31999969482422,0.2218999239481038
2018-10-30,23.940000534057617,111.55999755859376,0.21459305358521366
2018-10-31,22.71999931335449,104.97000122070312,0.21644278412062595
2018-11-01,20.959999084472656,102.30999755859376,0.20486755531851805
2018-11-02,18.520000457763672,98.61000061035156,0.1878105703593266
2018-11-05,20.57999992370605,104.4499969482422,0.19703207778841772
2018-11-06,19.84000015258789,102.13999938964844,0.19424319826849942
2018-11-07,18.030000686645508,98.36000061035156,0.18330622788495593
2018-11-08,16.18000030517578,95.91999816894533,0.16868224159760412
2018-11-09,16.8700008392334,96.55999755859376,0.17471003796366585
2018-11-12,17.260000228881836,102.16999816894533,0.1689341346599733
2018-11-13,19.450000762939453,107.87000274658205,0.1803096344461319
2018-11-14,20.520000457763672,108.25,0.18956120515255123
2018-11-15,20.40999984741211,113.05999755859376,0.18052361832782238
2018-11-16,20.040000915527344,109.27999877929688,0.18338214805437872
2018-11-19,18.780000686645508,103.62000274658205,0.18123914484517784
2018-11-20,20.76000022888184,112.55999755859376,0.18443497405083986
2018-11-21,21.65999984741211,106.45999908447266,0.20345669766750216
2018-11-23,21.229999542236328,102.0,0.20813725041408165
2018-11-26,20.780000686645508,97.94000244140624,0.21217071848734523
2018-11-27,19.40999984741211,93.12000274658205,0.2084407138628929
2018-11-28,18.8700008392334,90.58000183105467,0.2083241384166539
2018-11-29,18.649999618530277,93.68000030517578,0.19908197649205037
2018-11-30,19.18000030517578,94.33000183105467,0.2033287388197789
2018-12-03,16.040000915527344,86.75,0.1848991460003152
2018-12-04,16.84000015258789,86.6500015258789,0.19434506469752863
2018-12-06,23.530000686645508,102.5500030517578,0.22944904911187305
2018-12-07,22.420000076293945,94.52999877929688,0.23717338798066478
2018-12-10,23.950000762939453,98.20999908447266,0.24386519688631209
2018-12-11,22.959999084472656,90.36000061035156,0.2540947203340587
2018-12-12,21.90999984741211,91.36000061035156,0.23982048709541703
2018-12-13,21.0,91.7300033569336,0.22893272900346703
2018-12-14,21.56999969482422,94.26000213623048,0.22883512843178064
2018-12-17,22.36000061035156,98.19000244140624,0.22772176448100848
2018-12-18,24.68000030517578,101.5999984741211,0.24291339247866342
2018-12-19,25.149999618530277,103.8000030517578,0.24229286010704384
2018-12-20,26.09000015258789,104.6999969482422,0.249188165358642
2018-12-21,28.239999771118164,109.37999725341795,0.25818248747703004
2018-12-24,29.290000915527344,107.56999969482422,0.2722878218706237
2018-12-26,35.5,108.9499969482422,0.3258375492829489
2018-12-27,31.200000762939453,97.97000122070312,0.3184648399937576
2018-12-28,29.96999931335449,95.95999908447266,0.31231762817100683
2018-12-31,27.59000015258789,90.93000030517578,0.3034202140106828
2019-01-02,27.540000915527344,89.38999938964844,0.3080881653828106
2019-01-03,25.68000030517578,82.58999633789062,0.31093354454350924
2019-01-04,24.36000061035156,82.06999969482422,0.2968197965265477
2019-01-07,22.059999465942383,84.86000061035156,0.25995756902282435
2019-01-08,20.959999084472656,83.0,0.2525301094514778
2019-01-09,20.440000534057617,84.3499984741211,0.24232366216732876
2019-01-10,20.979999542236328,87.69999694824219,0.23922463252328358
2019-01-11,19.68000030517578,87.33999633789062,0.22532632391052695
2019-01-14,19.84000015258789,86.33000183105469,0.2298158198978635
2019-01-15,18.530000686645508,82.56999969482422,0.22441565647489078
2019-01-16,18.07999992370605,80.87000274658203,0.22356868195444946
2019-01-17,19.51000022888184,82.20999908447266,0.2373190663684945
2019-01-18,17.799999237060547,81.06999969482422,0.21956333173881779
2019-01-22,18.530000686645508,84.20999908447266,0.22004513582832022
2019-01-23,20.850000381469727,92.88999938964844,0.2244590431528545
2019-01-24,19.690000534057617,89.2699966430664,0.22056683403703184
2019-01-25,18.43000030517578,83.02999877929688,0.2219679703255784
2019-01-28,18.559999465942383,86.68000030517578,0.21412089756111988
2019-01-29,19.450000762939453,85.55999755859375,0.22732586860605714
2019-01-30,19.149999618530277,86.05000305175781,0.22254501963250173
2019-01-31,17.389999389648438,81.79000091552734,0.21261766958052508
2019-02-01,16.6299991607666,78.98999786376953,0.21053297392725098
2019-02-04,16.719999313354492,81.73999786376953,0.20455101236019815
2019-02-05,15.789999961853027,76.8499984741211,0.2054651955155242
2019-02-06,15.4399995803833,85.75,0.18005830414441168
2019-02-07,15.65999984741211,86.55000305175781,0.18093586707382628
2019-02-08,16.809999465942383,86.05000305175781,0.19535152666794695
2019-02-11,16.170000076293945,82.33999633789062,0.1963808695101065
2019-02-12,15.229999542236328,80.95999908447266,0.188117585405918
2019-02-13,15.460000038146973,81.06999969482422,0.1906993967724659
2019-02-14,15.609999656677246,82.51000213623047,0.18918918012999097
2019-02-15,16.81999969482422,80.25,0.2095950117735105
2019-02-19,15.649999618530272,83.81999969482422,0.18670961197219665
2019-02-20,14.920000076293944,78.36000061035156,0.19040326646351471
2019-02-21,14.0,75.58000183105469,0.18523418445125797
2019-02-22,14.460000038146973,75.80000305175781,0.19076516432688512
2019-02-25,13.90999984741211,75.61000061035156,0.18397037078594772
2019-02-26,15.15999984741211,80.37000274658203,0.1886275890174314
2019-02-27,15.529999732971191,81.26000213623047,0.19111493138943703
2019-02-28,15.170000076293944,80.54000091552734,0.18835361191769384
2019-03-01,14.56999969482422,78.41999816894531,0.1857944406404489
2019-03-04,13.770000457763672,79.72000122070312,0.172729556534272
2019-03-05,14.520000457763672,82.0199966430664,0.17703000551135875
2019-03-06,14.90999984741211,81.98999786376953,0.1818514481752496
2019-03-07,16.329999923706055,87.7699966430664,0.18605446676858317
2019-03-08,17.3799991607666,91.69000244140624,0.18955173626342905
2019-03-11,16.280000686645508,87.69999694824219,0.18563285351370604
2019-03-12,13.970000267028809,83.88999938964844,0.16652760005565848
2019-03-13,14.0,81.72000122070312,0.17131668858141438
2019-03-14,13.350000381469728,82.93000030517578,0.16097914304042918
2019-03-15,13.210000038146973,82.18000030517578,0.16074470660856147
2019-03-18,13.130000114440918,84.94000244140625,0.15457970022426504
2019-03-19,12.890000343322754,83.73999786376953,0.15392883534929808
2019-03-20,13.539999961853027,87.4800033569336,0.15477822864966612
2019-03-21,14.109999656677246,86.68000030517578,0.16278264428933925
2019-03-22,13.770000457763672,85.43000030517578,0.16118460035788407
2019-03-25,17.760000228881836,99.6500015258789,0.17822378280917134
2019-03-26,16.219999313354492,93.2300033569336,0.17397831952505446
2019-03-27,14.520000457763672,89.8499984741211,0.16160267895770497
2019-03-28,15.380000114440918,89.73999786376953,0.17138400357205982
2019-03-29,14.1899995803833,87.13999938964844,0.16284140096137026
2019-04-01,13.899999618530272,86.77999877929688,0.1601751534230996
2019-04-02,13.619999885559082,85.20999908447266,0.15984039469425343
2019-04-03,13.0600004196167,81.72000122070312,0.15981400176861538
2019-04-04,13.84000015258789,83.83999633789062,0.16507634490834353
2019-04-05,13.460000038146973,81.01000213623047,0.16615232296268753
2019-04-08,13.550000190734863,80.98999786376953,0.16730461227480026
2019-04-09,13.460000038146973,83.87999725341797,0.16046733999622897
2019-04-10,14.09000015258789,90.81999969482422,0.15514204139984017
2019-04-11,13.369999885559082,87.69000244140625,0.15246891907082347
2019-04-12,12.960000038146973,85.83999633789062,0.15097857165711806
2019-04-15,12.460000038146973,85.0199966430664,0.1465537582935569
2019-04-16,12.260000228881836,83.30000305175781,0.1471788689042926
2019-04-17,12.119999885559082,82.41000366210938,0.14706952247269026
2019-04-18,12.800000190734863,85.80000305175781,0.14918414610094383
2019-04-22,13.210000038146973,87.54000091552734,0.15090244345432555
2019-04-23,12.65999984741211,83.30000305175781,0.15198078491720962
2019-04-24,12.529999732971191,81.55999755859375,0.1536292313394134
2019-04-25,13.289999961853027,85.19000244140625,0.1560042209294911
2019-04-26,13.4399995803833,86.27999877929688,0.15577190276465636
2019-04-29,13.039999961853027,85.91000366210938,0.15178674666503736
2019-04-30,13.109999656677246,86.44000244140625,0.15166588716334106
2019-05-01,12.859999656677246,87.30999755859375,0.14729126121034306
2019-05-02,14.350000381469728,93.6500015258789,0.1532301136963068
2019-05-03,14.109999656677246,89.43000030517578,0.15777702793835982
2019-05-06,12.890000343322754,99.79000091552734,0.12917126190062062
2019-05-07,15.899999618530272,98.88999938964844,0.16078470741900566
2019-05-08,18.950000762939453,112.12999725341795,0.1690002784902576
2019-05-09,21.399999618530277,111.80999755859376,0.19139611918259508
2019-05-10,18.790000915527344,103.62000274658205,0.18133565351741068
2019-05-13,18.6200008392334,106.05999755859376,0.17556101515980724
2019-05-14,19.399999618530277,105.2699966430664,0.18428802353161333
2019-05-15,17.56999969482422,101.73999786376952,0.17269510579654776
2019-05-16,16.690000534057617,94.54000091552734,0.17653903503735247
2019-05-17,15.890000343322754,97.0999984741211,0.16364573216298994
2019-05-20,15.880000114440918,101.7300033569336,0.15609947498697874
2019-05-21,15.859999656677246,94.19000244140624,0.16838304751657102
2019-05-22,15.0600004196167,92.9000015258789,0.1621097973332269
2019-05-23,15.93000030517578,93.87000274658205,0.16970277872667705
2019-05-24,16.34000015258789,92.0199966430664,0.17757010159398967
2019-05-28,16.549999237060547,90.02999877929688,0.18382760703609333
2019-05-29,18.549999237060547,97.95999908447266,0.18936299928978717
2019-05-30,17.469999313354492,92.12000274658205,0.18964392957535692
2019-05-31,19.049999237060547,98.7699966430664,0.192872328485574
2019-06-03,19.40999984741211,98.22000122070312,0.19761758914864286
2019-06-04,18.739999771118164,93.63999938964844,0.2001281492232667
2019-06-05,17.059999465942383,88.20999908447266,0.19340210455738915
2019-06-06,16.25,87.02999877929688,0.1867172265647053
2019-06-07,15.649999618530272,85.19999694824219,0.18368544811142926
2019-06-10,16.299999237060547,86.95999908447266,0.18744249549987668
2019-06-11,15.84000015258789,83.45999908447266,0.1897915208045437
2019-06-12,16.260000228881836,88.93000030517578,0.18284043824449975
2019-06-13,16.15999984741211,84.7699966430664,0.19063348457421325
2019-06-14,16.0,85.69999694824219,0.1866977896120938
2019-06-17,15.649999618530272,83.80999755859375,0.18673189445673172
2019-06-18,14.890000343322754,83.30000305175781,0.1787514981730669
2019-06-19,15.050000190734863,86.68000030517578,0.17362713587618905
2019-06-20,14.039999961853027,83.2300033569336,0.16868916731436615
2019-06-21,14.739999771118164,82.55000305175781,0.17855844005089097
2019-06-24,15.460000038146973,83.75,0.18459701538085938
2019-06-25,15.43000030517578,82.97000122070312,0.18597083377317827
2019-06-26,16.100000381469727,85.18000030517578,0.18901150884935422
2019-06-27,15.65999984741211,85.30000305175781,0.18358733044722203
2019-06-28,15.699999809265137,86.62999725341797,0.1812305241490204
2019-07-01,13.850000381469728,80.55999755859375,0.17192155910129217
2019-07-02,14.15999984741211,78.76000213623047,0.17978668693938943
2019-07-03,13.18000030517578,79.01000213623047,0.16681432665260007
2019-07-08,13.729999542236328,83.94999694824219,0.16354973247588447
2019-07-09,14.470000267028809,85.56999969482422,0.16910132427993968
2019-07-10,14.380000114440918,82.26000213623047,0.17481156991251054
2019-07-11,13.010000228881836,85.18000030517578,0.15273538603276232
2019-07-12,12.760000228881836,86.37000274658203,0.14773648052693614
2019-07-15,12.579999923706056,86.86000061035156,0.14483076024992372
2019-07-16,12.609999656677246,85.7699966430664,0.14702110470114646
2019-07-17,12.619999885559082,87.0999984741211,0.1448909311899552
2019-07-18,14.449999809265137,90.3499984741211,0.15993359217824496
2019-07-19,13.3100004196167,84.04000091552734,0.15837696661849424
2019-07-22,14.550000190734863,86.7699966430664,0.16768469233192623
2019-07-23,13.420000076293944,80.36000061035156,0.16699850640077332
2019-07-24,12.800000190734863,80.19999694824219,0.15960100595758703
2019-07-25,12.239999771118164,84.55000305175781,0.14476640247576777
2019-07-26,12.579999923706056,82.75,0.15202416826230883
2019-07-29,12.149999618530272,85.30000305175781,0.14243844295243424
2019-07-30,12.869999885559082,90.6999969482422,0.14189636514434864
2019-07-31,13.829999923706056,91.8499984741211,0.15057158577528648
2019-08-01,15.40999984741211,95.48999786376952,0.1613781567928898
2019-08-02,17.690000534057617,103.7300033569336,0.17053889869439756
2019-08-05,19.959999084472656,110.37000274658205,0.1808462316550117
2019-08-06,22.290000915527344,106.33999633789062,0.20961069854377137
2019-08-07,20.700000762939453,110.86000061035156,0.18672199755523533
2019-08-08,19.36000061035156,102.01000213623048,0.18978531717406508
2019-08-09,18.13999938964844,98.66000366210938,0.18386376156820633
2019-08-12,17.8700008392334,103.5199966430664,0.17262366130911483
2019-08-13,21.280000686645508,109.47000122070312,0.19439116149951227
2019-08-14,17.809999465942383,102.36000061035156,0.17399374130270645
2019-08-15,21.57999992370605,112.75,0.19139689511047495
2019-08-16,20.479999542236328,112.26000213623048,0.18243362865237886
2019-08-19,17.93000030517578,106.33000183105467,0.16862597570217625
2019-08-20,16.780000686645508,102.3000030517578,0.16402737229788558
2019-08-21,17.010000228881836,100.7699966430664,0.1688002460606634
2019-08-22,16.1200008392334,97.83000183105467,0.1647756366914055
2019-08-23,16.149999618530273,104.02999877929688,0.1552436778625081
2019-08-26,20.34000015258789,109.97000122070312,0.18495953375290725
2019-08-27,20.18000030517578,106.70999908447266,0.18911067827112527
2019-08-28,20.549999237060547,107.27999877929688,0.191554804911373
2019-08-29,19.020000457763672,101.41000366210938,0.187555465643576
2019-08-30,17.940000534057617,99.8000030517578,0.1797595188925361
2019-09-03,20.959999084472656,102.4800033569336,0.20452769709101054
2019-09-04,18.229999542236328,99.51000213623048,0.18319766004304996
2019-09-05,16.920000076293945,97.3499984741211,0.1738058586697549
2019-09-06,15.920000076293944,94.9000015258789,0.16775553024572518
2019-09-09,15.260000228881836,94.4800033569336,0.16151566137472995
2019-09-10,15.529999732971191,95.6500015258789,0.16236277559043655
2019-09-11,15.329999923706056,98.9800033569336,0.15487976766806386
2019-09-12,14.6899995803833,96.4800033569336,0.15225952600806575
2019-09-13,14.15999984741211,94.86000061035156,0.1492726097017008
2019-09-16,14.890000343322754,99.51000213623048,0.14963320293107973
2019-09-17,14.920000076293944,101.86000061035156,0.1464755545542152
2019-09-18,14.609999656677246,102.22000122070312,0.14292701508712377
2019-09-19,14.65999984741211,99.1500015258789,0.1478567788381298
2019-09-20,13.9399995803833,96.62000274658205,0.14427653885443956
2019-09-23,15.350000381469728,101.04000091552734,0.15192003406950497
2019-09-24,14.770000457763672,96.30999755859376,0.15335895371379066
2019-09-25,17.049999237060547,104.77999877929688,0.1627218881055131
2019-09-26,16.229999542236328,100.37000274658205,0.16170169471066412
2019-09-27,15.770000457763672,100.04000091552734,0.15763694835508532
2019-09-30,17.229999542236328,103.4499969482422,0.1665538912568242
2019-10-01,16.020000457763672,97.75,0.16388747271369486
2019-10-02,18.75,104.52999877929688,0.17937434438881492
2019-10-03,20.11000061035156,103.69000244140624,0.19394348670900494
2019-10-04,19.420000076293945,97.86000061035156,0.19844676022043384
2019-10-07,18.270000457763672,95.1500015258789,0.1920126133975373
2019-10-08,17.610000610351562,97.29000091552734,0.18100524663003711
2019-10-09,19.940000534057617,102.2699966430664,0.19497409981981736
2019-10-10,19.280000686645508,101.33999633789062,0.1902506550558932
2019-10-11,17.350000381469727,99.81999969482422,0.17381286750664401
2019-10-14,15.65999984741211,97.81999969482422,0.1600899600926977
2019-10-15,13.9399995803833,94.43000030517578,0.1476225726499255
2019-10-16,13.9399995803833,94.51000213623048,0.14749761152570529
2019-10-17,13.789999961853027,93.16000366210938,0.14802489716369324
2019-10-18,14.199999809265137,90.23999786376952,0.15735815763983188
2019-10-21,14.239999771118164,91.20999908447266,0.15612323115944798
2019-10-22,13.989999771118164,87.2699966430664,0.16030709647368444
2019-10-23,14.829999923706056,89.2300033569336,0.16619970151053115
2019-10-24,13.979999542236328,87.16999816894531,0.16037627435922974
2019-10-25,13.529999732971191,86.70999908447266,0.15603736450037672
2019-10-28,13.010000228881836,83.88999938964844,0.1550840424786938
2019-10-29,13.15999984741211,86.58999633789062,0.15198060288695808
2019-10-30,13.079999923706056,87.66000366210938,0.1492128607948008
2019-10-31,13.510000228881836,86.47000122070312,0.15623915853082232
2019-11-01,12.5,88.86000061035156,0.14067071701712142
2019-11-04,12.68000030517578,85.76000213623047,0.14785447748745964
2019-11-05,12.850000381469728,88.73999786376953,0.1448050562407787
2019-11-06,13.18000030517578,90.83000183105467,0.1451062428655545
2019-11-07,12.59000015258789,89.77999877929688,0.14023168103997707
2019-11-08,12.979999542236328,90.27999877929688,0.14377491933698297
2019-11-11,13.149999618530272,89.05999755859375,0.14765326722447655
2019-11-12,12.640000343322754,89.73999786376953,0.14085135551831637
2019-11-13,12.90999984741211,90.44000244140624,0.14274656677255365
2019-11-14,13.15999984741211,93.62999725341795,0.14055324397578903
2019-11-15,12.949999809265137,93.4499969482422,0.13857678151062505
2019-11-18,12.390000343322754,93.3499984741211,0.13272630472251765
2019-11-19,12.329999923706056,93.8499984741211,0.13137986280421757
2019-11-20,13.420000076293944,95.6999969482422,0.14022989032645355
2019-11-21,13.350000381469728,95.36000061035156,0.13999580847339627
2019-11-22,12.81999969482422,95.83999633789062,0.13376460960647799
2019-11-25,12.510000228881836,94.31999969482422,0.13263359064205255
2019-11-26,11.880000114440918,90.22000122070312,0.131678119637564
2019-11-27,11.550000190734863,89.12000274658203,0.12960053674569522
2019-11-29,12.5,91.0,0.13736263736263737
2019-12-02,12.6899995803833,90.95999908447266,0.1395118701419331
2019-12-03,14.68000030517578,98.91000366210938,0.14841775110356628
2019-12-04,16.3799991607666,102.81999969482422,0.15930752002901574
2019-12-05,14.460000038146973,98.69000244140624,0.14651940095687094
2019-12-06,14.369999885559082,98.13999938964844,0.14642347641052456
2019-12-09,14.25,97.93000030517578,0.14551210002648046
2019-12-10,15.800000190734863,100.48999786376952,0.15722958032255435
2019-12-11,15.56999969482422,104.87999725341795,0.14845537855233693
2019-12-12,14.9399995803833,105.2300033569336,0.14197471352070337
2019-12-13,13.18000030517578,101.69000244140624,0.12960959768655816
2019-12-16,12.470000267028809,95.33000183105467,0.13080876982598133
2019-12-17,12.229999542236328,93.95999908447266,0.1301617673627393
2019-12-18,12.239999771118164,96.80999755859376,0.12643322053293066
2019-12-19,12.550000190734863,99.63999938964844,0.12595343504225953
2019-12-20,12.550000190734863,96.80999755859376,0.12963537348649387
2019-12-23,12.8100004196167,99.73999786376952,0.12843393517125715
2019-12-24,12.649999618530272,99.45999908447266,0.1271868061026872
2019-12-26,12.739999771118164,98.13999938964844,0.12981454911708454
2019-12-27,12.609999656677246,96.95999908447266,0.13005362805017429
2019-12-30,13.739999771118164,99.7699966430664,0.13771675086122231
2019-12-31,14.84000015258789,100.11000061035156,0.1482369399871266
2020-01-02,13.460000038146973,92.66000366210938,0.14526224375329969
2020-01-03,15.010000228881836,99.91999816894533,0.15022018118437952
2020-01-06,15.449999809265137,96.37000274658205,0.1603195949873842
2020-01-07,13.84000015258789,92.8000030517578,0.14913792777430018
2020-01-08,15.15999984741211,90.33000183105467,0.16782906609219433
2020-01-09,12.949999809265137,88.8499984741211,0.1457512665353283
2020-01-10,12.420000076293944,88.38999938964844,0.14051363459731486
2020-01-13,12.84000015258789,89.37999725341797,0.14365630506994537
2020-01-14,12.720000267028809,88.54000091552734,0.14366388226226107
2020-01-15,12.789999961853027,90.62000274658205,0.14113881675351675
2020-01-16,12.199999809265137,89.75,0.13593314550713245
2020-01-17,12.210000038146973,90.01000213623047,0.1356515914716577
2020-01-21,13.229999542236328,93.5999984741211,0.14134615125975897
2020-01-22,12.449999809265137,90.87999725341795,0.13699384006965182
2020-01-23,13.260000228881836,90.86000061035156,0.14593880849447344
2020-01-24,12.75,91.8000030517578,0.13888888427172946
2020-01-27,17.420000076293945,98.23999786376952,0.17732085153799015
2020-01-28,16.940000534057617,105.12999725341795,0.16113384359007837
2020-01-29,15.68000030517578,99.5500030517578,0.1575087877900262
2020-01-30,17.81999969482422,101.9499969482422,0.17479156673119908
2020-01-31,16.25,99.30999755859376,0.1636290444012181
2020-02-03,18.63999938964844,104.08000183105467,0.17909299636548207
2020-02-04,16.450000762939453,97.45999908447266,0.1687872041603607
2020-02-05,16.290000915527344,92.6500015258789,0.1758229967322476
2020-02-06,15.130000114440918,91.1999969482422,0.1658991296132114
2020-02-07,15.06999969482422,96.16000366210938,0.1567179609079233
2020-02-10,15.880000114440918,99.45999908447266,0.1596621783693546
2020-02-11,14.90999984741211,96.0199966430664,0.15528015380834487
2020-02-12,14.859999656677246,99.62999725341795,0.1491518625548035
2020-02-13,14.43000030517578,100.02999877929688,0.14425672779436588
2020-02-14,14.119999885559082,97.48999786376952,0.1448353697298268
2020-02-18,14.979999542236328,98.68000030517578,0.15180380518757078
2020-02-19,14.65999984741211,97.86000061035156,0.14980584259123114
2020-02-20,14.539999961853027,95.88999938964844,0.1516320789905298
2020-02-21,17.329999923706055,101.33999633789062,0.17100849171065577
2020-02-24,22.25,118.12999725341795,0.18835182017543153
2020-02-25,22.190000534057617,110.9000015258789,0.20009017338813564
2020-02-26,26.6299991607666,119.08999633789062,0.2236123938169422
2020-02-27,28.950000762939453,117.68000030517578,0.24600612413208992
2020-02-28,42.02000045776367,120.13999938964844,0.3497586205363692
2020-03-02,38.540000915527344,124.94000244140624,0.30846806597111803
2020-03-03,33.650001525878906,113.6999969482422,0.2959542869750194
2020-03-04,34.439998626708984,111.5,0.30887891145030477
2020-03-05,33.61000061035156,114.5999984741211,0.2932809865433057
2020-03-06,48.93000030517578,127.81999969482422,0.3828039463464112
2020-03-09,41.93999862670898,130.47000122070312,0.3214531941006366
2020-03-10,49.68000030517578,138.72000122070312,0.3581314869377419
2020-03-11,52.2400016784668,149.22000122070312,0.3500871280734107
2020-03-12,61.459999084472656,153.64999389648438,0.40000000993087514
2020-03-13,71.30999755859375,151.7899932861328,0.4697937987530596
2020-03-16,57.83000183105469,171.27999877929688,0.33763429614202434
2020-03-17,82.69000244140625,203.02999877929688,0.4072797268313741
2020-03-18,69.37000274658203,193.2400054931641,0.3589836512866173
2020-03-19,80.62000274658203,181.6499938964844,0.4438205640266874
2020-03-20,67.86000061035156,181.1999969482422,0.37450332093402317
2020-03-23,74.08000183105469,186.08999633789065,0.3980869648497645
2020-03-24,58.7599983215332,160.32000732421875,0.36651693885406045
2020-03-25,61.43999862670898,173.13999938964844,0.35485733419947274
2020-03-26,65.66999816894531,167.9199981689453,0.39107907863883096
2020-03-27,64.94999694824219,173.3800048828125,0.3746106535880067
2020-03-30,66.30000305175781,168.25,0.3940564817340732
2020-03-31,56.68999862670898,157.25999450683594,0.36048582352102726
2020-04-01,57.380001068115234,156.4600067138672,0.36673909373563635
2020-04-02,54.459999084472656,155.57000732421875,0.3500674713665997
2020-04-03,51.11000061035156,146.58999633789062,0.34865953944457967
2020-04-06,44.16999816894531,142.3800048828125,0.310226131859596
2020-04-07,44.83000183105469,141.77999877929688,0.31619411917783774
2020-04-08,45.900001525878906,146.17999267578125,0.31399646891269484
2020-04-09,43.0,141.19000244140625,0.30455414162801625
2020-04-13,44.59999847412109,138.64999389648438,0.32167328119335725
2020-04-14,40.2400016784668,138.67999267578125,0.2901644346963844
2020-04-15,42.56999969482422,137.64999389648438,0.3092626340894554
2020-04-16,41.91999816894531,134.8300018310547,0.3109100170559376
2020-04-17,39.5,127.05999755859376,0.31087675711456364
2020-04-20,40.68000030517578,126.9800033569336,0.32036540580981565
2020-04-21,44.27999877929688,135.22999572753906,0.3274421369391453
2020-04-22,44.90999984741211,130.22000122070312,0.34487789453554435
2020-04-23,41.29999923706055,122.55999755859376,0.3369778072761118
2020-04-24,38.79999923706055,119.83999633789062,0.3237650235541011
2020-04-27,36.290000915527344,120.81999969482422,0.3003641864525014
2020-04-28,33.209999084472656,120.56999969482422,0.2754416452561232
2020-04-29,32.47999954223633,114.0999984741211,0.28466257648200655
2020-04-30,30.989999771118164,118.70999908447266,0.26105635591039
2020-05-01,38.16999816894531,123.37999725341795,0.30936941983023025
2020-05-04,39.130001068115234,124.91999816894533,0.3132404870451144
2020-05-05,34.81999969482422,119.79000091552734,0.2906753437574338
2020-05-06,32.689998626708984,117.62000274658205,0.27792890548677474
2020-05-07,32.119998931884766,116.75,0.2751177638705333
2020-05-08,30.13999938964844,114.81999969482422,0.2624978180609338
2020-05-11,28.459999084472656,120.58000183105467,0.23602586376095866
2020-05-12,28.46999931335449,118.05999755859376,0.24114856769520673
2020-05-13,32.7400016784668,133.97999572753906,0.24436485089196952
2020-05-14,35.15999984741211,145.17999267578125,0.24218212991601465
2020-05-15,32.5,140.77000427246094,0.23087304833134845
2020-05-18,30.709999084472656,128.22000122070312,0.2395102073943363
2020-05-19,28.729999542236328,125.88999938964844,0.22821510589822683
2020-05-20,29.520000457763672,121.52999877929688,0.24290299312331207
2020-05-21,28.96999931335449,119.97000122070312,0.24147702774512567
2020-05-22,31.36000061035156,120.87999725341795,0.2594308514468868
2020-05-26,27.71999931335449,118.37999725341795,0.23416117550682014
2020-05-27,27.6200008392334,112.73999786376952,0.24498848112990296
2020-05-28,27.81999969482422,110.41000366210938,0.25196991913850936
2020-05-29,29.299999237060547,109.48999786376952,0.26760434568202673
2020-06-01,28.940000534057617,109.66000366210938,0.26390661652017805
2020-06-02,28.399999618530277,106.0500030517578,0.26779819708887354
2020-06-03,26.75,104.33999633789062,0.2563734036694216
2020-06-04,26.229999542236328,106.66000366210938,0.2459216073658776
2020-06-05,24.790000915527344,106.19000244140624,0.23344948060629367
2020-06-08,25.559999465942383,109.38999938964844,0.23365938027750938
2020-06-09,25.93000030517578,111.73999786376952,0.2320565670386799
2020-06-10,26.729999542236328,110.9000015258789,0.2410279456668789
2020-06-12,37.68000030517578,147.33999633789062,0.2557350430413023
2020-06-15,44.09000015258789,155.47999572753906,0.2835734587351712
2020-06-16,34.279998779296875,138.07000732421875,0.24827983603129605
2020-06-17,33.279998779296875,143.47999572753906,0.23194870205107782
2020-06-18,33.83000183105469,140.3000030517578,0.24112616603846063
2020-06-19,32.06999969482422,132.0800018310547,0.24280738378430208
2020-06-22,35.220001220703125,135.4600067138672,0.26000294902611737
2020-06-23,31.709999084472656,130.4199981689453,0.24313755198336767
2020-06-24,31.049999237060547,132.1999969482422,0.2348714066099183
2020-06-25,36.59000015258789,137.1699981689453,0.266749293876361
2020-06-26,33.0099983215332,126.9800033569336,0.2599621786805594
2020-06-29,35.04999923706055,128.0,0.2738281190395355
2020-06-30,32.540000915527344,122.58999633789062,0.2654376530515463
2020-07-01,30.959999084472656,120.05999755859376,0.25787106208596267
2020-07-02,28.32999992370605,116.5500030517578,0.24307163605242635
2020-07-06,27.76000022888184,115.0,0.24139130633810296
2020-07-07,28.770000457763672,117.3499984741211,0.245164046287638
2020-07-08,28.950000762939453,116.5,0.24849786062608972
2020-07-09,28.18000030517578,112.4800033569336,0.2505334234010643
2020-07-10,30.86000061035156,115.11000061035156,0.26809139472436416
2020-07-13,27.850000381469727,111.83999633789062,0.2490164636390849
2020-07-14,31.13999938964844,122.6500015258789,0.2538931838747508
2020-07-15,29.149999618530277,112.72000122070312,0.2586053877115851
2020-07-16,28.40999984741211,115.2699966430664,0.24646482757680374
2020-07-17,27.149999618530277,113.69000244140624,0.2388072744788874
2020-07-20,26.940000534057617,118.05999755859376,0.22818906565441152
2020-07-21,24.07999992370605,110.4000015258789,0.2181159383232567
2020-07-22,24.559999465942383,116.08000183105467,0.21157821397769733
2020-07-23,23.96999931335449,112.11000061035156,0.21380785998444854
2020-07-24,27.959999084472656,119.73999786376952,0.23350592603386616
2020-07-27,26.600000381469727,117.0,0.22735043061085236
2020-07-28,24.86000061035156,113.06999969482422,0.21986380717651605
2020-07-29,25.15999984741211,112.70999908447266,0.22322775309895504
2020-07-30,25.040000915527344,115.91999816894533,0.21601105340800028
2020-07-31,24.790000915527344,110.62000274658205,0.22410052702962266
2020-08-03,25.75,113.4000015258789,0.22707230735022182
2020-08-04,24.01000022888184,111.19000244140624,0.2159366822708218
2020-08-05,23.440000534057617,107.77999877929688,0.2174800593759158
2020-08-06,23.030000686645508,106.05999755859376,0.21714125227961073
2020-08-07,23.450000762939453,107.62000274658205,0.21789630333088067
2020-08-10,22.8799991607666,110.4499969482422,0.20715255584378478
2020-08-11,21.850000381469727,107.08999633789062,0.2040340006411855
2020-08-12,22.81999969482422,117.56999969482422,0.19409713153064526
2020-08-13,22.200000762939453,115.13999938964844,0.19280876220792584
2020-08-14,22.270000457763672,115.55999755859376,0.19271374981183992
2020-08-17,22.520000457763672,111.81999969482422,0.20139510391007495
2020-08-18,21.690000534057617,109.3499984741211,0.19835391711679629
2020-08-19,21.600000381469727,111.27999877929688,0.19410496601738197
2020-08-20,24.100000381469727,117.6999969482422,0.20475786751351865
2020-08-21,22.57999992370605,114.5,0.19720523950834978
2020-08-24,22.8700008392334,108.76000213623048,0.2102795181135333
2020-08-25,22.15999984741211,108.30999755859376,0.2045979165997483
2020-08-26,22.13999938964844,103.68000030517578,0.2135416601512413
2020-08-27,23.420000076293945,104.20999908447266,0.22473851148688415
2020-08-28,24.59000015258789,115.3499984741211,0.21317729066207736
2020-08-31,23.90999984741211,115.0199966430664,0.20787689571588458
2020-09-01,25.86000061035156,118.66999816894533,0.21791523560601894
2020-09-02,26.01000022888184,119.77999877929688,0.21714810898276185
2020-09-03,26.280000686645508,121.30999755859376,0.21663507720336111
2020-09-04,34.619998931884766,129.30999755859375,0.2677287107379113
2020-09-08,30.61000061035156,130.91000366210938,0.2338247632271003
2020-09-09,31.68000030517578,127.12999725341795,0.24919374647688863
2020-09-10,28.670000076293945,120.55999755859376,0.23780690657661918
2020-09-11,28.6299991607666,116.5,0.24575106575765324
2020-09-14,25.86000061035156,114.51000213623048,0.22583180619965743
2020-09-15,25.920000076293945,108.91000366210938,0.23799466719981124
2020-09-16,25.309999465942383,109.7699966430664,0.230573018492855
2020-09-17,28.21999931335449,109.51000213623048,0.2576933500398329
2020-09-18,26.649999618530277,100.0500030517578,0.266366804654106
2020-09-21,28.040000915527344,109.2699966430664,0.25661207812718084
2020-09-22,28.61000061035156,108.3499984741211,0.2640516937080062
2020-09-23,27.020000457763672,103.4000015258789,0.26131528103508894
2020-09-24,29.540000915527344,108.33000183105467,0.27268531723645917
2020-09-25,28.170000076293945,102.45999908447266,0.2749365638103249
2020-09-28,27.149999618530277,102.7300033569336,0.264285006632367
2020-09-29,26.809999465942383,102.4800033569336,0.2616120080769735
2020-09-30,26.690000534057617,97.8000030517578,0.2729038824255733
2020-10-01,25.780000686645508,100.62999725341795,0.2561860418392278
2020-10-02,28.8700008392334,108.73999786376952,0.2654956906970148
2020-10-05,29.520000457763672,105.8000030517578,0.2790170095110712
2020-10-06,28.049999237060547,103.0,0.2723300896801995
2020-10-07,29.26000022888184,105.66999816894533,0.27689978930538933
2020-10-08,27.649999618530277,104.12999725341795,0.26553347112109615
2020-10-09,26.200000762939453,104.2699966430664,0.2512707548330171
2020-10-12,25.649999618530277,112.5999984741211,0.22779751302061899
2020-10-13,25.670000076293945,110.33999633789062,0.23264456161196098
2020-10-14,25.71999931335449,116.68000030517578,0.2204319441728145
2020-10-15,27.100000381469727,119.91999816894533,0.22598399595779503
2020-10-16,27.15999984741211,116.70999908447266,0.23271356405164717
2020-10-19,27.36000061035156,117.33000183105467,0.2331884444163536
2020-10-20,28.809999465942383,119.61000061035156,0.24086614262126374
2020-10-21,29.1200008392334,119.16999816894533,0.2443568120052369
2020-10-22,30.100000381469727,117.2699966430664,0.2566726463980793
2020-10-23,28.46999931335449,117.58000183105467,0.24213300620850242
2020-10-26,29.3799991607666,121.58999633789062,0.24163171350973242
2020-10-27,32.040000915527344,131.9600067138672,0.24280084332672575
2020-10-28,34.689998626708984,144.11000061035156,0.24071888473933686
2020-10-29,38.79999923706055,149.60000610351562,0.2593582730886583
2020-10-30,40.810001373291016,146.8699951171875,0.27786479696365984
2020-11-02,38.56999969482422,142.67999267578125,0.27032521498980394
2020-11-03,36.43999862670898,138.50999450683594,0.2630856983025188
2020-11-04,36.790000915527344,127.95999908447266,0.2875117316251344
2020-11-05,27.559999465942383,119.19000244140624,0.2312274427504175
2020-11-06,27.8700008392334,116.29000091552734,0.23965947733957
2020-11-09,24.799999237060547,108.23999786376952,0.22912047049625536
2020-11-10,25.36000061035156,115.83999633789062,0.21892266412353503
2020-11-11,25.01000022888184,119.47000122070312,0.20934125699621925
2020-11-12,24.38999938964844,118.6500015258789,0.20556257122616814
2020-11-13,24.940000534057617,118.4499969482422,0.21055298587264107
2020-11-16,23.65999984741211,114.20999908447266,0.20716224531192373
2020-11-17,22.84000015258789,117.01000213623048,0.19519698945049255
2020-11-18,22.86000061035156,114.36000061035156,0.19989507247591193
2020-11-19,23.6200008392334,116.58999633789062,0.20259028716992186
2020-11-20,23.43000030517578,113.33000183105467,0.20674137409883545
2020-11-23,23.65999984741211,114.02999877929688,0.2074892580960703
2020-11-24,22.040000915527344,107.58999633789062,0.20485176750364273
2020-11-25,21.649999618530277,104.58000183105467,0.2070185431197935
2020-11-27,21.520000457763672,102.66999816894533,0.2096035924959512
2020-11-30,22.63999938964844,108.93000030517578,0.20783989099624292
2020-12-01,20.209999084472656,105.11000061035156,0.19227474994879137
2020-12-02,21.0,109.02999877929688,0.19260754136583166
2020-12-03,21.239999771118164,106.41999816894533,0.1995865451660594
2020-12-04,21.049999237060547,106.5999984741211,0.1974671626488886
2020-12-07,22.040000915527344,106.77999877929688,0.2064057048837557
2020-12-08,21.649999618530277,104.66000366210938,0.20686029869085837
2020-12-09,20.65999984741211,108.41000366210938,0.19057281754002037
2020-12-10,22.1200008392334,114.9000015258789,0.19251523538275422
2020-12-11,22.489999771118164,115.79000091552734,0.1942309318014892
2020-12-14,22.670000076293945,117.01000213623048,0.19374412154868684
2020-12-15,24.0,122.05999755859376,0.1966246147799489
2020-12-16,22.51000022888184,118.4000015258789,0.1901182427262198
2020-12-17,21.979999542236328,110.41999816894533,0.19905814079625672
2020-12-18,22.149999618530277,110.05999755859376,0.20125386252837282
2020-12-21,24.25,124.33000183105467,0.19504544070506824
2020-12-22,25.239999771118164,120.38999938964844,0.2096519636105953
2020-12-23,23.489999771118164,116.9499969482422,0.20085506955176732
2020-12-24,22.46999931335449,116.29000091552734,0.19322382953351783
2020-12-28,22.11000061035156,115.02999877929688,0.19221073498203775
2020-12-29,21.61000061035156,113.06999969482422,0.19112055070909104
2020-12-30,22.57999992370605,114.95999908447266,0.19641614564657622
2020-12-31,22.989999771118164,110.9800033569336,0.20715443391344823
2021-01-04,23.040000915527344,114.3000030517578,0.20157480577751408
2021-01-05,26.940000534057617,125.91999816894533,0.21394536948700196
2021-01-06,25.479999542236328,116.61000061035156,0.21850612648032564
2021-01-07,23.670000076293945,114.86000061035156,0.20607696282878765
2021-01-08,22.43000030517578,109.0,0.20577981931353928
2021-01-11,23.309999465942383,118.3499984741211,0.19695817293178458
2021-01-12,23.489999771118164,117.5,0.19991489166909077
2021-01-13,23.06999969482422,119.33999633789062,0.19331322609986926
2021-01-14,22.21999931335449,117.19000244140624,0.1896066119160997
2021-01-15,23.520000457763672,123.58999633789062,0.19030666845770294
2021-01-19,23.030000686645508,118.73999786376952,0.19395318427635347
2021-01-20,22.81999969482422,118.04000091552734,0.19332429276372876
2021-01-21,21.34000015258789,113.56999969482422,0.18790173646148586
2021-01-25,22.309999465942383,114.86000061035156,0.19423645609776996
2021-01-26,23.90999984741211,114.5500030517578,0.20872980541614403
2021-01-27,23.81999969482422,123.87000274658205,0.19229837060354377
2021-01-28,33.25,136.92999267578125,0.24282481398161146
2021-01-29,35.15999984741211,136.0800018310547,0.2583774204461267
2021-02-01,31.450000762939453,134.85000610351562,0.23322209372980912
2021-02-02,28.01000022888184,123.4000015258789,0.22698541233816522
2021-02-03,24.59000015258789,116.41000366210938,0.21123614276280417
2021-02-04,23.440000534057617,109.94000244140624,0.21320720405250337
2021-02-05,21.989999771118164,108.0199966430664,0.20357341653860955
2021-02-08,21.88999938964844,110.27999877929688,0.19849473732273837
2021-02-09,21.56999969482422,108.38999938964844,0.19900359642297605
2021-02-10,21.63999938964844,112.11000061035156,0.1930247013811035
2021-02-11,22.09000015258789,113.19000244140624,0.195158580052359
2021-02-12,21.600000381469727,115.66000366210938,0.18675427717063062
2021-02-16,21.1299991607666,119.80999755859376,0.17636257066471314
2021-02-18,21.979999542236328,124.69000244140624,0.1762771602524033
2021-02-19,23.100000381469727,120.05999755859376,0.1924038051907844
2021-02-22,24.459999084472656,120.70999908447266,0.20263440700844998
2021-02-23,22.81999969482422,118.66000366210938,0.19231416644655913
2021-02-24,23.76000022888184,114.0199966430664,0.20838450209099083
2021-02-25,21.729999542236328,111.33999633789062,0.19516795632263995
2021-02-26,28.729999542236328,124.3499984741211,0.2310414145136916
2021-03-01,25.200000762939453,118.72000122070312,0.2122641551872299
2021-03-02,23.57999992370605,115.5999984741211,0.20397924078679647
2021-03-03,22.799999237060547,114.25,0.199562356560705
2021-03-04,26.520000457763672,120.3000030517578,0.2204488760183466
2021-03-05,29.479999542236328,121.68000030517578,0.24227481482823737
2021-03-08,27.61000061035156,118.47000122070312,0.2330547845518769
2021-03-09,25.11000061035156,112.19000244140624,0.2238167400296281
2021-03-10,23.76000022888184,115.16000366210938,0.20632163488459054
2021-03-11,22.5,113.16000366210938,0.1988335036395366
2021-03-12,22.56999969482422,114.38999938964844,0.19730745533045838
2021-03-15,21.84000015258789,112.76000213623048,0.19368570183425496
2021-03-16,20.13999938964844,109.30999755859376,0.18424663653343087
2021-03-17,20.100000381469727,115.29000091552734,0.17434296315251954
2021-03-18,18.950000762939453,110.4800033569336,0.17152425947813094
2021-03-19,21.43000030517578,116.62000274658205,0.1837592162619278
2021-03-22,21.90999984741211,113.56999969482422,0.19292066484359272
2021-03-23,19.459999084472656,109.8000030517578,0.17723131642628054
2021-03-24,20.63999938964844,109.45999908447266,0.18856202779355138
2021-03-25,20.799999237060547,112.0999984741211,0.18554861302573827
2021-03-26,19.31999969482422,103.80999755859376,0.18610923946818686
2021-03-29,20.399999618530277,107.4499969482422,0.1898557487010148
2021-03-30,20.76000022888184,105.6500015258789,0.1964978696549918
2021-03-31,19.799999237060547,100.31999969482422,0.19736841404797256
2021-04-01,18.600000381469727,98.29000091552734,0.1892359365980166
2021-04-05,18.15999984741211,99.12999725341795,0.1831937894741136
2021-04-06,18.06999969482422,99.31999969482422,0.18193717026124684
2021-04-07,17.989999771118164,98.36000061035156,0.18289954920176024
2021-04-08,16.920000076293945,96.08999633789062,0.17608492789193683
2021-04-09,17.049999237060547,101.2699966430664,0.1683618031227406
2021-04-12,17.43000030517578,105.5199966430664,0.16518196417438083
2021-04-13,16.989999771118164,103.41999816894533,0.16428157099136242
2021-04-14,16.709999084472656,104.13999938964844,0.1604570691608208
2021-04-15,16.780000686645508,105.36000061035156,0.159263483195129
2021-04-16,16.649999618530273,108.91000366210938,0.15287851490838703
2021-04-19,17.040000915527344,108.9000015258789,0.15647383541567694
2021-04-20,17.360000610351562,114.05999755859376,0.15220060478638495
2021-04-21,18.479999542236328,116.04000091552734,0.15925542396099304
2021-04-22,17.280000686645508,112.11000061035156,0.15413433763776088
2021-04-23,18.559999465942383,114.26000213623048,0.1624365405123446
2021-04-26,17.940000534057617,109.41999816894533,0.16395540883082557
2021-04-27,17.6200008392334,104.29000091552734,0.1689519674422596
2021-04-28,17.469999313354492,103.12999725341795,0.16939784523048165
2021-04-29,16.8799991607666,102.9499969482422,0.16396308558661707
2021-04-30,17.670000076293945,107.0,0.16514018762891539
2021-05-03,18.649999618530277,109.47000122070312,0.17036630502022104
2021-05-04,18.15999984741211,110.5,0.16434389002182903
2021-05-06,18.40999984741211,109.70999908447266,0.1678060340993813
2021-05-07,18.450000762939453,108.26000213623048,0.17042305929130352
2021-05-10,17.34000015258789,109.69000244140624,0.15808186495255575
2021-05-12,22.420000076293945,129.0,0.17379845020382903
2021-05-13,26.030000686645508,138.6999969482422,0.18767124195654425
2021-05-14,21.770000457763672,123.5199966430664,0.17624677015392143
2021-05-17,19.88999938964844,121.06999969482422,0.16428511968104634
2021-05-18,18.88999938964844,120.31999969482422,0.1569980006446179
2021-05-19,22.459999084472656,132.14999389648438,0.16995838154987736
2021-05-21,20.420000076293945,124.0500030517578,0.1646110404993222
2021-05-24,20.5,121.93000030517578,0.1681292540694745
2021-05-26,18.3700008392334,111.75,0.16438479498195435
2021-05-27,18.030000686645508,105.44000244140624,0.1709977263768076
2021-05-28,16.799999237060547,103.63999938964844,0.16209956904668343
2021-06-01,17.239999771118164,104.93000030517578,0.16430000687103574
2021-06-02,17.860000610351562,112.8499984741211,0.15826318876244594
2021-06-03,17.729999542236328,114.02999877929688,0.15548539622939433
2021-06-04,18.09000015258789,110.37000274658205,0.1639032318783566
2021-06-07,17.34000015258789,111.04000091552734,0.15615994244974057
2021-06-08,16.579999923706055,107.6500015258789,0.1540176468991526
2021-06-09,17.18000030517578,118.5,0.14497890552890955
2021-06-10,18.18000030517578,117.6500015258789,0.15452613743635876
2021-06-11,16.18000030517578,114.68000030517578,0.141088247838499
2021-06-14,16.040000915527344,117.63999938964844,0.13634818938071808
2021-06-15,16.270000457763672,120.55999755859376,0.1349535566293972
2021-06-16,16.989999771118164,121.12999725341795,0.1402625291534773
2021-06-17,18.489999771118164,122.8499984741211,0.15050875051506954
2021-06-18,16.959999084472656,124.97000122070312,0.13571256236543097
2021-06-21,21.739999771118164,127.2699966430664,0.170817948806024
2021-06-22,17.90999984741211,121.0,0.14801652766456289
2021-06-23,16.25,113.6999969482422,0.14291996865573553
2021-06-24,15.989999771118164,107.5199966430664,0.1487165203715555
2021-06-25,16.040000915527344,106.8000030517578,0.15018727019842856
2021-06-28,16.06999969482422,106.83000183105467,0.15042590488988264
2021-06-29,15.6899995803833,106.27999877929688,0.14762890252723337
2021-06-30,16.18000030517578,108.41999816894533,0.14923446392208303
2021-07-01,15.619999885559082,106.37000274658205,0.14684591033406733
2021-07-02,15.529999732971191,106.06999969482422,0.14641274420338282
2021-07-06,15.770000457763672,109.16000366210938,0.1444668370164008
2021-07-07,16.43000030517578,111.55999755859376,0.14727501492231912
2021-07-08,17.739999771118164,122.36000061035156,0.14498201767430666
2021-07-09,17.8799991607666,116.16999816894533,0.15391236500463593
2021-07-12,16.850000381469727,114.81999969482422,0.14675144074424937
2021-07-13,16.389999389648438,112.76000213623048,0.14535295387673844
2021-07-14,17.34000015258789,117.48999786376952,0.14758703266548479
2021-07-15,16.700000762939453,119.95999908447266,0.13921307844608896
2021-07-16,16.799999237060547,118.05999755859376,0.14230052163708223
2021-07-19,19.61000061035156,135.89999389648438,0.14429728838169473
2021-07-20,20.88999938964844,138.4199981689453,0.15091749505842095
2021-07-21,19.729999542236328,128.8300018310547,0.15314755306849945
2021-07-22,17.59000015258789,122.3000030517578,0.1438266534232525
2021-07-23,16.979999542236328,116.62999725341795,0.14558861306788476
2021-07-26,18.670000076293945,118.63999938964844,0.15736682545804984
2021-07-27,18.6200008392334,118.43000030517578,0.15722368311451945
2021-07-28,19.40999984741211,118.0199966430664,0.16446365361384235
2021-07-29,17.90999984741211,113.9800033569336,0.15713282435451528
2021-07-30,19.690000534057617,117.20999908447266,0.16798908529866238
2021-08-02,18.15999984741211,117.33000183105467,0.15477712063416638
2021-08-03,19.170000076293945,121.61000061035156,0.15763506274221806
2021-08-04,18.229999542236328,118.58000183105467,0.1537358682808024
2021-08-05,17.729999542236328,115.51000213623048,0.15349319724993057
2021-08-06,17.459999084472656,111.98999786376952,0.1559067721897085
2021-08-09,17.1200008392334,115.51000213623048,0.14821228051785826
2021-08-10,16.81999969482422,114.72000122070312,0.1466178479414867
2021-08-11,16.809999465942383,117.55999755859376,0.14299081162845392
2021-08-12,16.329999923706055,118.0999984741211,0.1382726514368618
2021-08-13,15.68000030517578,116.66000366210938,0.13440767883559196
2021-08-16,17.049999237060547,122.68000030517578,0.13897945218982216
2021-08-17,17.309999465942383,120.6500015258789,0.14347284912573716
2021-08-18,17.559999465942383,121.08000183105467,0.14502807400386564
2021-08-19,23.1200008392334,133.5,0.17318352688564342
2021-08-20,22.739999771118164,126.68000030517578,0.17950741803234013
2021-08-23,18.82999992370605,118.69000244140624,0.15864857642918886
2021-08-24,16.959999084472656,113.31999969482422,0.1496646587552655
2021-08-25,17.420000076293945,111.18000030517578,0.15668285688503447
2021-08-26,17.459999084472656,110.91999816894533,0.15741074082852802
2021-08-27,17.950000762939453,113.0,0.15884956427380048
2021-08-30,16.770000457763672,110.37999725341795,0.15192970533657432
2021-08-31,15.979999542236328,109.0,0.14660550038748926
2021-09-01,16.059999465942383,105.75,0.15186760724295398
2021-09-02,16.270000457763672,104.87999725341795,0.1551296804332577
2021-09-03,16.270000457763672,106.45999908447266,0.15282735861057015
2021-09-07,16.940000534057617,108.95999908447266,0.1554699034177181
2021-09-08,18.96999931335449,118.86000061035156,0.15959952226100177
2021-09-09,19.440000534057617,115.13999938964844,0.16883794195855584
2021-09-10,17.940000534057617,113.16000366210938,0.15853658495474818
2021-09-13,19.63999938964844,119.54000091552734,0.16429646343676205
2021-09-14,19.57999992370605,114.87999725341795,0.17043872207372898
2021-09-15,19.299999237060547,119.8499984741211,0.16103462230104196
2021-09-16,18.40999984741211,113.4000015258789,0.16234567548229512
2021-09-17,18.3700008392334,112.79000091552734,0.16286905479317604
2021-09-20,24.25,130.5500030517578,0.18575258087420995
2021-09-21,23.40999984741211,133.1999969482422,0.17575075363183817
2021-09-22,22.71999931335449,126.0999984741211,0.1801744614455107
2021-09-23,19.90999984741211,114.22000122070312,0.17431272662080213
2021-09-24,19.32999992370605,112.66000366210938,0.17157819363898402
2021-09-27,17.780000686645508,107.08000183105467,0.16604408276624685
2021-09-28,19.739999771118164,112.87000274658205,0.1748914617769506
2021-09-29,22.06999969482422,119.01000213623048,0.185446595232901
2021-09-30,21.479999542236328,115.16999816894533,0.18650690182982255
2021-10-01,24.780000686645508,115.5199966430664,0.2145083224267287
2021-10-04,22.899999618530277,116.55999755859376,0.19646534058152013
2021-10-05,22.920000076293945,116.4499969482422,0.19682267648732574
2021-10-06,22.950000762939453,115.01000213623048,0.1995478683302253
2021-10-07,20.540000915527344,108.5999984741211,0.1891344493934034
2021-10-08,19.459999084472656,106.94000244140624,0.1819711860875918
2021-10-11,19.93000030517578,111.12999725341795,0.17933951946140994
2021-10-12,20.6200008392334,109.58000183105467,0.1881730287888145
2021-10-13,20.13999938964844,111.4000015258789,0.18078993818478356
2021-10-14,18.010000228881836,105.25,0.17111639172334286
2021-10-15,16.639999389648438,107.02999877929688,0.1554704249222804
2021-10-18,17.290000915527344,111.16000366210938,0.15554156482473122
2021-10-19,16.09000015258789,106.2699966430664,0.1514068002338427
2021-10-20,15.81999969482422,102.62000274658205,0.15416097516476762
2021-10-21,16.059999465942383,102.93000030517578,0.15602836314316823
2021-10-22,15.350000381469728,102.3499984741211,0.14997557997375968
2021-10-25,16.139999389648438,106.33000183105467,0.15179158385883335
2021-10-26,15.020000457763672,101.58999633789062,0.1478492075913342
2021-10-27,15.789999961853027,103.33000183105467,0.15281137793522734
2021-10-28,17.059999465942383,106.51000213623048,0.1601727455053655
2021-10-29,17.399999618530273,109.44000244140624,0.15899122103772034
2021-11-01,16.850000381469727,106.87000274658205,0.1576681945206428
2021-11-02,16.540000915527344,105.94000244140624,0.15612611416235675
2021-11-03,16.110000610351562,105.38999938964844,0.15286080940934052
2021-11-04,15.0600004196167,100.4499969482422,0.14992534472028413
2021-11-05,15.59000015258789,103.5199966430664,0.1505989244410595
2021-11-08,17.229999542236328,110.91999816894533,0.1553371783868301
2021-11-09,17.43000030517578,111.54000091552734,0.15626681156633712
2021-11-10,17.739999771118164,118.98999786376952,0.14908815942184078
2021-11-11,18.34000015258789,115.12000274658205,0.15931201976219908
2021-11-12,17.489999771118164,112.51000213623048,0.155452843649765
2021-11-15,17.030000686645508,112.87000274658205,0.15088154755237848
2021-11-16,16.860000610351562,111.20999908447266,0.15160507822273317
2021-11-17,16.360000610351562,109.87999725341795,0.14888970712858898
2021-11-18,16.809999465942383,110.37999725341795,0.15229208085001883
2021-11-19,17.360000610351562,114.66000366210938,0.15140415189161868
2021-11-22,18.200000762939453,114.1500015258789,0.15943933876175498
2021-11-23,20.239999771118164,118.56999969482422,0.17070085032649007
2021-11-24,19.170000076293945,117.91999816894533,0.16256784577649727
2021-11-26,26.6200008392334,123.83000183105467,0.21497214282167207
2021-11-29,25.309999465942383,132.63999938964844,0.19081724655012053
2021-11-30,26.229999542236328,141.7899932861328,0.18499189494497031
2021-12-01,24.920000076293945,134.2100067138672,0.18567915080596667
2021-12-02,29.440000534057617,151.35000610351562,0.19451601814883424
2021-12-03,26.950000762939453,143.10000610351562,0.18832983657208494
2021-12-06,28.989999771118164,149.7899932861328,0.19353762648043316
2021-12-07,24.57999992370605,130.9600067138672,0.18769088777927886
2021-12-08,21.739999771118164,119.83999633789062,0.18140854835994752
2021-12-09,20.309999465942383,115.16000366210938,0.1763633103515166
2021-12-10,21.270000457763672,114.88999938964844,0.18513361102585307
2021-12-13,19.290000915527344,118.73999786376952,0.16245579638344593
2021-12-14,19.670000076293945,126.87999725341795,0.1550283772232984
2021-12-15,21.600000381469727,129.10000610351562,0.1673121561601655
2021-12-16,18.559999465942383,117.51000213623048,0.15794399734948175
2021-12-17,20.700000762939453,132.86000061035156,0.15580310603526107
2021-12-20,25.88999938964844,150.3699951171875,0.17217530245626228
2021-12-21,22.280000686645508,134.1699981689453,0.16605799352095682
2021-12-22,21.040000915527344,130.8300018310547,0.1608193886804116
2021-12-23,18.809999465942383,121.91000366210938,0.15429414240751668
2021-12-27,19.3700008392334,120.58999633789062,0.16062692949221977
2021-12-28,17.780000686645508,117.26000213623048,0.15162886203932552
2021-12-29,17.6299991607666,114.5500030517578,0.1539065795816761
2021-12-30,17.299999237060547,109.6999969482422,0.15770282332116106
2021-12-31,17.6299991607666,111.58000183105467,0.15800321627042546
2022-01-03,17.600000381469727,110.1999969482422,0.15970962675920894
2022-01-04,16.56999969482422,107.97000122070312,0.15346855151879854
2022-01-05,17.06999969482422,109.58000183105467,0.15577659618168238
2022-01-06,20.290000915527344,119.9499969482422,0.16915382602537601
2022-01-07,19.850000381469727,117.16000366210938,0.16942642336131472
2022-01-10,19.57999992370605,120.3499984741211,0.16269214933074008
2022-01-11,19.6200008392334,115.8499984741211,0.16935693653561998
2022-01-12,18.170000076293945,113.7300033569336,0.15976435012728069
2022-01-13,18.059999465942383,114.33999633789062,0.15794997415053755
2022-01-14,20.11000061035156,128.6699981689453,0.15629129475813683
2022-01-18,21.18000030517578,122.93000030517578,0.17229317703242558
2022-01-19,23.1200008392334,127.0,0.18204725070262517
2022-01-20,23.459999084472656,126.44000244140624,0.18554253900259368
2022-01-21,25.3799991607666,138.35000610351562,0.18344776321713271
2022-01-24,28.200000762939453,161.08999633789062,0.17505743003301824
2022-01-25,32.290000915527344,159.1999969482422,0.2028266428046805
2022-01-26,29.350000381469727,145.50999450683594,0.20170436045264842
2022-01-27,32.189998626708984,141.94000244140625,0.2267859523251539
2022-01-28,30.270000457763672,141.07000732421875,0.21457431690773685
2022-01-31,28.36000061035156,133.8699951171875,0.21184732684516572
2022-02-01,24.56999969482422,123.41000366210938,0.19909244766004294
2022-02-02,21.559999465942383,117.6999969482422,0.1831775703054882
2022-02-03,22.6299991607666,124.41000366210938,0.1818985491088676
2022-02-04,23.770000457763672,125.11000061035156,0.18999280906243518
2022-02-07,24.09000015258789,126.70999908447266,0.19011917233562617
2022-02-08,23.09000015258789,122.48999786376952,0.18850518862991608
2022-02-09,21.270000457763672,119.30999755859376,0.17827508920463989
2022-02-10,20.3700008392334,124.48999786376952,0.16362761015968902
2022-02-11,24.38999938964844,128.10000610351562,0.1903981126272489
2022-02-14,29.170000076293945,142.38999938964844,0.2048598932602746
2022-02-15,28.09000015258789,133.67999267578125,0.21012867812399982
2022-02-16,25.190000534057617,130.39999389648438,0.1931748597630628
2022-02-17,24.82999992370605,128.05999755859375,0.19389349052849314
2022-02-18,26.65999984741211,132.88999938964844,0.20061705147008083
2022-02-22,31.799999237060547,134.77000427246094,0.23595754417853496
2022-02-23,28.040000915527344,128.55999755859375,0.21810828755459147
2022-02-24,37.5,145.6300048828125,0.2575018797134286
2022-02-25,31.68000030517578,125.05999755859376,0.2533184145500475
2022-02-28,32.439998626708984,124.81999969482422,0.25989423734996325
2022-03-01,29.450000762939453,124.5199966430664,0.236508203958254
2022-03-02,34.20000076293945,131.77999877929688,0.2595234563647029
2022-03-03,30.520000457763672,122.61000061035156,0.24891934023191717
2022-03-04,31.899999618530277,127.19000244140624,0.2508058731520658
2022-03-07,35.880001068115234,130.44000244140625,0.2750690002802826
2022-03-08,36.18999862670898,144.0800018310547,0.25117988733193275
2022-03-09,33.7400016784668,133.27000427246094,0.25317026034971674
2022-03-10,33.029998779296875,131.5800018310547,0.2510259790215426
2022-03-11,30.43000030517578,123.81999969482422,0.24575997722642362
2022-03-14,31.030000686645508,125.94000244140624,0.24638716916876557
2022-03-15,33.130001068115234,126.41000366210938,0.26208369676715504
2022-03-16,29.020000457763672,119.6500015258789,0.24254074456895836
2022-03-17,26.51000022888184,115.8000030517578,0.2289291841990105
2022-03-18,26.36000061035156,111.56999969482422,0.2362642348521438
2022-03-21,25.13999938964844,108.37999725341795,0.2319616167812332
2022-03-22,24.020000457763672,106.52999877929688,0.22547639850749476
2022-03-23,23.040000915527344,110.93000030517578,0.20769855631608017
2022-03-24,23.61000061035156,109.22000122070312,0.21616920295250996
2022-03-25,21.8700008392334,106.0199966430664,0.20628184806364708
2022-03-28,22.13999938964844,113.27999877929688,0.19544491197235747
2022-03-29,19.700000762939453,105.1999969482422,0.1872623700990385
2022-03-30,19.3799991607666,106.29000091552734,0.18233134814034496
2022-03-31,19.68000030517578,109.0500030517578,0.1804676731263838
2022-04-01,20.6200008392334,109.97000122070312,0.18750568891829242
2022-04-04,20.75,112.88999938964844,0.18380724698544637
2022-04-05,18.790000915527344,108.87000274658205,0.1725911678285252
2022-04-06,21.270000457763672,120.95999908447266,0.175843259083606
2022-04-07,21.96999931335449,115.7300033569336,0.18983840556536394
2022-04-08,21.25,113.2699966430664,0.18760484355766754
2022-04-11,23.09000015258789,116.5,0.19819742620247116
2022-04-12,24.940000534057617,116.12999725341795,0.21475933112814724
2022-04-13,23.520000457763672,122.33000183105467,0.1922668201235397
2022-04-14,21.71999931335449,112.52999877929688,0.1930151919396493
2022-04-18,24.520000457763672,115.83999633789062,0.21167128136159405
2022-04-19,22.549999237060547,110.76000213623048,0.20359334418687466
2022-04-20,21.1299991607666,102.58999633789062,0.2059654928846356
2022-04-21,20.239999771118164,101.2699966430664,0.19986176006755033
2022-04-22,22.709999084472656,111.41999816894533,0.20382336616123123
2022-04-25,30.040000915527344,123.77999877929688,0.24268865092727532
2022-04-26,27.3799991607666,118.87999725341795,0.23031628359142978
2022-04-27,31.11000061035156,125.6999969482422,0.2474940442771952
2022-04-28,29.90999984741211,118.95999908447266,0.2514290524344509
2022-04-29,28.96999931335449,120.5999984741211,0.240215586068776
2022-05-02,33.349998474121094,125.41999816894533,0.26590654569455047
2022-05-03,31.76000022888184,123.11000061035156,0.25798066827571225
2022-05-04,29.1200008392334,116.3499984741211,0.25027934010424896
2022-05-05,25.96999931335449,107.4000015258789,0.24180632164234006
2022-05-06,32.22999954223633,120.36000061035156,0.26777998819206045
2022-05-09,31.899999618530277,122.79000091552734,0.25979313772035634
2022-05-10,33.65999984741211,122.12000274658205,0.27563051990149257
2022-05-11,32.869998931884766,126.0999984741211,0.26066613266954575
2022-05-12,33.7400016784668,127.9499969482422,0.2636967759531496
2022-05-13,31.09000015258789,118.70999908447266,0.2618987481455931
2022-05-16,30.01000022888184,114.4000015258789,0.2623251733269702
2022-05-17,27.06999969482422,104.6500015258789,0.2586717563317959
2022-05-18,26.739999771118164,103.83999633789062,0.2575115631178127
2022-05-19,31.239999771118164,115.20999908447266,0.27115701778812457
2022-05-20,28.780000686645508,104.16000366210938,0.2763056804414736
2022-05-23,28.979999542236328,106.4499969482422,0.2722404919966968
2022-05-24,29.43000030517578,103.8499984741211,0.28338951119493366
2022-05-25,29.32999992370605,104.62999725341795,0.2803211382359845
2022-05-26,28.420000076293945,97.7699966430664,0.2906822241187979
2022-05-27,27.5,94.86000061035156,0.28990090473390817
2022-05-31,27.46999931335449,97.16999816894533,0.28270042020165087
2022-06-01,26.049999237060547,92.5199966430664,0.28156074559275046
2022-06-02,25.729999542236328,92.2699966430664,0.27885553785993117
2022-06-03,24.90999984741211,92.5500030517578,0.26915179930876293
2022-06-06,25.3700008392334,91.08999633789062,0.2785157740606941
2022-06-07,25.540000915527344,91.30999755859376,0.279706511865125
2022-06-08,24.3700008392334,93.95999908447266,0.25936569898562994
2022-06-09,24.290000915527344,94.5500030517578,0.25690111191462056
2022-06-10,26.26000022888184,99.48999786376952,0.26394613320667015
2022-06-13,31.3700008392334,104.63999938964844,0.29978976512051364
2022-06-14,33.0099983215332,112.73999786376952,0.2927975780292382
2022-06-15,32.38999938964844,110.33000183105467,0.2935738135783444
2022-06-16,30.350000381469727,110.3499984741211,0.27503399004203255
2022-06-17,32.84000015258789,113.29000091552734,0.2898755396522103
2022-06-21,30.6299991607666,106.48999786376952,0.28763263945174394
2022-06-22,31.450000762939453,106.08999633789062,0.2964464308470045
2022-06-23,29.290000915527344,98.8499984741211,0.296307550507403
2022-06-24,29.06999969482422,96.3499984741211,0.30171250809757105
2022-06-27,28.299999237060547,91.86000061035156,0.3080774989007725
2022-06-28,26.899999618530277,86.97000122070312,0.30930204945342415
2022-06-29,28.799999237060547,90.5,0.31823203576862485
2022-06-30,29.420000076293945,91.37999725341795,0.3219522976642848
2022-07-01,29.530000686645508,90.0999984741211,0.3277469610071885
2022-07-05,27.3700008392334,90.94000244140624,0.30096767214041176
2022-07-06,27.84000015258789,87.69999694824219,0.31744585087064703
2022-07-07,26.729999542236328,85.62999725341797,0.31215695900503354
2022-07-08,26.40999984741211,85.80000305175781,0.3078088450822152
2022-07-11,26.420000076293945,88.77999877929688,0.2975895521464569
2022-07-12,27.13999938964844,88.69000244140625,0.30600968139085005
2022-07-13,27.350000381469727,95.37999725341795,0.28674775811539077
2022-07-14,27.46999931335449,92.61000061035156,0.2966202260264752
2022-07-15,26.71999931335449,89.04000091552734,0.3000898364624218
2022-07-18,24.82999992370605,90.68000030517578,0.27382002470382455
2022-07-19,25.1200008392334,89.44000244140625,0.2808586779242315
2022-07-20,24.229999542236328,87.76000213623047,0.2760938804972216
2022-07-21,24.06999969482422,86.3499984741211,0.2787492775930731
2022-07-22,23.299999237060547,84.41999816894531,0.27600094459172436
2022-07-25,24.32999992370605,84.86000061035156,0.28670751530419125
2022-07-26,23.950000762939453,84.62000274658203,0.2830300163740758
2022-07-27,24.270000457763672,82.83999633789062,0.292974426975713
2022-07-28,23.32999992370605,80.1500015258789,0.29107921995701075
2022-07-29,22.1299991607666,79.13999938964844,0.27963102516350563
2022-08-01,22.40999984741211,83.63999938964844,0.2679340030003114
2022-08-02,24.07999992370605,87.54000091552734,0.27507424802225333
2022-08-03,23.86000061035156,85.94999694824219,0.27760327466584667
2022-08-04,22.059999465942383,85.04000091552734,0.25940732865061006
2022-08-05,21.5,86.37999725341797,0.2489002162957266
2022-08-08,21.739999771118164,86.48999786376953,0.2513585421213775
2022-08-09,21.40999984741211,88.23999786376953,0.2426337303460299
2022-08-10,22.280000686645508,88.87000274658203,0.25070327442408463
2022-08-11,19.84000015258789,88.19000244140625,0.22496881282852507
2022-08-12,20.34000015258789,91.25,0.22290411126123716
2022-08-15,20.739999771118164,92.2300033569336,0.22487259043950786
2022-08-16,20.229999542236328,88.19000244140625,0.22939107588388163
2022-08-17,19.739999771118164,87.94999694824219,0.22444571297410032
2022-08-18,20.51000022888184,87.23999786376953,0.2350985870140601
2022-08-19,20.15999984741211,88.25,0.22844192461656782
2022-08-22,22.40999984741211,95.1999969482422,0.235399165607073
2022-08-23,24.1299991607666,94.87999725341795,0.2543212464089457
2022-08-24,24.3700008392334,92.3499984741211,0.2638873983962492
2022-08-25,22.40999984741211,86.58999633789062,0.25880587591162413
2022-08-26,22.06999969482422,85.12000274658203,0.2592810030860864
2022-08-29,26.86000061035156,94.11000061035156,0.2854106942530092
2022-08-30,25.75,90.55999755859376,0.2843418804570897
2022-08-31,25.86000061035156,90.30999755859376,0.2863470414067214
2022-09-01,26.8799991607666,89.43000030517578,0.30057026802012565
2022-09-02,25.51000022888184,85.33999633789062,0.29892197473127263
2022-09-06,25.459999084472656,88.48999786376953,0.2877161227155679
2022-09-07,26.93000030517578,94.13999938964844,0.28606331506028226
2022-09-08,24.700000762939453,89.66999816894531,0.27545445820577263
2022-09-09,23.489999771118164,84.77999877929688,0.2770700649839403
2022-09-12,23.57999992370605,85.45999908447266,0.2759185604530428
2022-09-13,23.670000076293945,87.01000213623047,0.2720376910143517
2022-09-14,26.729999542236328,96.9800033569336,0.27562382570618116
2022-09-15,26.100000381469727,93.69000244140624,0.2785782869179951
2022-09-16,27.46999931335449,94.9499969482422,0.2893101653107851
2022-09-19,27.690000534057617,94.45999908447266,0.29313996191441105
2022-09-20,25.649999618530277,90.87000274658205,0.28227136396224073
2022-09-21,28.030000686645508,90.62000274658205,0.3093136155053
2022-09-22,28.15999984741211,89.98999786376953,0.3129236639169816
2022-09-23,27.68000030517578,91.83000183105467,0.3014265463709822
2022-09-26,31.739999771118164,103.13999938964844,0.307737056030114
2022-09-27,31.200000762939453,106.61000061035156,0.2926554787010292
2022-09-28,34.5,116.06999969482422,0.2972344282821465
2022-09-29,31.670000076293945,108.93000030517578,0.2907371705459286
2022-09-30,31.61000061035156,107.94000244140624,0.2928478774818503
2022-10-03,33.0,106.47000122070312,0.30994646023900996
2022-10-04,29.520000457763672,98.52999877929688,0.29960418982534703
2022-10-05,29.36000061035156,98.61000061035156,0.29773857041503254
2022-10-06,28.600000381469727,94.2300033569336,0.3035126749718543
2022-10-07,30.3700008392334,97.9800033569336,0.30996121452045505
2022-10-10,32.93000030517578,104.18000030517578,0.3160875427981716
2022-10-11,33.560001373291016,107.98999786376952,0.31076953456029605
2022-10-12,33.540000915527344,109.01000213623048,0.3076781970301422
2022-10-13,33.599998474121094,109.8499984741211,0.3058716335079123
2022-10-14,31.88999938964844,100.30999755859376,0.3179144668109541
2022-10-17,32.27000045776367,99.52999877929688,0.32422386068064657
2022-10-18,31.100000381469727,93.98999786376952,0.33088627607531734
2022-10-19,30.940000534057617,94.27999877929688,0.3281714142411698
2022-10-20,31.299999237060547,90.6500015258789,0.345284045341411
2022-10-21,30.209999084472656,87.0999984741211,0.3468427050942896
2022-10-24,30.649999618530277,88.97000122070312,0.3444981364280131
2022-10-25,29.799999237060547,85.54000091552734,0.3483750165783691
2022-10-26,28.440000534057617,82.2300033569336,0.34585916785882714
2022-10-27,27.51000022888184,80.30000305175781,0.34259027625628
2022-10-28,27.43000030517578,80.79000091552734,0.33952221802616545
2022-10-31,26.90999984741211,80.19000244140625,0.3355779901250768
2022-11-01,25.959999084472656,77.38999938964844,0.33544384661081966
2022-11-02,26.040000915527344,79.87999725341797,0.325989006145254
2022-11-03,25.979999542236328,83.44000244140625,0.31136144273821376
2022-11-04,25.6299991607666,77.31999969482422,0.3314795558966132
2022-11-07,25.670000076293945,79.70999908447266,0.3220424083694966
2022-11-08,24.709999084472656,80.55000305175781,0.30676596087271557
2022-11-09,25.34000015258789,87.66999816894531,0.289038447380325
2022-11-10,26.51000022888184,85.08000183105469,0.31158908860302276
2022-11-11,23.88999938964844,85.86000061035156,0.2782436433708595
2022-11-14,23.989999771118164,86.41999816894531,0.27759778152528214
2022-11-15,23.770000457763672,84.22000122070312,0.2822369996822143
2022-11-16,24.290000915527344,87.5,0.2776000104631696
2022-11-17,24.049999237060547,85.02999877929688,0.28284134519964554
2022-11-18,24.030000686645508,79.02999877929688,0.3040617620880001
2022-11-21,24.049999237060547,79.7300033569336,0.30164302300846546
2022-11-22,22.59000015258789,76.4800033569336,0.2953713279425465
2022-11-23,21.489999771118164,78.7300033569336,0.2729581970635796
2022-11-25,20.61000061035156,82.44000244140625,0.24999999999999994
2022-11-28,22.09000015258789,85.5999984741211,0.25806075404623074
2022-11-29,22.09000015258789,87.62000274658203,0.25211138393224486
2022-11-30,21.700000762939453,84.75,0.2560472066423534
2022-12-01,20.82999992370605,82.05999755859375,0.2538386612652857
2022-12-02,20.420000076293945,85.54000091552734,0.23871872641735356
2022-12-05,20.299999237060547,84.0199966430664,0.24160914125358712
2022-12-06,20.690000534057617,84.63999938964844,0.24444707801578772
2022-12-07,22.31999969482422,86.76000213623047,0.2572614009365442
2022-12-08,22.809999465942383,86.83999633789062,0.26266697867178246
2022-12-09,22.549999237060547,83.93000030517578,0.268676267783475
2022-12-12,24.399999618530277,88.94999694824219,0.27431141602768166
2022-12-13,25.239999771118164,85.86000061035156,0.29396691814226644
2022-12-14,22.82999992370605,89.81999969482422,0.25417501671425197
2022-12-15,21.520000457763672,89.83999633789062,0.23953696944539463
2022-12-16,23.26000022888184,92.19000244140624,0.25230501803777844
2022-12-19,22.6299991607666,94.33000183105467,0.23990245649837896
2022-12-20,23.170000076293945,87.91000366210938,0.26356499955738927
2022-12-21,21.25,81.4000015258789,0.2610565061628917
2022-12-22,20.07999992370605,78.20999908447266,0.25674466383790834
2022-12-23,22.170000076293945,81.11000061035156,0.2733325102880658
2022-12-27,21.670000076293945,81.04000091552734,0.2673988133203729
2022-12-28,21.46999931335449,79.25,0.270914817834126
2022-12-29,22.25,78.79000091552734,0.2823962398966686
2022-12-30,21.82999992370605,78.44000244140625,0.2783018771578035
2023-01-03,23.09000015258789,78.8499984741211,0.29283450348025214
2023-01-04,22.93000030517578,79.44999694824219,0.28860920309554655
2023-01-05,22.200000762939453,77.66000366210938,0.28586144367864513
2023-01-06,22.690000534057617,74.43000030517578,0.3048502007392815
2023-01-09,21.75,75.87000274658203,0.28667456455285084
2023-01-10,22.21999931335449,77.87000274658203,0.2853473549457374
2023-01-11,20.799999237060547,77.20999908447266,0.2693951493808985
2023-01-12,21.559999465942383,78.54000091552734,0.27450979392183805
2023-01-13,19.0,79.55000305175781,0.23884348549475207
2023-01-17,19.88999938964844,83.08999633789062,0.2393789898457153
2023-01-18,19.280000686645508,83.16999816894531,0.23181436949753872
2023-01-19,20.43000030517578,87.37999725341797,0.23380637385378997
2023-01-20,20.280000686645508,85.3499984741211,0.23760985412078936
2023-01-23,20.209999084472656,82.33000183105469,0.2454755087452153
2023-01-24,19.88999938964844,79.2699966430664,0.25091459861173315
2023-01-25,19.559999465942383,81.56999969482422,0.23979403627708368
2023-01-26,19.049999237060547,81.51000213623047,0.23371363928100047
2023-01-27,18.899999618530277,82.94999694824219,0.22784810504963848
2023-01-30,19.76000022888184,86.22000122070312,0.22918116387287957
2023-01-31,20.1200008392334,86.33999633789062,0.2330322178900031
2023-02-01,19.6200008392334,83.9000015258789,0.23384982696551704
2023-02-02,17.739999771118164,79.16999816894531,0.22407477809032889
2023-02-03,18.56999969482422,86.0,0.21593022900958395
2023-02-06,19.229999542236328,86.52999877929688,0.2222350608288381
2023-02-07,19.540000915527344,86.12000274658203,0.22689271124416976
2023-02-08,18.8799991607666,90.8499984741211,0.20781507405467517
2023-02-09,19.239999771118164,92.52999877929688,0.20793256268174748
2023-02-10,20.739999771118164,97.8000030517578,0.21206543071519257
2023-02-13,21.65999984741211,95.9000015258789,0.22586026593093528
2023-02-14,20.71999931335449,93.87999725341795,0.220707285039893
2023-02-15,19.3700008392334,89.58999633789062,0.21620718418358917
2023-02-16,18.26000022888184,88.62000274658203,0.2060482922924092
2023-02-17,20.940000534057617,89.97000122070312,0.23274425086079786
2023-02-21,21.799999237060547,93.0199966430664,0.23435820279279157
2023-02-22,23.030000686645508,95.66000366210938,0.24074848217643982
2023-02-23,21.959999084472656,89.43000030517578,0.24555517174924707
2023-02-24,21.350000381469727,87.87000274658203,0.2429725698660024
2023-02-27,21.989999771118164,84.55999755859375,0.26005203886010925
2023-02-28,21.299999237060547,82.97000122070312,0.2567192831587624
2023-03-01,20.38999938964844,81.31999969482422,0.2507378193085041
2023-03-02,21.40999984741211,81.87000274658203,0.26151214277693363
2023-03-03,19.76000022888184,76.62999725341797,0.2578624681863795
2023-03-06,19.049999237060547,78.47000122070312,0.2427679232918693
2023-03-07,18.63999938964844,77.36000061035156,0.24095138627951637
2023-03-08,19.709999084472656,78.79000091552734,0.25015863504817343
2023-03-09,19.32999992370605,74.55999755859375,0.2592542993113079
2023-03-10,23.34000015258789,91.91000366210938,0.2539440672681639
2023-03-13,24.049999237060547,127.7300033569336,0.1882877836451183
2023-03-14,26.850000381469727,100.5,0.2671641829001963
2023-03-15,23.209999084472656,123.08999633789062,0.18856121354297217
2023-03-16,26.190000534057617,123.66000366210938,0.21179039105982567
2023-03-17,22.920000076293945,114.58000183105467,0.20003490757565973
2023-03-20,27.770000457763672,125.41999816894533,0.22141604898093256
2023-03-21,24.15999984741211,100.56999969482422,0.24023068430669878
2023-03-22,21.799999237060547,100.5999984741211,0.21669979689580712
2023-03-23,21.540000915527344,100.2300033569336,0.2149057187878192
2023-03-24,22.11000061035156,108.69000244140624,0.2034225790202816
2023-03-27,22.049999237060547,97.2300033569336,0.22678184177485305
2023-03-28,20.530000686645508,94.7699966430664,0.21662975006708024
2023-03-29,19.38999938964844,88.62000274658203,0.21879935441997367
2023-03-30,19.1200008392334,87.30999755859375,0.21898982217244897
2023-03-31,19.209999084472656,85.38999938964844,0.22496778571006085
2023-04-03,19.790000915527344,86.08999633789062,0.2298757318777723
2023-04-04,18.790000915527344,84.91999816894531,0.22126709044606085
2023-04-05,19.420000076293945,87.5199966430664,0.2218921483223395
2023-04-06,19.299999237060547,87.27999877929688,0.22112740040091036
2023-04-10,19.38999938964844,88.77999877929688,0.2184050423097112
2023-04-11,19.07999992370605,85.79000091552734,0.22240354027380263
2023-04-12,19.3799991607666,88.51000213623047,0.21895829502905007
2023-04-13,18.82999992370605,84.41000366210938,0.2230778237977806
2023-04-14,17.940000534057617,85.48999786376953,0.20984911664924194
2023-04-17,17.579999923706055,81.8499984741211,0.21478314296199294
2023-04-18,16.940000534057617,82.62000274658203,0.20503510010786608
2023-04-19,17.299999237060547,88.56999969482422,0.195325723119219
2023-04-20,16.850000381469727,98.37000274658205,0.17129205968285077
2023-04-21,17.510000228881836,98.51000213623048,0.17774845040270204
2023-04-24,18.21999931335449,97.80999755859376,0.18627951915078692
2023-04-25,17.6200008392334,96.3499984741211,0.18287494673874855
2023-04-26,18.65999984741211,94.54000091552734,0.19737676821142672
2023-04-27,18.43000030517578,89.41000366210938,0.20612906330733258
2023-04-28,17.209999084472656,85.80999755859375,0.20055937040111357
2023-05-01,16.40999984741211,88.2300033569336,0.18599115066363106
2023-05-02,16.270000457763672,90.18000030517578,0.1804169483555643
2023-05-03,17.81999969482422,91.83999633789062,0.19403310545943678
2023-05-04,19.170000076293945,94.88999938964844,0.20202339761407148
2023-05-05,19.5,93.79000091552734,0.20791128915291107
2023-05-08,17.729999542236328,94.36000061035156,0.18789740809191238
2023-05-09,17.290000915527344,93.5199966430664,0.18488025594694274
2023-05-10,17.579999923706055,96.69000244140624,0.1818181764382462
2023-05-11,16.799999237060547,99.45999908447266,0.16891211936159473
2023-05-12,16.829999923706055,95.62000274658205,0.17600919724202418
2023-05-15,17.440000534057617,99.38999938964844,0.1754703757033528
2023-05-16,17.540000915527344,96.0199966430664,0.1826702929466714
2023-05-17,17.959999084472656,95.4000015258789,0.18825994546342534
2023-05-18,16.920000076293945,92.7300033569336,0.1824652158284302
2023-05-19,16.1299991607666,88.37000274658203,0.18252799207240578
2023-05-22,17.450000762939453,95.08999633789062,0.18351037369833328
2023-05-23,17.350000381469727,100.26000213623048,0.17305006993611502
2023-05-24,18.799999237060547,105.2699966430664,0.17858839020205106
2023-05-25,19.540000915527344,102.94000244140624,0.1898193166126023
2023-05-26,19.06999969482422,101.5199966430664,0.18784476285861518
2023-05-30,17.559999465942383,93.98999786376952,0.18682838456272874
2023-05-31,18.040000915527344,93.73999786376952,0.1924472085197241
2023-06-01,17.239999771118164,89.44000244140625,0.19275491167850087
2023-06-02,15.649999618530272,83.48999786376953,0.18744759874190375
2023-06-05,15.279999732971191,88.31999969482422,0.17300724395118675
2023-06-06,14.90999984741211,85.77999877929688,0.1738167411936436
2023-06-07,14.140000343322754,85.04000091552734,0.16627469650862797
2023-06-08,14.140000343322754,84.4000015258789,0.16753554606260423
2023-06-09,13.779999732971191,87.7699966430664,0.1570012562380538
2023-06-12,14.4399995803833,91.80999755859376,0.15728134151367987
2023-06-13,14.989999771118164,88.44000244140625,0.1694934346146069
2023-06-14,14.479999542236328,93.8499984741211,0.1542887562883568
2023-06-15,14.09000015258789,94.0999984741211,0.14973432923554034
2023-06-16,14.489999771118164,93.5999984741211,0.1548076923860679
2023-06-20,14.359999656677246,94.33999633789062,0.15221539340795703
2023-06-21,13.880000114440918,97.5500030517578,0.14228600389767806
2023-06-22,13.880000114440918,95.9499969482422,0.14465868218764127
2023-06-23,13.239999771118164,93.83000183105467,0.14110625080192798
2023-06-26,14.43000030517578,96.0500030517578,0.15023425139716015
2023-06-27,14.109999656677246,93.7699966430664,0.15047456715165167
2023-06-28,13.899999618530272,91.27999877929688,0.15227870074953284
2023-06-29,13.640000343322754,86.19999694824219,0.15823666851766524
2023-06-30,13.510000228881836,85.1500015258789,0.15866118598689463
2023-07-03,13.850000381469728,85.70999908447266,0.1615914190807501
2023-07-05,14.1899995803833,88.30999755859375,0.16068395394268045
2023-07-06,14.850000381469728,93.75,0.15840000406901045
2023-07-07,15.970000267028809,97.83000183105467,0.16324235886868163
2023-07-10,16.079999923706055,95.5999984741211,0.1682008387066963
2023-07-11,15.020000457763672,94.97000122070312,0.1581552096946732
2023-07-12,14.81999969482422,94.66000366210938,0.15656031186861646
2023-07-13,13.4399995803833,94.8499984741211,0.14169741482969317
2023-07-14,13.720000267028809,96.22000122070312,0.14258989911628428
2023-07-17,13.779999732971191,96.56999969482422,0.14269441624229132
2023-07-18,13.609999656677246,96.06999969482422,0.14166753096607418
2023-07-19,13.31999969482422,91.86000061035156,0.14500326155368226
2023-07-20,13.960000038146973,92.88999938964844,0.15028528506700217
2023-07-21,13.869999885559082,93.16999816894533,0.14886766296172493
2023-07-24,14.289999961853027,94.5500030517578,0.1511369592873573
2023-07-25,14.020000457763672,92.37000274658205,0.1517808816811197
2023-07-26,13.859999656677246,90.5,0.15314916747709664
2023-07-27,13.140000343322754,82.80999755859375,0.15867649717083138
2023-07-28,14.029999732971191,88.2699966430664,0.15894415165442566
2023-07-31,13.979999542236328,88.66999816894531,0.15766324383586725
2023-08-01,13.75,89.11000061035156,0.15430366856492553
2023-08-02,15.699999809265137,92.91999816894533,0.16896254970560484
2023-08-03,16.770000457763672,100.58000183105467,0.16673295041227404
2023-08-04,16.010000228881836,91.37000274658205,0.1752216235922214
2023-08-07,16.899999618530273,99.68000030517578,0.16954253176956258
2023-08-08,16.280000686645508,97.7300033569336,0.16658139903246508
2023-08-09,15.8100004196167,100.0500030517578,0.1580209888793095
2023-08-10,15.579999923706056,93.13999938964844,0.16727507006444767
2023-08-11,15.529999732971191,101.56999969482422,0.15289947602276666
2023-08-14,15.880000114440918,100.43000030517578,0.15812008429937766
2023-08-15,14.949999809265137,98.4000015258789,0.1519308900146036
2023-08-16,16.540000915527344,102.58000183105467,0.16124001384566253
2023-08-17,16.959999084472656,103.52999877929688,0.16381724412677368
2023-08-18,17.799999237060547,109.38999938964844,0.16272053511634774
2023-08-21,18.030000686645508,98.75,0.1825822854343849
2023-08-22,16.959999084472656,93.66000366210938,0.18108048709519653
2023-08-23,16.639999389648438,91.79000091552734,0.18128335574331156
2023-08-24,15.56999969482422,88.55999755859375,0.17581300953088527
2023-08-25,17.209999084472656,90.54000091552734,0.19008171979730112
2023-08-28,16.239999771118164,85.36000061035156,0.19025304188140724
2023-08-29,15.079999923706056,81.98999786376953,0.18392487274804212
2023-08-30,14.529999732971191,78.83000183105469,0.18432068242382268
2023-08-31,13.979999542236328,78.98999786376953,0.17698442739987155
2023-09-01,13.5600004196167,81.9800033569336,0.16540619497876416
2023-09-05,14.149999618530272,87.69999694824219,0.1613454972738615
2023-09-06,14.270000457763672,87.08000183105469,0.16387230314313875
2023-09-07,14.8100004196167,91.19000244140624,0.16240815904279424
2023-09-08,14.220000267028809,87.30000305175781,0.162886595302845
2023-09-11,14.170000076293944,86.37999725341797,0.1640426085534895
2023-09-12,14.020000457763672,85.8499984741211,0.16330810375016963
2023-09-13,14.420000076293944,86.55999755859375,0.16658965437854628
2023-09-14,13.390000343322754,83.51000213623047,0.1603400790420236
2023-09-15,12.699999809265137,82.48999786376953,0.15395805719669087
2023-09-18,14.399999618530272,88.29000091552734,0.16309887268330267
2023-09-19,14.109999656677246,85.26000213623047,0.16549377554708422
2023-09-20,14.18000030517578,83.41999816894531,0.16998322484325534
2023-09-21,15.489999771118164,90.66999816894533,0.1708393083041169
2023-09-22,17.309999465942383,93.77999877929688,0.1845809308089241
2023-09-25,17.25,94.3000030517578,0.1829268233483737
2023-09-26,18.030000686645508,94.06999969482422,0.19166578872262427
2023-09-27,18.290000915527344,100.51000213623048,0.18197194833144284
2023-09-28,18.21999931335449,97.5500030517578,0.1867759994193683
2023-09-29,16.8700008392334,91.3499984741211,0.18467434177366263
2023-10-02,17.309999465942383,96.18000030517578,0.17997504066353046
2023-10-03,17.809999465942383,98.58999633789062,0.18064712574796546
2023-10-04,20.71999931335449,103.18000030517578,0.20081410401309252
2023-10-05,18.670000076293945,96.77999877929688,0.19291176184936903
2023-10-06,18.729999542236328,99.68000030517578,0.18790127894154704
2023-10-09,19.540000915527344,96.63999938964844,0.20219371935985717
2023-10-10,17.700000762939453,91.3000030517578,0.19386637646556656
2023-10-11,16.950000762939453,92.1500015258789,0.18393923475062893
2023-10-12,16.079999923706055,90.47000122070312,0.1777384736016375
2023-10-13,16.530000686645508,92.54000091552734,0.17862546491364825
2023-10-16,19.100000381469727,102.75,0.1858880815714815
2023-10-17,17.40999984741211,97.81999969482422,0.17797996219308201
2023-10-18,18.36000061035156,96.54000091552734,0.190180240690246
2023-10-19,19.729999542236328,104.97000122070312,0.18795845777645853
2023-10-20,21.59000015258789,114.9000015258789,0.18790252276650474
2023-10-23,21.82999992370605,117.6999969482422,0.18547154196873641
2023-10-24,20.030000686645508,107.83999633789062,0.1857381432384913
2023-10-25,19.38999938964844,98.88999938964844,0.1960764436173931
2023-10-26,21.780000686645508,104.01000213623048,0.20940294432566633
2023-10-27,20.38999938964844,100.08999633789062,0.20371665636608172
2023-10-30,21.1299991607666,100.30999755859376,0.21064699107807278
2023-10-31,19.86000061035156,94.56999969482422,0.21000317938499993
2023-11-01,18.020000457763672,87.08999633789062,0.20691240343896572
2023-11-02,16.59000015258789,83.91000366210938,0.19771182729764694
2023-11-03,15.699999809265137,83.02999877929688,0.18908828182687937
2023-11-06,15.390000343322754,83.88999938964844,0.1834545292084219
2023-11-07,15.100000381469728,85.4800033569336,0.17664950618237094
2023-11-08,14.90999984741211,88.36000061035156,0.16874150910389843
2023-11-09,14.609999656677246,83.98999786376953,0.17394928001277532
2023-11-10,15.09000015258789,87.88999938964844,0.1716918905151929
2023-11-13,15.15999984741211,88.4000015258789,0.17149320798341902
2023-11-14,14.829999923706056,82.80999755859375,0.17908465597058876
2023-11-15,14.210000038146973,81.79000091552734,0.17373761925767736
2023-11-16,14.119999885559082,84.58000183105469,0.16694253464031888
2023-11-17,14.18000030517578,82.95999908447266,0.17092575291300602
2023-11-20,14.260000228881836,83.66999816894531,0.17043146337936138
2023-11-21,13.449999809265137,82.33999633789062,0.16334710234952746
2023-11-22,13.079999923706056,80.2300033569336,0.16303127728307223
2023-11-24,13.029999732971191,84.2699966430664,0.15462205116918415
2023-11-27,13.140000343322754,84.91999816894531,0.15473387454838602
2023-11-28,12.779999732971191,86.04000091552734,0.1485355601694889
2023-11-29,12.710000038146973,84.44999694824219,0.15050326225513888
2023-11-30,13.06999969482422,87.61000061035156,0.14918387859570376
2023-12-01,12.9399995803833,86.30999755859375,0.1499246894497784
2023-12-04,13.279999732971191,90.41999816894533,0.14687016148969792
2023-12-05,13.260000228881836,88.13999938964844,0.15044248151468845
2023-12-06,12.779999732971191,84.31999969482422,0.15156546227733989
2023-12-07,13.170000076293944,87.2300033569336,0.15098016243796358
2023-12-08,13.140000343322754,85.30999755859375,0.15402650005115479
2023-12-11,13.050000190734863,83.93000030517578,0.1554867168269282
2023-12-12,12.6899995803833,82.13999938964844,0.15449232620742553
2023-12-13,12.199999809265137,84.75,0.14395280010932315
2023-12-14,11.960000038146973,80.83999633789062,0.14794656828232913
2023-12-15,12.119999885559082,81.70999908447266,0.14832945810009493
2023-12-18,12.619999885559082,89.87000274658203,0.1404250528526778
2023-12-19,12.600000381469728,89.48999786376953,0.14079786213260043
2023-12-20,12.630000114440918,89.0199966430664,0.1418782362470988
2023-12-21,13.399999618530272,90.38999938964844,0.1482464842240596
2023-12-22,13.720000267028809,89.41999816894531,0.15343324254052187
2023-12-26,13.770000457763672,91.91999816894533,0.1498041855098273
2023-12-27,13.020000457763672,88.5,0.1471186492402675
2023-12-28,12.4399995803833,85.98999786376953,0.14466798336350103
2023-12-29,12.550000190734863,86.80000305175781,0.1445852505702269
2024-01-02,13.220000267028809,91.86000061035156,0.1439146546831077
2024-01-03,13.350000381469728,89.26000213623047,0.14956307485960713
2024-01-04,13.93000030517578,89.91999816894531,0.15491548697547272
2024-01-05,14.239999771118164,86.45999908447266,0.16470043860636038
2024-01-08,14.0,85.62000274658203,0.1635131926056716
2024-01-09,13.199999809265137,82.37000274658203,0.16025251146192143
2024-01-10,12.859999656677246,79.72000122070312,0.1613145943271452
2024-01-11,12.640000343322754,76.13999938964844,0.16600998745268203
2024-01-12,12.65999984741211,75.62999725341797,0.16739389537449656
2024-01-16,14.119999885559082,90.31999969482422,0.15633303734796433
2024-01-17,14.59000015258789,95.97000122070312,0.15202667465883563
2024-01-18,14.850000381469728,88.62000274658203,0.16756939653832809
2024-01-19,13.800000190734863,84.93000030517578,0.16248675545917626
2024-01-22,13.770000457763672,83.41999816894531,0.1650683380485834
2024-01-23,13.199999809265137,78.19000244140625,0.16881953443033726
2024-01-24,12.65999984741211,75.61000061035156,0.16743816618457827
2024-01-25,13.18000030517578,80.56999969482422,0.1635844651247089
2024-01-26,13.729999542236328,81.41999816894531,0.16863178397212414
2024-01-29,13.979999542236328,83.91999816894531,0.16658722410946908
2024-01-30,13.6899995803833,83.69000244140625,0.16357986833574367
2024-01-31,13.420000076293944,82.12000274658203,0.16341938172734055
2024-02-01,14.210000038146973,85.94999694824219,0.16532868577882584
2024-02-02,13.949999809265137,85.98999786376953,0.16222816787791478
2024-02-05,14.369999885559082,84.69000244140625,0.16967764164962837
2024-02-06,13.56999969482422,78.5999984741211,0.17264630990154686
2024-02-07,13.0600004196167,79.83000183105469,0.16359764649956735
2024-02-08,12.949999809265137,85.25,0.15190615612041217
2024-02-09,12.789999961853027,82.45999908447266,0.15510550695920883
2024-02-12,13.479999542236328,82.94999694824219,0.16250753511958974
2024-02-13,13.960000038146973,88.01000213623047,0.15861833540849507
2024-02-14,15.380000114440918,88.58999633789062,0.1736087679220591
2024-02-15,14.270000457763672,82.52999877929688,0.1729068298658861
2024-02-16,13.9399995803833,82.87999725341797,0.16819498120589543
2024-02-20,15.09000015258789,88.79000091552734,0.16995157108900305
2024-02-21,15.539999961853027,86.83000183105469,0.1789703977213917
2024-02-22,14.279999732971191,80.87999725341797,0.17655786619562133
2024-02-23,14.3100004196167,79.88999938964844,0.1791212983970918
2024-02-26,14.170000076293944,79.98999786376953,0.17714714907764822
2024-02-27,13.630000114440918,79.44999694824219,0.1715544447826751
2024-02-28,13.520000457763672,80.3499984741211,0.16826385456769058
2024-02-29,14.140000343322754,78.94999694824219,0.17910070791506952
2024-03-01,13.34000015258789,76.69000244140625,0.17394705604267127
2024-03-04,13.489999771118164,79.87000274658203,0.16889945295132042
2024-03-05,13.75,80.36000061035156,0.17110502607722475
2024-03-06,14.270000457763672,81.47000122070312,0.1751565023192535
2024-03-07,14.979999542236328,81.93000030517578,0.18283900264174652
2024-03-08,14.220000267028809,80.77999877929688,0.17603367766667083
2024-03-11,15.510000228881836,90.61000061035156,0.1711731610683813
2024-03-12,14.970000267028809,87.38999938964844,0.1713010684469926
2024-03-13,13.890000343322754,86.44000244140625,0.16068949503718669
2024-03-14,13.619999885559082,85.44999694824219,0.15939146134561988
2024-03-15,14.329999923706056,90.2300033569336,0.15881635144153952
2024-03-18,14.75,92.0,0.16032608695652173
2024-03-19,14.5,86.86000061035156,0.16693529700795282
2024-03-20,13.829999923706056,83.94999694824219,0.16474092229250092
2024-03-21,12.979999542236328,79.62999725341797,0.16300389287881314
2024-03-22,12.920000076293944,77.19999694824219,0.16735752055736483
2024-03-25,13.670000076293944,78.8499984741211,0.17336715714434028
2024-03-26,13.119999885559082,76.41999816894531,0.17168280816435086
2024-03-27,13.130000114440918,76.19000244140625,0.17233232305693277
2024-03-28,12.93000030517578,76.5,0.16901961183236314
2024-04-01,13.609999656677246,79.80999755859375,0.17053000968563184
2024-04-02,13.739999771118164,82.13999938964844,0.1672753819480759
2024-04-03,15.0,84.29000091552734,0.177957051098297
2024-04-04,14.289999961853027,79.61000061035156,0.1795000609508213
2024-04-05,16.450000762939453,90.75,0.1812672260379003
2024-04-08,16.239999771118164,90.4800033569336,0.17948717029831623
2024-04-09,15.34000015258789,85.8499984741211,0.1786837556812774
2024-04-10,15.239999771118164,93.63999938964844,0.16275095974427026
2024-04-11,16.020000457763672,92.56999969482422,0.17305823172277038
2024-04-12,14.90999984741211,94.58999633789062,0.15762766068994444
2024-04-15,16.940000534057617,98.4499969482422,0.17206704986454624
2024-04-16,19.489999771118164,107.12999725341795,0.1819285006142044
2024-04-17,18.239999771118164,99.33999633789062,0.18361184259638427
2024-04-18,17.90999984741211,96.8000030517578,0.1850206537476641
2024-04-19,21.32999992370605,99.41000366210938,0.21456593036859617
2024-04-22,18.59000015258789,95.5999984741211,0.19445607164544257
2024-04-23,16.719999313354492,87.37999725341797,0.19134813274099147
2024-04-24,15.760000228881836,82.69999694824219,0.19056832902600027
2024-04-25,16.25,90.37999725341795,0.17979642059997367
2024-04-26,15.489999771118164,82.58000183105469,0.1875756772542606
2024-04-29,15.369999885559082,80.05999755859375,0.19198101866428605
2024-04-30,14.81999969482422,79.44000244140625,0.18655588166371506
2024-05-01,15.75,83.56999969482422,0.18846476076959293
2024-05-02,15.140000343322754,80.30000305175781,0.18854296099545828
2024-05-03,14.510000228881836,75.43000030517578,0.19236378324508907
2024-05-06,13.979999542236328,75.2699966430664,0.18573136928024714
2024-05-07,13.520000457763672,73.38999938964844,0.1842212913231152
2024-05-08,13.239999771118164,74.25,0.17831649523391466
2024-05-09,13.079999923706056,74.5999984741211,0.1753351232070539
2024-05-10,12.770000457763672,73.95999908447266,0.17266090610924084
2024-05-13,13.260000228881836,76.38999938964844,0.17358293408598574
2024-05-14,13.710000038146973,77.75,0.17633440563533084
2024-05-15,13.729999542236328,76.58000183105469,0.17928962149317348
2024-05-16,12.520000457763672,76.7300033569336,0.1631695544117596
2024-05-17,12.279999732971191,77.22000122070312,0.1590261530542278
2024-05-20,12.270000457763672,80.37000274658203,0.15266890678668651
2024-05-21,12.300000190734863,80.05999755859375,0.15363478098700697
2024-05-22,12.050000190734863,78.37000274658203,0.15375781253574605
2024-05-23,11.529999732971191,78.38999938964844,0.1470850851223983
2024-05-24,12.859999656677246,84.38999938964844,0.15238772069779985
2024-05-28,12.510000228881836,82.13999938964844,0.1523009535164227
2024-05-29,13.75,85.37000274658203,0.16106360030017114
2024-05-30,14.81999969482422,83.91000366210938,0.17661779344572212
2024-05-31,14.5,81.3499984741211,0.17824216683436955
2024-06-03,13.079999923706056,80.05000305175781,0.16339786914497606
2024-06-04,13.510000228881836,81.0,0.1667901262824918
2024-06-05,13.140000343322754,77.29000091552734,0.17000905922725854
2024-06-06,12.75,75.62000274658203,0.16860618271501307
2024-06-07,12.6899995803833,78.38999938964844,0.1618828891336749
2024-06-10,13.09000015258789,80.54000091552734,0.16252793647615
2024-06-11,12.850000381469728,82.51000213623047,0.1557386989307475
2024-06-12,13.100000381469728,78.5199966430664,0.16683648677443627
2024-06-13,12.050000190734863,77.68000030517578,0.15512358578005794
2024-06-14,12.220000267028809,82.94999694824219,0.14731766988073128
2024-06-17,13.06999969482422,85.19999694824219,0.15340375778140067
2024-06-18,12.699999809265137,84.06999969482422,0.1510645873125537
2024-06-20,12.5,79.88999938964844,0.15646514076228243
2024-06-21,13.220000267028809,86.08999633789062,0.1535602373026274
2024-06-24,13.850000381469728,86.04000091552734,0.16097164381794266
2024-06-25,13.479999542236328,84.45999908447266,0.1596021748562217
2024-06-26,12.8100004196167,83.29000091552734,0.15379997933495754
2024-06-27,12.6899995803833,82.37999725341797,0.15404224330508567
2024-06-28,12.239999771118164,80.12999725341797,0.15275178073959142
2024-07-01,12.979999542236328,80.87000274658203,0.1605045023049035
2024-07-02,12.670000076293944,76.86000061035156,0.16484517272548055
2024-07-03,12.130000114440918,76.55000305175781,0.15845851901847022
2024-07-05,12.369999885559082,77.69000244140625,0.15922254468827604
2024-07-08,12.90999984741211,79.93000030517578,0.1615163242602432
2024-07-09,12.479999542236328,78.36000061035156,0.15926492400496087
2024-07-10,12.510000228881836,82.52999877929688,0.15158124819965516
2024-07-11,12.880000114440918,82.47000122070312,0.15617800319866548
2024-07-12,12.869999885559082,82.31999969482422,0.15634110706111032
2024-07-15,12.779999732971191,82.5,0.15490908767237807
2024-07-16,13.380000114440918,83.47000122070312,0.16029711176189929
2024-07-17,13.600000381469728,85.37999725341797,0.159287899027489
2024-07-18,14.270000457763672,85.98999786376953,0.16594953846110166
2024-07-19,16.440000534057617,94.87999725341795,0.17327151148779552
2024-07-22,16.790000915527344,97.5199966430664,0.17216982663545957
2024-07-23,15.210000038146973,93.54000091552734,0.16260423229931956
2024-07-24,15.350000381469728,93.05999755859376,0.16494735422494333
2024-07-25,18.40999984741211,104.22000122070312,0.17664555394147313
2024-07-26,17.969999313354492,101.0999984741211,0.17774480301257703
2024-07-29,16.59000015258789,96.3499984741211,0.17218474743457152
2024-07-30,16.639999389648438,92.54000091552734,0.1798141260538544
2024-07-31,16.65999984741211,93.7699966430664,0.17766876873023746
2024-08-01,16.200000762939453,94.0,0.17234043364829205
2024-08-02,20.520000457763672,119.83999633789062,0.17122831345811484
2024-08-05,23.38999938964844,136.80999755859375,0.17096703316313444
2024-08-06,33.709999084472656,169.67999267578125,0.1986680842736985
2024-08-07,24.770000457763672,136.42999267578125,0.18155832139219039
2024-08-08,28.34000015258789,144.8300018310547,0.1956776896657553
2024-08-09,23.780000686645508,134.5399932861328,0.17675042272427807
2024-08-12,20.790000915527344,114.9000015258789,0.18093995334582147
2024-08-13,20.059999465942383,118.37000274658205,0.16946860691461477
2024-08-14,18.40999984741211,118.31999969482422,0.1555949957310339
2024-08-15,16.270000457763672,103.58999633789062,0.15706150239347497
2024-08-16,15.289999961853027,108.83000183105467,0.1404943462703317
2024-08-19,15.9399995803833,104.29000091552734,0.15284302848260936
2024-08-20,14.890000343322754,100.58000183105467,0.14804136082969704
2024-08-21,16.25,101.51000213623048,0.16008274709906764
2024-08-22,16.270000457763672,105.9499969482422,0.15356301015951662
2024-08-23,17.1200008392334,109.41000366210938,0.15647564451332122
2024-08-26,16.270000457763672,101.08000183105467,0.16096161617564456
2024-08-27,16.209999084472656,102.33999633789062,0.15839358671611584
2024-08-28,15.510000228881836,95.77999877929688,0.1619336022818406
2024-08-29,16.540000915527344,99.36000061035156,0.16646538661357624
2024-08-30,15.670000076293944,95.43000030517578,0.16420412895507513
2024-09-03,15.760000228881836,100.27999877929688,0.15715995632955213
2024-09-04,23.200000762939453,134.77999877929688,0.1721323710718354
2024-09-05,20.75,120.52999877929688,0.17215631137602047
2024-09-06,21.979999542236328,110.72000122070312,0.19851877980404473
2024-09-09,21.31999969482422,117.86000061035156,0.1808925808961153
2024-09-10,19.86000061035156,111.0,0.17891892441758162
2024-09-11,19.40999984741211,109.6999969482422,0.17693710471632906
2024-09-12,17.6200008392334,103.5999984741211,0.1700772306829214
2024-09-13,17.030000686645508,104.88999938964844,0.16236057570542986
2024-09-16,17.15999984741211,106.0,0.1618867910133218
2024-09-17,17.15999984741211,106.7699966430664,0.16071930679906482
2024-09-18,17.579999923706055,107.87000274658205,0.16297394526823716
2024-09-19,17.209999084472656,100.76000213623048,0.17080189281064356
2024-09-20,16.350000381469727,99.13999938964844,0.1649183022203739
2024-09-23,16.709999084472656,96.22000122070312,0.1736645070929105
2024-09-24,15.869999885559082,94.9499969482422,0.16714060448269327
2024-09-25,15.81999969482422,92.08999633789062,0.17178847132079914
2024-09-26,15.0600004196167,91.79000091552734,0.16407016308318967
2024-09-27,15.640000343322754,90.5500030517578,0.17272225086931284
2024-09-30,17.010000228881836,103.56999969482422,0.16423675078693556
2024-10-01,16.959999084472656,100.41000366210938,0.16890746405651877
2024-10-02,19.649999618530277,112.5199966430664,0.17463562215402118
2024-10-03,19.6299991607666,110.8499984741211,0.17708614732502137
2024-10-04,20.479999542236328,112.9499969482422,0.18131916861955302
2024-10-07,20.76000022888184,115.29000091552734,0.18006765603283006
2024-10-08,22.920000076293945,117.6999969482422,0.19473237613058617
2024-10-09,21.979999542236328,124.2300033569336,0.17692987964496878
2024-10-10,20.90999984741211,119.22000122070312,0.17539003215327084
2024-10-11,20.8700008392334,117.44000244140624,0.17770776911935068
2024-10-14,20.86000061035156,113.93000030517578,0.1830948876895939
2024-10-15,19.61000061035156,105.76000213623048,0.1854198204827164
2024-10-16,20.770000457763672,112.66000366210938,0.18436001937348764
2024-10-17,19.549999237060547,109.44000244140624,0.17863668495007154
2024-10-18,19.299999237060547,104.94000244140624,0.18391460632790432
2024-10-21,18.780000686645508,104.41000366210938,0.17986782901972842
2024-10-22,18.790000915527344,105.27999877929688,0.17847645453451852
2024-10-23,18.209999084472656,101.3499984741211,0.17967438933038005
2024-10-24,18.8700008392334,107.52999877929688,0.1754859207053809
2024-10-25,19.21999931335449,107.93000030517578,0.17807837727239212
2024-10-28,19.11000061035156,114.51000213623048,0.16688499042744526
2024-10-29,19.75,113.41000366210938,0.17414689500268957
2024-10-30,19.32999992370605,110.31999969482422,0.17521754874164433
2024-10-31,21.440000534057617,117.43000030517578,0.18257685836957832
2024-11-01,22.959999084472656,120.3000030517578,0.19085618039921712
2024-11-04,22.5,121.08000183105467,0.18582754922150313
2024-11-05,21.979999542236328,121.70999908447266,0.1805932109734151
2024-11-06,16.059999465942383,91.73999786376952,0.17505995029333754
2024-11-07,15.859999656677246,93.83000183105467,0.16902908821459814
2024-11-08,15.130000114440918,88.45999908447266,0.1710377602422639
2024-11-11,15.329999923706056,89.05000305175781,0.17215047050358803
2024-11-12,15.09000015258789,90.16999816894533,0.16735056514379423
2024-11-13,15.09000015258789,92.25,0.163577237426427
2024-11-14,14.170000076293944,91.8000030517578,0.15435729417464997
2024-11-15,15.020000457763672,93.3000030517578,0.16098606609296023
2024-11-18,16.600000381469727,99.5199966430664,0.1668006525463067
2024-11-19,15.4399995803833,105.01000213623048,0.14703360885901937
2024-11-20,16.190000534057617,99.6999969482422,0.16238717181167436
2024-11-21,17.100000381469727,98.5,0.17360406478649468
2024-11-22,16.670000076293945,99.87000274658205,0.16691698826316953
2024-11-25,15.229999542236328,92.16000366210938,0.16525606485514913
2024-11-26,14.949999809265137,89.12000274658203,0.16775133918898477
2024-11-27,14.279999732971191,89.5,0.15955306964213622
2024-11-29,14.0,87.87999725341797,0.1593081524528096
2024-12-02,14.079999923706056,89.62999725341797,0.15709026392019806
2024-12-03,13.380000114440918,88.0199966430664,0.15201091370974165
2024-12-04,13.15999984741211,86.8499984741211,0.15152561978839213
2024-12-05,13.460000038146973,88.20999908447266,0.1525904112668367
2024-12-06,13.619999885559082,84.94999694824219,0.16032961006293375
2024-12-09,13.359999656677246,91.01000213623048,0.14679704805059793
2024-12-10,14.300000190734863,93.29000091552734,0.15328545450099515
2024-12-11,14.420000076293944,95.27999877929688,0.15134341163979134
2024-12-12,13.729999542236328,98.93000030517578,0.13878499443932588
2024-12-13,13.56999969482422,96.77999877929688,0.14021491905336858
2024-12-16,14.369999885559082,96.94000244140624,0.1482360173680085
2024-12-17,14.979999542236328,100.04000091552734,0.14974009801224683
2024-12-18,15.56999969482422,101.08999633789062,0.15402117181587296
2024-12-19,21.61000061035156,59.310001373291016,0.3643567713704886
2024-12-20,24.13999938964844,137.69000244140625,0.175321366559792
2024-12-23,18.09000015258789,112.37999725341795,0.16097170844198164
2024-12-24,16.969999313354492,101.48999786376952,0.16720858873337843
2024-12-26,14.989999771118164,95.05999755859376,0.15768988171789633
2024-12-27,15.380000114440918,96.63999938964844,0.15914735318270648
2024-12-30,17.209999084472656,108.73999786376952,0.1582674215796243
2024-12-31,17.389999389648438,100.73999786376952,0.17262259041502956
2025-01-02,17.209999084472656,103.66999816894533,0.16600751797474195
2025-01-03,17.65999984741211,104.62999725341795,0.16878524621040464
2025-01-06,16.770000457763672,95.68000030517578,0.17527174335571677
2025-01-07,16.479999542236328,94.8499984741211,0.1737480211634662
2025-01-08,17.90999984741211,109.5199966430664,0.16353177863748566
2025-01-10,18.290000915527344,109.62000274658205,0.16684911929631954
2025-01-13,21.18000030517578,122.22000122070312,0.17329406065811798
2025-01-14,18.790000915527344,109.12000274658205,0.17219575185646613
2025-01-15,19.07999992370605,103.26000213623048,0.18477628829150988
2025-01-16,15.869999885559082,97.20999908447266,0.1632548095362959
2025-01-17,16.190000534057617,96.93000030517578,0.16702775696982142
2025-01-21,16.290000915527344,100.93000030517578,0.16139899798149487
2025-01-22,14.890000343322754,98.54000091552734,0.1511061518670686
2025-01-23,15.279999732971191,100.33999633789062,0.1522822432793046
2025-01-24,15.020000457763672,98.62999725341795,0.15228633150188153
2025-01-27,18.82999992370605,117.47000122070312,0.16029624353479122
2025-01-28,18.290000915527344,108.3499984741211,0.16880481008862983
2025-01-29,16.420000076293945,102.80999755859376,0.1597120947983275
2025-01-30,15.93000030517578,98.87999725341795,0.16110437649334716
2025-01-31,15.449999809265137,96.4499969482422,0.16018662828528699
2025-02-03,20.36000061035156,111.9800033569336,0.1818181818181818
2025-02-04,18.780000686645508,106.5,0.17633803461638975
2025-02-05,17.540000915527344,100.8499984741211,0.1739216775499332
2025-02-06,15.880000114440918,96.9000015258789,0.1638802875580954
2025-02-07,15.380000114440918,95.37999725341795,0.16124974373376566
2025-02-10,16.579999923706055,101.5500030517578,0.16326931979761333
2025-02-11,16.1299991607666,100.33999633789062,0.1607534358128689
2025-02-12,15.90999984741211,106.33999633789062,0.14961444795294887
2025-02-13,15.970000267028809,98.61000061035156,0.16195112228153016
2025-02-14,15.079999923706056,95.55999755859376,0.15780661687919753
2025-02-18,15.56999969482422,97.3499984741211,0.15993836609009554
2025-02-19,15.140000343322754,101.25,0.1495308675883729
2025-02-20,15.609999656677246,95.66999816894533,0.16316504604830528
2025-02-21,15.630000114440918,95.77999877929688,0.16318647226605926
2025-02-24,18.07999992370605,105.51000213623048,0.17135816091029782
2025-02-25,19.09000015258789,108.70999908447266,0.17560482304625985
2025-02-26,18.959999084472656,108.8000030517578,0.1742646925795866
2025-02-27,18.25,102.12999725341795,0.17869382640553466
2025-02-28,21.209999084472656,115.12000274658205,0.1842425171858536
2025-03-03,19.82999992370605,106.43000030517578,0.18631964546505503
2025-03-04,22.959999084472656,125.5500030517578,0.18287533672944184
2025-03-05,23.030000686645508,118.3499984741211,0.19459231925280795
2025-03-06,22.600000381469727,118.08999633789062,0.1913794655120862
2025-03-07,24.850000381469727,119.56999969482422,0.20782805423512432
2025-03-10,24.700000762939453,124.86000061035156,0.19782156529071562
2025-03-11,27.940000534057617,134.89999389648438,0.20711639583540234
2025-03-12,26.8799991607666,122.68000030517578,0.21910661145990032
2025-03-13,24.920000076293945,115.25,0.21622559719127069
2025-03-14,24.350000381469727,109.66999816894533,0.222029732725616
2025-03-17,22.88999938964844,97.58000183105467,0.23457674687564656
2025-03-18,20.82999992370605,96.66000366210938,0.21549761157180042
2025-03-19,21.84000015258789,97.93000030517578,0.2230164411776644
2025-03-20,19.520000457763672,97.08999633789062,0.2010505839327727
2025-03-21,20.020000457763672,93.20999908447266,0.2147838284991325
2025-03-24,19.1299991607666,85.30999755859375,0.2242409999792519
2025-03-25,17.579999923706055,83.19000244140625,0.21132346926048343
2025-03-26,17.229999542236328,88.0,0.19579544934359464
2025-03-27,18.36000061035156,92.83999633789062,0.19775960076011254
2025-03-28,19.07999992370605,91.3000030517578,0.20898137224474828
2025-03-31,24.11000061035156,109.87000274658205,0.21944115780138723
2025-04-01,22.059999465942383,101.75,0.2168058915571733
2025-04-02,22.299999237060547,103.4499969482422,0.21556307293288388
2025-04-03,26.3799991607666,114.13999938964844,0.23111967147214696
2025-04-04,30.1200008392334,126.61000061035156,0.23789590627938756
2025-04-07,60.130001068115234,157.77000427246094,0.38112441807552794
2025-04-08,44.040000915527344,142.11000061035156,0.3099007861964599
2025-04-09,50.97999954223633,186.3300018310547,0.2736005959387038
2025-04-10,34.439998626708984,145.3000030517578,0.23702682658885418
2025-04-11,40.79999923706055,161.3300018310547,0.2528977795449754
2025-04-14,34.7599983215332,132.07000732421875,0.2631937335795012
2025-04-15,30.01000022888184,121.58999633789062,0.24681306960061103
2025-04-16,33.2400016784668,122.95999908447266,0.2703318308877926
2025-04-17,30.790000915527344,120.5999984741211,0.2553068101583302
2025-04-21,32.75,122.73999786376952,0.26682418583997036
2025-04-22,32.61000061035156,119.58999633789062,0.2726816758001646
2025-04-23,28.75,106.79000091552734,0.2692199621080791
2025-04-24,28.690000534057617,108.19000244140624,0.26518162387135175
2025-04-25,26.21999931335449,104.62999725341795,0.2505973430339353
2025-04-28,25.75,99.58000183105467,0.2585860567033018
2025-04-29,24.76000022888184,104.2300033569336,0.237551563191375
2025-04-30,24.350000381469727,107.0199966430664,0.22752757564254053
2025-05-01,23.940000534057617,99.62000274658205,0.24031318885783706
2025-05-02,23.6299991607666,99.11000061035156,0.23842194546711123
2025-05-05,24.25,102.5,0.23658536585365852
2025-05-06,23.96999931335449,104.91000366210938,0.22848154109837093
2025-05-07,24.559999465942383,103.44000244140624,0.2374323171526841
2025-05-08,22.84000015258789,97.61000061035156,0.23399241890964298
2025-05-09,22.399999618530277,95.68000030517578,0.23411370764093273
2025-05-12,19.84000015258789,91.47000122070312,0.2169017151832873
2025-05-13,18.690000534057617,85.69999694824219,0.2180863617223381
2025-05-14,18.100000381469727,93.33999633789062,0.19391473207206647
2025-05-15,19.190000534057617,98.2699966430664,0.19527832695221323
2025-05-16,17.959999084472656,93.56999969482422,0.19194185254941393
2025-05-19,19.84000015258789,101.79000091552734,0.19491109120877745
2025-05-20,18.459999084472656,96.19000244140624,0.1919118267588931
2025-05-21,18.770000457763672,99.61000061035156,0.18843489953571063
2025-05-22,20.6200008392334,106.45999908447266,0.19368777960322991
2025-05-23,20.13999938964844,112.37999725341795,0.17921338211312243
2025-05-27,20.6299991607666,104.0500030517578,0.19827004858908634
2025-05-28,19.209999084472656,97.37999725341795,0.19726842910542802
2025-05-29,18.25,95.55999755859376,0.19097949420530064
2025-05-30,19.61000061035156,96.83000183105467,0.20251988267609813
2025-06-02,19.809999465942383,98.91000366210938,0.20028307281856095
2025-06-03,18.82999992370605,91.58000183105467,0.2056125742216443
2025-06-04,17.68000030517578,91.16000366210938,0.19394470814972628
2025-06-05,17.68000030517578,90.26000213623048,0.19587857175641485
2025-06-06,18.15999984741211,91.1999969482422,0.19912281200752965
2025-06-09,17.690000534057617,91.58000183105467,0.1931644483551316
2025-06-10,17.5,88.8499984741211,0.19696117389464154
2025-06-11,17.040000915527344,92.83000183105467,0.18356135494362238
2025-06-12,17.8700008392334,101.37000274658205,0.17628490041484124
2025-06-13,21.76000022888184,110.6999969482422,0.19656730649284238
2025-06-16,19.780000686645508,107.33999633789062,0.18427428136275462
2025-06-17,20.530000686645508,109.11000061035156,0.1881587441279674
2025-06-18,20.899999618530277,114.98999786376952,0.1817549352708993
2025-06-20,20.739999771118164,104.87000274658205,0.19776865860522855
2025-06-23,21.149999618530277,111.2300033569336,0.1901465340305762
2025-06-24,18.190000534057617,98.12000274658205,0.18538524281371624
2025-06-25,17.280000686645508,91.3000030517578,0.18926615672564115
2025-06-26,16.670000076293945,89.29000091552734,0.18669503757833503
2025-06-27,16.309999465942383,88.05000305175781,0.1852356490703923
2025-06-30,17.190000534057617,91.4800033569336,0.18790992460927503
2025-07-01,16.979999542236328,90.43000030517578,0.1877695398090635
2025-07-02,16.75,90.0199966430664,0.18606976921377316
2025-07-03,16.649999618530273,88.2300033569336,0.18871131117577847
2025-07-07,17.829999923706055,95.38999938964844,0.1869168679923583
2025-07-08,17.40999984741211,93.7300033569336,0.18574628426196702
2025-07-09,16.760000228881836,93.91999816894533,0.17844975037939828
2025-07-10,16.229999542236328,90.61000061035156,0.17911929624666798
2025-07-11,16.40999984741211,93.62000274658205,0.17528305240314918
2025-07-14,17.729999542236328,96.29000091552734,0.1841312636167735
2025-07-15,16.889999389648438,92.94000244140624,0.181730137141934
2025-07-16,17.65999984741211,94.4800033569336,0.1869178579587349
2025-07-17,17.15999984741211,95.19000244140624,0.18027103064709835
2025-07-18,16.43000030517578,92.37999725341795,0.1778523575845624
2025-07-21,16.8700008392334,94.30999755859376,0.1788781812739657
2025-07-22,16.75,92.83000183105467,0.18043735505342387
2025-07-23,16.229999542236328,89.05999755859375,0.1822366942190673
2025-07-24,15.390000343322754,88.05000305175781,0.17478705065207276
2025-07-25,15.329999923706056,90.18000030517578,0.16999334521876475
2025-07-28,15.149999618530272,89.87000274658203,0.16857682380683428
2025-07-29,14.949999809265137,87.76000213623047,0.17035095083587334
2025-07-30,15.869999885559082,95.62999725341795,0.16595211064896132
2025-07-31,14.989999771118164,93.77999877929688,0.15984218347449367
2025-08-01,17.399999618530273,106.19000244140624,0.16385722966840768
2025-08-04,19.559999465942383,105.80999755859376,0.18485965331499757
2025-08-05,17.209999084472656,96.12000274658205,0.17904700991162456
2025-08-06,17.219999313354492,96.83000183105467,0.17783743661803597
2025-08-07,16.40999984741211,94.44000244140624,0.17376111206258626
2025-08-08,16.479999542236328,96.75,0.17033591258125405
2025-08-11,15.8100004196167,95.62999725341795,0.16532469804135258
2025-08-12,16.09000015258789,94.83000183105467,0.16967204304449124
2025-08-13,14.619999885559082,94.13999938964844,0.15530061589491242
2025-08-14,14.65999984741211,100.12000274658205,0.14642428531008586
2025-08-15,14.43000030517578,96.2300033569336,0.14995323497654295
2025-08-18,15.729999542236328,98.83999633789062,0.15914609596364568
2025-08-19,15.229999542236328,95.37999725341795,0.15967708094781433
2025-08-20,15.949999809265137,103.0500030517578,0.15477922694727242
2025-08-21,15.720000267028809,100.55999755859376,0.15632458878958466
2025-08-22,16.809999465942383,99.45999908447266,0.16901266459559722
2025-08-25,15.050000190734863,93.45999908447266,0.16103146092620982
2025-08-26,15.75,94.22000122070312,0.16716195920128288
2025-08-27,14.65999984741211,92.95999908447266,0.15770223743322742
2025-08-28,14.420000076293944,92.43000030517578,0.15600995378863447
2025-08-29,14.3100004196167,91.91000366210938,0.1556957877210499
2025-09-02,16.649999618530273,107.8000030517578,0.15445268225582648
2025-09-03,17.399999618530273,103.5199966430664,0.1680834638985249
2025-09-04,16.219999313354492,99.37000274658205,0.1632283271111452
2025-09-05,15.229999542236328,90.72000122070312,0.16787918140769056
2025-09-08,15.579999923706056,93.55999755859376,0.16652415915197924
2025-09-09,15.020000457763672,92.8499984741211,0.16176629730317127
2025-09-10,14.979999542236328,99.01000213623048,0.1512978408143548
2025-09-11,15.1899995803833,97.9000015258789,0.15515831811675684
2025-09-12,14.619999885559082,95.55999755859376,0.15299288676304804
2025-09-15,15.140000343322754,96.5999984741211,0.15672878449763872
2025-09-16,15.600000381469728,99.66999816894533,0.15651651116745277
2025-09-17,16.420000076293945,103.47000122070312,0.1586933399301874
2025-09-18,14.93000030517578,94.29000091552734,0.1583412892163538
2025-09-19,15.760000228881836,95.91999816894533,0.16430359184456522
2025-09-22,16.139999389648438,99.8499984741211,0.16164246005303212
2025-09-23,16.100000381469727,99.13999938964844,0.16239661570091543
2025-09-24,16.56999969482422,100.4800033569336,0.16490843094384522
2025-09-25,16.549999237060547,103.5,0.1599033742711164
2025-09-26,16.889999389648438,99.22000122070312,0.17022776841212325
2025-09-29,15.84000015258789,94.9499969482422,0.1668246515186553
2025-09-30,16.489999771118164,97.58999633789062,0.1689722347567678
2025-10-01,17.280000686645508,96.5999984741211,0.17888199751136413
2025-10-02,16.1200008392334,92.41999816894533,0.17442113350582159
2025-10-03,16.350000381469727,93.81999969482422,0.17426988312356292
2025-10-06,16.739999771118164,96.91999816894533,0.17271976978309436
2025-10-07,16.579999923706055,95.54000091552734,0.17353987612335725
2025-10-08,17.170000076293945,98.52999877929688,0.1742616491324032
2025-10-09,16.309999465942383,96.76000213623048,0.1685613797628816
2025-10-10,16.360000610351562,97.91000366210938,0.16709222754000153
2025-10-13,19.450000762939453,110.43000030517578,0.17612968132924875
2025-10-14,21.459999084472656,114.08999633789062,0.18809711432469858
2025-10-15,20.020000457763672,113.18000030517578,0.17688637925236114
2025-10-16,20.489999771118164,115.95999908447266,0.17669886109771302
2025-10-17,28.40999984741211,134.02000427246094,0.21198327818028528
2025-10-20,20.530000686645508,113.77999877929688,0.1804359369564442
2025-10-21,18.649999618530277,105.08000183105467,0.17748381512702424
2025-10-22,17.84000015258789,104.9499969482422,0.16998571387654235
2025-10-23,18.36000061035156,106.4499969482422,0.17247535121375818
2025-10-24,17.020000457763672,95.2699966430664,0.17865016329883915
2025-10-27,15.729999542236328,96.05999755859376,0.16375182117448517
2025-10-28,15.949999809265137,96.62000274658205,0.16507968697847478
2025-10-29,16.34000015258789,101.62000274658205,0.16079511622663759
2025-10-30,16.260000228881836,102.0999984741211,0.15925563635540305
2025-10-31,16.43000030517578,101.2300033569336,0.16230366255391845
2025-11-03,18.059999465942383,104.87000274658205,0.17221320676022392
2025-11-04,19.729999542236328,107.6999969482422,0.1831940585078944
2025-11-05,19.3700008392334,104.58999633789062,0.18519936435083398
2025-11-06,18.36000061035156,101.76000213623048,0.18042453051221677
2025-11-07,19.520000457763672,111.19000244140624,0.17555535595972419
2025-11-10,18.57999992370605,101.0,0.18396039528421831
2025-11-11,17.899999618530273,99.26000213623048,0.18033446739164102
2025-11-12,17.209999084472656,102.80999755859376,0.16739616275804584
2025-11-13,17.610000610351562,104.25,0.16892086916404375
2025-11-14,21.32999992370605,115.97000122070312,0.18392687504687366
2025-11-17,19.57999992370605,110.83999633789062,0.17665103365771795
2025-11-18,23.540000915527344,121.68000030517578,0.19345825818941953
2025-11-19,24.520000457763672,123.22000122070312,0.19899367160243042
2025-11-20,20.780000686645508,108.55999755859376,0.19141489640721288
2025-11-21,25.96999931335449,125.44000244140624,0.2070312404967086
2025-11-24,22.690000534057617,116.5500030517578,0.19468039416508112
2025-11-25,20.549999237060547,104.19000244140624,0.197235807232247
2025-11-26,18.25,95.30999755859376,0.19148043717848634
2025-11-28,17.40999984741211,93.62999725341795,0.18594467967664668
2025-12-01,18.049999237060547,96.16000366210938,0.1877079716062128
2025-12-02,17.280000686645508,93.1500015258789,0.18550725070943538
2025-12-03,16.43000030517578,93.94000244140624,0.1748988703233616
2025-12-04,16.229999542236328,91.5999984741211,0.17718340406765007
2025-12-05,15.579999923706056,91.01000213623048,0.17118997426661703
2025-12-08,16.149999618530273,92.81999969482422,0.17399267045495176
2025-12-09,16.65999984741211,97.94000244140624,0.17010413959688384
2025-12-10,16.940000534057617,103.5199966430664,0.1636398868178695
2025-12-11,16.84000015258789,100.36000061035156,0.1677959351352469
2025-12-12,14.989999771118164,95.83999633789062,0.15640651443964865
2025-12-15,16.510000228881836,97.81999969482422,0.1687793935840239
2025-12-16,17.280000686645508,101.0999984741211,0.17091989067703822
2025-12-17,16.450000762939453,98.04000091552734,0.16778866390579705
2025-12-18,17.610000610351562,96.58000183105467,0.18233589021002877
2025-12-19,16.309999465942383,90.80999755859376,0.1796057692372319
2025-12-22,15.15999984741211,84.05999755859375,0.1803473743482431
2025-12-23,14.09000015258789,83.4000015258789,0.1689448428632916
2025-12-24,14.09000015258789,84.69000244140625,0.16637146943449693
2025-12-26,14.119999885559082,85.9800033569336,0.1642242304520731
2025-12-29,14.6899995803833,87.94000244140625,0.16704570357694878
2025-12-30,14.43000030517578,86.16000366210938,0.16747910505860003
2025-12-31,14.770000457763672,87.3499984741211,0.16908987654006122
2026-01-02,14.850000381469728,91.02999877929688,0.16313303944421334
2026-01-05,15.140000343322754,92.75,0.16323450504930193
2026-01-06,15.0,90.43000030517578,0.16587415624659102
2026-01-07,14.949999809265137,89.80999755859375,0.16646253441340395
2026-01-08,15.6899995803833,92.5500030517578,0.16952997366849143
2026-01-09,15.68000030517578,90.27999877929688,0.17368188432864198
2026-01-12,16.059999465942383,93.83000183105467,0.1711606005812423
2026-01-13,15.359999656677246,93.81999969482422,0.1637177542809629
2026-01-14,16.329999923706055,107.66000366210938,0.1516812127831401
2026-01-15,16.520000457763672,99.3499984741211,0.16628083252630182
2026-01-16,15.4399995803833,100.55999755859376,0.15354017457475377
2026-01-20,19.940000534057617,118.2699966430664,0.168597286717067
2026-01-21,19.309999465942383,112.72000122070312,0.1713094327255538
2026-01-22,16.649999618530273,100.0999984741211,0.16633366505829475
2026-01-23,15.68000030517578,99.02999877929688,0.15833586285425488
2026-01-26,16.899999618530273,102.62000274658205,0.16468523841559884
2026-01-27,16.020000457763672,99.91000366210938,0.1603443085833778
2026-01-28,16.09000015258789,101.48999786376952,0.1585377918145744
2026-01-29,16.040000915527344,102.91999816894533,0.15584921493291662
2026-01-30,18.71999931335449,103.19000244140624,0.18141291666296988
2026-02-02,19.950000762939453,108.2300033569336,0.1843296696309433
2026-02-03,16.15999984741211,99.0500030517578,0.1631499177134586
2026-02-04,17.6299991607666,103.0199966430664,0.17113181649431902
2026-02-05,19.239999771118164,113.97000122070312,0.16881635136477596
2026-02-06,21.239999771118164,110.33999633789062,0.1924959260110504
2026-02-09,17.950000762939453,104.87999725341795,0.1711479903986599
2026-02-10,17.469999313354492,99.08000183105467,0.1763221537192066
2026-02-11,17.8700008392334,101.52999877929688,0.17600710188206262
2026-02-12,17.440000534057617,100.38999938964844,0.17372248869498366
2026-02-13,21.479999542236328,113.45999908447266,0.18931781875164788
2026-02-17,21.739999771118164,116.77999877929688,0.1861620140295146
2026-02-18,19.780000686645508,108.66000366210938,0.18203570789628967
2026-02-19,19.34000015258789,112.31999969482422,0.17218661151295472
2026-02-20,20.040000915527344,114.38999938964844,0.17519014793648854
2026-02-23,20.489999771118164,110.58000183105467,0.1852957083725049
2026-02-24,21.239999771118164,115.6999969482422,0.18357822239718613
2026-02-25,19.59000015258789,106.43000030517578,0.18406464433351327
2026-02-26,18.06999969482422,103.87000274658205,0.17396745178596648
2026-02-27,19.280000686645508,110.95999908447266,0.1737563162015516
2026-03-02,24.65999984741211,118.76000213623048,0.20764566692348524
2026-03-03,24.56999969482422,120.6500015258789,0.20364690745199915
2026-03-04,24.38999938964844,114.0,0.21394736306709158
2026-03-05,22.11000061035156,110.91999816894533,0.19933286129950348
2026-03-06,23.200000762939453,127.81999969482422,0.18150524814841543
2026-03-09,35.119998931884766,137.07000732421875,0.25621942843275425
2026-03-10,24.38999938964844,120.8000030517578,0.20190396335667588
2026-03-11,24.899999618530277,128.3699951171875,0.19397055827414617
2026-03-12,25.479999542236328,129.19000244140625,0.19722888041427747
2026-03-13,27.850000381469727,127.52999877929688,0.21837999410371572
2026-03-16,25.8799991607666,125.41999816894533,0.20634667149257407
2026-03-17,24.559999465942383,115.02999877929688,0.21350951687885
2026-03-18,21.51000022888184,114.81999969482422,0.1873367034144963
2026-03-19,25.600000381469727,134.0,0.19104477896619199
2026-03-20,24.459999084472656,119.0199966430664,0.20551167681365912
2026-03-23,30.040000915527344,121.1500015258789,0.2479570824364413
2026-03-24,25.90999984741211,125.58999633789062,0.20630623937358167
2026-03-25,25.790000915527344,120.62999725341795,0.21379425932795174
2026-03-26,26.489999771118164,121.62000274658205,0.21780956399347415
2026-03-27,27.540000915527344,129.39999389648438,0.21282845606282189
2026-03-30,30.790000915527344,130.38999938964844,0.23613774875108817
2026-03-31,29.530000686645508,123.27999877929688,0.23953602351596268
2026-04-01,24.299999237060547,116.0199966430664,0.2094466466140237
2026-04-02,26.780000686645508,122.37999725341795,0.21882661617642396
2026-04-06,24.93000030517578,117.16000366210938,0.21278592971944718
2026-04-07,25.09000015258789,115.91999816894533,0.21644237878628123
2026-04-08,20.96999931335449,111.73999786376952,0.187667797693361
2026-04-09,21.25,110.88999938964844,0.19163134743405622
2026-04-10,19.709999084472656,105.3499984741211,0.1870906442330358
2026-04-13,21.170000076293945,110.45999908447266,0.19165308936952372
2026-04-14,18.729999542236328,100.12999725341795,0.18705682668534154
2026-04-15,18.18000030517578,95.22000122070312,0.190926276749753
2026-04-16,18.040000915527344,97.62000274658205,0.18479820126986193
2026-04-17,18.18000030517578,93.76000213623048,0.193899316243197
2026-04-20,19.57999992370605,98.19000244140624,0.19940930274841567
2026-04-21,19.18000030517578,98.31999969482422,0.19507730232616607
2026-04-22,19.030000686645508,99.41999816894533,0.1914101894702075
2026-04-23,19.420000076293945,99.62999725341795,0.19492121461067002
2026-04-24,18.88999938964844,97.79000091552734,0.19316902763878632
2026-04-27,19.209999084472656,98.45999908447266,0.19510460352525144
2026-04-28,18.299999237060547,96.08000183105467,0.19046626653108242
2026-04-29,17.829999923706055,92.2699966430664,0.19323724474250192
2026-04-30,18.68000030517578,94.38999938964844,0.19790232467386137
2026-05-01,17.010000228881836,94.66000366210938,0.1796957486881085
2026-05-04,17.3799991607666,97.16000366210938,0.1788801822322747
2026-05-05,17.950000762939453,96.3000030517578,0.18639667906647905
2026-05-06,17.149999618530273,92.62999725341795,0.18514520271021012
2026-05-07,17.530000686645508,92.29000091552734,0.18994474496419872
2026-05-08,17.3700008392334,94.0999984741211,0.18459087269815852
2026-05-11,18.209999084472656,99.4000015258789,0.18319918314821818
2026-05-12,18.770000457763672,102.58999633789062,0.18296131326433387
2026-05-13,17.979999542236328,98.91000366210938,0.18178140609172921
2026-05-14,17.860000610351562,97.22000122070312,0.18370706013268648
2026-05-15,18.06999969482422,97.66000366210938,0.18502968479649062
2026-05-18,19.25,93.29000091552734,0.2063458013836936
2026-05-19,18.010000228881836,93.05999755859376,0.193531062769931
2026-05-20,18.170000076293945,93.55999755859376,0.19420693191996538
2026-05-21,17.579999923706055,97.12000274658205,0.18101317366699465
2026-05-22,16.829999923706055,92.20999908447266,0.18251816604279825
2026-05-26,16.920000076293945,89.73999786376953,0.188544689982938
2026-05-27,17.010000228881836,89.62999725341797,0.1897802158889743
2026-05-28,16.760000228881836,88.30999755859375,0.18978598904117921
2026-05-29,15.8100004196167,85.27999877929688,0.1853893133902675
2026-06-01,15.880000114440918,90.06999969482422,0.1763073183995297
2026-06-02,16.280000686645508,90.06999969482422,0.18074831510831038
2026-06-03,15.970000267028809,91.36000061035156,0.17480297898793276
2026-06-04,16.329999923706055,91.44000244140624,0.1785870460159944
2026-06-05,15.869999885559082,87.72000122070312,0.18091654884534525
