Price,Close,High,Low,Open,Volume
Ticker,^IXIC,^IXIC,^IXIC,^IXIC,^IXIC
Date,,,,,
2011-06-13,2639.68994140625,2657.77001953125,2629.610107421875,2649.300048828125,1847050000
2011-06-14,2678.719970703125,2685.64990234375,2662.72998046875,2662.72998046875,1701300000
2011-06-15,2631.4599609375,2669.75,2625.860107421875,2653.169921875,1982430000
2011-06-16,2623.699951171875,2642.64990234375,2599.860107421875,2631.97998046875,1958250000
2011-06-17,2616.47998046875,2648.5400390625,2608.989990234375,2646.2900390625,2393690000
2011-06-20,2629.659912109375,2636.550048828125,2607.739990234375,2608.050048828125,1625850000
2011-06-21,2687.260009765625,2688.5,2634.0400390625,2640.330078125,1882490000
2011-06-22,2669.18994140625,2693.22998046875,2668.35009765625,2677.179931640625,1617370000
2011-06-23,2686.75,2688.070068359375,2627.469970703125,2638.60009765625,2060450000
2011-06-24,2652.889892578125,2682.409912109375,2647.4599609375,2681.10009765625,2842870000
2011-06-27,2688.280029296875,2697.340087890625,2647.550048828125,2653.070068359375,1710740000
2011-06-28,2729.31005859375,2729.93994140625,2692.449951171875,2694.260009765625,1682590000
2011-06-29,2740.489990234375,2746.6201171875,2722.260009765625,2736.760009765625,1804490000
2011-06-30,2773.52001953125,2776.56005859375,2749.110107421875,2749.3701171875,1859130000
2011-07-01,2816.030029296875,2818.18994140625,2769.06005859375,2775.080078125,1646380000
2011-07-05,2825.77001953125,2828.530029296875,2810.0,2817.8701171875,1556620000
2011-07-06,2834.02001953125,2838.85009765625,2812.800048828125,2821.419921875,1639490000
2011-07-07,2872.659912109375,2878.93994140625,2853.89990234375,2856.25,1873710000
2011-07-08,2859.81005859375,2860.02001953125,2831.159912109375,2841.2900390625,1612120000
2011-07-11,2802.6201171875,2841.1201171875,2795.5400390625,2828.10009765625,1765920000
2011-07-12,2781.909912109375,2807.570068359375,2780.159912109375,2798.75,2015410000
2011-07-13,2796.919921875,2825.860107421875,2789.570068359375,2800.8798828125,1885510000
2011-07-14,2762.669921875,2817.3798828125,2755.89990234375,2804.820068359375,1946500000
2011-07-15,2789.800048828125,2790.159912109375,2768.280029296875,2787.330078125,1804380000
2011-07-18,2765.110107421875,2783.760009765625,2743.7900390625,2777.610107421875,1752220000
2011-07-19,2826.52001953125,2828.64990234375,2790.97998046875,2790.97998046875,1882760000
2011-07-20,2814.22998046875,2839.64990234375,2808.179931640625,2839.389892578125,1863670000
2011-07-21,2834.429931640625,2847.409912109375,2807.7099609375,2818.7900390625,2284150000
2011-07-22,2858.830078125,2862.719970703125,2830.580078125,2834.4599609375,1665220000
2011-07-25,2842.800048828125,2859.39990234375,2828.909912109375,2832.110107421875,1613240000
2011-07-26,2839.9599609375,2851.719970703125,2832.27001953125,2842.739990234375,1739980000
2011-07-27,2764.7900390625,2823.860107421875,2761.0,2823.6201171875,2367470000
2011-07-28,2766.25,2800.110107421875,2757.85009765625,2765.610107421875,2067020000
2011-07-29,2756.3798828125,2780.580078125,2724.989990234375,2736.669921875,2301210000
2011-08-01,2744.610107421875,2796.239990234375,2716.300048828125,2791.449951171875,2209790000
2011-08-02,2669.239990234375,2745.8701171875,2668.679931640625,2728.2900390625,2377250000
2011-08-03,2693.070068359375,2695.3701171875,2621.669921875,2673.969970703125,2601310000
2011-08-04,2556.389892578125,2653.7900390625,2556.3798828125,2648.3798828125,3272990000
2011-08-05,2532.409912109375,2592.0400390625,2464.8701171875,2580.300048828125,3750150000
2011-08-08,2357.68994140625,2489.389892578125,2357.68994140625,2447.300048828125,3987990000
2011-08-09,2482.52001953125,2483.659912109375,2331.64990234375,2402.1298828125,3803050000
2011-08-10,2381.050048828125,2461.280029296875,2378.080078125,2425.550048828125,3397010000
2011-08-11,2492.679931640625,2516.389892578125,2399.56005859375,2415.5400390625,3134140000
2011-08-12,2507.97998046875,2524.090087890625,2481.5,2507.010009765625,2232470000
2011-08-15,2555.199951171875,2555.199951171875,2514.52001953125,2522.0400390625,1945850000
2011-08-16,2523.449951171875,2546.739990234375,2494.550048828125,2526.47998046875,2074370000
2011-08-17,2511.47998046875,2549.110107421875,2488.090087890625,2527.7900390625,1913320000
2011-08-18,2380.429931640625,2437.010009765625,2362.969970703125,2436.3798828125,2775580000
2011-08-19,2341.840087890625,2415.179931640625,2338.659912109375,2353.320068359375,2385300000
2011-08-22,2345.3798828125,2397.340087890625,2337.280029296875,2396.8798828125,1957230000
2011-08-23,2446.06005859375,2446.06005859375,2349.080078125,2360.949951171875,2147270000
2011-08-24,2467.68994140625,2470.800048828125,2420.47998046875,2437.47998046875,1888640000
2011-08-25,2419.6298828125,2482.89990234375,2415.239990234375,2470.9599609375,1789230000
2011-08-26,2479.85009765625,2486.0400390625,2385.27001953125,2408.7900390625,1852130000
2011-08-29,2562.110107421875,2562.580078125,2510.1298828125,2510.989990234375,1615510000
2011-08-30,2576.110107421875,2589.530029296875,2534.679931640625,2547.070068359375,1871800000
2011-08-31,2579.4599609375,2611.580078125,2557.739990234375,2589.75,1995490000
2011-09-01,2546.0400390625,2604.5,2543.56005859375,2583.340087890625,1742440000
2011-09-02,2480.330078125,2512.780029296875,2469.35009765625,2497.280029296875,1571530000
2011-09-06,2473.830078125,2477.77001953125,2414.31005859375,2417.610107421875,1737170000
2011-09-07,2548.93994140625,2548.93994140625,2507.52001953125,2511.5,1791480000
2011-09-08,2529.139892578125,2568.449951171875,2520.800048828125,2533.81005859375,1979990000
2011-09-09,2467.989990234375,2518.39990234375,2452.929931640625,2508.1201171875,2054190000
2011-09-12,2495.090087890625,2495.360107421875,2438.39990234375,2442.860107421875,1980350000
2011-09-13,2532.14990234375,2537.39990234375,2494.070068359375,2502.590087890625,1931390000
2011-09-14,2572.550048828125,2600.780029296875,2519.800048828125,2548.449951171875,2323770000
2011-09-15,2607.070068359375,2608.949951171875,2569.780029296875,2595.449951171875,1967730000
2011-09-16,2622.31005859375,2627.280029296875,2600.9599609375,2607.1201171875,2703730000
2011-09-19,2612.830078125,2627.340087890625,2564.4599609375,2584.35009765625,1891770000
2011-09-20,2590.239990234375,2643.3701171875,2589.52001953125,2623.889892578125,1914990000
2011-09-21,2538.18994140625,2613.2900390625,2537.4599609375,2601.06005859375,2172030000
2011-09-22,2455.669921875,2494.31005859375,2420.22998046875,2466.06005859375,2919330000
2011-09-23,2483.22998046875,2490.719970703125,2438.280029296875,2438.6298828125,1975200000
2011-09-26,2516.68994140625,2518.909912109375,2446.1201171875,2496.97998046875,1982710000
2011-09-27,2546.830078125,2590.93994140625,2532.64990234375,2560.780029296875,2095620000
2011-09-28,2491.580078125,2569.7900390625,2491.070068359375,2557.860107421875,1929310000
2011-09-29,2480.760009765625,2538.969970703125,2433.580078125,2535.52001953125,2290370000
2011-09-30,2415.39990234375,2468.97998046875,2415.070068359375,2444.77001953125,2041370000
2011-10-03,2335.830078125,2430.8798828125,2335.22998046875,2401.18994140625,2547690000
2011-10-04,2404.820068359375,2406.669921875,2298.889892578125,2312.679931640625,3040940000
2011-10-05,2460.510009765625,2466.5,2380.9599609375,2398.3701171875,2472400000
2011-10-06,2506.820068359375,2507.43994140625,2446.719970703125,2459.050048828125,2249140000
2011-10-07,2479.35009765625,2512.139892578125,2468.60009765625,2509.610107421875,2084900000
2011-10-10,2566.050048828125,2566.050048828125,2519.780029296875,2522.719970703125,1574750000
2011-10-11,2583.030029296875,2587.280029296875,2551.93994140625,2554.699951171875,1661400000
2011-10-12,2604.72998046875,2629.489990234375,2602.31005859375,2606.610107421875,1967190000
2011-10-13,2620.239990234375,2625.219970703125,2588.7099609375,2595.050048828125,1675220000
2011-10-14,2667.85009765625,2667.85009765625,2636.0,2655.22998046875,1664350000
2011-10-17,2614.919921875,2658.25,2606.909912109375,2653.320068359375,1675210000
2011-10-18,2657.429931640625,2667.570068359375,2586.31005859375,2614.050048828125,1931690000
2011-10-19,2604.0400390625,2651.8798828125,2597.77001953125,2642.889892578125,1980180000
2011-10-20,2598.6201171875,2606.389892578125,2557.169921875,2605.419921875,2040180000
2011-10-21,2637.4599609375,2646.919921875,2611.110107421875,2630.300048828125,2019950000
2011-10-24,2699.43994140625,2703.070068359375,2643.93994140625,2644.830078125,1884450000
2011-10-25,2638.419921875,2685.8798828125,2633.93994140625,2685.860107421875,1777770000
2011-10-26,2650.669921875,2666.2900390625,2598.739990234375,2660.419921875,2118650000
2011-10-27,2738.6298828125,2753.3701171875,2694.27001953125,2720.590087890625,2810680000
2011-10-28,2737.14990234375,2742.27001953125,2723.030029296875,2724.030029296875,1838530000
2011-10-31,2684.409912109375,2716.699951171875,2684.1298828125,2705.889892578125,1772560000
2011-11-01,2606.9599609375,2638.60009765625,2597.159912109375,2607.31005859375,2294220000
2011-11-02,2639.97998046875,2648.4599609375,2613.739990234375,2637.56005859375,1921790000
2011-11-03,2697.969970703125,2699.840087890625,2628.219970703125,2666.2099609375,2106240000
2011-11-04,2686.14990234375,2693.669921875,2655.1201171875,2678.159912109375,1930750000
2011-11-07,2695.25,2697.02001953125,2649.06005859375,2683.3798828125,1712700000
2011-11-08,2727.489990234375,2730.389892578125,2680.929931640625,2712.080078125,1850270000
2011-11-09,2621.64990234375,2672.340087890625,2617.929931640625,2662.56005859375,2144160000
2011-11-10,2625.14990234375,2652.39990234375,2601.7900390625,2652.010009765625,1892390000
2011-11-11,2678.75,2684.669921875,2649.85009765625,2653.530029296875,1602640000
2011-11-14,2657.219970703125,2682.1298828125,2647.47998046875,2671.110107421875,1401710000
2011-11-15,2686.199951171875,2695.8701171875,2644.0,2647.909912109375,1706960000
2011-11-16,2639.610107421875,2688.860107421875,2637.909912109375,2661.090087890625,1950030000
2011-11-17,2587.989990234375,2637.47998046875,2576.219970703125,2637.3701171875,2197320000
2011-11-18,2572.5,2595.840087890625,2567.14990234375,2595.02001953125,1755360000
2011-11-21,2523.139892578125,2539.8701171875,2500.889892578125,2535.340087890625,2048520000
2011-11-22,2521.280029296875,2534.39990234375,2499.18994140625,2517.639892578125,1792060000
2011-11-23,2460.080078125,2503.3798828125,2460.080078125,2501.179931640625,1707770000
2011-11-25,2441.510009765625,2477.030029296875,2441.47998046875,2453.030029296875,691750000
2011-11-28,2527.340087890625,2531.320068359375,2507.719970703125,2509.6298828125,1626060000
2011-11-29,2515.510009765625,2542.4599609375,2508.27001953125,2529.110107421875,1623550000
2011-11-30,2620.340087890625,2620.340087890625,2582.489990234375,2586.389892578125,2440960000
2011-12-01,2626.199951171875,2636.080078125,2611.47998046875,2615.669921875,1826860000
2011-12-02,2626.929931640625,2659.22998046875,2625.070068359375,2650.800048828125,1662730000
2011-12-05,2655.760009765625,2674.530029296875,2641.590087890625,2666.469970703125,1686660000
2011-12-06,2649.56005859375,2663.6298828125,2639.179931640625,2655.02001953125,1491130000
2011-12-07,2649.2099609375,2660.239990234375,2612.800048828125,2638.610107421875,1658010000
2011-12-08,2596.3798828125,2645.919921875,2592.550048828125,2633.300048828125,1845640000
2011-12-09,2646.85009765625,2653.4599609375,2603.179931640625,2603.179931640625,1664710000
2011-12-12,2612.260009765625,2617.320068359375,2591.419921875,2617.320068359375,1572600000
2011-12-13,2579.27001953125,2639.739990234375,2568.43994140625,2629.669921875,1752320000
2011-12-14,2539.31005859375,2568.43994140625,2525.8798828125,2566.2099609375,1793960000
2011-12-15,2541.010009765625,2565.93994140625,2536.580078125,2565.929931640625,1748400000
2011-12-16,2555.330078125,2585.419921875,2548.0,2554.6201171875,2664690000
2011-12-19,2523.139892578125,2570.64990234375,2518.010009765625,2564.070068359375,1560110000
2011-12-20,2603.72998046875,2604.52001953125,2566.8701171875,2567.25,1835720000
2011-12-21,2577.969970703125,2590.610107421875,2544.659912109375,2589.77001953125,1853710000
2011-12-22,2599.449951171875,2601.989990234375,2581.919921875,2584.330078125,1515610000
2011-12-23,2618.639892578125,2618.840087890625,2599.889892578125,2607.429931640625,960940000
2011-12-27,2625.199951171875,2633.340087890625,2610.77001953125,2613.510009765625,945590000
2011-12-28,2589.97998046875,2626.340087890625,2586.85009765625,2626.18994140625,1069930000
2011-12-29,2613.739990234375,2614.8701171875,2593.0400390625,2596.330078125,1011380000
2011-12-30,2605.14990234375,2616.4599609375,2604.60009765625,2610.22998046875,1056790000
2012-01-03,2648.719970703125,2665.89990234375,2641.97998046875,2657.389892578125,1636850000
2012-01-04,2648.360107421875,2653.179931640625,2627.22998046875,2639.89990234375,1670530000
2012-01-05,2669.860107421875,2673.56005859375,2631.22998046875,2642.570068359375,1836410000
2012-01-06,2674.219970703125,2682.1201171875,2658.830078125,2671.169921875,1683090000
2012-01-09,2676.56005859375,2683.780029296875,2662.9599609375,2682.97998046875,1768080000
2012-01-10,2702.5,2712.5,2694.330078125,2704.419921875,1809500000
2012-01-11,2710.760009765625,2714.2900390625,2690.72998046875,2695.77001953125,1699660000
2012-01-12,2724.699951171875,2726.429931640625,2697.320068359375,2716.8701171875,1669550000
2012-01-13,2710.669921875,2712.929931640625,2689.580078125,2707.409912109375,1655960000
2012-01-17,2728.080078125,2742.72998046875,2721.030029296875,2736.340087890625,1664210000
2012-01-18,2769.7099609375,2769.7099609375,2730.050048828125,2731.159912109375,1968940000
2012-01-19,2788.330078125,2793.35009765625,2777.169921875,2779.739990234375,1959950000
2012-01-20,2786.699951171875,2787.199951171875,2775.8701171875,2776.0400390625,1949660000
2012-01-23,2784.169921875,2804.989990234375,2769.820068359375,2786.2099609375,1652940000
2012-01-24,2786.639892578125,2788.3798828125,2766.340087890625,2771.580078125,1620690000
2012-01-25,2818.31005859375,2822.7900390625,2788.949951171875,2803.22998046875,1918040000
2012-01-26,2805.280029296875,2834.300048828125,2794.780029296875,2828.780029296875,1998970000
2012-01-27,2816.550048828125,2821.550048828125,2797.239990234375,2797.659912109375,1707350000
2012-01-30,2811.93994140625,2816.85009765625,2782.43994140625,2790.39990234375,1668970000
2012-01-31,2813.840087890625,2830.449951171875,2798.77001953125,2825.760009765625,1786550000
2012-02-01,2848.27001953125,2855.72998046875,2825.18994140625,2830.10009765625,2125720000
2012-02-02,2859.679931640625,2868.22998046875,2849.39990234375,2854.10009765625,1913430000
2012-02-03,2905.659912109375,2908.1298828125,2885.840087890625,2888.949951171875,2152890000
2012-02-06,2901.989990234375,2903.030029296875,2887.330078125,2892.52001953125,1684490000
2012-02-07,2904.080078125,2910.27001953125,2885.169921875,2895.909912109375,1784580000
2012-02-08,2915.860107421875,2918.260009765625,2892.7099609375,2906.590087890625,1981150000
2012-02-09,2927.22998046875,2930.679931640625,2904.510009765625,2922.4599609375,2153090000
2012-02-10,2903.8798828125,2910.97998046875,2895.10009765625,2902.0,1787640000
2012-02-13,2931.389892578125,2933.929931640625,2913.889892578125,2926.2099609375,1619980000
2012-02-14,2931.830078125,2932.080078125,2911.60009765625,2921.699951171875,1881630000
2012-02-15,2915.830078125,2958.18994140625,2911.330078125,2943.419921875,2038980000
2012-02-16,2959.85009765625,2961.3798828125,2912.719970703125,2915.669921875,1945230000
2012-02-17,2951.780029296875,2962.780029296875,2941.550048828125,2958.219970703125,1973900000
2012-02-21,2948.570068359375,2965.050048828125,2934.070068359375,2957.300048828125,1821540000
2012-02-22,2933.169921875,2950.3701171875,2929.679931640625,2942.77001953125,1706310000
2012-02-23,2956.97998046875,2958.419921875,2922.9599609375,2933.159912109375,1768390000
2012-02-24,2963.75,2970.8798828125,2958.820068359375,2963.1298828125,1643180000
2012-02-27,2966.159912109375,2976.080078125,2933.300048828125,2945.8701171875,1763650000
2012-02-28,2986.760009765625,2988.590087890625,2966.610107421875,2969.25,1812490000
2012-02-29,2966.889892578125,3000.110107421875,2961.77001953125,2991.669921875,2170190000
2012-03-01,2988.969970703125,2996.3701171875,2974.590087890625,2979.110107421875,1903690000
2012-03-02,2976.18994140625,2995.969970703125,2968.0,2986.080078125,1755130000
2012-03-05,2950.47998046875,2973.929931640625,2940.52001953125,2969.72998046875,1679030000
2012-03-06,2910.320068359375,2921.77001953125,2900.280029296875,2917.52001953125,1870720000
2012-03-07,2935.68994140625,2940.280029296875,2920.5400390625,2922.570068359375,1589360000
2012-03-08,2970.419921875,2976.050048828125,2945.72998046875,2954.39990234375,1619740000
2012-03-09,2988.340087890625,2993.97998046875,2973.9599609375,2975.090087890625,1580560000
2012-03-12,2983.659912109375,2994.10009765625,2973.64990234375,2989.050048828125,1341660000
2012-03-13,3039.8798828125,3039.889892578125,2996.4599609375,3003.7099609375,1709900000
2012-03-14,3040.72998046875,3051.3701171875,3024.72998046875,3042.2099609375,1662300000
2012-03-15,3056.3701171875,3059.81005859375,3037.820068359375,3048.580078125,1677540000
2012-03-16,3055.260009765625,3060.820068359375,3047.68994140625,3058.489990234375,2088610000
2012-03-19,3078.320068359375,3087.10009765625,3050.889892578125,3057.239990234375,1548400000
2012-03-20,3074.14990234375,3078.719970703125,3050.820068359375,3060.929931640625,1508580000
2012-03-21,3075.320068359375,3090.080078125,3069.090087890625,3077.43994140625,1552400000
2012-03-22,3063.320068359375,3068.5,3050.699951171875,3055.0,1524800000
2012-03-23,3067.919921875,3070.929931640625,3044.669921875,3066.3701171875,1428940000
2012-03-26,3122.570068359375,3122.570068359375,3090.050048828125,3090.52001953125,1627520000
2012-03-27,3120.35009765625,3134.169921875,3119.030029296875,3124.06005859375,1662460000
2012-03-28,3104.9599609375,3130.56005859375,3086.929931640625,3123.840087890625,1765680000
2012-03-29,3095.360107421875,3099.800048828125,3069.81005859375,3087.25,1756160000
2012-03-30,3091.570068359375,3111.550048828125,3079.050048828125,3110.969970703125,1833130000
2012-04-02,3119.699951171875,3123.030029296875,3079.780029296875,3085.93994140625,1768210000
2012-04-03,3113.570068359375,3128.25,3097.409912109375,3119.64990234375,1804950000
2012-04-04,3068.090087890625,3086.35009765625,3052.580078125,3085.4599609375,1813150000
2012-04-05,3080.5,3083.3798828125,3061.139892578125,3061.75,1548040000
2012-04-09,3047.080078125,3058.760009765625,3032.219970703125,3037.280029296875,1371140000
2012-04-10,2991.219970703125,3055.199951171875,2987.0,3044.669921875,1953600000
2012-04-11,3016.4599609375,3030.510009765625,3008.75,3020.14990234375,1540890000
2012-04-12,3055.550048828125,3059.260009765625,3020.43994140625,3023.110107421875,1480340000
2012-04-13,3011.330078125,3045.419921875,3010.77001953125,3045.080078125,1483850000
2012-04-16,2988.39990234375,3027.570068359375,2975.8701171875,3027.570068359375,1594320000
2012-04-17,3042.820068359375,3052.760009765625,2999.489990234375,3002.02001953125,1555070000
2012-04-18,3031.449951171875,3045.0400390625,3023.909912109375,3031.820068359375,1599470000
2012-04-19,3007.56005859375,3058.719970703125,2994.93994140625,3028.199951171875,1991120000
2012-04-20,3000.449951171875,3034.68994140625,2999.010009765625,3023.72998046875,1935880000
2012-04-23,2970.449951171875,2973.3798828125,2946.0400390625,2969.0,1767360000
2012-04-24,2961.60009765625,2979.080078125,2950.3798828125,2967.3701171875,1690840000
2012-04-25,3029.6298828125,3031.409912109375,3010.570068359375,3013.64990234375,1721330000
2012-04-26,3050.610107421875,3056.77001953125,3027.7900390625,3029.6201171875,1763510000
2012-04-27,3069.199951171875,3076.43994140625,3043.300048828125,3060.340087890625,1777750000
2012-04-30,3046.360107421875,3063.659912109375,3043.25,3060.06005859375,1633170000
2012-05-01,3050.43994140625,3085.39990234375,3041.6201171875,3044.7900390625,1854230000
2012-05-02,3059.85009765625,3061.469970703125,3028.93994140625,3035.070068359375,1825190000
2012-05-03,3024.300048828125,3061.3798828125,3016.199951171875,3061.1298828125,1869130000
2012-05-04,2956.340087890625,3001.47998046875,2956.340087890625,3001.14990234375,1944010000
2012-05-07,2957.760009765625,2970.199951171875,2939.2099609375,2940.409912109375,1740430000
2012-05-08,2946.27001953125,2952.64990234375,2900.06005859375,2939.360107421875,2175840000
2012-05-09,2934.7099609375,2948.77001953125,2900.179931640625,2912.409912109375,2047090000
2012-05-10,2933.639892578125,2950.2099609375,2923.139892578125,2950.2099609375,2004150000
2012-05-11,2933.820068359375,2960.3798828125,2918.739990234375,2919.35009765625,1735380000
2012-05-14,2902.580078125,2924.889892578125,2898.89990234375,2907.780029296875,1683460000
2012-05-15,2893.760009765625,2930.679931640625,2889.389892578125,2902.300048828125,1826210000
2012-05-16,2874.0400390625,2913.89990234375,2872.25,2904.669921875,1933900000
2012-05-17,2813.68994140625,2879.219970703125,2813.68994140625,2874.7099609375,2016980000
2012-05-18,2778.7900390625,2827.280029296875,2774.449951171875,2814.429931640625,2692450000
2012-05-21,2847.2099609375,2848.830078125,2774.760009765625,2782.550048828125,1870420000
2012-05-22,2839.080078125,2867.340087890625,2823.219970703125,2853.8701171875,1861850000
2012-05-23,2850.1201171875,2855.35009765625,2795.5,2832.169921875,1929640000
2012-05-24,2839.3798828125,2858.239990234375,2817.6201171875,2856.550048828125,1750290000
2012-05-25,2837.530029296875,2846.31005859375,2829.760009765625,2839.739990234375,1282680000
2012-05-29,2870.989990234375,2882.830078125,2846.679931640625,2853.27001953125,221430000
2012-05-30,2837.360107421875,2847.27001953125,2825.639892578125,2847.27001953125,1671040000
2012-05-31,2827.340087890625,2842.429931640625,2801.9599609375,2837.3701171875,2180130000
2012-06-01,2747.47998046875,2810.1298828125,2747.239990234375,2810.1298828125,1966370000
2012-06-04,2760.010009765625,2769.929931640625,2726.679931640625,2747.610107421875,1755750000
2012-06-05,2778.110107421875,2781.969970703125,2749.340087890625,2749.35009765625,1625600000
2012-06-06,2844.719970703125,2844.719970703125,2796.22998046875,2796.22998046875,1761050000
2012-06-07,2831.02001953125,2873.590087890625,2827.820068359375,2872.050048828125,1655370000
2012-06-08,2858.419921875,2860.93994140625,2814.800048828125,2823.820068359375,1390260000
2012-06-11,2809.72998046875,2882.9599609375,2806.89990234375,2882.489990234375,1480220000
2012-06-12,2843.070068359375,2843.669921875,2802.3798828125,2815.840087890625,1594310000
2012-06-13,2818.610107421875,2853.169921875,2810.590087890625,2838.1201171875,1602080000
2012-06-14,2836.330078125,2842.31005859375,2807.550048828125,2820.6298828125,1633370000
2012-06-15,2872.800048828125,2874.3798828125,2837.93994140625,2839.39990234375,2020100000
2012-06-18,2895.330078125,2903.030029296875,2853.860107421875,2872.489990234375,1586190000
2012-06-19,2929.760009765625,2940.22998046875,2908.449951171875,2909.8701171875,1835480000
2012-06-20,2930.449951171875,2942.280029296875,2910.0,2932.9599609375,1563080000
2012-06-21,2859.090087890625,2930.929931640625,2857.10009765625,2929.14990234375,1822200000
2012-06-22,2892.419921875,2894.35009765625,2863.929931640625,2866.169921875,3544010000
2012-06-25,2836.159912109375,2863.889892578125,2829.22998046875,2863.889892578125,1514430000
2012-06-26,2854.06005859375,2862.14990234375,2832.02001953125,2845.39990234375,1623160000
2012-06-27,2875.320068359375,2882.39990234375,2860.1298828125,2862.1298828125,1668580000
2012-06-28,2849.489990234375,2855.739990234375,2818.18994140625,2853.889892578125,1795850000
2012-06-29,2935.050048828125,2935.1298828125,2895.60009765625,2902.43994140625,2021190000
2012-07-02,2951.22998046875,2951.22998046875,2925.7099609375,2938.409912109375,1845240000
2012-07-03,2976.080078125,2976.080078125,2948.39990234375,2950.81005859375,1009330000
2012-07-05,2976.1201171875,2987.93994140625,2958.300048828125,2970.3701171875,1423990000
2012-07-06,2937.330078125,2957.5,2921.3701171875,2955.199951171875,1437420000
2012-07-09,2931.77001953125,2942.989990234375,2919.0400390625,2934.489990234375,1455500000
2012-07-10,2902.330078125,2953.469970703125,2891.419921875,2945.35009765625,1725730000
2012-07-11,2887.97998046875,2905.510009765625,2866.530029296875,2898.77001953125,1635120000
2012-07-12,2866.18994140625,2876.320068359375,2837.719970703125,2867.080078125,1719460000
2012-07-13,2908.469970703125,2913.280029296875,2873.389892578125,2874.06005859375,1373620000
2012-07-16,2896.93994140625,2910.199951171875,2888.010009765625,2903.030029296875,1414470000
2012-07-17,2910.0400390625,2916.610107421875,2871.64990234375,2911.4599609375,1774160000
2012-07-18,2942.60009765625,2951.300048828125,2902.949951171875,2904.239990234375,1817040000
2012-07-19,2965.89990234375,2976.219970703125,2952.419921875,2961.7099609375,1735920000
2012-07-20,2925.300048828125,2957.02001953125,2925.300048828125,2957.02001953125,1810420000
2012-07-23,2890.14990234375,2898.050048828125,2852.8798828125,2877.510009765625,1607140000
2012-07-24,2862.989990234375,2896.56005859375,2847.219970703125,2894.949951171875,1748410000
2012-07-25,2854.239990234375,2870.219970703125,2839.760009765625,2856.780029296875,1784150000
2012-07-26,2893.25,2905.570068359375,2876.010009765625,2896.679931640625,1981520000
2012-07-27,2958.090087890625,2961.8701171875,2900.97998046875,2906.5,2102610000
2012-07-30,2945.840087890625,2970.300048828125,2939.0400390625,2959.070068359375,1483990000
2012-07-31,2939.52001953125,2959.6201171875,2938.409912109375,2945.080078125,1801440000
2012-08-01,2920.2099609375,2958.280029296875,2917.780029296875,2956.719970703125,1722530000
2012-08-02,2909.77001953125,2934.64990234375,2890.85009765625,2900.4599609375,1822620000
2012-08-03,2967.89990234375,2977.409912109375,2945.81005859375,2951.280029296875,1730210000
2012-08-06,2989.909912109375,3000.239990234375,2974.22998046875,2978.159912109375,1528260000
2012-08-07,3015.860107421875,3028.610107421875,3002.090087890625,3002.659912109375,1899240000
2012-08-08,3011.25,3018.89990234375,3002.409912109375,3003.77001953125,1874580000
2012-08-09,3018.639892578125,3022.68994140625,3007.300048828125,3009.860107421875,1677970000
2012-08-10,3020.860107421875,3020.860107421875,3003.3798828125,3008.830078125,1556460000
2012-08-13,3022.52001953125,3023.030029296875,2999.1201171875,3018.27001953125,1353380000
2012-08-14,3016.97998046875,3034.159912109375,3009.929931640625,3032.669921875,1567830000
2012-08-15,3030.929931640625,3032.06005859375,3013.330078125,3013.330078125,1536730000
2012-08-16,3062.389892578125,3067.43994140625,3033.280029296875,3037.179931640625,1937430000
2012-08-17,3076.590087890625,3076.719970703125,3060.14990234375,3067.110107421875,1640640000
2012-08-20,3076.2099609375,3076.2099609375,3059.89990234375,3072.659912109375,1451550000
2012-08-21,3067.260009765625,3100.5400390625,3058.739990234375,3085.25,1574220000
2012-08-22,3073.669921875,3080.72998046875,3053.429931640625,3059.93994140625,1459130000
2012-08-23,3053.39990234375,3070.340087890625,3045.52001953125,3065.820068359375,1383860000
2012-08-24,3069.7900390625,3076.800048828125,3042.219970703125,3045.219970703125,1349740000
2012-08-27,3073.18994140625,3085.81005859375,3068.1298828125,3083.6201171875,1383530000
2012-08-28,3077.139892578125,3083.18994140625,3063.64990234375,3069.39990234375,1364740000
2012-08-29,3081.18994140625,3087.239990234375,3067.6201171875,3078.050048828125,1282900000
2012-08-30,3048.7099609375,3067.5400390625,3045.919921875,3066.72998046875,1216640000
2012-08-31,3066.9599609375,3078.52001953125,3040.590087890625,3069.639892578125,1394760000
2012-09-04,3075.06005859375,3082.260009765625,3040.239990234375,3063.25,1505960000
2012-09-05,3069.27001953125,3082.75,3062.5400390625,3072.580078125,1495030000
2012-09-06,3135.81005859375,3135.81005859375,3087.669921875,3087.93994140625,1918900000
2012-09-07,3136.419921875,3139.610107421875,3128.169921875,3133.219970703125,1740640000
2012-09-10,3104.02001953125,3133.889892578125,3102.760009765625,3131.340087890625,1575370000
2012-09-11,3104.530029296875,3117.860107421875,3099.10009765625,3105.02001953125,1586250000
2012-09-12,3114.31005859375,3120.1201171875,3098.820068359375,3115.330078125,1689140000
2012-09-13,3155.830078125,3167.6298828125,3112.6201171875,3117.659912109375,1870050000
2012-09-14,3183.949951171875,3195.669921875,3164.260009765625,3166.239990234375,1984720000
2012-09-17,3178.669921875,3183.39990234375,3168.6298828125,3183.39990234375,1485390000
2012-09-18,3177.800048828125,3179.3701171875,3169.409912109375,3173.6201171875,1707200000
2012-09-19,3182.6201171875,3189.35009765625,3170.2900390625,3179.0400390625,1850920000
2012-09-20,3175.9599609375,3178.449951171875,3156.4599609375,3166.840087890625,1809130000
2012-09-21,3179.9599609375,3196.929931640625,3178.090087890625,3194.860107421875,2526250000
2012-09-24,3160.780029296875,3167.739990234375,3150.7099609375,3155.35009765625,1704860000
2012-09-25,3117.72998046875,3176.300048828125,3117.72998046875,3170.3701171875,1975470000
2012-09-26,3093.699951171875,3114.5400390625,3080.280029296875,3113.39990234375,1738010000
2012-09-27,3136.60009765625,3142.02001953125,3098.4599609375,3105.8701171875,1691800000
2012-09-28,3116.22998046875,3132.510009765625,3109.909912109375,3125.31005859375,1864640000
2012-10-01,3113.530029296875,3146.989990234375,3103.889892578125,3130.31005859375,1758170000
2012-10-02,3120.0400390625,3131.639892578125,3101.639892578125,3127.72998046875,1609570000
2012-10-03,3135.22998046875,3142.360107421875,3115.0400390625,3130.85009765625,1704050000
2012-10-04,3149.4599609375,3153.47998046875,3132.56005859375,3142.3798828125,1585190000
2012-10-05,3136.18994140625,3171.4599609375,3130.760009765625,3161.2099609375,1607940000
2012-10-08,3112.35009765625,3125.489990234375,3107.570068359375,3121.330078125,1186260000
2012-10-09,3065.02001953125,3108.010009765625,3062.52001953125,3108.010009765625,1645740000
2012-10-10,3051.780029296875,3071.570068359375,3046.780029296875,3066.25,1788970000
2012-10-11,3049.409912109375,3078.080078125,3047.139892578125,3075.889892578125,1595020000
2012-10-12,3044.110107421875,3061.77001953125,3039.580078125,3049.080078125,1524840000
2012-10-15,3064.179931640625,3066.31005859375,3037.27001953125,3053.2099609375,1563440000
2012-10-16,3101.169921875,3102.969970703125,3070.25,3073.2099609375,1736930000
2012-10-17,3104.1201171875,3112.449951171875,3088.050048828125,3091.3798828125,1770920000
2012-10-18,3072.8701171875,3102.56005859375,3065.239990234375,3097.77001953125,2043290000
2012-10-19,3005.6201171875,3066.56005859375,3000.27001953125,3066.56005859375,2225580000
2012-10-22,3016.9599609375,3020.610107421875,2995.780029296875,3005.919921875,1654130000
2012-10-23,2990.4599609375,3006.590087890625,2974.070068359375,2989.43994140625,1830840000
2012-10-24,2981.699951171875,3012.949951171875,2978.72998046875,3011.820068359375,1967000000
2012-10-25,2986.1201171875,3007.7099609375,2975.97998046875,3005.0400390625,1922660000
2012-10-26,2987.949951171875,2999.139892578125,2961.159912109375,2986.050048828125,1839700000
2012-10-31,2977.22998046875,2989.699951171875,2964.93994140625,2986.85009765625,1806780000
2012-11-01,3020.06005859375,3021.93994140625,2984.219970703125,2987.5400390625,1880140000
2012-11-02,2982.1298828125,3033.85009765625,2981.68994140625,3033.85009765625,1834590000
2012-11-05,2999.659912109375,3004.8701171875,2975.85009765625,2983.030029296875,1496210000
2012-11-06,3011.929931640625,3024.43994140625,2998.929931640625,3003.7099609375,1782430000
2012-11-07,2937.2900390625,2977.81005859375,2926.7900390625,2976.4599609375,2059690000
2012-11-08,2895.580078125,2949.699951171875,2895.580078125,2942.090087890625,1876420000
2012-11-09,2904.8701171875,2931.110107421875,2889.81005859375,2892.570068359375,1802580000
2012-11-12,2904.25,2920.010009765625,2896.550048828125,2916.3798828125,1379240000
2012-11-13,2883.889892578125,2909.0,2877.06005859375,2880.77001953125,1816260000
2012-11-14,2846.81005859375,2900.10009765625,2842.860107421875,2896.81005859375,2106590000
2012-11-15,2836.93994140625,2855.639892578125,2826.75,2847.840087890625,2010300000
2012-11-16,2853.1298828125,2859.570068359375,2810.800048828125,2838.89990234375,2187730000
2012-11-19,2916.070068359375,2916.070068359375,2884.75,2886.0,1767240000
2012-11-20,2916.679931640625,2919.9599609375,2893.3798828125,2910.72998046875,1588750000
2012-11-21,2926.550048828125,2928.169921875,2912.419921875,2919.139892578125,1430060000
2012-11-23,2966.85009765625,2967.18994140625,2940.679931640625,2943.6201171875,792750000
2012-11-26,2976.780029296875,2976.929931640625,2951.72998046875,2961.02001953125,1641710000
2012-11-27,2967.7900390625,2985.320068359375,2965.1298828125,2974.56005859375,1763320000
2012-11-28,2991.780029296875,2992.169921875,2935.8798828125,2952.02001953125,1725550000
2012-11-29,3012.030029296875,3017.179931640625,2996.300048828125,3005.409912109375,1758440000
2012-11-30,3010.239990234375,3014.25,2999.719970703125,3013.25,2194240000
2012-12-03,3002.199951171875,3030.280029296875,2999.570068359375,3029.2099609375,1667330000
2012-12-04,2996.68994140625,3002.89990234375,2980.929931640625,3000.43994140625,1781760000
2012-12-05,2973.699951171875,2994.72998046875,2958.260009765625,2993.199951171875,1800820000
2012-12-06,2989.27001953125,2996.530029296875,2962.02001953125,2967.989990234375,1713460000
2012-12-07,2978.0400390625,3003.27001953125,2968.820068359375,2999.68994140625,1613570000
2012-12-10,2986.9599609375,2997.639892578125,2971.56005859375,2973.18994140625,1528430000
2012-12-11,3022.300048828125,3033.139892578125,3003.820068359375,3005.429931640625,1921860000
2012-12-12,3013.81005859375,3035.18994140625,3008.489990234375,3033.929931640625,1756220000
2012-12-13,2992.159912109375,3026.510009765625,2982.6298828125,3007.830078125,1833990000
2012-12-14,2971.330078125,2985.330078125,2963.800048828125,2976.949951171875,1786980000
2012-12-17,3010.60009765625,3011.219970703125,2973.5400390625,2975.5,1911420000
2012-12-18,3054.530029296875,3056.64990234375,3016.39990234375,3020.820068359375,2022130000
2012-12-19,3044.360107421875,3061.820068359375,3044.360107421875,3059.030029296875,1933270000
2012-12-20,3050.389892578125,3053.530029296875,3034.14990234375,3050.300048828125,1691190000
2012-12-21,3021.010009765625,3022.18994140625,2995.1298828125,2998.60009765625,2843090000
2012-12-24,3012.60009765625,3016.179931640625,3008.530029296875,3013.889892578125,614230000
2012-12-26,2990.159912109375,3018.64990234375,2983.35009765625,3013.1298828125,1059190000
2012-12-27,2985.909912109375,2993.659912109375,2951.0400390625,2989.8701171875,1342790000
2012-12-28,2960.31005859375,2985.469970703125,2959.3701171875,2965.1201171875,1143530000
2012-12-31,3019.510009765625,3021.409912109375,2953.52001953125,2955.449951171875,1557230000
2013-01-02,3112.260009765625,3112.64990234375,3083.489990234375,3091.330078125,2111300000
2013-01-03,3100.570068359375,3118.179931640625,3092.280029296875,3108.489990234375,1769420000
2013-01-04,3101.659912109375,3108.43994140625,3090.81005859375,3100.8798828125,1745140000
2013-01-07,3098.81005859375,3102.35009765625,3083.8798828125,3089.169921875,1702540000
2013-01-08,3091.81005859375,3103.389892578125,3076.60009765625,3098.4599609375,1744380000
2013-01-09,3105.81005859375,3111.219970703125,3096.340087890625,3099.64990234375,1732510000
2013-01-10,3121.760009765625,3127.719970703125,3098.469970703125,3125.639892578125,1754240000
2013-01-11,3125.6298828125,3126.590087890625,3114.10009765625,3122.1201171875,1772600000
2013-01-14,3117.5,3123.47998046875,3104.080078125,3113.64990234375,1876050000
2013-01-15,3110.780029296875,3112.2900390625,3093.320068359375,3101.06005859375,1852870000
2013-01-16,3117.5400390625,3124.64990234375,3106.7900390625,3110.719970703125,1692380000
2013-01-17,3136.0,3144.050048828125,3125.7900390625,3130.489990234375,1766510000
2013-01-18,3134.7099609375,3134.72998046875,3119.199951171875,3127.909912109375,1860070000
2013-01-22,3143.179931640625,3143.179931640625,3121.5400390625,3135.6298828125,1790730000
2013-01-23,3153.669921875,3161.06005859375,3149.739990234375,3155.820068359375,1698190000
2013-01-24,3130.3798828125,3153.56005859375,3124.449951171875,3125.669921875,2046990000
2013-01-25,3149.7099609375,3156.199951171875,3135.860107421875,3140.64990234375,1920250000
2013-01-28,3154.300048828125,3161.830078125,3144.889892578125,3152.169921875,1935590000
2013-01-29,3153.659912109375,3156.93994140625,3133.110107421875,3149.6201171875,2050670000
2013-01-30,3142.31005859375,3164.06005859375,3135.830078125,3157.429931640625,2014350000
2013-01-31,3142.1298828125,3154.179931640625,3136.820068359375,3140.669921875,2190840000
2013-02-01,3179.10009765625,3183.139892578125,3154.909912109375,3162.93994140625,2012930000
2013-02-04,3131.169921875,3169.6298828125,3130.570068359375,3161.719970703125,1874750000
2013-02-05,3171.580078125,3178.52001953125,3136.820068359375,3140.89990234375,2150080000
2013-02-06,3168.47998046875,3174.820068359375,3157.35009765625,3159.3798828125,2002740000
2013-02-07,3165.1298828125,3170.419921875,3135.97998046875,3167.43994140625,1955960000
2013-02-08,3193.8701171875,3196.889892578125,3177.179931640625,3178.06005859375,1816480000
2013-02-11,3192.0,3194.010009765625,3182.18994140625,3192.530029296875,1551370000
2013-02-12,3186.489990234375,3196.919921875,3184.840087890625,3190.72998046875,1786800000
2013-02-13,3196.8798828125,3205.52001953125,3187.06005859375,3195.340087890625,1822450000
2013-02-14,3198.659912109375,3202.330078125,3182.389892578125,3182.739990234375,1924900000
2013-02-15,3192.030029296875,3206.2099609375,3184.030029296875,3202.840087890625,1858670000
2013-02-19,3213.590087890625,3213.60009765625,3194.919921875,3197.4599609375,1843840000
2013-02-20,3164.409912109375,3213.25,3163.949951171875,3211.989990234375,2001800000
2013-02-21,3131.489990234375,3155.18994140625,3118.6201171875,3154.8798828125,2052630000
2013-02-22,3161.820068359375,3161.820068359375,3139.550048828125,3149.090087890625,1581500000
2013-02-25,3116.25,3186.25,3116.25,3180.590087890625,1930990000
2013-02-26,3129.64990234375,3135.570068359375,3105.360107421875,3126.22998046875,1847750000
2013-02-27,3162.260009765625,3177.800048828125,3127.27001953125,3129.719970703125,1727260000
2013-02-28,3160.18994140625,3182.60009765625,3159.719970703125,3161.429931640625,2022530000
2013-03-01,3169.739990234375,3171.5,3129.39990234375,3143.5400390625,1870250000
2013-03-04,3182.030029296875,3182.27001953125,3154.7900390625,3159.4599609375,1718290000
2013-03-05,3224.1298828125,3227.31005859375,3200.27001953125,3200.3798828125,1891510000
2013-03-06,3222.3701171875,3233.43994140625,3217.669921875,3233.31005859375,1764020000
2013-03-07,3232.090087890625,3235.10009765625,3221.469970703125,3224.5,1675640000
2013-03-08,3244.3701171875,3248.699951171875,3227.889892578125,3245.85009765625,1611700000
2013-03-11,3252.8701171875,3252.8701171875,3233.669921875,3237.739990234375,1628500000
2013-03-12,3242.320068359375,3249.780029296875,3229.919921875,3244.85009765625,1673740000
2013-03-13,3245.1201171875,3251.449951171875,3230.6201171875,3243.0400390625,1577280000
2013-03-14,3258.929931640625,3258.929931640625,3250.239990234375,3253.0,1651650000
2013-03-15,3249.070068359375,3260.6201171875,3242.64990234375,3260.4599609375,2305230000
2013-03-18,3237.590087890625,3249.3701171875,3211.10009765625,3215.7099609375,1550510000
2013-03-19,3229.10009765625,3252.60009765625,3205.419921875,3246.699951171875,1690680000
2013-03-20,3254.18994140625,3257.989990234375,3240.89990234375,3251.909912109375,1599120000
2013-03-21,3222.60009765625,3237.570068359375,3215.68994140625,3228.169921875,1692260000
2013-03-22,3245.0,3247.93994140625,3230.860107421875,3235.300048828125,1681360000
2013-03-25,3235.300048828125,3263.6298828125,3222.47998046875,3255.85009765625,1666010000
2013-03-26,3252.47998046875,3252.929931640625,3239.919921875,3249.949951171875,1444500000
2013-03-27,3256.52001953125,3258.260009765625,3227.02001953125,3230.760009765625,1420130000
2013-03-28,3267.52001953125,3270.300048828125,3253.2099609375,3257.320068359375,1636800000
2013-04-01,3239.169921875,3270.22998046875,3230.570068359375,3268.6298828125,1481360000
2013-04-02,3254.860107421875,3267.929931640625,3245.409912109375,3252.550048828125,1580800000
2013-04-03,3218.60009765625,3260.14990234375,3210.389892578125,3257.3798828125,1813910000
2013-04-04,3224.97998046875,3226.239990234375,3206.02001953125,3219.110107421875,1475720000
2013-04-05,3203.860107421875,3206.2099609375,3168.8798828125,3174.0,1594090000
2013-04-08,3222.25,3222.260009765625,3195.570068359375,3207.14990234375,1323520000
2013-04-09,3237.860107421875,3249.949951171875,3215.02001953125,3229.81005859375,1498130000
2013-04-10,3297.25,3299.159912109375,3245.800048828125,3246.06005859375,1769870000
2013-04-11,3300.159912109375,3306.949951171875,3287.739990234375,3289.590087890625,1829170000
2013-04-12,3294.949951171875,3296.5,3271.02001953125,3292.389892578125,1471180000
2013-04-15,3216.489990234375,3283.39990234375,3213.4599609375,3277.580078125,1779320000
2013-04-16,3264.6298828125,3265.840087890625,3231.449951171875,3239.050048828125,1515400000
2013-04-17,3204.669921875,3236.97998046875,3186.080078125,3236.25,1902730000
2013-04-18,3166.360107421875,3212.969970703125,3154.9599609375,3212.239990234375,1766000000
2013-04-19,3206.06005859375,3210.030029296875,3168.330078125,3169.320068359375,1738850000
2013-04-22,3233.550048828125,3241.159912109375,3198.739990234375,3217.39990234375,1628340000
2013-04-23,3269.330078125,3275.889892578125,3241.52001953125,3252.800048828125,1684770000
2013-04-24,3269.64990234375,3277.1201171875,3255.43994140625,3262.2099609375,1738590000
2013-04-25,3289.989990234375,3301.280029296875,3279.2900390625,3279.820068359375,2012230000
2013-04-26,3279.260009765625,3287.47998046875,3268.030029296875,3284.070068359375,1721970000
2013-04-29,3307.02001953125,3315.330078125,3289.419921875,3290.31005859375,1594110000
2013-04-30,3328.7900390625,3328.7900390625,3298.580078125,3308.050048828125,1984270000
2013-05-01,3299.1298828125,3330.02001953125,3296.5,3325.35009765625,1884600000
2013-05-02,3340.6201171875,3344.89990234375,3305.81005859375,3306.14990234375,1757480000
2013-05-03,3378.6298828125,3388.1201171875,3370.300048828125,3371.409912109375,1745570000
2013-05-06,3392.969970703125,3396.2099609375,3381.43994140625,3382.330078125,1500410000
2013-05-07,3396.6298828125,3402.239990234375,3381.0400390625,3398.840087890625,1709800000
2013-05-08,3413.27001953125,3413.27001953125,3389.800048828125,3394.889892578125,1756400000
2013-05-09,3409.169921875,3428.5400390625,3403.429931640625,3408.93994140625,1826220000
2013-05-10,3436.580078125,3436.60009765625,3411.590087890625,3414.840087890625,1689730000
2013-05-13,3438.7900390625,3447.10009765625,3426.669921875,3429.530029296875,1615510000
2013-05-14,3462.610107421875,3468.669921875,3439.719970703125,3439.719970703125,1820520000
2013-05-15,3471.6201171875,3475.47998046875,3452.31005859375,3455.669921875,1843910000
2013-05-16,3465.239990234375,3485.949951171875,3462.239990234375,3473.159912109375,1945760000
2013-05-17,3498.969970703125,3499.199951171875,3473.0400390625,3483.409912109375,1828610000
2013-05-20,3496.429931640625,3509.409912109375,3488.1298828125,3490.4599609375,1745260000
2013-05-21,3502.1201171875,3512.14990234375,3486.8798828125,3495.4599609375,1776780000
2013-05-22,3463.300048828125,3532.0400390625,3446.9599609375,3503.47998046875,2179330000
2013-05-23,3459.419921875,3467.1298828125,3422.510009765625,3426.070068359375,1820670000
2013-05-24,3459.139892578125,3459.469970703125,3429.31005859375,3438.280029296875,1449210000
2013-05-28,3488.889892578125,3514.800048828125,3475.389892578125,3497.89990234375,1748070000
2013-05-29,3467.52001953125,3479.530029296875,3450.39990234375,3471.669921875,1794650000
2013-05-30,3491.300048828125,3503.820068359375,3473.0400390625,3473.2099609375,1737320000
2013-05-31,3455.909912109375,3500.669921875,3455.840087890625,3478.219970703125,1968270000
2013-06-03,3465.3701171875,3465.840087890625,3419.389892578125,3460.760009765625,2054100000
2013-06-04,3445.260009765625,3482.75,3430.02001953125,3467.02001953125,1871640000
2013-06-05,3401.47998046875,3446.14990234375,3397.909912109375,3432.85009765625,1813890000
2013-06-06,3424.050048828125,3424.050048828125,3378.239990234375,3404.409912109375,1802700000
2013-06-07,3469.219970703125,3471.72998046875,3429.429931640625,3437.840087890625,1646810000
2013-06-10,3473.77001953125,3484.81005859375,3465.5400390625,3475.679931640625,1556520000
2013-06-11,3436.949951171875,3466.570068359375,3426.570068359375,3436.6201171875,1560370000
2013-06-12,3400.429931640625,3459.179931640625,3395.909912109375,3458.139892578125,1630200000
2013-06-13,3445.360107421875,3451.030029296875,3387.610107421875,3398.5400390625,1584740000
2013-06-14,3423.56005859375,3448.39990234375,3419.320068359375,3442.31005859375,1458030000
2013-06-17,3452.1298828125,3468.56005859375,3436.340087890625,3449.969970703125,1581830000
2013-06-18,3482.179931640625,3488.31005859375,3456.090087890625,3456.2900390625,1675090000
2013-06-19,3443.199951171875,3485.449951171875,3443.199951171875,3483.590087890625,1649200000
2013-06-20,3364.639892578125,3412.93994140625,3355.929931640625,3405.139892578125,2041500000
2013-06-21,3357.25,3377.300048828125,3326.860107421875,3367.81005859375,2921900000
2013-06-24,3320.760009765625,3344.659912109375,3294.949951171875,3326.3798828125,2030960000
2013-06-25,3347.889892578125,3358.31005859375,3327.68994140625,3350.590087890625,1657280000
2013-06-26,3376.219970703125,3383.699951171875,3365.47998046875,3375.699951171875,1671280000
2013-06-27,3401.860107421875,3412.7900390625,3395.409912109375,3395.7900390625,1689800000
2013-06-28,3403.25,3422.199951171875,3382.75,3389.300048828125,3630410000
2013-07-01,3434.489990234375,3454.429931640625,3430.31005859375,3430.47998046875,1586750000
2013-07-02,3433.39990234375,3453.2900390625,3415.22998046875,3430.68994140625,1685190000
2013-07-03,3443.669921875,3455.419921875,3417.8798828125,3420.27001953125,935980000
2013-07-05,3479.3798828125,3479.4599609375,3441.780029296875,3468.47998046875,1254400000
2013-07-08,3484.830078125,3495.510009765625,3475.389892578125,3493.81005859375,1521720000
2013-07-09,3504.260009765625,3508.81005859375,3484.7900390625,3501.25,1633520000
2013-07-10,3520.760009765625,3522.989990234375,3502.0,3502.110107421875,1567340000
2013-07-11,3578.300048828125,3579.2900390625,3552.52001953125,3557.7900390625,1744210000
2013-07-12,3600.080078125,3600.080078125,3576.570068359375,3579.580078125,1615820000
2013-07-15,3607.489990234375,3609.590087890625,3591.5400390625,3601.090087890625,1449130000
2013-07-16,3598.5,3611.35009765625,3589.64990234375,3611.0,1590540000
2013-07-17,3610.0,3615.7900390625,3600.68994140625,3608.1298828125,1564340000
2013-07-18,3611.280029296875,3624.5400390625,3607.090087890625,3610.030029296875,1719390000
2013-07-19,3587.610107421875,3589.050048828125,3578.570068359375,3581.89990234375,1785460000
2013-07-22,3600.389892578125,3601.919921875,3587.4599609375,3599.8701171875,1507010000
2013-07-23,3579.27001953125,3606.699951171875,3576.9599609375,3606.699951171875,1620350000
2013-07-24,3579.60009765625,3606.280029296875,3573.530029296875,3605.260009765625,1856660000
2013-07-25,3605.18994140625,3606.18994140625,3579.199951171875,3589.4599609375,2203970000
2013-07-26,3613.159912109375,3613.330078125,3581.260009765625,3584.85009765625,1796060000
2013-07-29,3599.139892578125,3618.860107421875,3592.800048828125,3604.2900390625,1545720000
2013-07-30,3616.469970703125,3629.1201171875,3606.330078125,3612.360107421875,1763580000
2013-07-31,3626.3701171875,3649.35009765625,3624.77001953125,3627.659912109375,1942380000
2013-08-01,3675.739990234375,3678.5,3653.739990234375,3654.179931640625,1863290000
2013-08-02,3689.590087890625,3689.590087890625,3663.8798828125,3671.110107421875,1683270000
2013-08-05,3692.949951171875,3694.18994140625,3681.340087890625,3682.669921875,1471860000
2013-08-06,3665.77001953125,3690.320068359375,3654.669921875,3685.389892578125,1444200000
2013-08-07,3654.010009765625,3663.199951171875,3633.590087890625,3658.530029296875,1659780000
2013-08-08,3669.1201171875,3675.7099609375,3649.639892578125,3672.2099609375,1702950000
2013-08-09,3660.110107421875,3677.830078125,3649.68994140625,3664.27001953125,1546570000
2013-08-12,3669.949951171875,3673.510009765625,3645.389892578125,3645.780029296875,1422420000
2013-08-13,3684.43994140625,3691.06005859375,3648.820068359375,3675.3701171875,1644730000
2013-08-14,3669.27001953125,3686.550048828125,3668.739990234375,3683.969970703125,1589370000
2013-08-15,3606.1201171875,3626.77001953125,3600.9599609375,3625.360107421875,1742510000
2013-08-16,3602.780029296875,3621.4599609375,3598.64990234375,3603.780029296875,1520430000
2013-08-19,3589.090087890625,3623.47998046875,3589.030029296875,3601.8798828125,1381050000
2013-08-20,3613.590087890625,3625.260009765625,3593.139892578125,3596.77001953125,1308280000
2013-08-21,3599.7900390625,3630.22998046875,3589.02001953125,3603.679931640625,1438510000
2013-08-22,3638.7099609375,3639.2099609375,3613.929931640625,3614.139892578125,927400000
2013-08-23,3657.7900390625,3660.659912109375,3643.860107421875,3659.2099609375,1499890000
2013-08-26,3657.570068359375,3684.219970703125,3652.260009765625,3661.81005859375,1404230000
2013-08-27,3578.52001953125,3629.949951171875,3573.570068359375,3616.06005859375,1640040000
2013-08-28,3593.35009765625,3607.360107421875,3578.800048828125,3579.110107421875,1370650000
2013-08-29,3620.300048828125,3635.840087890625,3587.070068359375,3587.070068359375,1344900000
2013-08-30,3589.8701171875,3621.780029296875,3581.050048828125,3621.590087890625,1328320000
2013-09-03,3612.610107421875,3637.06005859375,3593.6201171875,3622.639892578125,1628810000
2013-09-04,3649.0400390625,3651.780029296875,3612.219970703125,3619.050048828125,1855980000
2013-09-05,3658.780029296875,3665.010009765625,3651.169921875,3652.43994140625,1550180000
2013-09-06,3660.010009765625,3677.070068359375,3618.77001953125,3672.820068359375,1647310000
2013-09-09,3706.179931640625,3708.419921875,3675.1201171875,3675.1201171875,1664290000
2013-09-10,3729.02001953125,3729.3798828125,3716.43994140625,3724.669921875,1842570000
2013-09-11,3725.010009765625,3726.590087890625,3704.219970703125,3710.7900390625,1722380000
2013-09-12,3715.969970703125,3731.840087890625,3713.080078125,3724.530029296875,1653860000
2013-09-13,3722.179931640625,3724.72998046875,3701.8798828125,3723.27001953125,1460190000
2013-09-16,3717.85009765625,3756.239990234375,3712.469970703125,3755.0,1542500000
2013-09-17,3745.699951171875,3747.080078125,3724.260009765625,3725.31005859375,1338800000
2013-09-18,3783.639892578125,3790.699951171875,3737.68994140625,3751.2900390625,1828820000
2013-09-19,3789.3798828125,3798.159912109375,3781.590087890625,3794.699951171875,1775980000
2013-09-20,3774.72998046875,3798.760009765625,3774.110107421875,3796.280029296875,2711270000
2013-09-23,3765.2900390625,3787.139892578125,3745.5400390625,3786.840087890625,1728620000
2013-09-24,3768.25,3789.85009765625,3753.0400390625,3771.60009765625,1810950000
2013-09-25,3761.10009765625,3782.919921875,3754.93994140625,3772.590087890625,1821790000
2013-09-26,3787.429931640625,3795.719970703125,3772.800048828125,3774.949951171875,1817960000
2013-09-27,3781.590087890625,3788.35009765625,3762.669921875,3767.889892578125,1699720000
2013-09-30,3771.47998046875,3780.969970703125,3734.739990234375,3737.60009765625,1895760000
2013-10-01,3817.97998046875,3817.97998046875,3774.179931640625,3774.179931640625,1843320000
2013-10-02,3815.02001953125,3819.280029296875,3788.449951171875,3793.110107421875,1792980000
2013-10-03,3774.340087890625,3816.9599609375,3753.169921875,3809.89990234375,1884340000
2013-10-04,3807.75,3812.860107421875,3773.39990234375,3774.719970703125,1549600000
2013-10-07,3770.3798828125,3800.080078125,3769.75,3776.639892578125,1475990000
2013-10-08,3694.830078125,3772.489990234375,3694.14990234375,3772.219970703125,2087580000
2013-10-09,3677.780029296875,3702.14990234375,3650.030029296875,3701.6201171875,2242700000
2013-10-10,3760.75,3764.719970703125,3721.110107421875,3721.580078125,1902410000
2013-10-11,3791.8701171875,3794.3701171875,3751.3798828125,3753.219970703125,1750350000
2013-10-14,3815.280029296875,3816.409912109375,3766.280029296875,3767.489990234375,1455160000
2013-10-15,3794.010009765625,3824.43994140625,3789.679931640625,3810.719970703125,1745560000
2013-10-16,3839.429931640625,3840.47998046875,3814.14990234375,3815.0,1744000000
2013-10-17,3863.14990234375,3863.489990234375,3821.429931640625,3822.85009765625,1975140000
2013-10-18,3914.280029296875,3914.929931640625,3882.06005859375,3893.360107421875,1943090000
2013-10-21,3920.050048828125,3931.449951171875,3909.909912109375,3922.64990234375,1674470000
2013-10-22,3929.570068359375,3947.669921875,3904.06005859375,3935.5400390625,1890500000
2013-10-23,3907.070068359375,3911.639892578125,3887.669921875,3907.300048828125,1915030000
2013-10-24,3928.9599609375,3932.60009765625,3907.5400390625,3911.610107421875,2054350000
2013-10-25,3943.360107421875,3961.10009765625,3927.5,3955.97998046875,2225780000
2013-10-28,3940.1298828125,3947.580078125,3927.090087890625,3942.56005859375,1904810000
2013-10-29,3952.340087890625,3957.1201171875,3934.93994140625,3954.340087890625,1897380000
2013-10-30,3930.6201171875,3966.7099609375,3919.139892578125,3962.39990234375,1923000000
2013-10-31,3919.7099609375,3945.0400390625,3909.260009765625,3924.340087890625,2139650000
2013-11-01,3922.0400390625,3938.47998046875,3904.199951171875,3932.449951171875,1949460000
2013-11-04,3936.590087890625,3937.5,3919.4599609375,3932.60009765625,1817880000
2013-11-05,3939.860107421875,3947.27001953125,3909.6298828125,3925.06005859375,1934630000
2013-11-06,3931.949951171875,3955.969970703125,3920.909912109375,3952.179931640625,2020160000
2013-11-07,3857.330078125,3938.330078125,3855.070068359375,3935.81005859375,2303320000
2013-11-08,3919.22998046875,3919.22998046875,3869.1201171875,3871.239990234375,1981740000
2013-11-11,3919.7900390625,3925.340087890625,3904.719970703125,3913.639892578125,1595340000
2013-11-12,3919.919921875,3922.27001953125,3902.669921875,3907.820068359375,1776860000
2013-11-13,3965.580078125,3965.580078125,3899.31005859375,3899.3798828125,1827220000
2013-11-14,3972.739990234375,3975.889892578125,3949.010009765625,3956.469970703125,1965350000
2013-11-15,3985.969970703125,3985.969970703125,3969.219970703125,3978.27001953125,1899150000
2013-11-18,3949.070068359375,3994.969970703125,3942.85009765625,3990.06005859375,1829870000
2013-11-19,3931.550048828125,3960.43994140625,3923.469970703125,3945.97998046875,1747840000
2013-11-20,3921.27001953125,3952.080078125,3911.610107421875,3940.97998046875,1721160000
2013-11-21,3969.159912109375,3970.909912109375,3936.820068359375,3938.110107421875,1684250000
2013-11-22,3991.64990234375,3991.659912109375,3973.0,3977.31005859375,1730280000
2013-11-25,3994.570068359375,4007.090087890625,3987.159912109375,4004.3701171875,1795760000
2013-11-26,4017.75,4026.989990234375,3989.489990234375,3996.699951171875,1907680000
2013-11-27,4044.75,4045.81005859375,4023.64990234375,4026.919921875,1477020000
2013-11-29,4059.889892578125,4069.699951171875,4055.449951171875,4057.159912109375,853500000
2013-12-02,4045.260009765625,4068.489990234375,4040.8798828125,4065.659912109375,1680380000
2013-12-03,4037.199951171875,4050.080078125,4022.1201171875,4038.989990234375,1875010000
2013-12-04,4038.0,4051.739990234375,4004.760009765625,4020.330078125,1886970000
2013-12-05,4033.169921875,4043.7099609375,4025.260009765625,4037.989990234375,1880950000
2013-12-06,4062.52001953125,4069.860107421875,4042.35009765625,4069.860107421875,1727130000
2013-12-09,4068.75,4081.780029296875,4063.5,4073.75,1717120000
2013-12-10,4060.489990234375,4074.010009765625,4056.489990234375,4061.169921875,1864860000
2013-12-11,4003.81005859375,4065.080078125,3998.919921875,4061.669921875,1923520000
2013-12-12,3998.39990234375,4013.5400390625,3993.570068359375,4004.75,1893270000
2013-12-13,4000.97998046875,4017.449951171875,3992.2900390625,4015.530029296875,1615340000
2013-12-16,4029.52001953125,4043.0,4019.139892578125,4019.3701171875,1943830000
2013-12-17,4023.679931640625,4034.68994140625,4011.580078125,4028.8798828125,1861130000
2013-12-18,4070.06005859375,4070.3798828125,3979.590087890625,4024.669921875,2178330000
2013-12-19,4058.139892578125,4063.699951171875,4045.409912109375,4059.340087890625,1813050000
2013-12-20,4104.740234375,4111.93017578125,4064.72998046875,4064.889892578125,3510420000
2013-12-23,4148.89990234375,4149.31005859375,4127.72021484375,4136.14990234375,1779400000
2013-12-24,4155.419921875,4155.6201171875,4147.14990234375,4150.64013671875,802270000
2013-12-26,4167.18017578125,4169.97021484375,4158.58984375,4164.2099609375,1180670000
2013-12-27,4156.58984375,4175.35986328125,4153.64013671875,4173.35986328125,1255020000
2013-12-30,4154.2001953125,4158.72998046875,4142.18017578125,4153.580078125,1349470000
2013-12-31,4176.58984375,4177.72998046875,4160.77001953125,4161.509765625,1401140000
2014-01-02,4143.06982421875,4160.9599609375,4131.7900390625,4160.02978515625,1738820000
2014-01-03,4131.91015625,4152.9599609375,4124.9599609375,4148.56005859375,1667480000
2014-01-06,4113.68017578125,4139.77978515625,4103.75,4137.02978515625,2292840000
2014-01-07,4153.18017578125,4158.18017578125,4126.47998046875,4128.56982421875,2278220000
2014-01-08,4165.60986328125,4171.75,4145.0,4154.27978515625,2345220000
2014-01-09,4156.18994140625,4182.740234375,4142.7001953125,4179.0400390625,2214770000
2014-01-10,4174.669921875,4174.68017578125,4142.2099609375,4168.93994140625,2143070000
2014-01-13,4113.2998046875,4179.47021484375,4097.990234375,4167.41015625,2322240000
2014-01-14,4183.02001953125,4183.83984375,4125.81005859375,4129.60009765625,2034180000
2014-01-15,4214.8798828125,4218.7900390625,4195.97998046875,4196.52978515625,2101870000
2014-01-16,4218.68994140625,4219.27978515625,4204.16015625,4209.58984375,2005850000
2014-01-17,4197.580078125,4217.240234375,4187.31005859375,4207.81982421875,2150370000
2014-01-21,4225.759765625,4227.93017578125,4193.169921875,4222.97998046875,2034030000
2014-01-22,4243.0,4246.5498046875,4225.52001953125,4234.580078125,2026910000
2014-01-23,4218.8798828125,4224.43994140625,4192.27978515625,4224.35986328125,2191980000
2014-01-24,4128.169921875,4197.93017578125,4128.169921875,4194.97021484375,2489470000
2014-01-27,4083.610107421875,4136.4599609375,4052.6298828125,4132.22021484375,2398280000
2014-01-28,4097.9599609375,4099.81005859375,4067.68994140625,4067.860107421875,2091180000
2014-01-29,4051.429931640625,4091.27001953125,4044.760009765625,4060.610107421875,2231850000
2014-01-30,4123.1298828125,4135.83984375,4094.169921875,4098.81005859375,2168410000
2014-01-31,4103.8798828125,4124.919921875,4067.610107421875,4068.6298828125,2300570000
2014-02-03,3996.9599609375,4113.5498046875,3989.949951171875,4105.06005859375,2617030000
2014-02-04,4031.52001953125,4044.199951171875,4004.580078125,4019.43994140625,2173360000
2014-02-05,4011.550048828125,4026.280029296875,3968.18994140625,4015.5,2168360000
2014-02-06,4057.1201171875,4064.06005859375,4022.169921875,4022.659912109375,1942700000
2014-02-07,4125.85986328125,4126.509765625,4069.929931640625,4081.820068359375,2055850000
2014-02-10,4148.169921875,4148.2998046875,4122.60986328125,4125.1201171875,1811970000
2014-02-11,4191.0498046875,4198.509765625,4153.10009765625,4154.66015625,1993950000
2014-02-12,4201.2900390625,4212.60986328125,4190.39013671875,4196.85009765625,2035890000
2014-02-13,4240.669921875,4240.669921875,4170.47021484375,4171.580078125,2249990000
2014-02-14,4244.02001953125,4250.91015625,4225.75,4237.0,1881510000
2014-02-18,4272.77978515625,4277.330078125,4243.56005859375,4253.7099609375,1886210000
2014-02-19,4237.9501953125,4274.2900390625,4232.3798828125,4260.740234375,1956720000
2014-02-20,4267.5498046875,4272.33984375,4226.75,4241.4599609375,1992780000
2014-02-21,4263.41015625,4284.85009765625,4261.6298828125,4282.169921875,2138250000
2014-02-24,4292.97021484375,4311.1298828125,4272.10986328125,4273.31982421875,2161300000
2014-02-25,4287.58984375,4307.509765625,4275.7998046875,4298.47998046875,2137150000
2014-02-26,4292.06005859375,4316.81982421875,4278.5400390625,4300.4501953125,2108270000
2014-02-27,4318.93017578125,4322.4599609375,4284.77978515625,4291.47021484375,2049160000
2014-02-28,4308.1201171875,4342.58984375,4275.60986328125,4323.52001953125,2617730000
2014-03-03,4277.2998046875,4284.14990234375,4239.64990234375,4261.419921875,2077500000
2014-03-04,4351.97021484375,4357.2099609375,4327.5400390625,4327.85009765625,2477850000
2014-03-05,4357.97021484375,4362.5,4344.14990234375,4352.759765625,2215980000
2014-03-06,4352.1298828125,4371.7099609375,4341.0,4368.81005859375,2136260000
2014-03-07,4336.22021484375,4371.39013671875,4319.14990234375,4370.97998046875,2175560000
2014-03-10,4334.4501953125,4339.93017578125,4307.83984375,4332.6201171875,2111610000
2014-03-11,4307.18994140625,4354.43017578125,4295.47021484375,4342.93017578125,2477780000
2014-03-12,4323.330078125,4323.330078125,4270.22021484375,4288.60009765625,2131880000
2014-03-13,4260.419921875,4339.89990234375,4242.9501953125,4338.259765625,2383600000
2014-03-14,4245.39990234375,4272.33984375,4241.93994140625,4250.4501953125,2196890000
2014-03-17,4279.9501953125,4301.27978515625,4273.009765625,4274.22021484375,1810410000
2014-03-18,4333.31005859375,4334.66015625,4284.10986328125,4286.22021484375,1962890000
2014-03-19,4307.60009765625,4334.2998046875,4283.5400390625,4331.4599609375,1992750000
2014-03-20,4319.2900390625,4329.60986328125,4287.41015625,4297.990234375,1847270000
2014-03-21,4276.7900390625,4344.39013671875,4268.33984375,4339.89990234375,3245740000
2014-03-24,4226.39013671875,4289.490234375,4190.60986328125,4289.490234375,2434650000
2014-03-25,4234.27001953125,4274.31982421875,4203.64013671875,4252.64990234375,2270760000
2014-03-26,4173.580078125,4263.06982421875,4173.580078125,4254.97998046875,2455460000
2014-03-27,4151.22998046875,4186.1298828125,4131.81005859375,4169.35009765625,2270650000
2014-03-28,4155.759765625,4203.490234375,4144.68994140625,4163.18017578125,2029840000
2014-03-31,4198.990234375,4212.97021484375,4180.5400390625,4185.6298828125,2090850000
2014-04-01,4268.0400390625,4268.2001953125,4218.77001953125,4219.8701171875,2153130000
2014-04-02,4276.4599609375,4286.08984375,4258.85986328125,4281.60986328125,2187100000
2014-04-03,4237.740234375,4284.68994140625,4216.56982421875,4282.18017578125,2067370000
2014-04-04,4127.72998046875,4267.06005859375,4118.7099609375,4263.93994140625,2621270000
2014-04-07,4079.75,4133.68017578125,4052.139892578125,4110.919921875,2554680000
2014-04-08,4112.990234375,4120.240234375,4066.110107421875,4085.179931640625,2198900000
2014-04-09,4183.89990234375,4185.18994140625,4121.169921875,4129.6298828125,1957560000
2014-04-10,4054.110107421875,4182.60986328125,4042.760009765625,4181.2099609375,2421210000
2014-04-11,3999.72998046875,4067.219970703125,3991.639892578125,4015.070068359375,2264480000
2014-04-14,4022.68994140625,4050.7900390625,3986.5,4038.06005859375,1890480000
2014-04-15,4034.159912109375,4054.800048828125,3946.030029296875,4032.6298828125,2413110000
2014-04-16,4086.22998046875,4086.280029296875,4038.81005859375,4066.820068359375,1863110000
2014-04-17,4095.52001953125,4110.4599609375,4064.699951171875,4080.300048828125,1954720000
2014-04-21,4121.5498046875,4121.5498046875,4081.909912109375,4105.3701171875,1544440000
2014-04-22,4161.4599609375,4170.72021484375,4131.60986328125,4132.06005859375,1875930000
2014-04-23,4126.97021484375,4161.43994140625,4125.41015625,4160.89990234375,1794760000
2014-04-24,4148.33984375,4177.16015625,4107.52001953125,4174.60986328125,2130870000
2014-04-25,4075.56005859375,4126.97998046875,4068.10009765625,4125.16015625,2087140000
2014-04-28,4074.39990234375,4111.58984375,4014.169921875,4091.81005859375,2348320000
2014-04-29,4103.5400390625,4111.4501953125,4070.25,4089.510009765625,1911240000
2014-04-30,4114.56005859375,4116.14013671875,4070.6298828125,4085.18994140625,2151400000
2014-05-01,4127.4501953125,4149.56005859375,4105.60986328125,4121.25,2077040000
2014-05-02,4123.89990234375,4145.06005859375,4115.89013671875,4138.6298828125,1844790000
2014-05-05,4138.06005859375,4138.33984375,4086.35009765625,4099.25,1561170000
2014-05-06,4080.760009765625,4132.4599609375,4080.760009765625,4128.22021484375,1850610000
2014-05-07,4067.669921875,4091.030029296875,4021.050048828125,4085.489990234375,2486030000
2014-05-08,4051.5,4109.2001953125,4039.909912109375,4053.280029296875,2411940000
2014-05-09,4071.8701171875,4071.8701171875,4025.239990234375,4043.43994140625,1976160000
2014-05-12,4143.85986328125,4146.5400390625,4092.090087890625,4092.840087890625,1880020000
2014-05-13,4130.169921875,4155.1298828125,4128.009765625,4144.89990234375,1923480000
2014-05-14,4100.6298828125,4132.330078125,4093.830078125,4122.080078125,1764430000
2014-05-15,4069.2900390625,4098.25,4035.9599609375,4096.52978515625,2083030000
2014-05-16,4090.590087890625,4091.159912109375,4044.27001953125,4070.35009765625,1741070000
2014-05-19,4125.81005859375,4128.47021484375,4075.699951171875,4080.330078125,1601400000
2014-05-20,4096.89013671875,4124.85986328125,4080.610107421875,4121.10986328125,1797910000
2014-05-21,4131.5400390625,4133.60986328125,4103.60986328125,4105.9599609375,1703500000
2014-05-22,4154.33984375,4164.85009765625,4131.47021484375,4136.08984375,1835810000
2014-05-23,4185.81005859375,4186.580078125,4148.2998046875,4159.77978515625,1536610000
2014-05-27,4237.06982421875,4237.06982421875,4204.72021484375,4206.43994140625,1812330000
2014-05-28,4225.080078125,4238.169921875,4216.89013671875,4234.9599609375,1785140000
2014-05-29,4247.9501953125,4247.9501953125,4228.9599609375,4238.0400390625,1714000000
2014-05-30,4242.6201171875,4252.080078125,4221.9501953125,4251.490234375,1903660000
2014-06-02,4237.2001953125,4247.9599609375,4207.60986328125,4247.9599609375,1631310000
2014-06-03,4234.080078125,4240.35009765625,4215.7998046875,4222.0400390625,1718640000
2014-06-04,4251.64013671875,4256.18994140625,4216.22998046875,4222.2099609375,1610090000
2014-06-05,4296.22998046875,4299.5,4241.68017578125,4259.1201171875,1926750000
2014-06-06,4321.39990234375,4322.509765625,4305.740234375,4312.759765625,1616650000
2014-06-09,4336.240234375,4346.740234375,4320.27978515625,4324.35009765625,1783060000
2014-06-10,4338.0,4338.8701171875,4319.93017578125,4329.2001953125,1787120000
2014-06-11,4331.93017578125,4338.2099609375,4315.490234375,4322.919921875,1778460000
2014-06-12,4297.6298828125,4328.35009765625,4284.52978515625,4323.10986328125,1908190000
2014-06-13,4310.64990234375,4317.669921875,4288.41015625,4315.31005859375,1754560000
2014-06-16,4321.10009765625,4326.89013671875,4296.259765625,4303.93017578125,1675120000
2014-06-17,4337.22998046875,4346.1201171875,4311.14990234375,4316.009765625,1814360000
2014-06-18,4362.83984375,4365.10009765625,4320.5400390625,4341.18017578125,1860660000
2014-06-19,4359.330078125,4372.18017578125,4339.60986328125,4370.14013671875,1845460000
2014-06-20,4368.0400390625,4368.7998046875,4354.02978515625,4365.3701171875,2721380000
2014-06-23,4368.68017578125,4371.81005859375,4358.68017578125,4368.9599609375,1712930000
2014-06-24,4350.35009765625,4399.8701171875,4342.89990234375,4367.89990234375,2014700000
2014-06-25,4379.759765625,4383.5498046875,4339.41015625,4341.81982421875,1722820000
2014-06-26,4379.0498046875,4379.7998046875,4347.4501953125,4379.43994140625,1554070000
2014-06-27,4397.93017578125,4398.85009765625,4371.60009765625,4371.7998046875,3964930000
2014-06-30,4408.18017578125,4417.4599609375,4396.58984375,4398.3701171875,1848110000
2014-07-01,4458.64990234375,4471.60009765625,4424.43017578125,4424.7099609375,1942550000
2014-07-02,4457.72998046875,4466.919921875,4450.8701171875,4457.85986328125,1599480000
2014-07-03,4485.93017578125,4485.93017578125,4463.85009765625,4472.89013671875,1001730000
2014-07-07,4451.52978515625,4478.02001953125,4447.60009765625,4477.740234375,1691390000
2014-07-08,4391.4599609375,4443.56005859375,4372.0400390625,4442.8701171875,2221820000
2014-07-09,4419.02978515625,4421.93017578125,4388.009765625,4403.02978515625,1736960000
2014-07-10,4396.2001953125,4415.85009765625,4351.0400390625,4352.0400390625,1682920000
2014-07-11,4415.490234375,4417.16015625,4389.2900390625,4401.0498046875,1511250000
2014-07-14,4440.419921875,4451.60009765625,4432.9501953125,4441.39013671875,1579660000
2014-07-15,4416.39013671875,4451.93017578125,4389.7001953125,4444.91015625,1772030000
2014-07-16,4425.97021484375,4448.8701171875,4419.7099609375,4446.169921875,2059340000
2014-07-17,4363.4501953125,4425.3798828125,4352.22998046875,4411.52001953125,2055240000
2014-07-18,4432.14990234375,4434.43994140625,4378.22021484375,4379.93994140625,1823580000
2014-07-21,4424.7001953125,4432.419921875,4404.509765625,4421.2001953125,1557820000
2014-07-22,4456.02001953125,4464.1298828125,4443.35009765625,4444.93994140625,1724440000
2014-07-23,4473.7001953125,4480.72998046875,4457.9501953125,4468.16015625,1909810000
2014-07-24,4472.10986328125,4485.5,4465.93994140625,4481.60986328125,1935090000
2014-07-25,4449.56005859375,4457.9501953125,4430.43017578125,4448.06005859375,1711430000
2014-07-28,4444.91015625,4455.39013671875,4413.919921875,4451.1201171875,1783250000
2014-07-29,4442.7001953125,4470.97021484375,4441.02978515625,4456.06982421875,2090810000
2014-07-30,4462.89990234375,4476.06005859375,4444.509765625,4468.43994140625,1872430000
2014-07-31,4369.77001953125,4430.7998046875,4367.14990234375,4421.2900390625,2273380000
2014-08-01,4352.64013671875,4385.0498046875,4324.02001953125,4363.39013671875,2050340000
2014-08-04,4383.89013671875,4395.3798828125,4343.02978515625,4365.6201171875,1677400000
2014-08-05,4352.83984375,4383.02001953125,4333.580078125,4364.58984375,1916180000
2014-08-06,4355.0498046875,4378.990234375,4325.0400390625,4326.27978515625,1819310000
2014-08-07,4334.97021484375,4379.7001953125,4321.89013671875,4373.25,1866330000
2014-08-08,4370.89990234375,4373.1201171875,4327.8701171875,4340.8798828125,1759060000
2014-08-11,4401.330078125,4415.77978515625,4384.14990234375,4387.3798828125,1537880000
2014-08-12,4389.25,4407.080078125,4371.83984375,4394.68994140625,1560220000
2014-08-13,4434.1298828125,4434.31005859375,4403.64013671875,4407.8701171875,1611690000
2014-08-14,4453.0,4453.0,4433.93994140625,4438.1298828125,1549820000
2014-08-15,4464.93017578125,4482.47021484375,4427.1298828125,4479.64013671875,1799460000
2014-08-18,4508.31005859375,4509.16015625,4486.43994140625,4490.52978515625,1571100000
2014-08-19,4527.509765625,4528.91015625,4513.919921875,4514.259765625,1556560000
2014-08-20,4526.47998046875,4533.009765625,4515.72998046875,4517.75,1502290000
2014-08-21,4532.10009765625,4534.0,4513.81005859375,4526.72021484375,1421730000
2014-08-22,4538.5498046875,4547.240234375,4521.77001953125,4534.8701171875,1311810000
2014-08-25,4557.35009765625,4571.14013671875,4547.77978515625,4563.72021484375,1384620000
2014-08-26,4570.64013671875,4575.58984375,4556.77978515625,4563.81005859375,1469620000
2014-08-27,4569.6201171875,4575.81005859375,4561.83984375,4574.35009765625,1389470000
2014-08-28,4557.7001953125,4565.9599609375,4546.6201171875,4552.5498046875,1309580000
2014-08-29,4580.27001953125,4580.27001953125,4553.77978515625,4571.759765625,1352830000
2014-09-02,4598.18994140625,4598.64013671875,4576.81005859375,4592.419921875,1859080000
2014-09-03,4572.56005859375,4610.14013671875,4565.3798828125,4610.14013671875,1897450000
2014-09-04,4562.2900390625,4603.14990234375,4553.31005859375,4581.52001953125,1728700000
2014-09-05,4582.89990234375,4583.0,4542.740234375,4560.6298828125,1641830000
2014-09-08,4592.2900390625,4600.39990234375,4570.22998046875,4579.06005859375,1670210000
2014-09-09,4552.2900390625,4599.02978515625,4544.43994140625,4588.830078125,1956550000
2014-09-10,4586.52001953125,4587.10009765625,4544.83984375,4554.14990234375,1808650000
2014-09-11,4591.81005859375,4591.81005859375,4559.75,4567.64013671875,1704850000
2014-09-12,4567.60009765625,4590.080078125,4555.68017578125,4588.77001953125,1784170000
2014-09-15,4518.89990234375,4567.47021484375,4506.72998046875,4567.4501953125,1940520000
2014-09-16,4552.759765625,4558.240234375,4499.8701171875,4502.10986328125,1879350000
2014-09-17,4562.18994140625,4582.39990234375,4539.35986328125,4553.9599609375,1796710000
2014-09-18,4593.43017578125,4593.97998046875,4572.6201171875,4575.740234375,1774840000
2014-09-19,4579.7900390625,4610.56982421875,4563.43994140625,4606.1298828125,3178490000
2014-09-22,4527.68994140625,4568.8701171875,4513.1201171875,4568.4501953125,1881520000
2014-09-23,4508.68994140625,4536.02978515625,4508.419921875,4511.31982421875,1847730000
2014-09-24,4555.22021484375,4557.27001953125,4500.1298828125,4514.919921875,1765260000
2014-09-25,4466.75,4546.93017578125,4466.64013671875,4540.81982421875,1939610000
2014-09-26,4512.18994140625,4515.75,4475.47998046875,4476.47998046875,1637480000
2014-09-29,4505.85009765625,4515.240234375,4464.43994140625,4465.83984375,1737750000
2014-09-30,4493.39013671875,4522.06005859375,4483.91015625,4512.64013671875,2200380000
2014-10-01,4422.08984375,4486.7900390625,4409.2998046875,4486.64990234375,2312630000
2014-10-02,4430.2001953125,4441.9501953125,4367.740234375,4421.25,2165500000
2014-10-03,4475.6201171875,4488.06982421875,4445.72021484375,4456.81005859375,1777640000
2014-10-06,4454.7998046875,4496.259765625,4444.10009765625,4492.39990234375,1828240000
2014-10-07,4385.2001953125,4441.759765625,4385.14990234375,4433.91015625,2111360000
2014-10-08,4468.58984375,4473.72998046875,4355.33984375,4385.7001953125,2451630000
2014-10-09,4378.33984375,4464.1298828125,4377.27978515625,4458.2900390625,2264220000
2014-10-10,4276.240234375,4380.509765625,4276.240234375,4354.6298828125,2765750000
2014-10-13,4213.66015625,4303.81982421875,4212.8701171875,4274.91015625,2467830000
2014-10-14,4227.169921875,4281.33984375,4212.81982421875,4246.22998046875,2496120000
2014-10-15,4215.31982421875,4231.5400390625,4116.60009765625,4154.10009765625,3058740000
2014-10-16,4217.39013671875,4246.009765625,4131.64990234375,4133.25,2591940000
2014-10-17,4258.43994140625,4296.10986328125,4241.669921875,4275.08984375,2260070000
2014-10-20,4316.06982421875,4316.8701171875,4248.22021484375,4254.16015625,1717370000
2014-10-21,4419.47998046875,4419.47998046875,4356.10009765625,4359.169921875,1997580000
2014-10-22,4382.85009765625,4435.85986328125,4381.27978515625,4429.16015625,1967020000
2014-10-23,4452.7900390625,4475.5498046875,4421.56005859375,4427.43994140625,1952380000
2014-10-24,4483.72021484375,4486.259765625,4445.85009765625,4459.4599609375,1754300000
2014-10-27,4485.93017578125,4489.60009765625,4450.2900390625,4469.02001953125,1585580000
2014-10-28,4564.2900390625,4564.2900390625,4505.10986328125,4505.72998046875,1966920000
2014-10-29,4549.22998046875,4564.43994140625,4517.02001953125,4551.3701171875,2184050000
2014-10-30,4566.14013671875,4575.5,4521.7900390625,4532.10009765625,2034960000
2014-10-31,4630.740234375,4641.509765625,4616.580078125,4639.4501953125,2424360000
2014-11-03,4638.91015625,4654.18994140625,4627.419921875,4633.7099609375,2033000000
2014-11-04,4623.64013671875,4635.9501953125,4594.919921875,4623.77001953125,1939320000
2014-11-05,4620.72021484375,4650.39013671875,4607.72998046875,4649.47021484375,2001870000
2014-11-06,4638.47021484375,4639.169921875,4604.759765625,4616.77978515625,1986820000
2014-11-07,4632.52978515625,4638.7998046875,4606.81005859375,4636.89013671875,1978830000
2014-11-10,4651.6201171875,4653.3798828125,4626.490234375,4635.10009765625,1830010000
2014-11-11,4660.56005859375,4661.22998046875,4640.240234375,4649.18994140625,1663690000
2014-11-12,4675.14013671875,4678.580078125,4643.77978515625,4644.6298828125,1773060000
2014-11-13,4680.14013671875,4703.10009765625,4664.27001953125,4681.56005859375,1857580000
2014-11-14,4688.5400390625,4688.740234375,4664.31005859375,4679.85009765625,1739950000
2014-11-17,4671.0,4689.52978515625,4655.2001953125,4678.43994140625,1695070000
2014-11-18,4702.43994140625,4709.830078125,4674.2998046875,4674.83984375,1655760000
2014-11-19,4675.7099609375,4696.2001953125,4655.72021484375,4694.77978515625,1641560000
2014-11-20,4701.8701171875,4702.97021484375,4653.330078125,4655.2001953125,1667330000
2014-11-21,4712.97021484375,4751.60009765625,4700.72998046875,4751.009765625,1854340000
2014-11-24,4754.89013671875,4755.02001953125,4723.6201171875,4725.169921875,1568130000
2014-11-25,4758.25,4774.52001953125,4749.919921875,4762.39013671875,1720140000
2014-11-26,4787.31982421875,4788.0,4757.47998046875,4760.22998046875,1362930000
2014-11-28,4791.6298828125,4810.85986328125,4786.72021484375,4797.10009765625,998600000
2014-12-01,4727.35009765625,4782.06982421875,4724.6201171875,4777.72998046875,1893600000
2014-12-02,4755.81005859375,4761.6298828125,4729.759765625,4732.97021484375,1839170000
2014-12-03,4774.47021484375,4781.3701171875,4745.14013671875,4761.31005859375,1734510000
2014-12-04,4769.43994140625,4785.41015625,4753.7099609375,4772.0,1724090000
2014-12-05,4780.759765625,4788.97998046875,4769.64013671875,4776.580078125,1767100000
2014-12-08,4740.68994140625,4793.240234375,4722.91015625,4769.759765625,1966770000
2014-12-09,4766.47021484375,4768.41015625,4674.3798828125,4685.2001953125,1950330000
2014-12-10,4684.02001953125,4766.64013671875,4679.25,4754.419921875,1850810000
2014-12-11,4708.16015625,4759.8798828125,4699.43017578125,4704.64990234375,1873050000
2014-12-12,4653.60009765625,4707.919921875,4653.60009765625,4665.35009765625,1888870000
2014-12-15,4605.16015625,4690.580078125,4592.43017578125,4679.669921875,2143610000
2014-12-16,4547.830078125,4645.18994140625,4547.31005859375,4572.7900390625,2231670000
2014-12-17,4644.31005859375,4651.89990234375,4550.7001953125,4556.89990234375,2279930000
2014-12-18,4748.39990234375,4748.39990234375,4697.08984375,4712.39013671875,2172260000
2014-12-19,4765.3798828125,4782.1298828125,4738.2900390625,4752.60009765625,3287920000
2014-12-22,4781.419921875,4781.93017578125,4757.7998046875,4759.0400390625,1720070000
2014-12-23,4765.419921875,4798.06005859375,4761.39013671875,4798.02978515625,1590820000
2014-12-24,4773.47021484375,4787.56982421875,4768.669921875,4770.1201171875,729750000
2014-12-26,4806.85986328125,4814.9501953125,4787.85009765625,4788.06005859375,930220000
2014-12-29,4806.91015625,4813.72021484375,4798.89990234375,4801.259765625,1227740000
2014-12-30,4777.43994140625,4803.89013671875,4772.8798828125,4793.60986328125,1269200000
2014-12-31,4736.0498046875,4806.43017578125,4734.10986328125,4790.52978515625,1515600000
2015-01-02,4726.81005859375,4777.009765625,4698.10986328125,4760.240234375,1435150000
2015-01-05,4652.56982421875,4702.77001953125,4641.4599609375,4700.33984375,1794470000
2015-01-06,4592.740234375,4667.330078125,4567.58984375,4666.85009765625,2167320000
2015-01-07,4650.47021484375,4652.72021484375,4613.89990234375,4626.83984375,1957950000
2015-01-08,4736.18994140625,4741.3798828125,4688.02001953125,4689.5400390625,2105450000
2015-01-09,4704.06982421875,4744.7099609375,4681.240234375,4744.47021484375,1715830000
2015-01-12,4664.7099609375,4715.81005859375,4650.64990234375,4714.06982421875,1861960000
2015-01-13,4661.5,4751.33984375,4624.27978515625,4708.740234375,2162180000
2015-01-14,4639.31982421875,4655.3701171875,4595.97998046875,4610.759765625,2073810000
2015-01-15,4570.81982421875,4663.9599609375,4567.39013671875,4657.4599609375,1976260000
2015-01-16,4634.3798828125,4635.81982421875,4563.10986328125,4566.3798828125,1970520000
2015-01-20,4654.85009765625,4665.64990234375,4601.10009765625,4655.83984375,1835040000
2015-01-21,4667.419921875,4692.4599609375,4629.58984375,4641.9501953125,1847420000
2015-01-22,4750.39990234375,4752.60009765625,4644.56982421875,4690.93017578125,1996550000
2015-01-23,4757.8798828125,4771.18017578125,4737.9501953125,4748.18994140625,1653830000
2015-01-26,4771.759765625,4774.18017578125,4734.2001953125,4752.35986328125,1717510000
2015-01-27,4681.5,4721.8701171875,4659.830078125,4698.22998046875,1954160000
2015-01-28,4637.990234375,4742.06005859375,4637.47998046875,4740.68994140625,2118680000
2015-01-29,4683.41015625,4688.41015625,4601.759765625,4635.72998046875,2110710000
2015-01-30,4635.240234375,4703.81005859375,4631.10009765625,4671.2099609375,2264230000
2015-02-02,4676.68994140625,4676.68994140625,4580.4599609375,4650.60009765625,2006450000
2015-02-03,4727.740234375,4727.740234375,4670.81982421875,4693.25,2153520000
2015-02-04,4716.7001953125,4744.330078125,4697.7900390625,4699.81005859375,2212960000
2015-02-05,4765.10009765625,4767.3798828125,4722.7998046875,4729.64990234375,2036590000
2015-02-06,4744.39990234375,4787.18017578125,4731.22021484375,4768.83984375,2034060000
2015-02-09,4726.009765625,4749.47021484375,4719.60986328125,4723.72998046875,1654680000
2015-02-10,4787.64013671875,4793.27001953125,4737.1201171875,4754.6298828125,1773730000
2015-02-11,4801.18017578125,4810.35986328125,4780.1298828125,4788.3701171875,1793630000
2015-02-12,4857.60986328125,4857.60986328125,4823.56982421875,4828.080078125,2075470000
2015-02-13,4893.83984375,4893.83984375,4860.1201171875,4869.72998046875,1942240000
2015-02-17,4899.27001953125,4901.89013671875,4880.64013671875,4889.990234375,1751490000
2015-02-18,4906.35986328125,4907.5,4885.60009765625,4890.83984375,1684800000
2015-02-19,4924.7001953125,4929.52978515625,4900.6298828125,4901.509765625,1592890000
2015-02-20,4955.97021484375,4957.02001953125,4905.58984375,4919.77978515625,1761140000
2015-02-23,4960.97021484375,4960.97021484375,4939.56005859375,4953.10009765625,1754850000
2015-02-24,4968.1201171875,4971.18017578125,4945.14013671875,4956.2099609375,1834890000
2015-02-25,4967.14013671875,4984.240234375,4956.0,4960.35986328125,1848560000
2015-02-26,4987.89013671875,4989.10986328125,4955.509765625,4969.27001953125,1905550000
2015-02-27,4963.52978515625,4989.25,4960.8701171875,4985.02978515625,1955590000
2015-03-02,5008.10009765625,5008.56982421875,4972.009765625,4973.43017578125,1931110000
2015-03-03,4979.89990234375,4996.66015625,4956.06982421875,4990.7001953125,2018900000
2015-03-04,4967.14013671875,4973.31982421875,4938.89990234375,4961.240234375,1824830000
2015-03-05,4982.81005859375,4993.52001953125,4963.10009765625,4979.9501953125,1724200000
2015-03-06,4927.3701171875,4982.93017578125,4918.6298828125,4967.240234375,1918220000
2015-03-09,4942.43994140625,4950.47021484375,4920.81982421875,4936.080078125,1696510000
2015-03-10,4859.7900390625,4903.43994140625,4859.7900390625,4899.509765625,1876010000
2015-03-11,4849.93994140625,4876.08984375,4846.7900390625,4866.93994140625,1846020000
2015-03-12,4893.2900390625,4895.7998046875,4853.2001953125,4853.97998046875,1855110000
2015-03-13,4871.759765625,4904.47021484375,4842.7998046875,4885.5400390625,1851410000
2015-03-16,4929.509765625,4929.93994140625,4889.08984375,4897.27001953125,1713480000
2015-03-17,4937.43017578125,4944.91015625,4907.02001953125,4912.64990234375,1724370000
2015-03-18,4982.830078125,5001.56982421875,4907.72021484375,4926.830078125,1983570000
2015-03-19,4992.3798828125,5000.02001953125,4979.93994140625,4982.02001953125,1674970000
2015-03-20,5026.419921875,5042.14013671875,5020.06982421875,5033.47021484375,2825670000
2015-03-23,5010.97021484375,5031.39013671875,5010.97021484375,5020.60009765625,1608880000
2015-03-24,4994.72998046875,5032.47998046875,4994.56005859375,5010.10009765625,1611670000
2015-03-25,4876.52001953125,5006.759765625,4876.52001953125,5002.830078125,2219520000
2015-03-26,4863.35986328125,4889.2099609375,4825.93017578125,4835.7099609375,2004960000
2015-03-27,4891.22021484375,4899.259765625,4859.66015625,4863.740234375,1678650000
2015-03-30,4947.43994140625,4948.4599609375,4921.1201171875,4921.77978515625,1778520000
2015-03-31,4900.8798828125,4940.8701171875,4899.31005859375,4925.91015625,1837660000
2015-04-01,4880.22998046875,4899.3798828125,4844.39013671875,4894.35986328125,1874960000
2015-04-02,4886.93994140625,4901.330078125,4872.9599609375,4885.41015625,1563670000
2015-04-06,4917.31982421875,4929.6201171875,4852.91015625,4855.93994140625,1737560000
2015-04-07,4910.22998046875,4948.8798828125,4909.77001953125,4917.5,1572940000
2015-04-08,4950.81982421875,4956.72021484375,4914.14990234375,4914.14990234375,1714210000
2015-04-09,4974.56005859375,4975.93017578125,4928.10986328125,4950.83984375,1729750000
2015-04-10,4995.97998046875,4996.080078125,4970.02001953125,4977.02978515625,1494240000
2015-04-13,4988.25,5024.25,4985.9599609375,5001.5498046875,1544190000
2015-04-14,4977.2900390625,4996.81982421875,4952.009765625,4988.81982421875,1571360000
2015-04-15,5011.02001953125,5021.18994140625,4989.240234375,4992.6201171875,1795530000
2015-04-16,5007.7900390625,5016.0,4996.0,4999.35986328125,1662850000
2015-04-17,4931.81005859375,4974.08984375,4912.330078125,4966.10986328125,1985190000
2015-04-20,4994.60009765625,5000.2001953125,4952.68017578125,4958.06982421875,1646340000
2015-04-21,5014.10009765625,5028.22021484375,5009.509765625,5023.9599609375,1721260000
2015-04-22,5035.169921875,5040.64990234375,4992.6201171875,5026.56982421875,1696380000
2015-04-23,5056.06005859375,5073.08984375,5019.2900390625,5020.22021484375,1858620000
2015-04-24,5092.080078125,5100.3701171875,5081.2099609375,5096.33984375,1895150000
2015-04-27,5060.25,5119.830078125,5053.5400390625,5104.35986328125,2172470000
2015-04-28,5055.419921875,5075.2998046875,5006.27978515625,5063.259765625,2032500000
2015-04-29,5023.64013671875,5053.83984375,4999.830078125,5028.4501953125,1871300000
2015-04-30,4941.419921875,5015.9599609375,4921.5498046875,4996.990234375,2269290000
2015-05-01,5005.39013671875,5005.39013671875,4962.740234375,4966.31982421875,1854400000
2015-05-04,5016.93017578125,5043.6201171875,5013.02001953125,5018.35009765625,1668200000
2015-05-05,4939.330078125,5008.27001953125,4934.33984375,5000.2001953125,2069490000
2015-05-06,4919.64013671875,4965.10009765625,4888.169921875,4956.7001953125,2144620000
2015-05-07,4945.5400390625,4957.1201171875,4914.52978515625,4917.75,2042960000
2015-05-08,5003.5498046875,5014.330078125,4989.259765625,4991.6298828125,1978760000
2015-05-11,4993.56982421875,5017.3798828125,4992.02001953125,5003.259765625,1731390000
2015-05-12,4976.18994140625,4995.5,4931.60009765625,4966.43994140625,1705870000
2015-05-13,4981.68994140625,5012.97021484375,4977.490234375,4991.419921875,1672260000
2015-05-14,5050.7998046875,5051.72021484375,4999.64990234375,5016.68017578125,1741970000
2015-05-15,5048.2900390625,5062.64990234375,5034.83984375,5059.14990234375,1667260000
2015-05-18,5078.43994140625,5084.5,5037.5400390625,5040.919921875,1643870000
2015-05-19,5070.02978515625,5087.35009765625,5062.7998046875,5080.43994140625,1750980000
2015-05-20,5071.740234375,5097.52001953125,5050.2099609375,5072.43994140625,1786830000
2015-05-21,5090.7900390625,5098.22998046875,5062.509765625,5065.93994140625,1683670000
2015-05-22,5089.35986328125,5103.83984375,5085.18994140625,5085.39013671875,1544920000
2015-05-26,5032.75,5081.169921875,5016.740234375,5076.91015625,1731950000
2015-05-27,5106.58984375,5111.5400390625,5039.3701171875,5047.85986328125,1809550000
2015-05-28,5097.97998046875,5106.64990234375,5080.25,5096.33984375,1741420000
2015-05-29,5070.02978515625,5099.39990234375,5057.58984375,5093.10009765625,2024170000
2015-06-01,5082.93017578125,5099.009765625,5045.669921875,5094.93994140625,1902120000
2015-06-02,5076.52001953125,5100.02001953125,5047.35009765625,5063.47021484375,1729750000
2015-06-03,5099.22998046875,5114.60009765625,5084.990234375,5098.47998046875,1852680000
2015-06-04,5059.1201171875,5101.10986328125,5046.2900390625,5078.22021484375,1813960000
2015-06-05,5068.4599609375,5074.97998046875,5025.52001953125,5057.0400390625,1842890000
2015-06-08,5021.6298828125,5069.0,5014.06005859375,5066.64990234375,1712210000
2015-06-09,5013.8701171875,5027.02001953125,4974.6201171875,5013.1298828125,1754340000
2015-06-10,5076.68994140625,5086.66015625,5024.169921875,5029.41015625,1792980000
2015-06-11,5082.509765625,5101.39013671875,5075.0498046875,5088.259765625,1623950000
2015-06-12,5051.10009765625,5067.9599609375,5043.240234375,5060.240234375,1428900000
2015-06-15,5029.97021484375,5035.3701171875,4985.93994140625,5011.7900390625,1790280000
2015-06-16,5055.5498046875,5063.06005859375,5022.56005859375,5023.580078125,1654820000
2015-06-17,5064.8798828125,5080.10986328125,5042.25,5067.68017578125,1712820000
2015-06-18,5132.9501953125,5143.31982421875,5082.02978515625,5082.06005859375,1877920000
2015-06-19,5117.0,5140.169921875,5113.93994140625,5139.77001953125,2468310000
2015-06-22,5153.97021484375,5162.1298828125,5142.77978515625,5147.8701171875,1619970000
2015-06-23,5160.08984375,5163.41015625,5139.330078125,5161.68017578125,1613540000
2015-06-24,5122.41015625,5164.35986328125,5121.64013671875,5151.3798828125,1628800000
2015-06-25,5112.18994140625,5141.7099609375,5102.16015625,5139.47998046875,1614760000
2015-06-26,5080.509765625,5121.47021484375,5060.81982421875,5113.259765625,3843810000
2015-06-29,4958.47021484375,5051.009765625,4956.22998046875,5021.2099609375,2025580000
2015-06-30,4986.8701171875,5008.759765625,4968.259765625,5000.14990234375,2034430000
2015-07-01,5013.1201171875,5038.5498046875,4994.4599609375,5029.0498046875,1814560000
2015-07-02,5009.2099609375,5027.47021484375,4990.740234375,5024.2998046875,1490810000
2015-07-06,4991.93994140625,5020.7099609375,4960.93017578125,4963.7998046875,1741500000
2015-07-07,4997.4599609375,5001.990234375,4902.2099609375,4993.759765625,2132080000
2015-07-08,4909.759765625,4965.4501953125,4901.509765625,4953.97998046875,1931520000
2015-07-09,4922.39990234375,4982.18994140625,4920.39990234375,4976.14990234375,1861600000
2015-07-10,4997.7001953125,5008.0498046875,4966.509765625,4981.240234375,1590230000
2015-07-13,5071.509765625,5074.81005859375,5036.68017578125,5037.27001953125,1694140000
2015-07-14,5104.89013671875,5116.52001953125,5075.1201171875,5077.1201171875,1682660000
2015-07-15,5098.93994140625,5125.31982421875,5088.1201171875,5111.10986328125,1691350000
2015-07-16,5163.18017578125,5163.18017578125,5128.56005859375,5138.18017578125,1823530000
2015-07-17,5210.14013671875,5210.16015625,5183.22998046875,5196.10986328125,1854450000
2015-07-20,5218.85986328125,5231.93994140625,5201.490234375,5223.18017578125,1814180000
2015-07-21,5208.1201171875,5229.0,5196.2998046875,5219.2001953125,1774570000
2015-07-22,5171.77001953125,5184.740234375,5145.77978515625,5146.02978515625,2035730000
2015-07-23,5146.41015625,5197.0,5137.64013671875,5180.330078125,2003310000
2015-07-24,5088.6298828125,5167.5400390625,5084.509765625,5166.91015625,2004380000
2015-07-27,5039.77978515625,5072.8798828125,5032.68994140625,5055.919921875,1942520000
2015-07-28,5089.2099609375,5097.68994140625,5025.60986328125,5063.43994140625,2025110000
2015-07-29,5111.72998046875,5117.83984375,5080.0400390625,5097.85986328125,1890350000
2015-07-30,5128.77978515625,5135.64990234375,5070.6201171875,5100.2998046875,1908480000
2015-07-31,5128.27978515625,5155.02001953125,5122.3701171875,5148.18017578125,1926360000
2015-08-03,5115.3798828125,5143.080078125,5082.31982421875,5134.33984375,1790080000
2015-08-04,5105.5498046875,5125.89990234375,5092.4599609375,5110.9599609375,1819700000
2015-08-05,5139.93994140625,5175.259765625,5131.85986328125,5132.77001953125,2041490000
2015-08-06,5056.43994140625,5149.93017578125,5035.41015625,5146.6298828125,2290950000
2015-08-07,5043.5400390625,5055.56005859375,5006.14990234375,5043.97021484375,2008360000
2015-08-10,5101.7998046875,5112.47021484375,5081.10986328125,5081.72021484375,1784930000
2015-08-11,5036.7900390625,5089.330078125,5013.4501953125,5069.16015625,1912340000
2015-08-12,5044.39013671875,5055.75,4945.7900390625,4994.52001953125,2089460000
2015-08-13,5033.56005859375,5071.4599609375,5029.60986328125,5050.93994140625,1632340000
2015-08-14,5048.240234375,5051.89013671875,5012.60986328125,5025.919921875,1487630000
2015-08-17,5091.7001953125,5092.68994140625,5022.419921875,5032.33984375,1510790000
2015-08-18,5059.35009765625,5085.14013671875,5054.97021484375,5082.169921875,1501540000
2015-08-19,5019.0498046875,5060.93017578125,4992.85009765625,5039.02978515625,1785420000
2015-08-20,4877.490234375,4986.509765625,4877.490234375,4973.490234375,2087000000
2015-08-21,4706.0400390625,4856.75,4706.0400390625,4801.0400390625,2768540000
2015-08-24,4526.25,4694.89990234375,4292.14013671875,4351.60986328125,3508840000
2015-08-25,4506.490234375,4689.5400390625,4506.10009765625,4687.27001953125,2612800000
2015-08-26,4697.5400390625,4703.97021484375,4530.02978515625,4633.509765625,2631660000
2015-08-27,4812.7099609375,4818.7099609375,4721.7900390625,4761.0498046875,2368880000
2015-08-28,4828.31982421875,4836.77978515625,4788.3798828125,4792.10986328125,1936540000
2015-08-31,4776.509765625,4824.60986328125,4763.419921875,4798.68017578125,1839010000
2015-09-01,4636.10009765625,4722.1298828125,4614.91015625,4673.60986328125,2253750000
2015-09-02,4749.97998046875,4749.97998046875,4659.41015625,4704.419921875,1929080000
2015-09-03,4733.5,4800.18017578125,4721.91015625,4763.10009765625,1803320000
2015-09-04,4683.919921875,4712.669921875,4657.81982421875,4670.35009765625,1574720000
2015-09-08,4811.93017578125,4815.0400390625,4754.89013671875,4769.72021484375,1765600000
2015-09-09,4756.52978515625,4862.8798828125,4746.72998046875,4856.27001953125,1963750000
2015-09-10,4796.25,4826.330078125,4746.52001953125,4749.9599609375,1845770000
2015-09-11,4822.33984375,4822.33984375,4763.14990234375,4770.72998046875,1686190000
2015-09-14,4805.759765625,4832.0,4791.080078125,4831.97998046875,1467740000
2015-09-15,4860.52001953125,4872.35009765625,4802.08984375,4819.31982421875,1587460000
2015-09-16,4889.240234375,4893.43994140625,4848.14990234375,4860.43017578125,1666380000
2015-09-17,4893.9501953125,4960.8701171875,4880.5,4884.10986328125,1891510000
2015-09-18,4827.22998046875,4878.7099609375,4819.08984375,4828.7099609375,3272150000
2015-09-21,4828.9501953125,4881.4599609375,4795.91015625,4851.97998046875,2021530000
2015-09-22,4756.72021484375,4776.27978515625,4716.91015625,4762.2900390625,2042880000
2015-09-23,4752.740234375,4780.64013671875,4735.1298828125,4764.68994140625,1606330000
2015-09-24,4734.47998046875,4746.2099609375,4670.1201171875,4717.89013671875,1995820000
2015-09-25,4686.5,4785.22021484375,4659.47998046875,4782.41015625,2050530000
2015-09-28,4543.97021484375,4665.2099609375,4529.41015625,4665.06005859375,2387610000
2015-09-29,4517.31982421875,4596.06005859375,4487.06005859375,4551.0400390625,2293450000
2015-09-30,4620.16015625,4620.16015625,4559.18017578125,4574.3798828125,2398350000
2015-10-01,4627.080078125,4628.22998046875,4559.2099609375,4624.4599609375,2133990000
2015-10-02,4707.77978515625,4707.77978515625,4552.33984375,4566.1298828125,2183320000
2015-10-05,4781.259765625,4785.91015625,4740.240234375,4742.1298828125,2005320000
2015-10-06,4748.35986328125,4783.3701171875,4711.7900390625,4767.6298828125,2085020000
2015-10-07,4791.14990234375,4791.14990234375,4728.7099609375,4775.0498046875,2149890000
2015-10-08,4810.7900390625,4819.06982421875,4737.93017578125,4775.06005859375,1984230000
2015-10-09,4830.47021484375,4841.3798828125,4804.58984375,4817.27978515625,1804260000
2015-10-12,4838.64013671875,4846.740234375,4818.169921875,4839.7900390625,1343820000
2015-10-13,4796.60986328125,4858.27978515625,4793.919921875,4809.240234375,1565060000
2015-10-14,4782.85009765625,4820.08984375,4771.6201171875,4801.35009765625,1902460000
2015-10-15,4870.10009765625,4870.10009765625,4795.2900390625,4799.43017578125,1942900000
2015-10-16,4886.68994140625,4886.9501953125,4851.27978515625,4872.35986328125,1855290000
2015-10-19,4905.47021484375,4915.490234375,4865.830078125,4873.5400390625,1619920000
2015-10-20,4880.97021484375,4909.3701171875,4866.60009765625,4900.02001953125,1711700000
2015-10-21,4840.1201171875,4904.85009765625,4836.4599609375,4903.97998046875,1895390000
2015-10-22,4920.0498046875,4926.990234375,4861.7998046875,4875.9599609375,2156040000
2015-10-23,5031.85986328125,5048.5498046875,4999.5400390625,5024.3798828125,2178270000
2015-10-26,5034.7001953125,5045.16015625,5012.740234375,5030.7998046875,1758690000
2015-10-27,5030.14990234375,5040.080078125,5009.06982421875,5018.990234375,1986840000
2015-10-28,5095.68994140625,5095.68994140625,5019.60009765625,5040.3798828125,2141130000
2015-10-29,5074.27001953125,5084.6298828125,5066.89013671875,5071.0400390625,1928310000
2015-10-30,5053.75,5085.22021484375,5053.75,5079.759765625,2016390000
2015-11-02,5127.14990234375,5130.509765625,5061.47021484375,5065.64013671875,1888180000
2015-11-03,5145.1298828125,5163.47021484375,5109.68017578125,5114.31005859375,2028630000
2015-11-04,5142.47998046875,5162.56982421875,5122.77978515625,5155.6201171875,2096110000
2015-11-05,5127.740234375,5154.85986328125,5098.490234375,5144.14990234375,2054490000
2015-11-06,5147.1201171875,5147.1201171875,5092.8701171875,5124.0400390625,2066430000
2015-11-09,5095.2998046875,5133.43994140625,5066.10009765625,5128.93994140625,1850770000
2015-11-10,5083.240234375,5086.8798828125,5051.22021484375,5068.5498046875,1906120000
2015-11-11,5067.02001953125,5111.18994140625,5066.68017578125,5098.1298828125,1672340000
2015-11-12,5005.080078125,5062.490234375,5004.4599609375,5043.10009765625,1820930000
2015-11-13,4927.8798828125,4989.06005859375,4925.35009765625,4980.85986328125,2001050000
2015-11-16,4984.6201171875,4984.91015625,4908.66015625,4916.14013671875,1819190000
2015-11-17,4986.02001953125,5023.4501953125,4975.740234375,4991.7099609375,1861710000
2015-11-18,5075.2001953125,5078.7998046875,5001.669921875,5004.60009765625,2017390000
2015-11-19,5073.64013671875,5092.4599609375,5067.27001953125,5078.669921875,1794110000
2015-11-20,5104.919921875,5112.4599609375,5094.31982421875,5096.9599609375,1766630000
2015-11-23,5102.47998046875,5128.080078125,5084.85009765625,5106.72021484375,1668280000
2015-11-24,5102.81005859375,5110.75,5050.14013671875,5070.66015625,1956920000
2015-11-25,5116.14013671875,5124.08984375,5101.18017578125,5106.8701171875,1539300000
2015-11-27,5127.52001953125,5134.35009765625,5108.509765625,5121.93017578125,781730000
2015-11-30,5108.669921875,5141.35986328125,5098.7001953125,5139.580078125,2244550000
2015-12-01,5156.31005859375,5156.31005859375,5120.169921875,5129.64013671875,2035570000
2015-12-02,5123.22021484375,5176.77001953125,5117.14990234375,5158.81982421875,2060340000
2015-12-03,5037.52978515625,5144.60009765625,5011.72021484375,5143.16015625,2088100000
2015-12-04,5142.27001953125,5147.0,5043.490234375,5050.93017578125,1897490000
2015-12-07,5101.81005859375,5139.77978515625,5082.22998046875,5139.4599609375,1952690000
2015-12-08,5098.240234375,5111.72998046875,5045.72998046875,5050.52001953125,1871450000
2015-12-09,5022.8701171875,5106.3701171875,5000.1201171875,5077.2099609375,2003450000
2015-12-10,5045.169921875,5075.64990234375,5019.31005859375,5026.2998046875,1746520000
2015-12-11,4933.47021484375,4996.18994140625,4928.669921875,4979.77001953125,2084950000
2015-12-14,4952.22998046875,4953.60009765625,4871.58984375,4932.60986328125,2216060000
2015-12-15,4995.35986328125,5026.5400390625,4986.990234375,4991.2099609375,2054710000
2015-12-16,5071.1298828125,5078.990234375,4992.6298828125,5033.47998046875,2036610000
2015-12-17,5002.5498046875,5088.580078125,5002.5498046875,5087.169921875,1897220000
2015-12-18,4923.080078125,4996.490234375,4921.330078125,4982.580078125,3765210000
2015-12-21,4968.919921875,4968.919921875,4928.93017578125,4957.52978515625,1673400000
2015-12-22,5001.10986328125,5007.77001953125,4964.080078125,4988.68017578125,1556670000
2015-12-23,5045.93017578125,5046.08984375,5020.43994140625,5025.5498046875,1591490000
2015-12-24,5048.490234375,5063.27978515625,5043.64990234375,5046.18994140625,706880000
2015-12-28,5040.990234375,5041.27001953125,4999.06982421875,5032.2900390625,1310650000
2015-12-29,5107.93994140625,5116.990234375,5065.89013671875,5066.52001953125,1383470000
2015-12-30,5065.85009765625,5102.35009765625,5065.68017578125,5101.18017578125,1247530000
2015-12-31,5007.41015625,5058.06005859375,5007.009765625,5047.0400390625,1437480000
2016-01-04,4903.08984375,4903.08984375,4846.97998046875,4897.64990234375,2218420000
2016-01-05,4891.43017578125,4926.72998046875,4872.740234375,4917.83984375,1927380000
2016-01-06,4835.759765625,4866.0400390625,4804.68994140625,4813.759765625,2168620000
2016-01-07,4689.43017578125,4788.02001953125,4688.169921875,4736.39990234375,2552590000
2016-01-08,4643.6298828125,4742.56982421875,4637.85009765625,4722.02001953125,2288750000
2016-01-11,4637.990234375,4683.02001953125,4573.77978515625,4673.43994140625,2391110000
2016-01-12,4685.919921875,4714.7998046875,4618.02978515625,4681.5400390625,2147470000
2016-01-13,4526.06005859375,4713.97998046875,4517.56005859375,4706.02001953125,2533200000
2016-01-14,4615.0,4650.5498046875,4470.58984375,4545.3701171875,2565560000
2016-01-15,4488.419921875,4520.4501953125,4419.41015625,4464.3701171875,2818630000
2016-01-19,4476.9501953125,4550.56982421875,4430.77001953125,4548.0498046875,2394550000
2016-01-20,4471.68994140625,4514.919921875,4313.39013671875,4405.22021484375,3204130000
2016-01-21,4472.06005859375,4537.14990234375,4432.02001953125,4480.7001953125,2447750000
2016-01-22,4591.18017578125,4591.18017578125,4540.27001953125,4557.39013671875,2153340000
2016-01-25,4518.490234375,4590.43994140625,4514.77978515625,4574.58984375,2028880000
2016-01-26,4567.669921875,4583.2099609375,4503.52978515625,4537.0400390625,1981180000
2016-01-27,4468.169921875,4568.85009765625,4450.830078125,4548.8701171875,2115710000
2016-01-28,4506.68017578125,4533.81005859375,4447.5,4533.81005859375,2322310000
2016-01-29,4613.9501953125,4613.9501953125,4511.2998046875,4512.08984375,2617550000
2016-02-01,4620.3701171875,4636.93017578125,4565.3701171875,4587.58984375,1983340000
2016-02-02,4516.9501953125,4589.89990234375,4503.1201171875,4588.68994140625,2185180000
2016-02-03,4504.240234375,4547.31982421875,4424.47021484375,4543.81982421875,2466190000
2016-02-04,4509.56005859375,4545.52001953125,4463.990234375,4492.47998046875,2200930000
2016-02-05,4363.14013671875,4493.18994140625,4350.3701171875,4491.47998046875,2489280000
2016-02-08,4283.75,4301.52978515625,4212.81005859375,4288.02001953125,2702070000
2016-02-09,4268.759765625,4329.60986328125,4222.47998046875,4224.8701171875,2465790000
2016-02-10,4283.58984375,4369.6201171875,4280.72998046875,4318.27978515625,2448380000
2016-02-11,4266.83984375,4293.22021484375,4209.759765625,4218.81005859375,2812330000
2016-02-12,4337.509765625,4340.1298828125,4274.14990234375,4307.2900390625,1983190000
2016-02-16,4435.9599609375,4435.9599609375,4376.52001953125,4397.9501953125,2117920000
2016-02-17,4534.06005859375,4540.77978515625,4463.509765625,4471.66015625,2296440000
2016-02-18,4487.5400390625,4548.47021484375,4482.77001953125,4548.10009765625,1955870000
2016-02-19,4504.43017578125,4513.14990234375,4455.10009765625,4464.669921875,1903770000
2016-02-22,4570.60986328125,4576.47021484375,4546.5498046875,4548.31005859375,1794020000
2016-02-23,4503.580078125,4558.06005859375,4500.93994140625,4550.0498046875,1777750000
2016-02-24,4542.60986328125,4547.64013671875,4425.72021484375,4453.93017578125,1978180000
2016-02-25,4582.2001953125,4582.2001953125,4516.89013671875,4554.72998046875,1667840000
2016-02-26,4590.47021484375,4618.85009765625,4580.77978515625,4615.14013671875,1814920000
2016-02-29,4557.9501953125,4619.89990234375,4557.4599609375,4585.2998046875,2065260000
2016-03-01,4689.60009765625,4689.60009765625,4581.75,4596.009765625,2080150000
2016-03-02,4703.419921875,4703.580078125,4665.93017578125,4683.7998046875,1912510000
2016-03-03,4707.419921875,4707.72021484375,4674.4599609375,4698.3798828125,1936290000
2016-03-04,4717.02001953125,4746.64990234375,4687.93994140625,4715.759765625,2171230000
2016-03-07,4708.25,4731.18994140625,4674.81982421875,4690.8798828125,2084390000
2016-03-08,4648.81982421875,4695.0400390625,4642.85986328125,4676.22021484375,1993060000
2016-03-09,4674.3798828125,4676.47021484375,4642.419921875,4666.419921875,1789550000
2016-03-10,4662.16015625,4716.14013671875,4607.990234375,4691.2001953125,1936470000
2016-03-11,4748.47021484375,4748.7900390625,4700.91015625,4712.3798828125,1801790000
2016-03-14,4750.27978515625,4762.27001953125,4731.509765625,4733.39013671875,1615100000
2016-03-15,4728.669921875,4735.27001953125,4712.06982421875,4731.14013671875,1692420000
2016-03-16,4763.97021484375,4774.77978515625,4716.4501953125,4717.8798828125,1781060000
2016-03-17,4774.990234375,4788.08984375,4737.97021484375,4752.6201171875,1907190000
2016-03-18,4795.64990234375,4804.580078125,4772.41015625,4784.6298828125,2829040000
2016-03-21,4808.8701171875,4814.85009765625,4785.3798828125,4787.31005859375,1609230000
2016-03-22,4821.66015625,4835.60009765625,4781.7099609375,4783.60009765625,1596200000
2016-03-23,4768.85986328125,4816.669921875,4765.3701171875,4813.8701171875,1732630000
2016-03-24,4773.5,4773.5,4734.77001953125,4743.35986328125,1590990000
2016-03-28,4766.7900390625,4787.39013671875,4760.009765625,4785.25,1381000000
2016-03-29,4846.6201171875,4849.31005859375,4749.77978515625,4756.5498046875,1806490000
2016-03-30,4869.2900390625,4899.14013671875,4859.35009765625,4875.4599609375,1717820000
2016-03-31,4869.85009765625,4891.2998046875,4864.41015625,4869.56982421875,1774270000
2016-04-01,4914.5400390625,4917.08984375,4832.06005859375,4842.5498046875,1812250000
2016-04-04,4891.7998046875,4917.75,4885.169921875,4911.2099609375,1705730000
2016-04-05,4843.93017578125,4872.7001953125,4838.6201171875,4855.89990234375,1726010000
2016-04-06,4920.72021484375,4921.509765625,4849.27978515625,4849.580078125,1761770000
2016-04-07,4848.3701171875,4901.490234375,4831.490234375,4893.56982421875,1908940000
2016-04-08,4850.68994140625,4892.60009765625,4835.35986328125,4883.990234375,1588830000
2016-04-11,4833.39990234375,4897.5498046875,4833.39990234375,4873.39013671875,1545540000
2016-04-12,4872.08984375,4879.60009765625,4808.91015625,4838.81982421875,1759280000
2016-04-13,4947.419921875,4951.91015625,4903.60009765625,4904.7900390625,1936450000
2016-04-14,4945.89013671875,4961.2998046875,4931.81005859375,4947.6201171875,1645810000
2016-04-15,4938.22021484375,4950.43017578125,4925.4599609375,4938.830078125,1684790000
2016-04-18,4960.02001953125,4960.7900390625,4915.6298828125,4919.35986328125,1672260000
2016-04-19,4940.330078125,4968.669921875,4915.52001953125,4968.2998046875,1824250000
2016-04-20,4948.1298828125,4969.31982421875,4928.2900390625,4941.990234375,1781340000
2016-04-21,4945.89013671875,4966.60986328125,4932.64013671875,4949.1201171875,1758190000
2016-04-22,4906.22998046875,4921.66015625,4872.02001953125,4898.240234375,2018930000
2016-04-25,4895.7900390625,4904.8701171875,4878.3701171875,4891.47998046875,1582270000
2016-04-26,4888.27978515625,4915.0,4875.419921875,4903.81005859375,1825020000
2016-04-27,4863.14013671875,4872.91015625,4826.3798828125,4855.3798828125,1938780000
2016-04-28,4805.2900390625,4889.16015625,4796.31982421875,4857.60009765625,2161400000
2016-04-29,4775.35986328125,4807.89013671875,4740.83984375,4805.7900390625,2376460000
2016-05-02,4817.58984375,4821.56982421875,4768.27978515625,4786.5498046875,1880460000
2016-05-03,4763.22021484375,4791.43017578125,4749.7099609375,4780.8798828125,1984340000
2016-05-04,4725.64013671875,4751.64013671875,4713.91015625,4735.27978515625,1950800000
2016-05-05,4717.08984375,4744.5498046875,4709.75,4742.419921875,1888350000
2016-05-06,4736.16015625,4736.16015625,4684.27978515625,4695.89990234375,1860800000
2016-05-09,4750.2099609375,4771.93994140625,4735.06005859375,4736.35009765625,1625100000
2016-05-10,4809.8798828125,4811.2998046875,4758.2001953125,4768.91015625,1760120000
2016-05-11,4760.68994140625,4812.18994140625,4760.35986328125,4799.2998046875,1859110000
2016-05-12,4737.330078125,4779.4599609375,4710.169921875,4778.18994140625,1930450000
2016-05-13,4717.68017578125,4759.2900390625,4708.259765625,4731.06982421875,1698030000
2016-05-16,4775.4599609375,4791.25,4724.72998046875,4728.85986328125,1741510000
2016-05-17,4715.72998046875,4776.14990234375,4703.39013671875,4768.85009765625,1925230000
2016-05-18,4739.1201171875,4762.27978515625,4704.490234375,4705.77978515625,1934100000
2016-05-19,4712.52978515625,4735.27001953125,4678.3798828125,4717.35986328125,1805890000
2016-05-20,4769.56005859375,4781.7001953125,4729.0,4729.43994140625,1970520000
2016-05-23,4765.77978515625,4792.64013671875,4763.91015625,4771.56982421875,1865110000
2016-05-24,4861.06005859375,4865.990234375,4792.6298828125,4792.85009765625,1942280000
2016-05-25,4894.89013671875,4905.4501953125,4872.419921875,4877.18017578125,1784420000
2016-05-26,4901.77001953125,4909.3798828125,4887.27001953125,4897.77978515625,1606250000
2016-05-27,4933.5,4933.5,4902.5,4904.0498046875,1505020000
2016-05-31,4948.0498046875,4951.4501953125,4923.02978515625,4938.47998046875,2285350000
2016-06-01,4952.25,4958.97998046875,4923.2001953125,4928.97021484375,1797090000
2016-06-02,4971.35986328125,4971.35986328125,4924.22998046875,4941.25,1729050000
2016-06-03,4942.52001953125,4958.64990234375,4909.2099609375,4958.10009765625,1697840000
2016-06-06,4968.7099609375,4980.14013671875,4944.8701171875,4950.4599609375,1663840000
2016-06-07,4961.75,4979.3798828125,4960.27978515625,4972.1298828125,1747760000
2016-06-08,4974.64013671875,4979.66015625,4956.7900390625,4970.009765625,1692640000
2016-06-09,4958.6201171875,4965.490234375,4940.5498046875,4954.14990234375,1632340000
2016-06-10,4894.5498046875,4917.919921875,4880.60986328125,4915.14990234375,1822200000
2016-06-13,4848.43994140625,4894.85009765625,4844.93994140625,4868.509765625,1888300000
2016-06-14,4843.5498046875,4863.009765625,4811.93017578125,4836.669921875,1919710000
2016-06-15,4834.93017578125,4868.16015625,4830.330078125,4855.080078125,1802200000
2016-06-16,4844.919921875,4847.85986328125,4778.77978515625,4809.68994140625,1851770000
2016-06-17,4800.33984375,4835.02001953125,4792.33984375,4835.02001953125,2638220000
2016-06-20,4837.2099609375,4882.14990234375,4834.509765625,4856.68994140625,1779560000
2016-06-21,4843.759765625,4852.18994140625,4826.58984375,4845.080078125,1698080000
2016-06-22,4833.31982421875,4875.93017578125,4830.0,4846.68017578125,1682220000
2016-06-23,4910.0400390625,4910.0400390625,4859.39990234375,4872.18994140625,1738570000
2016-06-24,4707.97998046875,4798.22021484375,4698.419921875,4715.7900390625,4411040000
2016-06-27,4594.43994140625,4665.0400390625,4574.25,4664.43017578125,2659650000
2016-06-28,4691.8701171875,4692.97998046875,4643.93017578125,4643.93017578125,2074090000
2016-06-29,4779.25,4787.58984375,4732.33984375,4732.93017578125,2116550000
2016-06-30,4842.669921875,4843.10986328125,4774.52001953125,4793.75,2171180000
2016-07-01,4862.56982421875,4880.169921875,4837.169921875,4837.18017578125,1745130000
2016-07-05,4822.89990234375,4839.1298828125,4797.2900390625,4837.06005859375,1690340000
2016-07-06,4859.16015625,4861.0498046875,4786.009765625,4799.31982421875,1876090000
2016-07-07,4876.81005859375,4889.009765625,4853.68017578125,4867.47021484375,1672770000
2016-07-08,4956.759765625,4959.0,4901.27001953125,4906.66015625,1947260000
2016-07-11,4988.64013671875,5002.5,4976.5400390625,4976.5400390625,1718450000
2016-07-12,5022.81982421875,5032.10009765625,5009.68017578125,5017.990234375,1866280000
2016-07-13,5005.72998046875,5036.3798828125,5002.81982421875,5036.31982421875,1650820000
2016-07-14,5034.06005859375,5045.18017578125,5025.14990234375,5041.9501953125,1641170000
2016-07-15,5029.58984375,5044.81005859375,5018.52001953125,5041.18994140625,1610300000
2016-07-18,5055.77978515625,5063.52978515625,5030.1298828125,5034.990234375,1585570000
2016-07-19,5036.3701171875,5052.240234375,5028.240234375,5038.22021484375,1694740000
2016-07-20,5089.93017578125,5098.25,5053.919921875,5061.60009765625,1877330000
2016-07-21,5073.89990234375,5102.77978515625,5061.10986328125,5093.97021484375,1880310000
2016-07-22,5100.16015625,5103.52001953125,5064.10986328125,5078.1201171875,1639000000
2016-07-25,5097.6298828125,5100.72021484375,5082.66015625,5096.990234375,1770620000
2016-07-26,5110.0498046875,5122.2998046875,5084.18017578125,5095.60986328125,2038060000
2016-07-27,5139.81005859375,5151.06005859375,5120.66015625,5143.83984375,2122250000
2016-07-28,5154.97998046875,5160.16015625,5130.75,5144.81982421875,1950910000
2016-07-29,5162.1298828125,5175.81005859375,5140.0498046875,5162.14990234375,2072640000
2016-08-01,5184.2001953125,5199.1298828125,5158.93017578125,5167.419921875,1866590000
2016-08-02,5137.72998046875,5181.02001953125,5109.7998046875,5177.52978515625,2142010000
2016-08-03,5159.740234375,5159.740234375,5128.43994140625,5133.240234375,1909470000
2016-08-04,5166.25,5174.0,5145.39013671875,5158.02001953125,1930000000
2016-08-05,5221.1201171875,5227.22998046875,5186.25,5190.7099609375,2017720000
2016-08-08,5213.14013671875,5228.39990234375,5202.18017578125,5223.5400390625,1624450000
2016-08-09,5225.47998046875,5238.5400390625,5214.9501953125,5216.2099609375,1664320000
2016-08-10,5204.580078125,5227.9599609375,5193.7998046875,5227.9501953125,1651240000
2016-08-11,5228.39990234375,5235.2900390625,5211.25,5222.14990234375,1511670000
2016-08-12,5232.89013671875,5233.33984375,5215.5498046875,5219.66015625,1501620000
2016-08-15,5262.02001953125,5271.35986328125,5241.14013671875,5242.18017578125,1533170000
2016-08-16,5227.10986328125,5248.259765625,5226.77978515625,5247.9599609375,1698390000
2016-08-17,5228.66015625,5230.08984375,5197.22998046875,5228.43994140625,1747890000
2016-08-18,5240.14990234375,5243.169921875,5221.83984375,5226.4501953125,1659080000
2016-08-19,5238.3798828125,5245.81005859375,5217.64990234375,5229.8701171875,1632740000
2016-08-22,5244.60009765625,5252.1298828125,5224.6298828125,5231.4599609375,1560210000
2016-08-23,5260.080078125,5275.740234375,5257.89990234375,5265.77978515625,1547050000
2016-08-24,5217.68994140625,5262.990234375,5205.64013671875,5254.419921875,1714780000
2016-08-25,5212.2001953125,5230.58984375,5201.64013671875,5207.60986328125,1511890000
2016-08-26,5218.919921875,5253.39013671875,5191.85986328125,5219.0498046875,1591060000
2016-08-29,5232.330078125,5245.1201171875,5222.33984375,5223.7998046875,1416640000
2016-08-30,5222.990234375,5241.6201171875,5205.60986328125,5229.8798828125,1561020000
2016-08-31,5213.22021484375,5219.89013671875,5191.18017578125,5216.419921875,1761770000
2016-09-01,5227.2099609375,5229.93994140625,5189.35986328125,5218.27978515625,1592520000
2016-09-02,5249.89990234375,5263.39013671875,5231.02001953125,5249.66015625,1474200000
2016-09-06,5275.91015625,5275.91015625,5244.0,5260.0,1777940000
2016-09-07,5283.93017578125,5287.60986328125,5261.919921875,5274.22998046875,1878460000
2016-09-08,5259.47998046875,5271.009765625,5248.41015625,5269.9599609375,1839790000
2016-09-09,5125.91015625,5225.93017578125,5125.91015625,5217.9501953125,2208690000
2016-09-12,5211.89013671875,5217.8798828125,5097.7998046875,5098.02978515625,2007610000
2016-09-13,5155.25,5195.02978515625,5131.27001953125,5181.14013671875,2071460000
2016-09-14,5173.77001953125,5201.33984375,5159.5498046875,5160.2099609375,1902680000
2016-09-15,5249.68994140625,5254.77978515625,5176.25,5178.10009765625,1950940000
2016-09-16,5244.56982421875,5248.60009765625,5218.97021484375,5238.7099609375,3013860000
2016-09-19,5235.02978515625,5281.06982421875,5222.91015625,5263.5498046875,1792650000
2016-09-20,5241.35009765625,5265.18017578125,5235.419921875,5256.18994140625,1697530000
2016-09-21,5295.18017578125,5299.39990234375,5233.93994140625,5263.64990234375,2001890000
2016-09-22,5339.52001953125,5342.8798828125,5320.93017578125,5323.259765625,1914550000
2016-09-23,5305.75,5329.7099609375,5301.6298828125,5327.43017578125,1762700000
2016-09-26,5257.490234375,5282.27001953125,5254.9599609375,5275.72998046875,1672190000
2016-09-27,5305.7099609375,5306.81005859375,5251.31982421875,5254.18017578125,1754700000
2016-09-28,5318.5498046875,5320.6201171875,5284.83984375,5312.72998046875,1788240000
2016-09-29,5269.14990234375,5317.0,5254.52001953125,5311.31005859375,1946150000
2016-09-30,5312.0,5325.8798828125,5277.8798828125,5288.8701171875,2063260000
2016-10-03,5300.8701171875,5308.60009765625,5281.9501953125,5300.2900390625,1606460000
2016-10-04,5289.66015625,5323.60009765625,5271.7001953125,5313.490234375,1711810000
2016-10-05,5316.02001953125,5330.81005859375,5304.06005859375,5305.27978515625,1755640000
2016-10-06,5306.85009765625,5315.72998046875,5281.47021484375,5306.58984375,1655480000
2016-10-07,5292.39990234375,5315.64990234375,5266.7998046875,5314.919921875,1647330000
2016-10-10,5328.669921875,5340.52001953125,5317.72998046875,5318.4599609375,1365600000
2016-10-11,5246.7900390625,5321.81982421875,5227.43017578125,5321.81982421875,1822980000
2016-10-12,5239.02001953125,5257.18017578125,5228.77001953125,5247.91015625,1567930000
2016-10-13,5213.330078125,5228.259765625,5169.759765625,5200.2998046875,1737720000
2016-10-14,5214.16015625,5258.8798828125,5213.3701171875,5241.259765625,1593610000
2016-10-17,5199.81982421875,5219.97998046875,5196.02978515625,5213.68994140625,1427060000
2016-10-18,5243.83984375,5264.27001953125,5239.43994140625,5255.31982421875,1476970000
2016-10-19,5246.41015625,5253.830078125,5234.25,5240.330078125,1548910000
2016-10-20,5241.830078125,5252.10009765625,5216.0498046875,5238.2001953125,1745270000
2016-10-21,5257.39990234375,5259.1298828125,5225.759765625,5238.64990234375,1651490000
2016-10-24,5309.830078125,5311.5,5289.22998046875,5290.31005859375,1533370000
2016-10-25,5283.39990234375,5310.27001953125,5278.56982421875,5306.47021484375,1580830000
2016-10-26,5250.27001953125,5280.85009765625,5237.0498046875,5256.39990234375,1732300000
2016-10-27,5215.97021484375,5274.1201171875,5211.75,5272.18994140625,1926820000
2016-10-28,5190.10009765625,5232.35009765625,5178.759765625,5203.7001953125,1911810000
2016-10-31,5189.14013671875,5206.7099609375,5186.56005859375,5205.08984375,1709060000
2016-11-01,5153.580078125,5201.1298828125,5112.31982421875,5199.77001953125,1880920000
2016-11-02,5105.56982421875,5156.7001953125,5097.56005859375,5147.27978515625,2124990000
2016-11-03,5058.41015625,5115.06005859375,5053.52001953125,5104.7001953125,2113730000
2016-11-04,5046.3701171875,5087.509765625,5034.41015625,5034.41015625,2020130000
2016-11-07,5166.169921875,5169.41015625,5122.77001953125,5128.990234375,1916620000
2016-11-08,5193.490234375,5214.169921875,5145.2998046875,5154.990234375,1739440000
2016-11-09,5251.06982421875,5258.990234375,5143.85986328125,5143.85986328125,2827570000
2016-11-10,5208.7998046875,5302.68017578125,5145.31982421875,5283.47998046875,2986760000
2016-11-11,5237.10986328125,5241.080078125,5179.64013671875,5191.81982421875,2290080000
2016-11-14,5218.39990234375,5247.169921875,5192.0498046875,5246.330078125,2371900000
2016-11-15,5275.6201171875,5287.06005859375,5236.25,5241.35009765625,2159180000
2016-11-16,5294.580078125,5299.6298828125,5251.8798828125,5253.740234375,2066130000
2016-11-17,5333.97021484375,5334.0498046875,5288.16015625,5295.06982421875,2084710000
2016-11-18,5321.509765625,5346.7998046875,5315.52978515625,5340.97021484375,1865770000
2016-11-21,5368.85986328125,5369.830078125,5334.16015625,5336.77978515625,1748170000
2016-11-22,5386.35009765625,5392.259765625,5365.60009765625,5384.75,1890410000
2016-11-23,5380.68017578125,5380.68017578125,5350.68017578125,5366.5498046875,1617700000
2016-11-25,5398.919921875,5398.919921875,5379.27978515625,5388.490234375,768080000
2016-11-28,5368.81005859375,5396.27001953125,5364.91015625,5387.919921875,1630150000
2016-11-29,5379.919921875,5403.85986328125,5360.56005859375,5370.97998046875,1791760000
2016-11-30,5323.68017578125,5393.14990234375,5323.68017578125,5391.35009765625,2056060000
2016-12-01,5251.10986328125,5326.33984375,5238.2099609375,5323.8798828125,2269790000
2016-12-02,5255.64990234375,5274.5400390625,5239.27001953125,5249.02001953125,1851030000
2016-12-05,5308.89013671875,5321.08984375,5269.56982421875,5283.580078125,1800570000
2016-12-06,5333.0,5333.990234375,5299.93994140625,5317.740234375,1977480000
2016-12-07,5393.759765625,5397.93017578125,5307.31005859375,5322.669921875,2125370000
2016-12-08,5417.35986328125,5425.52001953125,5389.10009765625,5394.14990234375,2236580000
2016-12-09,5444.5,5450.16015625,5427.1201171875,5436.10986328125,2042340000
2016-12-12,5412.5400390625,5434.89990234375,5394.419921875,5428.22021484375,1931840000
2016-12-13,5463.830078125,5486.75,5430.72021484375,5433.56982421875,2094860000
2016-12-14,5436.669921875,5476.25,5425.72998046875,5465.68994140625,1976570000
2016-12-15,5456.85009765625,5485.1201171875,5439.39013671875,5443.509765625,2101320000
2016-12-16,5437.16015625,5474.580078125,5426.009765625,5467.81982421875,3281480000
2016-12-19,5457.43994140625,5483.419921875,5436.5400390625,5441.2001953125,1688680000
2016-12-20,5483.93994140625,5489.47021484375,5471.7099609375,5473.52978515625,1679630000
2016-12-21,5471.43017578125,5486.259765625,5465.31005859375,5482.6298828125,1496850000
2016-12-22,5447.419921875,5472.009765625,5432.77001953125,5472.009765625,1585470000
2016-12-23,5462.68994140625,5462.68994140625,5441.759765625,5441.759765625,1144900000
2016-12-27,5487.43994140625,5512.3701171875,5469.60986328125,5470.759765625,1219050000
2016-12-28,5438.56005859375,5498.91015625,5434.7001953125,5497.43994140625,1326660000
2016-12-29,5432.08984375,5450.6298828125,5415.18017578125,5437.509765625,1266350000
2016-12-30,5383.1201171875,5441.89990234375,5371.89013671875,5440.169921875,1551690000
2017-01-03,5429.080078125,5452.56982421875,5397.990234375,5425.6201171875,1887670000
2017-01-04,5477.0,5482.35009765625,5440.240234375,5440.91015625,1885490000
2017-01-05,5487.93994140625,5495.85009765625,5464.35986328125,5474.39013671875,1799170000
2017-01-06,5521.06005859375,5536.52001953125,5482.81005859375,5499.080078125,1711870000
2017-01-09,5531.81982421875,5541.080078125,5517.14013671875,5527.580078125,1887740000
2017-01-10,5551.81982421875,5564.25,5528.10986328125,5536.5400390625,1798610000
2017-01-11,5563.64990234375,5564.080078125,5524.02978515625,5550.72021484375,1960830000
2017-01-12,5547.490234375,5550.669921875,5496.81982421875,5542.56005859375,1805840000
2017-01-13,5574.1201171875,5584.259765625,5557.2001953125,5557.56982421875,1611260000
2017-01-17,5538.72998046875,5557.0498046875,5527.22021484375,5555.16015625,1759440000
2017-01-18,5555.64990234375,5555.97998046875,5534.77001953125,5546.93994140625,1686260000
2017-01-19,5540.080078125,5571.52978515625,5528.3701171875,5560.60986328125,1809900000
2017-01-20,5555.330078125,5574.35009765625,5542.22998046875,5556.8701171875,1750340000
2017-01-23,5552.93994140625,5564.14013671875,5522.68994140625,5546.64013671875,1652370000
2017-01-24,5600.9599609375,5606.52978515625,5558.490234375,5568.27001953125,1808560000
2017-01-25,5656.33984375,5658.58984375,5634.330078125,5635.85986328125,1964040000
2017-01-26,5655.18017578125,5669.60986328125,5647.64990234375,5666.27978515625,1837020000
2017-01-27,5660.77978515625,5667.4501953125,5643.89990234375,5664.8798828125,1669190000
2017-01-30,5613.7099609375,5636.08984375,5578.759765625,5635.85986328125,1782380000
2017-01-31,5614.7900390625,5615.14990234375,5576.08984375,5592.8701171875,2047460000
2017-02-01,5642.64990234375,5662.10986328125,5621.02978515625,5654.509765625,2239570000
2017-02-02,5636.2001953125,5656.009765625,5616.39990234375,5627.14990234375,2077010000
2017-02-03,5666.77001953125,5666.83984375,5647.580078125,5650.72998046875,1792330000
2017-02-06,5663.5498046875,5668.2001953125,5650.259765625,5656.9501953125,1736140000
2017-02-07,5674.22021484375,5689.60009765625,5664.81982421875,5674.85986328125,1922030000
2017-02-08,5682.4501953125,5686.9599609375,5649.39013671875,5662.9501953125,1947100000
2017-02-09,5715.18017578125,5722.7099609375,5685.14990234375,5688.02001953125,1948120000
2017-02-10,5734.1298828125,5743.43017578125,5717.419921875,5726.169921875,1867270000
2017-02-13,5763.9599609375,5770.990234375,5751.919921875,5753.18994140625,1843480000
2017-02-14,5782.56982421875,5783.08984375,5748.740234375,5756.509765625,1952370000
2017-02-15,5819.43994140625,5821.9501953125,5776.7001953125,5777.89990234375,2094140000
2017-02-16,5814.89990234375,5835.14990234375,5796.7099609375,5823.009765625,1945600000
2017-02-17,5838.580078125,5838.580078125,5800.7998046875,5807.31005859375,1879030000
2017-02-21,5865.9501953125,5867.89013671875,5847.5,5850.2001953125,1940110000
2017-02-22,5860.6298828125,5864.419921875,5848.27978515625,5857.56005859375,1874710000
2017-02-23,5835.509765625,5866.9599609375,5809.5498046875,5866.81982421875,1881490000
2017-02-24,5845.31005859375,5845.31005859375,5800.5498046875,5802.330078125,1684650000
2017-02-27,5861.89990234375,5861.89990234375,5827.0,5835.0400390625,1882610000
2017-02-28,5825.43994140625,5855.06982421875,5817.22021484375,5852.7900390625,2303390000
2017-03-01,5904.02978515625,5911.7900390625,5865.7900390625,5874.85986328125,2220350000
2017-03-02,5861.22021484375,5897.009765625,5856.2998046875,5897.009765625,2043610000
2017-03-03,5870.75,5870.75,5841.47021484375,5854.27001953125,1853600000
2017-03-06,5849.18017578125,5857.740234375,5827.4599609375,5846.419921875,1774040000
2017-03-07,5833.93017578125,5859.77001953125,5826.31982421875,5836.1201171875,1825510000
2017-03-08,5837.5498046875,5860.6298828125,5832.6298828125,5838.43994140625,1813080000
2017-03-09,5838.81005859375,5852.5400390625,5812.080078125,5834.669921875,1886780000
2017-03-10,5861.72998046875,5872.60009765625,5835.43994140625,5867.16015625,1999440000
2017-03-13,5875.77978515625,5877.43017578125,5860.830078125,5863.47998046875,1812460000
2017-03-14,5856.81982421875,5860.5,5831.8798828125,5860.06982421875,1664870000
2017-03-15,5900.0498046875,5911.2001953125,5858.16015625,5869.97998046875,1955400000
2017-03-16,5900.759765625,5911.47998046875,5887.240234375,5907.85986328125,1770640000
2017-03-17,5901.0,5912.60986328125,5890.419921875,5898.580078125,3189970000
2017-03-20,5901.52978515625,5915.1201171875,5888.1201171875,5898.81005859375,1736790000
2017-03-21,5793.830078125,5928.06005859375,5790.72998046875,5923.419921875,2199920000
2017-03-22,5821.64013671875,5825.669921875,5781.7998046875,5790.58984375,1860290000
2017-03-23,5817.68994140625,5842.81982421875,5806.97998046875,5812.31005859375,1746990000
2017-03-24,5828.740234375,5858.9501953125,5807.830078125,5839.330078125,1855040000
2017-03-27,5840.3701171875,5849.2001953125,5769.39013671875,5776.330078125,1673060000
2017-03-28,5875.14013671875,5888.7001953125,5828.85986328125,5836.5,1823600000
2017-03-29,5897.5498046875,5900.8701171875,5870.93017578125,5875.35009765625,1722190000
2017-03-30,5914.33984375,5916.77001953125,5894.0,5896.14990234375,1732100000
2017-03-31,5911.740234375,5927.81005859375,5901.77001953125,5905.6298828125,1905150000
2017-04-03,5894.68017578125,5928.93017578125,5867.72998046875,5917.31982421875,1852990000
2017-04-04,5898.60986328125,5901.39013671875,5878.759765625,5878.759765625,1795260000
2017-04-05,5864.47998046875,5936.39013671875,5856.259765625,5911.919921875,2208600000
2017-04-06,5878.9501953125,5889.580078125,5856.22021484375,5870.52001953125,1849790000
2017-04-07,5877.81005859375,5892.06982421875,5855.509765625,5873.93994140625,1703730000
2017-04-10,5880.93017578125,5907.85009765625,5865.56005859375,5883.43017578125,1633190000
2017-04-11,5866.77001953125,5878.93994140625,5819.2900390625,5871.16015625,1830760000
2017-04-12,5836.16015625,5868.08984375,5830.43994140625,5863.58984375,1666570000
2017-04-13,5805.14990234375,5856.5400390625,5805.14990234375,5828.3701171875,1587150000
2017-04-17,5856.7900390625,5856.7900390625,5818.2001953125,5821.5498046875,1383550000
2017-04-18,5849.47021484375,5860.0400390625,5828.56982421875,5838.58984375,1610230000
2017-04-19,5863.02978515625,5894.68017578125,5856.33984375,5874.43017578125,1754240000
2017-04-20,5916.77978515625,5926.22998046875,5880.2001953125,5887.8701171875,1751490000
2017-04-21,5910.52001953125,5919.22998046875,5899.43017578125,5919.02001953125,1736420000
2017-04-24,5983.81982421875,5989.919921875,5970.25,5979.9599609375,1842880000
2017-04-25,6025.490234375,6036.02001953125,6002.64990234375,6004.16015625,1898120000
2017-04-26,6025.22998046875,6040.89013671875,6021.72021484375,6028.1201171875,1899570000
2017-04-27,6048.93994140625,6050.7001953125,6031.58984375,6038.47021484375,1883610000
2017-04-28,6047.60986328125,6074.0400390625,6040.7099609375,6072.8701171875,2005870000
2017-05-01,6091.60009765625,6100.72998046875,6061.35009765625,6067.56005859375,1763100000
2017-05-02,6095.3701171875,6102.72021484375,6081.56005859375,6102.509765625,2162610000
2017-05-03,6072.5498046875,6076.9599609375,6053.27978515625,6075.0400390625,2152850000
2017-05-04,6075.33984375,6080.81982421875,6054.330078125,6075.06005859375,2059820000
2017-05-05,6100.759765625,6100.759765625,6067.16015625,6091.68994140625,1903040000
2017-05-08,6102.66015625,6106.1201171875,6083.06005859375,6100.66015625,1912030000
2017-05-09,6120.58984375,6133.0,6107.58984375,6111.81982421875,2005820000
2017-05-10,6129.14013671875,6131.64013671875,6103.8701171875,6121.64013671875,2111850000
2017-05-11,6115.9599609375,6120.2001953125,6075.68017578125,6110.0498046875,1952650000
2017-05-12,6121.22998046875,6122.83984375,6105.419921875,6119.27001953125,1749010000
2017-05-15,6149.669921875,6153.0400390625,6124.7900390625,6128.10986328125,1865450000
2017-05-16,6169.8701171875,6170.16015625,6139.10009765625,6160.52001953125,2006980000
2017-05-17,6011.240234375,6122.8701171875,6009.47998046875,6108.6201171875,2355460000
2017-05-18,6055.1298828125,6073.4501953125,5996.81005859375,5998.4599609375,2134610000
2017-05-19,6083.7001953125,6106.5498046875,6070.22998046875,6070.22998046875,1908030000
2017-05-22,6133.6201171875,6135.919921875,6097.240234375,6098.25,1728190000
2017-05-23,6138.7099609375,6150.91015625,6121.7900390625,6149.5498046875,1709140000
2017-05-24,6163.02001953125,6166.08984375,6139.330078125,6154.18017578125,1672380000
2017-05-25,6205.259765625,6217.33984375,6174.52001953125,6183.02001953125,1775750000
2017-05-26,6210.18994140625,6211.52001953125,6196.66015625,6207.0400390625,1573200000
2017-05-30,6203.18994140625,6217.1298828125,6200.41015625,6204.18017578125,1690930000
2017-05-31,6198.52001953125,6221.990234375,6164.06982421875,6221.6298828125,2212130000
2017-06-01,6246.830078125,6247.06982421875,6200.4501953125,6215.91015625,1946000000
2017-06-02,6305.7998046875,6308.759765625,6253.77001953125,6261.58984375,1825450000
2017-06-05,6295.68017578125,6310.6201171875,6292.14990234375,6305.47021484375,1742160000
2017-06-06,6275.06005859375,6304.2099609375,6269.8701171875,6281.8798828125,1893110000
2017-06-07,6297.3798828125,6302.77978515625,6267.18017578125,6290.43994140625,1827220000
2017-06-08,6321.759765625,6324.06005859375,6282.93017578125,6311.72998046875,2134350000
2017-06-09,6207.919921875,6341.7001953125,6137.68017578125,6330.25,3154590000
2017-06-12,6175.4599609375,6183.81005859375,6110.669921875,6153.56005859375,2588860000
2017-06-13,6220.3701171875,6226.41015625,6180.0400390625,6206.1201171875,2063930000
2017-06-14,6194.89013671875,6237.52978515625,6153.5498046875,6237.4599609375,1949040000
2017-06-15,6165.5,6170.14990234375,6107.85009765625,6127.0498046875,1870010000
2017-06-16,6151.759765625,6161.56005859375,6125.5,6154.27978515625,3133000000
2017-06-19,6239.009765625,6243.31005859375,6194.0,6196.85009765625,1989290000
2017-06-20,6188.02978515625,6234.009765625,6186.93994140625,6229.6201171875,2580440000
2017-06-21,6233.9501953125,6236.66015625,6200.85986328125,6202.75,2408800000
2017-06-22,6236.68994140625,6257.68017578125,6221.9599609375,6239.14990234375,2177430000
2017-06-23,6265.25,6269.3701171875,6218.77978515625,6234.35009765625,4164310000
2017-06-26,6247.14990234375,6303.4501953125,6233.43017578125,6292.72998046875,2155460000
2017-06-27,6146.6201171875,6234.31982421875,6146.6201171875,6227.89990234375,2189250000
2017-06-28,6234.41015625,6238.2900390625,6144.7998046875,6173.10009765625,2077390000
2017-06-29,6144.35009765625,6216.60009765625,6087.81005859375,6215.490234375,2410510000
2017-06-30,6140.419921875,6170.6298828125,6129.0400390625,6166.83984375,2011720000
2017-07-03,6110.06005859375,6177.35986328125,6106.1201171875,6173.2900390625,1091030000
2017-07-05,6150.85986328125,6163.6201171875,6100.419921875,6122.06005859375,1874040000
2017-07-06,6089.4599609375,6127.97998046875,6081.9599609375,6109.60009765625,1993290000
2017-07-07,6153.080078125,6164.93994140625,6111.2099609375,6111.2099609375,1712490000
2017-07-10,6176.39013671875,6191.27001953125,6141.830078125,6156.02978515625,1681270000
2017-07-11,6193.2998046875,6200.580078125,6149.8701171875,6171.25,1812560000
2017-07-12,6261.169921875,6265.64013671875,6236.81982421875,6238.89990234375,1827740000
2017-07-13,6274.43994140625,6281.4501953125,6251.259765625,6269.10009765625,1806160000
2017-07-14,6312.47021484375,6321.759765625,6278.7001953125,6289.080078125,1615440000
2017-07-17,6314.43017578125,6330.97021484375,6307.33984375,6320.35009765625,1563390000
2017-07-18,6344.31005859375,6344.5498046875,6291.06982421875,6304.81982421875,1773220000
2017-07-19,6385.0400390625,6387.72998046875,6362.18994140625,6363.240234375,1867470000
2017-07-20,6390.0,6398.259765625,6365.68017578125,6396.4599609375,1850000000
2017-07-21,6387.75,6388.77978515625,6365.1201171875,6383.0498046875,1807110000
2017-07-24,6410.81005859375,6417.7001953125,6380.60986328125,6387.81982421875,1748140000
2017-07-25,6412.169921875,6425.4501953125,6396.8701171875,6407.58984375,1930840000
2017-07-26,6422.75,6432.3798828125,6416.2998046875,6425.93017578125,1996680000
2017-07-27,6382.18994140625,6460.83984375,6318.6201171875,6459.759765625,2501400000
2017-07-28,6374.68017578125,6379.7001953125,6337.22021484375,6350.27001953125,1877100000
2017-07-31,6348.1201171875,6396.58984375,6338.7900390625,6394.68994140625,1898830000
2017-08-01,6362.93994140625,6375.75,6345.75,6372.16015625,1821780000
2017-08-02,6362.64990234375,6394.2099609375,6313.43017578125,6393.10009765625,2115870000
2017-08-03,6340.33984375,6368.52978515625,6331.14013671875,6366.240234375,2124100000
2017-08-04,6351.56005859375,6361.490234375,6329.72998046875,6350.7900390625,1908930000
2017-08-07,6383.77001953125,6386.02978515625,6356.22998046875,6361.06005859375,1704010000
2017-08-08,6370.4599609375,6423.35009765625,6355.8798828125,6373.330078125,1931490000
2017-08-09,6352.330078125,6355.0400390625,6309.43994140625,6322.919921875,2037810000
2017-08-10,6216.8701171875,6318.27978515625,6214.41015625,6312.64990234375,2214990000
2017-08-11,6256.56005859375,6266.89013671875,6216.18994140625,6222.18017578125,1799780000
2017-08-14,6340.22998046875,6346.830078125,6305.5498046875,6306.10986328125,1702570000
2017-08-15,6333.009765625,6350.740234375,6324.75,6350.509765625,1582560000
2017-08-16,6345.10986328125,6374.56005859375,6330.27001953125,6348.10986328125,1809070000
2017-08-17,6221.91015625,6334.22998046875,6221.91015625,6322.72021484375,2052940000
2017-08-18,6216.52978515625,6254.22021484375,6193.3798828125,6222.4599609375,1968470000
2017-08-21,6213.1298828125,6226.93017578125,6177.18994140625,6216.31982421875,1582990000
2017-08-22,6297.47998046875,6302.83984375,6241.2099609375,6241.2099609375,1599760000
2017-08-23,6278.41015625,6291.2998046875,6263.2900390625,6263.47021484375,1535320000
2017-08-24,6271.330078125,6302.85009765625,6244.56982421875,6294.81982421875,1618660000
2017-08-25,6265.64013671875,6308.72021484375,6257.10009765625,6293.81005859375,1445590000
2017-08-28,6283.02001953125,6292.259765625,6267.85009765625,6286.009765625,1565110000
2017-08-29,6301.89013671875,6311.259765625,6228.72998046875,6228.89990234375,1639810000
2017-08-30,6368.31005859375,6374.47021484375,6303.56982421875,6308.68017578125,1717060000
2017-08-31,6428.66015625,6435.27001953125,6383.580078125,6385.7998046875,1889500000
2017-09-01,6435.330078125,6449.64990234375,6417.8701171875,6442.169921875,1489120000
2017-09-05,6375.56982421875,6426.509765625,6334.58984375,6414.81982421875,1889620000
2017-09-06,6393.31005859375,6407.39990234375,6356.2001953125,6394.35009765625,1902720000
2017-09-07,6397.8701171875,6413.06982421875,6379.81005859375,6402.93994140625,2000910000
2017-09-08,6360.18994140625,6391.41015625,6354.9599609375,6389.64990234375,1786070000
2017-09-11,6432.259765625,6439.10986328125,6410.7099609375,6411.18017578125,1819310000
2017-09-12,6454.27978515625,6455.02978515625,6429.5400390625,6448.81005859375,1747620000
2017-09-13,6460.18994140625,6460.419921875,6433.2001953125,6440.72021484375,1944630000
2017-09-14,6429.080078125,6455.31982421875,6424.0400390625,6439.4599609375,1817840000
2017-09-15,6448.47021484375,6464.27001953125,6419.64990234375,6426.16015625,2827910000
2017-09-18,6454.64013671875,6477.77001953125,6438.41015625,6460.10009765625,1881900000
2017-09-19,6461.31982421875,6467.7900390625,6446.75,6465.56982421875,1816080000
2017-09-20,6456.0400390625,6466.0498046875,6414.22998046875,6459.740234375,2083580000
2017-09-21,6422.68994140625,6448.56982421875,6405.2998046875,6448.56982421875,1779600000
2017-09-22,6426.919921875,6429.5400390625,6400.81005859375,6401.43994140625,1648690000
2017-09-25,6370.58984375,6408.0498046875,6343.9599609375,6403.10986328125,2061150000
2017-09-26,6380.16015625,6405.0,6364.56982421875,6391.85009765625,1935990000
2017-09-27,6453.259765625,6472.64990234375,6405.35986328125,6414.3701171875,2068400000
2017-09-28,6453.4501953125,6456.22998046875,6427.66015625,6437.9599609375,1882790000
2017-09-29,6495.9599609375,6497.97998046875,6454.85986328125,6461.27978515625,1970720000
2017-10-02,6516.72021484375,6527.22021484375,6484.14013671875,6506.080078125,1984400000
2017-10-03,6531.7099609375,6532.18017578125,6509.7099609375,6523.740234375,1972760000
2017-10-04,6534.6298828125,6546.4599609375,6513.1201171875,6521.9599609375,1941470000
2017-10-05,6585.35986328125,6587.2099609375,6547.64990234375,6552.8701171875,1888970000
2017-10-06,6590.18017578125,6590.18017578125,6566.83984375,6566.9501953125,1752170000
2017-10-09,6579.72998046875,6599.33984375,6572.43994140625,6597.3701171875,1494160000
2017-10-10,6587.25,6608.2998046875,6561.77978515625,6602.490234375,1802480000
2017-10-11,6603.5498046875,6604.2099609375,6577.990234375,6586.72998046875,1837860000
2017-10-12,6591.509765625,6613.5,6586.31982421875,6594.759765625,2020330000
2017-10-13,6605.7998046875,6616.580078125,6602.2001953125,6613.2099609375,1761700000
2017-10-16,6624.0,6632.5,6607.02978515625,6622.5498046875,1632240000
2017-10-17,6623.66015625,6628.60009765625,6613.2099609375,6621.419921875,1653160000
2017-10-18,6624.22021484375,6635.52001953125,6613.5498046875,6634.259765625,1738060000
2017-10-19,6605.06982421875,6605.2900390625,6558.52978515625,6583.7001953125,1847020000
2017-10-20,6629.0498046875,6640.02978515625,6622.919921875,6633.3701171875,1812220000
2017-10-23,6586.830078125,6641.56982421875,6581.14990234375,6641.56982421875,1813080000
2017-10-24,6598.43017578125,6611.89990234375,6582.06005859375,6598.60986328125,1852610000
2017-10-25,6563.89013671875,6600.64013671875,6517.93017578125,6587.22021484375,2205790000
2017-10-26,6556.77001953125,6582.759765625,6550.02978515625,6567.58984375,2125640000
2017-10-27,6701.259765625,6708.1298828125,6625.77978515625,6635.02978515625,2414520000
2017-10-30,6698.9599609375,6727.39013671875,6677.14990234375,6693.77001953125,2015920000
2017-10-31,6727.669921875,6737.75,6705.7900390625,6713.7099609375,2054220000
2017-11-01,6716.52978515625,6759.66015625,6691.47998046875,6758.64013671875,2074230000
2017-11-02,6714.93994140625,6719.97021484375,6677.5498046875,6709.39013671875,2282300000
2017-11-03,6764.43994140625,6765.14013671875,6712.93017578125,6737.08984375,2203880000
2017-11-06,6786.43994140625,6790.669921875,6763.169921875,6763.2998046875,2173120000
2017-11-07,6767.77978515625,6795.52001953125,6750.35009765625,6785.43994140625,2209280000
2017-11-08,6789.1201171875,6791.64990234375,6753.33984375,6764.85009765625,2121340000
2017-11-09,6750.0498046875,6758.93017578125,6687.27978515625,6737.4501953125,2243500000
2017-11-10,6750.93994140625,6757.33984375,6727.35009765625,6736.39013671875,1979120000
2017-11-13,6757.60009765625,6766.2998046875,6723.43017578125,6727.39013671875,1976460000
2017-11-14,6737.8701171875,6743.6298828125,6709.27001953125,6733.8701171875,1988230000
2017-11-15,6706.2099609375,6725.31982421875,6667.31005859375,6700.68017578125,1923730000
2017-11-16,6793.2900390625,6806.669921875,6742.33984375,6742.33984375,2020380000
2017-11-17,6782.7900390625,6797.75,6777.43017578125,6794.4501953125,2009220000
2017-11-20,6790.7099609375,6795.830078125,6779.490234375,6789.27978515625,1811750000
2017-11-21,6862.47998046875,6862.66015625,6820.02001953125,6820.5498046875,1891960000
2017-11-22,6867.35986328125,6874.52001953125,6859.27978515625,6869.52978515625,1589150000
2017-11-24,6889.16015625,6890.02001953125,6873.740234375,6878.10986328125,872110000
2017-11-27,6878.52001953125,6897.43017578125,6867.89013671875,6889.91015625,1781550000
2017-11-28,6912.35986328125,6914.18994140625,6866.2099609375,6893.72021484375,2003840000
2017-11-29,6824.39013671875,6908.330078125,6793.9501953125,6907.27978515625,2456990000
2017-11-30,6873.97021484375,6888.64990234375,6838.47998046875,6852.7998046875,2468530000
2017-12-01,6847.58984375,6872.169921875,6737.16015625,6844.0400390625,2302140000
2017-12-04,6775.3701171875,6899.22998046875,6770.68994140625,6897.1298828125,2427170000
2017-12-05,6762.2099609375,6836.4501953125,6752.31982421875,6759.14013671875,2085760000
2017-12-06,6776.3798828125,6787.419921875,6734.1298828125,6742.06982421875,1901770000
2017-12-07,6812.83984375,6829.2900390625,6778.2001953125,6785.740234375,1953740000
2017-12-08,6840.080078125,6870.47998046875,6831.60986328125,6859.9501953125,1825640000
2017-12-11,6875.080078125,6879.7998046875,6844.8798828125,6847.64013671875,1836780000
2017-12-12,6862.31982421875,6884.7998046875,6856.2998046875,6872.7099609375,1872810000
2017-12-13,6875.7998046875,6897.6201171875,6871.8701171875,6880.41015625,1931090000
2017-12-14,6856.52978515625,6901.1298828125,6851.6298828125,6887.3798828125,1990090000
2017-12-15,6936.580078125,6945.81982421875,6871.4501953125,6871.5498046875,3529590000
2017-12-18,6994.759765625,7003.89013671875,6975.5400390625,6980.39990234375,2150580000
2017-12-19,6963.85009765625,6995.8798828125,6951.490234375,6991.25,2084190000
2017-12-20,6960.9599609375,6991.25,6935.419921875,6991.25,1888140000
2017-12-21,6965.35986328125,6992.6298828125,6961.2099609375,6972.8798828125,1827410000
2017-12-22,6959.9599609375,6962.259765625,6944.4501953125,6958.02001953125,1541880000
2017-12-26,6936.25,6942.14013671875,6915.56005859375,6928.919921875,1301000000
2017-12-27,6939.33984375,6955.3798828125,6931.33984375,6941.4501953125,1411010000
2017-12-28,6950.16015625,6954.7998046875,6936.75,6953.3798828125,1319870000
2017-12-29,6903.39013671875,6954.97998046875,6903.39013671875,6952.60986328125,1575290000
2018-01-02,7006.89990234375,7006.91015625,6924.080078125,6937.64990234375,1929700000
2018-01-03,7065.52978515625,7069.14990234375,7016.7001953125,7017.06982421875,2173130000
2018-01-04,7077.91015625,7098.0498046875,7072.3798828125,7089.5,2103220000
2018-01-05,7136.56005859375,7137.0400390625,7097.080078125,7105.740234375,2024000000
2018-01-08,7157.39013671875,7161.35009765625,7124.08984375,7135.3798828125,2055010000
2018-01-09,7163.580078125,7181.14013671875,7148.2998046875,7174.18994140625,2155810000
2018-01-10,7153.56982421875,7154.240234375,7111.52001953125,7129.830078125,2132430000
2018-01-11,7211.77978515625,7211.77978515625,7163.22998046875,7168.72998046875,2015170000
2018-01-12,7261.06005859375,7265.259765625,7205.18017578125,7208.169921875,1986600000
2018-01-16,7223.68994140625,7330.330078125,7205.93017578125,7307.18994140625,2399790000
2018-01-17,7298.27978515625,7309.35986328125,7229.31982421875,7257.77001953125,2245910000
2018-01-18,7296.0498046875,7313.89013671875,7276.10986328125,7293.64990234375,2037410000
2018-01-19,7336.3798828125,7336.3798828125,7297.27978515625,7312.0,2005470000
2018-01-22,7408.02978515625,7408.02978515625,7332.81005859375,7338.0400390625,2118310000
2018-01-23,7460.2900390625,7465.39013671875,7423.18017578125,7424.9501953125,2135840000
2018-01-24,7415.06005859375,7486.31982421875,7376.75,7474.16015625,2287320000
2018-01-25,7411.16015625,7458.52978515625,7388.580078125,7457.9501953125,2081380000
2018-01-26,7505.77001953125,7505.77001953125,7431.22021484375,7448.330078125,2080700000
2018-01-29,7466.509765625,7500.60986328125,7455.5498046875,7484.47021484375,2114420000
2018-01-30,7402.47998046875,7433.64990234375,7373.990234375,7388.89013671875,2183420000
2018-01-31,7411.47998046875,7453.990234375,7381.1201171875,7443.25,2428990000
2018-02-01,7385.85986328125,7441.08984375,7362.27978515625,7377.169921875,2311180000
2018-02-02,7240.9501953125,7364.43017578125,7238.18017578125,7347.58984375,2607160000
2018-02-05,6967.52978515625,7277.35986328125,6967.52978515625,7165.9599609375,3143210000
2018-02-06,7115.8798828125,7126.5498046875,6824.81982421875,6837.56005859375,3148270000
2018-02-07,7051.97998046875,7170.33984375,7051.52978515625,7086.2001953125,2380020000
2018-02-08,6777.16015625,7073.990234375,6776.77001953125,7067.2998046875,2730740000
2018-02-09,6874.490234375,6917.009765625,6630.669921875,6863.33984375,3165330000
2018-02-12,6981.9599609375,7023.6201171875,6879.68994140625,6936.68017578125,2250650000
2018-02-13,7013.509765625,7025.68017578125,6938.16015625,6942.16015625,1830320000
2018-02-14,7143.6201171875,7152.0498046875,6977.06982421875,6979.240234375,2217630000
2018-02-15,7256.43017578125,7256.93017578125,7130.39013671875,7200.75,2124060000
2018-02-16,7239.47021484375,7303.259765625,7226.3798828125,7236.509765625,2037710000
2018-02-20,7234.31005859375,7295.9501953125,7206.0,7209.02978515625,1921870000
2018-02-21,7218.22998046875,7338.64013671875,7218.10986328125,7258.47998046875,1956120000
2018-02-22,7210.08984375,7280.93017578125,7194.83984375,7252.4599609375,1927580000
2018-02-23,7337.39013671875,7337.830078125,7232.5,7261.35009765625,1887540000
2018-02-26,7421.4599609375,7421.85009765625,7360.25,7373.2998046875,1876560000
2018-02-27,7330.35009765625,7438.08984375,7330.35009765625,7416.169921875,2162250000
2018-02-28,7273.009765625,7386.7998046875,7273.009765625,7371.41015625,2384940000
2018-03-01,7180.56005859375,7307.85009765625,7117.66015625,7274.75,2499010000
2018-03-02,7257.8701171875,7267.18994140625,7084.830078125,7099.5400390625,2291480000
2018-03-05,7330.7099609375,7350.06982421875,7205.31005859375,7222.89013671875,2076870000
2018-03-06,7372.009765625,7378.02978515625,7319.68017578125,7366.60986328125,2132920000
2018-03-07,7396.64990234375,7403.7900390625,7311.740234375,7311.740234375,2198610000
2018-03-08,7427.9501953125,7435.009765625,7391.5,7422.77001953125,2277740000
2018-03-09,7560.81005859375,7560.81005859375,7469.02978515625,7475.97998046875,2310050000
2018-03-12,7588.31982421875,7609.10009765625,7563.43994140625,7581.0400390625,2314480000
2018-03-13,7511.009765625,7637.27001953125,7492.97998046875,7627.52001953125,2459220000
2018-03-14,7496.81005859375,7544.89013671875,7473.89990234375,7539.77978515625,2112950000
2018-03-15,7481.740234375,7525.43994140625,7463.18994140625,7509.240234375,2008290000
2018-03-16,7481.990234375,7514.2099609375,7473.68017578125,7504.3701171875,3089970000
2018-03-19,7344.240234375,7421.22998046875,7285.27001953125,7419.2001953125,2352810000
2018-03-20,7364.2998046875,7380.740234375,7331.240234375,7353.25,1976000000
2018-03-21,7345.2900390625,7415.66015625,7325.35009765625,7347.5,1999230000
2018-03-22,7166.68017578125,7303.18994140625,7164.3798828125,7257.5498046875,2370970000
2018-03-23,6992.669921875,7194.31005859375,6992.669921875,7170.68017578125,2455760000
2018-03-26,7220.5400390625,7225.830078125,7022.33984375,7125.2001953125,2341370000
2018-03-27,7008.81005859375,7255.5400390625,6963.68017578125,7255.47021484375,2347480000
2018-03-28,6949.22998046875,7036.08984375,6901.06982421875,6978.2998046875,2551950000
2018-03-29,7063.4501953125,7120.4599609375,6935.77978515625,6984.66015625,2593390000
2018-04-02,6870.1201171875,7044.7099609375,6805.9599609375,7016.169921875,2402670000
2018-04-03,6941.27978515625,6963.7099609375,6835.22998046875,6924.35009765625,2330900000
2018-04-04,7042.10986328125,7059.2900390625,6811.77001953125,6811.77001953125,2261580000
2018-04-05,7076.5498046875,7112.3798828125,7036.6201171875,7099.25,2153030000
2018-04-06,6915.10986328125,7066.64013671875,6877.759765625,6999.56982421875,2359780000
2018-04-09,6950.33984375,7074.9501953125,6944.9599609375,6971.4501953125,2089220000
2018-04-10,7094.2998046875,7117.97998046875,7014.8798828125,7060.990234375,2252020000
2018-04-11,7069.02978515625,7128.5400390625,7055.0,7055.0,1882090000
2018-04-12,7140.25,7166.0,7105.08984375,7112.02001953125,2027080000
2018-04-13,7106.64990234375,7183.6201171875,7078.14013671875,7179.6201171875,1768160000
2018-04-16,7156.27978515625,7178.509765625,7115.85009765625,7153.8701171875,1800450000
2018-04-17,7281.10009765625,7298.58984375,7206.5498046875,7215.1201171875,1935380000
2018-04-18,7295.240234375,7319.580078125,7259.89990234375,7292.3798828125,1908700000
2018-04-19,7238.06005859375,7277.4501953125,7215.169921875,7258.60986328125,1982090000
2018-04-20,7146.1298828125,7222.990234375,7123.490234375,7220.64013671875,1935160000
2018-04-23,7128.60009765625,7195.72021484375,7094.43017578125,7173.990234375,1744480000
2018-04-24,7007.35009765625,7171.669921875,6961.52001953125,7160.77001953125,2154270000
2018-04-25,7003.740234375,7030.740234375,6926.97021484375,7009.990234375,2055840000
2018-04-26,7118.68017578125,7143.93994140625,7055.66015625,7080.490234375,2141220000
2018-04-27,7119.7998046875,7197.14990234375,7083.9501953125,7195.52001953125,2050350000
2018-04-30,7066.27001953125,7169.7998046875,7065.41015625,7133.9501953125,1998570000
2018-05-01,7130.7001953125,7133.27001953125,7036.18017578125,7053.64990234375,1932660000
2018-05-02,7100.89990234375,7169.4599609375,7094.72021484375,7138.4501953125,2157860000
2018-05-03,7088.14990234375,7112.58984375,6991.14013671875,7065.02978515625,2355780000
2018-05-04,7209.6201171875,7228.259765625,7057.89013671875,7065.669921875,2040520000
2018-05-07,7265.2099609375,7291.740234375,7235.759765625,7241.81982421875,1950650000
2018-05-08,7266.89990234375,7278.81005859375,7224.7001953125,7255.33984375,2070970000
2018-05-09,7339.91015625,7344.7998046875,7259.0498046875,7281.52978515625,2250260000
2018-05-10,7404.97021484375,7414.14990234375,7353.6298828125,7355.89990234375,2250450000
2018-05-11,7402.8798828125,7417.669921875,7372.259765625,7393.97021484375,2085350000
2018-05-14,7411.31982421875,7458.419921875,7401.89013671875,7429.4501953125,2085850000
2018-05-15,7351.6298828125,7363.52001953125,7320.97021484375,7361.2998046875,2120380000
2018-05-16,7398.2998046875,7413.31982421875,7356.16015625,7356.22021484375,2103060000
2018-05-17,7382.47021484375,7425.39013671875,7350.4599609375,7379.580078125,1958970000
2018-05-18,7354.33984375,7381.16015625,7343.97021484375,7364.33984375,1982190000
2018-05-21,7394.0400390625,7431.830078125,7368.2099609375,7406.33984375,1997220000
2018-05-22,7378.4599609375,7432.52978515625,7370.330078125,7420.85009765625,1927420000
2018-05-23,7425.9599609375,7426.77978515625,7334.6201171875,7335.02978515625,1997090000
2018-05-24,7424.43017578125,7435.3798828125,7357.5,7421.990234375,2035460000
2018-05-25,7433.85009765625,7452.85009765625,7415.580078125,7422.2001953125,1771950000
2018-05-29,7396.58984375,7435.1298828125,7354.2900390625,7398.509765625,2095380000
2018-05-30,7462.4501953125,7473.81005859375,7423.669921875,7428.41015625,2058300000
2018-05-31,7442.1201171875,7492.419921875,7431.41015625,7455.580078125,2533360000
2018-06-01,7554.330078125,7557.3798828125,7487.22998046875,7487.66015625,2212330000
2018-06-04,7606.4599609375,7607.169921875,7561.2001953125,7570.080078125,2152170000
2018-06-05,7637.85986328125,7644.47998046875,7602.3798828125,7621.35986328125,2063270000
2018-06-06,7689.240234375,7691.64990234375,7622.31005859375,7652.7998046875,2198100000
2018-06-07,7635.06982421875,7697.41015625,7597.66015625,7697.41015625,2339720000
2018-06-08,7645.509765625,7653.580078125,7595.14013671875,7607.740234375,1949810000
2018-06-11,7659.93017578125,7677.2900390625,7642.8701171875,7647.240234375,1959360000
2018-06-12,7703.7900390625,7708.25,7669.52978515625,7673.8701171875,2019890000
2018-06-13,7695.7001953125,7748.9599609375,7686.64990234375,7713.89990234375,2197830000
2018-06-14,7761.0400390625,7768.60009765625,7723.52978515625,7723.52978515625,2193630000
2018-06-15,7746.3798828125,7755.72021484375,7704.33984375,7725.02978515625,3049870000
2018-06-18,7747.02978515625,7749.35986328125,7676.830078125,7692.9599609375,2102660000
2018-06-19,7725.58984375,7727.41015625,7635.72998046875,7658.47021484375,2283340000
2018-06-20,7781.509765625,7806.60009765625,7755.47998046875,7764.14990234375,2316420000
2018-06-21,7712.9501953125,7803.4501953125,7699.2001953125,7800.2998046875,2349640000
2018-06-22,7692.81982421875,7739.7099609375,7679.1201171875,7739.68994140625,3956300000
2018-06-25,7532.009765625,7639.72998046875,7477.72998046875,7631.1201171875,2423190000
2018-06-26,7561.6298828125,7597.490234375,7527.0,7553.740234375,2068870000
2018-06-27,7445.080078125,7610.669921875,7444.169921875,7586.330078125,2319650000
2018-06-28,7503.68017578125,7526.06982421875,7419.56005859375,7438.10986328125,2208870000
2018-06-29,7510.2998046875,7573.58984375,7502.9501953125,7544.1298828125,2208820000
2018-07-02,7567.68994140625,7568.10009765625,7443.10009765625,7451.89990234375,1777880000
2018-07-03,7502.669921875,7594.330078125,7498.5,7593.6298828125,1171420000
2018-07-05,7586.43017578125,7589.18994140625,7511.43017578125,7550.66015625,1754690000
2018-07-06,7688.39013671875,7695.81005859375,7588.64990234375,7595.93017578125,1718600000
2018-07-09,7756.2001953125,7757.27978515625,7702.06005859375,7731.740234375,1844440000
2018-07-10,7759.2001953125,7777.47998046875,7731.97998046875,7770.6298828125,1735230000
2018-07-11,7716.60986328125,7748.16015625,7696.580078125,7698.509765625,1768480000
2018-07-12,7823.919921875,7825.669921875,7746.759765625,7752.7099609375,1930830000
2018-07-13,7825.97998046875,7843.52001953125,7803.33984375,7827.6201171875,1727500000
2018-07-16,7805.72021484375,7838.81982421875,7791.97998046875,7831.740234375,1739360000
2018-07-17,7855.1201171875,7867.14990234375,7749.60986328125,7751.97021484375,1752210000
2018-07-18,7854.43994140625,7863.77001953125,7822.830078125,7859.43017578125,1881110000
2018-07-19,7825.2998046875,7849.85009765625,7811.14990234375,7829.7998046875,1886300000
2018-07-20,7820.2001953125,7860.25,7815.85986328125,7843.080078125,1796530000
2018-07-23,7841.8701171875,7846.759765625,7776.5498046875,7806.93017578125,1668270000
2018-07-24,7840.77001953125,7928.7900390625,7814.330078125,7914.35009765625,2021890000
2018-07-25,7932.240234375,7933.31005859375,7838.759765625,7839.08984375,1943820000
2018-07-26,7852.18017578125,7881.2998046875,7834.080078125,7848.0400390625,2289370000
2018-07-27,7737.419921875,7889.75,7698.9599609375,7889.75,2193410000
2018-07-30,7630.0,7740.259765625,7604.240234375,7735.27001953125,2154140000
2018-07-31,7671.7900390625,7709.490234375,7614.83984375,7654.58984375,2208610000
2018-08-01,7707.2900390625,7732.68017578125,7670.7099609375,7701.81982421875,2228950000
2018-08-02,7802.68994140625,7808.85009765625,7659.52001953125,7659.52001953125,2115490000
2018-08-03,7812.009765625,7824.06005859375,7783.2998046875,7819.22998046875,2035870000
2018-08-06,7859.68017578125,7859.68017578125,7801.8798828125,7809.5400390625,2245300000
2018-08-07,7883.66015625,7898.2001953125,7868.64990234375,7878.6201171875,2206400000
2018-08-08,7888.330078125,7901.68994140625,7864.4599609375,7880.0,2098100000
2018-08-09,7891.77978515625,7923.35009765625,7881.06005859375,7886.52001953125,2048170000
2018-08-10,7839.10986328125,7866.18994140625,7818.3701171875,7834.7099609375,2107530000
2018-08-13,7819.7099609375,7888.66015625,7814.27001953125,7848.0,1934100000
2018-08-14,7870.89013671875,7878.22998046875,7815.5,7847.8798828125,1938840000
2018-08-15,7774.1201171875,7832.66015625,7732.68994140625,7810.02001953125,2294100000
2018-08-16,7806.52001953125,7849.669921875,7795.740234375,7826.9501953125,1991410000
2018-08-17,7816.330078125,7830.77978515625,7752.68017578125,7786.64013671875,1850770000
2018-08-20,7821.009765625,7837.14013671875,7787.89990234375,7834.3701171875,1709500000
2018-08-21,7859.169921875,7897.68017578125,7836.7900390625,7840.08984375,1788860000
2018-08-22,7889.10009765625,7897.6298828125,7840.83984375,7844.0400390625,1669240000
2018-08-23,7878.4599609375,7926.31982421875,7866.52978515625,7886.47021484375,1888600000
2018-08-24,7945.97998046875,7949.7099609375,7907.10009765625,7907.81005859375,1892990000
2018-08-27,8017.89990234375,8024.93994140625,7976.60009765625,7989.64013671875,2333790000
2018-08-28,8030.0400390625,8046.31005859375,8009.58984375,8039.009765625,1980270000
2018-08-29,8109.68994140625,8113.56005859375,8042.10009765625,8044.33984375,1909880000
2018-08-30,8088.35986328125,8133.2998046875,8069.56982421875,8094.2001953125,2022720000
2018-08-31,8109.5400390625,8119.81982421875,8079.31005859375,8079.31005859375,1906900000
2018-09-04,8091.25,8104.06982421875,8042.14013671875,8087.9501953125,2238710000
2018-09-05,7995.169921875,8077.83984375,7962.35009765625,8073.52978515625,2602810000
2018-09-06,7922.72998046875,8001.97021484375,7885.490234375,7998.27001953125,2375380000
2018-09-07,7902.5400390625,7962.52978515625,7873.93017578125,7878.7900390625,2158930000
2018-09-10,7924.16015625,7945.02978515625,7890.39013671875,7939.56982421875,2055430000
2018-09-11,7972.47021484375,7986.31982421875,7880.919921875,7894.8701171875,2345080000
2018-09-12,7954.22998046875,7965.39013671875,7884.0498046875,7958.8701171875,2372320000
2018-09-13,8013.7099609375,8037.509765625,7989.85009765625,7999.93017578125,2332930000
2018-09-14,8010.0400390625,8040.830078125,7979.77978515625,8026.16015625,2069380000
2018-09-17,7895.7900390625,8002.77978515625,7890.06982421875,7992.2099609375,2303600000
2018-09-18,7956.10986328125,7986.10009765625,7901.009765625,7903.56982421875,2328260000
2018-09-19,7950.0400390625,7976.1201171875,7917.72998046875,7962.5498046875,2167720000
2018-09-20,8028.22998046875,8039.06005859375,7986.41015625,7993.52978515625,2306580000
2018-09-21,7986.9599609375,8057.259765625,7979.669921875,8041.68994140625,3729890000
2018-09-24,7993.25,7997.89990234375,7912.47021484375,7939.3798828125,2433260000
2018-09-25,8007.47021484375,8014.1201171875,7979.2900390625,8001.58984375,2328660000
2018-09-26,7990.3701171875,8067.02978515625,7982.759765625,8011.68017578125,2342370000
2018-09-27,8041.97021484375,8071.56005859375,8017.91015625,8021.22021484375,2073930000
2018-09-28,8046.35009765625,8065.06005859375,8015.8701171875,8024.5,2342120000
2018-10-01,8037.2998046875,8107.3798828125,8019.77001953125,8091.5,2299520000
2018-10-02,7999.5498046875,8054.14990234375,7983.990234375,8024.47021484375,2416800000
2018-10-03,8025.08984375,8053.93017578125,8012.02978515625,8034.64990234375,3095630000
2018-10-04,7879.509765625,7997.169921875,7833.16015625,7993.330078125,3302690000
2018-10-05,7788.4501953125,7902.669921875,7715.97021484375,7874.759765625,2699370000
2018-10-08,7735.9501953125,7797.31982421875,7654.83984375,7747.10009765625,2259300000
2018-10-09,7738.02001953125,7799.75,7718.9501953125,7728.509765625,2466440000
2018-10-10,7422.0498046875,7701.2001953125,7420.56005859375,7694.080078125,3111680000
2018-10-11,7329.06005859375,7493.2099609375,7274.0400390625,7388.06982421875,3154520000
2018-10-12,7496.89013671875,7516.68994140625,7368.330078125,7507.83984375,2674210000
2018-10-15,7430.740234375,7500.93017578125,7400.06982421875,7473.330078125,2167000000
2018-10-16,7645.490234375,7658.14013671875,7493.43994140625,7501.77978515625,2639760000
2018-10-17,7642.7001953125,7670.490234375,7563.08984375,7669.259765625,2385070000
2018-10-18,7485.14013671875,7616.85986328125,7452.4599609375,7616.47021484375,2567980000
2018-10-19,7449.02978515625,7582.89013671875,7428.2998046875,7530.16015625,2547790000
2018-10-22,7468.6298828125,7520.5400390625,7424.740234375,7486.740234375,2301010000
2018-10-23,7437.5400390625,7472.580078125,7260.1298828125,7328.5498046875,2752010000
2018-10-24,7108.39990234375,7435.68994140625,7099.0,7423.2099609375,2959560000
2018-10-25,7318.33984375,7364.81982421875,7178.5400390625,7197.490234375,2788090000
2018-10-26,7167.2099609375,7283.31982421875,7057.0,7125.18017578125,2971530000
2018-10-29,7050.2900390625,7295.60986328125,6922.830078125,7272.419921875,2711900000
2018-10-30,7161.64990234375,7166.83984375,7001.47998046875,7017.8701171875,2699220000
2018-10-31,7305.89990234375,7368.490234375,7270.6298828125,7276.6201171875,2918880000
2018-11-01,7434.06005859375,7435.8798828125,7286.5,7327.81982421875,2728760000
2018-11-02,7356.990234375,7466.52978515625,7298.68017578125,7424.02001953125,2899670000
2018-11-05,7328.85009765625,7349.22998046875,7255.8798828125,7344.080078125,2186310000
2018-11-06,7375.9599609375,7400.64013671875,7320.89013671875,7326.06982421875,2300920000
2018-11-07,7570.75,7572.93017578125,7435.8701171875,7446.08984375,2687410000
2018-11-08,7530.8798828125,7566.93017578125,7499.7099609375,7544.169921875,2475160000
2018-11-09,7406.89990234375,7474.33984375,7349.47998046875,7468.509765625,2426750000
2018-11-12,7200.8701171875,7371.08984375,7193.77001953125,7364.0498046875,2305340000
2018-11-13,7200.8701171875,7319.1201171875,7182.85986328125,7230.68994140625,2361240000
2018-11-14,7136.39013671875,7285.56982421875,7101.169921875,7265.39013671875,2566210000
2018-11-15,7259.02978515625,7274.259765625,7072.35986328125,7112.830078125,2523500000
2018-11-16,7247.8701171875,7274.85986328125,7171.7001953125,7193.60009765625,2466980000
2018-11-19,7028.47998046875,7224.1201171875,7011.39990234375,7217.240234375,2381430000
2018-11-20,6908.81982421875,6994.75,6830.759765625,6867.43017578125,2672250000
2018-11-21,6972.25,7029.93017578125,6951.6201171875,6985.509765625,1867840000
2018-11-23,6938.97998046875,6987.89013671875,6919.16015625,6919.52001953125,958950000
2018-11-26,7081.85009765625,7083.93017578125,7003.1201171875,7026.5,2036910000
2018-11-27,7082.7001953125,7105.14013671875,7014.35986328125,7041.22998046875,2076790000
2018-11-28,7291.58984375,7292.7099609375,7090.97998046875,7135.080078125,2413120000
2018-11-29,7273.080078125,7319.9599609375,7217.68994140625,7267.3701171875,2018190000
2018-11-30,7330.5400390625,7332.7900390625,7255.68017578125,7279.2998046875,2547970000
2018-12-03,7441.509765625,7486.509765625,7392.22021484375,7486.1298828125,2643150000
2018-12-04,7158.43017578125,7421.10986328125,7150.10986328125,7407.9501953125,2655720000
2018-12-06,7188.259765625,7189.52001953125,6984.33984375,7017.0498046875,2857650000
2018-12-07,6969.25,7205.3701171875,6945.27001953125,7163.490234375,2504680000
2018-12-10,7020.52001953125,7047.6201171875,6878.990234375,6959.6298828125,2380270000
2018-12-11,7031.830078125,7129.830078125,6983.009765625,7121.66015625,2286810000
2018-12-12,7098.31005859375,7197.2900390625,7096.56005859375,7127.0,2427080000
2018-12-13,7070.330078125,7154.64013671875,7034.81982421875,7135.27978515625,2162210000
2018-12-14,6910.66015625,7027.169921875,6898.990234375,6986.3701171875,2218330000
2018-12-17,6753.72998046875,6931.81005859375,6710.009765625,6886.4599609375,2697400000
2018-12-18,6783.91015625,6847.27001953125,6733.7099609375,6809.81982421875,2623270000
2018-12-19,6636.830078125,6868.85986328125,6586.5,6777.58984375,2919140000
2018-12-20,6528.41015625,6666.2001953125,6447.91015625,6607.759765625,3282440000
2018-12-21,6332.990234375,6586.68017578125,6304.6298828125,6573.490234375,4571670000
2018-12-24,6192.919921875,6355.18017578125,6190.169921875,6278.490234375,1647440000
2018-12-26,6554.35986328125,6555.52978515625,6214.33984375,6257.85986328125,2572890000
2018-12-27,6579.490234375,6583.009765625,6336.97021484375,6457.18994140625,2449110000
2018-12-28,6584.52001953125,6684.18017578125,6529.22021484375,6616.7900390625,2216250000
2018-12-31,6635.27978515625,6659.9599609375,6570.06005859375,6649.52001953125,2109320000
2019-01-02,6665.93994140625,6693.7099609375,6506.8798828125,6506.91015625,2261800000
2019-01-03,6463.5,6600.2099609375,6457.1298828125,6584.77001953125,2631550000
2019-01-04,6738.85986328125,6760.68994140625,6554.240234375,6567.14013671875,2596150000
2019-01-07,6823.47021484375,6855.60009765625,6741.39990234375,6757.52978515625,2523450000
2019-01-08,6897.0,6909.580078125,6795.85986328125,6893.43994140625,2407340000
2019-01-09,6957.080078125,6985.22021484375,6899.56005859375,6923.06005859375,2434500000
2019-01-10,6986.06982421875,6991.3701171875,6877.080078125,6908.64990234375,2190110000
2019-01-11,6971.47998046875,6975.64990234375,6933.60009765625,6947.4599609375,2074310000
2019-01-14,6905.919921875,6936.22021484375,6887.47998046875,6908.02978515625,1960780000
2019-01-15,7023.830078125,7025.85009765625,6928.1201171875,6931.39013671875,2066090000
2019-01-16,7034.68994140625,7079.6298828125,7028.1201171875,7033.75,2163730000
2019-01-17,7084.4599609375,7113.9501953125,7003.6201171875,7010.1298828125,2149280000
2019-01-18,7157.22998046875,7185.3798828125,7096.6201171875,7134.10009765625,2459920000
2019-01-22,7020.35986328125,7110.16015625,6979.81005859375,7109.56982421875,2397660000
2019-01-23,7025.77001953125,7084.85009765625,6953.22998046875,7061.64990234375,2288090000
2019-01-24,7073.4599609375,7078.9599609375,7029.9501953125,7042.25,2419110000
2019-01-25,7164.85986328125,7174.56005859375,7111.08984375,7128.18017578125,2446550000
2019-01-28,7085.68017578125,7086.2998046875,7034.25,7075.009765625,2448790000
2019-01-29,7028.2900390625,7092.2900390625,7011.47021484375,7087.490234375,2106370000
2019-01-30,7183.080078125,7201.31005859375,7065.56982421875,7094.7900390625,2569410000
2019-01-31,7281.740234375,7303.1201171875,7205.9501953125,7208.169921875,2947490000
2019-02-01,7263.8701171875,7299.93994140625,7243.41015625,7256.3701171875,2398800000
2019-02-04,7347.5400390625,7348.22998046875,7261.06982421875,7266.27978515625,2106030000
2019-02-05,7402.080078125,7408.68017578125,7355.35986328125,7356.33984375,2284960000
2019-02-06,7375.27978515625,7410.77001953125,7346.72021484375,7400.43994140625,2179400000
2019-02-07,7288.35009765625,7336.740234375,7235.0498046875,7316.5,2310700000
2019-02-08,7298.2001953125,7299.43994140625,7225.14013671875,7232.2998046875,2102520000
2019-02-11,7307.89990234375,7343.56005859375,7290.02978515625,7327.3701171875,1908490000
2019-02-12,7414.6201171875,7419.43017578125,7349.7998046875,7358.85009765625,2140130000
2019-02-13,7420.3798828125,7461.66015625,7413.83984375,7437.4599609375,2103840000
2019-02-14,7426.9501953125,7454.419921875,7375.7099609375,7390.25,2117500000
2019-02-15,7472.41015625,7477.27978515625,7440.259765625,7468.56982421875,2263640000
2019-02-19,7486.77001953125,7507.7900390625,7450.27001953125,7450.75,2124140000
2019-02-20,7489.06982421875,7513.7001953125,7455.25,7490.31005859375,2202670000
2019-02-21,7459.7099609375,7485.75,7430.89013671875,7475.41015625,2144680000
2019-02-22,7527.5400390625,7527.5400390625,7479.009765625,7481.6298828125,2428560000
2019-02-25,7554.4599609375,7602.68994140625,7551.60986328125,7585.2998046875,2399410000
2019-02-26,7549.2998046875,7573.22021484375,7524.31005859375,7535.2900390625,2305760000
2019-02-27,7554.509765625,7562.2900390625,7485.39013671875,7526.419921875,2430790000
2019-02-28,7532.52978515625,7561.89990234375,7516.47998046875,7533.31005859375,2676790000
2019-03-01,7595.35009765625,7603.0400390625,7540.75,7587.4501953125,2490920000
2019-03-04,7577.56982421875,7643.66015625,7501.56005859375,7636.6201171875,2582090000
2019-03-05,7576.35986328125,7598.66015625,7543.5400390625,7582.2900390625,2166670000
2019-03-06,7505.919921875,7579.02001953125,7499.8701171875,7575.3798828125,2256550000
2019-03-07,7421.4599609375,7489.080078125,7397.18994140625,7483.7900390625,2462690000
2019-03-08,7408.14013671875,7411.52001953125,7332.919921875,7334.35009765625,2260950000
2019-03-11,7558.06005859375,7558.22998046875,7442.39990234375,7442.56005859375,2248460000
2019-03-12,7591.02978515625,7611.1298828125,7560.4599609375,7571.85009765625,2171620000
2019-03-13,7643.41015625,7677.06982421875,7619.4599609375,7621.3798828125,2379260000
2019-03-14,7630.91015625,7653.10009765625,7627.02001953125,7644.7900390625,2198900000
2019-03-15,7688.52978515625,7714.9599609375,7652.0400390625,7658.41015625,3451860000
2019-03-18,7714.47998046875,7737.669921875,7677.740234375,7696.3798828125,2302140000
2019-03-19,7723.9501953125,7767.89013671875,7699.14990234375,7747.39990234375,2457920000
2019-03-20,7728.97021484375,7779.240234375,7674.0400390625,7721.9501953125,2464230000
2019-03-21,7838.9599609375,7850.10986328125,7705.43017578125,7705.43017578125,2502810000
2019-03-22,7642.669921875,7817.830078125,7642.56982421875,7800.25,2504740000
2019-03-25,7637.5400390625,7662.3798828125,7579.2900390625,7618.97998046875,2162490000
2019-03-26,7691.52001953125,7738.169921875,7649.2099609375,7700.0,2080350000
2019-03-27,7643.3798828125,7712.83984375,7582.08984375,7702.0498046875,2244070000
2019-03-28,7669.169921875,7689.16015625,7619.81982421875,7660.06982421875,1922150000
2019-03-29,7729.31982421875,7733.6201171875,7688.509765625,7726.7099609375,2311790000
2019-04-01,7828.91015625,7831.4501953125,7777.08984375,7800.240234375,2230050000
2019-04-02,7848.68994140625,7854.919921875,7811.27978515625,7824.60986328125,2123250000
2019-04-03,7895.5498046875,7938.259765625,7870.89990234375,7891.18017578125,2509630000
2019-04-04,7891.77978515625,7917.64990234375,7844.9599609375,7894.259765625,2152640000
2019-04-05,7938.68994140625,7940.4501953125,7909.14013671875,7914.509765625,2157050000
2019-04-08,7953.8798828125,7955.89990234375,7891.85009765625,7924.89013671875,2075550000
2019-04-09,7909.27978515625,7945.5498046875,7897.60986328125,7924.77001953125,2078800000
2019-04-10,7964.240234375,7965.330078125,7916.89990234375,7922.72998046875,2012290000
2019-04-11,7947.35986328125,7975.2001953125,7933.41015625,7975.2001953125,1969480000
2019-04-12,7984.16015625,7992.08984375,7952.60986328125,7984.14990234375,1968900000
2019-04-15,7976.009765625,7993.330078125,7933.56982421875,7987.16015625,1827710000
2019-04-16,8000.22998046875,8017.56005859375,7978.81005859375,8000.56982421875,2102740000
2019-04-17,7996.080078125,8052.39990234375,7973.3798828125,8044.97021484375,2317330000
2019-04-18,7998.06005859375,8002.31005859375,7950.97021484375,7998.4501953125,2124630000
2019-04-22,8015.27001953125,8017.14990234375,7965.89990234375,7969.3701171875,1790990000
2019-04-23,8120.81982421875,8128.8701171875,8023.81005859375,8026.75,2099410000
2019-04-24,8102.009765625,8139.5498046875,8101.7001953125,8122.8798828125,2043310000
2019-04-25,8118.68017578125,8151.83984375,8075.41015625,8150.85009765625,2073370000
2019-04-26,8146.39990234375,8146.419921875,8060.89013671875,8100.27978515625,1982560000
2019-04-29,8161.85009765625,8176.080078125,8136.41015625,8147.64990234375,1781860000
2019-04-30,8095.39013671875,8124.60986328125,8050.5498046875,8104.91015625,2131850000
2019-05-01,8049.64013671875,8146.0,8048.22998046875,8132.93017578125,2273540000
2019-05-02,8036.77001953125,8094.06005859375,7976.77001953125,8046.47998046875,2211530000
2019-05-03,8164.0,8164.7099609375,8084.7998046875,8092.8798828125,2081080000
2019-05-06,8123.2900390625,8135.5400390625,7981.85009765625,7981.85009765625,1979650000
2019-05-07,7963.759765625,8070.97021484375,7899.02001953125,8043.52001953125,2397600000
2019-05-08,7943.31982421875,8004.490234375,7923.35009765625,7946.240234375,2214680000
2019-05-09,7910.58984375,7929.77978515625,7796.16015625,7853.2099609375,2549500000
2019-05-10,7916.93994140625,7949.33984375,7759.33984375,7881.31005859375,2421470000
2019-05-13,7647.02001953125,7760.830078125,7627.22021484375,7720.06982421875,2484820000
2019-05-14,7734.490234375,7776.2001953125,7665.2998046875,7689.66015625,2103140000
2019-05-15,7822.14990234375,7838.72021484375,7682.240234375,7682.7998046875,2014080000
2019-05-16,7898.0498046875,7946.22998046875,7826.669921875,7832.580078125,2168720000
2019-05-17,7816.27978515625,7918.7099609375,7810.35009765625,7829.02978515625,2176380000
2019-05-20,7702.3798828125,7747.27001953125,7678.35009765625,7714.06005859375,2130700000
2019-05-21,7785.72021484375,7804.43994140625,7752.919921875,7765.56982421875,2000130000
2019-05-22,7750.83984375,7786.330078125,7738.35009765625,7749.7998046875,1884660000
2019-05-23,7628.27978515625,7665.14990234375,7585.31982421875,7660.72021484375,2270530000
2019-05-24,7637.009765625,7694.14990234375,7631.25,7675.56982421875,1685230000
2019-05-28,7607.35009765625,7693.740234375,7603.759765625,7655.66015625,2378470000
2019-05-29,7547.31005859375,7581.10986328125,7503.93994140625,7553.02001953125,2282120000
2019-05-30,7567.72021484375,7595.89990234375,7527.66015625,7565.4599609375,1875180000
2019-05-31,7453.14990234375,7506.85986328125,7448.22998046875,7470.9501953125,2239420000
2019-06-03,7333.02001953125,7457.66015625,7292.22021484375,7441.2099609375,2580670000
2019-06-04,7527.1201171875,7529.5,7385.02001953125,7413.93994140625,2374130000
2019-06-05,7575.47998046875,7589.47021484375,7498.169921875,7585.68017578125,2139290000
2019-06-06,7615.5498046875,7634.1201171875,7546.22021484375,7582.240234375,2093470000
2019-06-07,7742.10009765625,7767.02001953125,7647.91015625,7652.97021484375,2074120000
2019-06-10,7823.169921875,7895.43994140625,7795.759765625,7798.8701171875,2042340000
2019-06-11,7822.56982421875,7909.990234375,7798.6298828125,7901.0400390625,2121150000
2019-06-12,7792.72021484375,7819.16015625,7773.97021484375,7803.1298828125,1978930000
2019-06-13,7837.1298828125,7848.35986328125,7813.60009765625,7822.56005859375,1848360000
2019-06-14,7796.66015625,7819.2099609375,7778.1201171875,7807.18994140625,1808370000
2019-06-17,7845.02001953125,7865.97998046875,7812.60986328125,7819.43017578125,1950550000
2019-06-18,7953.8798828125,8005.2099609375,7911.669921875,7920.97998046875,2250550000
2019-06-19,7987.31982421875,7998.58984375,7930.3798828125,7970.259765625,2027520000
2019-06-20,8051.33984375,8088.8798828125,7996.8701171875,8087.4501953125,2108250000
2019-06-21,8031.7099609375,8073.02001953125,8011.2001953125,8028.68994140625,2909540000
2019-06-24,8005.7001953125,8047.56005859375,8004.6298828125,8040.580078125,2073470000
2019-06-25,7884.72021484375,8007.31005859375,7879.14990234375,8005.27001953125,2132550000
2019-06-26,7909.97021484375,7974.27978515625,7903.06982421875,7933.919921875,2122730000
2019-06-27,7967.759765625,7976.580078125,7935.47021484375,7939.35986328125,2083920000
2019-06-28,8006.240234375,8010.14990234375,7961.4599609375,7988.759765625,4101490000
2019-07-01,8091.16015625,8150.4501953125,8059.2900390625,8145.85009765625,2219030000
2019-07-02,8109.08984375,8109.3701171875,8063.10986328125,8086.64990234375,1956590000
2019-07-03,8170.22998046875,8170.22998046875,8122.33984375,8129.56982421875,1548240000
2019-07-05,8161.7900390625,8171.97021484375,8093.66015625,8123.27978515625,1690700000
2019-07-08,8098.3798828125,8161.7900390625,8078.39013671875,8112.91015625,1957160000
2019-07-09,8141.72998046875,8146.97998046875,8061.31982421875,8061.41015625,1871430000
2019-07-10,8202.5302734375,8228.599609375,8160.56005859375,8183.18994140625,2066640000
2019-07-11,8196.0400390625,8226.1796875,8171.6298828125,8219.2802734375,1970690000
2019-07-12,8244.1396484375,8245.66015625,8201.51953125,8209.2001953125,1835960000
2019-07-15,8258.1904296875,8264.7802734375,8236.26953125,8263.1796875,1790770000
2019-07-16,8222.7998046875,8259.75,8204.23046875,8251.66015625,1947010000
2019-07-17,8185.2099609375,8230.669921875,8184.66015625,8224.0,1887120000
2019-07-18,8207.240234375,8215.580078125,8135.1201171875,8151.759765625,2063790000
2019-07-19,8146.490234375,8245.7802734375,8144.6298828125,8241.33984375,1893050000
2019-07-22,8204.1396484375,8218.419921875,8171.5400390625,8171.990234375,1860440000
2019-07-23,8251.400390625,8251.830078125,8193.8896484375,8242.5,1845050000
2019-07-24,8321.5,8321.8095703125,8226.5,8227.3603515625,1953670000
2019-07-25,8238.5400390625,8295.9501953125,8233.400390625,8294.6796875,2058090000
2019-07-26,8330.2099609375,8339.6396484375,8291.1201171875,8294.2998046875,1975110000
2019-07-29,8293.330078125,8325.2802734375,8247.3701171875,8325.099609375,1882980000
2019-07-30,8273.6103515625,8295.4599609375,8228.01953125,8231.76953125,1893610000
2019-07-31,8175.419921875,8299.830078125,8110.02001953125,8290.7998046875,2679230000
2019-08-01,8111.1201171875,8311.0400390625,8080.52001953125,8190.56005859375,2815420000
2019-08-02,8004.06982421875,8068.7998046875,7953.669921875,8056.419921875,2262550000
2019-08-05,7726.0400390625,7836.4501953125,7662.89990234375,7823.330078125,2661780000
2019-08-06,7833.27001953125,7845.009765625,7739.56982421875,7804.509765625,2217620000
2019-08-07,7862.830078125,7881.3798828125,7702.419921875,7747.27001953125,2470170000
2019-08-08,8039.16015625,8041.1201171875,7896.14990234375,7921.58984375,2442950000
2019-08-09,7959.14013671875,8020.56005859375,7910.35009765625,7997.18994140625,2221180000
2019-08-12,7863.41015625,7924.990234375,7833.7900390625,7907.490234375,2068920000
2019-08-13,8016.35986328125,8065.240234375,7851.580078125,7852.3701171875,2353570000
2019-08-14,7773.93994140625,7900.27978515625,7762.8701171875,7877.330078125,2543670000
2019-08-15,7766.6201171875,7805.93017578125,7716.5498046875,7790.2001953125,2190810000
2019-08-16,7895.990234375,7907.52001953125,7828.35009765625,7828.35009765625,2018710000
2019-08-19,8002.81005859375,8026.75,7895.990234375,8006.18017578125,1946440000
2019-08-20,7948.56005859375,8010.580078125,7948.08984375,7989.35986328125,1750730000
2019-08-21,8020.2099609375,8036.93994140625,7998.5,8017.06982421875,1721410000
2019-08-22,7991.39013671875,8048.580078125,7937.1201171875,8038.7900390625,1780760000
2019-08-23,7751.77001953125,8005.33984375,7730.77001953125,7943.64990234375,2214370000
2019-08-26,7853.740234375,7856.0400390625,7789.0498046875,7829.580078125,1691990000
2019-08-27,7826.9501953125,7916.830078125,7795.18017578125,7908.77978515625,1914930000
2019-08-28,7856.8798828125,7866.8701171875,7766.669921875,7798.35009765625,1663450000
2019-08-29,7973.39013671875,7992.2900390625,7925.830078125,7945.77978515625,1703760000
2019-08-30,7962.8798828125,8017.91015625,7914.740234375,8015.16015625,1668110000
2019-09-03,7874.16015625,7940.3701171875,7847.31982421875,7906.43994140625,1938780000
2019-09-04,7976.8798828125,7981.41015625,7928.93994140625,7949.81005859375,1893740000
2019-09-05,8116.830078125,8134.419921875,8061.2900390625,8061.2900390625,2108700000
2019-09-06,8103.06982421875,8134.39013671875,8098.52001953125,8125.580078125,1878730000
2019-09-09,8087.43994140625,8131.66015625,8052.33984375,8130.91015625,2186660000
2019-09-10,8084.16015625,8086.52978515625,8001.68017578125,8049.97998046875,2366080000
2019-09-11,8169.68017578125,8169.68017578125,8081.56005859375,8091.68017578125,2322610000
2019-09-12,8194.4697265625,8243.7998046875,8176.72998046875,8206.580078125,2228100000
2019-09-13,8176.7099609375,8210.2001953125,8165.47021484375,8190.56982421875,1984570000
2019-09-16,8153.5400390625,8165.330078125,8121.25,8121.64013671875,1876540000
2019-09-17,8186.02001953125,8188.22998046875,8139.81982421875,8148.64990234375,1857350000
2019-09-18,8177.39013671875,8179.8701171875,8086.22021484375,8174.6201171875,2045590000
2019-09-19,8182.8798828125,8237.4296875,8174.31982421875,8193.58984375,1818430000
2019-09-20,8117.669921875,8202.8203125,8086.16015625,8184.8798828125,3363230000
2019-09-23,8112.4599609375,8135.81005859375,8085.33984375,8106.490234375,1781750000
2019-09-24,7993.6298828125,8158.830078125,7969.64990234375,8147.22998046875,2310940000
2019-09-25,8077.3798828125,8095.0,7935.56982421875,7990.66015625,2022080000
2019-09-26,8030.66015625,8072.10986328125,7991.02001953125,8070.1201171875,1886310000
2019-09-27,7939.6298828125,8051.830078125,7890.27978515625,8047.10986328125,2041250000
2019-09-30,7999.33984375,8012.16015625,7949.6298828125,7964.08984375,1809050000
2019-10-01,7908.68017578125,8062.5,7906.2900390625,8026.830078125,2250500000
2019-10-02,7785.25,7852.7001953125,7744.9599609375,7851.1298828125,2503630000
2019-10-03,7872.259765625,7872.259765625,7700.0,7787.02001953125,2157220000
2019-10-04,7982.47021484375,7986.6201171875,7899.39013671875,7908.43994140625,1748000000
2019-10-07,7956.2900390625,8013.31005859375,7942.080078125,7956.41015625,1759580000
2019-10-08,7823.77978515625,7921.8798828125,7823.72998046875,7898.27001953125,1943700000
2019-10-09,7903.740234375,7930.919921875,7873.52001953125,7895.9599609375,1563500000
2019-10-10,7950.77978515625,7982.83984375,7899.81005859375,7904.56005859375,1793470000
2019-10-11,8057.0400390625,8115.7998046875,8046.7998046875,8047.33984375,2184790000
2019-10-14,8048.64990234375,8069.85009765625,8036.41015625,8044.35009765625,1423700000
2019-10-15,8148.7099609375,8166.18017578125,8071.81005859375,8074.85009765625,1841660000
2019-10-16,8124.18017578125,8146.14990234375,8103.3798828125,8119.81005859375,1900010000
2019-10-17,8156.85009765625,8183.64013671875,8131.25,8176.91015625,1864020000
2019-10-18,8089.5400390625,8157.35986328125,8045.3701171875,8149.85009765625,2020020000
2019-10-21,8162.990234375,8164.14013671875,8117.259765625,8137.419921875,1756640000
2019-10-22,8104.2998046875,8194.6201171875,8101.97998046875,8188.1201171875,1850870000
2019-10-23,8119.7900390625,8122.8798828125,8078.35009765625,8090.240234375,1822180000
2019-10-24,8185.7998046875,8187.83984375,8137.66015625,8180.0400390625,1893620000
2019-10-25,8243.1201171875,8249.9697265625,8150.58984375,8150.58984375,1911580000
2019-10-28,8325.990234375,8335.5595703125,8285.26953125,8285.76953125,1959920000
2019-10-29,8276.849609375,8319.2900390625,8275.1396484375,8313.349609375,1842720000
2019-10-30,8303.98046875,8315.5,8241.7001953125,8284.2802734375,1936060000
2019-10-31,8292.3603515625,8321.7998046875,8248.8095703125,8314.3798828125,2276140000
2019-11-01,8386.400390625,8386.75,8326.5595703125,8335.0498046875,2071350000
2019-11-04,8433.2001953125,8451.3701171875,8421.2998046875,8445.5,2166830000
2019-11-05,8434.6796875,8457.3896484375,8421.0498046875,8446.6201171875,2327420000
2019-11-06,8410.6298828125,8426.5703125,8379.330078125,8426.5703125,2342570000
2019-11-07,8434.51953125,8483.16015625,8415.8701171875,8455.1103515625,2403680000
2019-11-08,8475.3095703125,8475.5703125,8405.8896484375,8422.669921875,1982140000
2019-11-11,8464.2802734375,8467.2900390625,8425.48046875,8431.259765625,1719300000
2019-11-12,8486.08984375,8514.83984375,8462.990234375,8471.0703125,2001440000
2019-11-13,8482.099609375,8496.900390625,8451.33984375,8455.01953125,2180010000
2019-11-14,8479.01953125,8485.3603515625,8441.580078125,8461.0595703125,2113840000
2019-11-15,8540.830078125,8540.830078125,8506.7998046875,8524.48046875,2199480000
2019-11-18,8549.9404296875,8559.7802734375,8503.6201171875,8529.16015625,2053260000
2019-11-19,8570.66015625,8589.759765625,8536.73046875,8578.01953125,2094030000
2019-11-20,8526.73046875,8578.26953125,8468.6298828125,8543.5703125,2608780000
2019-11-21,8506.2099609375,8530.73046875,8487.2900390625,8527.8701171875,2073720000
2019-11-22,8519.8798828125,8535.4599609375,8477.490234375,8530.5400390625,1885730000
2019-11-25,8632.490234375,8633.150390625,8559.650390625,8559.650390625,2262750000
2019-11-26,8647.9296875,8659.73046875,8625.6201171875,8635.400390625,2439370000
2019-11-27,8705.1796875,8705.91015625,8662.580078125,8669.58984375,1748520000
2019-11-29,8665.4697265625,8697.3203125,8664.0400390625,8682.009765625,1099090000
2019-12-02,8567.990234375,8672.83984375,8540.16015625,8672.83984375,2240300000
2019-12-03,8520.6396484375,8523.98046875,8435.400390625,8460.7197265625,2318760000
2019-12-04,8566.669921875,8584.8798828125,8552.3798828125,8557.4501953125,2158870000
2019-12-05,8570.7001953125,8588.8896484375,8541.919921875,8587.9296875,2133380000
2019-12-06,8656.5302734375,8665.4404296875,8630.580078125,8634.25,2057020000
2019-12-09,8621.830078125,8678.849609375,8619.76953125,8650.8603515625,2123870000
2019-12-10,8616.1796875,8650.759765625,8600.8203125,8623.5595703125,2058760000
2019-12-11,8654.0498046875,8658.48046875,8622.3603515625,8631.1201171875,1982080000
2019-12-12,8717.3203125,8745.8203125,8633.599609375,8645.3603515625,2396400000
2019-12-13,8734.8798828125,8768.8701171875,8697.580078125,8713.91015625,2219630000
2019-12-16,8814.23046875,8833.4501953125,8789.76953125,8791.3095703125,2368050000
2019-12-17,8823.3603515625,8831.990234375,8804.599609375,8829.4697265625,2382450000
2019-12-18,8827.740234375,8848.759765625,8820.419921875,8834.650390625,2742330000
2019-12-19,8887.2197265625,8888.1298828125,8838.9697265625,8838.9697265625,2446890000
2019-12-20,8924.9599609375,8931.91015625,8901.8701171875,8911.83984375,3830200000
2019-12-23,8945.650390625,8956.6396484375,8934.5498046875,8950.2001953125,2028670000
2019-12-24,8952.8798828125,8957.1201171875,8934.3603515625,8955.009765625,1014530000
2019-12-26,9022.3896484375,9022.4599609375,8968.4599609375,8970.2099609375,1639960000
2019-12-27,9006.6201171875,9052.0,8987.3203125,9049.4697265625,1833740000
2019-12-30,8945.990234375,9006.3603515625,8909.1904296875,9004.4501953125,2051320000
2019-12-31,8972.599609375,8975.3603515625,8912.76953125,8918.740234375,2186830000
2020-01-02,9092.1904296875,9093.4296875,9010.8896484375,9039.4599609375,2862700000
2020-01-03,9020.76953125,9065.759765625,8976.4296875,8976.4296875,2586520000
2020-01-06,9071.4697265625,9072.41015625,8943.5,8943.5,2810450000
2020-01-07,9068.580078125,9091.9296875,9042.5498046875,9076.6396484375,2381740000
2020-01-08,9129.240234375,9168.8896484375,9059.3798828125,9068.0302734375,2472620000
2020-01-09,9203.4296875,9215.9501953125,9158.5,9202.26953125,2540960000
2020-01-10,9178.8603515625,9235.2001953125,9164.66015625,9232.9501953125,2382900000
2020-01-13,9273.9296875,9274.490234375,9193.0595703125,9213.7197265625,2536820000
2020-01-14,9251.330078125,9298.330078125,9226.490234375,9270.6103515625,2553160000
2020-01-15,9258.7001953125,9298.8203125,9231.1396484375,9253.759765625,2443220000
2020-01-16,9357.1298828125,9357.919921875,9301.3203125,9313.4501953125,2312110000
2020-01-17,9388.9404296875,9393.48046875,9346.8095703125,9392.3701171875,2542540000
2020-01-21,9370.8095703125,9397.580078125,9350.2001953125,9361.0703125,2686610000
2020-01-22,9383.76953125,9439.2900390625,9375.1298828125,9413.6103515625,2454580000
2020-01-23,9402.48046875,9409.2001953125,9334.1298828125,9377.7197265625,2465850000
2020-01-24,9314.91015625,9451.4296875,9273.23046875,9446.2099609375,2622970000
2020-01-27,9139.3095703125,9185.4501953125,9088.0400390625,9092.4599609375,2593910000
2020-01-28,9269.6796875,9288.8701171875,9182.330078125,9201.8203125,2169020000
2020-01-29,9275.16015625,9329.1201171875,9249.0400390625,9318.259765625,2234620000
2020-01-30,9298.9296875,9303.0,9185.1796875,9211.150390625,2345370000
2020-01-31,9150.9404296875,9324.7998046875,9123.2197265625,9324.330078125,2696090000
2020-02-03,9273.400390625,9299.849609375,9188.5498046875,9190.7197265625,2427320000
2020-02-04,9467.9697265625,9485.3798828125,9374.0498046875,9398.3896484375,2447340000
2020-02-05,9508.6796875,9574.9404296875,9454.9296875,9574.099609375,2470240000
2020-02-06,9572.150390625,9575.66015625,9505.6796875,9540.98046875,2313860000
2020-02-07,9520.509765625,9570.08984375,9496.5302734375,9526.6396484375,2243720000
2020-02-10,9628.3896484375,9628.66015625,9493.6298828125,9493.6298828125,2187520000
2020-02-11,9638.9404296875,9714.740234375,9617.2099609375,9680.8896484375,2450070000
2020-02-12,9725.9599609375,9728.76953125,9666.6904296875,9688.599609375,2366510000
2020-02-13,9711.9697265625,9748.3203125,9650.01953125,9657.0400390625,2254870000
2020-02-14,9731.1796875,9746.3603515625,9693.0498046875,9728.900390625,2226720000
2020-02-18,9732.740234375,9747.6796875,9675.7998046875,9679.0400390625,2279420000
2020-02-19,9817.1796875,9838.3701171875,9777.099609375,9782.8095703125,2470860000
2020-02-20,9750.9697265625,9820.8603515625,9636.9404296875,9799.2001953125,2745730000
2020-02-21,9576.58984375,9715.9501953125,9542.330078125,9708.009765625,2750160000
2020-02-24,9221.2802734375,9322.8798828125,9166.009765625,9188.4404296875,3188590000
2020-02-25,8965.6103515625,9315.259765625,8940.490234375,9301.2001953125,3595520000
2020-02-26,8980.7802734375,9148.3203125,8927.7998046875,9011.5498046875,3587950000
2020-02-27,8566.48046875,8904.1103515625,8562.0498046875,8744.0302734375,4559900000
2020-02-28,8567.3701171875,8591.8203125,8264.16015625,8269.740234375,5320020000
2020-03-02,8952.169921875,8952.8095703125,8543.349609375,8667.1396484375,4249020000
2020-03-03,8684.08984375,9070.3203125,8602.8896484375,8965.099609375,4336700000
2020-03-04,9018.08984375,9019.9599609375,8757.66015625,8834.099609375,3634760000
2020-03-05,8738.58984375,8921.080078125,8677.3896484375,8790.08984375,3763860000
2020-03-06,8575.6201171875,8612.3603515625,8375.1298828125,8469.01953125,4292730000
2020-03-09,7950.68017578125,8243.3095703125,7943.16015625,7957.93017578125,4554110000
2020-03-10,8344.25,8347.400390625,7930.43017578125,8219.759765625,4447260000
2020-03-11,7952.0498046875,8181.35986328125,7850.9501953125,8136.25,4302610000
2020-03-12,7201.7998046875,7712.330078125,7194.669921875,7398.580078125,5099350000
2020-03-13,7874.8798828125,7875.93017578125,7219.08984375,7610.39013671875,4701070000
2020-03-16,6904.58984375,7422.2001953125,6882.85986328125,7392.72998046875,4618120000
2020-03-17,7334.77978515625,7406.22998046875,6828.91015625,7072.0,4920210000
2020-03-18,6989.83984375,7182.830078125,6686.35986328125,6902.31982421875,4935000000
2020-03-19,7150.580078125,7341.3798828125,6858.3798828125,6996.4501953125,4778490000
2020-03-20,6879.52001953125,7354.43994140625,6854.669921875,7248.06982421875,5260300000
2020-03-23,6860.669921875,6984.93994140625,6631.419921875,6847.27978515625,4348410000
2020-03-24,7417.85986328125,7418.3701171875,7169.85986328125,7196.14990234375,4441080000
2020-03-25,7384.2998046875,7671.2099609375,7276.39990234375,7421.35986328125,4683630000
2020-03-26,7797.5400390625,7809.830078125,7462.2099609375,7462.2099609375,4014670000
2020-03-27,7502.3798828125,7716.240234375,7491.14013671875,7554.25,3989120000
2020-03-30,7774.14990234375,7784.35009765625,7539.97021484375,7583.4599609375,3870770000
2020-03-31,7700.10009765625,7880.31005859375,7642.85986328125,7740.06005859375,4078960000
2020-04-01,7360.580078125,7566.3701171875,7301.97998046875,7459.5,3700040000
2020-04-02,7487.31005859375,7501.7001953125,7307.9501953125,7317.4501953125,3622170000
2020-04-03,7373.080078125,7518.72021484375,7288.10986328125,7477.27001953125,3294260000
2020-04-06,7913.240234375,7938.330078125,7617.7900390625,7660.169921875,3849130000
2020-04-07,7887.259765625,8146.43017578125,7881.22021484375,8129.990234375,4085960000
2020-04-08,8090.89990234375,8114.43017578125,7901.93994140625,7975.72021484375,3487440000
2020-04-09,8153.580078125,8227.91015625,8072.31982421875,8169.009765625,4145460000
2020-04-13,8192.419921875,8200.4404296875,8035.9501953125,8127.68994140625,3184660000
2020-04-14,8515.740234375,8531.1103515625,8338.080078125,8353.2099609375,3767410000
2020-04-15,8393.1796875,8464.66015625,8308.7900390625,8355.9599609375,3347920000
2020-04-16,8532.3603515625,8560.16015625,8393.26953125,8479.1103515625,4057800000
2020-04-17,8650.1396484375,8670.2998046875,8531.6904296875,8667.48046875,4348310000
2020-04-20,8560.73046875,8684.91015625,8553.3798828125,8553.3798828125,3827370000
2020-04-21,8263.23046875,8480.2900390625,8215.6904296875,8460.6904296875,3788180000
2020-04-22,8495.3798828125,8537.3095703125,8404.5400390625,8434.5498046875,3041520000
2020-04-23,8494.75,8635.23046875,8475.2001953125,8528.83984375,3759890000
2020-04-24,8634.51953125,8642.9296875,8464.419921875,8530.080078125,3696020000
2020-04-27,8730.16015625,8754.5703125,8697.3701171875,8717.98046875,3694980000
2020-04-28,8607.73046875,8830.5703125,8600.7001953125,8825.6904296875,3730350000
2020-04-29,8914.7099609375,8957.26953125,8765.009765625,8802.7001953125,4407140000
2020-04-30,8889.5498046875,8926.1103515625,8825.830078125,8911.01953125,4335660000
2020-05-01,8604.9501953125,8754.4599609375,8566.83984375,8681.2900390625,3741300000
2020-05-04,8710.7099609375,8715.8203125,8537.830078125,8555.3203125,3443140000
2020-05-05,8809.1201171875,8909.9599609375,8781.3095703125,8809.66015625,3933550000
2020-05-06,8854.3896484375,8933.25,8819.3701171875,8874.7001953125,3656750000
2020-05-07,8979.66015625,9015.990234375,8932.8603515625,8973.7802734375,3787220000
2020-05-08,9121.3203125,9125.98046875,9018.2099609375,9056.8896484375,3813630000
2020-05-11,9192.33984375,9241.919921875,9053.169921875,9054.91015625,3925450000
2020-05-12,9002.5498046875,9250.9599609375,9000.0703125,9225.150390625,4336510000
2020-05-13,8863.169921875,9074.16015625,8752.6796875,9006.0498046875,4273210000
2020-05-14,8943.7197265625,8945.7099609375,8705.25,8788.0400390625,3965970000
2020-05-15,9014.5595703125,9018.400390625,8821.3798828125,8839.990234375,4240690000
2020-05-18,9234.830078125,9267.2197265625,9154.349609375,9177.150390625,4341820000
2020-05-19,9185.099609375,9317.25,9183.25,9227.4599609375,4193550000
2020-05-20,9375.7802734375,9392.8203125,9304.2001953125,9305.6201171875,4315500000
2020-05-21,9284.8798828125,9405.25,9254.849609375,9375.1904296875,3745270000
2020-05-22,9324.58984375,9328.2802734375,9239.41015625,9278.5498046875,3668070000
2020-05-26,9340.2197265625,9501.2099609375,9333.16015625,9501.2099609375,4448950000
2020-05-27,9412.3603515625,9414.6201171875,9144.2802734375,9346.1201171875,4489110000
2020-05-28,9368.990234375,9523.6396484375,9345.2802734375,9392.990234375,4113660000
2020-05-29,9489.8701171875,9505.5498046875,9324.73046875,9382.349609375,4742290000
2020-06-01,9552.0498046875,9571.2802734375,9462.3203125,9471.419921875,3847770000
2020-06-02,9608.3798828125,9611.2197265625,9472.080078125,9566.5302734375,3990080000
2020-06-03,9682.91015625,9707.7802734375,9627.169921875,9651.8603515625,4679030000
2020-06-04,9615.8095703125,9716.1396484375,9560.41015625,9649.650390625,6141320000
2020-06-05,9814.080078125,9845.6904296875,9685.349609375,9703.5400390625,6607730000
2020-06-08,9924.75,9927.1298828125,9780.6103515625,9823.4404296875,6197330000
2020-06-09,9953.75,10002.5,9863.26953125,9867.1904296875,5319450000
2020-06-10,10020.349609375,10086.8896484375,9962.580078125,10012.3203125,5170860000
2020-06-11,9492.73046875,9868.080078125,9491.3095703125,9791.240234375,5300850000
2020-06-12,9588.8095703125,9768.6396484375,9413.6201171875,9715.8701171875,4388990000
2020-06-15,9726.01953125,9756.0703125,9403.0,9426.900390625,4476010000
2020-06-16,9895.8701171875,9963.6298828125,9748.3798828125,9949.7802734375,4669320000
2020-06-17,9910.5302734375,9991.2099609375,9891.8095703125,9943.3095703125,4279700000
2020-06-18,9943.0498046875,9959.2001953125,9885.66015625,9892.48046875,4335320000
2020-06-19,9946.1201171875,10053.91015625,9872.9404296875,10042.1298828125,6093830000
2020-06-22,10056.48046875,10059.6103515625,9916.599609375,9945.490234375,4506960000
2020-06-23,10131.3701171875,10221.849609375,10112.4404296875,10130.830078125,5755170000
2020-06-24,9909.169921875,10137.5,9842.2197265625,10092.919921875,5589130000
2020-06-25,10017.0,10023.2802734375,9810.4697265625,9899.3603515625,4779640000
2020-06-26,9757.2197265625,10000.669921875,9749.0703125,9995.1201171875,7309380000
2020-06-29,9874.150390625,9877.33984375,9663.6103515625,9771.7197265625,4336290000
2020-06-30,10058.76953125,10085.58984375,9863.669921875,9875.2900390625,4510190000
2020-07-01,10154.6298828125,10197.1904296875,10048.0400390625,10063.669921875,4624430000
2020-07-02,10207.6298828125,10310.3603515625,10194.0595703125,10268.669921875,4038920000
2020-07-06,10433.650390625,10462.0498046875,10354.98046875,10360.3798828125,4570260000
2020-07-07,10343.8896484375,10518.98046875,10337.98046875,10412.4599609375,4337130000
2020-07-08,10492.5,10494.6298828125,10350.9599609375,10409.349609375,4030210000
2020-07-09,10547.75,10578.099609375,10379.91015625,10563.7197265625,4013180000
2020-07-10,10617.4404296875,10622.349609375,10447.009765625,10545.91015625,3537510000
2020-07-13,10390.83984375,10824.7802734375,10368.0400390625,10729.919921875,4851880000
2020-07-14,10488.580078125,10497.830078125,10182.4599609375,10310.25,4461770000
2020-07-15,10550.490234375,10604.669921875,10420.5400390625,10576.7197265625,4647070000
2020-07-16,10473.830078125,10499.7900390625,10364.3896484375,10443.8701171875,4277760000
2020-07-17,10503.1904296875,10532.6201171875,10421.2099609375,10500.51953125,4361480000
2020-07-20,10767.08984375,10783.7998046875,10488.0400390625,10526.01953125,4314630000
2020-07-21,10680.3603515625,10839.9296875,10650.4599609375,10837.8798828125,5350750000
2020-07-22,10706.1298828125,10745.3203125,10627.4501953125,10687.580078125,4128960000
2020-07-23,10461.419921875,10728.1201171875,10407.8701171875,10689.5,4501540000
2020-07-24,10363.1796875,10418.75,10217.3095703125,10294.41015625,4233390000
2020-07-27,10536.26953125,10546.4404296875,10399.8603515625,10421.7001953125,4244570000
2020-07-28,10402.08984375,10523.6396484375,10397.8701171875,10509.2001953125,3894660000
2020-07-29,10542.9404296875,10567.91015625,10464.0,10474.7001953125,4009640000
2020-07-30,10587.8095703125,10609.58984375,10412.08984375,10450.1201171875,4185810000
2020-07-31,10745.26953125,10747.7998046875,10557.7001953125,10741.4697265625,4438730000
2020-08-03,10902.7998046875,10927.5595703125,10831.150390625,10848.6396484375,4203890000
2020-08-04,10941.169921875,10941.91015625,10852.900390625,10897.8896484375,4016520000
2020-08-05,10998.400390625,11002.1103515625,10943.7197265625,10967.8701171875,4160740000
2020-08-06,11108.0703125,11121.1904296875,10963.41015625,10989.98046875,4120000000
2020-08-07,11010.98046875,11126.0400390625,10920.3701171875,11072.5302734375,4263930000
2020-08-10,10968.3603515625,11040.240234375,10849.4599609375,11033.73046875,4048420000
2020-08-11,10782.8203125,10989.419921875,10762.7099609375,10942.66015625,4331770000
2020-08-12,11012.240234375,11036.7197265625,10877.16015625,10878.1201171875,3745230000
2020-08-13,11042.5,11124.849609375,11007.5,11026.8603515625,3480470000
2020-08-14,11019.2998046875,11058.4404296875,10972.0595703125,11042.240234375,3514260000
2020-08-17,11129.73046875,11144.5302734375,11080.2998046875,11083.25,3214870000
2020-08-18,11210.83984375,11230.6201171875,11103.830078125,11170.75,3228590000
2020-08-19,11146.4599609375,11257.419921875,11132.099609375,11214.7998046875,3496480000
2020-08-20,11264.9501953125,11283.6201171875,11090.0302734375,11096.400390625,4215130000
2020-08-21,11311.7998046875,11326.2099609375,11245.4404296875,11258.4404296875,3929290000
2020-08-24,11379.7197265625,11462.0498046875,11297.5302734375,11449.25,3907310000
2020-08-25,11466.4697265625,11468.259765625,11343.0400390625,11370.23046875,3475280000
2020-08-26,11665.0595703125,11672.0498046875,11507.4599609375,11516.6201171875,3471520000
2020-08-27,11625.33984375,11730.009765625,11551.009765625,11688.1904296875,3547400000
2020-08-28,11695.6298828125,11708.76953125,11634.76953125,11689.2802734375,3012980000
2020-08-31,11775.4599609375,11829.83984375,11697.419921875,11718.8095703125,3612050000
2020-09-01,11939.669921875,11945.7197265625,11794.7802734375,11850.9599609375,3511060000
2020-09-02,12056.4404296875,12074.0595703125,11836.1796875,12047.259765625,3982360000
2020-09-03,11458.099609375,11894.400390625,11361.3603515625,11861.900390625,4465010000
2020-09-04,11313.1298828125,11531.1796875,10875.8701171875,11396.240234375,4284440000
2020-09-08,10847.6904296875,11131.5,10837.2001953125,10900.7001953125,3905420000
2020-09-09,11141.5595703125,11217.6904296875,10970.4501953125,11064.759765625,3550660000
2020-09-10,10919.58984375,11299.5302734375,10875.01953125,11235.5302734375,3840010000
2020-09-11,10853.5498046875,11033.0400390625,10728.0302734375,11010.0703125,3630250000
2020-09-14,11056.650390625,11118.2900390625,10982.259765625,11010.1396484375,3737610000
2020-09-15,11190.3203125,11244.4599609375,11127.98046875,11193.9599609375,3786110000
2020-09-16,11050.4697265625,11245.419921875,11046.4296875,11222.080078125,3678020000
2020-09-17,10910.2802734375,10974.4501953125,10783.8095703125,10796.0498046875,3740110000
2020-09-18,10793.2802734375,10977.6796875,10639.9501953125,10973.4501953125,5759090000
2020-09-21,10778.7998046875,10782.740234375,10519.490234375,10610.1396484375,3900970000
2020-09-22,10963.6396484375,10979.650390625,10737.51953125,10873.2998046875,3515440000
2020-09-23,10632.990234375,10962.0302734375,10612.91015625,10950.8203125,4097320000
2020-09-24,10672.26953125,10799.5498046875,10520.2197265625,10551.01953125,4086360000
2020-09-25,10913.5595703125,10939.5498046875,10639.98046875,10680.4599609375,3785270000
2020-09-28,11117.5302734375,11120.7900390625,11019.1396484375,11084.3798828125,3591740000
2020-09-29,11085.25,11153.23046875,11065.6298828125,11109.0,3389040000
2020-09-30,11167.509765625,11277.9599609375,11092.900390625,11092.900390625,4260630000
2020-10-01,11326.509765625,11344.1298828125,11240.5302734375,11291.990234375,4005900000
2020-10-02,11075.01953125,11244.8701171875,11033.6904296875,11082.5302734375,3731510000
2020-10-05,11332.490234375,11335.2099609375,11162.51953125,11169.1103515625,3623920000
2020-10-06,11154.599609375,11392.41015625,11124.4501953125,11314.5302734375,4390960000
2020-10-07,11364.599609375,11380.5595703125,11258.349609375,11271.6796875,3910770000
2020-10-08,11420.98046875,11448.23046875,11384.330078125,11443.349609375,3507570000
2020-10-09,11579.9404296875,11581.23046875,11476.66015625,11487.599609375,3504230000
2020-10-12,11876.259765625,11965.5400390625,11704.1298828125,11732.330078125,3885030000
2020-10-13,11863.900390625,11946.98046875,11821.830078125,11901.759765625,3634130000
2020-10-14,11768.73046875,11939.919921875,11714.349609375,11889.0703125,3410410000
2020-10-15,11713.8701171875,11740.6796875,11559.099609375,11559.8798828125,3325270000
2020-10-16,11671.5595703125,11827.419921875,11648.5302734375,11761.830078125,3166980000
2020-10-19,11478.8798828125,11778.1103515625,11454.5703125,11732.33984375,3477410000
2020-10-20,11516.490234375,11632.8896484375,11471.23046875,11531.830078125,3510040000
2020-10-21,11484.6904296875,11613.7900390625,11476.080078125,11530.3896484375,3467310000
2020-10-22,11506.009765625,11548.76953125,11369.2900390625,11526.9697265625,3434040000
2020-10-23,11548.2802734375,11548.849609375,11434.8603515625,11536.009765625,3145570000
2020-10-26,11358.9404296875,11545.6298828125,11221.0595703125,11440.6396484375,3205100000
2020-10-27,11431.349609375,11465.0595703125,11361.8603515625,11409.33984375,3104770000
2020-10-28,11004.8701171875,11249.9501953125,10999.0703125,11230.900390625,3930690000
2020-10-29,11185.58984375,11287.6298828125,11030.1904296875,11064.4697265625,3244190000
2020-10-30,10911.58984375,11129.8095703125,10822.5703125,11103.4697265625,3671600000
2020-11-02,10957.6103515625,11071.080078125,10830.9501953125,11010.4501953125,3209000000
2020-11-03,11160.5703125,11213.919921875,11004.83984375,11038.66015625,3216580000
2020-11-04,11590.7802734375,11663.3095703125,11394.2099609375,11443.76953125,3620760000
2020-11-05,11890.9296875,11924.2802734375,11784.150390625,11816.330078125,3848160000
2020-11-06,11895.23046875,11920.5400390625,11737.1298828125,11869.900390625,4183220000
2020-11-09,11713.7802734375,12108.0703125,11703.490234375,12046.66015625,5863900000
2020-11-10,11553.8603515625,11665.8701171875,11424.6103515625,11622.4404296875,4736560000
2020-11-11,11786.4296875,11793.5703125,11638.900390625,11656.650390625,3854680000
2020-11-12,11709.58984375,11847.83984375,11666.3701171875,11802.5,3886670000
2020-11-13,11829.2900390625,11849.7900390625,11715.51953125,11794.9404296875,3654230000
2020-11-16,11924.1298828125,11937.7197265625,11814.8896484375,11847.1103515625,4172570000
2020-11-17,11899.33984375,11950.1796875,11852.41015625,11913.349609375,4145030000
2020-11-18,11801.599609375,11942.490234375,11799.9599609375,11896.0595703125,4731420000
2020-11-19,11904.7099609375,11912.6298828125,11760.98046875,11779.0400390625,5385190000
2020-11-20,11854.9697265625,11935.4697265625,11852.509765625,11892.7001953125,5350970000
2020-11-23,11880.6298828125,11949.330078125,11796.5302734375,11916.759765625,5473250000
2020-11-24,12036.7900390625,12049.8798828125,11863.4501953125,11939.330078125,6339580000
2020-11-25,12094.400390625,12114.76953125,12020.9501953125,12053.8896484375,4448640000
2020-11-27,12205.849609375,12236.23046875,12154.5703125,12159.1796875,3401830000
2020-11-30,12198.740234375,12244.650390625,12027.16015625,12224.25,7760390000
2020-12-01,12355.1103515625,12405.7900390625,12263.9296875,12313.3603515625,6512420000
2020-12-02,12349.3701171875,12360.0595703125,12217.349609375,12285.75,5194960000
2020-12-03,12377.1796875,12439.01953125,12356.990234375,12369.259765625,5209980000
2020-12-04,12464.23046875,12464.23046875,12376.4404296875,12399.3203125,5086900000
2020-12-07,12519.9501953125,12536.23046875,12460.5498046875,12461.0,4771820000
2020-12-08,12582.76953125,12594.5400390625,12453.2099609375,12503.169921875,4809480000
2020-12-09,12338.9501953125,12607.1396484375,12290.7802734375,12591.6904296875,5168450000
2020-12-10,12405.8095703125,12431.5595703125,12214.740234375,12247.5498046875,4518580000
2020-12-11,12377.8701171875,12383.5,12246.76953125,12336.7900390625,4292680000
2020-12-14,12440.0400390625,12543.0,12432.7099609375,12447.4404296875,4491930000
2020-12-15,12595.0595703125,12596.1298828125,12465.419921875,12543.259765625,4423650000
2020-12-16,12658.1904296875,12687.3203125,12566.3798828125,12611.0400390625,4592700000
2020-12-17,12764.75,12765.25,12696.349609375,12730.7802734375,5029830000
2020-12-18,12755.6396484375,12809.599609375,12654.599609375,12804.9296875,7125800000
2020-12-21,12742.51953125,12751.26953125,12525.2197265625,12596.1396484375,5192860000
2020-12-22,12807.919921875,12840.5703125,12695.3095703125,12785.2197265625,5811850000
2020-12-23,12771.1103515625,12841.919921875,12758.669921875,12834.9404296875,7100250000
2020-12-24,12804.73046875,12833.5498046875,12767.6396484375,12791.5400390625,3305960000
2020-12-28,12899.419921875,12930.8896484375,12827.4501953125,12914.6396484375,5109140000
2020-12-29,12850.2197265625,12973.330078125,12821.9599609375,12965.3896484375,4726920000
2020-12-30,12870.0,12924.9296875,12857.759765625,12906.509765625,5343010000
2020-12-31,12888.2802734375,12902.0703125,12821.23046875,12877.08984375,4815840000
2021-01-04,12698.4501953125,12958.7197265625,12543.240234375,12958.51953125,6636170000
2021-01-05,12818.9599609375,12828.26953125,12665.650390625,12665.650390625,6971860000
2021-01-06,12740.7900390625,12909.6298828125,12649.990234375,12666.150390625,7689880000
2021-01-07,13067.48046875,13090.91015625,12867.33984375,12867.33984375,6841480000
2021-01-08,13201.98046875,13208.08984375,13036.5498046875,13160.2197265625,7289390000
2021-01-11,13036.4296875,13138.26953125,12999.509765625,13048.7802734375,6960470000
2021-01-12,13072.4296875,13105.0400390625,12963.919921875,13062.0595703125,7264070000
2021-01-13,13128.9501953125,13171.150390625,13051.0595703125,13088.009765625,7104810000
2021-01-14,13112.6396484375,13220.16015625,13098.41015625,13174.75,6734100000
2021-01-15,12998.5,13139.830078125,12949.759765625,13099.900390625,6458360000
2021-01-19,13197.1796875,13206.8603515625,13078.7001953125,13132.73046875,6297860000
2021-01-20,13457.25,13486.1298828125,13329.76953125,13342.5498046875,6820990000
2021-01-21,13530.91015625,13560.349609375,13454.0703125,13521.48046875,7258640000
2021-01-22,13543.0595703125,13567.1396484375,13463.66015625,13474.8095703125,5972750000
2021-01-25,13635.990234375,13728.98046875,13368.6796875,13681.2099609375,7193710000
2021-01-26,13626.0595703125,13702.6904296875,13603.1904296875,13681.7197265625,6849600000
2021-01-27,13270.599609375,13538.419921875,13192.91015625,13486.580078125,11621190000
2021-01-28,13337.16015625,13507.6396484375,13316.51953125,13323.2900390625,9959270000
2021-01-29,13070.6904296875,13322.0,12985.0498046875,13284.7197265625,7872250000
2021-02-01,13403.3896484375,13431.4599609375,13132.4697265625,13226.1796875,7092520000
2021-02-02,13612.7802734375,13652.7001953125,13535.8603515625,13543.099609375,7325270000
2021-02-03,13610.5400390625,13723.830078125,13585.33984375,13718.3095703125,7546940000
2021-02-04,13777.740234375,13778.419921875,13631.6201171875,13674.0595703125,7295370000
2021-02-05,13856.2998046875,13878.16015625,13761.66015625,13824.8798828125,6792910000
2021-02-08,13987.6396484375,13987.740234375,13894.150390625,13937.0595703125,8564530000
2021-02-09,14007.7001953125,14044.9501953125,13966.5498046875,13966.8203125,8766770000
2021-02-10,13972.5302734375,14109.1201171875,13845.4697265625,14093.349609375,10785930000
2021-02-11,14025.76953125,14058.91015625,13916.849609375,14045.2099609375,10916780000
2021-02-12,14095.4697265625,14102.0400390625,13937.7099609375,13979.2099609375,7416940000
2021-02-16,14047.5,14175.1201171875,13995.4501953125,14152.2099609375,7722100000
2021-02-17,13965.490234375,13976.4296875,13804.259765625,13911.650390625,7280500000
2021-02-18,13865.3603515625,13905.9599609375,13714.349609375,13814.669921875,6499420000
2021-02-19,13874.4599609375,13985.580078125,13842.599609375,13929.2001953125,6737820000
2021-02-22,13533.0498046875,13757.0595703125,13530.9599609375,13714.2001953125,6483740000
2021-02-23,13465.2001953125,13526.08984375,13003.98046875,13262.6103515625,7516510000
2021-02-24,13597.9697265625,13607.3603515625,13286.58984375,13400.25,5886230000
2021-02-25,13119.4296875,13602.8603515625,13066.3798828125,13512.6396484375,6390380000
2021-02-26,13192.349609375,13368.0595703125,13024.5302734375,13232.900390625,5906110000
2021-03-01,13588.830078125,13596.58984375,13362.66015625,13406.16015625,5079530000
2021-03-02,13358.7900390625,13601.330078125,13352.0,13599.4501953125,4948140000
2021-03-03,12997.75,13372.51953125,12995.0703125,13336.25,5529980000
2021-03-04,12723.4697265625,13068.7099609375,12553.9599609375,12953.990234375,7864380000
2021-03-05,12920.150390625,12941.2099609375,12397.0498046875,12860.0400390625,7725200000
2021-03-08,12609.16015625,13001.0,12599.23046875,12904.259765625,6010230000
2021-03-09,13073.8203125,13151.5400390625,12882.490234375,12923.0703125,6345560000
2021-03-10,13068.830078125,13277.1103515625,13035.4404296875,13234.73046875,6023880000
2021-03-11,13398.669921875,13433.6201171875,13246.330078125,13273.3095703125,6008850000
2021-03-12,13319.8603515625,13324.6904296875,13158.7197265625,13222.8095703125,5497210000
2021-03-15,13459.7099609375,13460.349609375,13272.5,13323.4697265625,5972370000
2021-03-16,13471.5703125,13620.7099609375,13397.080078125,13523.169921875,5493890000
2021-03-17,13525.2001953125,13595.0,13272.6904296875,13336.91015625,5536110000
2021-03-18,13116.169921875,13384.4599609375,13101.919921875,13349.2001953125,5739720000
2021-03-19,13215.240234375,13252.3701171875,13039.4501953125,13119.900390625,7630590000
2021-03-22,13377.5400390625,13455.6396484375,13278.7802734375,13278.7802734375,5321760000
2021-03-23,13227.7001953125,13405.150390625,13202.4296875,13381.4296875,5675010000
2021-03-24,12961.8896484375,13292.919921875,12961.349609375,13289.240234375,6248650000
2021-03-25,12977.6796875,13021.8603515625,12786.8095703125,12844.580078125,5634290000
2021-03-26,13138.73046875,13149.5498046875,12878.7197265625,12996.0302734375,5224360000
2021-03-29,13059.650390625,13143.41015625,12968.16015625,13103.9697265625,4965090000
2021-03-30,13045.3896484375,13075.75,12922.5703125,13008.7998046875,4721950000
2021-03-31,13246.8701171875,13325.5400390625,13118.3798828125,13122.5703125,5004720000
2021-04-01,13480.1103515625,13487.080078125,13404.1796875,13414.3203125,4576480000
2021-04-05,13705.58984375,13720.580078125,13582.759765625,13594.900390625,4459000000
2021-04-06,13698.3798828125,13776.7099609375,13674.2802734375,13681.669921875,4073710000
2021-04-07,13688.83984375,13733.0302734375,13653.58984375,13675.2998046875,4098740000
2021-04-08,13829.3095703125,13830.1396484375,13758.7099609375,13796.8896484375,4153600000
2021-04-09,13900.1904296875,13905.41015625,13748.349609375,13787.01953125,3926110000
2021-04-12,13850.0,13877.0,13783.9501953125,13854.4404296875,4250900000
2021-04-13,13996.099609375,14011.509765625,13902.4501953125,13902.4501953125,4219360000
2021-04-14,13857.83984375,14033.6298828125,13839.0400390625,14004.080078125,4120770000
2021-04-15,14038.759765625,14049.1298828125,13970.419921875,13983.23046875,4406880000
2021-04-16,14052.33984375,14062.5,13977.0498046875,14059.1103515625,4427780000
2021-04-19,13914.76953125,14041.7900390625,13842.5703125,13984.580078125,4379610000
2021-04-20,13786.26953125,13927.669921875,13698.669921875,13894.4599609375,4245120000
2021-04-21,13950.2197265625,13951.349609375,13706.8603515625,13745.76953125,3999620000
2021-04-22,13818.41015625,14015.8701171875,13771.0400390625,13952.5703125,4420820000
2021-04-23,14016.8095703125,14062.740234375,13856.830078125,13861.3701171875,4355100000
2021-04-26,14138.7802734375,14154.0302734375,14019.5,14052.3798828125,4506210000
2021-04-27,14090.2197265625,14171.240234375,14064.2802734375,14170.91015625,4691460000
2021-04-28,14051.0302734375,14133.650390625,14034.7001953125,14082.7802734375,4559710000
2021-04-29,14082.5498046875,14211.5703125,13952.7998046875,14204.509765625,4928030000
2021-04-30,13962.6796875,14084.759765625,13941.6298828125,13970.73046875,4792460000
2021-05-03,13895.1201171875,14042.1201171875,13881.509765625,14031.76953125,4761430000
2021-05-04,13633.5,13795.5703125,13485.58984375,13774.509765625,5879730000
2021-05-05,13582.419921875,13753.0498046875,13553.9296875,13731.1298828125,4535690000
2021-05-06,13632.83984375,13635.73046875,13439.3896484375,13557.830078125,5021400000
2021-05-07,13752.240234375,13828.6201171875,13690.75,13723.08984375,4391100000
2021-05-10,13401.8603515625,13687.9296875,13401.740234375,13687.58984375,4818670000
2021-05-11,13389.4296875,13423.3095703125,13107.669921875,13115.849609375,4738390000
2021-05-12,13031.6796875,13288.6103515625,13002.5400390625,13215.490234375,4752930000
2021-05-13,13124.990234375,13247.8701171875,13007.240234375,13150.9404296875,4698110000
2021-05-14,13429.98046875,13460.8798828125,13242.9697265625,13255.650390625,4022610000
2021-05-17,13379.0498046875,13399.169921875,13265.400390625,13368.7998046875,3997780000
2021-05-18,13303.6396484375,13485.33984375,13299.9296875,13416.900390625,4301300000
2021-05-19,13299.740234375,13304.6103515625,13072.23046875,13078.1904296875,4333520000
2021-05-20,13535.740234375,13563.51953125,13355.7099609375,13356.6298828125,3990760000
2021-05-21,13470.990234375,13616.580078125,13463.259765625,13616.1904296875,3733940000
2021-05-24,13661.169921875,13708.849609375,13551.009765625,13557.2099609375,3509470000
2021-05-25,13657.169921875,13751.1396484375,13631.7998046875,13721.5400390625,4128990000
2021-05-26,13738.0,13750.16015625,13679.58984375,13693.9404296875,4264500000
2021-05-27,13736.2802734375,13776.51953125,13701.6298828125,13742.58984375,5087180000
2021-05-28,13748.740234375,13820.8701171875,13747.6103515625,13792.0498046875,4447940000
2021-06-01,13736.48046875,13836.169921875,13678.76953125,13829.0595703125,4186280000
2021-06-02,13756.330078125,13775.8896484375,13689.740234375,13743.240234375,5097630000
2021-06-03,13614.509765625,13684.1298828125,13548.9296875,13655.75,5396250000
2021-06-04,13814.490234375,13826.8203125,13692.009765625,13697.25,4360710000
2021-06-07,13881.7197265625,13889.1103515625,13784.8896484375,13802.8203125,4639210000
2021-06-08,13924.91015625,13981.7197265625,13831.98046875,13946.3203125,5958410000
2021-06-09,13911.75,14003.5,13906.4501953125,13980.23046875,5640490000
2021-06-10,14020.330078125,14031.1904296875,13904.400390625,13933.8798828125,4919880000
2021-06-11,14069.419921875,14069.419921875,14006.58984375,14030.849609375,4157580000
2021-06-14,14174.1396484375,14175.4501953125,14056.669921875,14083.4697265625,4415160000
2021-06-15,14072.8603515625,14171.01953125,14052.16015625,14166.6396484375,4554580000
2021-06-16,14039.6796875,14129.6904296875,13903.73046875,14085.5498046875,4683030000
2021-06-17,14161.349609375,14196.2099609375,13998.9296875,13999.1298828125,4558280000
2021-06-18,14030.3798828125,14129.2197265625,14009.0400390625,14096.9296875,6126070000
2021-06-21,14141.48046875,14150.7802734375,13960.0400390625,14047.419921875,4562010000
2021-06-22,14253.26953125,14269.76953125,14121.0,14138.2900390625,4433140000
2021-06-23,14271.73046875,14317.66015625,14246.2998046875,14263.3798828125,4417470000
2021-06-24,14369.7099609375,14414.4599609375,14333.7001953125,14357.26953125,4324620000
2021-06-25,14360.3896484375,14409.080078125,14337.650390625,14400.8095703125,7468090000
2021-06-28,14500.509765625,14505.1904296875,14417.2001953125,14417.8095703125,4283000000
2021-06-29,14528.330078125,14535.9697265625,14471.3798828125,14509.1904296875,4901300000
2021-06-30,14503.9501953125,14526.8095703125,14478.0595703125,14509.849609375,5293810000
2021-07-01,14522.3798828125,14533.5498046875,14439.400390625,14493.6904296875,4410470000
2021-07-02,14639.330078125,14649.1103515625,14555.33984375,14582.98046875,3751420000
2021-07-06,14663.6396484375,14687.0,14529.7998046875,14661.5498046875,4489540000
2021-07-07,14665.0595703125,14755.330078125,14580.7900390625,14753.41015625,4605630000
2021-07-08,14559.7802734375,14610.0595703125,14371.58984375,14409.2001953125,4575010000
2021-07-09,14701.919921875,14710.2001953125,14552.259765625,14578.4296875,3826500000
2021-07-12,14733.240234375,14761.080078125,14672.6298828125,14743.8603515625,3897090000
2021-07-13,14677.650390625,14803.6796875,14660.1904296875,14715.1298828125,4583460000
2021-07-14,14644.9501953125,14790.5498046875,14632.9501953125,14780.900390625,4496220000
2021-07-15,14543.1298828125,14650.3701171875,14451.7998046875,14635.7802734375,4512550000
2021-07-16,14427.240234375,14623.01953125,14413.3203125,14597.509765625,4069530000
2021-07-19,14274.98046875,14313.599609375,14178.66015625,14235.98046875,4537130000
2021-07-20,14498.8798828125,14555.75,14271.23046875,14330.4599609375,4652450000
2021-07-21,14631.9501953125,14633.1396484375,14498.650390625,14508.75,4098520000
2021-07-22,14684.599609375,14694.1904296875,14617.8701171875,14652.7197265625,3597540000
2021-07-23,14836.990234375,14846.0595703125,14698.76953125,14753.0595703125,3997250000
2021-07-26,14840.7099609375,14863.650390625,14790.490234375,14821.0302734375,4437090000
2021-07-27,14660.580078125,14811.080078125,14503.759765625,14807.9501953125,4329230000
2021-07-28,14762.580078125,14798.8798828125,14645.6298828125,14715.66015625,4268210000
2021-07-29,14778.259765625,14833.740234375,14761.3798828125,14771.169921875,3928640000
2021-07-30,14672.6796875,14728.7802734375,14615.849609375,14615.849609375,3645050000
2021-08-02,14681.0703125,14770.41015625,14665.669921875,14758.599609375,3746130000
2021-08-03,14761.2900390625,14762.599609375,14584.08984375,14713.990234375,4141370000
2021-08-04,14780.5302734375,14812.3701171875,14734.1201171875,14747.2099609375,4337330000
2021-08-05,14895.1201171875,14896.4697265625,14776.0302734375,14794.080078125,4107300000
2021-08-06,14835.759765625,14890.1796875,14788.58984375,14864.2197265625,4173090000
2021-08-09,14860.1796875,14883.8095703125,14802.6904296875,14855.759765625,4111640000
2021-08-10,14788.08984375,14894.6103515625,14754.48046875,14887.75,3991770000
2021-08-11,14765.1396484375,14842.5,14692.41015625,14834.3798828125,4002340000
2021-08-12,14816.259765625,14824.3095703125,14698.9404296875,14751.3603515625,4049000000
2021-08-13,14822.900390625,14850.6103515625,14797.2197265625,14825.0703125,4061070000
2021-08-16,14793.759765625,14794.6796875,14610.01953125,14771.5302734375,3973920000
2021-08-17,14656.1796875,14716.9501953125,14550.8798828125,14670.5595703125,4168880000
2021-08-18,14525.91015625,14697.25,14516.2998046875,14636.240234375,3841840000
2021-08-19,14541.7900390625,14610.759765625,14423.16015625,14423.16015625,4191490000
2021-08-20,14714.66015625,14722.16015625,14571.5302734375,14571.5302734375,3886340000
2021-08-23,14942.650390625,14963.4697265625,14776.98046875,14776.98046875,3906780000
2021-08-24,15019.7998046875,15034.8896484375,14965.5400390625,14978.1396484375,3809750000
2021-08-25,15041.8603515625,15059.4296875,15011.580078125,15039.0302734375,3654150000
2021-08-26,14945.8095703125,15059.6298828125,14939.5595703125,15025.169921875,3630900000
2021-08-27,15129.5,15144.48046875,14966.51953125,14969.76953125,4048610000
2021-08-30,15265.8896484375,15288.080078125,15165.1201171875,15165.9404296875,4061760000
2021-08-31,15259.240234375,15278.9599609375,15202.669921875,15262.8798828125,4188020000
2021-09-01,15309.3798828125,15379.5,15302.1103515625,15308.98046875,4271690000
2021-09-02,15331.1796875,15380.0703125,15285.349609375,15358.4697265625,4050510000
2021-09-03,15363.51953125,15375.5595703125,15283.669921875,15313.41015625,3706990000
2021-09-07,15374.330078125,15403.4404296875,15343.2802734375,15375.98046875,4014250000
2021-09-08,15286.6396484375,15360.349609375,15206.6103515625,15360.349609375,4131560000
2021-09-09,15248.25,15352.3798828125,15245.169921875,15296.0595703125,4031140000
2021-09-10,15115.490234375,15349.4697265625,15111.3095703125,15332.919921875,4587150000
2021-09-13,15105.580078125,15215.4404296875,15030.849609375,15211.4296875,4723370000
2021-09-14,15037.759765625,15181.1904296875,15008.2998046875,15168.4501953125,4593140000
2021-09-15,15161.5302734375,15174.3798828125,14984.6796875,15071.33984375,4465140000
2021-09-16,15181.919921875,15205.5,15047.1396484375,15120.08984375,3701500000
2021-09-17,15043.9697265625,15166.5595703125,14998.73046875,15163.3603515625,6709540000
2021-09-20,14713.900390625,14841.8203125,14530.0703125,14758.1396484375,4879490000
2021-09-21,14746.400390625,14847.0302734375,14696.4697265625,14803.3603515625,4083010000
2021-09-22,14896.849609375,14950.1201171875,14767.009765625,14800.58984375,4252490000
2021-09-23,15052.240234375,15085.4404296875,14932.509765625,14960.0,4196130000
2021-09-24,15047.7001953125,15067.5595703125,14946.5703125,14961.6103515625,3992150000
2021-09-27,14969.9697265625,15003.16015625,14864.9599609375,14954.1796875,4650790000
2021-09-28,14546.6796875,14817.740234375,14539.8798828125,14787.2099609375,4989510000
2021-09-29,14512.4404296875,14676.6201171875,14493.669921875,14614.8798828125,5294600000
2021-09-30,14448.580078125,14632.3603515625,14444.2998046875,14582.599609375,5950950000
2021-10-01,14566.7001953125,14606.8203125,14324.009765625,14494.9296875,4710720000
2021-10-04,14255.48046875,14499.740234375,14181.6904296875,14493.1201171875,4557110000
2021-10-05,14433.830078125,14508.650390625,14299.7802734375,14312.8603515625,4176390000
2021-10-06,14501.91015625,14509.5498046875,14259.0703125,14289.4501953125,4465910000
2021-10-07,14654.01953125,14755.7197265625,14615.1396484375,14631.7998046875,3984180000
2021-10-08,14579.5400390625,14699.91015625,14569.6796875,14694.7197265625,3571380000
2021-10-11,14486.2001953125,14665.990234375,14482.6201171875,14540.080078125,3539540000
2021-10-12,14465.919921875,14552.7099609375,14441.599609375,14539.08984375,4063830000
2021-10-13,14571.6396484375,14589.2802734375,14471.8798828125,14537.169921875,4053580000
2021-10-14,14823.4296875,14827.5595703125,14699.51953125,14717.5,4262400000
2021-10-15,14897.33984375,14904.98046875,14847.9599609375,14891.240234375,4494440000
2021-10-18,15021.8095703125,15026.6796875,14833.2802734375,14839.740234375,4167740000
2021-10-19,15129.08984375,15137.849609375,15049.73046875,15073.1298828125,4483400000
2021-10-20,15121.6796875,15178.3896484375,15071.150390625,15160.0,4117050000
2021-10-21,15215.7001953125,15222.25,15094.1396484375,15104.7998046875,4961860000
2021-10-22,15090.2001953125,15193.009765625,15021.01953125,15158.0703125,5775770000
2021-10-25,15226.7099609375,15259.6298828125,15070.75,15142.919921875,5750200000
2021-10-26,15235.7099609375,15384.0,15198.23046875,15317.5,7173230000
2021-10-27,15235.83984375,15364.5400390625,15235.83984375,15276.0,6130110000
2021-10-28,15448.1201171875,15452.2998046875,15290.3095703125,15304.740234375,5714890000
2021-10-29,15498.3896484375,15504.1201171875,15323.2900390625,15323.2900390625,5338290000
2021-11-01,15595.919921875,15598.9501953125,15470.8203125,15541.259765625,5273950000
2021-11-02,15649.599609375,15656.599609375,15569.26953125,15583.98046875,5129370000
2021-11-03,15811.580078125,15821.5703125,15616.4404296875,15658.51953125,5325110000
2021-11-04,15940.3095703125,15966.08984375,15827.66015625,15849.740234375,5297250000
2021-11-05,15971.58984375,16053.3896484375,15900.7802734375,16003.5595703125,5566400000
2021-11-08,15982.3603515625,16038.23046875,15961.8095703125,15995.7197265625,5723650000
2021-11-09,15886.5400390625,16035.2099609375,15836.6796875,16024.1298828125,5574660000
2021-11-10,15622.7099609375,15867.240234375,15543.6796875,15753.83984375,5369110000
2021-11-11,15704.2802734375,15768.0302734375,15695.76953125,15752.080078125,4570460000
2021-11-12,15860.9599609375,15874.5703125,15705.3798828125,15752.6201171875,5446540000
2021-11-15,15853.849609375,15918.4501953125,15778.3095703125,15894.8203125,5020180000
2021-11-16,15973.8603515625,15989.6103515625,15825.0,15840.3203125,5533020000
2021-11-17,15921.5703125,15998.5703125,15909.3896484375,15973.6201171875,5049320000
2021-11-18,15993.7099609375,16010.8798828125,15848.830078125,15973.3896484375,5391360000
2021-11-19,16057.4404296875,16121.1201171875,16017.23046875,16042.16015625,4875310000
2021-11-22,15854.759765625,16212.23046875,15851.0400390625,16120.919921875,5567830000
2021-11-23,15775.1396484375,15895.8603515625,15601.4599609375,15809.5,5434380000
2021-11-24,15845.23046875,15848.5595703125,15591.3603515625,15677.8798828125,4197090000
2021-11-26,15491.66015625,15731.5400390625,15456.08984375,15664.3798828125,3502170000
2021-11-29,15782.830078125,15833.1103515625,15644.6103515625,15719.419921875,4836230000
2021-11-30,15537.6904296875,15828.2001953125,15451.3896484375,15716.5,6631470000
2021-12-01,15254.0498046875,15816.8203125,15243.9296875,15752.26953125,6320260000
2021-12-02,15381.3203125,15444.5400390625,15150.1201171875,15181.8203125,5418340000
2021-12-03,15085.4697265625,15470.3603515625,14931.0595703125,15428.7099609375,5900290000
2021-12-06,15225.150390625,15281.990234375,14931.6103515625,15117.6298828125,5115230000
2021-12-07,15686.919921875,15720.08984375,15507.66015625,15510.91015625,5116490000
2021-12-08,15786.990234375,15792.6396484375,15618.8798828125,15690.650390625,4615390000
2021-12-09,15517.3701171875,15796.0498046875,15511.1201171875,15720.5400390625,4515600000
2021-12-10,15630.599609375,15677.599609375,15477.849609375,15629.58984375,4426210000
2021-12-13,15413.2802734375,15637.0595703125,15408.25,15621.26953125,4573920000
2021-12-14,15237.6396484375,15317.5498046875,15097.349609375,15215.9599609375,4865990000
2021-12-15,15565.580078125,15575.759765625,15055.23046875,15230.7099609375,5343920000
2021-12-16,15180.4296875,15633.1904296875,15119.490234375,15629.080078125,4906480000
2021-12-17,15169.6796875,15288.7802734375,14960.3701171875,15036.76953125,7668770000
2021-12-20,14980.9404296875,15007.2998046875,14860.0400390625,14933.0,4602640000
2021-12-21,15341.08984375,15349.0595703125,15015.0302734375,15140.4296875,4581720000
2021-12-22,15521.8896484375,15525.9697265625,15303.0595703125,15319.16015625,4107900000
2021-12-23,15653.3701171875,15697.98046875,15528.91015625,15544.7900390625,3935010000
2021-12-27,15871.259765625,15871.400390625,15696.830078125,15696.830078125,3743920000
2021-12-28,15781.7197265625,15901.4697265625,15757.0703125,15895.2001953125,3648500000
2021-12-29,15766.2197265625,15821.8095703125,15679.849609375,15794.919921875,3714380000
2021-12-30,15741.5595703125,15868.08984375,15729.16015625,15758.98046875,3750920000
2021-12-31,15644.9697265625,15777.4296875,15643.9404296875,15722.91015625,3392580000
2022-01-03,15832.7998046875,15832.7998046875,15644.08984375,15732.5,4429960000
2022-01-04,15622.7197265625,15852.1396484375,15512.41015625,15852.1396484375,5131110000
2022-01-05,15100.169921875,15586.2998046875,15095.1796875,15547.16015625,5031850000
2022-01-06,15080.8603515625,15198.4501953125,14914.8701171875,15024.150390625,4790820000
2022-01-07,14935.900390625,15171.01953125,14877.6298828125,15095.7197265625,4238070000
2022-01-10,14942.830078125,14953.849609375,14530.23046875,14751.7802734375,5317180000
2022-01-11,15153.4501953125,15158.7099609375,14837.6298828125,14919.259765625,4390710000
2022-01-12,15188.3896484375,15319.0302734375,15117.2900390625,15263.099609375,4338530000
2022-01-13,14806.8095703125,15259.7099609375,14782.240234375,15245.0400390625,4302020000
2022-01-14,14893.75,14897.6796875,14689.4296875,14708.01953125,4374020000
2022-01-18,14506.900390625,14740.5400390625,14482.9404296875,14681.830078125,5060790000
2022-01-19,14340.259765625,14658.8896484375,14331.650390625,14582.2197265625,4665340000
2022-01-20,14154.01953125,14642.0302734375,14140.7802734375,14462.849609375,5102050000
2022-01-21,13768.919921875,14171.7197265625,13764.240234375,14046.2197265625,5870830000
2022-01-24,13855.1298828125,13876.6103515625,13094.650390625,13481.5,6998770000
2022-01-25,13539.2900390625,13781.6201171875,13414.1396484375,13610.8701171875,5019380000
2022-01-26,13542.1201171875,14002.650390625,13392.1904296875,13871.76953125,5771140000
2022-01-27,13352.7802734375,13765.91015625,13322.66015625,13710.990234375,5177380000
2022-01-28,13770.5703125,13771.91015625,13236.5595703125,13436.7099609375,4971930000
2022-01-31,14239.8798828125,14242.900390625,13767.7099609375,13812.1904296875,5124940000
2022-02-01,14346.0,14358.6904296875,14070.76953125,14277.4296875,4671850000
2022-02-02,14417.5498046875,14504.8203125,14264.650390625,14494.4697265625,4673140000
2022-02-03,13878.8203125,14207.8896484375,13851.740234375,14045.830078125,4326300000
2022-02-04,14098.009765625,14222.759765625,13850.3896484375,13958.48046875,4121340000
2022-02-07,14015.669921875,14236.3095703125,13974.099609375,14118.7900390625,4268730000
2022-02-08,14194.4501953125,14226.48046875,13934.7802734375,13984.4296875,4293770000
2022-02-09,14490.3701171875,14490.7197265625,14330.8701171875,14368.16015625,4729730000
2022-02-10,14185.6396484375,14509.5595703125,14118.2001953125,14228.6796875,5212510000
2022-02-11,13791.150390625,14246.7001953125,13733.16015625,14213.6201171875,5237320000
2022-02-14,13790.919921875,13921.7099609375,13664.759765625,13768.9697265625,4347350000
2022-02-15,14139.759765625,14142.490234375,13976.2900390625,13997.1796875,4416840000
2022-02-16,14124.08984375,14163.73046875,13931.990234375,14038.919921875,4238560000
2022-02-17,13716.7197265625,14020.8203125,13704.7001953125,14004.1904296875,4278370000
2022-02-18,13548.0703125,13762.400390625,13465.5595703125,13735.400390625,4501940000
2022-02-22,13381.51953125,13618.7197265625,13249.650390625,13424.3603515625,4849170000
2022-02-23,13037.490234375,13533.7802734375,13032.169921875,13511.75,4639330000
2022-02-24,13473.58984375,13486.1103515625,12587.8798828125,12587.8798828125,6180200000
2022-02-25,13694.6201171875,13696.8603515625,13358.2900390625,13485.259765625,4628720000
2022-02-28,13751.400390625,13810.6396484375,13549.900390625,13570.830078125,5928130000
2022-03-01,13532.4599609375,13777.0400390625,13441.3203125,13716.7001953125,6131350000
2022-03-02,13752.01953125,13796.5498046875,13493.91015625,13597.5302734375,5246390000
2022-03-03,13537.9404296875,13837.58984375,13472.6396484375,13837.58984375,5092580000
2022-03-04,13313.4404296875,13486.7099609375,13224.98046875,13455.23046875,5343900000
2022-03-07,12830.9599609375,13353.2802734375,12828.01953125,13328.3603515625,6195370000
2022-03-08,12795.5498046875,13159.4404296875,12670.080078125,12800.0400390625,6683960000
2022-03-09,13255.5498046875,13301.16015625,13039.7900390625,13113.7001953125,5396550000
2022-03-10,13129.9599609375,13163.5,12946.2802734375,13098.349609375,5071250000
2022-03-11,12843.8095703125,13239.349609375,12830.3701171875,13229.76953125,5288210000
2022-03-14,12581.2197265625,12918.009765625,12555.349609375,12795.1201171875,5876710000
2022-03-15,12948.6201171875,12973.8798828125,12616.58984375,12685.23046875,5440100000
2022-03-16,13436.5498046875,13440.1201171875,12992.2001953125,13119.3701171875,6552210000
2022-03-17,13614.7802734375,13620.7998046875,13317.1396484375,13360.7197265625,5612090000
2022-03-18,13893.83984375,13899.2802734375,13528.0595703125,13564.6298828125,8149290000
2022-03-21,13838.4599609375,13945.8095703125,13682.5498046875,13860.3896484375,5673940000
2022-03-22,14108.8203125,14141.0703125,13857.2900390625,13866.4296875,5445100000
2022-03-23,13922.599609375,14152.1396484375,13921.650390625,13990.349609375,5024230000
2022-03-24,14191.83984375,14193.5498046875,13897.2001953125,14001.3203125,5149520000
2022-03-25,14169.2998046875,14218.759765625,14010.7900390625,14194.7197265625,5585100000
2022-03-28,14354.900390625,14356.0,14101.33984375,14177.2099609375,5129500000
2022-03-29,14619.6396484375,14646.900390625,14419.400390625,14500.3896484375,6060890000
2022-03-30,14442.26953125,14609.25,14383.4501953125,14558.58984375,5479200000
2022-03-31,14220.51953125,14456.740234375,14217.7197265625,14444.7802734375,5453890000
2022-04-01,14261.5,14306.9404296875,14131.8095703125,14269.5302734375,5002790000
2022-04-04,14532.5498046875,14534.3798828125,14286.4501953125,14304.349609375,4630100000
2022-04-05,14204.169921875,14500.2900390625,14169.1201171875,14490.259765625,4727710000
2022-04-06,13888.8203125,14032.83984375,13788.900390625,14002.580078125,5360420000
2022-04-07,13897.2998046875,13978.25,13689.23046875,13861.490234375,4856090000
2022-04-08,13711.0,13866.0595703125,13693.6904296875,13830.4697265625,4574080000
2022-04-11,13411.9599609375,13585.080078125,13401.3896484375,13547.2900390625,4946680000
2022-04-12,13371.5703125,13685.9501953125,13317.740234375,13584.6904296875,4991720000
2022-04-13,13643.58984375,13679.4296875,13353.66015625,13373.1201171875,4909720000
2022-04-14,13351.080078125,13662.9296875,13345.2197265625,13647.4296875,4642240000
2022-04-18,13332.3603515625,13414.26953125,13222.0302734375,13319.3896484375,4365230000
2022-04-19,13619.66015625,13643.9697265625,13281.2197265625,13312.4404296875,4562840000
2022-04-20,13453.0703125,13678.5498046875,13426.1298828125,13665.3798828125,4678930000
2022-04-21,13174.650390625,13710.7001953125,13140.830078125,13623.7001953125,5233110000
2022-04-22,12839.2900390625,13212.599609375,12828.01953125,13168.7998046875,4475090000
2022-04-25,13004.849609375,13011.4501953125,12722.58984375,12749.169921875,4845160000
2022-04-26,12490.740234375,12918.0400390625,12490.740234375,12918.0400390625,5168160000
2022-04-27,12488.9296875,12703.7900390625,12430.900390625,12500.8798828125,4810720000
2022-04-28,12871.5302734375,12948.51953125,12487.8603515625,12712.8603515625,5067150000
2022-04-29,12334.6396484375,12861.830078125,12315.740234375,12710.419921875,4733070000
2022-05-02,12536.01953125,12542.5400390625,12202.41015625,12331.6904296875,4918240000
2022-05-03,12563.759765625,12645.830078125,12460.990234375,12511.4599609375,4547280000
2022-05-04,12964.8603515625,12985.009765625,12367.01953125,12574.73046875,5498050000
2022-05-05,12317.6904296875,12787.51953125,12183.5595703125,12787.51953125,5308920000
2022-05-06,12144.66015625,12358.419921875,11990.150390625,12246.830078125,5324480000
2022-05-09,11623.25,11990.6103515625,11574.9404296875,11923.0302734375,5939140000
2022-05-10,11737.669921875,11944.9404296875,11566.2802734375,11900.33984375,6218260000
2022-05-11,11364.240234375,11844.509765625,11339.1796875,11645.5703125,6152370000
2022-05-12,11370.9599609375,11547.330078125,11108.759765625,11199.25,6679470000
2022-05-13,11805.0,11856.7099609375,11510.259765625,11555.9697265625,5894020000
2022-05-16,11662.7900390625,11804.58984375,11627.5302734375,11727.1396484375,4930250000
2022-05-17,11984.51953125,11988.4296875,11754.2802734375,11905.5703125,5093960000
2022-05-18,11418.150390625,11826.2197265625,11381.6904296875,11790.6796875,5064120000
2022-05-19,11388.5,11562.8203125,11313.3095703125,11364.400390625,5154410000
2022-05-20,11354.6201171875,11552.2099609375,11035.6904296875,11542.669921875,5434370000
2022-05-23,11535.26953125,11552.0703125,11304.5595703125,11396.2802734375,4552200000
2022-05-24,11264.4501953125,11351.6103515625,11092.48046875,11326.4404296875,4724430000
2022-05-25,11434.740234375,11511.900390625,11211.849609375,11225.0302734375,4519690000
2022-05-26,11740.650390625,11796.9697265625,11406.16015625,11409.83984375,4672620000
2022-05-27,12131.1298828125,12131.66015625,11856.8203125,11869.6904296875,4793900000
2022-05-31,12081.3896484375,12190.080078125,11942.5,12137.5400390625,6045500000
2022-06-01,11994.4599609375,12237.9404296875,11901.4296875,12176.8896484375,4719900000
2022-06-02,12316.900390625,12320.1201171875,11901.4501953125,11945.5703125,4445840000
2022-06-03,12012.73046875,12167.4404296875,11966.6201171875,12097.1201171875,4130040000
2022-06-06,12061.3701171875,12245.400390625,12004.2001953125,12200.330078125,4647010000
2022-06-07,12175.23046875,12194.8603515625,11888.6103515625,11925.8095703125,4411240000
2022-06-08,12086.26953125,12235.7802734375,12052.7001953125,12147.2802734375,4708980000
2022-06-09,11754.23046875,12115.0595703125,11751.98046875,12016.4697265625,5408460000
2022-06-10,11340.01953125,11569.150390625,11328.26953125,11543.8798828125,5152020000
2022-06-13,10809.23046875,11071.48046875,10775.1396484375,10986.849609375,5937320000
2022-06-14,10828.349609375,10926.8095703125,10733.0400390625,10897.4296875,4819890000
2022-06-15,11099.150390625,11244.259765625,10866.3896484375,10968.400390625,5368500000
2022-06-16,10646.099609375,10831.0703125,10565.1396484375,10806.01953125,5696630000
2022-06-17,10798.349609375,10884.7099609375,10638.7197265625,10697.5498046875,7452830000
2022-06-21,11069.2998046875,11164.990234375,10974.0498046875,10974.0498046875,5226260000
2022-06-22,11053.080078125,11216.76953125,10938.0595703125,10941.9501953125,5238180000
2022-06-23,11232.1904296875,11260.26953125,11046.2802734375,11137.6796875,5258200000
2022-06-24,11607.6201171875,11613.23046875,11337.7802734375,11351.3095703125,9468130000
2022-06-27,11524.5498046875,11677.490234375,11487.0703125,11661.01953125,5047860000
2022-06-28,11181.5400390625,11635.849609375,11177.6796875,11542.240234375,5433220000
2022-06-29,11177.8896484375,11226.330078125,11072.1904296875,11160.2197265625,5650860000
2022-06-30,11028.740234375,11160.919921875,10850.009765625,11048.25,5654520000
2022-07-01,11127.849609375,11132.5498046875,10922.7099609375,11006.830078125,4865730000
2022-07-05,11322.240234375,11323.8896484375,10911.4501953125,10964.1796875,5053570000
2022-07-06,11361.849609375,11443.150390625,11250.3203125,11337.900390625,4851170000
2022-07-07,11621.349609375,11644.4697265625,11412.8798828125,11422.599609375,4685050000
2022-07-08,11635.3095703125,11689.7001953125,11479.76953125,11503.6103515625,4526570000
2022-07-11,11372.599609375,11541.099609375,11348.0595703125,11524.490234375,4362910000
2022-07-12,11264.73046875,11483.169921875,11207.080078125,11420.8896484375,4317860000
2022-07-13,11247.580078125,11325.669921875,11031.26953125,11056.5498046875,4433060000
2022-07-14,11251.1904296875,11279.9697265625,11005.9296875,11151.2099609375,4481070000
2022-07-15,11452.419921875,11454.6904296875,11295.330078125,11379.3603515625,4369060000
2022-07-18,11360.0498046875,11629.0302734375,11322.83984375,11561.6396484375,5057920000
2022-07-19,11713.150390625,11721.2197265625,11448.9697265625,11515.0,5302740000
2022-07-20,11897.650390625,11939.9599609375,11703.3603515625,11726.08984375,5467080000
2022-07-21,12059.6103515625,12060.58984375,11812.7197265625,11914.150390625,4680930000
2022-07-22,11834.1103515625,12093.01953125,11767.1904296875,12025.3701171875,4721880000
2022-07-25,11782.669921875,11855.1103515625,11707.5302734375,11837.9599609375,4346520000
2022-07-26,11562.5703125,11711.3095703125,11533.3701171875,11701.5302734375,4349760000
2022-07-27,12032.419921875,12081.73046875,11718.3798828125,11756.1904296875,4588480000
2022-07-28,12162.58984375,12179.08984375,11886.669921875,12036.48046875,4924950000
2022-07-29,12390.6904296875,12426.259765625,12181.1298828125,12239.6904296875,4907410000
2022-08-01,12368.98046875,12499.7197265625,12271.98046875,12317.9599609375,4396390000
2022-08-02,12348.759765625,12503.33984375,12260.48046875,12287.669921875,4792140000
2022-08-03,12668.16015625,12699.6396484375,12425.2099609375,12433.8701171875,5667990000
2022-08-04,12720.580078125,12736.1904296875,12600.7802734375,12675.0400390625,5451470000
2022-08-05,12657.5498046875,12720.4404296875,12525.76953125,12538.7998046875,4911300000
2022-08-08,12644.4599609375,12855.150390625,12597.75,12703.7197265625,5238600000
2022-08-09,12493.9296875,12582.91015625,12438.8603515625,12557.490234375,5307340000
2022-08-10,12854.7998046875,12861.4404296875,12698.6103515625,12793.4404296875,5196210000
2022-08-11,12779.91015625,13026.240234375,12760.08984375,12944.8203125,5815960000
2022-08-12,13047.1904296875,13047.1904296875,12821.2197265625,12866.3095703125,4782610000
2022-08-15,13128.0498046875,13146.0595703125,12993.7802734375,12996.6298828125,4476040000
2022-08-16,13102.5498046875,13181.08984375,12979.240234375,13082.6396484375,5028410000
2022-08-17,12938.1201171875,13053.509765625,12863.009765625,12968.6298828125,5229520000
2022-08-18,12965.33984375,13002.66015625,12873.490234375,12937.7900390625,4724350000
2022-08-19,12705.2197265625,12859.009765625,12674.8701171875,12832.26953125,4628170000
2022-08-22,12381.5703125,12538.5498046875,12353.73046875,12523.16015625,4270980000
2022-08-23,12381.2998046875,12490.849609375,12352.0302734375,12380.3701171875,3836180000
2022-08-24,12431.5302734375,12504.330078125,12350.16015625,12375.150390625,3917170000
2022-08-25,12639.26953125,12641.259765625,12471.98046875,12506.3701171875,4323470000
2022-08-26,12141.7099609375,12655.83984375,12141.51953125,12630.580078125,4530000000
2022-08-29,12017.669921875,12124.8701171875,11981.419921875,12021.0498046875,4209850000
2022-08-30,11883.1396484375,12101.849609375,11790.01953125,12093.0595703125,4681520000
2022-08-31,11816.2001953125,12027.4296875,11814.169921875,11972.5595703125,4952010000
2022-09-01,11785.1298828125,11798.3701171875,11546.51953125,11707.4404296875,4792890000
2022-09-02,11630.8603515625,11945.91015625,11573.509765625,11899.1396484375,4257410000
2022-09-06,11544.91015625,11679.4296875,11471.5,11643.0302734375,4622940000
2022-09-07,11791.900390625,11819.0703125,11555.080078125,11559.3798828125,4445640000
2022-09-08,11862.1298828125,11896.73046875,11660.5302734375,11679.8603515625,4329910000
2022-09-09,12112.3095703125,12132.669921875,11958.6103515625,11958.6103515625,4401590000
2022-09-12,12266.41015625,12270.1904296875,12169.2802734375,12174.9404296875,4146680000
2022-09-13,11633.5703125,11957.9697265625,11604.4296875,11908.8095703125,5188380000
2022-09-14,11719.6796875,11746.830078125,11602.759765625,11680.41015625,4861530000
2022-09-15,11552.3603515625,11760.73046875,11497.1103515625,11633.240234375,4805910000
2022-09-16,11448.400390625,11460.4296875,11316.919921875,11401.2099609375,7451840000
2022-09-19,11535.01953125,11538.1298828125,11337.830078125,11338.5703125,4168670000
2022-09-20,11425.0498046875,11520.990234375,11343.7197265625,11440.1396484375,4028100000
2022-09-21,11220.1904296875,11613.5703125,11218.990234375,11466.2099609375,4471000000
2022-09-22,11066.8095703125,11203.76953125,11024.6396484375,11167.3798828125,4916470000
2022-09-23,10867.9296875,10958.2900390625,10732.7197265625,10952.6904296875,5134350000
2022-09-26,10802.919921875,11024.0,10789.0498046875,10833.3798828125,4697730000
2022-09-27,10829.5,11040.98046875,10741.01953125,10955.2900390625,4445050000
2022-09-28,11051.6396484375,11101.5,10776.33984375,10817.51953125,4556100000
2022-09-29,10737.509765625,10899.4697265625,10623.2197265625,10894.4404296875,4516630000
2022-09-30,10575.6201171875,10883.0400390625,10572.330078125,10697.7099609375,4649710000
2022-10-03,10815.4296875,10875.4599609375,10577.8896484375,10659.009765625,4415440000
2022-10-04,11176.41015625,11189.9599609375,11044.0400390625,11054.7197265625,5004780000
2022-10-05,11148.6396484375,11210.3203125,10910.759765625,11022.669921875,4091860000
2022-10-06,11073.3095703125,11230.4404296875,11051.26953125,11129.0400390625,4423320000
2022-10-07,10652.400390625,10891.9296875,10608.51953125,10877.2802734375,4634190000
2022-10-10,10542.099609375,10669.9296875,10449.0400390625,10659.9501953125,3989640000
2022-10-11,10426.1904296875,10608.83984375,10351.98046875,10484.3701171875,4738840000
2022-10-12,10417.099609375,10494.5302734375,10372.2099609375,10437.0,4091030000
2022-10-13,10649.150390625,10697.7099609375,10088.830078125,10131.8203125,5300080000
2022-10-14,10321.3896484375,10766.6904296875,10308.8095703125,10742.8095703125,4393000000
2022-10-17,10675.7998046875,10696.58984375,10569.6904296875,10575.650390625,4439190000
2022-10-18,10772.400390625,10972.9697265625,10670.1201171875,10963.990234375,5047360000
2022-10-19,10680.509765625,10808.0400390625,10592.8798828125,10689.3095703125,4955090000
2022-10-20,10614.83984375,10837.2998046875,10574.5498046875,10657.41015625,4628010000
2022-10-21,10859.7197265625,10875.7197265625,10542.4296875,10576.0400390625,4706440000
2022-10-24,10952.6103515625,10983.51953125,10713.330078125,10867.0703125,4808710000
2022-10-25,11199.1201171875,11210.3798828125,10996.9697265625,10996.9697265625,5141760000
2022-10-26,10970.990234375,11205.83984375,10948.3798828125,10969.01953125,5224440000
2022-10-27,10792.669921875,10998.73046875,10780.5,10971.9501953125,4773520000
2022-10-28,11102.4501953125,11117.0400390625,10766.2001953125,10766.2001953125,4731940000
2022-10-31,10988.150390625,11047.9404296875,10914.009765625,11028.4296875,4753740000
2022-11-01,10890.849609375,11156.349609375,10881.1904296875,11154.740234375,4677520000
2022-11-02,10524.7998046875,10993.240234375,10522.900390625,10885.009765625,5436420000
2022-11-03,10342.9404296875,10486.009765625,10319.5400390625,10399.4501953125,5102190000
2022-11-04,10475.25,10553.6298828125,10262.9296875,10548.1396484375,5453750000
2022-11-07,10564.51953125,10587.9599609375,10428.91015625,10516.9404296875,4456690000
2022-11-08,10616.2001953125,10745.6396484375,10472.73046875,10611.5302734375,5134500000
2022-11-09,10353.169921875,10564.9697265625,10344.009765625,10528.4501953125,4977460000
2022-11-10,11114.150390625,11119.1201171875,10779.9501953125,10869.169921875,6433000000
2022-11-11,11323.330078125,11352.4296875,11069.830078125,11124.75,5867750000
2022-11-14,11196.2197265625,11350.1201171875,11167.169921875,11233.900390625,5004060000
2022-11-15,11358.41015625,11492.6201171875,11241.150390625,11474.8203125,5617310000
2022-11-16,11183.66015625,11286.099609375,11162.919921875,11260.099609375,4585190000
2022-11-17,11144.9599609375,11198.83984375,11006.2099609375,11008.669921875,4354360000
2022-11-18,11146.0595703125,11259.4404296875,11059.16015625,11257.009765625,4175420000
2022-11-21,11024.509765625,11128.7802734375,10999.75,11091.009765625,3977130000
2022-11-22,11174.41015625,11179.8701171875,10975.66015625,11058.5595703125,4186360000
2022-11-23,11285.3203125,11310.8203125,11174.6103515625,11174.6103515625,4431530000
2022-11-25,11226.3603515625,11261.5703125,11206.3798828125,11231.0,2184080000
2022-11-28,11049.5,11217.75,11020.6904296875,11147.5703125,4271360000
2022-11-29,10983.7802734375,11086.01953125,10944.3701171875,11060.01953125,4592830000
2022-11-30,11468.0,11468.4697265625,10966.5302734375,10995.2001953125,6653460000
2022-12-01,11482.4501953125,11546.76953125,11378.75,11475.169921875,5158120000
2022-12-02,11461.5,11492.3203125,11296.7197265625,11308.3798828125,4523010000
2022-12-05,11239.9404296875,11425.509765625,11193.01953125,11380.990234375,4510030000
2022-12-06,11014.8896484375,11241.419921875,10956.2001953125,11228.419921875,4713330000
2022-12-07,10958.5498046875,11039.8095703125,10910.6201171875,10963.9501953125,4343860000
2022-12-08,11082.0,11119.16015625,10939.4697265625,11011.330078125,4281800000
2022-12-09,11004.6201171875,11138.7001953125,10999.259765625,11038.169921875,4337440000
2022-12-12,11143.740234375,11144.669921875,10984.8203125,11015.48046875,4829990000
2022-12-13,11256.8095703125,11571.6396484375,11160.5400390625,11542.83984375,6126890000
2022-12-14,11170.8896484375,11352.08984375,11065.240234375,11248.08984375,5485150000
2022-12-15,10810.5302734375,11029.5703125,10775.6103515625,11012.6201171875,5536070000
2022-12-16,10705.41015625,10833.240234375,10642.099609375,10767.6298828125,7968170000
2022-12-19,10546.0302734375,10713.9697265625,10497.5498046875,10707.4404296875,4631820000
2022-12-20,10547.1103515625,10609.4599609375,10446.8203125,10490.8896484375,4707190000
2022-12-21,10709.3701171875,10753.5703125,10569.2001953125,10592.0,4401420000
2022-12-22,10476.1201171875,10599.33984375,10313.3203125,10586.4599609375,5125070000
2022-12-23,10497.8603515625,10514.759765625,10361.8203125,10437.75,3544680000
2022-12-27,10353.23046875,10472.3203125,10340.73046875,10462.1904296875,3827290000
2022-12-28,10213.2900390625,10414.8203125,10207.4697265625,10339.2001953125,3842970000
2022-12-29,10478.08984375,10502.080078125,10301.0595703125,10321.4599609375,4154100000
2022-12-30,10466.48046875,10468.3095703125,10324.7001953125,10368.3701171875,3959030000
2023-01-03,10386.98046875,10613.0595703125,10309.16015625,10562.0595703125,4780650000
2023-01-04,10458.759765625,10515.2197265625,10337.6396484375,10467.8203125,5085380000
2023-01-05,10305.240234375,10393.2197265625,10295.25,10390.3095703125,4764270000
2023-01-06,10569.2900390625,10604.1396484375,10265.0400390625,10363.9599609375,5199780000
2023-01-09,10635.650390625,10807.259765625,10619.1201171875,10662.099609375,5132190000
2023-01-10,10742.6298828125,10743.669921875,10589.58984375,10607.7197265625,4710680000
2023-01-11,10931.669921875,10932.4404296875,10762.73046875,10794.990234375,5284390000
2023-01-12,11001.099609375,11027.75,10797.1201171875,10969.259765625,5681240000
2023-01-13,11079.16015625,11084.009765625,10900.16015625,10906.3701171875,5077990000
2023-01-17,11095.1103515625,11145.4404296875,11024.7197265625,11070.0,5138410000
2023-01-18,10957.009765625,11223.41015625,10952.0498046875,11170.9501953125,5288630000
2023-01-19,10852.26953125,10932.51953125,10804.5703125,10890.400390625,4660800000
2023-01-20,11140.4296875,11143.169921875,10885.650390625,10924.66015625,5980110000
2023-01-23,11364.41015625,11405.5,11144.0302734375,11171.9404296875,5997810000
2023-01-24,11334.26953125,11378.150390625,11282.650390625,11302.9296875,5670860000
2023-01-25,11313.3603515625,11334.2197265625,11069.1796875,11146.5302734375,5485570000
2023-01-26,11512.41015625,11516.0498046875,11341.1904296875,11458.400390625,5732890000
2023-01-27,11621.7099609375,11691.8896484375,11470.26953125,11470.4697265625,6243800000
2023-01-30,11393.8095703125,11553.3095703125,11388.5400390625,11512.33984375,5122320000
2023-01-31,11584.5498046875,11586.009765625,11398.3701171875,11398.580078125,5695150000
2023-02-01,11816.3203125,11904.01953125,11500.330078125,11573.1396484375,6336040000
2023-02-02,12200.8203125,12269.5498046875,12024.1396484375,12065.150390625,7038210000
2023-02-03,12006.9501953125,12231.3095703125,11946.8603515625,11946.8603515625,5954490000
2023-02-06,11887.4501953125,11973.41015625,11843.490234375,11904.41015625,5538350000
2023-02-07,12113.7900390625,12150.2197265625,11836.7802734375,11891.25,5720240000
2023-02-08,11910.51953125,12096.3896484375,11890.08984375,12069.1201171875,5052870000
2023-02-09,11789.580078125,12070.9599609375,11745.1103515625,12069.099609375,5536290000
2023-02-10,11718.1201171875,11775.7998046875,11630.5400390625,11714.599609375,4885030000
2023-02-13,11891.7900390625,11910.919921875,11719.73046875,11759.08984375,4752880000
2023-02-14,11960.150390625,11999.849609375,11760.5595703125,11808.2001953125,5032430000
2023-02-15,12070.58984375,12071.2900390625,11876.8203125,11905.1201171875,5056640000
2023-02-16,11855.830078125,12040.33984375,11853.3603515625,11896.3095703125,5159410000
2023-02-17,11787.26953125,11803.2197265625,11673.2099609375,11777.5,4925230000
2023-02-21,11492.2998046875,11684.1396484375,11491.1796875,11640.3701171875,5002540000
2023-02-22,11507.0703125,11582.51953125,11445.169921875,11517.2001953125,4671270000
2023-02-23,11590.400390625,11638.98046875,11432.580078125,11636.9296875,4714580000
2023-02-24,11394.9404296875,11434.3603515625,11334.4697265625,11404.1796875,4432650000
2023-02-27,11466.98046875,11565.23046875,11444.599609375,11517.1904296875,4494000000
2023-02-28,11455.5400390625,11548.23046875,11435.3896484375,11451.0498046875,5340950000
2023-03-01,11379.48046875,11479.0,11349.8701171875,11447.580078125,4927530000
2023-03-02,11462.98046875,11487.58984375,11273.6103515625,11273.76953125,5313760000
2023-03-03,11689.009765625,11699.6298828125,11514.740234375,11524.650390625,5102210000
2023-03-06,11675.740234375,11827.919921875,11667.48046875,11736.8701171875,4982880000
2023-03-07,11530.330078125,11705.9599609375,11512.0302734375,11670.98046875,5422820000
2023-03-08,11576.0,11601.23046875,11487.75,11553.08984375,5085970000
2023-03-09,11338.349609375,11667.1201171875,11319.98046875,11578.3095703125,5061790000
2023-03-10,11138.8896484375,11373.8095703125,11093.8603515625,11325.3603515625,6193500000
2023-03-13,11188.83984375,11326.73046875,10982.7998046875,11041.4599609375,6201490000
2023-03-14,11428.150390625,11467.01953125,11284.9296875,11357.73046875,5533120000
2023-03-15,11434.0498046875,11447.900390625,11238.4404296875,11291.169921875,5912430000
2023-03-16,11717.2802734375,11733.7998046875,11365.490234375,11384.8701171875,5498920000
2023-03-17,11630.509765625,11773.1103515625,11562.6298828125,11696.33984375,7903090000
2023-03-20,11675.5400390625,11695.5498046875,11550.6904296875,11614.3896484375,4970630000
2023-03-21,11860.1103515625,11879.16015625,11724.91015625,11764.7900390625,4829870000
2023-03-22,11669.9599609375,12013.990234375,11666.849609375,11857.5,4981590000
2023-03-23,11787.400390625,11962.6904296875,11684.51953125,11811.3203125,4917460000
2023-03-24,11823.9599609375,11826.23046875,11670.669921875,11747.6201171875,4363650000
2023-03-27,11768.83984375,11903.2099609375,11739.0498046875,11868.5400390625,4330320000
2023-03-28,11716.080078125,11752.759765625,11635.0302734375,11752.759765625,4036910000
2023-03-29,11926.240234375,11941.599609375,11823.349609375,11855.58984375,4493540000
2023-03-30,12013.4697265625,12044.7900390625,11953.3701171875,12010.4501953125,4738880000
2023-03-31,12221.91015625,12227.9296875,12030.4404296875,12031.5400390625,5521150000
2023-04-03,12189.4501953125,12196.33984375,12086.51953125,12146.08984375,4816440000
2023-04-04,12126.330078125,12224.6796875,12081.8095703125,12208.490234375,4298760000
2023-04-05,11996.8603515625,12086.75,11931.849609375,12081.759765625,4378590000
2023-04-06,12087.9599609375,12098.5,11898.3603515625,11939.080078125,3862800000
2023-04-10,12084.3603515625,12084.9501953125,11924.2001953125,11975.1298828125,4334070000
2023-04-11,12031.8798828125,12091.26953125,12011.400390625,12080.240234375,4676960000
2023-04-12,11929.33984375,12134.5,11916.5400390625,12110.8701171875,4909770000
2023-04-13,12166.26953125,12178.7998046875,11995.9404296875,11997.419921875,4942990000
2023-04-14,12123.4697265625,12205.7197265625,12026.5498046875,12117.91015625,4655740000
2023-04-17,12157.7197265625,12159.01953125,12064.099609375,12108.23046875,4823180000
2023-04-18,12153.41015625,12245.4296875,12110.23046875,12234.5595703125,4851810000
2023-04-19,12157.23046875,12191.099609375,12060.169921875,12063.6796875,4972700000
2023-04-20,12059.5595703125,12155.9599609375,12011.9501953125,12039.080078125,4590530000
2023-04-21,12072.4599609375,12097.150390625,11986.8203125,12046.0302734375,4868050000
2023-04-24,12037.2001953125,12103.580078125,11960.2998046875,12053.4697265625,4854050000
2023-04-25,11799.16015625,11990.4599609375,11798.76953125,11968.8095703125,4806020000
2023-04-26,11854.349609375,11967.990234375,11833.0703125,11913.23046875,5281970000
2023-04-27,12142.240234375,12154.009765625,11950.919921875,11972.150390625,5253710000
2023-04-28,12226.580078125,12227.7197265625,12082.5703125,12117.5400390625,5331380000
2023-05-01,12212.599609375,12261.3203125,12181.080078125,12210.0498046875,5168430000
2023-05-02,12080.509765625,12206.580078125,12015.23046875,12198.01953125,5501410000
2023-05-03,12025.330078125,12212.5498046875,12022.4599609375,12097.0400390625,5782160000
2023-05-04,11966.400390625,12033.150390625,11925.3701171875,11997.33984375,4745780000
2023-05-05,12235.41015625,12264.830078125,12065.7197265625,12073.0302734375,4574790000
2023-05-08,12256.919921875,12264.990234375,12178.259765625,12231.6796875,4216360000
2023-05-09,12179.5498046875,12216.1298828125,12174.0595703125,12195.7802734375,4126780000
2023-05-10,12306.4404296875,12337.6904296875,12180.8603515625,12286.66015625,4948260000
2023-05-11,12328.509765625,12347.3798828125,12255.4404296875,12321.259765625,4489490000
2023-05-12,12284.740234375,12364.650390625,12209.580078125,12350.51953125,4170000000
2023-05-15,12365.2099609375,12376.400390625,12263.349609375,12301.169921875,3979290000
2023-05-16,12343.0498046875,12403.8095703125,12324.51953125,12327.0498046875,4067510000
2023-05-17,12500.5703125,12514.0703125,12335.01953125,12388.580078125,4501820000
2023-05-18,12688.83984375,12698.5,12512.259765625,12513.8701171875,4532890000
2023-05-19,12657.900390625,12731.73046875,12624.0595703125,12709.4599609375,3935780000
2023-05-22,12720.7802734375,12756.23046875,12655.259765625,12664.4404296875,4278920000
2023-05-23,12560.25,12709.740234375,12554.4296875,12652.8798828125,4347440000
2023-05-24,12484.16015625,12529.6298828125,12415.849609375,12481.8896484375,4088270000
2023-05-25,12698.08984375,12736.919921875,12604.8896484375,12706.4404296875,4651640000
2023-05-26,12975.6904296875,13001.91015625,12729.740234375,12736.419921875,4434070000
2023-05-30,13017.4296875,13154.2900390625,12968.1201171875,13109.099609375,4843470000
2023-05-31,12935.2900390625,13029.080078125,12889.3701171875,12968.3798828125,5905760000
2023-06-01,13100.98046875,13141.830078125,12903.6298828125,12944.4599609375,4610310000
2023-06-02,13240.76953125,13256.2099609375,13125.8603515625,13190.48046875,4426760000
2023-06-05,13229.4296875,13330.650390625,13194.9501953125,13238.48046875,4344280000
2023-06-06,13276.419921875,13306.2099609375,13165.650390625,13199.58984375,4810910000
2023-06-07,13104.900390625,13361.900390625,13089.48046875,13295.259765625,5270600000
2023-06-08,13238.51953125,13248.599609375,13101.1796875,13113.26953125,4280160000
2023-06-09,13259.1396484375,13385.9501953125,13229.330078125,13312.3896484375,4412710000
2023-06-12,13461.919921875,13465.91015625,13302.580078125,13326.3701171875,4722680000
2023-06-13,13573.3203125,13594.400390625,13473.1904296875,13566.5302734375,5522100000
2023-06-14,13626.48046875,13661.740234375,13455.990234375,13570.5595703125,5772550000
2023-06-15,13782.8203125,13828.169921875,13561.3701171875,13572.8798828125,5667520000
2023-06-16,13689.5703125,13864.0595703125,13680.9501953125,13859.0703125,8076530000
2023-06-20,13667.2900390625,13711.1796875,13561.83984375,13642.2900390625,5237710000
2023-06-21,13502.2001953125,13638.5703125,13460.9404296875,13620.8701171875,5194640000
2023-06-22,13630.6103515625,13631.849609375,13441.5595703125,13443.41015625,4499550000
2023-06-23,13492.51953125,13572.1904296875,13442.650390625,13484.099609375,7734500000
2023-06-26,13335.7802734375,13573.5703125,13334.419921875,13468.740234375,4430600000
2023-06-27,13555.669921875,13578.7998046875,13366.9697265625,13389.25,5053660000
2023-06-28,13591.75,13654.1396484375,13495.73046875,13506.01953125,4533270000
2023-06-29,13591.330078125,13618.5302734375,13540.259765625,13592.3603515625,4388140000
2023-06-30,13787.919921875,13816.6796875,13716.16015625,13719.98046875,4661120000
2023-07-03,13816.76953125,13839.08984375,13773.41015625,13798.7001953125,2902300000
2023-07-05,13791.650390625,13844.5,13764.25,13772.099609375,5339340000
2023-07-06,13679.0400390625,13689.51953125,13567.25,13653.169921875,6113080000
2023-07-07,13660.7197265625,13804.509765625,13656.73046875,13668.0703125,5098120000
2023-07-10,13685.48046875,13692.41015625,13584.8701171875,13645.3701171875,5275390000
2023-07-11,13760.7001953125,13774.830078125,13643.3203125,13709.8095703125,4840950000
2023-07-12,13918.9599609375,13963.4501953125,13842.1298828125,13915.6396484375,5230620000
2023-07-13,14138.5703125,14163.7998046875,14012.240234375,14021.150390625,5183560000
2023-07-14,14113.7001953125,14232.1103515625,14081.9599609375,14166.66015625,5366890000
2023-07-17,14244.9501953125,14274.41015625,14138.009765625,14149.919921875,4593160000
2023-07-18,14353.6396484375,14396.6904296875,14176.1103515625,14212.25,4824070000
2023-07-19,14358.01953125,14446.5498046875,14317.08984375,14398.5302734375,5112420000
2023-07-20,14063.3095703125,14309.919921875,14030.6201171875,14273.2900390625,5128020000
2023-07-21,14032.8095703125,14179.009765625,14020.4501953125,14148.1796875,5254180000
2023-07-24,14058.8701171875,14110.150390625,13997.1298828125,14081.6298828125,4083070000
2023-07-25,14144.5595703125,14201.91015625,14092.51953125,14093.240234375,3812470000
2023-07-26,14127.2802734375,14187.349609375,14041.9501953125,14123.51953125,4322000000
2023-07-27,14050.1103515625,14360.2001953125,14006.9296875,14319.16015625,5115840000
2023-07-28,14316.66015625,14344.349609375,14188.099609375,14199.830078125,4453520000
2023-07-31,14346.01953125,14370.91015625,14292.75,14337.900390625,4934440000
2023-08-01,14283.91015625,14309.2099609375,14215.6396484375,14274.9296875,4633770000
2023-08-02,13973.4501953125,14133.849609375,13914.8095703125,14132.73046875,5481960000
2023-08-03,13959.7197265625,14032.2802734375,13881.349609375,13899.759765625,6036970000
2023-08-04,13909.240234375,14119.2197265625,13897.9296875,14025.9599609375,5349450000
2023-08-07,13994.400390625,13997.150390625,13864.919921875,13972.4501953125,4892330000
2023-08-08,13884.3203125,13899.740234375,13769.33984375,13875.4501953125,5284550000
2023-08-09,13722.01953125,13898.5400390625,13698.3896484375,13897.6103515625,5591360000
2023-08-10,13737.990234375,13947.16015625,13686.509765625,13818.25,5299080000
2023-08-11,13644.849609375,13720.330078125,13609.98046875,13633.650390625,4638880000
2023-08-14,13788.330078125,13789.16015625,13582.490234375,13599.0,4272020000
2023-08-15,13631.0498046875,13774.98046875,13611.9404296875,13760.48046875,4473320000
2023-08-16,13474.6298828125,13644.3203125,13473.0302734375,13593.169921875,6243760000
2023-08-17,13316.9296875,13535.08984375,13303.4501953125,13527.2998046875,5280180000
2023-08-18,13290.7802734375,13335.8701171875,13161.759765625,13190.01953125,4801910000
2023-08-21,13497.58984375,13516.8603515625,13325.58984375,13347.259765625,4363070000
2023-08-22,13505.8701171875,13598.76953125,13484.3798828125,13593.9501953125,4282430000
2023-08-23,13721.0302734375,13757.0,13532.4296875,13532.4296875,4127850000
2023-08-24,13463.9697265625,13834.6904296875,13462.83984375,13834.3095703125,4383820000
2023-08-25,13590.650390625,13633.419921875,13376.349609375,13514.3701171875,3970060000
2023-08-28,13705.1298828125,13735.98046875,13626.6396484375,13695.3603515625,3666680000
2023-08-29,13943.759765625,13959.8095703125,13677.0595703125,13687.23046875,4748180000
2023-08-30,14019.3095703125,14050.8203125,13924.2001953125,13961.76953125,4364600000
2023-08-31,14034.9697265625,14114.669921875,14010.48046875,14041.5400390625,4568610000
2023-09-01,14031.8095703125,14149.6201171875,13982.419921875,14129.9599609375,4033960000
2023-09-05,14020.9501953125,14060.849609375,13945.650390625,13994.5400390625,4379790000
2023-09-06,13872.4697265625,14001.9501953125,13802.419921875,13988.8095703125,4215320000
2023-09-07,13748.830078125,13774.6298828125,13642.4697265625,13675.1103515625,4320830000
2023-09-08,13761.5302734375,13843.3701171875,13733.1796875,13754.7099609375,4160360000
2023-09-11,13917.8896484375,13937.4697265625,13805.1298828125,13884.0302734375,4538870000
2023-09-12,13773.6103515625,13913.599609375,13763.6904296875,13858.9404296875,4595490000
2023-09-13,13813.58984375,13868.5703125,13733.8203125,13773.669921875,4840310000
2023-09-14,13926.0498046875,13957.5703125,13810.66015625,13889.759765625,4649010000
2023-09-15,13708.330078125,13895.75,13684.240234375,13889.2001953125,8162210000
2023-09-18,13710.240234375,13751.2802734375,13663.4599609375,13669.9599609375,4855880000
2023-09-19,13678.1904296875,13705.150390625,13578.8701171875,13649.4404296875,4453460000
2023-09-20,13469.1298828125,13727.8095703125,13467.2802734375,13710.259765625,4782440000
2023-09-21,13223.98046875,13362.23046875,13222.5595703125,13328.0595703125,5014890000
2023-09-22,13211.8095703125,13353.2197265625,13200.6396484375,13287.169921875,4302700000
2023-09-25,13271.3203125,13277.830078125,13132.0,13172.5400390625,4100290000
2023-09-26,13063.6103515625,13199.1298828125,13033.400390625,13180.9599609375,4693540000
2023-09-27,13092.849609375,13156.3701171875,12963.16015625,13115.3603515625,4841410000
2023-09-28,13201.2802734375,13270.9697265625,13025.1103515625,13043.3701171875,4648390000
2023-09-29,13219.3203125,13382.98046875,13177.08984375,13337.7099609375,5138500000
2023-10-02,13307.76953125,13364.0302734375,13204.080078125,13217.98046875,4554700000
2023-10-03,13059.4697265625,13280.0400390625,13008.599609375,13229.6796875,4684310000
2023-10-04,13236.009765625,13258.759765625,13072.509765625,13092.919921875,4308070000
2023-10-05,13219.830078125,13251.1796875,13087.5703125,13228.1201171875,4167470000
2023-10-06,13431.33984375,13472.26953125,13099.0302734375,13127.6796875,4309420000
2023-10-09,13484.240234375,13509.2998046875,13277.48046875,13326.2197265625,3835930000
2023-10-10,13562.83984375,13659.6298828125,13491.8095703125,13505.8095703125,4301350000
2023-10-11,13659.6796875,13671.1103515625,13549.2900390625,13619.2099609375,4160440000
2023-10-12,13574.2197265625,13714.1396484375,13491.5595703125,13672.4697265625,4858620000
2023-10-13,13407.23046875,13619.5400390625,13361.849609375,13613.58984375,4251550000
2023-10-16,13567.98046875,13598.0498046875,13447.169921875,13453.8095703125,4308690000
2023-10-17,13533.75,13602.25,13364.740234375,13419.8701171875,4417640000
2023-10-18,13314.2998046875,13499.740234375,13275.2998046875,13439.6796875,4617140000
2023-10-19,13186.1796875,13404.73046875,13157.330078125,13354.7998046875,5014790000
2023-10-20,12983.8095703125,13177.349609375,12977.4296875,13157.76953125,4622840000
2023-10-23,13018.330078125,13143.2197265625,12848.830078125,12930.849609375,4669060000
2023-10-24,13139.8701171875,13170.3896484375,13022.849609375,13084.990234375,4604720000
2023-10-25,12821.2197265625,13042.51953125,12804.2998046875,13039.8603515625,4599850000
2023-10-26,12595.6103515625,12818.1396484375,12543.8603515625,12768.9697265625,4894900000
2023-10-27,12643.009765625,12772.4296875,12600.5703125,12718.6904296875,4172100000
2023-10-30,12789.48046875,12842.9599609375,12691.5595703125,12750.4697265625,4149320000
2023-10-31,12851.240234375,12859.400390625,12697.0400390625,12786.6201171875,4315630000
2023-11-01,13061.4697265625,13072.419921875,12875.2001953125,12887.0595703125,4545120000
2023-11-02,13294.1904296875,13302.1796875,13177.6396484375,13230.490234375,4962950000
2023-11-03,13478.2802734375,13520.2802734375,13344.73046875,13362.849609375,4918750000
2023-11-06,13518.7802734375,13551.6201171875,13435.990234375,13514.080078125,4345850000
2023-11-07,13639.8603515625,13675.4599609375,13516.5595703125,13555.7900390625,4354460000
2023-11-08,13650.41015625,13684.8701171875,13573.580078125,13660.2197265625,4685550000
2023-11-09,13521.4501953125,13697.8203125,13506.01953125,13693.7001953125,5313970000
2023-11-10,13798.1103515625,13802.5302734375,13556.349609375,13571.1904296875,4722140000
2023-11-13,13767.740234375,13805.1103515625,13687.7802734375,13745.9599609375,4349590000
2023-11-14,14094.3798828125,14124.0595703125,14003.1396484375,14015.3701171875,5332490000
2023-11-15,14103.83984375,14194.3603515625,14060.7001953125,14147.26953125,5063830000
2023-11-16,14113.669921875,14130.4501953125,14033.7900390625,14066.8798828125,4545180000
2023-11-17,14125.48046875,14154.3203125,14063.9296875,14101.4404296875,4408640000
2023-11-20,14284.5302734375,14309.7998046875,14134.2001953125,14134.75,4561810000
2023-11-21,14199.98046875,14237.5,14146.3095703125,14217.23046875,4128600000
2023-11-22,14265.8603515625,14359.6103515625,14226.6298828125,14283.8203125,3855240000
2023-11-24,14250.849609375,14270.2802734375,14214.1298828125,14238.0400390625,2541840000
2023-11-27,14241.01953125,14305.7099609375,14205.240234375,14239.3095703125,4205880000
2023-11-28,14281.759765625,14303.66015625,14195.7197265625,14224.6298828125,4474400000
2023-11-29,14258.490234375,14423.2197265625,14247.8896484375,14367.1103515625,4890220000
2023-11-30,14226.2197265625,14289.2001953125,14127.0498046875,14265.0498046875,5678070000
2023-12-01,14305.0302734375,14311.9501953125,14135.0,14181.349609375,5607000000
2023-12-04,14185.490234375,14197.51953125,14058.51953125,14168.66015625,6270020000
2023-12-05,14229.91015625,14285.66015625,14121.759765625,14126.400390625,6179120000
2023-12-06,14146.7099609375,14327.6298828125,14138.509765625,14325.6201171875,5167030000
2023-12-07,14339.990234375,14353.1103515625,14220.8701171875,14230.4296875,5694310000
2023-12-08,14403.9697265625,14416.919921875,14264.9599609375,14279.4599609375,5430840000
2023-12-11,14432.490234375,14436.080078125,14324.5703125,14340.1298828125,5607820000
2023-12-12,14533.400390625,14533.400390625,14385.3896484375,14423.009765625,4950100000
2023-12-13,14733.9599609375,14743.5498046875,14517.51953125,14555.6796875,6732040000
2023-12-14,14761.5595703125,14855.6201171875,14642.23046875,14798.7197265625,8033170000
2023-12-15,14813.919921875,14848.400390625,14753.16015625,14797.4599609375,8377630000
2023-12-18,14904.8095703125,14938.0400390625,14811.8203125,14814.01953125,5866080000
2023-12-19,15003.2197265625,15003.7998046875,14921.599609375,14923.01953125,5757180000
2023-12-20,14777.9404296875,15069.2900390625,14776.2900390625,14973.3603515625,6294700000
2023-12-21,14963.8701171875,14970.8095703125,14837.4697265625,14923.1396484375,5465640000
2023-12-22,14992.9697265625,15047.1904296875,14927.1201171875,15006.1796875,4796600000
2023-12-26,15074.5703125,15101.1796875,15024.0595703125,15028.6904296875,6120600000
2023-12-27,15099.1796875,15114.080078125,15051.669921875,15089.66015625,7480170000
2023-12-28,15095.1396484375,15150.0703125,15087.2197265625,15142.08984375,5090570000
2023-12-29,15011.349609375,15111.41015625,14955.3701171875,15099.2001953125,5441060000
2024-01-02,14765.9404296875,14887.7998046875,14682.3798828125,14873.7001953125,5791170000
2024-01-03,14592.2099609375,14694.580078125,14577.4404296875,14641.4697265625,5449950000
2024-01-04,14510.2998046875,14632.76953125,14504.7802734375,14532.23046875,5289220000
2024-01-05,14524.0703125,14625.1904296875,14477.5703125,14500.1103515625,5232820000
2024-01-08,14843.76953125,14846.900390625,14560.2001953125,14564.4697265625,6337770000
2024-01-09,14857.7099609375,14894.3203125,14716.7099609375,14744.1298828125,5068410000
2024-01-10,14969.650390625,14998.2001953125,14842.7001953125,14877.7001953125,4404590000
2024-01-11,14970.1904296875,15063.6103515625,14800.3798828125,15020.9501953125,5044690000
2024-01-12,14972.759765625,15047.25,14931.8798828125,15001.009765625,4958940000
2024-01-16,14944.349609375,15004.349609375,14863.8095703125,14908.259765625,6386180000
2024-01-17,14855.6201171875,14865.759765625,14706.23046875,14814.76953125,5181740000
2024-01-18,15055.650390625,15066.8095703125,14911.1103515625,14994.51953125,5587440000
2024-01-19,15310.9697265625,15310.9697265625,15087.2001953125,15122.3798828125,5604950000
2024-01-22,15360.2900390625,15438.849609375,15333.6298828125,15393.0498046875,5456240000
2024-01-23,15425.9404296875,15432.349609375,15337.23046875,15391.41015625,5207680000
2024-01-24,15481.919921875,15629.0703125,15468.91015625,15560.6103515625,4983210000
2024-01-25,15510.5,15597.25,15430.6796875,15555.6201171875,5281570000
2024-01-26,15455.3603515625,15538.83984375,15433.0400390625,15474.849609375,4510530000
2024-01-29,15628.0400390625,15630.580078125,15449.8701171875,15470.66015625,4979310000
2024-01-30,15509.900390625,15619.23046875,15484.669921875,15604.080078125,4719240000
2024-01-31,15164.009765625,15405.5595703125,15158.490234375,15324.1904296875,5875610000
2024-02-01,15361.6396484375,15372.1298828125,15208.8798828125,15254.01953125,5046920000
2024-02-02,15628.9501953125,15664.2099609375,15366.7802734375,15403.16015625,4800690000
2024-02-05,15597.6796875,15637.8798828125,15471.6796875,15613.990234375,4831020000
2024-02-06,15609.0,15652.75,15515.25,15638.1904296875,4759640000
2024-02-07,15756.6396484375,15770.6796875,15645.8095703125,15690.349609375,4567580000
2024-02-08,15793.7099609375,15813.26953125,15739.1796875,15762.23046875,5675850000
2024-02-09,15990.66015625,16007.2900390625,15831.759765625,15842.3798828125,5797260000
2024-02-12,15942.5498046875,16080.0703125,15917.8701171875,15980.6201171875,5458490000
2024-02-13,15655.599609375,15770.419921875,15551.4404296875,15598.8798828125,5599860000
2024-02-14,15859.150390625,15865.509765625,15683.9404296875,15781.7099609375,5092660000
2024-02-15,15906.169921875,15911.2197265625,15779.7197265625,15865.2998046875,6049100000
2024-02-16,15775.650390625,15917.41015625,15752.01953125,15910.4296875,5223800000
2024-02-20,15630.7802734375,15730.4697265625,15508.5,15679.83984375,5595700000
2024-02-21,15580.8701171875,15583.6796875,15451.650390625,15532.1201171875,4845740000
2024-02-22,16041.6201171875,16061.8203125,15869.240234375,15904.48046875,5653930000
2024-02-23,15996.8203125,16134.2197265625,15954.5,16094.7998046875,5077910000
2024-02-26,15976.25,16054.900390625,15973.900390625,16014.4501953125,5417630000
2024-02-27,16035.2998046875,16046.099609375,15940.509765625,16013.98046875,5423020000
2024-02-28,15947.740234375,16003.5595703125,15924.7197265625,15969.1396484375,5581690000
2024-02-29,16091.919921875,16115.9599609375,15931.7001953125,16059.33984375,6265340000
2024-03-01,16274.9404296875,16302.240234375,16096.599609375,16109.830078125,5457910000
2024-03-04,16207.509765625,16289.0595703125,16199.0595703125,16264.2099609375,5725470000
2024-03-05,15939.58984375,16087.5703125,15862.6298828125,16077.740234375,6356800000
2024-03-06,16031.5400390625,16128.5595703125,15956.66015625,16092.0,5511370000
2024-03-07,16273.3798828125,16309.01953125,16096.009765625,16147.3203125,5072790000
2024-03-08,16085.1103515625,16449.69921875,16059.5,16322.099609375,5411790000
2024-03-11,16019.26953125,16085.9501953125,15978.0400390625,16052.6298828125,4917620000
2024-03-12,16265.6396484375,16275.4501953125,15992.98046875,16116.98046875,5100330000
2024-03-13,16177.76953125,16233.2998046875,16143.33984375,16220.1103515625,4839000000
2024-03-14,16128.5302734375,16245.3203125,16039.6796875,16209.1904296875,5450980000
2024-03-15,15973.169921875,16055.330078125,15925.91015625,16043.580078125,8261950000
2024-03-18,16103.4501953125,16247.58984375,16094.169921875,16154.919921875,5025040000
2024-03-19,16166.7900390625,16175.58984375,15951.8603515625,16031.9296875,4758740000
2024-03-20,16369.41015625,16377.4404296875,16127.48046875,16185.759765625,5298380000
2024-03-21,16401.83984375,16538.859375,16393.900390625,16517.240234375,5134740000
2024-03-22,16428.8203125,16467.619140625,16361.0,16387.830078125,4339930000
2024-03-25,16384.470703125,16441.169921875,16315.7197265625,16335.2998046875,4636940000
2024-03-26,16315.7001953125,16476.380859375,16312.9501953125,16446.849609375,5144260000
2024-03-27,16399.51953125,16431.8203125,16279.169921875,16424.759765625,4768930000
2024-03-28,16379.4599609375,16420.919921875,16347.3798828125,16377.23046875,5174450000
2024-04-01,16396.830078125,16490.650390625,16327.8896484375,16397.05078125,4798390000
2024-04-02,16240.4501953125,16251.41015625,16137.240234375,16199.240234375,4710280000
2024-04-03,16277.4599609375,16340.740234375,16169.3095703125,16178.7998046875,5151500000
2024-04-04,16049.080078125,16468.0390625,16046.5595703125,16418.5703125,5368700000
2024-04-05,16248.51953125,16326.5,16080.48046875,16095.400390625,4578130000
2024-04-08,16253.9599609375,16323.599609375,16220.7197265625,16285.1796875,4386700000
2024-04-09,16306.6396484375,16348.1796875,16141.150390625,16328.759765625,4869190000
2024-04-10,16170.3603515625,16200.099609375,16092.01953125,16104.009765625,5308250000
2024-04-11,16442.19921875,16464.599609375,16154.650390625,16236.2001953125,4714750000
2024-04-12,16175.08984375,16341.4599609375,16125.330078125,16293.0302734375,4552740000
2024-04-15,15885.01953125,16295.26953125,15863.8798828125,16276.4697265625,4910550000
2024-04-16,15865.25,15965.7900390625,15822.01953125,15856.3798828125,5001860000
2024-04-17,15683.3701171875,15957.0302734375,15654.509765625,15942.2900390625,4991470000
2024-04-18,15601.5,15786.1201171875,15587.5,15705.6904296875,4932540000
2024-04-19,15282.009765625,15576.7001953125,15222.7802734375,15547.099609375,5316010000
2024-04-22,15451.3095703125,15539.0,15265.66015625,15396.1298828125,4616730000
2024-04-23,15696.6396484375,15730.349609375,15510.58984375,15525.5498046875,4951670000
2024-04-24,15712.75,15839.0,15634.4404296875,15805.599609375,4735870000
2024-04-25,15611.759765625,15644.509765625,15343.91015625,15375.259765625,4743640000
2024-04-26,15927.900390625,15981.0,15770.7197265625,15821.33984375,4694400000
2024-04-29,15983.080078125,16021.490234375,15885.8896484375,16007.0,4972520000
2024-04-30,15657.8203125,15979.3603515625,15655.669921875,15920.8896484375,5229400000
2024-05-01,15605.48046875,15926.2197265625,15557.6396484375,15646.08984375,5277790000
2024-05-02,15840.9599609375,15862.7900390625,15604.73046875,15758.1103515625,4901610000
2024-05-03,16156.330078125,16204.7099609375,16068.33984375,16147.48046875,4887310000
2024-05-06,16349.25,16350.080078125,16197.8603515625,16208.5400390625,4460130000
2024-05-07,16332.5595703125,16397.390625,16303.83984375,16358.33984375,5041870000
2024-05-08,16302.759765625,16341.650390625,16226.0703125,16226.0703125,4530190000
2024-05-09,16346.259765625,16362.7900390625,16241.98046875,16323.740234375,4505120000
2024-05-10,16340.8701171875,16437.390625,16293.51953125,16389.01953125,4402110000
2024-05-13,16388.240234375,16407.05078125,16334.8603515625,16400.310546875,4452750000
2024-05-14,16511.1796875,16526.26953125,16386.4296875,16391.16015625,7270240000
2024-05-15,16742.390625,16749.740234375,16544.08984375,16601.140625,8538990000
2024-05-16,16698.3203125,16797.830078125,16693.44921875,16738.109375,11932600000
2024-05-17,16685.970703125,16726.41015625,16613.83984375,16708.490234375,9587280000
2024-05-20,16794.869140625,16823.830078125,16695.689453125,16702.01953125,6861320000
2024-05-21,16832.619140625,16839.01953125,16719.970703125,16736.099609375,6245090000
2024-05-22,16801.5390625,16855.26953125,16712.08984375,16839.01953125,7277340000
2024-05-23,16736.029296875,16996.390625,16678.369140625,16996.390625,7752800000
2024-05-24,16920.7890625,16947.80078125,16771.580078125,16786.7890625,5836040000
2024-05-28,17019.880859375,17032.66015625,16917.509765625,16988.310546875,6293380000
2024-05-29,16920.580078125,16989.599609375,16873.970703125,16879.349609375,6652480000
2024-05-30,16737.080078125,16900.4609375,16690.359375,16878.630859375,6659290000
2024-05-31,16735.01953125,16789.26953125,16445.5390625,16771.900390625,6674090000
2024-06-03,16828.669921875,16909.890625,16646.4296875,16865.69921875,5422040000
2024-06-04,16857.05078125,16891.869140625,16750.390625,16823.880859375,4917350000
2024-06-05,17187.900390625,17187.919921875,16955.560546875,16974.48046875,5325000000
2024-06-06,17173.119140625,17235.73046875,17123.58984375,17204.869140625,4960580000
2024-06-07,17133.130859375,17229.310546875,17090.0390625,17124.140625,4755650000
2024-06-10,17192.529296875,17213.44921875,17057.33984375,17083.44921875,5207110000
2024-06-11,17343.55078125,17345.05078125,17107.990234375,17160.419921875,5009220000
2024-06-12,17608.439453125,17725.390625,17490.640625,17502.150390625,5560630000
2024-06-13,17667.560546875,17741.80078125,17566.3203125,17715.26953125,4916020000
2024-06-14,17688.880859375,17693.4296875,17590.80078125,17621.1796875,4973820000
2024-06-17,17857.01953125,17935.990234375,17636.359375,17697.30078125,6061200000
2024-06-18,17862.23046875,17890.51953125,17796.880859375,17856.759765625,5796180000
2024-06-20,17721.58984375,17936.7890625,17650.689453125,17913.939453125,6289300000
2024-06-21,17689.359375,17787.33984375,17620.5703125,17681.009765625,8589160000
2024-06-24,17496.8203125,17730.119140625,17494.01953125,17640.259765625,5503210000
2024-06-25,17717.650390625,17734.33984375,17546.630859375,17572.16015625,4848280000
2024-06-26,17805.16015625,17813.55078125,17687.0703125,17697.26953125,5294310000
2024-06-27,17858.6796875,17892.779296875,17765.419921875,17793.94921875,5382060000
2024-06-28,17732.599609375,18035.0,17723.830078125,17891.099609375,8960940000
2024-07-01,17879.30078125,17894.279296875,17657.640625,17773.900390625,5189990000
2024-07-02,18028.759765625,18031.2890625,17802.240234375,17808.0390625,4526550000
2024-07-03,18188.30078125,18188.30078125,18016.119140625,18016.119140625,3713960000
2024-07-05,18352.759765625,18366.310546875,18197.140625,18200.599609375,4851000000
2024-07-08,18403.740234375,18416.939453125,18342.599609375,18371.859375,5286260000
2024-07-09,18429.2890625,18511.890625,18381.599609375,18465.01953125,4839140000
2024-07-10,18647.44921875,18655.189453125,18467.580078125,18512.08984375,5228240000
2024-07-11,18283.41015625,18671.0703125,18238.779296875,18659.25,6366620000
2024-07-12,18398.44921875,18556.73046875,18293.599609375,18303.640625,5845930000
2024-07-15,18472.5703125,18641.529296875,18397.830078125,18485.91015625,5450350000
2024-07-16,18509.33984375,18576.830078125,18386.0703125,18534.26953125,5812930000
2024-07-17,17996.919921875,18223.240234375,17972.869140625,18188.189453125,6007280000
2024-07-18,17871.220703125,18130.869140625,17759.5390625,18119.150390625,5977260000
2024-07-19,17726.939453125,17935.140625,17691.4296875,17835.58984375,4992930000
2024-07-22,18007.5703125,18040.990234375,17839.759765625,17923.650390625,5093620000
2024-07-23,17997.349609375,18128.380859375,17968.099609375,17982.740234375,4938000000
2024-07-24,17342.41015625,17747.060546875,17313.51953125,17733.91015625,6735560000
2024-07-25,17181.720703125,17544.4609375,17033.9609375,17352.640625,6114350000
2024-07-26,17357.880859375,17454.5703125,17239.990234375,17331.94921875,5281560000
2024-07-29,17370.19921875,17535.3203125,17299.830078125,17444.390625,4897230000
2024-07-30,17147.419921875,17468.560546875,17015.380859375,17424.099609375,5564310000
2024-07-31,17599.400390625,17693.98046875,17438.599609375,17499.23046875,6292560000
2024-08-01,17194.150390625,17791.580078125,17051.419921875,17647.029296875,6664550000
2024-08-02,16776.16015625,16920.630859375,16582.7890625,16780.44921875,6313870000
2024-08-05,16200.080078125,16453.4609375,15708.5400390625,15712.5302734375,6852190000
2024-08-06,16366.849609375,16620.310546875,16137.650390625,16261.3603515625,5908930000
2024-08-07,16195.8095703125,16709.810546875,16179.5302734375,16622.310546875,5913620000
2024-08-08,16660.01953125,16694.25,16262.9296875,16408.26953125,5815880000
2024-08-09,16745.30078125,16789.220703125,16574.5703125,16636.51953125,5783410000
2024-08-12,16780.609375,16895.7890625,16699.390625,16793.640625,4890850000
2024-08-13,17187.609375,17192.7890625,16943.94921875,16944.740234375,5469160000
2024-08-14,17192.599609375,17260.73046875,17032.169921875,17227.640625,4985480000
2024-08-15,17594.5,17602.720703125,17375.41015625,17394.5390625,5478170000
2024-08-16,17631.720703125,17674.650390625,17502.830078125,17516.400390625,5138150000
2024-08-19,17876.76953125,17877.439453125,17585.580078125,17649.740234375,5564300000
2024-08-20,17816.939453125,17932.529296875,17758.19921875,17849.08984375,5305260000
2024-08-21,17918.990234375,17963.0703125,17790.98046875,17840.509765625,4765150000
2024-08-22,17619.349609375,18017.689453125,17589.150390625,17993.720703125,5065360000
2024-08-23,17877.7890625,17941.26953125,17700.26953125,17772.73046875,5380810000
2024-08-26,17725.76953125,17909.08984375,17645.689453125,17867.849609375,5110940000
2024-08-27,17754.8203125,17789.720703125,17573.369140625,17655.51953125,4362380000
2024-08-28,17556.029296875,17759.939453125,17439.400390625,17738.80078125,5211920000
2024-08-29,17516.4296875,17789.2109375,17482.599609375,17610.5703125,5727780000
2024-08-30,17713.619140625,17720.380859375,17498.7890625,17650.490234375,5531150000
2024-09-03,17136.30078125,17585.44921875,17057.7890625,17585.44921875,5813970000
2024-09-04,17084.30078125,17232.650390625,16984.669921875,17015.7109375,5011820000
2024-09-05,17127.66015625,17295.580078125,17035.0703125,17063.240234375,4983030000
2024-09-06,16690.830078125,17166.5390625,16668.5703125,17137.619140625,5549030000
2024-09-09,16884.599609375,16923.279296875,16732.83984375,16835.669921875,5132150000
2024-09-10,17025.880859375,17036.0703125,16801.130859375,16949.640625,4963740000
2024-09-11,17395.529296875,17420.23046875,16787.83984375,17061.41015625,6086930000
2024-09-12,17569.6796875,17605.720703125,17338.3203125,17413.890625,4983120000
2024-09-13,17683.98046875,17719.140625,17564.609375,17575.259765625,4802880000
2024-09-16,17592.130859375,17618.400390625,17480.66015625,17573.69921875,4675530000
2024-09-17,17628.060546875,17781.740234375,17544.640625,17707.01953125,4959520000
2024-09-18,17573.30078125,17832.69921875,17556.4296875,17663.380859375,5611630000
2024-09-19,18013.98046875,18099.9296875,17909.75,17980.890625,5574650000
2024-09-20,17948.3203125,18024.33984375,17835.640625,17999.349609375,9914480000
2024-09-23,17974.26953125,18021.580078125,17936.369140625,17994.91015625,5237310000
2024-09-24,18074.51953125,18091.9609375,17863.380859375,18046.439453125,5347580000
2024-09-25,18082.2109375,18155.0390625,18040.619140625,18050.359375,4858060000
2024-09-26,18190.2890625,18327.33984375,18071.740234375,18327.33984375,5669210000
2024-09-27,18119.58984375,18238.279296875,18069.1796875,18228.779296875,5367890000
2024-09-30,18189.169921875,18198.16015625,17997.560546875,18069.830078125,5846150000
2024-10-01,17910.359375,18162.720703125,17779.76953125,18154.939453125,5879980000
2024-10-02,17925.119140625,17978.580078125,17767.7890625,17867.119140625,5489040000
2024-10-03,17918.48046875,18011.25,17826.419921875,17859.490234375,5208990000
2024-10-04,18137.849609375,18145.279296875,17952.30078125,18130.419921875,5136070000
2024-10-07,17923.900390625,18096.330078125,17900.0390625,18080.119140625,5240320000
2024-10-08,18182.919921875,18203.0390625,17989.69921875,18017.9296875,5566510000
2024-10-09,18291.619140625,18302.05078125,18133.01953125,18179.220703125,5228670000
2024-10-10,18282.05078125,18333.390625,18154.1796875,18200.619140625,5855390000
2024-10-11,18342.939453125,18375.529296875,18208.439453125,18217.73046875,5140440000
2024-10-14,18502.689453125,18547.919921875,18423.599609375,18426.66015625,4894710000
2024-10-15,18315.58984375,18564.25,18252.51953125,18515.970703125,6522700000
2024-10-16,18367.080078125,18383.109375,18214.9609375,18333.2890625,5257570000
2024-10-17,18373.609375,18541.4609375,18368.7890625,18537.2109375,5806860000
2024-10-18,18489.55078125,18524.330078125,18452.580078125,18466.009765625,5090190000
2024-10-21,18540.009765625,18543.580078125,18377.630859375,18456.48046875,6092180000
2024-10-22,18579.76953125,18620.7109375,18413.470703125,18451.859375,6407180000
2024-10-23,18276.650390625,18509.189453125,18146.609375,18502.060546875,6245610000
2024-10-24,18415.490234375,18435.369140625,18305.419921875,18384.16015625,5761280000
2024-10-25,18518.609375,18690.009765625,18487.060546875,18512.580078125,6100040000
2024-10-28,18567.189453125,18671.009765625,18563.01953125,18648.25,5641660000
2024-10-29,18712.75,18753.189453125,18509.58984375,18576.08984375,6881170000
2024-10-30,18607.9296875,18785.5,18598.240234375,18731.689453125,6514690000
2024-10-31,18095.150390625,18427.310546875,18083.94921875,18427.310546875,6411940000
2024-11-01,18239.919921875,18363.939453125,18181.529296875,18189.669921875,5896470000
2024-11-04,18179.98046875,18308.30078125,18112.830078125,18220.4296875,5762320000
2024-11-05,18439.169921875,18449.6796875,18250.7109375,18250.7109375,7060340000
2024-11-06,18983.470703125,19000.5,18730.2109375,18772.759765625,8138050000
2024-11-07,19269.4609375,19301.69921875,19084.4296875,19084.4296875,9232670000
2024-11-08,19286.779296875,19318.560546875,19224.4296875,19255.140625,7316010000
2024-11-11,19298.759765625,19366.0703125,19193.2890625,19355.33984375,8087930000
2024-11-12,19281.400390625,19343.05078125,19168.51953125,19289.810546875,7816410000
2024-11-13,19230.720703125,19358.48046875,19191.130859375,19286.4609375,9623670000
2024-11-14,19107.650390625,19275.80078125,19073.390625,19256.08984375,8680480000
2024-11-15,18680.119140625,18936.75,18598.869140625,18929.919921875,8002270000
2024-11-18,18791.810546875,18865.279296875,18672.30078125,18717.9296875,8455360000
2024-11-19,18987.470703125,18992.080078125,18689.830078125,18699.7109375,7246610000
2024-11-20,18966.140625,18974.91015625,18724.390625,18971.310546875,7121670000
2024-11-21,18972.419921875,19110.890625,18714.060546875,19072.779296875,7492540000
2024-11-22,19003.650390625,19025.76953125,18899.48046875,18966.3203125,6575820000
2024-11-25,19054.83984375,19208.6796875,18969.349609375,19140.58984375,7932980000
2024-11-26,19174.30078125,19184.400390625,19100.73046875,19109.080078125,6411770000
2024-11-27,19060.48046875,19133.109375,18937.19921875,19132.990234375,5619090000
2024-11-29,19218.169921875,19245.490234375,19066.51953125,19087.470703125,4042550000
2024-12-02,19403.94921875,19436.919921875,19255.4296875,19255.4296875,6370530000
2024-12-03,19480.91015625,19486.150390625,19340.41015625,19364.33984375,6005160000
2024-12-04,19735.119140625,19741.759765625,19575.400390625,19587.48046875,7870030000
2024-12-05,19700.259765625,19790.029296875,19688.58984375,19756.400390625,7229510000
2024-12-06,19859.76953125,19863.150390625,19734.419921875,19743.9609375,6787610000
2024-12-09,19736.689453125,19872.7890625,19698.05078125,19824.08984375,7884620000
2024-12-10,19687.240234375,19887.080078125,19641.33984375,19796.390625,6843850000
2024-12-11,20034.890625,20055.9296875,19830.640625,19832.9609375,6639720000
2024-12-12,19902.83984375,20018.240234375,19897.380859375,19947.33984375,7047550000
2024-12-13,19926.720703125,20061.650390625,19817.470703125,19995.1796875,6028250000
2024-12-16,20173.890625,20204.580078125,19988.119140625,20016.119140625,8855040000
2024-12-17,20109.060546875,20148.830078125,20004.73046875,20095.619140625,9534350000
2024-12-18,19392.689453125,20179.76953125,19336.58984375,20114.98046875,9996120000
2024-12-19,19372.76953125,19623.01953125,19357.759765625,19565.66015625,8029590000
2024-12-20,19572.599609375,19758.609375,19168.380859375,19190.0390625,10962450000
2024-12-23,19764.880859375,19772.099609375,19504.6796875,19641.05078125,6820720000
2024-12-24,20031.130859375,20031.130859375,19813.759765625,19818.48046875,4739190000
2024-12-26,20020.359375,20070.080078125,19888.109375,19979.25,6467910000
2024-12-27,19722.029296875,19904.76953125,19553.400390625,19896.76953125,7765120000
2024-12-30,19486.7890625,19622.9296875,19342.509765625,19460.41015625,8384090000
2024-12-31,19310.7890625,19563.720703125,19283.41015625,19551.359375,8873030000
2025-01-02,19280.7890625,19517.869140625,19117.58984375,19403.900390625,8737550000
2025-01-03,19621.6796875,19638.66015625,19379.5703125,19395.509765625,8214050000
2025-01-06,19864.98046875,20007.94921875,19785.0,19851.990234375,9586840000
2025-01-07,19489.6796875,19940.2109375,19421.01953125,19938.080078125,13371130000
2025-01-08,19478.880859375,19544.509765625,19308.5390625,19469.369140625,8851720000
2025-01-10,19161.630859375,19315.109375,19018.75,19312.259765625,8608880000
2025-01-13,19088.099609375,19099.970703125,18831.91015625,18903.66015625,7830760000
2025-01-14,19044.390625,19273.140625,18926.599609375,19207.75,7168110000
2025-01-15,19511.23046875,19548.900390625,19299.3203125,19350.310546875,7260250000
2025-01-16,19338.2890625,19579.849609375,19335.6796875,19573.869140625,7085990000
2025-01-17,19630.19921875,19709.640625,19543.3203125,19655.55078125,7996360000
2025-01-21,19756.779296875,19789.630859375,19551.169921875,19734.390625,8015780000
2025-01-22,20009.33984375,20068.51953125,19903.05078125,19903.05078125,7219060000
2025-01-23,20053.6796875,20053.6796875,19892.55078125,19906.990234375,6837700000
2025-01-24,19954.30078125,20118.609375,19897.130859375,20087.109375,7708150000
2025-01-27,19341.830078125,19514.349609375,19204.94921875,19234.0390625,8870200000
2025-01-28,19733.58984375,19759.4296875,19294.619140625,19418.220703125,7121740000
2025-01-29,19632.3203125,19699.8203125,19479.509765625,19695.6796875,6497710000
2025-01-30,19681.75,19785.7890625,19483.830078125,19697.529296875,6679500000
2025-01-31,19627.439453125,19969.169921875,19575.2109375,19832.330078125,7947370000
2025-02-03,19391.9609375,19502.130859375,19141.150390625,19215.380859375,8272460000
2025-02-04,19654.01953125,19666.439453125,19408.1796875,19422.169921875,6477050000
2025-02-05,19692.330078125,19696.939453125,19498.900390625,19533.05078125,6712220000
2025-02-06,19791.990234375,19793.359375,19654.109375,19725.830078125,6642100000
2025-02-07,19523.400390625,19862.5390625,19489.359375,19774.869140625,7748940000
2025-02-10,19714.26953125,19772.0390625,19650.7890625,19668.1796875,9535440000
2025-02-11,19643.859375,19731.9296875,19579.76953125,19602.109375,9269380000
2025-02-12,19649.94921875,19682.509765625,19415.48046875,19436.509765625,7946550000
2025-02-13,19945.640625,19952.169921875,19675.869140625,19696.919921875,8414510000
2025-02-14,20026.76953125,20045.759765625,19932.150390625,19956.8203125,7995720000
2025-02-18,20041.259765625,20110.119140625,19909.740234375,20090.55078125,8683170000
2025-02-19,20056.25,20099.390625,19928.890625,19994.5,8171530000
2025-02-20,19962.359375,20041.150390625,19795.01953125,20029.189453125,7329270000
2025-02-21,19524.009765625,20016.66015625,19510.91015625,20006.689453125,8461020000
2025-02-24,19286.9296875,19644.23046875,19275.4609375,19590.849609375,7414760000
2025-02-25,19026.390625,19256.349609375,18871.51953125,19242.609375,7991440000
2025-02-26,19075.259765625,19286.01953125,18966.4609375,19109.3203125,7034450000
2025-02-27,18544.419921875,19242.689453125,18535.220703125,19212.359375,7700290000
2025-02-28,18847.279296875,18861.330078125,18372.990234375,18477.169921875,8247520000
2025-03-03,18350.189453125,18992.30078125,18216.630859375,18923.359375,8170140000
2025-03-04,18285.16015625,18589.490234375,17956.599609375,18176.4296875,8469180000
2025-03-05,18552.73046875,18604.470703125,18144.73046875,18312.970703125,7048430000
2025-03-06,18069.259765625,18439.240234375,17980.390625,18204.529296875,7686200000
2025-03-07,18196.220703125,18243.580078125,17768.58984375,18029.849609375,8135420000
2025-03-10,17468.3203125,17868.080078125,17291.8203125,17840.3203125,8636040000
2025-03-11,17436.099609375,17687.400390625,17238.240234375,17443.08984375,9177320000
2025-03-12,17648.44921875,17800.099609375,17436.26953125,17711.41015625,7746430000
2025-03-13,17303.009765625,17621.91015625,17239.439453125,17598.560546875,7147050000
2025-03-14,17754.08984375,17773.48046875,17491.080078125,17523.30078125,7093850000
2025-03-17,17808.66015625,17925.939453125,17645.869140625,17722.5390625,6306340000
2025-03-18,17504.119140625,17682.919921875,17431.669921875,17662.5703125,6450530000
2025-03-19,17750.7890625,17917.5390625,17533.939453125,17590.119140625,6302310000
2025-03-20,17691.630859375,17903.19921875,17576.8203125,17586.060546875,6098330000
2025-03-21,17784.05078125,17798.060546875,17474.810546875,17519.83984375,8837930000
2025-03-24,18188.58984375,18210.05078125,18030.6796875,18046.189453125,6787790000
2025-03-25,18271.859375,18281.130859375,18170.419921875,18207.970703125,6475790000
2025-03-26,17899.01953125,18236.55078125,17837.259765625,18217.330078125,9091510000
2025-03-27,17804.029296875,17988.01953125,17743.80078125,17811.240234375,8002470000
2025-03-28,17322.990234375,17763.279296875,17283.060546875,17722.08984375,7015410000
2025-03-31,17299.2890625,17334.98046875,16854.369140625,17045.439453125,8122180000
2025-04-01,17449.890625,17506.58984375,17149.359375,17221.55078125,7756540000
2025-04-02,17601.05078125,17716.51953125,17181.26953125,17207.009765625,9126630000
2025-04-03,16550.609375,16889.33984375,16533.0390625,16790.529296875,9461330000
2025-04-04,15587.7900390625,16128.16015625,15575.6796875,16045.599609375,11038180000
2025-04-07,15603.259765625,16292.2802734375,14784.0302734375,14978.0302734375,12483580000
2025-04-08,15267.91015625,16316.509765625,15053.3896484375,16181.0400390625,10496650000
2025-04-09,17124.970703125,17202.939453125,15270.2802734375,15295.4404296875,13479740000
2025-04-10,16387.310546875,16712.369140625,15894.26953125,16635.44921875,11861670000
2025-04-11,16724.4609375,16753.41015625,16228.0400390625,16358.5302734375,9444890000
2025-04-14,16831.48046875,17136.560546875,16661.259765625,17120.439453125,9667260000
2025-04-15,16823.169921875,16979.9609375,16753.220703125,16842.390625,7483050000
2025-04-16,16307.16015625,16600.369140625,16066.4599609375,16499.689453125,7909190000
2025-04-17,16286.4501953125,16408.509765625,16181.169921875,16399.970703125,7046290000
2025-04-21,15870.900390625,16066.7900390625,15685.330078125,16052.759765625,6678730000
2025-04-22,16300.419921875,16410.560546875,16038.73046875,16079.9404296875,6981900000
2025-04-23,16708.05078125,17029.859375,16642.66015625,16880.2890625,8564870000
2025-04-24,17166.0390625,17174.349609375,16744.970703125,16754.759765625,7607400000
2025-04-25,17382.939453125,17404.490234375,17110.720703125,17182.109375,7412930000
2025-04-28,17366.130859375,17467.349609375,17128.7109375,17390.9296875,10313290000
2025-04-29,17461.3203125,17500.419921875,17256.19921875,17270.759765625,13001930000
2025-04-30,17446.33984375,17483.8203125,16959.529296875,17099.98046875,8595330000
2025-05-01,17710.740234375,17922.830078125,17688.109375,17793.140625,8409690000
2025-05-02,17977.73046875,18048.830078125,17812.0390625,17868.759765625,8180190000
2025-05-05,17844.240234375,17965.640625,17792.080078125,17817.009765625,7075320000
2025-05-06,17689.66015625,17830.349609375,17592.880859375,17623.2109375,6958220000
2025-05-07,17738.16015625,17820.2890625,17503.009765625,17706.830078125,7977870000
2025-05-08,17928.140625,18096.0,17776.0,17920.150390625,8500390000
2025-05-09,17928.919921875,18068.900390625,17853.83984375,18022.55078125,8835140000
2025-05-12,18708.33984375,18710.220703125,18472.7109375,18674.560546875,10717670000
2025-05-13,19010.08984375,19065.9609375,18745.5,18761.23046875,9242230000
2025-05-14,19146.810546875,19174.55078125,19023.609375,19074.720703125,11744820000
2025-05-15,19112.3203125,19207.220703125,18967.779296875,19031.240234375,10546350000
2025-05-16,19211.099609375,19213.419921875,19038.48046875,19151.5390625,10509820000
2025-05-19,19215.4609375,19227.220703125,18937.419921875,18937.419921875,13080030000
2025-05-20,19142.7109375,19186.689453125,19015.630859375,19132.060546875,9047100000
2025-05-21,18872.640625,19241.41015625,18799.19921875,19002.939453125,11112460000
2025-05-22,18925.740234375,19061.109375,18840.33984375,18888.05078125,8289710000
2025-05-23,18737.2109375,18841.51953125,18599.689453125,18622.380859375,8730370000
2025-05-27,19199.16015625,19210.94921875,18961.689453125,19014.439453125,8927760000
2025-05-28,19100.939453125,19276.830078125,19084.380859375,19232.619140625,8087530000
2025-05-29,19175.869140625,19389.390625,19091.5390625,19389.390625,11016850000
2025-05-30,19113.76953125,19157.779296875,18847.740234375,19131.220703125,9042260000
2025-06-02,19242.609375,19252.7109375,18985.30078125,19063.060546875,7779940000
2025-06-03,19398.9609375,19459.279296875,19224.69921875,19288.66015625,7990230000
2025-06-04,19460.490234375,19493.44921875,19359.08984375,19434.939453125,7695660000
2025-06-05,19298.44921875,19610.509765625,19226.220703125,19518.19921875,8782360000
2025-06-06,19529.94921875,19593.1796875,19464.83984375,19526.990234375,7291590000
2025-06-09,19591.240234375,19637.560546875,19531.099609375,19573.140625,9538700000
2025-06-10,19714.990234375,19730.380859375,19539.08984375,19620.109375,11221560000
2025-06-11,19615.880859375,19800.4609375,19551.349609375,19779.359375,10214190000
2025-06-12,19662.490234375,19690.609375,19553.560546875,19578.869140625,16308730000
2025-06-13,19406.830078125,19591.869140625,19367.419921875,19450.9296875,9001850000
2025-06-16,19701.2109375,19733.310546875,19550.75,19550.75,9619130000
2025-06-17,19521.08984375,19666.560546875,19485.439453125,19627.080078125,8519930000
2025-06-18,19546.26953125,19660.76953125,19489.560546875,19526.919921875,7818790000
2025-06-20,19447.41015625,19696.109375,19380.580078125,19639.41015625,9969140000
2025-06-23,19630.970703125,19643.69921875,19334.98046875,19427.009765625,9088000000
2025-06-24,19912.529296875,19946.720703125,19795.2890625,19809.619140625,8330090000
2025-06-25,19973.55078125,20052.779296875,19918.080078125,20013.94921875,8256120000
2025-06-26,20167.91015625,20187.150390625,19982.48046875,20062.189453125,8383380000
2025-06-27,20273.4609375,20311.509765625,20095.05078125,20217.259765625,10951070000
2025-06-30,20369.73046875,20418.310546875,20266.359375,20360.150390625,8220420000
2025-07-01,20202.890625,20339.05078125,20105.41015625,20290.609375,8631710000
2025-07-02,20393.130859375,20397.220703125,20181.740234375,20184.369140625,8378750000
2025-07-03,20601.099609375,20624.509765625,20480.220703125,20497.66015625,6177910000
2025-07-07,20412.51953125,20511.8203125,20323.01953125,20490.55078125,8345710000
2025-07-08,20418.4609375,20480.890625,20377.359375,20466.9296875,8437480000
2025-07-09,20611.33984375,20645.41015625,20486.380859375,20522.08984375,9978310000
2025-07-10,20630.66015625,20655.390625,20495.140625,20636.48046875,9781380000
2025-07-11,20585.529296875,20647.970703125,20509.75,20562.880859375,8135800000
2025-07-14,20640.330078125,20672.33984375,20492.630859375,20592.560546875,8010060000
2025-07-15,20677.80078125,20836.0390625,20670.580078125,20822.759765625,8399060000
2025-07-16,20730.490234375,20751.05078125,20507.060546875,20717.810546875,9056640000
2025-07-17,20885.650390625,20911.830078125,20735.55078125,20760.3203125,9994550000
2025-07-18,20895.650390625,20980.560546875,20846.119140625,20959.5703125,9354580000
2025-07-21,20974.1796875,21077.369140625,20957.439453125,20960.330078125,12046970000
2025-07-22,20892.689453125,20985.33984375,20750.900390625,20982.2109375,10583710000
2025-07-23,21020.01953125,21023.849609375,20870.669921875,20966.470703125,10972770000
2025-07-24,21057.9609375,21113.099609375,21001.6796875,21083.8203125,12741070000
2025-07-25,21108.3203125,21159.80078125,21036.849609375,21059.939453125,11028310000
2025-07-28,21178.580078125,21202.1796875,21122.119140625,21176.400390625,10612580000
2025-07-29,21098.2890625,21303.9609375,21081.689453125,21286.720703125,10040610000
2025-07-30,21129.669921875,21230.880859375,21016.919921875,21140.400390625,9311770000
2025-07-31,21122.44921875,21457.48046875,21078.669921875,21457.48046875,9917220000
2025-08-01,20650.130859375,20865.630859375,20560.169921875,20830.640625,9667420000
2025-08-04,21053.580078125,21055.240234375,20833.859375,20853.91015625,7355970000
2025-08-05,20916.55078125,21138.720703125,20893.2890625,21092.099609375,7982940000
2025-08-06,21169.419921875,21183.880859375,20937.490234375,20955.220703125,8580020000
2025-08-07,21242.69921875,21408.150390625,21090.05078125,21325.009765625,8979190000
2025-08-08,21450.01953125,21464.529296875,21284.970703125,21316.369140625,8669200000
2025-08-11,21385.400390625,21549.73046875,21346.619140625,21459.650390625,9099730000
2025-08-12,21681.900390625,21689.6796875,21386.25,21507.439453125,8382820000
2025-08-13,21713.140625,21803.75,21645.140625,21764.55078125,8763080000
2025-08-14,21710.669921875,21766.2890625,21627.130859375,21649.2109375,9110860000
2025-08-15,21622.98046875,21716.1796875,21567.4609375,21709.33984375,8158830000
2025-08-18,21629.76953125,21651.5,21559.330078125,21616.8203125,8260970000
2025-08-19,21314.94921875,21610.240234375,21277.7109375,21607.44921875,8461660000
2025-08-20,21172.859375,21269.669921875,20905.990234375,21269.669921875,7810310000
2025-08-21,21100.310546875,21198.759765625,21013.529296875,21112.51953125,6530580000
2025-08-22,21496.5390625,21545.4296875,21092.359375,21139.830078125,9401300000
2025-08-25,21449.2890625,21572.1796875,21400.08984375,21466.470703125,8443200000
2025-08-26,21544.26953125,21550.9296875,21389.099609375,21443.630859375,9087930000
2025-08-27,21590.140625,21616.169921875,21476.30078125,21526.330078125,8040510000
2025-08-28,21705.16015625,21742.4609375,21534.939453125,21619.26953125,7807080000
2025-08-29,21455.55078125,21631.150390625,21397.98046875,21630.330078125,7715430000
2025-09-02,21279.630859375,21293.689453125,21033.05078125,21086.5703125,8183410000
2025-09-03,21497.73046875,21553.98046875,21370.98046875,21461.630859375,7488290000
2025-09-04,21707.689453125,21711.9609375,21469.400390625,21539.91015625,7282150000
2025-09-05,21700.390625,21878.810546875,21534.720703125,21860.439453125,8413730000
2025-09-08,21798.69921875,21885.619140625,21776.240234375,21806.220703125,8435850000
2025-09-09,21879.490234375,21891.419921875,21731.48046875,21858.169921875,7877410000
2025-09-10,21886.060546875,22000.970703125,21810.83984375,21980.599609375,9090550000
2025-09-11,22043.0703125,22059.7109375,21908.810546875,21977.51953125,10025020000
2025-09-12,22141.099609375,22182.33984375,22031.619140625,22078.630859375,9023140000
2025-09-15,22348.75,22352.25,22233.0,22243.19921875,8904030000
2025-09-16,22333.9609375,22397.5,22308.779296875,22397.5,8592240000
2025-09-17,22261.330078125,22339.5390625,22058.919921875,22333.01953125,9325980000
2025-09-18,22470.720703125,22540.9296875,22358.48046875,22439.109375,10478450000
2025-09-19,22631.48046875,22645.109375,22497.7109375,22554.310546875,14632360000
2025-09-22,22788.98046875,22801.900390625,22590.859375,22606.58984375,9736270000
2025-09-23,22573.470703125,22785.130859375,22539.0390625,22782.720703125,9822620000
2025-09-24,22497.859375,22657.44921875,22397.0,22656.01953125,9184030000
2025-09-25,22384.69921875,22456.779296875,22185.869140625,22318.76953125,9960330000
2025-09-26,22484.0703125,22488.1796875,22285.439453125,22403.26953125,8488400000
2025-09-29,22591.150390625,22704.900390625,22536.05078125,22605.30078125,9046720000
2025-09-30,22660.009765625,22671.390625,22493.9609375,22580.359375,8928070000
2025-10-01,22755.16015625,22782.580078125,22516.740234375,22530.94921875,10043980000
2025-10-02,22844.05078125,22900.599609375,22729.75,22885.900390625,9633200000
2025-10-03,22780.509765625,22925.4296875,22695.8203125,22886.16015625,10515730000
2025-10-06,22941.669921875,22991.720703125,22827.560546875,22894.349609375,10468830000
2025-10-07,22788.359375,23006.0703125,22718.759765625,22972.369140625,10375920000
2025-10-08,23043.380859375,23045.140625,22845.419921875,22852.3203125,10925520000
2025-10-09,23024.630859375,23062.619140625,22899.16015625,23045.330078125,10713200000
2025-10-10,22204.4296875,23119.91015625,22193.0703125,23043.51953125,11635030000
2025-10-13,22694.609375,22718.75,22499.490234375,22578.669921875,9018770000
2025-10-14,22521.69921875,22691.0703125,22213.73046875,22388.0390625,9776720000
2025-10-15,22670.080078125,22841.689453125,22427.7890625,22738.5,11374850000
2025-10-16,22562.5390625,22886.869140625,22404.689453125,22764.400390625,11343620000
2025-10-17,22679.970703125,22736.009765625,22396.650390625,22489.810546875,9552150000
2025-10-20,22990.5390625,23031.869140625,22841.0,22844.8203125,9440620000
2025-10-21,22953.669921875,23010.349609375,22894.419921875,22984.55078125,10845130000
2025-10-22,22740.400390625,22978.400390625,22514.080078125,22940.7890625,14361150000
2025-10-23,22941.80078125,22983.4609375,22732.1796875,22751.330078125,10363600000
2025-10-24,23204.869140625,23261.259765625,23127.9609375,23143.23046875,10308620000
2025-10-27,23637.4609375,23658.66015625,23493.9609375,23537.3203125,10757830000
2025-10-28,23827.490234375,23901.359375,23675.189453125,23766.4609375,10640830000
2025-10-29,23958.470703125,24019.990234375,23763.990234375,23987.2890625,10089540000
2025-10-30,23581.140625,23846.130859375,23578.470703125,23793.080078125,10564160000
2025-10-31,23724.9609375,23946.23046875,23628.8203125,23941.779296875,10909250000
2025-11-03,23834.720703125,23976.83984375,23764.869140625,23951.91015625,10360170000
2025-11-04,23348.640625,23644.150390625,23333.3203125,23458.2109375,10227700000
2025-11-05,23499.80078125,23636.529296875,23286.869140625,23358.0703125,10026890000
2025-11-06,23053.990234375,23469.55078125,23011.060546875,23461.2890625,11085130000
2025-11-07,23004.5390625,23009.91015625,22563.419921875,22892.919921875,10141910000
2025-11-10,23527.169921875,23569.619140625,23290.05078125,23354.849609375,9297320000
2025-11-11,23468.30078125,23508.439453125,23315.279296875,23407.720703125,7756810000
2025-11-12,23406.4609375,23564.08984375,23278.30078125,23563.83984375,8449920000
2025-11-13,22870.359375,23264.26953125,22796.0703125,23262.640625,11351410000
2025-11-14,22900.58984375,23073.1796875,22436.7890625,22544.720703125,10841540000
2025-11-17,22708.0703125,23044.55078125,22559.509765625,22788.3203125,9744800000
2025-11-18,22432.849609375,22643.009765625,22231.150390625,22565.900390625,8606260000
2025-11-19,22564.23046875,22821.240234375,22385.220703125,22459.26953125,8434200000
2025-11-20,22078.05078125,23147.330078125,22043.19921875,23057.0,10548620000
2025-11-21,22273.080078125,22531.83984375,21898.2890625,22162.830078125,9931240000
2025-11-24,22872.009765625,22916.400390625,22478.26953125,22482.16015625,9232160000
2025-11-25,23025.58984375,23070.08984375,22587.109375,22802.849609375,8498500000
2025-11-26,23214.689453125,23280.580078125,23074.390625,23163.189453125,7291400000
2025-11-28,23365.689453125,23365.7890625,23250.509765625,23291.58984375,4541070000
2025-12-01,23275.919921875,23363.849609375,23110.2109375,23172.33984375,7859560000
2025-12-02,23413.669921875,23526.23046875,23286.4609375,23379.75,7588580000
2025-12-03,23454.08984375,23499.9296875,23271.830078125,23315.580078125,7962730000
2025-12-04,23505.140625,23528.529296875,23372.330078125,23527.30078125,7456860000
2025-12-05,23578.130859375,23680.029296875,23506.0,23567.76953125,8248280000
2025-12-08,23545.900390625,23698.9296875,23455.05078125,23638.220703125,8533670000
2025-12-09,23576.490234375,23616.4609375,23449.73046875,23504.609375,7192600000
2025-12-10,23654.150390625,23704.080078125,23435.169921875,23536.0,7987900000
2025-12-11,23593.859375,23606.69921875,23308.94921875,23509.220703125,8337770000
2025-12-12,23195.169921875,23554.890625,23094.509765625,23488.869140625,8724070000
2025-12-15,23057.41015625,23345.560546875,23012.0,23330.0390625,8649240000
2025-12-16,23111.4609375,23162.599609375,22920.66015625,22981.8203125,7759960000
2025-12-17,22693.3203125,23159.19921875,22692.0,23135.609375,8616140000
2025-12-18,23006.359375,23149.609375,22906.23046875,23012.060546875,7977920000
2025-12-19,23307.619140625,23307.91015625,23106.189453125,23121.900390625,12874560000
2025-12-22,23428.830078125,23476.5,23362.9296875,23450.529296875,7244910000
2025-12-23,23561.83984375,23563.4609375,23377.490234375,23407.69921875,7518190000
2025-12-24,23613.310546875,23621.720703125,23527.970703125,23555.94921875,3885190000
2025-12-26,23593.099609375,23665.150390625,23567.859375,23645.91015625,5170300000
2025-12-29,23474.349609375,23531.01953125,23397.51953125,23414.6796875,6527530000
2025-12-30,23419.080078125,23521.05078125,23414.830078125,23465.669921875,6769300000
2025-12-31,23241.990234375,23445.259765625,23237.779296875,23420.849609375,5895130000
2026-01-02,23235.630859375,23585.9609375,23119.490234375,23481.490234375,7331460000
2026-01-05,23395.8203125,23476.509765625,23332.23046875,23449.669921875,8737320000
2026-01-06,23547.169921875,23559.150390625,23389.5703125,23446.9609375,9012640000
2026-01-07,23584.279296875,23723.369140625,23504.2109375,23544.890625,8396920000
2026-01-08,23480.01953125,23558.169921875,23353.4609375,23548.880859375,7723140000
2026-01-09,23671.349609375,23721.150390625,23426.48046875,23496.2109375,8124420000
2026-01-12,23733.900390625,23804.0390625,23562.970703125,23576.880859375,8707170000
2026-01-13,23709.869140625,23813.30078125,23607.58984375,23735.119140625,9416400000
2026-01-14,23471.75,23590.19921875,23306.66015625,23563.919921875,12165220000
2026-01-15,23530.01953125,23721.109375,23502.1796875,23693.970703125,9740630000
2026-01-16,23515.390625,23664.259765625,23446.810546875,23639.689453125,9514500000
2026-01-20,22954.3203125,23236.05078125,22916.830078125,23142.689453125,9469480000
2026-01-21,23224.8203125,23383.240234375,22927.880859375,23017.6796875,9162740000
2026-01-22,23436.01953125,23503.16015625,23335.150390625,23440.7109375,9034850000
2026-01-23,23501.240234375,23610.740234375,23374.259765625,23440.919921875,8228760000
2026-01-26,23601.359375,23688.939453125,23486.080078125,23529.279296875,7505250000
2026-01-27,23817.099609375,23865.259765625,23694.380859375,23734.75,8026050000
2026-01-28,23857.44921875,23988.26953125,23775.490234375,23965.109375,8151580000
2026-01-29,23685.119140625,23840.55078125,23232.779296875,23830.919921875,8782210000
2026-01-30,23461.8203125,23662.25,23351.55078125,23578.9609375,9255930000
2026-02-02,23592.109375,23686.830078125,23356.400390625,23370.5390625,8882530000
2026-02-03,23255.189453125,23691.599609375,23027.2109375,23667.439453125,10306320000
2026-02-04,22904.580078125,23270.0703125,22684.509765625,23217.01953125,10862000000
2026-02-05,22540.58984375,22841.279296875,22461.140625,22604.01953125,10109230000
2026-02-06,23031.2109375,23088.4609375,22586.400390625,22625.30078125,9054400000
2026-02-09,23238.669921875,23314.669921875,22878.369140625,22952.240234375,8174050000
2026-02-10,23102.470703125,23310.73046875,23089.099609375,23271.220703125,8513440000
2026-02-11,23066.470703125,23320.619140625,22902.009765625,23278.2890625,9927010000
2026-02-12,22597.150390625,23161.599609375,22548.01953125,23142.869140625,8855290000
2026-02-13,22546.669921875,22742.060546875,22402.380859375,22561.4609375,7964830000
2026-02-17,22578.380859375,22690.830078125,22256.759765625,22394.759765625,7654300000
2026-02-18,22753.630859375,22895.9609375,22597.76953125,22629.849609375,7705590000
2026-02-19,22682.73046875,22768.830078125,22583.609375,22639.880859375,6984780000
2026-02-20,22886.0703125,22948.869140625,22539.05078125,22542.279296875,8063070000
2026-02-23,22627.26953125,22893.220703125,22547.119140625,22840.970703125,8263920000
2026-02-24,22863.6796875,22895.48046875,22528.259765625,22641.599609375,7932270000
2026-02-25,23152.080078125,23169.6796875,23004.689453125,23005.009765625,8427450000
2026-02-26,22878.380859375,23109.4609375,22670.80078125,23100.580078125,9033470000
2026-02-27,22668.2109375,22735.779296875,22538.30078125,22615.4296875,9552610000
2026-03-02,22748.859375,22802.80078125,22306.080078125,22322.119140625,8303030000
2026-03-03,22516.689453125,22601.58984375,22124.779296875,22292.369140625,9705500000
2026-03-04,22807.48046875,22891.880859375,22570.669921875,22620.890625,10918410000
2026-03-05,22748.990234375,22877.01953125,22500.2890625,22707.470703125,10994660000
2026-03-06,22387.6796875,22614.41015625,22328.130859375,22421.169921875,9300220000
2026-03-09,22695.94921875,22741.029296875,22061.970703125,22184.05078125,9797740000
2026-03-10,22697.099609375,22906.720703125,22608.23046875,22722.939453125,8800580000
2026-03-11,22716.130859375,22877.7109375,22602.330078125,22771.26953125,8348570000
2026-03-12,22311.98046875,22550.75,22290.48046875,22526.58984375,8490850000
2026-03-13,22105.359375,22521.380859375,22069.240234375,22425.69921875,8278740000
2026-03-16,22374.1796875,22521.58984375,22316.630859375,22340.390625,8208800000
2026-03-17,22479.529296875,22569.640625,22409.0703125,22458.029296875,8505210000
2026-03-18,22152.419921875,22461.759765625,22144.759765625,22421.9609375,9325170000
2026-03-19,22090.689453125,22187.060546875,21851.05078125,21871.0390625,8547870000
2026-03-20,21647.609375,21997.08984375,21522.75,21989.330078125,11743490000
2026-03-23,21946.759765625,22189.33984375,21865.80078125,21995.779296875,8895880000
2026-03-24,21761.890625,21916.16015625,21712.0390625,21807.599609375,8488380000
2026-03-25,21929.8203125,22093.1796875,21865.4609375,22006.4296875,8056920000
2026-03-26,21408.080078125,21823.580078125,21395.76953125,21693.1796875,7726590000
2026-03-27,20948.359375,21293.5,20909.9296875,21287.189453125,8713310000
2026-03-30,20794.640625,21139.720703125,20690.25,21096.240234375,9234380000
2026-03-31,21590.630859375,21642.619140625,21063.380859375,21064.330078125,10645070000
2026-04-01,21840.94921875,21983.0703125,21723.720703125,21742.7890625,8801740000
2026-04-02,21879.1796875,21906.48046875,21371.3203125,21472.51953125,8134780000
2026-04-06,21996.33984375,22052.41015625,21864.5,21939.80078125,7907270000
2026-04-07,22017.849609375,22024.900390625,21611.0,21927.08984375,10796020000
2026-04-08,22634.990234375,22821.2109375,22501.279296875,22821.2109375,10411670000
2026-04-09,22822.419921875,22836.75,22529.2109375,22646.349609375,8662470000
2026-04-10,22902.890625,23011.76953125,22845.05078125,22913.91015625,8700640000
2026-04-13,23183.740234375,23187.9609375,22795.8203125,22849.23046875,7925320000
2026-04-14,23639.080078125,23639.080078125,23331.5,23331.5,9105660000
2026-04-15,24016.01953125,24026.560546875,23672.259765625,23688.119140625,10206480000
2026-04-16,24102.69921875,24156.1796875,23894.91015625,24062.44921875,9963610000
2026-04-17,24468.48046875,24519.509765625,24286.470703125,24338.009765625,10159120000
2026-04-20,24404.390625,24435.919921875,24221.529296875,24417.529296875,8379940000
2026-04-21,24259.9609375,24537.580078125,24198.990234375,24465.33984375,9309940000
2026-04-22,24657.5703125,24660.109375,24421.400390625,24462.310546875,8080930000
2026-04-23,24438.5,24664.869140625,24209.740234375,24553.75,7956600000
2026-04-24,24836.599609375,24854.0390625,24524.369140625,24616.560546875,10203070000
2026-04-27,24887.099609375,24899.369140625,24694.8203125,24799.640625,8126500000
2026-04-28,24663.80078125,24724.69921875,24524.23046875,24609.5703125,7441950000
2026-04-29,24673.240234375,24724.109375,24532.69921875,24606.529296875,8147470000
2026-04-30,24892.310546875,24935.599609375,24491.830078125,24859.939453125,8139190000
2026-05-01,25114.439453125,25223.119140625,24967.08984375,24977.7890625,7534290000
2026-05-04,25067.80078125,25210.470703125,24913.119140625,25112.1796875,7849180000
2026-05-05,25326.130859375,25361.05078125,25217.16015625,25258.880859375,8090030000
2026-05-06,25838.939453125,25850.189453125,25464.439453125,25495.169921875,8864150000
2026-05-07,25806.19921875,26036.380859375,25713.650390625,25881.30078125,9118880000
2026-05-08,26247.080078125,26248.619140625,25944.779296875,25958.119140625,9577150000
2026-05-11,26274.130859375,26359.310546875,26129.830078125,26135.630859375,11989910000
2026-05-12,26088.19921875,26190.48046875,25739.220703125,26087.009765625,9631840000
2026-05-13,26402.33984375,26474.1796875,25990.16015625,26147.650390625,9734720000
2026-05-14,26635.220703125,26707.140625,26423.2109375,26425.470703125,9860060000
2026-05-15,26225.140625,26460.759765625,26097.5390625,26288.919921875,9584430000
2026-05-18,26090.73046875,26310.83984375,25867.30078125,26289.490234375,10327940000
2026-05-19,25870.7109375,26050.2890625,25701.439453125,25923.490234375,9895620000
2026-05-20,26270.359375,26273.759765625,25928.330078125,25991.509765625,9268370000
2026-05-21,26293.099609375,26403.5703125,26039.369140625,26143.619140625,8627780000
2026-05-22,26343.970703125,26504.55078125,26309.80078125,26381.560546875,9265090000
2026-05-26,26656.1796875,26725.2890625,26520.30078125,26590.5,9718120000
2026-05-27,26674.73046875,26715.310546875,26538.310546875,26695.439453125,9240640000
2026-05-28,26917.470703125,26934.83984375,26588.51953125,26686.529296875,9224620000
2026-05-29,26972.619140625,27094.80078125,26859.26953125,26960.83984375,11906000000
2026-06-01,27086.810546875,27190.2109375,26913.119140625,26952.580078125,10199240000
2026-06-02,27093.900390625,27171.2890625,26932.76953125,27030.0703125,9675650000
2026-06-03,26853.98046875,27130.880859375,26769.150390625,27092.849609375,9267670000
2026-06-04,26830.9609375,26923.69921875,26554.240234375,26579.30078125,8999970000
2026-06-05,25709.4296875,26572.25,25648.470703125,26536.58984375,11550140000
