Price,Close,High,Low,Open,Volume
Ticker,SPY,SPY,SPY,SPY,SPY
Date,,,,,
2011-06-01,101.04242706298828,103.37942351639121,100.9581415616621,103.06526740311139,233094300
2011-06-02,100.9351806640625,101.32596430866437,100.34519370038673,101.11142146883537,200466800
2011-06-03,99.93142700195312,100.69765479220737,99.67091235927666,99.72454222490619,234690200
2011-06-06,98.8740463256836,99.88547279899133,98.74378898140189,99.67858798550378,179951200
2011-06-07,98.8127670288086,99.66328056790807,98.72848148198932,99.37976826040071,161660500
2011-06-08,98.39897155761719,98.98897023060775,98.21507267868672,98.65948620065419,198696400
2011-06-09,99.14987182617188,99.55597162148833,98.4296275211428,98.66715626651187,160964400
2011-06-10,97.77066040039062,98.78973887202066,97.51014576961637,98.72845094030365,238629400
2011-06-13,97.84729766845703,98.26106726987602,97.3492542245111,97.99288283593002,207599800
2011-06-14,99.08858489990234,99.43338507222836,98.70547099916045,98.74377303586793,160570400
2011-06-15,97.32624053955078,99.07324461787384,97.06572592579988,98.26104512105813,300958000
2011-06-16,97.54080200195312,98.0541732287566,96.78989618020665,97.35690311957386,308032800
2011-06-17,97.83186340332031,98.51718647790263,97.50075179286088,98.50948456840294,233284900
2011-06-20,98.3323974609375,98.54030793916986,97.46997140260152,97.50077317251879,159479000
2011-06-21,99.67993927001953,99.87244591663976,98.37089642293662,98.84061311067691,193157300
2011-06-22,99.0793228149414,99.95715268315597,99.01771927598396,99.37193668757081,176703000
2011-06-23,98.79440307617188,99.05620926830764,97.16964667841911,97.91657332926155,334286500
2011-06-24,97.64705657958984,98.84829601497142,97.500755542483,98.77130041635591,226129300
2011-06-27,98.5171890258789,98.89449447858799,97.51615225911084,97.70865887773272,168904700
2011-06-28,99.8031234741211,99.81852729222948,98.77129090460032,98.90989001856406,165556300
2011-06-29,100.65784454345703,100.81954349574683,99.8185186491198,100.2574275550045,244295500
2011-06-30,101.62042999267578,101.78212902853575,100.65020052848911,100.9813063874147,223322700
2011-07-01,103.12193298339844,103.26054384375568,101.47407697487726,101.71278327639612,202385700
2011-07-05,103.03726959228516,103.24518008866227,102.71385979218458,103.01416973154046,165936000
2011-07-06,103.16046905517578,103.29137217294189,102.49824568021701,102.79085956091419,143331600
2011-07-07,104.23076629638672,104.49257243318128,103.86115694151972,104.0767633776646,170464200
2011-07-08,103.49154663085938,104.23077716736256,102.7138241729132,103.05263767924089,194100500
2011-07-11,101.62042999267578,102.55215576986107,101.38172358281304,102.22104991093548,195918600
2011-07-12,101.18148040771484,102.24412076919647,101.1506845166551,101.40479467916906,214675700
2011-07-13,101.52030181884766,102.5829422626137,101.27389942227295,101.7128084644764,204062600
2011-07-14,100.81959533691406,102.24414950449226,100.62708865208866,101.77443272353126,226111800
2011-07-15,101.40479278564453,101.54339191733376,100.69636980777588,101.38169293036299,220012800
2011-07-18,100.57315826416016,101.08907459190799,99.81853560936035,100.93507164700397,196872100
2011-07-19,102.20562744140625,102.32883451746449,101.11219107815478,101.13529093620652,166554900
2011-07-20,102.14401245117188,102.52902570843173,101.96690964274053,102.46743392698164,137145400
2011-07-21,103.5608901977539,103.81500040665452,102.15943603042469,102.72155220483695,245246300
2011-07-22,103.63020324707031,103.73800652397875,102.99877566112369,103.5840035212061,126019400
2011-07-25,103.05264282226562,103.56086310712078,102.53672650267195,102.64452973736807,136653800
2011-07-26,102.66765594482422,103.15277650031715,102.43664559698595,102.98336969521404,131278200
2011-07-27,100.56549072265625,102.12864396818193,100.43457584524043,102.09783632066943,249020100
2011-07-28,100.27286529541016,101.46640888133723,100.11115453874193,100.56547916477477,207939900
2011-07-29,99.58753967285156,100.52697304675975,98.54030304700342,99.26412991703168,307038400
2011-08-01,99.16400909423828,100.84267292944865,98.20147599482249,100.75026176212803,325790900
2011-08-02,96.630615234375,98.94839643791352,96.630615234375,98.417076320284,346653800
2011-08-03,97.15425872802734,97.26206198649658,95.12138888998315,96.76154937567667,370830800
2011-08-04,92.60338592529297,95.96070184066714,92.44937710473151,95.80669302010568,520721800
2011-08-05,92.46479034423828,93.99714154721224,89.98530389153649,93.75843519456807,655619200
2011-08-08,86.44320678710938,92.49561766523232,86.25839613255009,90.02383244017264,702263900
2011-08-09,90.4627456665039,90.5859468922577,84.91084759897753,87.83695161481315,717828700
2011-08-10,86.46626281738281,89.53866642515396,86.20445079356472,88.75324210336974,662607400
2011-08-11,90.34719848632812,91.57153763650376,86.48936459597581,87.21319128843297,487979700
2011-08-12,90.95555114746094,91.79487738650833,90.30872569847756,91.17115767217634,313731600
2011-08-15,92.88059997558594,92.97299939711415,91.63315491143052,91.7794618286316,258810600
2011-08-16,92.08746337890625,92.93449720176768,91.10183043030653,91.99506396174739,294095200
2011-08-17,92.14907836914062,93.32721808314878,91.41755547640668,92.59569519041483,238201100
2011-08-18,88.17573547363281,92.17987089253198,87.31330368540465,89.70808655175159,512956300
2011-08-19,86.73577880859375,89.23066286021827,86.62797557564203,86.98218703745994,428281300
2011-08-22,86.80506896972656,88.73013475489465,86.55866078421843,88.68392918116312,275090600
2011-08-23,89.66189575195312,89.7619970911803,86.68959271973723,87.12850762994339,331136600
2011-08-24,90.92472839355469,91.0479295757452,89.26146837271409,89.46937881273708,246869700
2011-08-25,89.53868103027344,91.94116583997851,89.222973218248,91.42524949176865,312365400
2011-08-26,90.84001922607422,91.25583420480623,87.66750820769415,89.08435989909606,314495900
2011-08-29,93.45043182373047,93.5043334525699,90.90934160738705,92.06438154666371,190977200
2011-08-30,93.69683837890625,94.27435833788007,91.83337538791156,93.04231693370329,241315700
2011-08-31,94.11264038085938,95.10597527728743,93.40421740622163,94.29744509710487,301828400
2011-09-01,93.12702178955078,95.02128657967225,93.00381470978503,94.16655655701737,254585900
2011-09-02,90.74757385253906,93.07305594247148,90.42416430355493,91.18648849039835,255517200
2011-09-06,90.08541107177734,90.21632005979069,88.07564115832797,88.08334306934917,285130500
2011-09-07,92.62647247314453,92.66497026662753,91.14032134852974,91.44833307056852,209803200
2011-09-08,91.66395568847656,93.1270072202032,91.45604524260786,92.07206879538833,250568200
2011-09-09,89.26151275634766,91.67939664179715,88.76869603286997,90.61676168333067,380195100
2011-09-12,89.83901977539062,89.9083252380091,87.82155344438415,88.14496327036929,305793500
2011-09-13,90.6629409790039,91.00175460308762,89.49250299328165,90.13162655695322,272514700
2011-09-14,91.91808319091797,93.01922153379992,89.87751139643694,91.12495080771555,319389500
2011-09-15,93.50432586669922,93.53512763422813,91.94117288233507,92.90370608697668,326777200
2011-09-16,94.0577163696289,94.40602450078127,93.12890649701421,93.87969733157185,284528300
2011-09-19,93.12117004394531,93.60105851841776,91.89049659739442,92.51744300184642,241517000
2011-09-20,93.01282501220703,94.42152365343495,92.88898642337197,93.51593293519497,218932200
2011-09-21,90.27281951904297,93.34564136699521,90.12576157701952,93.05926133421325,316251300
2011-09-22,87.35478973388672,88.39970229998765,86.1473357379682,87.65665323286635,513911300
2011-09-23,87.88113403320312,88.3610225661781,86.70463501856455,86.774299019346,307242500
2011-09-26,89.97097778320312,90.09482229622303,87.44770783535225,88.70934280927769,260673700
2011-09-27,90.97718048095703,92.54067884522243,90.43536967356287,91.74344910122574,311753900
2011-09-28,89.11954498291016,91.71247829270446,88.98796464988389,91.16293169133307,286696800
2011-09-29,89.82390594482422,91.04683784341273,88.18300183190641,90.59791631606706,298108900
2011-09-30,87.57926940917969,89.35948961261435,87.5173471659567,88.58547928801751,288392300
2011-10-03,85.08695983886719,88.19847891438262,84.99407646898969,87.06842448774346,365136800
2011-10-04,86.95233154296875,87.13809830364201,83.15194328563638,83.86403148585714,459177500
2011-10-05,88.56224822998047,88.79445365879282,86.36406203286892,87.16903337279452,284108000
2011-10-06,90.1644287109375,90.29601490688528,87.85788207807708,88.51578943690393,257800800
2011-10-07,89.56076049804688,90.75273745987909,89.05765245688177,90.69081519830112,312657900
2011-10-10,92.55615234375,92.5948493152995,91.07778984817922,91.08553160458109,230666300
2011-10-11,92.64905548095703,92.91222212449813,91.9137478601683,92.0066312470472,209088000
2011-10-12,93.46175384521484,94.53762780629411,93.13667090126944,93.34565110659703,281544900
2011-10-13,93.27597045898438,93.5546146022183,92.20009675797583,92.91218472169402,212538800
2011-10-14,94.87045288085938,94.89367224762819,93.83328179698162,94.35960909625364,211397600
2011-10-17,93.05926513671875,94.85496887696407,92.82705967422305,94.42151907398747,202311600
2011-10-18,94.87818145751953,95.59026949724793,92.26202293403725,92.98959448628094,318857900
2011-10-19,93.7558822631836,95.26520616097159,93.43079929636072,94.72339531103577,226601300
2011-10-20,94.16609191894531,94.50665242087351,92.74190995692749,93.98806695923194,262075600
2011-10-21,95.95404815673828,96.07015087107274,94.98653537933346,95.2729153820985,278999400
2011-10-24,97.13055419921875,97.37050141594133,96.0237191963402,96.10886080465625,203215600
2011-10-25,95.2419662475586,96.71258103887573,95.03298016737456,96.66614231227027,268596800
2011-10-26,96.20948028564453,96.57326015730355,94.59179572771485,96.24817725655474,289053800
2011-10-27,99.56095886230469,100.17242186530949,97.99745458929011,98.78694257782391,393220200
2011-10-28,99.53773498535156,99.73123757139582,98.91852434791782,99.07332405466111,225906500
2011-10-31,97.1383056640625,99.55321434425167,96.99898355518768,98.42316576871144,228146700
2011-11-01,94.42926788330078,95.59802522941933,94.05774029660597,94.45248725023846,416565800
2011-11-02,95.96952819824219,96.2868752317942,95.04071827045539,95.84568963031104,244717600
2011-11-03,97.71880340576172,97.91230598676323,95.6676748660997,96.96027068993455,291174800
2011-11-04,97.1228256225586,97.29310294671491,95.98502941277383,96.92932302647903,249401600
2011-11-07,97.7265396118164,97.82715882233938,96.13207441936956,97.05314854229542,196617200
2011-11-08,98.98046875,99.08883566172037,97.30086724419759,98.23741931755144,224426300
2011-11-09,95.32711791992188,97.37050477963632,95.09491245190553,96.66615252382238,337982000
2011-11-10,96.2249755859375,96.7048641742541,95.21875967358137,96.58876142971596,231866500
2011-11-11,98.03614807128906,98.29156698397856,97.36275698001864,97.39371810084796,189924400
2011-11-14,97.10735321044922,98.64763239788167,96.68938684650261,97.67238345390422,159258300
2011-11-15,97.58719635009766,98.10578170794597,96.5345421252312,96.8828443135822,184709400
2011-11-16,96.0391845703125,97.78844332568742,95.89986250167627,96.60420869489401,235782500
2011-11-17,94.51439666748047,96.10112011875329,93.83326974044654,95.86117291410135,331219600
2011-11-18,94.41377258300781,95.00975787524808,94.01902570334087,94.81625531338403,215580400
2011-11-21,92.61811828613281,93.15218162525969,91.83636586711411,93.03607884536855,229611600
2011-11-22,92.25431060791016,92.95865707098966,91.73571910054334,92.41685209939004,216494900
2011-11-23,90.21864318847656,92.25429415858864,90.21864318847656,91.38740045336868,224329100
2011-11-25,90.04835510253906,91.10100957869122,89.93999413339662,90.07931622304118,99557000
2011-11-28,92.6567611694336,93.02054691155277,91.96789255763612,92.52518085150132,210686000
2011-11-29,92.91995239257812,93.65525992243883,92.57938592136813,92.91995239257812,199241500
2011-11-30,96.74356079101562,96.92158578600679,92.8812504467368,95.58254516043142,324439500
2011-12-01,96.72808837890625,97.24667397117967,96.31012202080746,96.63520499758502,176954800
2011-12-02,96.64291381835938,97.91229007097182,96.58099158524921,97.61816832154231,221109700
2011-12-05,97.69558715820312,98.43863638433092,97.09186003105118,98.17546979505194,225263900
2011-12-06,97.7265396118164,98.38444716880782,97.33953447179441,97.68783673572229,178842100
2011-12-07,98.09032440185547,98.50054890131669,96.72806466921293,97.40144982673239,237802500
2011-12-08,95.9385757446289,97.66462133750848,95.7063761943259,97.44789939513366,240862800
2011-12-09,97.56401062011719,97.81169370515006,96.28689231391644,96.37203392801186,209111400
2011-12-12,96.1397933959961,96.72804272291236,95.32708633765293,96.71255921405151,215826100
2011-12-13,95.2419662475586,97.19246953297451,94.77755536058505,96.64292294896752,245159800
2011-12-14,94.22798919677734,95.22646294792827,94.01900906524739,94.86267725116454,238618800
2011-12-15,94.5685806274414,95.35806855131284,94.42151677775523,95.22648821487262,199109200
2011-12-16,94.70878601074219,95.76811663546174,94.4829046643477,95.207299783565,220481400
2011-12-19,93.6961898803711,95.2773948819031,93.49366922744784,95.07487422897984,183903000
2011-12-20,96.53144073486328,96.69501302669923,93.75849074295321,95.16833236021611,225418100
2011-12-21,96.71839904785156,96.86639560272783,95.61233517109764,96.53146009721141,194230900
2011-12-22,97.57520294189453,97.67646623848431,96.76513222526668,97.07669514273198,119465400
2011-12-23,98.4476089477539,98.47876643258978,97.68427136866427,97.88678610607352,92187200
2011-12-27,98.52547454833984,98.78251927563521,98.19053910017102,98.27622067593614,86075700
2011-12-28,97.23248291015625,98.55664314241345,97.15459218049672,98.54106737355424,119107100
2011-12-29,98.23728942871094,98.33854678306271,97.25584959488552,97.55183674484732,123507200
2011-12-30,97.75437927246094,98.40088376480959,97.75437927246094,98.15941472319177,95599000
2012-01-03,99.31221008300781,99.99766286572113,99.25768597008131,99.5147307635988,193697900
2012-01-04,99.468017578125,99.55369919837193,98.69688893858677,99.07855782888772,127186500
2012-01-05,99.73279571533203,99.88079224507128,98.47874143938343,98.93051594082243,173895000
2012-01-06,99.47573852539062,99.87298885437619,99.1485939921931,99.85740714745441,148050000
2012-01-09,99.71723937988281,99.84185741909131,99.24209819214434,99.70165766797034,99530200
2012-01-10,100.58184814453125,100.98687760346633,100.44163649692702,100.78436287399879,115282000
2012-01-11,100.6363754272461,100.76879028758682,100.10671598588316,100.27028238997697,111540700
2012-01-12,100.8778076171875,101.02580414675235,100.12225514493902,100.92455274654652,118983700
2012-01-13,100.35594177246094,100.51952002570312,99.48355611613773,100.2001603174551,179836200
2012-01-17,100.74542999267578,101.50877954432757,100.40270356301441,101.32183461395776,132209200
2012-01-18,101.8592758178711,101.91379398614163,100.54290035570153,100.72204845911158,163395200
2012-01-19,102.39669799804688,102.4823795643219,101.88260860039671,102.20975315743931,126328900
2012-01-20,102.77840423583984,102.77840423583984,101.97611826881159,102.22537816185944,138230200
2012-01-23,102.51356506347656,103.01207291825237,102.02284212262865,102.4356683827384,129295800
2012-01-24,102.39669799804688,102.42784952880105,101.72682717590416,101.88260860039671,103083300
2012-01-25,103.2535629272461,103.49502606101994,101.84372058976557,102.24096524029339,198613200
2012-01-26,102.723876953125,103.90782568401318,102.31883560552389,103.71309586685021,184880500
2012-01-27,102.6771240234375,102.85627209299652,102.15523775432476,102.22534950794571,135259100
2012-01-30,102.32659149169922,102.381121530011,101.30620944088335,101.6567206352715,147311800
2012-01-31,102.2876968383789,102.95755608312362,101.78917703423461,102.83293801745384,157212000
2012-02-01,103.18340301513672,103.7052773296882,102.9185734021454,103.04319141184892,166234500
2012-02-02,103.34703063964844,103.61187229505731,102.98094941951432,103.3859789906234,113090400
2012-02-03,104.79579162597656,104.85810659279147,104.19603235544174,104.37518045668172,160598500
2012-02-06,104.72563934326172,104.77237257364762,104.24271344879587,104.35954652476062,107694500
2012-02-07,104.99053192138672,105.16969192587673,104.09477944039995,104.50760573706681,135528100
2012-02-08,105.30208587646484,105.32545250104256,104.61663319454931,105.04504112074652,139361400
2012-02-09,105.4344711303711,105.61361916365998,104.81133358394354,105.47341945552785,148602900
2012-02-10,104.65557098388672,104.74125256049153,104.25052972308558,104.49978954061314,167907500
2012-02-13,105.4344711303711,105.55910101672863,104.95154517743579,105.40331960146177,115841900
2012-02-14,105.30208587646484,105.36440083712658,104.56989994539389,105.15408933056368,165329500
2012-02-15,104.81137084960938,105.80060161058296,104.60105932727481,105.64482013992803,195195100
2012-02-16,105.97193908691406,106.06540556956075,104.63219737062444,104.81914222127932,186567800
2012-02-17,106.25232696533203,106.42369006926407,105.9018158474197,106.33800851729805,129869400
2012-02-21,106.29911804199219,106.75089266317173,105.97197336155845,106.50163278168013,134042300
2012-02-22,105.95639038085938,106.36143174075808,105.76944547197569,106.13553849018632,124455300
2012-02-23,106.42374420166016,106.50162899783516,105.54356161879184,105.90186971436452,137704300
2012-02-24,106.65740203857422,106.86771355380365,106.42373578316814,106.65740203857422,105539100
2012-02-27,106.83653259277344,107.12472881864952,105.7772022803308,105.94856541067892,145728900
2012-02-28,107.14812469482422,107.27275462099168,106.65740178889229,106.8677133036294,129355900
2012-02-29,106.72752380371094,107.6388579413023,106.35363398929006,107.3039164682209,185934700
2012-03-01,107.28052520751953,107.4830517818361,106.65738754526346,106.95338060904163,145023500
2012-03-02,106.953369140625,107.35062544896437,106.71190614516598,107.21041384444428,120638300
2012-03-05,106.51722717285156,106.86773852322088,106.15113410669323,106.78985371500922,140765000
2012-03-06,104.95938110351562,105.48904054993434,104.65560303621878,105.42673746183348,202129900
2012-03-07,105.6915512084961,105.86291438828465,105.0995649927305,105.20082829497758,143692200
2012-03-08,106.74307250976562,106.96118080103467,106.11994671309769,106.33804311900401,116968900
2012-03-09,107.15589141845703,107.43629084558911,106.81316516037037,106.94557996274739,122836800
2012-03-12,107.16374206542969,107.30394186499629,106.78206724655186,107.14037543216858,104003500
2012-03-13,109.09542846679688,109.14995851937854,107.56095659046538,107.74011657577839,184090500
2012-03-14,108.97862243652344,109.39923370739328,108.64368089467757,109.12661903277852,145163600
2012-03-15,109.6094970703125,109.65623031481122,108.86172950224609,109.14214085460071,165118500
2012-03-16,109.76129150390625,109.90210567443557,109.52658928223985,109.80822956074935,152893500
2012-03-19,110.19159698486328,110.5279944117921,109.61266632433217,109.69090439161717,125291100
2012-03-20,109.87080383300781,110.00379895653008,109.24493529955943,109.56569456435102,121729700
2012-03-21,109.69087219238281,110.03508855001583,109.46398902632859,109.93339341734111,122388400
2012-03-22,108.90074920654297,109.17457052648084,108.54088271814612,108.88509920434406,135216700
2012-03-23,109.25276184082031,109.37793794360664,108.39220299342735,108.99460254281757,120521000
2012-03-26,110.78617095947266,110.78617095947266,109.99601896723917,110.03512606528206,120164000
2012-03-27,110.44187927246094,110.9582215953023,110.37147221137714,110.8878145342185,119868500
2012-03-28,109.894287109375,110.55927475067004,109.24494946624421,110.38716058321604,148562100
2012-03-29,109.7065200805664,109.90993423904007,108.81466120769518,109.2449466151003,164963700
2012-03-30,110.16028594970703,110.34805012991343,109.56571728523123,110.24634304012015,135486800
2012-04-02,110.9660873413086,111.25555861004719,109.80823807870966,110.02729031927022,151741100
2012-04-03,110.51234436035156,110.99739888988148,109.86300660203246,110.8096346909551,155806700
2012-04-04,109.41706848144531,109.7925848918682,109.01025207330716,109.69870877362534,146896000
2012-04-05,109.36231231689453,109.68307167521925,108.94767682928565,109.04156489602268,137439400
2012-04-09,108.13406372070312,109.40143930804281,107.83677337307383,107.98541854688847,127555900
2012-04-10,106.31898498535156,108.22787824939168,106.20945890974829,107.92276904325064,235360300
2012-04-11,107.17959594726562,107.60205041603899,106.98401274298229,107.40646721175565,154133000
2012-04-12,108.57996368408203,108.66602076928251,107.2030622583254,107.28130031303535,154321500
2012-04-13,107.28911590576172,108.60344117057807,107.18740882538792,108.3296199253182,169246700
2012-04-16,107.21871185302734,107.9932136794642,106.8510144846872,107.83674950808461,147825300
2012-04-17,108.80682373046875,109.02587591210957,107.72720087991858,107.836726970739,147877600
2012-04-18,108.43915557861328,108.80685296891369,108.25922236765302,108.32181042743306,123884200
2012-04-19,107.74287414550781,108.86160431926659,107.23436260060858,108.45479985832768,198666700
2012-04-20,107.92281341552734,108.61127013806109,107.86022535552866,108.22010371615816,143199600
2012-04-23,107.01529693603516,107.10918498816535,106.35032122797256,106.81971373881952,171844900
2012-04-24,107.42212677001953,107.69594805536397,107.02314129525857,107.10919839029945,137484200
2012-04-25,108.89292907714844,108.93986714581828,108.37658644687232,108.47046258421203,150252200
2012-04-26,109.65177917480469,109.77695530042091,108.595625013278,108.6582130760861,136291600
2012-04-27,109.83171081542969,110.1446391875189,109.37013728848981,109.98035597028033,130725000
2012-04-30,109.42487335205078,109.6908755484027,109.1275950369338,109.61263750169039,115092200
2012-05-01,110.10555267333984,110.8252976136305,109.23716255041604,109.36232676017418,138832200
2012-05-02,109.77693939208984,109.88646550176897,109.10413273621798,109.46399912339908,121081000
2012-05-03,108.93983459472656,109.87863149997382,108.73643237878225,109.79257442064156,143759700
2012-05-04,107.17959594726562,108.97896381416255,107.11700788940078,108.36874517179467,193927300
2012-05-07,107.25785064697266,107.61771711372103,106.75715804381379,106.79626514077748,127765900
2012-05-08,106.82756805419922,106.9996822603612,105.55236150966822,106.6163348125543,213377700
2012-05-09,106.1938247680664,106.87445026743944,105.21590907933626,105.69313241293446,220752500
2012-05-10,106.41292572021484,107.06226346776222,106.17040442819953,106.9292563681543,150600000
2012-05-11,106.09215545654297,107.07789052395675,105.70098904190155,105.74792710166626,153032400
2012-05-14,104.91866302490234,106.09216234502095,104.76219883637701,105.07512721342769,163910000
2012-05-15,104.31624603271484,105.46627613035092,104.15196284016706,104.84823851025384,207629300
2012-05-16,103.91729736328125,105.26291112412684,103.89382832747792,104.78568750036818,207265500
2012-05-17,102.37606811523438,104.06590978579733,102.32129909063285,103.94073367595173,247992900
2012-05-18,101.49986267089844,102.95500216931951,101.35121752758614,102.77505702875659,319615900
2012-05-21,103.24447631835938,103.28359535181625,101.66416047883538,101.82845564437302,177861100
2012-05-22,103.42439270019531,104.23019452084458,102.75158602167299,103.51044978480111,197531200
2012-05-23,103.47917175292969,103.6278169077847,101.69545376957393,102.6811888853909,204958400
2012-05-24,103.68258666992188,103.9251079785494,102.81419660317103,103.76082474123241,167357600
2012-05-25,103.34616088867188,103.93291045025605,103.09580867908645,103.6434392157416,135465600
2012-05-29,104.59790802001953,104.7778412474185,102.6186067062723,104.17545349972352,152883500
2012-05-30,103.08016967773438,104.59007825142182,102.86894840799626,103.70603833101231,162370400
2012-05-31,102.85331726074219,103.62000023437005,101.9692771782979,103.04108147237618,196186000
2012-06-01,100.2637710571289,102.87675965407698,100.2637710571289,101.24168702342241,253240900
2012-06-04,100.21682739257812,100.7175198618035,99.46578272001504,100.44369863158411,202545800
2012-06-05,100.97569274902344,101.1243259425586,99.96647682678025,100.02123987997618,164149400
2012-06-06,103.24447631835938,103.29141438352642,101.64851047796203,101.67981047970873,184202800
2012-06-07,103.30703735351562,104.46488642867236,103.09580417808132,104.41794837578692,184772700
2012-06-08,104.1285171508789,104.15198618364582,102.71248452837418,103.04107486201717,143915400
2012-06-11,102.8063735961914,105.02819626104522,102.70466649491077,104.96560819390739,169756100
2012-06-12,103.9876708984375,104.05807798311666,102.6107695135361,103.103631043741,181931800
2012-06-13,103.32269287109375,104.33189687440444,102.97063358074186,103.6825592540772,172223900
2012-06-14,104.41797637939453,104.83261187434907,103.25229602450261,103.53393635479749,230615500
2012-06-15,105.48585510253906,105.58021761634738,104.6680186511615,104.88820584958248,169444500
2012-06-18,105.69032287597656,105.94983181688244,104.80957398512292,105.04549229497405,131360900
2012-06-19,106.71263885498047,107.14515380230029,105.66674343666344,106.22508309580446,137382600
2012-06-20,106.53963470458984,107.02720247143893,105.58811380346027,106.7205122306766,206451800
2012-06-21,104.1490249633789,106.77555286703448,104.06252197257324,106.66545924230955,205272200
2012-06-22,104.9511489868164,105.14774561447099,104.29057519842453,104.69163999839566,130029200
2012-06-25,103.2682876586914,103.8816682086558,102.8986850196992,103.84234648123623,146375700
2012-06-26,103.7872543334961,104.10181603434503,102.9615463678078,103.56706714255282,141634000
2012-06-27,104.72307586669922,104.927532011767,103.77941458278791,104.13328606434162,108088000
2012-06-28,104.42427825927734,104.58156518915374,103.23683873428203,104.03108493320244,169242100
2012-06-29,107.02719116210938,107.16087540684835,106.0442081867017,106.31943622023351,212250900
2012-07-02,107.3496322631836,107.45972590907469,106.57111719556357,107.3260416247289,129524500
2012-07-03,108.05734252929688,108.13597395838104,107.21590344290928,107.32599704306908,80450000
2012-07-05,107.56979370117188,108.36405166927622,107.1766004890187,107.65629668781776,126177500
2012-07-06,106.5475082397461,106.76769549367427,106.0442213737238,106.53177715037826,151192100
2012-07-09,106.41378784179688,106.61038439456463,105.92622023140794,106.46096909457293,103780500
2012-07-10,105.48585510253906,107.12939954764647,105.12411213410326,106.95639360612965,167884800
2012-07-11,105.50159454345703,105.84760645389412,104.88821415651977,105.54091626042549,141733400
2012-07-12,104.99046325683594,105.55666252893042,104.27486062067481,104.88824116555944,143583200
2012-07-13,106.751953125,106.8620467403317,105.24995223066425,105.26568331836995,129642600
2012-07-16,106.50029754638672,106.8148592857489,106.08351374112235,106.50816908943541,97525200
2012-07-17,107.2316665649414,107.45185383104409,105.80830888073979,106.92497630149082,138860300
2012-07-18,108.02587890625,108.23820656059806,106.91708337643755,106.97998371913845,113349700
2012-07-19,108.3089828491211,108.66285428788694,107.90007060842858,108.24607050456005,129847300
2012-07-20,107.31816864013672,107.86077725526515,107.20021546263312,107.69563080745417,142904500
2012-07-23,106.2329330444336,107.24737819281202,105.24995007082093,105.74537732929895,145210900
2012-07-24,105.32072448730469,106.35876029196434,104.61298152907612,106.31157902798967,173301200
2012-07-25,105.34430694580078,105.81613149450024,104.78596743064263,105.54090350758436,129122300
2012-07-26,107.08223724365234,107.31029602479062,106.36662272247354,106.86205000625955,156526500
2012-07-27,109.05606079101562,109.36276300803135,107.05864460374431,107.64843440698206,236768900
2012-07-30,109.05606079101562,109.57507869769786,108.7336514847169,108.93024808579615,106782000
2012-07-31,108.29331970214844,109.2055191712296,108.29331970214844,108.9067003793362,120575900
2012-08-01,108.19889831542969,109.09537830178938,108.04948298448576,109.07178767051442,138293800
2012-08-02,107.45184326171875,108.1831888945055,106.61827555070741,107.38107136156984,199556600
2012-08-03,109.58296966552734,109.81101648350806,107.48330703443554,108.96171757638591,157825000
2012-08-06,109.79521942138672,110.22773416040742,109.7480381770025,109.87386282822655,86326200
2012-08-07,110.34573364257812,110.81755823268955,110.11767489128344,110.23562803898558,109545100
2012-08-08,110.47943878173828,110.60525149665966,109.94468974592796,109.9761519241372,89754700
2012-08-09,110.57380676269531,110.7939940237818,110.21206369130707,110.32215732185031,90291700
2012-08-10,110.754638671875,110.79396038498156,109.94466177894883,110.12552726007644,99792700
2012-08-13,110.6996078491211,110.75464865298879,110.12553718449526,110.56592361195298,79426900
2012-08-14,110.71533966064453,111.17931677155576,110.3850588015701,111.10853287372906,102379400
2012-08-15,110.84115600585938,111.02989305364966,110.52660625884592,110.5973781520284,71085900
2012-08-16,111.65897369384766,111.79265789935451,110.72317225599933,110.99840020876036,112014200
2012-08-17,111.80840301513672,111.90277753457971,111.55676562832946,111.84772473162937,90813700
2012-08-20,111.81627655029297,111.83986718074824,111.34443994258059,111.65113013780262,78255700
2012-08-21,111.47813415527344,112.52402952981032,111.23435628588973,112.09151460059515,105581100
2012-08-22,111.52532958984375,111.7061951094697,110.9355397656114,111.19503672888551,133243500
2012-08-23,110.61310577392578,111.25793633489346,110.44009981869713,111.25007679122064,111466400
2012-08-24,111.28152465820312,111.53317404215623,110.2670915774869,110.33786346698507,99481200
2012-08-27,111.30513000488281,111.72978539662618,111.14785511876865,111.5803700550611,68785900
2012-08-28,111.19503021240234,111.5410421422297,110.85688982599179,111.02202424748866,75689600
2012-08-29,111.28152465820312,111.58035530182168,110.97483447107467,111.28939620101607,65421300
2012-08-30,110.47943878173828,110.83331029110848,110.24352044238977,110.80184811289924,96589900
2012-08-31,111.00630187988281,111.52531975929088,110.37719038962793,111.1085239475454,151970400
2012-09-04,110.9040756225586,111.24222802209535,110.19633264574877,110.91193516699266,120226200
2012-09-05,110.80973815917969,111.25011273319753,110.58955087217076,110.95128198683948,100660300
2012-09-06,113.05880737304688,113.06666691947223,111.47030304567629,111.47816259210164,158272500
2012-09-07,113.49913024902344,113.54631150469491,113.14525883218532,113.24748088637284,107272100
2012-09-10,112.85429382324219,113.58563932337002,112.81498410760422,113.38904274796937,86458500
2012-09-11,113.16888427734375,113.5306153483159,112.89364420217757,112.92510638183951,88760000
2012-09-12,113.54630279541016,113.6721274670844,113.16096923814573,113.54630279541016,87640900
2012-09-13,115.2763671875,115.63023862985443,113.23176996539496,113.53058860596167,225470200
2012-09-14,115.7875747680664,116.4717273143924,115.41010053623108,115.50447509384394,169777000
2012-09-17,115.39435577392578,115.74822728816024,115.10338461836402,115.55163066921827,119427800
2012-09-18,115.2999496459961,115.44936495534218,115.00899056946027,115.19772759168197,98326600
2012-09-19,115.36288452148438,115.73248709596882,115.13483774114293,115.43365641890367,128318300
2012-09-20,115.3707275390625,115.43362787723534,114.52142898211191,114.83597867018186,154009800
2012-09-21,115.3224868774414,115.95495650468816,115.27505376648499,115.93123994920995,108737500
2012-09-24,115.14859771728516,115.40949198218358,114.66634081490182,114.75330556986796,95682000
2012-09-25,113.92322540283203,115.61507566308607,113.89159526897971,115.39371297956583,133165200
2012-09-26,113.2828140258789,113.93109891360191,113.01401827098044,113.89948085087914,146502200
2012-09-27,114.35013580322266,114.61103012260631,113.45677150321448,113.75719745826747,111830300
2012-09-28,113.82038879394531,114.28683049705239,113.41719526363578,113.9152550214639,150696100
2012-10-01,114.12078094482422,115.1801603842239,113.85197327386675,114.25517874862699,135911200
2012-10-02,114.23942565917969,114.75330060323745,113.7097356521692,114.57146960103589,113422200
2012-10-03,114.70588684082031,114.97468263959856,113.94693257799229,114.54777237467785,121283100
2012-10-04,115.52811431884766,115.69413030473434,114.9826090956391,115.14072357950896,124311600
2012-10-05,115.5360107421875,116.34241025684682,115.18815165494775,116.14476414485708,124842100
2012-10-08,115.14068603515625,115.52016308537877,114.87979179332893,115.10906797403685,78415400
2012-10-09,114.00223541259766,115.14858005156728,113.96270379124894,115.0537138110161,148872900
2012-10-10,113.27491760253906,114.09713203048184,113.12470465531726,113.98643864759498,124247500
2012-10-11,113.33817291259766,114.23153708848366,113.3144563471635,114.06550906708473,123601500
2012-10-12,112.96663665771484,113.80465443062553,112.72155735394254,113.41727568467476,124181900
2012-10-15,113.90737915039062,114.02596196146753,112.87171572245846,113.23537771866638,107689100
2012-10-16,115.0616226196289,115.14068586734909,114.36591670579456,114.44496789015683,108815500
2012-10-17,115.5833969116211,115.67827520990808,114.9667422578596,115.14067173080323,128834100
2012-10-18,115.28298950195312,115.836396008484,114.89559891570296,115.28298950195312,148108500
2012-10-19,113.36185455322266,115.07742061679637,113.09305885220692,115.06951911853925,185645200
2012-10-22,113.37769317626953,113.58324074387865,112.48432908994637,113.17213354530179,125578600
2012-10-23,111.80442810058594,112.31040156028635,111.33798626779438,112.15228711600976,192056300
2012-10-24,111.4881820678711,112.34201441169675,111.3142525869053,112.20760448820383,120179400
2012-10-25,111.81230926513672,112.48431061029282,111.13241848473608,112.27876307645239,134457400
2012-10-26,111.74906921386719,112.13644770874458,110.99010315740196,111.7095375955403,146023500
2012-10-31,111.74906921386719,112.28666062037306,111.219367242328,112.1443612704237,103438500
2012-11-01,112.91914367675781,113.06144304353475,111.88348029624467,111.9862480400199,100995600
2012-11-02,111.91510009765625,113.62276490569084,111.79651729016405,113.59113478145437,137702200
2012-11-05,112.14442443847656,112.39740522422501,111.41707602896257,111.74913215926213,98378500
2012-11-06,113.02193450927734,113.46465977802622,112.3657481061821,112.4843309233974,107068100
2012-11-07,110.4604263305664,112.00996462029352,109.9386378589132,111.99416162177624,264304500
2012-11-08,109.13224792480469,111.00594085812227,109.04528317209072,110.4446207154487,181517300
2012-11-09,109.22713470458984,110.23908168911582,108.7448777773267,108.80021240787318,201055300
2012-11-12,109.3141098022461,109.74102007597749,109.06903056516317,109.56709054062301,97677500
2012-11-13,108.93457794189453,110.0888360369449,108.59463256895974,108.73693191669355,123018300
2012-11-14,107.464111328125,109.44057195341995,107.21903214072576,109.26665451668363,191505000
2012-11-15,107.28229522705078,107.9068636268609,106.87118798215702,107.50365788275664,178128400
2012-11-16,107.81196594238281,108.02542705897112,106.49169174599926,107.44039039487487,239483900
2012-11-19,109.99404907226562,110.00985208005379,107.84365780333236,109.02162124188096,151495800
2012-11-20,110.04142761230469,110.22325861854942,109.16387858097224,109.82006497947836,119807400
2012-11-21,110.24699401855469,110.34187235123305,109.9149500125824,110.13631268323059,81710800
2012-11-23,111.74906921386719,111.78858876883787,110.71339389246992,110.78455563080081,65409200
2012-11-26,111.51193237304688,111.75701160765725,110.83202930443713,111.19569137406523,100124400
2012-11-27,110.94271087646484,111.78072841468453,110.87156117530144,111.40125127845236,128646200
2012-11-28,111.83605194091797,111.8992880643869,109.89120940189885,110.492049081719,177086500
2012-11-29,112.35782623291016,112.66615359822514,111.7648880639692,112.25505848671044,151085900
2012-11-30,112.38155364990234,112.59501478908022,111.99417506265848,112.37365214969542,136568300
2012-12-03,111.82811737060547,112.99027695060089,111.74115263797465,112.89541071986032,124656300
2012-12-04,111.6700668334961,112.16022539047145,111.3696408465175,111.82027982698538,127512200
2012-12-05,111.8676528930664,112.38944130706643,110.97428897788663,111.76487309727226,147300500
2012-12-06,112.24717712402344,112.2946102610085,111.59890414629207,111.76492012573975,103220600
2012-12-07,112.58708953857422,112.80845213126247,112.00205293598007,112.6819557744816,108726400
2012-12-10,112.63453674316406,112.90333248742294,112.38154399796178,112.42898918520575,98840700
2012-12-11,113.40142822265625,113.93111832284988,113.04566765546478,113.10100229049606,152570400
2012-12-12,113.45671844482422,114.27893265413347,113.29860403945118,113.84410899184068,145880100
2012-12-13,112.76102447509766,113.70972307019309,112.47641369023331,113.38558066400037,135715000
2012-12-14,112.34203338623047,112.72151047090533,112.16810387588804,112.51596289657292,137701700
2012-12-17,113.66230010986328,113.72554829697083,112.60290805500975,112.63453818024263,143238200
2012-12-18,114.92720794677734,115.02998774111553,113.67808360824016,113.84411157883599,177762800
2012-12-19,114.07337188720703,115.09323210849578,114.03385233379049,115.05370049172349,150895400
2012-12-20,114.7296142578125,114.74542932493056,113.82834844586914,114.14458947142221,168487000
2012-12-21,113.68815612792969,114.72320730003013,113.01140077807165,113.19452138463137,245883800
2012-12-24,113.33785247802734,113.50504587133133,113.21045893623213,113.44134910043373,53874600
2012-12-26,112.8601303100586,113.62447939524789,112.54165861143105,113.56874016608396,106947700
2012-12-27,112.70885467529297,113.12287761246539,111.40310124167237,112.8919752989028,167920600
2012-12-28,111.49063110351562,112.59733617054673,111.36323762052658,111.9763081271141,148806700
2012-12-31,113.38560485839844,113.505028692684,111.10052758810998,111.1960788044534,243935200
2013-01-02,116.29170989990234,116.36336420767289,115.23277391682248,115.53533052596421,192059000
2013-01-03,116.02896118164062,116.53852315594156,115.7184470433778,116.23597870642635,144761800
2013-01-04,116.53850555419922,116.7295958215436,115.98117412725388,116.22003392420586,116817700
2013-01-07,116.22003936767578,116.33150565828566,115.79008928324158,116.12450030398574,110002500
2013-01-08,115.88563537597656,116.1722647032978,115.43180054567043,116.013028887878,121265100
2013-01-09,116.18026733398438,116.49875123734834,115.95733467608893,116.14045532744905,90745600
2013-01-10,117.10384368896484,117.11180123011043,116.22007066509329,116.8251718129381,130735400
2013-01-11,117.09591674804688,117.15960139168962,116.7296632280359,117.07201982052966,113917300
2013-01-14,117.01627349853516,117.09589751339064,116.5863232565859,116.95257671643456,89567200
2013-01-15,117.09591674804688,117.2073830978031,116.40322172199237,116.47487605778116,93172600
2013-01-16,117.0799789428711,117.26309961188424,116.7296526898582,116.85704626348468,104849500
2013-01-17,117.83635711669922,118.1707561317276,117.15958939531247,117.59749720627332,133833500
2013-01-18,118.09905242919922,118.22644594802249,117.38247299750435,117.8124230863042,169906000
2013-01-22,118.73597717285156,118.73597717285156,117.82035016059191,118.09902189234735,111797300
2013-01-23,118.9271240234375,119.03063280918637,118.52107071990646,118.7360458330316,104596100
2013-01-24,118.958984375,119.54020081444621,118.64050046036438,118.75196679325707,146426400
2013-01-25,119.62772369384766,119.62772369384764,118.92707157424478,119.33313684761151,147211600
2013-01-28,119.48442077636719,119.69142611746251,119.03854349345505,119.65957166565478,113357700
2013-01-29,119.95418548583984,120.105463778321,119.16595171660843,119.24557570704542,105694400
2013-01-30,119.48442077636719,120.17710324176372,119.37294234395385,119.93824344886065,137447700
2013-01-31,119.18984985351562,119.73126632160452,119.11023800306378,119.34112816296572,108975800
2013-02-01,120.416015625,120.55932427398203,119.73924794102295,119.94625337252558,131173000
2013-02-04,119.06246948242188,120.4398895005559,118.97488793299671,119.6835100185664,159073600
2013-02-05,120.26469421386719,120.60705062977084,119.6595810710947,119.70736275256202,113912400
2013-02-06,120.3523178100586,120.43192967583711,119.75517414658454,119.84275570318417,138762800
2013-02-07,120.19307708740234,120.5035912939425,119.31726155668984,120.39212496720805,162490000
2013-02-08,120.86185455322266,120.93350886206184,120.40006209250951,120.40006209250951,103133700
2013-02-11,120.83797454833984,120.94147117110526,120.53541792275587,120.81408977778499,73775000
2013-02-12,121.03703308105469,121.25996572518007,120.7105916561147,120.84594275083954,65392700
2013-02-13,121.14051818847656,121.50677158264996,120.79816171360987,121.28383895973286,82322600
2013-02-14,121.25198364257812,121.39530441282102,120.63892500834935,120.77427608924077,80834300
2013-02-15,121.10868835449219,121.49085686901957,120.66282306272392,121.36346331453775,215226500
2013-02-19,122.01631927490234,122.04020404248828,121.1484736555057,121.31566702860727,95105400
2013-02-20,120.49565124511719,121.96861077759172,120.43195445003987,121.92879876205322,160574800
2013-02-21,119.76306915283203,120.55926028839049,119.3809008094595,120.19301916942464,183257000
2013-02-22,120.93347930908203,120.93347930908203,119.8188165031457,120.34429345513658,106356600
2013-02-25,118.63253784179688,121.70583763023238,118.63253784179688,121.52271698022749,245824800
2013-02-26,119.44461822509766,119.58792682281612,118.41752467912318,119.20575841331885,186596200
2013-02-27,120.949462890625,121.28386188821815,119.23764374592498,119.34115253646063,150781900
2013-02-28,120.7105712890625,121.71376801836098,120.55133544854279,120.9414614354787,126866000
2013-03-01,121.10868835449219,121.291808995986,119.75516524764762,120.29656963081824,170634800
2013-03-04,121.75357818603516,121.75357818603514,120.63891517023217,120.829993316418,99010200
2013-03-05,122.84440612792969,123.17084762494042,122.32688640743606,122.34281364236651,121431900
2013-03-06,123.0115966796875,123.34599567881052,122.74089446357634,123.28229889579865,94469900
2013-03-07,123.23446655273438,123.39370235466731,123.02746122511284,123.17076980217861,86101400
2013-03-08,123.76001739501953,123.92721081836672,123.13898895332053,123.77594462783512,123477800
2013-03-11,124.22978210449219,124.23773964737615,123.51321447948197,123.66449283672024,83746800
2013-03-12,123.95108795166016,124.2854990755764,123.5768891204553,124.14217828690968,105755800
2013-03-13,124.12627410888672,124.30143724483538,123.59282715810507,124.01480776318489,92550900
2013-03-14,124.78712463378906,124.84286388556413,124.13425374208448,124.45272556990308,126329900
2013-03-15,124.62236022949219,124.79029727917684,124.20649576820725,124.63835830187531,138601100
2013-03-18,123.93457794189453,124.4703973884713,123.31878034384849,123.43074243413389,126704300
2013-03-19,123.64668273925781,124.36643734340095,122.8309519057297,124.19850029714586,167567300
2013-03-20,124.5103759765625,124.7183020687351,124.16648459775412,124.37442289287831,113759300
2013-03-21,123.44672393798828,124.4703806840626,123.23879785620633,123.76661209502988,128605000
2013-03-22,124.43841552734375,124.43841552734375,123.74263976621141,123.83861599016753,111163600
2013-03-25,123.91859436035156,124.97424750900697,123.43876200428879,124.76630917205446,151322300
2013-03-26,124.91026306152344,124.9422470029631,124.29446541296605,124.43041851925338,86856600
2013-03-27,124.91026306152344,124.95025214053823,123.95857911455845,124.16650524130021,99950600
2013-03-28,125.29410552978516,125.43806374395409,124.558352998897,124.83025915538698,102932800
2013-04-01,124.79827117919922,125.48604168407601,124.49436889475695,125.2301214018192,99194100
2013-04-02,125.41409301757812,125.72598829525813,125.0542035254486,125.24614377438748,101504300
2013-04-03,124.14250946044922,125.58203082894745,123.81462831222576,125.48606680536528,154167400
2013-04-04,124.64630889892578,124.89422402336486,124.03051145235318,124.30241757574122,131885000
2013-04-05,124.08649444580078,124.23844556937505,122.9748667874328,123.1188127763247,159666000
2013-04-08,124.9262924194336,124.93428535605679,123.75867691574182,124.17454147632532,86571200
2013-04-09,125.35807800292969,125.81393141672015,124.74228051872078,125.15814486416903,101922200
2013-04-10,126.89360046386719,127.0535445814515,125.6620173352186,125.69400127755388,135711100
2013-04-11,127.30938720703125,127.72525142122025,126.78955388855837,126.91751398568522,110142500
2013-04-12,126.99760437011719,127.18953248253614,126.29383541669489,126.90162811095041,116359900
2013-04-15,124.0544662475586,126.46166819848989,124.03848038822429,126.3576990980867,217259000
2013-04-16,125.88589477539062,125.94987483924736,124.68629603471327,124.99018608434592,147507800
2013-04-17,124.0465316772461,125.01421355185624,123.38275211420724,124.99021034567006,226834800
2013-04-18,123.27079772949219,124.28646167399741,122.79895836581473,124.2544655323856,167583200
2013-04-19,124.3424072265625,124.39839435967322,123.25477052494433,123.55867278366034,149687600
2013-04-22,124.89422607421875,125.19012320141461,123.75860736117134,124.58233087981101,106553500
2013-04-23,126.18182373046875,126.30177875362294,124.89425360248632,125.51804412879308,166141300
2013-04-24,126.26181030273438,126.59769659292185,125.98989189386072,126.22182122469825,96781200
2013-04-25,126.77361297607422,127.37341241569973,126.43772675423804,126.62965476502966,131060600
2013-04-26,126.54965209960938,126.83755623518908,126.14178078915221,126.62162508276748,95918800
2013-04-29,127.39747619628906,127.67737543957712,126.69370721347053,126.89364047422963,88572800
2013-04-30,127.7013168334961,127.73331297644111,126.84560915548911,127.37343568750448,116010700
2013-05-01,126.5816650390625,127.4853667112373,126.43771903975151,127.4213866438935,138874200
2013-05-02,127.75731658935547,127.86927869480543,126.78164158345393,126.90159662395237,96407600
2013-05-03,129.05287170410156,129.46074322199587,127.78129954315071,128.86893658594633,144202300
2013-05-06,129.3807373046875,129.56467238337746,129.09283308445714,129.14882022311764,66882100
2013-05-07,130.0364990234375,130.07647588289362,129.29274151214594,129.66062380214098,90359200
2013-05-08,130.6282501220703,130.66823917128258,129.82052502093856,129.8924979877539,97419200
2013-05-09,130.2604522705078,130.91622666944613,129.932558969563,130.57234750232203,106738600
2013-05-10,130.68431091308594,130.79627299223924,129.96454423028493,130.34842467562603,103203000
2013-05-13,130.78826904296875,131.00420027006368,130.21247277563478,130.5163628772649,81843200
2013-05-14,132.13983154296875,132.23580776565836,130.89225047457765,130.89225047457765,119000900
2013-05-15,132.8516082763672,133.11552156361978,131.88393842606172,131.9239275064856,120718500
2013-05-16,132.227783203125,133.0435138599081,132.02785005607674,132.57966749440206,109913600
2013-05-17,133.5074005126953,133.58736647387468,132.53971841967498,132.71566061840596,129801000
2013-05-20,133.49937438964844,134.01920796889678,133.2434662699645,133.37941936525795,85071200
2013-05-21,133.69131469726562,134.1951502058584,133.15549524980392,133.619341682596,95804200
2013-05-22,132.69964599609375,135.21081848245896,132.09185351451893,133.82727207380174,244031800
2013-05-23,132.31576538085938,132.68364777160195,131.1081734644002,131.2841156248051,211064400
2013-05-24,132.20382690429688,132.25981405758304,131.1401808184464,131.53205428258732,151573900
2013-05-28,132.9955596923828,134.1791607538039,132.6036862490888,133.58735412161664,143679800
2013-05-29,132.13180541992188,132.59565173706204,131.42803691075065,132.2917494802927,160363400
2013-05-30,132.6196746826172,133.22746713961686,132.13183724905412,132.23580640466753,107793800
2013-05-31,130.71630859375,133.00354462520377,130.4604004728982,132.25179392771892,176850100
2013-06-03,131.43606567382812,131.524036753289,130.08451554527082,131.0202012797447,168390700
2013-06-04,130.80426025390625,132.03585527414361,130.14048074093822,131.50802883689903,157631500
2013-06-05,128.97286987304688,130.6922899492729,128.86090780579892,130.4283767472705,211737800
2013-06-06,130.1404571533203,130.1484622876449,128.15712410966563,128.91686749063086,200225500
2013-06-07,131.7959747314453,131.915929776499,130.46841528572878,131.03623097254408,188337800
2013-06-10,131.7959747314453,132.2758071146149,131.45208326403343,132.20383408758266,105667100
2013-06-11,130.43643188476562,131.58803693094308,130.14852757248258,130.59637601315515,159505400
2013-06-12,129.35678100585938,131.46807511962973,129.2368259664792,131.33212200734746,177361500
2013-06-13,131.32403564453125,131.555952623325,128.9968119125789,129.28471600522192,163587800
2013-06-14,130.5003662109375,131.69197223644187,130.28444718447258,131.18014383545744,141197500
2013-06-17,131.50804138183594,132.13183188428442,130.53236655432377,131.38807416031767,136295600
2013-06-18,132.54766845703125,132.74760158129814,131.57199383437293,131.5799867662818,114695600
2013-06-19,130.71630859375,132.6676583524249,130.6603336497632,132.43574123656066,206149500
2013-06-20,127.4774169921875,130.73233569166766,127.14153064483062,129.4447652586553,321255900
2013-06-21,127.88658142089844,128.44130637183966,126.60023389207656,128.34483460080975,271956800
2013-06-24,126.27061462402344,127.37204164661485,125.20134077155377,126.55200699954916,222329000
2013-06-25,127.48463439941406,128.71469888828932,126.56006802529356,127.41226828372766,162262200
2013-06-26,128.7469024658203,129.03633023930115,128.03137439631593,128.52982856882784,134848000
2013-06-27,129.5026092529297,130.09754742735782,129.39808993738177,129.51869197859673,129483700
2013-06-28,128.97198486328125,129.7598666459823,128.5217667017378,129.14082280762247,160402900
2013-07-01,129.72764587402344,130.62808172797457,129.50253691053567,129.64724455812706,131954800
2013-07-02,129.6071319580078,130.48345038313806,129.03631172338933,129.53476582437617,154863700
2013-07-03,129.66336059570312,130.05730751680247,128.81116040528406,129.02018670580443,75216400
2013-07-05,131.06227111816406,131.11050701611987,129.67945146165982,130.6200882743652,122416900
2013-07-08,131.80992126464844,132.16366745700927,131.11047637272011,131.7375674346254,108092500
2013-07-09,132.75865173339844,132.9194421676885,132.06724182517976,132.63804970703805,119298000
2013-07-10,132.80685424804688,133.25707225787954,132.35663623821424,132.62998113453824,121410100
2013-07-11,134.61578369140625,134.75245614963012,132.79881653114654,134.35047400161113,135592200
2013-07-12,134.67205810546875,135.00972164595728,134.36656000742022,134.5755863131926,104212700
2013-07-15,135.18663024902344,135.37958615172826,134.80876594009638,135.04192252263869,69450600
2013-07-16,134.6800994873047,135.35542653763164,134.31831801516677,135.2750252027026,88702100
2013-07-17,135.02581787109375,135.45191801962366,134.8489447225504,135.19465579198445,92873900
2013-07-18,135.7654571533203,136.08705025689991,135.2268025057873,135.31523907583139,103620100
2013-07-19,136.00660705566406,136.0548429394749,135.31519743016472,135.48403529102146,103831700
2013-07-22,136.27194213867188,136.46489797747668,135.87799523476576,136.19958829944048,79428600
2013-07-23,135.98248291015625,136.53722008371116,135.91012908774078,136.513102142906,80829700
2013-07-24,135.4840545654297,136.56136368219617,135.21069740574822,136.50508029806394,112914000
2013-07-25,135.81369018554688,135.9342921971648,135.01777333947103,135.24288237346443,111088600
2013-07-26,135.9583740234375,135.99857468329597,134.68007400556382,135.24284644102528,107814600
2013-07-29,135.54029846191406,135.91816255299506,135.15439914650807,135.61265228339303,79695000
2013-07-30,135.54029846191406,136.09503562828905,135.2187177436621,135.95032798533109,85209600
2013-07-31,135.6367950439453,136.55331367005275,135.45992195228257,135.82170336067668,142388700
2013-08-01,137.2045135498047,137.32510325542384,136.5934929946186,136.6658590855085,110438400
2013-08-02,137.43768310546875,137.45376582502607,136.71412020315805,136.89902854174488,91116700
2013-08-05,137.2367401123047,137.44577873720027,136.9553598928663,137.13223306738183,54072700
2013-08-06,136.45689392089844,137.26890593360244,136.151395746612,136.9714307206453,87495000
2013-08-07,136.01467895507812,136.21567003683055,135.50818977097708,136.02272644956236,84854700
2013-08-08,136.5131378173828,136.8186359032555,135.8136805486922,136.65784550002965,102181300
2013-08-09,136.1191864013672,136.75432503426262,135.64485043390215,136.3362601856814,91757700
2013-08-12,135.9583740234375,136.11916439535233,135.37148364556475,135.43580224783452,68593300
2013-08-13,136.36041259765625,136.5935568934249,135.3956576988331,136.1996221591064,80806000
2013-08-14,135.6609344482422,136.51313460606136,135.62876900784082,136.29606081967611,79829200
2013-08-15,133.76356506347656,134.60771764394772,133.53040857994992,134.59164719285755,152931800
2013-08-16,133.32138061523438,133.96455440875224,133.05607096537628,133.50628894058283,130868200
2013-08-19,132.4691925048828,133.6269029841683,132.46114501119388,133.16863747465078,96437600
2013-08-20,133.12042236328125,133.6188763489708,132.54156703327664,132.68627473201641,89294400
2013-08-21,132.3003387451172,133.48216702866168,132.00287593480988,132.75055670693996,159530500
2013-08-22,133.50633239746094,133.69928827858018,132.56569547861167,132.57373070667023,101471400
2013-08-23,133.95654296875,134.12538088865324,133.27318059657745,133.90027184046428,90888900
2013-08-26,133.45802307128906,134.50317871751943,133.3695865412038,134.0931492291618,89702100
2013-08-27,131.3114776611328,133.45806065866063,131.21500588023912,132.13955982719153,158619400
2013-08-28,131.77783203125,132.24413294127928,131.08642202914115,131.25524771443813,108113000
2013-08-29,131.98680114746094,132.68624607535403,131.36774527899823,131.48834726942403,119200500
2013-08-30,131.56869506835938,132.2761872675871,131.18279580856074,132.26010455373657,134928900
2013-09-03,132.1636505126953,133.12036970096227,131.60891335193426,132.83897737470096,142375100
2013-09-04,133.25711059570312,133.4822196653829,131.95469208290945,132.19587160933474,97389400
2013-09-05,133.42588806152344,133.77962196247225,133.2409674850399,133.33745151940656,63090500
2013-09-06,133.4901885986328,134.24591678618012,132.23600661398754,133.86805269240645,159756500
2013-09-09,134.7685546875,134.84894376602566,133.81987032772204,133.81987032772204,87559300
2013-09-10,135.7654571533203,135.78957510264846,135.27503840444362,135.58054878596363,105847200
2013-09-11,136.19155883789062,136.19155883789062,135.34740606671312,135.5805503353905,94545900
2013-09-12,135.8297576904297,136.3201763740148,135.64484934769064,136.14330325747454,83209000
2013-09-13,136.13525390625,136.23977317359396,135.66091799179915,135.97446352631135,72727800
2013-09-16,136.92315673828125,137.6708499096654,136.70608294432822,137.6065312941415,106299200
2013-09-17,137.5341339111328,137.5662870749549,137.04371535710212,137.04371535710212,82523300
2013-09-18,139.12600708007812,139.50387123498155,137.1402145272946,137.48591324442916,203460600
2013-09-19,138.8928985595703,139.56823804322534,138.75622607065273,139.50391941299515,146616900
2013-09-20,137.9217987060547,139.22249094193668,137.80869556933962,139.22249094193668,132867100
2013-09-23,137.28359985351562,137.86527680130223,136.84734830633593,137.73602484526563,104616500
2013-09-24,136.9603729248047,137.76825574148015,136.70185683367154,137.25928562223427,106333100
2013-09-25,136.56454467773438,137.32395671337798,136.44336715175592,137.04927943628218,117306500
2013-09-26,137.08970642089844,137.47748691724405,136.57266164999774,136.7907935723945,77146900
2013-09-27,136.45957946777344,136.64538918643373,136.10410882176478,136.40302171621678,99141800
2013-09-30,135.7324676513672,136.16064481057333,135.03768752612916,135.30429049216104,143937000
2013-10-01,136.8069305419922,136.9361948053797,135.7001345641184,135.83747322122315,127160000
2013-10-02,136.67767333984375,136.8069376099095,135.58703842037713,136.00714113443115,113350000
2013-10-03,135.41737365722656,136.48378536383137,134.78722576780336,136.3625954913614,176698000
2013-10-04,136.44334411621094,136.58068273157215,135.3446228660063,135.52235809231254,96878000
2013-10-07,135.263916015625,136.08796056129313,135.11850291614857,135.2558416192061,96295000
2013-10-08,133.6885223388672,135.41739207294205,133.591580289563,135.2396567643373,178015000
2013-10-09,133.78546142578125,134.27018394422615,132.9210204938764,133.94703559859622,168973000
2013-10-10,136.66958618164062,136.74229270401756,135.10229095359685,135.1507619685148,195955000
2013-10-11,137.55015563964844,137.59863897476947,136.34641785477726,136.45952098209366,105040000
2013-10-14,138.09942626953125,138.21252931804185,136.59676443800018,136.70179309994137,112106000
2013-10-15,137.09771728515625,138.26914495309592,136.911907681161,137.75210042179015,155485000
2013-10-16,139.01248168945312,139.08518822598256,137.857202190652,137.92183433222945,161676000
2013-10-17,139.9414825439453,140.02227576811572,138.42265868621178,138.44689418799985,129389000
2013-10-18,140.88673400878906,140.98367603652412,140.17579293255093,140.4585569498687,138316000
2013-10-21,140.89479064941406,141.17755463110387,140.57971677165617,140.93518726498635,104104000
2013-10-22,141.71078491210938,142.13087527032556,140.91905055719442,141.30684334106567,126663000
2013-10-23,141.03211975097656,141.2906358614057,140.53931070292805,141.2260037519698,105484000
2013-10-24,141.50071716308594,141.6784524276652,140.98367248266928,141.31490750550492,70350000
2013-10-25,142.14703369140625,142.18743031320886,141.51688583870362,141.79156314325232,93625000
2013-10-28,142.37322998046875,142.5671263551112,141.94505293953605,142.0985526952133,84979000
2013-10-29,143.13262939453125,143.18918712154974,142.49440724960357,142.69637799927028,87401000
2013-10-30,142.42169189453125,143.4073101631979,141.9127339754973,143.30229375337763,140002000
2013-10-31,142.01779174804688,142.90646825807087,141.807746539914,142.30863021248018,133795000
2013-11-01,142.35708618164062,142.68023449004755,141.55727747645452,142.20358642058613,142805000
2013-11-04,142.85794067382812,142.91448606899442,142.1712352491206,142.74483755618027,85677000
2013-11-05,142.40550231933594,142.793282605457,141.83998683388586,142.3004736122834,85825000
2013-11-06,143.13262939453125,143.39923226336927,142.6236591606299,143.01952626781053,87348000
2013-11-07,141.3229522705078,143.51232039211084,141.18561365436517,143.39921727721014,157000000
2013-11-08,143.22955322265625,143.24571433222604,141.25832931115644,141.27447809341152,136713000
2013-11-11,143.2538604736328,143.42350904888588,142.92262539028374,143.0922739655368,62614000
2013-11-12,142.96299743652344,143.28614574251432,142.486337043308,142.94683632302858,83990000
2013-11-13,144.1101837158203,144.15056800683436,142.26012461117855,142.26012461117855,103844000
2013-11-14,144.8291778564453,144.95035536631082,144.00513380741378,144.23941443559224,103435000
2013-11-15,145.45928955078125,145.515834932281,144.8776129928027,145.06342257103375,102818000
2013-11-18,144.9503631591797,145.82287825906587,144.6272148972882,145.70170074268557,104796000
2013-11-19,144.6353302001953,145.3139491385082,144.38488837729315,144.87769762882692,93891000
2013-11-20,144.1829071044922,145.36240960295723,143.78703992223,144.92615812495532,124909000
2013-11-21,145.34620666503906,145.45930977107332,144.49792720612504,144.58679481281726,92841000
2013-11-22,146.07334899902344,146.08951011351994,145.23315595498178,145.40280451158054,81296000
2013-11-25,145.92788696289062,146.36413828930029,145.7178295269071,146.33182839847206,79486000
2013-11-26,145.96827697753906,146.40454064839741,145.7501574694247,146.00059919695107,86994000
2013-11-27,146.32379150390625,146.42074586403274,145.94408543898368,146.12182071734398,58800000
2013-11-29,146.22679138183594,146.83270350082145,146.06521728223586,146.48531980304696,55870900
2013-12-02,145.8470916748047,146.5741813176058,145.62088546027482,146.2995041038644,99726000
2013-12-03,145.2169647216797,145.73400933246396,144.7483911170133,145.37046445926367,116563000
2013-12-04,145.20079040527344,145.80670258127464,144.08592038400533,144.6918325600065,123033000
2013-12-05,144.56263732910156,145.20894642408052,144.42529864960815,144.94234346012718,106934000
2013-12-06,146.17837524414062,146.31571389670836,145.54014066932314,145.96024334779506,127728000
2013-12-09,146.550048828125,146.7681808052161,146.35616469499763,146.60660658516903,70124000
2013-12-10,146.02487182617188,146.5176810153308,145.93600419116558,146.21068148943306,80976000
2013-12-11,144.38485717773438,146.1056519891275,144.20712192363195,146.08141648423324,130591000
2013-12-12,143.908203125,144.49795426495075,143.60927803161428,144.32021901828347,115565000
2013-12-13,143.89199829101562,144.33633627266957,143.61732111228866,144.20707207304068,107808000
2013-12-16,144.78878784179688,145.26543583874164,144.53025937254935,144.57065598678378,96195000
2013-12-17,144.32830810546875,144.94230713913146,144.0051598026171,144.91807163278347,89886000
2013-12-18,146.79237365722656,146.81660916682353,143.25385365555826,144.54645936756685,234906000
2013-12-19,146.6226806640625,146.79232917983856,145.99253295083477,146.37222659524824,136531200
2013-12-20,147.4755401611328,147.82482223470114,146.67140187884635,146.76887018112595,197087000
2013-12-23,148.26348876953125,148.35283887289273,147.88985189674239,148.19850574942802,85598000
2013-12-24,148.58840942382812,148.65339245178066,148.26350667831065,148.27162490896274,45368800
2013-12-26,149.3438262939453,149.42505817745555,148.90520634802775,148.92144280933357,63365000
2013-12-27,149.33563232421875,149.60367013652126,149.1812992603701,149.53869953575875,61814000
2013-12-30,149.31134033203125,149.47379170410463,149.11639124899608,149.35194387936568,56857000
2013-12-31,150.01797485351562,150.01797485351562,149.40064243486384,149.51437200187212,86119900
2014-01-02,148.58026123046875,149.51437812538663,148.22286084592577,149.44126448728082,119636900
2014-01-03,148.5558624267578,149.13257881398144,148.34467696927993,148.8320308852074,81390600
2014-01-06,148.12542724609375,149.1001479088348,147.89799283792902,149.04329550391648,108028200
2014-01-07,149.03517150878906,149.2869730151556,148.60466976030824,148.71838696944945,86144200
2014-01-08,149.06764221191406,149.31944367265518,148.55590866637957,149.01077742052402,96582300
2014-01-09,149.16510009765625,149.56311642677383,148.48279701423454,149.54686757405145,90683400
2014-01-10,149.5712432861328,149.63622630652858,148.65337516512767,149.4169101619733,102026400
2014-01-13,147.5811309814453,149.60367250813349,147.2968319230868,149.1894198519509,149892000
2014-01-14,149.18948364257812,149.27071552091067,147.79237961612046,148.06854817166,105016100
2014-01-15,149.99362182617188,150.22105619301232,149.221968624803,149.538753092491,98525800
2014-01-16,149.79867553710938,149.99362459553348,149.3194397120076,149.6849583515896,72290600
2014-01-17,149.16510009765625,149.823036099116,148.9051804253141,149.53874934481183,107848700
2014-01-21,149.60369873046875,150.08294686092412,148.68584318695952,150.02608208158955,88621200
2014-01-22,149.7012176513672,149.920533808118,149.3844331557247,149.85555078410871,61270900
2014-01-23,148.47463989257812,148.9701244611148,147.686750392683,148.9457573835016,132496900
2014-01-24,145.30686950683594,147.55685916933882,145.2581353269094,147.50812498941232,208677100
2014-01-27,144.5919952392578,145.8185293192535,143.86907634997013,145.44488013867925,180843100
2014-01-28,145.45303344726562,145.6398518695707,144.68136788813914,144.69761674050045,110463200
2014-01-29,144.05593872070312,145.03065922192548,143.6741712286358,144.24275715482852,216597300
2014-01-30,145.5829620361328,146.054079519613,144.79506015444503,145.2580594102627,118938100
2014-01-31,144.73011779785156,145.6317370912376,143.70666308410694,143.77976433632207,194677900
2014-02-03,141.47286987304688,144.8843967029978,141.19670142742828,144.55949410747468,254837100
2014-02-04,142.4638214111328,142.82933988478024,141.42411836001926,142.1064211633929,165012400
2014-02-05,142.28515625,142.6019406575674,141.09925047571838,141.9683718424326,164230500
2014-02-06,144.16152954101562,144.16152954101562,142.3258056695776,142.6182230680074,132877600
2014-02-07,145.9485321044922,146.10286524423998,144.3646095543743,144.83572720414566,170787200
2014-02-10,146.216552734375,146.26529929037392,145.56674738530018,145.96475130247214,92218800
2014-02-11,147.8166961669922,148.19034532764107,146.24089246231512,146.33837316183758,117814100
2014-02-12,147.88983154296875,148.50715155762336,147.59741418987088,148.03603402239665,94717700
2014-02-13,148.65338134765625,148.8077144782345,146.88264044664004,146.8907586766857,100542200
2014-02-14,149.4737548828125,149.74992338673053,148.37718670151617,148.51527095347518,96498400
2014-02-18,149.65245056152344,149.85551781904024,149.17320241415996,149.6037040085563,80460900
2014-02-19,148.66148376464844,150.2291570688705,148.53963597161686,149.2625549243331,126524300
2014-02-20,149.53875732421875,149.8799088841335,148.32035358413302,148.86457243406207,104998100
2014-02-21,149.3682098388672,150.1804791864915,149.29510857220018,149.82307869045735,118116400
2014-02-24,150.1967010498047,151.20390692752142,149.619984463173,149.68496748661352,114063900
2014-02-25,150.13983154296875,150.74903342507324,149.64434684975402,150.31853175325892,117085000
2014-02-26,150.14796447753906,150.757166369018,149.72558102905862,150.35915000465718,98677200
2014-02-27,150.93585205078125,150.97645559090873,149.7580519252521,149.92863389191095,93880800
2014-02-28,151.31761169433594,152.01616364615327,150.31040589932724,150.91147712686637,150842000
2014-03-03,150.2535400390625,150.63530752130063,149.2544524806009,149.9854897391351,167748500
2014-03-04,152.36544799804688,152.69035069897134,151.69126311909721,151.72374843149225,167545900
2014-03-05,152.50352478027344,152.76345684364955,152.25984156941908,152.49540655113404,88376900
2014-03-06,152.8528289794922,153.20211121905496,152.5279262213254,152.87720846088817,82516500
2014-03-07,152.917724609375,153.4863227025515,152.24353999697774,153.4863227025515,114513500
2014-03-10,152.83657836914062,152.89343076914625,151.95932613020454,152.68224523531234,74939200
2014-03-11,152.0811004638672,153.28326734222858,151.73183079118408,153.06395127203243,99009100
2014-03-12,152.12171936035156,152.17858413287072,151.00078430659545,151.34194815323067,104824400
2014-03-13,150.416015625,152.69850265687893,149.99364453363575,152.57665483132573,155014300
2014-03-14,149.99362182617188,150.91960814666322,149.81492162447677,150.14795494529434,153919600
2014-03-17,151.35008239746094,151.70748273614768,150.68401587640997,150.7489988829204,98359500
2014-03-18,152.43043518066406,152.63350247284944,151.49631820006488,151.65878194920833,101804600
2014-03-19,151.6181640625,152.65786759358178,150.65156178104652,152.44666968010833,176267300
2014-03-20,152.50352478027344,152.61724195943975,151.01707082772913,151.2851211202446,117241000
2014-03-21,151.91197204589844,154.21268569158678,151.77327839653253,153.1439192266947,163128000
2014-03-24,151.28384399414062,152.62185688322126,150.6230040592322,152.43420144695403,121411000
2014-03-25,152.00180053710938,152.51579268884322,151.15331761021235,152.0507497993797,103852000
2014-03-26,150.90850830078125,152.84207820646643,150.86771311290505,152.59731952815278,119843000
2014-03-27,150.5903778076172,151.21042255125573,150.0355904484056,150.72907153518312,142383000
2014-03-28,151.33277893066406,152.0915172553353,150.93300594680622,151.02275039424595,101642000
2014-03-31,152.57286071777344,152.8094653626108,151.35724615610448,152.29547332977668,99745000
2014-04-01,153.58456420898438,153.67430867540438,152.56474638555153,153.07057204231086,89193000
2014-04-02,154.09852600097656,154.30248952545946,153.49478948688682,153.7803434007411,78774000
2014-04-03,153.89453125,154.37588208236255,153.4213344753418,154.33508689595453,77435000
2014-04-04,152.07521057128906,154.76753179132442,151.8304642822421,154.73490310243366,169381000
2014-04-07,150.3945770263672,151.96101577132976,150.08456086104917,151.70810293293272,140803000
2014-04-08,151.0146026611328,151.2593489380888,149.78265497204,150.32927573881827,112660000
2014-04-09,152.63816833496094,152.68711759802994,150.98198520673813,151.4225534722548,100254000
2014-04-10,149.4317626953125,152.70333146346152,149.2441073860797,152.62990762016477,172959000
2014-04-11,148.08567810058594,149.64396247080236,147.92250976498568,148.5996701842255,167251000
2014-04-14,149.2523193359375,149.60313054891085,148.0285384459399,149.24415282934734,132382000
2014-04-15,150.28036499023438,150.3864300367233,148.08571485225016,149.56242164562607,157093000
2014-04-16,151.85491943359375,151.8630734925339,150.64744646742048,151.31645276886337,105197000
2014-04-17,152.06703186035156,152.4912794408375,151.3898715228847,151.65095078747436,105255000
2014-04-21,152.59732055664062,152.64628225178816,151.92017271889466,152.10781564565764,68329000
2014-04-22,153.29080200195312,153.70688304524137,152.67075746606295,152.75233539373755,85790000
2014-04-23,152.9318084716797,153.3152607940922,152.809435368332,153.2336828748412,73869000
2014-04-24,153.24183654785156,153.69871273112716,152.50756058277952,153.68239216774094,88170000
2014-04-25,151.9854736328125,152.83396897329675,151.6428163622525,152.74422451322528,100380000
2014-04-28,152.4668731689453,153.12771323640308,150.90043422598424,152.60556692208274,135121000
2014-04-29,153.17657470703125,153.41316686819164,152.62995407012565,152.95629066116265,84098000
2014-04-30,153.6334686279297,153.78848288367536,152.71154960098602,152.92367961366725,101508000
2014-05-01,153.64979553222656,154.06587661827783,153.16027812009398,153.5600510883004,93019000
2014-05-02,153.42950439453125,154.31062822647365,153.20106626576222,153.63346789871392,98122000
2014-05-05,153.72325134277344,153.82931637552252,152.25471125025618,152.67895893230505,75883000
2014-05-06,152.38519287109375,153.4866006331982,152.35256419210924,153.3805356408487,85454000
2014-05-07,153.2826385498047,153.35606241489506,151.75698325336168,152.89918621129777,106500000
2014-05-08,153.11949157714844,154.23722015990333,152.62998658630917,153.14397865318875,93618000
2014-05-09,153.34796142578125,153.41321880692746,152.42604219301452,153.1439978750946,83679000
2014-05-12,154.8408660888672,154.91430238203841,153.3804934637404,154.03317890443782,86940000
2014-05-13,154.97964477539062,155.35493067657038,154.8246305100987,155.04490214598653,66454000
2014-05-14,154.24537658691406,154.91438293495946,154.02509249073498,154.84094660360256,72367000
2014-05-15,152.89108276367188,153.96801635827626,152.1404983411967,153.93537521658934,154956000
2014-05-16,153.4213104248047,153.48658022303712,152.3362233709553,152.98074239897113,97458000
2014-05-19,153.9842987060547,154.1066718346343,152.9889557637906,153.1276494591625,63839000
2014-05-20,153.01344299316406,153.9271956256772,152.62183650050784,153.9108750575406,111644000
2014-05-21,154.30247497558594,154.37589884972937,153.42950519762152,153.453979822336,89093000
2014-05-22,154.67774963378906,154.99593218094128,154.08217972736432,154.34324652169624,61549000
2014-05-23,155.2978515625,155.4039041429516,154.67779440471932,154.81648812449995,61092800
2014-05-27,156.25238037109375,156.30132962515387,155.78733755963145,155.8770820083902,72010000
2014-05-28,156.1381378173828,156.49711555843962,155.8770585697256,156.2523568759969,66723000
2014-05-29,156.9458465576172,156.97032118428427,156.09736378561877,156.4971367694236,64377000
2014-05-30,157.19876098632812,157.296671942972,156.66846080436812,156.79900044726293,76316000
2014-06-02,157.3782501220703,157.4516864519011,156.61951178836495,157.4190453166551,64656000
2014-06-03,157.29669189453125,157.37826984497872,156.84796959575527,156.994817375929,65047000
2014-06-04,157.61483764648438,157.70458208523624,156.86425345371615,157.02742176537112,55529000
2014-06-05,158.64283752441406,158.80600586518707,157.21509275699387,157.79435468302648,92103000
2014-06-06,159.40158081054688,159.4423635570988,158.91206336246546,158.98548724499392,78696000
2014-06-09,159.56471252441406,159.94816486599038,159.23020942662316,159.37706960692236,65119000
2014-06-10,159.5811004638672,159.61372915718565,159.0263130858675,159.36897038597837,57129000
2014-06-11,159.02618408203125,159.1893523141561,158.6672065019937,159.00986352413733,68772000
2014-06-12,157.90040588378906,158.9283900747133,157.54959457662665,158.838645620727,106350000
2014-06-13,158.38172912597656,158.53674336618246,157.70456886288625,158.21039432129027,82017000
2014-06-16,158.5122833251953,158.84678648489708,157.99830372137666,158.1859466735979,87424000
2014-06-17,158.95286560058594,159.0670846836728,158.12069088155525,158.2920257306587,84834000
2014-06-18,160.11949157714844,160.20923600951187,158.60200273378507,158.952826405367,105267000
2014-06-19,160.29901123046875,160.3969221884531,159.74423641398897,160.25821603538742,85929000
2014-06-20,160.62442016601562,160.75558529376153,160.4276724743968,160.69819585964953,100587000
2014-06-23,160.57530212402344,160.71466043859596,160.2801867200463,160.6654766226998,70611000
2014-06-24,159.60791015625,161.08348658084702,159.4275612316551,160.28831518838626,96237000
2014-06-25,160.329345703125,160.49329590025198,159.2390587547633,159.27184379074941,82782000
2014-06-26,160.214599609375,160.37035669438544,159.14071129727125,160.35395792001597,84312000
2014-06-27,160.52609252929688,160.57527633729464,159.76370597953726,159.8374816915339,71445100
2014-06-30,160.44406127929688,160.81295223315422,160.2883042633452,160.42766251219822,70201200
2014-07-01,161.51795959472656,162.00982257084516,160.78017763914377,160.8375545648204,90470000
2014-07-02,161.68199157714844,161.8869325028184,161.46066438361788,161.53444011479473,52475000
2014-07-03,162.47714233398438,162.55091805560969,162.01807672129377,162.14103625733597,52938800
2014-07-07,161.9114990234375,162.29678890396684,161.6737730907234,162.16563623864153,61696000
2014-07-08,160.8704071044922,161.67377189880963,160.47691158561886,161.61638244491584,108143000
2014-07-09,161.59181213378906,161.73937610023694,160.92780555627624,161.27210479985322,72992000
2014-07-10,160.95236206054688,161.3786425815576,159.90306578467295,160.03423094630676,99040000
2014-07-11,161.1736297607422,161.2883960987915,160.4932248606666,160.85392263984815,64243000
2014-07-14,161.98529052734375,162.19842455783194,161.85412535076654,161.99348366015494,58658000
2014-07-15,161.68199157714844,162.3951945043289,160.9688011585694,162.08368029455812,111307000
2014-07-16,162.2803192138672,162.52623815280518,161.83764010659274,162.4032786833362,79986400
2014-07-17,160.4359130859375,162.39514726507522,160.20636780804645,161.78032466691153,145398000
2014-07-18,162.07545471191406,162.23940491790572,160.87040130954716,160.9605757991324,124330000
2014-07-21,161.77212524414062,161.90329040552007,161.02613746096807,161.5671843702096,67592000
2014-07-22,162.47714233398438,162.77225772908545,162.20661884609174,162.32138524926438,67678000
2014-07-23,162.83782958984375,163.00998543756074,162.3951627806556,162.72306319423208,65612000
2014-07-24,162.8460235595703,163.18212961580392,162.682073351939,162.99358750245784,56888000
2014-07-25,162.08364868164062,162.52631549096506,161.76394140029547,162.3869571897222,76837000
2014-07-28,162.149169921875,162.38689575556495,161.18184280286715,162.11637238775583,69259000
2014-07-29,161.4524383544922,162.68208375324477,161.42784644720513,162.45255094616562,80466000
2014-07-30,161.4769744873047,162.2393608756734,160.8047750726376,162.02621440800695,104222000
2014-07-31,158.28807067871094,160.49323565176377,158.18970309908119,160.35387741109045,183479000
2014-08-01,157.80445861816406,158.83735602602434,157.04208464039513,157.85364242207208,189261000
2014-08-04,158.94390869140625,159.28001465271728,157.43554719342885,158.10774660745543,91340000
2014-08-05,157.40281677246094,158.7062505060073,156.82898470883092,158.2963686736143,152690000
2014-08-06,157.45196533203125,158.12416482875244,156.64039504700978,156.66498694880465,94818000
2014-08-07,156.59942626953125,158.32093468744736,156.2059432772014,158.16517761523795,135733000
2014-08-08,158.41110229492188,158.5176630434372,156.53383688634324,156.9519242743437,117014000
2014-08-11,158.87014770507812,159.5751447218043,158.79637200193852,159.0095059805407,74544000
2014-08-12,158.64883422851562,159.15708361201993,158.16517675011,158.714416811645,73632000
2014-08-13,159.7227325439453,159.90308153180285,159.00134910111464,159.27186007430146,69047000
2014-08-14,160.4768829345703,160.4768829345703,159.83746846630947,159.9850323866912,57371000
2014-08-15,160.44406127929688,161.20643508336244,159.28819211642883,161.05888370525722,139951000
2014-08-18,161.78851318359375,161.86228889120554,161.2392731792658,161.32944765810157,75424000
2014-08-19,162.6328582763672,162.7558177813035,161.8540855583785,162.1819859106064,59135000
2014-08-20,163.06736755371094,163.26411531325724,162.37876915819797,162.411554197156,72763000
2014-08-21,163.5427703857422,163.75590433026863,163.07549932337176,163.2066644470471,67791000
2014-08-22,163.2886962890625,163.6985780458969,162.91980520963125,163.41165581267342,76107000
2014-08-25,164.1166229248047,164.4363301363307,163.25586889112813,164.06743912435397,63855000
2014-08-26,164.2232208251953,164.62490943685572,164.18223014913232,164.2232208251953,47298000
2014-08-27,164.15765380859375,164.41998415338935,163.9035291049476,164.3052052460918,47874000
2014-08-28,164.06747436523438,164.17404762816653,163.45265171034686,163.6166019165971,58330000
2014-08-29,164.53477478027344,164.5511610477866,163.8051856007008,164.3216282165908,65907000
2014-09-02,164.45274353027344,164.77245077023,163.83792095277258,164.74785886781774,72426000
2014-09-03,164.3625946044922,165.1085824498981,164.1330618072287,165.08399054366268,57462000
2014-09-04,164.12484741210938,165.24791934669594,163.6739750085389,164.64128988474678,85236000
2014-09-05,164.8626251220703,164.9282076979851,163.46902978252413,164.09204549081844,102177000
2014-09-08,164.4363555908203,164.94461746088058,163.95269813339038,164.70687904377218,64146000
2014-09-09,163.395263671875,164.40356925501504,163.05915764129563,164.28880286757308,88591000
2014-09-10,164.0100860595703,164.11664680652117,162.9443910298751,163.48542542215895,67251000
2014-09-11,164.19857788085938,164.22316977713328,163.23125076257418,163.35422275253785,66774400
2014-09-12,163.239501953125,164.05105977382078,162.77223077633846,164.03467351079502,117409300
2014-09-15,163.11654663085938,163.39527574260777,162.62469600917206,163.26411057338487,76401000
2014-09-16,164.34622192382812,164.64133735410755,162.7230933115919,162.8132678183051,116201000
2014-09-17,164.56747436523438,165.32984819253943,163.74771110563174,164.58387313283293,151266000
2014-09-18,165.44467163085938,165.46926353458537,164.85444092423927,165.06757492606397,94990000
2014-09-19,165.295654296875,166.2839666223859,164.95797704414457,165.9710088023358,121649000
2014-09-22,164.01902770996094,165.03205915476718,163.67311913139386,165.00735229680302,125553000
2014-09-23,163.08004760742188,164.10954139644494,163.03063391627882,163.42595601248607,111393000
2014-09-24,164.35670471191406,164.46377614104279,162.6765755365027,163.10483611887923,107276000
2014-09-25,161.7046661376953,163.93661448785548,161.6470210129948,163.9283704935665,150300000
2014-09-26,162.9895477294922,163.39311405682392,161.77062988354547,162.00123562285782,103547000
2014-09-29,162.6930389404297,162.98130237347627,161.46588976830785,161.58942405843112,95112000
2014-09-30,162.26473999023438,163.31894090692504,161.92706292097992,162.81654730076258,131302000
2014-10-01,160.06578063964844,162.0588801194212,159.7033966311317,162.00122240576206,177798000
2014-10-02,160.0904541015625,160.65049285820925,158.41855669318875,159.9257249923684,157285000
2014-10-03,161.85293579101562,162.19884427459374,160.66695666613884,161.16110625679372,121569000
2014-10-06,161.66351318359375,162.74243356475108,161.0787675680037,162.52829074743636,104778000
2014-10-07,159.1680145263672,161.19406438405736,159.13507624566202,160.83168046096915,147913000
2014-10-08,161.95181274414062,162.18241847041213,158.42682513733976,159.2586520380284,186461000
2014-10-09,158.73977661132812,161.9188552516913,158.60799833563883,161.6964809823491,210705000
2014-10-10,156.92787170410156,159.4892540593955,156.88670198520697,158.69860946399393,221909000
2014-10-13,154.35000610351562,157.43024464053445,154.25941011318756,156.8619744107322,230939000
2014-10-14,154.5889129638672,156.33494442269938,154.0453367766721,155.18190288315762,215847000
2014-10-15,153.5428924560547,154.58063075749524,149.82848153106588,152.49693529139552,380715000
2014-10-16,153.4110565185547,154.4899640446781,150.62730117299904,150.76731082622248,270391000
2014-10-17,155.22303771972656,156.2772389056614,154.52297655023838,155.18185543321502,214625000
2014-10-20,156.73019409179688,156.8537283646901,154.89358002140185,154.94299373055915,130011000
2014-10-21,159.83514404296875,159.9422028851172,157.70202268982396,157.86673923449354,154949000
2014-10-22,158.6985321044922,160.52691411981183,158.6326429924823,160.11511659504728,151822000
2014-10-23,160.54339599609375,161.58936535171543,159.99158875557046,160.2880835112166,154944000
2014-10-24,161.77882385253906,161.8282501284352,160.18105947644995,160.80698740006008,117927000
2014-10-27,161.5564727783203,161.795309909042,160.6258059773351,161.2023202299979,82954000
2014-10-28,163.40956115722656,163.41779258682135,162.02591439415147,162.10004752877677,106736000
2014-10-29,163.1624755859375,163.99430236679584,162.08356768621928,163.524859551323,142557000
2014-10-30,164.20848083496094,164.67792375230465,162.57775263685213,162.72600636716678,113330000
2014-10-31,166.08621215820312,166.21799040717963,165.35321292798642,166.18503956140273,146903000
2014-11-03,166.17686462402344,166.73690352195615,165.79800517119207,166.30039892001747,93600000
2014-11-04,165.60031127929688,166.0368157783875,164.76847199203345,165.7320769749543,93343000
2014-11-05,166.64630126953125,166.85220013318357,165.91330181761182,166.81101784703924,91709000
2014-11-06,167.3134002685547,167.40399626512124,166.06977574029457,166.68747228950224,107089000
2014-11-07,167.4699249267578,167.68406782394308,166.86870366242437,167.32991518394434,89540000
2014-11-10,167.99696350097656,168.0463772075769,167.29691504569357,167.50281386790624,66319000
2014-11-11,168.1617431640625,168.26881461326323,167.725238502497,168.06291571376738,54499400
2014-11-12,167.98049926757812,168.2111049412021,167.4451547939701,167.4781056428116,90120300
2014-11-13,168.1699981689453,168.69709888346824,167.36287794887915,168.14529130475458,85357900
2014-11-14,168.21116638183594,168.41706527756853,167.7828931599322,168.09586350290854,80417500
2014-11-17,168.31814575195312,168.49110627217684,167.72515620699372,167.88988529942216,80441000
2014-11-18,169.29000854492188,169.59473477026998,168.37581730181122,168.37581730181122,76068100
2014-11-19,169.01824951171875,169.29003750260048,168.2605432494432,169.09237008184962,82373000
2014-11-20,169.31472778320312,169.421799196511,168.1616867923099,168.22757592610955,72840300
2014-11-21,170.220703125,171.17607687180276,169.64418881816016,171.0113602937156,142327300
2014-11-24,170.6984100341797,170.80548147768513,170.41015913046093,170.62428945040094,65880800
2014-11-25,170.57484436035156,171.13488320200935,170.31953179623883,170.92898435132895,79108300
2014-11-26,171.01138305664062,171.11021050323376,170.50898925800718,170.72311958131596,62167800
2014-11-28,170.64894104003906,171.20074837456252,170.41010393619658,170.88779071094828,57890100
2014-12-01,169.46295166015625,170.10535494048185,169.14999401529636,169.99005210983535,103968400
2014-12-02,170.55841064453125,170.76430954556537,169.47950241384387,169.50420927660224,74507200
2014-12-03,171.21726989746094,171.43140020569837,170.5666349747321,170.7313515631509,68952000
2014-12-04,171.02781677246094,171.5302104485588,170.23715969134693,170.92897678290421,91316600
2014-12-05,171.307861328125,171.69495221245316,170.93724587231947,171.20078989333257,91025500
2014-12-08,170.1630401611328,171.4066646476086,169.60298877379267,170.91251496508642,108588200
2014-12-09,170.04771423339844,170.15478563859406,167.9393123798206,168.31815916163137,125180100
2014-12-10,167.3216552734375,169.64418791638042,167.13221927092832,169.58654276953754,159856400
2014-12-11,168.1699981689453,169.81718947271352,167.7746757748212,167.9146855275928,159012800
2014-12-12,165.45208740234375,167.86522857588625,165.41914911426142,166.89337942202513,202330200
2014-12-15,164.3154754638672,166.80273651141,163.71425448065943,166.3497566334868,189965800
2014-12-16,162.997802734375,166.69573881117597,162.95662044234467,163.5496102597823,259543800
2014-12-17,166.1933135986328,166.64629359121042,163.31072964031722,163.4342764930577,253910100
2014-12-18,170.3030548095703,175.40111231645395,167.9475714766781,168.622925732917,257633900
2014-12-19,171.0276641845703,171.69845629950134,170.27405292411032,170.95312189902327,245084600
2014-12-22,171.81442260742188,171.81442260742188,170.9780047060016,171.21816004761135,148318900
2014-12-23,172.0462646484375,172.4437687253102,171.75641029120996,172.39408229525446,122167900
2014-12-24,172.06285095214844,172.5348847288303,172.02144137682555,172.26988619233464,42963400
2014-12-26,172.61773681640625,172.95727770784168,172.46038798201272,172.5100744273095,57326700
2014-12-29,172.84959411621094,173.0566293705053,172.36927080987647,172.43552360762217,79643900
2014-12-30,171.9220733642578,172.55973282382527,171.84753107199853,172.4272398700469,73540800
2014-12-31,170.21607971191406,172.4106607391859,170.0918636280654,172.24503508191177,130333800
2015-01-02,170.125,171.3258145622169,169.08982374735015,170.91174406115695,121465900
2015-01-05,167.05259704589844,169.2471655561333,166.7461889314505,169.0815398898487,169632600
2015-01-06,165.4791259765625,167.8807296085199,164.68410512720072,167.3589967812379,209151400
2015-01-07,167.5412139892578,167.88075485287703,166.3569783519322,166.80416895939857,125346700
2015-01-08,170.51419067382812,170.7295153754652,168.93245130305235,168.94900502131202,147217800
2015-01-09,169.14779663085938,170.94486105666158,168.53496775123423,170.92829469871802,158567300
2015-01-12,167.82276916503906,169.43765422966325,167.21822977118725,169.28030541730055,144396100
2015-01-13,167.3506622314453,170.16633535596966,166.05047535973353,169.04006357887525,214553300
2015-01-14,166.34042358398438,166.53918199916947,164.44398600526128,165.33836728251805,192991100
2015-01-15,164.816650390625,167.29278426938683,164.70071113847325,166.97809923436395,176613900
2015-01-16,166.97805786132812,167.1354066580678,164.42738230955322,164.60957432299625,211879600
2015-01-20,167.33413696289062,167.8807129528235,165.76895127275668,167.61570181718582,130991100
2015-01-21,168.1788787841797,168.6592020890844,166.40665751815214,166.8704144645625,122942700
2015-01-22,170.6798858642578,170.81237883664812,167.55779037723386,168.93250763678003,174356000
2015-01-23,169.74403381347656,170.6798370329486,169.61152824256558,170.42310275064852,117516800
2015-01-26,170.1415557861328,170.23265179616268,168.81653784693114,169.52873956995722,92009700
2015-01-27,167.89727783203125,169.04010359425013,167.06913699508286,168.08774668633,134044600
2015-01-28,165.74417114257812,169.1809518996342,165.5537022141103,169.0815790041608,168514300
2015-01-29,167.2761993408203,167.53292102009297,164.5350421112368,165.9428918715796,173585400
2015-01-30,165.17266845703125,167.42521228608183,164.90766999054438,166.1001946807976,197729700
2015-02-02,167.2182159423828,167.30931195061558,163.85596577085477,165.66959643885335,163107000
2015-02-03,169.63636779785156,169.64465729362138,167.7399308212552,168.11259167452923,124212900
2015-02-04,168.99044799804688,170.08360016774822,168.534967927338,168.87450876517812,134306700
2015-02-05,170.69642639160156,170.84549834910774,169.57844357423738,169.65297323477577,97953200
2015-02-06,170.22434997558594,171.62390999881345,169.70261720951441,171.06076766399516,125672000
2015-02-09,169.46253967285156,170.29895774498164,169.05674593125056,169.57847893667585,87219000
2015-02-10,171.267822265625,171.5245439299293,169.50387805595938,170.49765727271208,96164200
2015-02-11,171.3672332763672,171.7978701903845,170.45628564015155,171.10223469296227,91087800
2015-02-12,173.0151824951172,173.0731584193076,171.40031038702816,172.1621984422182,97545900
2015-02-13,173.72740173339844,173.77708816692638,172.88269445414045,173.13942875474757,93670400
2015-02-17,174.00074768066406,174.17466289233747,173.16432961949462,173.4127618698397,76968200
2015-02-18,174.01724243164062,174.09177207607388,173.363004077811,173.6280152176981,80652900
2015-02-19,173.89306640625,174.25745051578036,173.28025007334028,173.42103254539876,91462500
2015-02-20,174.9365234375,175.01105310074223,172.8578812732589,173.4789870731372,140896400
2015-02-23,174.91163635253906,174.91163635253906,174.30708442736932,174.68803478245675,74411100
2015-02-24,175.4085235595703,175.6072819264432,174.53897307958917,174.83710431168478,72472300
2015-02-25,175.25949096679688,175.76465750269924,174.919950110312,175.28433418688803,73061700
2015-02-26,175.05247497558594,175.32576306309747,174.44792285634952,175.16841422758196,72697900
2015-02-27,174.45619201660156,175.21808024610087,174.406505576743,174.95306905161627,108076000
2015-03-02,175.55758666992188,175.61554995957928,174.50584423227698,174.555530662391,87491400
2015-03-03,174.8371124267578,175.60729007726405,173.97585140318802,175.1269668123476,110325800
2015-03-04,174.10008239746094,174.31540714911114,173.13115892432225,174.24086485392425,114497200
2015-03-05,174.29052734375,174.57209219757263,173.78536092416164,174.42302027492002,76873000
2015-03-06,171.83920288085938,173.8598683004189,171.50795164071923,173.42923157909684,188128000
2015-03-09,172.55142211914062,172.9075166069959,171.8806300753752,172.03797885333026,89818900
2015-03-10,169.7523193359375,171.26781870995183,169.71090976336123,171.18501220122667,157121300
2015-03-11,169.3547821044922,170.18292284827945,169.2719629755435,170.00900773205714,110145700
2015-03-12,171.50804138183594,171.57428155538412,169.9345655767912,169.98425202516802,93993500
2015-03-13,170.45623779296875,172.19532604836107,169.42106169936847,171.23469223718448,162410900
2015-03-16,172.733642578125,172.82473858898433,170.48109816090155,171.18502302994446,136099200
2015-03-17,172.22023010253906,172.60116793520493,171.4086427197753,171.99662846553838,94510400
2015-03-18,174.29052734375,174.9613194046207,171.1104569035673,171.7481288907521,228808500
2015-03-19,173.49554443359375,174.29884223735098,173.1063171416112,173.8764948644553,117917300
2015-03-20,175.0269775390625,175.5343990554761,174.26168836055672,174.44469367420336,177715100
2015-03-23,174.68588256835938,175.6092227410769,174.68588256835938,175.03525281035607,71784500
2015-03-24,173.70431518554688,175.01860728358153,173.6377666615093,174.56110680667695,77805300
2015-03-25,171.15890502929688,174.14521174748526,171.1173233023442,173.9122982280771,159521700
2015-03-26,170.75132751464844,171.6663413650974,169.79470654797132,170.49345985958703,153067200
2015-03-27,171.1422576904297,171.31693646343555,170.443504519906,170.63483629030935,118939000
2015-03-30,173.2301788330078,173.52964087435808,172.15711392232274,172.17374153535073,96180400
2015-03-31,171.7162628173828,173.10544304719463,171.65804077441965,172.40668968177818,126768700
2015-04-01,171.10899353027344,171.70791762382157,170.11910474530265,171.6829635109933,137303600
2015-04-02,171.72454833984375,172.17373503850223,170.85943016732784,171.0424354464049,86900900
2015-04-06,172.88082885742188,173.39656416417543,170.701418168536,170.83450255255133,114368200
2015-04-07,172.42327880859375,173.65439477476426,172.39001089289536,172.90574608963576,81236300
2015-04-08,173.005615234375,173.4464882354777,172.25696632117644,172.64793108711083,89351900
2015-04-09,173.7708740234375,174.00378754198945,172.34843879891193,172.83921994922966,85548900
2015-04-10,174.71920776367188,174.76080219267658,173.82083409992583,174.02046705060823,72722900
2015-04-13,173.92892456054688,175.2099616006904,173.87901633430343,174.57775688738096,74436600
2015-04-14,174.2616424560547,174.44464772149354,173.1053888386908,173.72926696373247,75099900
2015-04-15,175.0436248779297,175.55104645151783,174.64434628172782,174.72753514015383,99529300
2015-04-16,174.99368286132812,175.50110433696972,174.51121549982994,174.71086110581254,68934900
2015-04-17,172.98065185546875,174.04540312484284,172.19872236546422,173.8041757701656,191113200
2015-04-20,174.5611114501953,174.8938413864011,173.820776553229,173.90395269086372,92189500
2015-04-21,174.35317993164062,175.401290821746,174.05371786406258,175.24323963429708,72559800
2015-04-22,175.2100067138672,175.3930120524366,173.7709181248589,174.69425862660887,78264600
2015-04-23,175.65078735351562,176.29961950611167,174.694166733681,174.81062346125384,102585900
2015-04-24,176.05844116210938,176.32463531418654,175.6092543965239,176.06676766238417,61327400
2015-04-27,175.32640075683594,176.74883583330077,175.13506898499944,176.62406528021913,79358100
2015-04-28,175.88372802734375,175.93363624790825,174.12855034476948,175.30144429936885,86863500
2015-04-29,175.1600341796875,175.75894552181222,174.35315076294765,174.9936565199954,125684900
2015-04-30,173.40489196777344,174.97706470799116,172.70613865547094,174.58609997482478,161304900
2015-05-01,175.28480529785156,175.32639971290897,174.08695722406594,174.18677366593695,103399700
2015-05-04,175.7838897705078,176.3661734262182,175.6008845225943,175.70901475612013,70927200
2015-05-05,173.7708740234375,175.90038899608155,173.62946315094771,175.5426922186258,113326200
2015-05-06,173.0554656982422,174.6276380453887,171.9907147273087,174.31986223603798,135060200
2015-05-07,173.74594116210938,174.17018652430545,172.6229678516267,172.955697863732,88244900
2015-05-08,176.0334930419922,176.23313866284923,175.33475240824686,175.417941256813,155877300
2015-05-11,175.193359375,176.25811074241392,175.1184970193625,175.9919292469792,75708100
2015-05-12,174.6692657470703,175.20996783389103,173.53796603824514,174.36148987906336,119727600
2015-05-13,174.70254516601562,175.70074779807248,174.4696316416302,175.07686956643255,94667900
2015-05-14,176.5242919921875,176.61579465109463,175.4429003940587,175.7174083707801,95934000
2015-05-15,176.71560668945312,176.8570175782501,176.23313929029138,176.71560668945312,76510100
2015-05-18,177.2646026611328,177.51414379393768,176.482673264118,176.54922179714424,74549700
2015-05-19,177.20639038085938,177.6555898624759,176.9235685993002,177.38108188878502,72114600
2015-05-20,177.0815887451172,177.83023749274426,176.7654864018446,177.3061757537048,76857500
2015-05-21,177.59739685058594,177.8053563316756,176.77387273604862,176.94025047519187,64764600
2015-05-22,177.173095703125,177.63059623069003,177.1065471717183,177.214677429024,57433500
2015-05-26,175.26815795898438,177.1065244109385,174.85223921076997,176.68227916434677,124308600
2015-05-27,176.93186950683594,177.16478303853046,175.31810239949857,175.72570742638172,93214000
2015-05-28,176.7322540283203,176.84038430473933,176.04182717237333,176.62411105906452,74974600
2015-05-29,175.63417053222656,176.70723533026117,175.36798913054474,176.66565360922212,124919600
2015-06-01,175.99191284179688,176.6324187485515,175.20165685205126,176.29968873706432,93338800
2015-06-02,175.81716918945312,176.5075958167085,174.9104693881596,175.53434749428806,91531000
2015-06-03,176.2830352783203,176.90691352294607,175.79225410549518,176.34958381422064,87820900
2015-06-04,174.79403686523438,176.2331123420793,174.47793451929695,175.57596623076313,151882800
2015-06-05,174.49459838867188,175.16838489677073,173.8374394957793,174.6443230825445,121704700
2015-06-08,173.42147827148438,174.53615016691566,173.3466159428396,174.3864128167932,89063300
2015-06-09,173.3965606689453,173.93726277294067,172.7643686058993,173.3965606689453,105034700
2015-06-10,175.4761505126953,175.85880141825191,174.10362346119902,174.16184549668475,134551300
2015-06-11,176.04177856445312,176.424416715982,175.68408183028492,175.9169953206503,73876400
2015-06-12,174.69422912597656,175.9170315486328,174.41972116447866,175.21829093363948,135382400
2015-06-15,173.945556640625,174.22837837118564,172.84752494385896,173.55459196309474,124384200
2015-06-16,174.89385986328125,174.977048702538,173.6211493182285,173.795828110699,85308200
2015-06-17,175.17672729492188,175.78397805563282,174.1535703079617,175.17672729492188,126708600
2015-06-18,176.99835205078125,177.46417894048983,175.20990680790064,175.77555011888083,165867900
2015-06-19,176.2126922607422,176.83125097118443,175.83654703671488,176.75602447729432,130478700
2015-06-22,177.11544799804688,177.70056420665657,176.90647701250222,177.13216924817195,70696000
2015-06-23,177.24078369140625,177.5751448421762,176.8479300654339,177.32437716774217,68476800
2015-06-24,175.95355224609375,177.34947675949232,175.92847675070024,176.97333157401434,92307300
2015-06-25,175.4185791015625,176.58045710201526,175.34335261880636,176.45507963075502,97107400
2015-06-26,175.38516235351562,176.02042951258704,174.83347592995116,175.77801604409242,104174800
2015-06-29,171.7072296142578,175.39347982436033,171.6320031417022,173.90560784580808,202621300
2015-06-30,172.0667266845703,173.2954771862415,171.59026668186704,173.245313432343,182925100
2015-07-01,173.44590759277344,173.88892503517445,172.66017469354873,173.63815731665525,135979900
2015-07-02,173.28709411621094,174.08954829467416,172.86915215451845,173.92237406091246,104373700
2015-07-06,172.79393005371094,173.57129600001744,171.79922611887224,171.99984285723042,117975400
2015-07-07,173.88055419921875,174.005931669229,170.61224543215388,172.9945193989469,173820200
2015-07-08,170.9633331298828,172.82735065650917,170.72928665813495,172.54315319146906,164020100
2015-07-09,171.27259826660156,173.32052393269564,171.1639420376246,173.06138922156467,144113100
2015-07-10,173.42916870117188,173.84711060466248,171.31438368987548,173.2703487371135,129456900
2015-07-13,175.34335327148438,175.45200949545605,174.64956816725388,174.6913649093545,106069400
2015-07-14,176.10403442382812,176.41332017593288,175.24307492700046,175.301592929007,81709600
2015-07-15,176.04551696777344,176.60555767656038,175.56905700017123,176.1458189590258,97914100
2015-07-16,177.4581298828125,177.4581298828125,176.8562925380049,177.09869322333674,106683300
2015-07-17,177.60861206054688,177.66713005724577,177.04021711615076,177.44979207473725,89030000
2015-07-20,177.7005615234375,178.1937299807778,177.38293430331788,177.834306013265,70446800
2015-07-21,176.99838256835938,177.82591206552033,176.69746391071664,177.5667773913658,77965000
2015-07-22,176.68080139160156,177.01516265266184,176.27958063290717,176.3130103817242,88667900
2015-07-23,175.68606567382812,176.91481598309016,175.32664173192563,176.8145140001547,90509100
2015-07-24,173.86387634277344,175.84491739079107,173.52952783625315,175.7864121417101,117755000
2015-07-27,172.85244750976562,173.48772751549507,172.4094300081794,172.97783776306483,132361100
2015-07-28,174.9755401611328,175.11763886259664,172.86075537566398,173.68827209328106,123544800
2015-07-29,176.17922973632812,176.4049091760101,174.95883379266965,175.10093250621645,105791300
2015-07-30,176.22100830078125,176.3881824903833,175.05076346442095,175.6693219959788,91304400
2015-07-31,175.95355224609375,176.74763936089735,175.66935479525043,176.72256386550384,103266900
2015-08-03,175.36007690429688,175.9786355788942,174.40716977317865,175.92013033856227,113965700
2015-08-04,175.017333984375,175.74454872522287,174.5325199056187,175.28481013721492,81820800
2015-08-05,175.59414672851562,176.63063465904023,175.30993649328377,175.91177395501018,85786800
2015-08-06,174.1563720703125,175.88664467779424,173.57124328312673,175.77797571653295,116030800
2015-08-07,173.82208251953125,174.14807678298348,172.91932623122239,173.99762377888777,117858000
2015-08-10,176.01206970214844,176.09565043501362,174.9337723852112,174.9337723852112,80270700
2015-08-11,174.42388916015625,175.09259882063466,173.6632317619298,174.67465687715764,126081400
2015-08-12,174.63290405273438,174.81679957448077,171.65715870749875,173.11995587756743,172123700
2015-08-13,174.4154815673828,175.15941748905362,173.872149554297,174.47398678919612,89383300
2015-08-14,175.05081176757812,175.1260382604709,174.08118334392682,174.22328208202762,72786500
2015-08-17,176.02877807617188,176.02877807617188,173.99758642941626,174.457325100876,79072600
2015-08-18,175.51889038085938,176.1040065353757,175.28484391905283,175.75293684266592,71692700
2015-08-19,174.13131713867188,175.54395002898568,173.32050884254755,174.77493847324834,172946000
2015-08-20,170.49520874023438,174.1062198915979,170.4366907558024,172.61834784366275,194327900
2015-08-21,165.36289978027344,170.47015049672353,165.10377783345345,168.6228416186139,346588500
2015-08-24,158.40003967285156,165.07039133423086,152.4652573590027,156.71991719461926,507244300
2015-08-25,156.5360107421875,163.37353619823517,156.243446220749,163.35681494583278,369833100
2015-08-26,162.54598999023438,162.82182045521694,157.45544730866962,160.55658221227628,339257000
2015-08-27,166.56655883789062,166.69193629886527,163.17287284538895,164.68582039582773,274143900
2015-08-28,166.57489013671875,167.04298293263898,165.43808788038152,165.92290192031953,160414400
2015-08-31,165.2292022705078,166.4495986223896,164.6775157242635,165.59699330133736,163298800
2015-09-01,160.29742431640625,162.8050754726631,159.4280981063428,161.42585968397782,256000400
2015-09-02,163.34010314941406,163.3818999022867,160.84080528073778,162.67974761592978,160269300
2015-09-03,163.45709228515625,165.54680194680597,162.96392386610506,164.05056268650245,152087800
2015-09-04,160.98287963867188,162.0444557787715,160.16371697574704,161.2002176188391,207081000
2015-09-08,165.028564453125,165.17903019862646,163.1394712911374,163.78310551299384,116025700
2015-09-09,162.82183837890625,166.73378212241914,162.45406013358513,166.60840462453442,149347700
2015-09-10,163.7078857421875,164.85304273540885,162.3704662465624,162.62958824462757,158611100
2015-09-11,164.45181274414062,164.51868499062053,162.60450360454212,163.3150100631362,119691200
2015-09-14,163.84161376953125,164.67749774668127,163.35679953223493,164.62734674878465,79452000
2015-09-15,165.8895263671875,166.33254381905883,163.79981659248259,164.34313603207536,113806200
2015-09-16,167.3271942138672,167.51945664961912,165.8476892369299,166.19040461762876,99581600
2015-09-17,166.95106506347656,169.59246088923587,166.57491991056307,167.19347850406095,276046600
2015-09-18,164.22283935546875,166.9367768216482,163.81113514057012,164.441307212403,223657500
2015-09-21,165.0714569091797,166.09652487853594,164.02117026515552,165.0546487330284,105726200
2015-09-22,162.92892456054688,163.39105340400803,161.79460947395006,162.90371869825682,153890900
2015-09-23,162.66845703125,163.5674960438111,162.08869655112204,163.0969695152685,92790600
2015-09-24,162.08029174804688,162.54242061228655,160.11415747570365,161.45011952068916,159378800
2015-09-25,162.03829956054688,163.84478825137367,161.16445351017586,163.54230505253565,155054800
2015-09-28,157.97154235839844,161.2484450735252,157.66066154868136,161.1392111367556,178515900
2015-09-29,158.06398010253906,159.42516070258506,157.06410487873185,158.19002222857446,159045600
2015-09-30,161.01319885253906,161.18124220471094,159.17309401717506,159.95450137417293,163452000
2015-10-01,161.43328857421875,161.7357716895095,159.49236059313813,161.39127453747872,131079000
2015-10-02,163.84474182128906,163.86994767897548,158.90418858061045,159.45034541254506,211003300
2015-10-05,166.76036071777344,166.98722628735067,164.96226998386578,165.07150392864102,126320800
2015-10-06,166.18902587890625,167.18890126817698,165.52525006046352,166.62594891053877,110274500
2015-10-07,167.55015563964844,167.90305046579965,165.92850615424473,167.1216304200561,124307300
2015-10-08,169.06256103515625,169.34823595046055,166.8611513173425,167.16363441027735,153055200
2015-10-09,169.16339111328125,169.642315217085,168.53321904661914,169.20540514856876,107069200
2015-10-12,169.32305908203125,169.52470596458713,168.8105185540597,169.23903100037617,56395600
2015-10-13,168.25595092773438,169.86079228825207,168.08790759835043,168.59203758650224,88038700
2015-10-14,167.4492950439453,168.77685890410558,167.1552224753485,168.19709862368754,99106200
2015-10-15,170.0204620361328,170.02885971648277,167.7434342144632,168.11313728403783,134142200
2015-10-16,170.79345703125,170.8102523905057,169.6591420581285,170.42375399346568,114580100
2015-10-19,170.8774871826172,170.8774871826172,169.83561069902436,170.14649154385307,76523900
2015-10-20,170.6590118408203,171.27237577728562,170.18848537882585,170.44055678943275,78448500
2015-10-21,169.6002655029297,171.2302993463541,169.4322094098378,171.07906424762723,102038000
2015-10-22,172.46546936035156,172.67552669492218,169.60029706067868,170.549747494738,174911700
2015-10-23,174.35601806640625,174.72572109591775,173.33934755613427,174.13756301300612,144442300
2015-10-26,173.92752075195312,174.2384015897442,173.5578176903174,174.17959218678527,69033000
2015-10-27,173.59141540527344,173.92750206835612,172.9108187580718,173.2553159213064,77905800
2015-10-28,175.56594848632812,175.5911543452303,173.2637279006993,173.92750355326413,135906700
2015-10-29,175.46511840820312,175.83482141928536,174.9441802494331,175.0618118601516,90525500
2015-10-30,174.70892333984375,175.9776781596275,174.54929049565288,175.65838682947495,131076900
2015-11-02,176.77587890625,176.96912809584242,174.91056844424497,175.03661055814953,86270800
2015-11-03,177.2884521484375,177.84300678193358,176.19615106391433,176.42301665414215,95246100
2015-11-04,176.75067138671875,177.7085324673243,176.21292504007855,177.58250317548837,96224500
2015-11-05,176.57421875,177.2716107515993,175.68357755931885,176.809481976939,78408700
2015-11-06,176.48184204101562,176.71711815422435,175.15429038615696,176.22978338559173,110471500
2015-11-09,174.83494567871094,176.0196722814713,173.88548229652773,175.8684243134523,131008700
2015-11-10,175.23829650878906,175.2719128750145,174.08718597286835,174.35605279823582,75874600
2015-11-11,174.54928588867188,175.55755875304874,174.48206598826206,175.50714703296265,67846000
2015-11-12,172.1125946044922,173.97790497820498,172.0957992468074,173.50737854535558,121315200
2015-11-13,170.1800537109375,171.9697464006647,170.09603846510834,171.70087966477533,153577100
2015-11-16,172.7679901123047,172.8268123328359,169.8775985069335,169.99524294799596,117645200
2015-11-17,172.64193725585938,173.96109075779063,172.1462049828163,173.07886013728063,121123700
2015-11-18,175.38111877441406,175.5239562662432,173.07889790260933,173.1208991254109,121342500
2015-11-19,175.2299041748047,175.650019019232,174.93581865535054,175.26350772116834,88220500
2015-11-20,175.868408203125,176.54899194465614,175.49030754903913,175.986039802638,94011500
2015-11-23,175.6667938232422,176.43139295093874,175.2046650180068,175.92726292595165,64931200
2015-11-24,175.90200805664062,176.30531452843974,174.2719611728139,174.65845946886424,98874400
2015-11-25,175.87692260742188,176.22981761444544,175.61644057807771,176.0281578300504,51980100
2015-11-27,176.07852172851562,176.28018145811757,175.49036354328518,175.9692877723704,37317800
2015-11-30,175.34747314453125,176.35574584659562,175.23823922133926,176.23811424503617,112822700
2015-12-01,177.01954650878906,177.1371909479036,175.70039284870492,175.97767012472167,97858400
2015-12-02,175.21302795410156,177.2883955053562,174.96095658114965,176.9691042448916,108441300
2015-12-03,172.75961303710938,175.73402025684985,172.0370150495846,175.46515344475668,166224200
2015-12-04,176.12892150878906,176.42300699189977,172.75960548838586,172.75960548838586,192913900
2015-12-07,175.06179809570312,176.221305932794,174.09552660709724,175.80119123884788,102027100
2015-12-08,173.88546752929688,175.0113718208535,172.9024006937542,173.49896919440806,103372400
2015-12-09,172.53271484375,175.3390781729682,171.55804558972366,173.2469150156054,162401500
2015-12-10,172.97804260253906,174.2887985677135,172.3646786590171,172.599941892721,116128900
2015-12-11,169.62554931640625,171.52446352485714,169.31465565799652,170.8606878072256,211173300
2015-12-14,170.48255920410156,170.60860132073222,168.00388476098058,169.78518000646062,182385200
2015-12-15,172.272216796875,173.17966600278731,170.45731838505037,171.9949395822172,154069600
2015-12-16,174.79293823242188,175.09542135898081,172.0790005935831,173.39815421435094,197017000
2015-12-17,172.12939453125,175.17102084127197,172.11258635348722,175.10380095110403,173092500
2015-12-18,169.0629119873047,171.52252154037956,168.9023162201679,171.38729453922076,251393500
2015-12-21,170.45753479003906,170.63503876713125,169.12206982484525,170.23777963014126,99094300
2015-12-22,172.00430297851562,172.30013863391332,170.35610707732334,171.3450246180387,111026200
2015-12-23,174.13427734375,174.17654142054963,172.91714415615968,173.01011996624464,110987200
2015-12-24,173.84690856933594,174.3963158340677,173.62715340175535,173.88072499338642,48539600
2015-12-28,173.44970703125,173.49195822642517,172.3762609916817,173.15387128188235,65899900
2015-12-29,175.30068969726562,175.6303288679447,174.5146320199485,174.54843554380895,92640700
2015-12-30,174.0582733154297,175.14017998863352,173.91458570893326,175.05565179789863,63317700
2015-12-31,172.3170623779297,174.0244308507707,172.3170623779297,173.38206059532405,114877900
2016-01-04,169.90814208984375,169.91658974704953,167.85422643642048,169.46017121139246,222353500
2016-01-05,170.19554138183594,170.6519599823393,169.08829196279575,170.22934491264832,110845800
2016-01-06,168.0486602783203,169.0967373830813,167.01747849014774,167.64294053081133,152112600
2016-01-07,164.0169219970703,166.88225184359334,163.62811043242243,165.0988156154089,213436100
2016-01-08,162.21658325195312,165.5383447431025,161.92920807074745,164.9804896992164,209817200
2016-01-11,162.3771209716797,163.4759224506666,160.44155012338786,163.13782274326326,187941300
2016-01-12,163.687255859375,164.43951009387482,161.55727250549293,163.8224957637583,172330500
2016-01-13,159.60484313964844,164.70158094597977,159.22449207445186,164.35503341887548,221168900
2016-01-14,162.22499084472656,163.34914831411587,158.61586796094596,160.21335217593364,240795600
2016-01-15,158.74267578125,159.5456418613754,156.80710437138185,157.86364208133338,324846400
2016-01-19,158.9539337158203,160.6866575988184,157.38180557816526,160.55987827206593,195244400
2016-01-20,156.91697692871094,158.48065791232142,153.0035699860845,156.3929383469813,286547800
2016-01-21,157.7960205078125,159.638616064489,156.06329610175985,157.39031364254967,195772900
2016-01-22,161.03321838378906,161.23606532350894,159.64704174123105,160.4077435595524,168319600
2016-01-25,158.59893798828125,160.7204603952066,158.40453872240943,160.52606112933478,130371700
2016-01-26,160.76275634765625,161.04168381774744,158.92016099014072,159.2582478584521,141036800
2016-01-27,159.01316833496094,161.91230185213396,158.10876579230634,160.23874959702297,185681700
2016-01-28,159.8414764404297,160.7627742216194,158.19328020408372,160.5599272369545,143798800
2016-01-29,163.7379913330078,163.8732312569941,160.4923105404706,160.61064224966137,210529300
2016-02-01,163.67881774902344,164.4648885160024,162.14895320031806,162.73216408290494,136061600
2016-02-02,160.7289581298828,162.25882253989477,160.20490670034297,162.25037488192345,182564900
2016-02-03,161.69248962402344,162.09819638281365,158.14252646594213,161.78546543303634,205054900
2016-02-04,161.94610595703125,162.9181154950131,160.55992899218302,161.1938516205683,139531800
2016-02-05,158.86097717285156,162.0052338294124,158.2270546678544,161.4304836155311,180788300
2016-02-08,156.72254943847656,157.31420787559784,154.50805090359978,157.01838510563053,191526700
2016-02-09,156.73101806640625,158.00732382709526,154.84615847267247,154.98139838987723,184513100
2016-02-10,156.59576416015625,159.19061352791783,156.46897192310036,157.5593258347249,148214100
2016-02-11,154.55877685546875,155.60686682417594,153.0627159648016,154.11925359153506,219058900
2016-02-12,157.7452850341797,157.76218034884897,155.48852239590252,156.33375242808964,127632400
2016-02-16,160.4077606201172,160.43311649027896,158.59052114019153,159.55408289790063,120250700
2016-02-17,163.02793884277344,163.3998420431691,161.44735024109187,161.57414245787263,136009500
2016-02-18,162.36019897460938,163.35757690527188,162.04746805685494,163.29840462505672,102343000
2016-02-19,162.28416442871094,162.43629964221327,160.97405531352098,161.58262196190358,114793000
2016-02-22,164.63389587402344,164.77758342418423,163.79711354371364,163.86473349035154,103640300
2016-02-23,162.55467224121094,164.24513257867517,162.43632763628713,163.97465273403023,111455300
2016-02-24,163.29847717285156,163.57740469524649,160.0189926642714,161.12624219738512,150812200
2016-02-25,165.27627563476562,165.28473618932878,162.9857094586589,163.74641133250677,110728300
2016-02-26,164.89590454101562,166.23981703922124,164.7353087901888,166.14685412788492,129833700
2016-02-29,163.6027374267578,165.85950026450092,163.40833811338493,164.91284667188035,125918100
2016-03-01,167.44850158691406,167.5330297386058,164.354956954464,164.82828365069315,141799700
2016-03-02,168.20079040527344,168.25150214787573,166.72163772583008,167.13580511906184,102415000
2016-03-03,168.86004638671875,168.87695459773252,167.4485138509449,168.023264053551,95172200
2016-03-04,169.40948486328125,170.1871080063001,168.22616772771258,169.05448972261064,129293600
2016-03-07,169.544677734375,169.9503974086945,168.41207266223464,168.48814026472485,100219000
2016-03-08,167.6936492919922,168.97840267520743,167.53306640412978,168.47127234562447,123974900
2016-03-09,168.52197265625,168.8685071772735,167.71899378547243,168.50506444392124,94801200
2016-03-10,168.65724182128906,169.95045599535888,166.83155424622942,169.0122498829963,156838700
2016-03-11,171.37879943847656,171.42106351033826,168.64026298354065,170.11095466572948,137964500
2016-03-14,171.15908813476562,171.61550669502927,170.54207379862802,170.87171300803712,73612000
2016-03-15,170.88015747070312,171.18444080425203,169.9335039428563,170.19552319451483,93169100
2016-03-16,171.86903381347656,172.27475342558367,170.35607806369362,170.39834213543608,129303200
2016-03-17,172.95947265625,173.466603075183,171.38734385289615,171.7846031078483,134278500
2016-03-18,173.6391143798828,173.97894501049038,173.14635089090652,173.4606948724039,138372400
2016-03-21,173.8854522705078,174.11484502690527,173.14631367775516,173.37570643415262,72926700
2016-03-22,173.79202270507812,174.36124610349137,172.9509374130184,173.1123485254018,97471900
2016-03-23,172.64511108398438,173.59664730283123,172.47518279029714,173.40973655074222,81052500
2016-03-24,172.56861877441406,172.60260961481538,171.396194054714,171.6170826624935,84360900
2016-03-28,172.67056274414062,173.19730404944426,172.22028137727668,172.98490668908556,62408200
2016-03-29,174.2677764892578,174.37822726148767,171.95689224557793,172.26274495323278,92922900
2016-03-30,175.0323944091797,175.75453754913232,174.66706426238844,175.27027838042338,86365300
2016-03-31,174.60760498046875,175.36373897535995,174.44618093149683,174.9389443048884,94584100
2016-04-01,175.7970428466797,175.98395355789424,173.29924785472707,173.61360475833655,114423500
2016-04-04,175.2278289794922,175.9244985706201,174.92197625036152,175.72059242996414,63497000
2016-04-05,173.47764587402344,175.23628903086308,173.22276648447593,173.88544511907688,99662200
2016-04-06,175.3722686767578,175.43174616625078,173.29926815586828,173.4776876606398,91839800
2016-04-07,173.27378845214844,174.64162816452992,172.54314091080727,174.2848021043923,113859000
2016-04-08,173.7410430908203,174.88799403753805,173.2057975871912,174.45469511985496,95040600
2016-04-11,173.3332061767578,175.0748667697984,173.2397508386814,174.3781973471008,83757500
2016-04-12,174.94744873046875,175.22781478977706,173.06135921418053,173.50314933463957,115350600
2016-04-13,176.714599609375,176.79956373697718,175.72907276949485,175.8650101881761,96336400
2016-04-14,176.72312927246094,177.22439699240624,176.37480738642867,176.7741155383348,65212900
2016-04-15,176.52769470214844,176.85903406875903,176.20484656309486,176.7230966456095,75761600
2016-04-18,177.76803588867188,177.80201375016068,175.8649515527626,176.5276300432566,82531000
2016-04-19,178.32879638671875,178.58367578018218,177.51319788408114,178.19287194541545,88316100
2016-04-20,178.498779296875,179.19543602443457,177.89556497971103,178.3713330792558,81100300
2016-04-21,177.5387420654297,178.62621573052118,177.26686716730248,178.5157649326934,85695000
2016-04-22,177.5387420654297,177.8106039998482,176.63817915187346,177.18191598441922,99251700
2016-04-25,177.23287963867188,177.2753617096552,176.32381258171915,176.9355181054966,66166500
2016-04-26,177.4962158203125,178.00597464558777,177.02044783069846,177.59816239988538,75864200
2016-04-27,177.861572265625,178.25237618749588,176.75710329025068,177.11392933514873,77329400
2016-04-28,176.247314453125,178.20986384856798,175.83102395330687,177.10540802449896,97216200
2016-04-29,175.29579162597656,175.975465774266,174.19132275546949,175.62713099075808,142424100
2016-05-02,176.6891632080078,176.86756977751688,175.36380540824536,175.79709146933402,62188000
2016-05-03,175.15139770507812,175.6951345387806,174.4037546973465,175.45725048426755,106422100
2016-05-04,174.17431640625,174.8879813472055,173.67306177677943,174.15733395229546,92243800
2016-05-05,174.14036560058594,174.9984463520497,173.71557083900257,174.64162030796456,67619200
2016-05-06,174.7775115966797,174.819993654363,173.2142703980832,173.36719024929846,89315000
2016-05-09,174.92193603515625,175.35522190026623,174.47165475463896,174.65007420715693,74374900
2016-05-10,177.09689331054688,177.11388872699033,175.55913869687703,175.6271073989464,77472200
2016-05-11,175.44024658203125,177.17340360452437,175.44024658203125,176.63817098959558,81727000
2016-05-12,175.49122619628906,176.28135126764383,174.48021249524697,176.1114229761982,89586300
2016-05-13,173.96197509765625,175.74611857922153,173.63913984035443,175.19389048258486,96474600
2016-05-16,175.67807006835938,176.1538379903901,174.07234684965385,174.1318243217595,77486800
2016-05-17,174.03843688964844,175.69513403731736,173.511682515837,175.40627668104864,114924900
2016-05-18,174.0894012451172,175.27033022442657,173.00192763670458,173.69009311162262,120062100
2016-05-19,173.4862060546875,173.77506342792284,172.2797902926081,173.36726402078418,115430500
2016-05-20,174.58213806152344,175.1003881365985,174.04689256787208,174.09786585989488,104990400
2016-05-23,174.3442840576172,174.8795166796659,174.1573733122325,174.59915056158883,58682600
2016-05-24,176.6041717529297,176.91852869488514,175.13438549336922,175.15987214221596,93537800
2016-05-25,177.8020782470703,178.21838174260373,176.60415401675047,177.28382816638836,76621400
2016-05-26,177.85302734375,178.16738421136841,177.53868343983595,177.93799146228565,55280700
2016-05-27,178.61766052246094,178.6261517485952,177.96347312641018,178.01444641062378,64211200
2016-05-31,178.27783203125,178.99998818828732,177.71709993028256,178.88953742072263,109879400
2016-06-01,178.64320373535156,178.82161028659505,177.47076597234752,177.6661679449455,69936200
2016-06-02,179.18692016601562,179.20390262173052,177.76810729142292,178.24387532557296,63044700
2016-06-03,178.65167236328125,179.000007156586,177.44525687389782,178.62618571632788,101757100
2016-06-06,179.5607452392578,179.91757127208038,178.84708020990576,179.00850428840553,64887000
2016-06-07,179.84109497070312,180.40182713900126,179.68817508682545,179.7136617341384,60974800
2016-06-08,180.42727661132812,180.5547227853407,179.849562106324,179.97699531663255,66170900
2016-06-09,180.1809539794922,180.29989599837947,179.42481979577144,179.696681711639,73786900
2016-06-10,178.47328186035156,179.14445189656794,177.9295321066371,178.80462126420403,113829200
2016-06-13,177.09689331054688,178.7281032690991,177.01194215573844,177.87002271241877,117751200
2016-06-14,176.7485809326172,177.34330391003104,175.7970449106847,176.71460305913646,125059300
2016-06-15,176.50218200683594,177.87002133660437,176.31527131851695,176.74855720669046,109124500
2016-06-16,177.0289306640625,177.19885890690085,174.66707328210333,176.50218940963708,149533100
2016-06-17,176.36965942382812,176.95037835738,175.71206989991128,176.9247591709658,117055700
2016-06-20,177.50550842285156,179.00855730706354,177.42010243907166,178.3338969472471,82789600
2016-06-21,178.00933837890625,178.41925836011498,177.44569026029347,177.88977784142367,72461700
2016-06-22,177.71902465820312,178.91463034063102,177.57383186786404,178.188718513434,95560500
2016-06-23,180.03335571289062,180.08459408836288,178.7181896283184,179.17934803869173,102731400
2016-06-24,173.56854248046875,180.06754207953452,173.1244547948989,173.90160498686507,333444400
2016-06-27,170.45993041992188,172.1679457025619,169.64861273576992,172.15939728623033,230775800
2016-06-28,173.53439331054688,173.56001250367444,171.75805541065586,172.06549875931248,159382400
2016-06-29,176.48927307128906,176.71984581838962,174.83249568537494,174.93497246186408,137328600
2016-06-30,178.89752197265625,178.94876034756433,176.40382115518798,176.95893395597878,165021900
2016-07-01,179.2732696533203,179.76006022892233,178.73524070789102,178.8975042330917,106055300
2016-07-05,177.9837188720703,178.55590237406622,177.38591618574034,178.4448772212045,109803700
2016-07-06,179.05125427246094,179.17081482705453,176.83082908015393,177.48841864598015,96021500
2016-07-07,178.94020080566406,179.8966850911529,178.17159922355637,179.2305602450273,85593800
2016-07-08,181.604736328125,181.85240586419408,180.00774606271716,180.2383317956827,133971000
2016-07-11,182.24520874023438,182.81740527485772,181.86090794309075,182.06587444942394,73633900
2016-07-12,183.56895446777344,183.86786237841264,182.27085910120599,183.21027279368047,101275600
2016-07-13,183.54335021972656,183.99597329991124,183.05657256209142,183.98743791332976,87324100
2016-07-14,184.5681610107422,185.03786790555398,184.175324721354,184.80728215153275,91230900
2016-07-15,184.32052612304688,185.3282491873852,183.87643836753057,185.13183101963097,107155400
2016-07-18,184.81576538085938,184.9780288901173,184.18379514246553,184.43999999755061,58725900
2016-07-19,184.62794494628906,184.66209952396133,184.14970267212968,184.39735919584626,54345700
2016-07-20,185.39651489257812,185.6356359885821,184.6279132312971,184.6279132312971,58159500
2016-07-21,184.6962432861328,185.5075479701267,184.252155646983,185.28551066611325,67777300
2016-07-22,185.52462768554688,185.57586605987336,184.55105947997558,184.81579976807757,62787500
2016-07-25,185.02081298828125,185.37095936736628,184.4400938503004,185.31972097650055,55873100
2016-07-26,185.10618591308594,185.4648676161722,184.26071352151683,184.9183031594039,70080500
2016-07-27,184.9097442626953,185.55025001486825,184.14112954141405,185.4819278375684,84083900
2016-07-28,185.12326049804688,185.41362000068634,184.25216895900456,184.71332740254232,65035700
2016-07-29,185.4221649169922,185.78084662065095,184.5767055551982,184.85852968617107,79519400
2016-08-01,185.26844787597656,185.87478609579406,184.81582479995802,185.48194981866922,73311400
2016-08-02,184.08139038085938,185.17451936087704,183.24446635609203,185.0207911752767,92295500
2016-08-03,184.61935424804688,184.67914103418707,183.72265670491691,184.021551542253,53993600
2016-08-04,184.81576538085938,185.13174398449618,182.97110606159106,184.73035941879095,46585500
2016-08-05,186.327392578125,186.37009556908544,184.81580834088703,184.81580834088703,71892200
2016-08-08,186.21641540527344,186.6178001396486,185.95167505518037,186.51531033587415,39906500
2016-08-09,186.327392578125,186.8227186047949,186.00287851529686,186.28470261828784,51251700
2016-08-10,185.86622619628906,186.5152673252711,185.51607992898232,186.43840976350796,57941100
2016-08-11,186.72874450683594,186.97641399232035,186.130941831544,186.3956820855218,72504300
2016-08-12,186.56649780273438,186.77999969331964,186.16511320594435,186.4213050497497,61313500
2016-08-15,187.1045684814453,187.45471481198098,186.92523413828076,186.93376952519927,49813500
2016-08-16,186.13954162597656,186.754415239482,186.13954162597656,186.68610608441162,53213600
2016-08-17,186.4896240234375,186.62626835854013,185.33672165270184,186.1736454007436,75134300
2016-08-18,186.9080810546875,186.9422356208271,186.35298139485772,186.46399350815153,52989300
2016-08-19,186.6348419189453,186.8141892743431,185.95164616592666,186.43842379150863,75443000
2016-08-22,186.6263427734375,186.8569285519762,186.02853985789847,186.3957569948988,61368800
2016-08-23,187.00201416015625,187.5400430287679,186.94222738314622,187.24113520595708,53399200
2016-08-24,186.0455780029297,186.95082405730236,185.62710954919459,186.85688269140766,71728900
2016-08-25,185.91746520996094,186.33593365509222,185.50754518135895,185.66126030541366,69224800
2016-08-26,185.5673065185547,187.13014199743318,184.67914434418842,186.10533547897305,122506300
2016-08-29,186.48110961914062,186.7458499037358,185.66125654740873,185.6954241505889,70502200
2016-08-30,186.1736602783203,186.6775216442648,185.618560540398,186.39569756726482,58114500
2016-08-31,185.6442108154297,185.9601895162898,184.8670606272948,185.8406289512786,85269500
2016-09-01,185.6527099609375,185.9430694148379,184.49125911421413,185.63562616037814,97844200
2016-09-02,186.4896240234375,186.91662779729242,185.91744053020645,186.5067078231056,79293900
2016-09-06,187.0532684326172,187.13012598292184,186.0540811852944,186.7714443837127,56702100
2016-09-07,187.0362091064453,187.21555644507737,186.42987097765442,186.89102937094438,76554900
2016-09-08,186.6092529296875,186.97648308593327,186.30180957862453,186.70319431559915,74102900
2016-09-09,182.1427764892578,185.34530563284395,182.11715729859907,185.29406725152649,221589100
2016-09-12,184.7560272216797,185.15741189301355,181.31437714876296,181.38269933017335,168110900
2016-09-13,182.10009765625,183.73979123159253,181.47667554896182,183.47505087224246,182828800
2016-09-14,182.03176879882812,183.3554835782528,181.47666890638828,182.15132937709788,134185500
2016-09-15,183.8507843017578,184.2350851766038,181.6901457728944,181.8694931310886,134427900
2016-09-16,183.14004516601562,183.41471431890514,182.45339847768398,183.23446105020312,155236400
2016-09-19,183.17437744140625,184.43611097694722,182.84821111068408,183.79236991175063,80250500
2016-09-20,183.18299865722656,184.18723338147768,183.14867155506735,184.03274177633838,69665300
2016-09-21,185.24293518066406,185.42317534460352,183.20012600971364,183.88678576521295,110284400
2016-09-22,186.4102783203125,186.71069611831638,186.00687921854612,186.25578671924643,76678700
2016-09-23,185.38890075683594,186.1528065132363,185.29448485000222,186.01547190385105,73630900
2016-09-26,183.8868408203125,184.73657089861007,183.68941740477214,184.5563306807073,89827300
2016-09-27,185.02841186523438,185.12281467748386,183.3546741024381,183.72375923728868,78494800
2016-09-28,185.9468231201172,186.1013278453021,184.2902684316123,185.25158459916122,87411000
2016-09-29,184.26449584960938,186.1442224638383,183.71517048673903,185.7408102180015,128070600
2016-09-30,185.65499877929688,186.35881581008053,184.84817423167976,185.09708177871346,117202900
2016-10-03,185.20863342285156,185.43179232349547,184.57347072524445,185.24297362107262,83512100
2016-10-04,184.26449584960938,185.54339989459726,183.6722648793966,185.32024096800765,119948100
2016-10-05,185.07989501953125,185.50905582931773,184.8223959142697,184.89106321546933,72816000
2016-10-06,185.20863342285156,185.43179232349547,184.31598472332772,184.85671842430108,62927400
2016-10-07,184.573486328125,185.654980015392,183.84392076610686,185.48331830062003,89788300
2016-10-10,185.5347900390625,185.99827791502386,185.38887694668674,185.5347900390625,51855000
2016-10-11,183.19161987304688,185.17435427995235,182.46205418375195,185.10568696267433,130367400
2016-10-12,183.4319305419922,183.95550728652148,182.83109489319347,183.32892303528274,73866100
2016-10-13,182.83108520507812,183.32891332078776,181.2861167527466,182.10151967968795,101357000
2016-10-14,182.92547607421875,184.27304713185137,182.8482302815632,183.80954618202418,93346200
2016-10-17,182.2904052734375,183.15730565832382,182.1101519157727,182.89980647463946,58275700
2016-10-18,183.4319305419922,183.9469156877419,183.0542669102728,183.88683998103164,76869700
2016-10-19,183.921142578125,184.23013886318134,183.33749020465612,183.69798368773058,66519200
2016-10-20,183.5778045654297,184.1357082954343,182.91689335064908,183.56921296847952,73639800
2016-10-21,183.6636505126953,183.7494879106389,182.6164971231346,183.57782621169983,89089100
2016-10-24,184.44473266601562,184.81381777356535,184.09281765803647,184.53914856823081,60146600
2016-10-25,183.82675170898438,184.52199017077416,183.66366849509308,184.26449104867996,66542300
2016-10-26,183.4576416015625,184.04129393336314,182.76239018711055,183.00273225561594,75705500
2016-10-27,182.9684295654297,184.21299337259487,182.89118375808377,184.17866626831315,77220200
2016-10-28,182.42767333984375,183.62073988076526,181.71527791279635,182.9426715562345,140623200
2016-10-31,182.4362335205078,182.98555874481494,182.27315034350397,182.76238677756908,61272500
2016-11-01,181.11447143554688,182.8139579649102,179.90424769711947,182.7624476574243,122781800
2016-11-02,180.0244140625,181.1917322020581,179.5866615745714,180.80547692519144,103330800
2016-11-03,179.20034790039062,180.45350295639042,178.92569185198732,180.23892259794115,88939300
2016-11-04,179.00294494628906,180.1530925712696,178.85703186821956,179.31194119894985,109122100
2016-11-07,182.95120239257812,182.98554258309667,179.00293178438713,179.00293178438713,109794900
2016-11-08,183.77520751953125,184.34170282391705,182.29031506738008,182.55639262330328,106772100
2016-11-09,185.7236785888672,186.34167134365006,182.25605112070207,182.28179972740537,258429000
2016-11-10,186.18710327148438,187.38016966505043,184.7279593011942,186.513269641377,172113300
2016-11-11,185.7579345703125,185.99826353882025,184.81378879315955,185.46610840811684,100552700
2016-11-14,185.90391540527344,186.4875810393319,185.15717963075357,186.28157909255515,94580000
2016-11-15,187.35446166992188,187.35446166992188,186.0841492072247,186.2901380354216,91652600
2016-11-16,187.0025177001953,187.23426819301946,186.6162756101203,186.73644010696472,65617700
2016-11-17,187.96385192871094,188.02392763030738,187.04544153003013,187.15702752907129,69797200
2016-11-18,187.5432586669922,188.20416992760926,187.36300537884298,188.03250823700608,86265800
2016-11-21,188.95950317382812,188.9852517751859,187.9724385299163,188.11835163659336,72402600
2016-11-22,189.32858276367188,189.508822967917,188.5990041546267,189.2684939642912,67429000
2016-11-23,189.4315643310547,189.48306152877836,188.6161614742189,188.8135717644755,56620200
2016-11-25,190.13539123535156,190.1697183342997,189.69763886784216,189.77489776013326,37872300
2016-11-28,189.24273681640625,190.10105838971697,189.13974241863227,189.8264022966704,76572500
2016-11-29,189.61184692382812,190.06675636995516,188.9766841608632,189.27710198994313,69886700
2016-11-30,189.1569366455078,190.39292196424532,189.09684784117636,190.22983874900225,113291800
2016-12-01,188.4616241455078,189.45726695275562,188.1011176550341,189.45726695275562,79040500
2016-12-02,188.55609130859375,189.0453409292025,188.19559779196308,188.5475128071081,74840300
2016-12-05,189.68907165527344,190.03239505297432,189.19124356074346,189.38865385957408,67837800
2016-12-06,190.28988647460938,190.32422667116327,189.39723781842213,189.87789579459584,59877400
2016-12-07,192.7790069580078,192.83908265035777,190.01521078319993,190.1353752648461,110738100
2016-12-08,193.25112915039062,193.72320871365824,192.48722334690305,192.7533140803448,99714400
2016-12-09,194.41845703125,194.43562713358634,193.43997074928893,193.47431095396163,88005800
2016-12-12,194.19522094726562,194.80463491709315,193.77463873727504,194.32396392127015,102016100
2016-12-13,195.49130249023438,195.98913053789093,194.83898285724317,194.85615295459598,110477500
2016-12-14,193.877685546875,195.89473343151758,193.43993315255847,195.19091653592832,142501800
2016-12-15,194.6759490966797,195.53427082496412,193.88629467829205,194.1180452120749,124972600
2016-12-16,194.295166015625,195.19308922448477,193.9757194067393,195.1326462584023,156420200
2016-12-19,194.71823120117188,195.14129244989354,194.32971255495227,194.47648568022888,90341100
2016-12-20,195.46937561035156,195.6161619153892,195.0204271537842,195.25353044595224,89838800
2016-12-21,194.9254608154297,195.51255335726185,194.9254608154297,195.339879855202,67909000
2016-12-22,194.58871459960938,194.8995321278094,194.19155374585418,194.77865937651725,56219100
2016-12-23,194.8736572265625,194.88228629058872,194.441966890667,194.63189851824896,36697800
2016-12-27,195.35716247558594,195.75431023591776,195.1240459885206,195.14131729197032,42672500
2016-12-28,193.7425994873047,195.63340509079023,193.63036896881238,195.61614696434052,64095000
2016-12-29,193.69944763183594,194.1656673706514,193.25911508358175,193.8116781541725,48696100
2016-12-30,192.99148559570312,194.11388313342871,192.30077840524552,194.02753979431756,108998300
2017-01-03,194.4678497314453,194.97724112010118,193.29365159666258,194.2951630733348,91366500
2017-01-04,195.62478637695312,195.77155950439442,194.78730610485513,194.79593516853652,78744400
2017-01-05,195.46937561035156,195.62479097927357,194.6750669862593,195.35714508328138,78379000
2017-01-06,196.1687469482422,196.63496675886233,195.03770709401715,195.58164118486133,71559900
2017-01-09,195.52120971679688,196.04787249931024,195.48666710940387,195.9097284180276,46939700
2017-01-10,195.52120971679688,196.37594822467557,195.1326778414214,195.53846784634868,63771900
2017-01-11,196.07382202148438,196.07382202148438,194.77010833553712,195.43491536599345,74650000
2017-01-12,195.5815887451172,195.77153351403453,194.22608817508836,195.55568838336856,72113200
2017-01-13,196.0305633544922,196.33273865305418,195.7197458186779,195.75427524526074,62717900
2017-01-17,195.33982849121094,195.79741907971214,194.95130992020012,195.39162921079367,61240800
2017-01-18,195.77149963378906,195.81467128727922,195.0376210468734,195.590183958786,54793300
2017-01-19,195.0463409423828,195.98742276213324,194.6146505838759,195.8492786856164,66608800
2017-01-20,195.762939453125,196.25505958847907,195.09813264304947,195.72839684852326,129168600
2017-01-23,195.25357055664062,195.82340506950956,194.49380438029476,195.76297526161827,75061600
2017-01-24,196.50547790527344,196.91989700590233,195.357179845442,195.46941039248264,95555300
2017-01-25,198.206298828125,198.206298828125,197.2911042881558,197.45514871677426,84437700
2017-01-26,197.99911499023438,198.32720390092243,197.72282681825598,198.05954479401393,59970700
2017-01-27,197.68824768066406,198.22353941160668,197.50693196662186,198.07676629744958,59711100
2017-01-30,196.46221923828125,197.02341124743103,195.47796607626447,196.99751088849428,79737300
2017-01-31,196.4449920654297,196.50543503261844,195.4003088892889,195.97013008802804,75880800
2017-02-01,196.522705078125,197.36018538702106,195.93561254256352,196.44500397914956,79117700
2017-02-02,196.6521759033203,196.93709304303005,195.83196708095988,196.52266092664826,69657600
2017-02-03,198.0076904296875,198.1890061402115,197.2479245108015,197.5587420330272,80563200
2017-02-06,197.65371704101562,197.99907719005563,197.3169991295408,197.6019163121953,57790100
2017-02-07,197.6623992919922,198.2840345119611,197.47245446510473,198.0422889457671,57931200
2017-02-08,197.92138671875,198.05088854775087,197.11843585651454,197.66236988660492,51566200
2017-02-09,199.0956268310547,199.3978022203506,197.92142836252987,197.92142836252987,65955200
2017-02-10,199.8812255859375,200.1057129594876,199.1128174264858,199.44090624989494,66015900
2017-02-13,200.96910095214844,201.22811776053453,200.3474658816787,200.37336624510309,55182100
2017-02-14,201.77206420898438,201.7807064473189,200.44246374570403,200.78781075134617,71109000
2017-02-15,202.82542419433594,203.01536903198357,201.50445257060667,201.55625331284767,86785800
2017-02-16,202.6527099609375,203.0325995599349,201.90157300101112,202.85128382436127,84722400
2017-02-17,202.97213745117188,202.97213745117188,201.97061281627794,201.9878841166429,77204100
2017-02-21,204.18087768554688,204.3535511663621,203.33475523351058,203.3433974707437,88946100
2017-02-22,203.99960327148438,204.22407752457949,203.6110845674508,203.77512901838926,62115200
2017-02-23,204.13771057128906,204.53485826860089,203.37793142979874,204.5176001420342,74615900
2017-02-24,204.39675903320312,204.43991753044466,203.2484610798872,203.29163275127317,82381600
2017-02-27,204.71617126464844,204.8888447470126,204.0600067620078,204.31038133531447,56515400
2017-02-28,204.1636505126953,204.57806959105193,203.7751318033519,204.33632403083183,96961900
2017-03-01,207.02139282226562,207.48762570939044,205.80402305205783,205.82129435228447,149158200
2017-03-02,205.7176971435547,206.84009454688626,205.66589641594808,206.8314523095236,70246000
2017-03-03,205.84719848632812,206.01124290613103,205.25146377194582,205.63135333903844,81974300
2017-03-06,205.23423767089844,205.58821375534086,204.62986062486473,205.05292192225946,55391500
2017-03-07,204.62118530273438,205.28599199859568,204.41396923315463,204.9320028200333,65103700
2017-03-08,204.24131774902344,205.17377040129966,204.1031736877656,204.91475357997692,78168800
2017-03-09,204.50038146972656,204.82847039692095,203.53339916744304,204.36223737678725,90683900
2017-03-10,205.21690368652344,205.50182081927755,204.26717991067636,205.45864916144083,81991700
2017-03-13,205.32057189941406,205.3637435712909,204.82845172762308,205.15652745076886,57256800
2017-03-14,204.53489685058594,204.8284563214455,203.92190388827856,204.77664240954445,59880800
2017-03-15,206.30477905273438,206.72784026341827,204.87156418304605,205.10468061947526,96081800
2017-03-16,205.8990478515625,206.52068307653167,205.57097210860044,206.44298196694686,78344000
2017-03-17,205.53741455078125,206.35252518012385,205.53741455078125,206.1617540442583,89002100
2017-03-20,205.31201171875,205.82361932466796,204.92180275205763,205.53746255403775,52537000
2017-03-21,202.67587280273438,206.04036769204072,202.54580758029502,205.91896907394496,131809300
2017-03-22,203.1527862548828,203.4389429554005,202.086211812194,202.7105512985133,97569200
2017-03-23,202.9359893798828,204.07193627568725,202.5631269710424,203.15277354263802,100410300
2017-03-24,202.78858947753906,203.8118044338847,202.00817173901973,203.23950426698332,112504900
2017-03-27,202.58045959472656,202.8406032355756,200.8375196945119,201.11499654168372,87454500
2017-03-28,204.0546112060547,204.4794997138661,202.1642463510937,202.27697835428734,93483900
2017-03-29,204.245361328125,204.47949192913052,203.54298275656367,203.76844675436723,61950400
2017-03-30,204.89572143554688,205.09517239970486,204.01125154367315,204.18467623434705,56737900
2017-03-31,204.41879272460938,205.08647839915892,204.36675341269142,204.55752452869268,73733100
2017-04-03,204.06321716308594,204.67021001631844,202.8318850232566,204.4707723427103,85546500
2017-04-04,204.19332885742188,204.28004781254936,203.39556474977752,203.77710698201065,56466200
2017-04-05,203.58636474609375,205.84959218884566,203.37824716313773,204.86972342901407,108800600
2017-04-06,204.15866088867188,204.67893495482306,203.28284437874893,203.72509255115142,69135800
2017-04-07,203.95053100585938,204.6442429502869,203.46493661419655,203.90717152843487,74412300
2017-04-10,204.0719757080078,204.86973999332233,203.54302171941845,204.08932214918752,67615300
2017-04-11,203.8291473388672,203.9331995071442,202.33767118010337,203.69040229352734,88045300
2017-04-12,202.9359893798828,203.7424333456889,202.7105386139413,203.55166222394791,81864400
2017-04-13,201.61793518066406,203.33487525261768,201.61793518066406,202.59780381684874,92880400
2017-04-17,203.404296875,203.404296875,201.93883348420877,202.13827125452727,68405400
2017-04-18,202.79722595214844,203.33485962442262,202.11219388179552,202.6671607588707,83225800
2017-04-19,202.4243927001953,203.7337643495707,202.198928690804,203.3609019208942,68699900
2017-04-20,204.0719757080078,204.5142239536143,202.7192443880633,203.04008077686973,92572200
2017-04-21,203.42161560058594,204.04595514547796,203.02274008835104,203.99392905531317,110389800
2017-04-24,205.65882873535156,205.8669463260892,203.39560120797648,205.66749533983582,119209900
2017-04-25,206.85546875,207.20231814801264,206.2137828090746,206.30050177430596,76698300
2017-04-26,206.7254180908203,207.70528695753478,206.6820718338343,206.82080367281426,84702500
2017-04-27,206.89883422851562,207.2023241527077,206.36120044512217,207.04624588851578,57410300
2017-04-28,206.44793701171875,207.1849953745508,206.31785854901338,207.1589823283013,63532800
2017-05-01,206.9681854248047,207.39308717979222,206.55196350512594,206.9681854248047,66882500
2017-05-02,207.0462646484375,207.22835597316018,206.6387092797332,207.1069573461924,57375700
2017-05-03,206.79481506347656,207.14167778056154,206.11844930448552,207.04629218729562,73137700
2017-05-04,207.03750610351562,207.17625111914933,206.18771603780183,207.0982120096502,61462700
2017-05-05,207.85263061523438,207.8699770512272,206.9681476199527,207.41039573332046,62001300
2017-05-08,207.81797790527344,208.0434286765807,207.39307617283666,207.89601703017337,48385700
2017-05-09,207.62722778320312,208.27758035273882,207.2803651405766,208.07814260288913,51363200
2017-05-10,208.00009155273438,208.00009155273438,207.3757520235191,207.58386961040986,54293800
2017-05-11,207.5751495361328,207.73990759604865,206.4912288592693,207.54913649840438,62358300
2017-05-12,207.2283172607422,207.61852611513942,206.9595070106342,207.323702823502,53912700
2017-05-15,208.3729705810547,208.49436920082206,207.6358990265303,207.6532454669134,61918900
2017-05-16,208.1821746826172,208.6937821457131,207.79196582485682,208.66776910395944,51241800
2017-05-17,204.48817443847656,208.18217186348366,204.42746852090303,208.18217186348366,172174100
2017-05-18,205.31201171875,206.16180219332924,204.15003819306568,204.41018191468035,107047700
2017-05-19,206.6473388671875,207.3150378116319,205.74552254718085,205.7975486306391,115011400
2017-05-22,207.6966094970703,207.8613676056722,207.08961638495092,207.15897568508672,61010600
2017-05-23,208.15615844726562,208.32091653014805,207.68789723997293,208.06943948844685,48341700
2017-05-24,208.64173889160156,208.745791050053,208.05207912031636,208.3902750981925,46927700
2017-05-25,209.63893127441406,209.91642132642227,208.94523260730145,209.15333691485367,64071700
2017-05-26,209.59561157226562,209.76035642612135,209.37014756859512,209.44818669380922,46629900
2017-05-30,209.41351318359375,209.66497700491354,209.11868988095512,209.2747681359558,35201900
2017-05-31,209.36148071289062,209.74302296652962,208.6677687273157,209.7083300899503,91796000
2017-06-01,211.02635192871094,211.0436983645666,209.53487600001444,209.8210326500909,68962000
2017-06-02,211.728759765625,211.88485124705335,210.78358396801957,211.0784072611607,88666100
2017-06-05,211.5727081298828,211.8415184151761,211.373257143443,211.55536168944082,44698800
2017-06-06,210.89630126953125,211.56398693426056,210.81824891852972,211.00902003172516,50375400
2017-06-07,211.28656005859375,211.51201086774532,210.56683491252886,211.23453396659397,54144300
2017-06-08,211.39056396484375,211.86749175168293,210.8616100978866,211.3818973619757,65950700
2017-06-09,211.06976318359375,212.4571740689785,209.80373768461638,211.65940983280444,132256400
2017-06-12,211.02635192871094,211.07837800482417,210.17656181213624,210.826914226459,86108100
2017-06-13,212.05828857421875,212.11031466064384,211.21716489312982,211.56401429026786,60067000
2017-06-14,211.7894744873047,212.33576161637254,210.96568402890944,212.32709501261013,78602300
2017-06-15,211.38185119628906,211.5032497672025,210.15918565472762,210.4366624319075,66464900
2017-06-16,211.4281005859375,211.59366213965603,210.54802631656844,211.5413823428988,84553100
2017-06-19,213.1882781982422,213.24926686697899,212.16006003399033,212.2559107671326,65123800
2017-06-20,211.75047302246094,212.83967962820253,211.73305528987402,212.83097076190907,56906400
2017-06-21,211.69827270507812,212.2559461647314,211.2277411249892,212.14267767647863,55977600
2017-06-22,211.6023406982422,212.20358486679302,211.42807030201936,211.70691357275902,44148100
2017-06-23,211.8550567626953,212.18616654655568,211.27995245433502,211.6633553265752,66986800
2017-06-26,211.99449157714844,212.9442900095876,211.7853723814404,212.5260250262087,56700500
2017-06-27,210.28662109375,212.0729228867936,210.26919006225233,211.7766485352585,82247700
2017-06-28,212.16876220703125,212.3691725225431,211.0708333133998,211.30610569003233,70042600
2017-06-29,210.3040008544922,212.36913216812624,209.09280373232187,212.31685238236003,106949700
2017-06-30,210.69618225097656,211.4891280533793,210.5044807757587,211.11443397145985,86820700
2017-07-03,211.05343627929688,212.07293228339097,211.05343627929688,211.6372495485141,39153800
2017-07-05,211.5413818359375,211.75050102246536,210.60901447606477,211.41939121180266,54427600
2017-07-06,209.60694885253906,210.896565916886,209.42395626898553,210.77457529317726,65400800
2017-07-07,210.9662628173828,211.11439332953753,209.61564388235107,210.18203933045078,57972300
2017-07-10,211.19285583496094,211.56754992071063,210.66132233842012,210.9663055873796,36663300
2017-07-11,211.03599548339844,211.34968756983605,209.86836899898452,211.1928348786266,50354600
2017-07-12,212.62185668945312,212.78741823519627,212.00319472965325,212.00319472965325,59610400
2017-07-13,212.9790802001953,213.09236193070166,212.40397597820913,212.63053943922185,39471600
2017-07-14,213.9724578857422,214.32972084467653,212.88325127629287,212.97910198976356,60262700
2017-07-17,213.9463653564453,214.27748849373867,213.77209491954747,213.89408555497417,33531900
2017-07-18,214.05960083007812,214.111880620243,213.19694440442012,213.536776336471,42742500
2017-07-19,215.21856689453125,215.22727576286687,214.36461914228397,214.37334130660176,51034300
2017-07-20,215.3144073486328,215.5932373778615,214.76544286211356,215.4712467470774,47135200
2017-07-21,215.12271118164062,215.1488510820248,214.51274471672465,214.73930824803008,82340800
2017-07-24,215.07041931152344,215.20982767375511,214.59987453905043,215.04426611662504,46622300
2017-07-25,215.5932159423828,215.92433903415252,215.36666573516052,215.8197661496051,54915600
2017-07-26,215.6019744873047,215.91566662126573,215.34057545565656,215.88081784904043,47575400
2017-07-27,215.40150451660156,216.09859943202983,214.0770255068858,216.06375066944926,70766600
2017-07-28,215.14881896972656,215.27951845213977,214.4691550692181,214.92225547223714,50088400
2017-07-31,215.02687072753906,215.64553279418223,214.8177382184862,215.54968205619747,65838700
2017-08-01,215.506103515625,215.66294291021597,214.9832789416926,215.62809414341172,55050400
2017-08-02,215.6106719970703,215.75009366199518,214.67830457086475,215.636811897246,47211200
2017-08-03,215.1923828125,215.52349258904115,214.91353953122382,215.49735269341895,40856000
2017-08-04,215.58450317382812,215.9156129636254,215.2011002947134,215.68035389360682,60191800
2017-08-07,215.98532104492188,215.98532104492188,215.54963837800045,215.65421125932787,31995000
2017-08-08,215.4538116455078,216.8915725839997,215.07913089231317,215.6716530032204,61719400
2017-08-09,215.445068359375,215.49734814951708,214.40814153496007,214.76540449556975,62632600
2017-08-10,212.4040069580078,214.73927294426474,212.35172716583438,214.6085601678515,120479500
2017-08-11,212.7176971435547,213.31023247361526,212.3952962306565,212.6305685893555,74869900
2017-08-14,214.82644653320312,215.0442879102448,213.9638031895468,213.99865195964117,73291900
2017-08-15,214.8002471923828,215.22722095978656,214.4952773265048,215.20978993157163,55242700
2017-08-16,215.17494201660156,215.72390639170933,214.7479682475201,215.32307251706357,56715500
2017-08-17,211.8202362060547,214.87873762051356,211.8202362060547,214.56504550867118,128490400
2017-08-18,211.48907470703125,212.77869160921608,211.04466990113158,211.65462294297717,136748000
2017-08-21,211.65469360351562,211.9161059361441,210.72233934885384,211.4281433397622,65469700
2017-08-22,213.86790466308594,214.02474403743867,212.2210247524849,212.23845578162837,63140100
2017-08-23,213.10110473632812,213.52807853810498,212.75256391984325,212.9006944316483,50203800
2017-08-24,212.6044464111328,213.6413600571869,212.3953139308632,213.48452066897022,50741700
2017-08-25,213.10110473632812,214.01604099957572,212.95297422452305,213.39736575993825,64445900
2017-08-28,213.10987854003906,213.6588297942259,212.69161350372713,213.6326898914543,40565600
2017-08-29,213.35382080078125,213.61521978067924,211.6807875535501,211.79406930882632,51135700
2017-08-30,214.36456298828125,214.6346973877078,213.15336580780374,213.33635836277287,62030800
2017-08-31,215.6542510986328,215.8982323735028,214.39948265874023,214.98329594474924,103803900
2017-09-01,215.95924377441406,216.3862176983676,215.81111322022213,216.02895461685446,62007000
2017-09-05,214.4081573486328,215.68035661849729,213.44094127173,215.45379311653255,91398800
2017-09-06,215.14007568359375,215.47119873450276,214.55626255950273,215.0877958957615,57916900
2017-09-07,215.11399841308594,215.46255259340205,214.70445556120356,215.44512156039062,58034700
2017-09-08,214.86126708984375,215.3230896562732,214.61728585837085,214.82640503050195,63832800
2017-09-11,217.1529998779297,217.23141958108957,216.1160728162081,216.13349055292215,71364800
2017-09-12,217.8849334716797,217.91978223945418,217.33596898336484,217.51896157813033,56896000
2017-09-13,217.98948669433594,218.02434875707223,217.48409315250922,217.59737491243038,59228000
2017-09-14,217.91981506347656,218.12023872030875,217.49285443801577,217.6671248951008,95446300
2017-09-15,218.21311950683594,218.30068046006895,217.67019616611202,217.7752746547774,95432400
2017-09-18,218.67727661132812,219.027547216473,218.2919709284885,218.5809501906182,46235200
2017-09-19,218.8961944580078,218.98376878842842,218.57219348699178,218.92246408474065,47108100
2017-09-20,218.97499084472656,219.08883479538468,217.97670499993538,218.9837562944486,59574100
2017-09-21,218.3882598876953,218.90491361834765,218.21312461516493,218.81735266306487,48211400
2017-09-22,218.4320526123047,218.59843580213592,218.06426452202962,218.09053414548032,51214000
2017-09-25,217.98548889160156,218.52842573690629,217.24116046476377,218.17814174606968,57064400
2017-09-26,218.11676025390625,218.6596835128594,217.8803203280553,218.41449150159266,54082000
2017-09-27,218.9662322998047,219.35153794116275,217.93291141052939,218.81736664054645,81001400
2017-09-28,219.22891235351562,219.30772121626998,218.59841472755318,218.68597567662562,44778800
2017-09-29,219.99951171875,220.07833394402294,219.03626110039076,219.2201484481118,85578000
2017-10-02,220.95407104492188,220.95407104492188,220.0520981995578,220.22724686046223,59023000
2017-10-03,221.42691040039062,221.45318002389556,220.87522158285677,220.95404381533672,66810200
2017-10-04,221.68963623046875,221.93482830911222,221.1642169979664,221.27806094946735,55953600
2017-10-05,223.003173828125,223.02067800399251,221.7246608055824,222.02239213892577,63522800
2017-10-06,222.74920654296875,223.03818577572494,222.29385747495817,222.5565537211313,80646000
2017-10-09,222.3814239501953,223.03819130584384,222.11871433554268,222.97689996753897,35803100
2017-10-10,222.96812438964844,223.3446779380046,222.4076834727646,222.95062021490847,43057400
2017-10-11,223.31838989257812,223.31838989257812,222.70540977810776,222.87177959620632,47674300
2017-10-12,222.98565673828125,223.3534448617325,222.74921674393175,223.00317427615025,47065100
2017-10-13,223.25704956054688,223.5372766321218,222.98558793618503,223.4234327140492,54800400
2017-10-16,223.55484008789062,223.7474929101981,223.14327818056006,223.48479666338406,38221700
2017-10-17,223.71250915527344,223.75629632449372,223.28341627606332,223.5023387601968,31561000
2017-10-18,223.931396484375,224.13280139680816,223.7387436596247,224.089014234462,40888300
2017-10-19,223.99267578125,224.02771085402995,222.73169376244084,223.1520211020439,61903800
2017-10-20,225.14859008789062,225.17488643668273,223.97518233287232,224.78958078944234,89176400
2017-10-23,224.27288818359375,225.4988752080291,224.1940793132681,225.4726055845872,63915300
2017-10-24,224.66693115234375,224.90335773374272,224.3078951942681,224.70196622052663,66935900
2017-10-25,223.55484008789062,224.44804741295565,222.425206140693,224.3342034646924,103715300
2017-10-26,223.8437957763672,224.4392583557997,223.7211997534273,224.16781004996602,69798000
2017-10-27,225.67401123046875,225.8316557049051,223.8525882021322,224.58816442841805,85562500
2017-10-30,224.83335876464844,225.57770044809095,224.53562743605787,224.5881666867543,54285700
2017-10-31,225.18362426757812,225.43758178950736,224.88589294569937,225.20989389233412,60304800
2017-11-01,225.48133850097656,226.30448897952348,225.11356378226472,225.96298388357675,54202700
2017-11-02,225.56898498535156,225.70909859290256,224.34302432420296,225.4113671983335,56449500
2017-11-03,226.322021484375,226.36579528131784,225.31495691539166,225.72653215758763,59589700
2017-11-06,226.67227172851562,226.80361983150902,226.12058297201602,226.1906263856367,49652600
2017-11-07,226.51463317871094,227.11009567348455,226.00671826193206,226.7773293605449,57502200
2017-11-08,226.89999389648438,226.99633368054424,226.05933908728295,226.33956626499494,50469600
2017-11-09,226.07681274414062,226.2694655395448,224.49178986326726,225.6915071533323,95085500
2017-11-10,226.0067901611328,226.18193882069187,225.3762924002271,225.69155464264665,59984700
2017-11-13,226.2169952392578,226.44468320027622,225.28876593902152,225.32380102316415,50228600
2017-11-14,225.69151306152344,225.79659154832598,224.6319092970982,225.41128594743105,61315200
2017-11-15,224.56185913085938,225.24489599847416,223.85255264233354,224.71947685632563,80811500
2017-11-16,226.4708709716797,226.8386724123831,225.4638331390832,225.50760693548455,67777000
2017-11-17,225.80540466308594,226.4446679669738,225.72659577202094,226.12066695128314,75756800
2017-11-20,226.19065856933594,226.3833113891138,225.80535292978027,226.0505717221622,48075500
2017-11-21,227.6706085205078,227.85452264071768,226.15568209701803,226.96130183951243,69176800
2017-11-22,227.46914672851562,227.81065178760568,227.30276356098338,227.67930368795567,45033400
2017-11-24,227.9945526123047,228.09965782216804,227.81943071038896,227.9595442662785,27856500
2017-11-27,227.8808135986328,228.33616276857973,227.67939528218878,228.03843138162165,52274900
2017-11-28,230.19253540039062,230.2188050210911,228.248503296773,228.34484305529307,98971700
2017-11-29,230.05247497558594,230.85812140299734,229.60589132054656,230.3239366934897,77512100
2017-11-30,232.0666046142578,232.97730293049327,230.8931832759286,230.97199216537572,127894400
2017-12-01,231.5849609375,232.32930275342545,228.3449240974965,231.8476839616756,164390900
2017-12-04,231.3046875,233.63399855789893,231.25212153259577,233.20491916153784,94040600
2017-12-05,230.47276306152344,232.18910730727188,230.3414149577032,230.47276306152344,77994500
2017-12-06,230.51658630371094,230.9456925001427,230.05247175470237,230.5691255565094,75898600
2017-12-07,231.24342346191406,231.55865897818853,230.2538896626083,231.24342346191406,77218600
2017-12-08,232.50442504882812,232.51316377521968,231.2083944255536,232.19792825071,76563900
2017-12-11,233.2049560546875,233.2662607564171,232.4781452556727,233.2049560546875,83077500
2017-12-12,233.6165313720703,234.08941136214892,233.23999115956917,233.99307158457145,85195800
2017-12-13,233.59019470214844,234.299501121718,233.5026203996494,233.8616563331479,102905400
2017-12-14,232.6356964111328,234.00177001438666,232.5831571743865,233.88792609346132,100666700
2017-12-15,234.572998046875,235.03948485061713,233.58721663976172,233.64002443939074,144610300
2017-12-18,236.0605010986328,236.41256208052275,235.8668635295137,235.97247913802755,83653600
2017-12-19,235.1538543701172,236.35086668899152,235.08342608046436,236.30686915335028,82382900
2017-12-20,235.0306396484375,236.17484428429617,234.7313865415287,236.1220364925196,76751500
2017-12-21,235.5147247314453,236.22768365572136,235.26827941138984,235.65555446583778,67032300
2017-12-22,235.4531707763672,235.56759663243676,234.91625565031677,235.5323824781393,78720900
2017-12-26,235.17149353027344,235.3915349721139,234.90745454427588,235.04825742978952,45244400
2017-12-27,235.2859649658203,235.64683622362304,235.0131156739141,235.33877277325166,57751000
2017-12-28,235.77000427246094,235.81402867797968,235.4003496850609,235.78762477887966,45116100
2017-12-29,234.8810577392578,236.36854024997027,234.68744702855656,236.35094660186965,96007400
2018-01-02,236.5622100830078,236.59742424454294,235.3563869406468,235.74366213592793,86655700
2018-01-03,238.05850219726562,238.20814223785126,236.72944292457163,236.72944292457163,90070400
2018-01-04,239.06190490722656,239.54601238539234,238.12014758092292,238.701060438399,80636400
2018-01-05,240.65496826171875,240.77817751822775,239.36112333545296,239.85401408255126,83524000
2018-01-08,241.09506225585938,241.25348567600324,240.26770413662032,240.55814707355077,57319200
2018-01-09,241.64071655273438,242.26562672470052,241.23582096140757,241.51748045262772,57254000
2018-01-10,241.27105712890625,241.53512299871895,240.21487423124526,240.88378200827157,69574300
2018-01-11,243.03140258789062,243.03140258789062,241.65834594076944,241.82557960963317,62361500
2018-01-12,244.61570739746094,244.78291419901413,242.99617857933265,243.2954586087151,90816100
2018-01-16,243.77955627441406,246.5256696509318,243.08421767570212,245.87435546460017,106555100
2018-01-17,246.10313415527344,246.49040923677632,243.77951052678327,244.71248407935101,113258800
2018-01-18,245.68955993652344,246.41127567131488,245.19664224516322,245.98881316520004,100728000
2018-01-19,246.80731201171875,246.80731201171878,245.68951103937377,246.27039686967373,140920100
2018-01-22,248.81411743164062,248.8141174316406,246.54327421248192,246.59610888178338,91322400
2018-01-23,249.3421630859375,249.6326059650939,248.53239877650185,248.85805580664078,97084700
2018-01-24,249.245361328125,250.58323062359455,248.06594230116605,249.98469742589643,134816100
2018-01-25,249.35096740722656,250.20472933165445,248.5588235370582,250.1079239839861,84587300
2018-01-26,252.23789978027344,252.28192418600324,249.93186971272266,250.1871253122653,107743100
2018-01-29,250.5656280517578,252.10591841417175,250.40720463243727,251.66583545348206,90118300
2018-01-30,247.99546813964844,250.61834443784775,247.52017119453294,248.7348040206489,131796400
2018-01-31,248.11866760253906,249.35089402243372,247.04486453794772,248.8492200639733,108364800
2018-02-01,247.83709716796875,249.139752342768,247.04495324648897,247.38823083343112,90102500
2018-02-02,242.44171142578125,246.648903414558,242.40649726832018,246.51685703921194,173174800
2018-02-05,232.3021697998047,242.79375870651555,231.75647126237143,240.68136600719666,294681800
2018-02-06,236.87899780273438,237.38069869543102,227.69887605003453,228.7902729165111,355026800
2018-02-07,235.5940399169922,239.7219936555616,235.51480134144427,236.32456586247582,167376100
2018-02-08,226.7571258544922,236.03408117347925,226.72191170053435,235.89325141817721,246449500
2018-02-09,230.16334533691406,232.02048219017414,222.61152153411334,229.54721856312062,283565300
2018-02-12,233.54310607910156,235.0129942546114,230.30410354758772,232.21404760416,143736000
2018-02-13,234.1240692138672,234.66976763389977,231.75642140267445,232.3373339706034,81223600
2018-02-14,237.2838897705078,237.64476096412412,232.62780526622583,232.63661551940828,120735700
2018-02-15,240.3116455078125,240.3204557603827,236.5621309444541,239.02661107728906,111200300
2018-02-16,240.3820343017578,242.32721978062207,239.64269835895715,239.68672275896623,160420100
2018-02-20,238.8770294189453,240.8750232824043,238.08488544944555,239.43153825575493,86369700
2018-02-21,237.68882751464844,241.79921472550373,237.59202214364907,239.31714005497963,98883700
2018-02-22,237.9968719482422,240.3293063871522,237.3279640789248,238.61299886895065,110511300
2018-02-23,241.79042053222656,241.7904205322266,238.7450533632714,239.2203505757101,92766400
2018-02-26,244.5980682373047,244.6949004419044,242.2744445137796,242.86414055255415,86491400
2018-02-27,241.5438690185547,245.49583131620943,241.48225097241271,244.7828723804004,99099200
2018-02-28,239.0970458984375,243.09300634693332,238.78019908798586,242.64411317159698,121907800
2018-03-01,235.6204376220703,240.43494648514266,234.124144749757,238.88584580420968,176855100
2018-03-02,236.8349609375,237.39827984572887,233.085473539132,233.948018684137,139083200
2018-03-05,239.57240295410156,240.18852994271782,235.54122734168752,235.64686983214997,97307400
2018-03-06,240.17967224121094,240.6285654402573,238.68337948474397,240.5493268729292,79213200
2018-03-07,240.09165954589844,240.44372054320368,237.8208432818271,238.01448085942482,87063500
2018-03-08,241.25347900390625,241.37668826265542,239.77480673572597,240.76937164170073,66901200
2018-03-09,245.45179748535156,245.45179748535156,242.3448137270759,242.66168733754333,113625300
2018-03-12,245.143798828125,246.3672423323109,244.75652368007562,245.7423320590852,71924800
2018-03-13,243.55947875976562,246.80729267739554,242.9521622151338,246.30559172999912,91968900
2018-03-14,242.30966186523438,244.70371419100942,241.75517991030418,244.51888687269934,105895100
2018-03-15,242.0455780029297,243.46263194836675,241.54387708563357,242.82012815022333,83433000
2018-03-16,242.3080291748047,243.35962338871246,242.25500988402808,242.57312562868768,100343700
2018-03-19,239.0295867919922,242.48482208147317,237.37708882052542,241.5569572533792,109208400
2018-03-20,239.43603515625,240.07229361657843,238.7555759746704,239.42718961837912,59757300
2018-03-21,238.97650146484375,241.48618015205858,238.7644242982943,239.39183722807212,78709600
2018-03-22,233.00282287597656,237.5979999945079,232.72885384939002,236.74966416722836,148785900
2018-03-23,228.036376953125,233.77154799995856,227.84196391817977,233.44458675211894,183534800
2018-03-26,234.27523803710938,234.55802554492635,229.238217023612,231.64185690385426,141956100
2018-03-27,230.28985595703125,235.74221375579822,228.73455132957181,235.21202078562462,129941400
2018-03-28,229.60939025878906,232.09258645062064,228.50477665506375,230.42239773709733,146452300
2018-03-29,232.54330444335938,234.40790666269632,229.6182890991537,230.7494126132141,111601600
2018-04-02,227.52392578125,232.52562014188928,225.0495882525477,232.0130642531419,186286300
2018-04-03,230.4401092529297,230.91730997897946,226.9672098407095,228.76110162347888,119956900
2018-04-04,232.90560913085938,233.6125511780007,226.7551270227763,226.8876752856015,123715300
2018-04-05,234.7436981201172,235.62738914999005,233.5772194883386,234.6641421954918,82652600
2018-04-06,229.51223754882812,234.27531822190647,227.992287884209,232.78190517782255,179521200
2018-04-09,230.6433563232422,234.03672660538797,229.70664599907167,230.970317685891,105442900
2018-04-10,234.31065368652344,235.09715158909322,232.39305939698409,233.5330013233873,103529000
2018-04-11,233.08236694335938,234.7437104819056,232.75540555998597,232.82608898012964,91140200
2018-04-12,234.9998779296875,235.94543351762692,234.23107128143647,234.4078202211249,68890500
2018-04-13,234.31065368652344,236.42268803495486,233.30326001108475,236.30780389474955,85079200
2018-04-16,236.2371368408203,237.00597077363312,235.12370436040914,235.9455306352184,63405300
2018-04-17,238.76443481445312,239.3653381248785,237.49191782290248,238.00444665400536,64682000
2018-04-18,238.94122314453125,239.74535822498413,238.48168656357623,239.20631965807513,57303900
2018-04-19,237.61569213867188,238.49053762171857,236.58176177570866,238.28727897789233,77655900
2018-04-20,235.6008758544922,237.76592987926776,234.71718473713278,237.54500709992791,99953100
2018-04-23,235.56546020507812,236.73193851944254,234.48735636327513,236.17520900721848,65558000
2018-04-24,232.3930206298828,236.8114747123485,230.89073545460306,236.59055200822522,112885500
2018-04-25,232.96743774414062,233.40928319691392,230.5107781054454,232.33117921342284,103840900
2018-04-26,235.3357391357422,236.16641080171698,233.5506930918964,233.99253857515498,67731900
2018-04-27,235.556640625,236.2459184379711,234.61993044245224,235.94546677263557,57053600
2018-04-30,233.74508666992188,236.7319662022988,233.67437629636294,236.17523662497214,82182300
2018-05-01,234.1604461669922,234.2664847699566,231.62423039491986,233.17953515335418,74203400
2018-05-02,232.5874786376953,234.7790150265446,232.19865244584616,233.96603442039367,86368900
2018-05-03,232.07493591308594,232.72885865092718,228.92015243741184,231.75682008433407,136311500
2018-05-04,235.07945251464844,235.75991179330262,230.77588198168894,231.10284331231682,91222100
2018-05-07,235.8748779296875,236.84691672036024,235.1590632137618,235.84836827118036,55304900
2018-05-08,235.8748779296875,236.23716760657956,234.3107271734169,235.5037157424711,67499200
2018-05-09,238.15467834472656,238.48163963646277,236.02498021129696,236.54635456407956,59666100
2018-05-10,240.38162231445312,240.70861064610264,238.790989260651,238.89702786848983,72063900
2018-05-11,241.11508178710938,241.38017828562056,239.99277701782748,240.505332872426,59871500
2018-05-14,241.2299346923828,242.20197303980675,240.68202371955482,241.5480504494079,54790600
2018-05-15,239.568603515625,240.01926752715545,238.6230477994931,240.00160341803257,87036100
2018-05-16,240.57601928710938,241.0355558477446,239.5774441834004,239.6039808016906,53942600
2018-05-17,240.37277221679688,241.4508762019442,239.59511990382418,240.31090738096805,56536400
2018-05-18,239.77182006835938,240.39041443409954,239.4183491314095,240.02809795909218,64368000
2018-05-21,241.5746307373047,242.11369632959241,240.86768864734367,241.25651488725586,58025900
2018-05-22,240.90296936035156,242.35223541747547,240.5760080340291,242.09595749896323,52966400
2018-05-23,241.5657196044922,241.59225621956955,239.47137658934227,239.63046143928264,64694200
2018-05-24,241.07089233398438,241.44205441736767,239.28584623493438,241.16811236672407,76043800
2018-05-25,240.4965057373047,241.1239188105329,239.99279538347892,240.4965057373047,56374800
2018-05-29,237.7305908203125,239.63054842609174,236.61715827517813,238.87055999015715,115908600
2018-05-30,240.90296936035156,241.3448148214591,238.96771105135883,239.03839445916907,69678400
2018-05-31,239.42723083496094,240.7969410355754,238.8263274545693,240.4964893453796,93519900
2018-06-01,241.7778778076172,242.0783295298531,240.6555729092625,240.72628329573612,71258400
2018-06-04,242.92662048339844,243.18289839279595,242.36107233671052,242.59965916870462,45385200
2018-06-05,243.1033477783203,243.48332835514094,242.2903403653031,243.05914705685763,51135000
2018-06-06,245.13589477539062,245.24193338774694,243.09457058319848,243.71316511275833,62732200
2018-06-07,245.10935974121094,245.9135217591233,244.19915912192252,245.62191560533927,72969400
2018-06-08,245.833984375,245.88700367386923,244.48193831762,244.64984175340834,72139700
2018-06-11,246.16090393066406,246.87669131202748,245.93998123349996,246.05486535092172,58892500
2018-06-12,246.47901916503906,246.84130861607645,245.8339152527073,246.57621219626867,72329000
2018-06-13,245.69252014160156,246.97388242245526,245.489261575478,246.7176045726646,79070600
2018-06-14,246.31118774414062,246.84138073866893,245.71910294277393,246.55862013095637,77097600
2018-06-15,245.99696350097656,246.33427828335442,244.4169314328949,245.52650527534564,120041600
2018-06-18,245.490966796875,245.61525205762882,244.06184883342064,244.54116518123627,52917600
2018-06-19,244.55003356933594,244.7719483003426,242.80134440543546,243.218545183296,97531500
2018-06-20,244.96730041503906,245.63304478761074,244.62998559866284,245.2335873283846,53785500
2018-06-21,243.431640625,244.97618599202502,242.9345536599736,244.95841547164042,71061400
2018-06-22,243.87545776367188,244.80751609244447,243.65354298385074,244.69211607266445,54898500
2018-06-25,240.5556640625,242.8813270339227,238.86911685407384,242.7215548654764,137854200
2018-06-26,241.08827209472656,241.94041744056383,240.36927022648695,241.12378605182332,68547400
2018-06-27,239.09095764160156,243.10316657911685,238.94004369199013,241.6740485885047,105110700
2018-06-28,240.4579620361328,241.2213357813261,238.3275587424145,239.03770220338833,76650500
2018-06-29,240.80413818359375,242.91677098828745,240.68873817656709,241.54976851068503,97592500
2018-07-02,241.3190155029297,241.47881474566486,238.99335274868304,239.2330380681814,63554800
2018-07-03,240.4668426513672,242.31318873303871,240.0407836242166,242.2155321465129,42187100
2018-07-05,242.4285125732422,242.49065519852093,240.5200513293396,241.59413811761425,56925900
2018-07-06,244.47906494140625,244.8518665685956,242.07348943656189,242.45520341190885,66493700
2018-07-09,246.680419921875,246.73367729241565,245.4377027939233,245.48207490630662,50550400
2018-07-10,247.56809997558594,247.66575655603182,246.84021306391304,247.13315571604667,51966800
2018-07-11,245.75723266601562,246.80469076695235,245.45543188750847,246.0146613347306,77054700
2018-07-12,247.98524475097656,248.03850211401618,246.41409836291209,247.01769987015967,60124700
2018-07-13,248.1805877685547,248.4823885914814,247.35507136267833,247.80778614167045,48216000
2018-07-16,247.95867919921875,248.36699478287807,247.51484966809195,248.2249931714177,48201000
2018-07-17,248.9617462158203,249.35231838280768,247.13317065638194,247.1864280346797,52315500
2018-07-18,249.4853973388672,249.59191206792966,248.59773847774855,249.04156790830788,44593500
2018-07-19,248.54454040527344,249.20139945065603,248.06519692094298,248.81971255072858,61412100
2018-07-20,248.26046752929688,248.97061099686556,248.1006954075452,248.3403535901727,82337700
2018-07-23,248.7220458984375,248.9261901176102,247.71010170371684,248.0563016932374,47047600
2018-07-24,249.97369384765625,250.8169809217829,249.10380517035608,250.13349309116006,68026900
2018-07-25,252.10414123535156,252.42368559925572,249.68082145222385,249.72519358413933,78882900
2018-07-26,251.50929260253906,252.19278026627643,251.28737785713315,251.38503443149696,57919500
2018-07-27,249.8050537109375,251.9354302854918,248.8818805959211,251.8377736911189,76768700
2018-07-30,248.5001678466797,250.04468596219957,247.97642515611105,249.8849138307744,63742500
2018-07-31,249.72515869140625,250.3376457258567,248.88189867834086,249.26358564496655,68570500
2018-08-01,249.3079071044922,250.4352514320276,248.65993333683917,249.92927927348987,53853300
2018-08-02,250.66607666015625,250.8347069740888,247.7989278959903,248.0030992495822,63426400
2018-08-03,251.7401123046875,251.79336968061608,250.61276797272257,250.79031061862074,53935400
2018-08-06,252.66336059570312,252.97401968479372,251.38512901409962,251.77570128010137,39400900
2018-08-07,253.49765014648438,253.8793641115752,253.19584933141965,253.32901985532757,43196600
2018-08-08,253.39111328125,253.79057063969998,252.92954038482864,253.32899774327862,42114600
2018-08-09,253.0449676513672,253.84385536516058,252.9118242139356,253.45328322255867,35717000
2018-08-10,251.349609375,252.14849732314104,250.63946568504315,251.6070381556851,77076000
2018-08-13,250.40859985351562,252.23717515726742,250.11565722463394,251.62468830328046,65732900
2018-08-14,252.00637817382812,252.24606343472783,250.74591759633446,251.13648971338375,43842000
2018-08-15,250.12449645996094,250.79912581887615,248.68649353317588,250.65709715967313,102925400
2018-08-16,252.1484832763672,253.0183990896483,251.52711096842205,251.56262492324444,69967900
2018-08-17,253.03607177734375,253.4799012762992,251.5359259037381,251.94424145780033,65618500
2018-08-20,253.57757568359375,253.8438625660107,253.03608957040626,253.48880435971984,39807500
2018-08-21,254.17225646972656,255.0332867211678,253.61302700580478,254.092370416195,67272000
2018-08-22,254.02139282226562,254.54510839160795,253.49765016371987,253.76396412235042,44993300
2018-08-23,253.68405151367188,254.70485385858763,253.36448021459879,253.84382361860813,49204900
2018-08-24,255.21087646484375,255.35290517152356,254.20781734774647,254.26107472660067,57487400
2018-08-27,257.225830078125,257.33234482639574,256.24939973697053,256.40917185937667,57072400
2018-08-28,257.35015869140625,257.79398827676107,256.88855858554405,257.6874464213411,46943500
2018-08-29,258.73486328125,258.965636207914,257.3234886771743,257.56314686266506,61485500
2018-08-30,257.6874084472656,258.6283248624232,257.09269206048697,258.25552323561953,61229500
2018-08-31,257.6963195800781,258.14014914459057,256.7909170205872,257.27911870586814,66140800
2018-09-04,257.2525329589844,257.6075912520232,256.24947364147147,257.279161653732,57594400
2018-09-05,256.5600891113281,257.10157520760544,255.54817190054018,256.897403877992,72452400
2018-09-06,255.78781127929688,256.96838578660976,254.75812362647866,256.6665849884185,65909900
2018-09-07,255.29075622558594,256.2671866291312,254.50072664342497,254.7404119315528,73524800
2018-09-10,255.73463439941406,256.56903625847275,255.53934828156608,256.3027222309289,50210900
2018-09-11,256.577880859375,257.0217104592627,254.7404469036389,255.08661990516262,50530500
2018-09-12,256.6400451660156,257.2436469713986,255.8500424979255,256.58678777667075,59810800
2018-09-13,258.15789794921875,258.3443258744238,257.42115277604205,257.70521020465293,51034200
2018-09-14,258.2022399902344,258.548412894725,257.4210957791152,258.3620120999993,55079900
2018-09-17,256.8352355957031,258.18446743841525,256.56006349021055,258.1489805848816,68244000
2018-09-18,258.2288818359375,258.8235981934395,257.02165151471684,257.0482802010348,61930400
2018-09-19,258.5041198730469,258.9213207912113,258.1579197734338,258.2822050674107,49080600
2018-09-20,260.5989685058594,260.9185398950375,258.5218492884304,259.7645938039797,100360600
2018-09-21,260.36083984375,261.45761269257395,260.200344464458,261.34169029247494,105479700
2018-09-24,259.49591064453125,259.9239255325764,258.9163258584371,259.78125390322805,53409600
2018-09-25,259.2552185058594,260.05772276823944,259.01447539069625,259.9507258281669,44370000
2018-09-26,258.47943115234375,260.58377660882445,258.0603417149148,259.3978577222201,79739700
2018-09-27,259.20166015625,260.28950748207143,258.67557384787006,258.95199161647935,59249500
2018-09-28,259.22845458984375,259.7277917564604,258.5418727887045,258.57752029215237,70091400
2018-10-01,260.1290588378906,261.19905539547744,259.4603007849608,260.4678733934338,62078900
2018-10-02,259.9774169921875,260.6907479078921,259.6029277855832,259.9774169921875,47258200
2018-10-03,260.12017822265625,261.4487690758505,259.76351264194153,261.0296795352548,64694600
2018-10-04,258.0871276855469,259.69213623805473,256.49994288608053,259.6386377670936,111545900
2018-10-05,256.6425476074219,258.82714050010605,255.2158585929535,258.30997967842393,105951700
2018-10-08,256.6425476074219,256.9992130580816,254.5738498970342,255.95593872277664,87742200
2018-10-09,256.26806640625,257.56990772534647,255.7063053186593,256.2591681367459,74339000
2018-10-10,248.1538543701172,255.8312123213672,247.7793650330843,255.75986287784878,214731000
2018-10-11,242.68783569335938,248.6888068277242,241.0738746591582,247.06594752409268,274840500
2018-10-12,246.058349609375,247.07484753078003,242.86612979515945,246.78950427810025,183186500
2018-10-15,244.67630004882812,247.03034170561503,244.587126856646,245.7017237293282,102263700
2018-10-16,250.02630615234375,250.4008225865687,246.1653554678994,246.63794334214083,118255800
2018-10-17,250.07090759277344,250.6950653704905,247.49394715549715,250.06198211206146,110626000
2018-10-18,246.45956420898438,249.73203139427414,245.18447238743,249.13459571750118,134557500
2018-10-19,246.3258056640625,249.04541000928813,245.63029859536644,247.1104858875814,139901600
2018-10-22,245.22019958496094,247.31561961237918,244.68518772636827,246.99462882432368,82415800
2018-10-23,243.97178649902344,245.09530848280906,239.51340048314862,241.5999490849873,146352700
2018-10-24,236.57981872558594,244.1055770269243,236.02698317460644,243.72213512158604,177806700
2018-10-25,240.8241424560547,242.36675365620204,237.39120734402607,238.41663058054732,138061500
2018-10-26,236.58872985839844,241.64455220429213,233.87805041512033,237.1148434203108,201574600
2018-10-29,235.2779541015625,240.97578498395356,231.70234671185867,239.682842042878,160749100
2018-10-30,238.76437377929688,239.0764662151694,234.61808059363685,235.1085193391012,157116000
2018-10-31,241.31463623046875,243.63300269297002,240.85987209180985,241.3324599805179,128296300
2018-11-01,243.88265991210938,244.07883000085664,241.09170569068132,242.17955305340146,99495000
2018-11-02,242.43812561035156,245.41632417623367,240.38725173475345,244.9883093263752,122634100
2018-11-05,243.77566528320312,244.3285008443668,241.95663600789746,242.92856098023867,65622500
2018-11-06,245.3182373046875,245.47873267664912,243.65080522392796,243.71322916141185,60085900
2018-11-07,250.57028198242188,250.65052968527576,247.06596902012262,247.49398398051218,102752100
2018-11-08,250.11549377441406,250.75750254744202,248.97414786812354,249.76772655026718,65584900
2018-11-09,247.67233276367188,248.9919979503533,246.26346717939185,248.80475330853633,98812600
2018-11-12,243.0444793701172,247.4047670587005,242.5272913162637,247.16402399269808,99673600
2018-11-13,242.58970642089844,245.50548118361553,241.86745003736456,243.50813288464084,98176600
2018-11-14,240.93118286132812,244.86345524510767,239.37074780966623,244.46221684463413,125335900
2018-11-15,243.4457550048828,243.90944467046296,238.08679231174762,239.66505152031465,135101400
2018-11-16,244.07888793945312,244.98838917854061,241.83184326007407,242.34903144037196,126668000
2018-11-19,239.95037841796875,243.76675635712672,239.03195184325043,243.47248759534176,103061700
2018-11-20,235.509765625,238.07780018311473,234.64483769691037,236.6154365884777,136021300
2018-11-21,236.31228637695312,238.21156320405137,236.30338810882228,237.06129197420626,75563700
2018-11-23,234.7340087890625,236.1339484397446,234.5735134335495,234.67158485797623,42807900
2018-11-26,238.52371215820312,238.74663151536032,236.59768564694465,236.99002589248818,79981400
2018-11-27,239.32615661621094,239.32615661621094,236.88296977988102,237.48930374904148,75502400
2018-11-28,244.83673095703125,244.83673095703125,239.2637480620135,240.39619560185264,127629600
2018-11-29,244.30174255371094,245.70165515408803,242.91962649023046,244.06097228083433,82346400
2018-11-30,245.7908172607422,246.3525782564014,243.82914372770225,244.15013446131957,98204200
2018-12-03,249.0454864501953,250.02633703065183,247.44940349982502,249.91934009675379,103176300
2018-12-04,240.97576904296875,248.64419858808955,240.6636765731652,248.21618372563074,177986000
2018-12-06,240.61019897460938,240.7261213773136,234.01179240772498,237.1148392029293,204185400
2018-12-07,235.0194091796875,241.840735566678,234.18123028122503,240.27137469945745,161018900
2018-12-10,235.46524047851562,236.43716550863462,230.60558811608786,234.84105545903276,151445900
2018-12-11,235.5187225341797,238.85358682830298,234.04746047570356,238.6663422202357,121504400
2018-12-12,236.7046661376953,239.86121163503108,236.6244184401148,238.49694635249477,97976700
2018-12-13,236.62437438964844,238.51472570119017,235.50977788880272,237.64979772806078,96662700
2018-12-14,232.25518798828125,235.42955700710894,231.70235241482038,234.47545576293268,116961100
2018-12-17,227.69871520996094,232.4156821266384,226.06694412299714,231.30108550488026,165492300
2018-12-18,227.44908142089844,230.0082049076415,225.8440593190549,229.33944683236652,134515100
2018-12-19,224.04281616210938,231.30106827818616,222.33972299140083,227.52927740072613,214992800
2018-12-20,220.3958740234375,224.36383524071718,218.14884344413474,222.79448810925254,252053400
2018-12-21,215.8800506591797,223.96098705013893,215.23429286121228,221.29723955486546,255345600
2018-12-24,210.17591857910156,216.00566805470686,210.1131437780654,214.39127315515717,147311600
2018-12-26,220.7949981689453,220.7949981689453,209.65569540447513,211.63781597827943,218485400
2018-12-27,222.49014282226562,222.68744482025036,214.31952454087468,217.55727810910773,186267300
2018-12-28,222.2030792236328,225.47670135459668,221.03712692857448,223.84437908980937,153100200
2018-12-31,224.1493377685547,224.3915003778305,221.95197382206396,223.82645885131,144299400
2019-01-02,224.38250732421875,225.30631074260154,220.58869057186968,220.61559600600654,126925200
2019-01-03,219.02813720703125,222.93855359314486,218.54381198522043,222.63360250759496,144140700
2019-01-04,226.3646697998047,227.01042771007872,221.68293179300352,222.05962162643488,142628800
2019-01-07,228.14947509765625,229.55757659447116,225.73685369173648,226.6337381587478,103139100
2019-01-08,230.29302978515625,230.77735509278912,227.8086695027086,230.33789043388248,102512600
2019-01-09,231.36923217773438,232.2123055664393,229.77277929990194,231.00150634898134,95006600
2019-01-10,232.18540954589844,232.43653605245433,229.15393626414303,229.8355770836818,96823900
2019-01-11,232.2750701904297,232.30197562046757,230.5261351257683,231.10910435707794,73858100
2019-01-14,230.85800170898438,231.66519206414895,229.97009505537687,230.3736765475915,70908200
2019-01-15,233.50384521484375,233.81776021044035,231.22575130966445,231.23472891177062,85208300
2019-01-16,234.0688934326172,234.95680020292303,233.72807299168477,233.93433888012572,77636700
2019-01-17,235.84469604492188,236.70572470971874,233.1540430515914,233.1989036905895,96118400
2019-01-18,238.98377990722656,239.4501772546297,235.8805679320784,237.65640867719944,127900300
2019-01-22,235.75498962402344,237.72814599602768,234.14060886200994,237.5129025266222,115531200
2019-01-23,236.24832153320312,237.48602637637333,233.7818894494403,236.78645764380838,86030300
2019-01-24,236.3738555908203,236.9568523052835,235.05543452326265,236.0689182013445,59204100
2019-01-25,238.3739776611328,239.19912350084215,236.472586770068,238.22149524254982,96883400
2019-01-28,236.562255859375,236.62501697032374,234.79539236392185,236.2304129857847,85613700
2019-01-29,236.24832153320312,237.2707555096875,235.41422561567174,236.70574133282852,66136300
2019-01-30,239.98829650878906,240.83136996699878,237.0016837388563,237.76404089201242,92473700
2019-01-31,242.09600830078125,242.5803335581487,239.71029242579274,239.92556330170092,104012100
2019-02-01,242.21261596679688,243.235077392905,241.42335325978183,242.2933322840041,85782500
2019-02-04,243.91659545898438,243.97938391580578,241.58469129341572,242.25735437747988,60744800
2019-02-05,244.93910217285156,245.24403954335247,243.8449022571784,244.34715526397238,79552800
2019-02-06,244.6162872314453,245.15442344400466,243.88086269071712,244.66114788209305,58347800
2019-02-07,242.28440856933594,243.54899171473178,240.62516665649576,243.00190527020186,95482000
2019-02-08,242.5803680419922,242.67901220563638,240.2125796655961,241.03772550393722,75788900
2019-02-11,242.71485900878906,243.4951440801677,242.18570048188565,243.23506730353517,68021400
2019-02-12,245.83604431152344,246.21272046990433,244.25751884966152,244.3292849365148,72270200
2019-02-13,246.63424682617188,247.4773204011533,246.24859308058757,246.67012986807828,65277200
2019-02-14,246.08712768554688,247.2172107038442,244.73282358398347,245.54899161156067,83234400
2019-02-15,248.76881408691406,248.80469712563044,247.65668622335585,247.8629521118126,97088700
2019-02-19,249.19927978515625,249.8539877321554,247.9615752131119,247.97055281372292,59120800
2019-02-20,249.70166015625,250.1590800890733,248.66127067165527,249.1635238889427,76610800
2019-02-21,248.8136749267578,249.42354973172925,247.8540020781846,249.06480145649542,64214700
2019-02-22,250.3563690185547,250.55365734568397,248.79577127328133,249.43255164656972,78114600
2019-02-25,250.69708251953125,252.3025130344666,250.6163662193259,251.78233219845353,69030700
2019-02-26,250.51776123046875,251.3966904394168,250.14105773324803,250.34735100205228,56844100
2019-02-27,250.41015625,250.75992696229892,248.8675138588991,249.80025400552418,56921600
2019-02-28,249.94378662109375,250.63440526064832,249.62092131227217,250.1949132070922,69268300
2019-03-01,251.5043487548828,251.9169079368331,250.0693281650552,251.52227659036197,78880500
2019-03-04,250.58946228027344,252.80476754601705,248.29344071384313,252.562618643957,106494600
2019-03-05,250.2487030029297,250.91241614415003,249.70161659661557,250.71510045958334,59114600
2019-03-06,248.73289489746094,250.37420838863676,248.41002970815518,250.36523078757773,75039800
2019-03-07,246.6521759033203,248.4279894138157,245.80910241765017,248.2844846321337,94885100
2019-03-08,246.15887451171875,246.32928473028312,244.32925011882517,244.7956201339422,85795800
2019-03-11,249.72853088378906,249.88996353031462,246.84953920444204,246.87644464552963,65098900
2019-03-12,250.6702117919922,251.19042007076519,250.09622000970506,250.28455806959337,79667500
2019-03-13,252.3294219970703,253.26218931927139,251.39665467486924,251.5581146482741,80639200
2019-03-14,252.16795349121094,252.7778281505058,251.72848901182678,252.3562915008424,67518400
2019-03-15,253.4139404296875,254.22468658748542,252.53111206288526,252.72030724304074,81309000
2019-03-18,254.3326873779297,254.62997826920073,253.4048285956763,253.63003730487662,62199800
2019-03-19,254.39573669433594,256.1613651677982,253.5039190582267,255.3956775968699,90268100
2019-03-20,253.6300048828125,255.38664358653912,252.52199576961652,254.17952835848922,84609200
2019-03-21,256.4947204589844,256.9000796525872,252.76525093004852,252.81030916798105,79550400
2019-03-22,251.5582275390625,255.65701666895896,251.4951624776651,255.13454435341518,122659300
2019-03-25,251.36898803710938,252.4049427144172,250.1078246259824,251.21583400194012,85575200
2019-03-26,253.24270629882812,254.19758910713398,251.83740603410251,253.125593361551,68125900
2019-03-27,251.91847229003906,253.81924820944926,250.36903517466789,253.23368353605088,72224700
2019-03-28,252.8733673095703,253.32378477778863,251.39601230929048,252.54907992827737,56238500
2019-03-29,254.46786499023438,254.79215237439305,253.260749463698,254.3867931441947,82186800
2019-04-01,257.4856262207031,257.78291713150287,256.19743891736897,256.4677058809414,77617900
2019-04-02,257.6117858886719,257.8460117857423,256.8190466905588,257.67485093654506,40070400
2019-04-03,258.01708984375,259.2242050567065,257.4135184916249,258.827835584835,68243200
2019-04-04,258.7018127441406,258.9540454679294,257.64785109132174,258.34148420891455,48997500
2019-04-05,259.953857421875,260.00790530071373,259.0800467255943,259.36832040692826,58621700
2019-04-08,260.1520690917969,260.26016486067243,258.8728716804163,259.5304909294682,53566300
2019-04-09,258.81884765625,259.51248056467637,258.26935161671037,259.1881932281539,66142300
2019-04-10,259.7016296386719,259.7917186021705,258.81880178245234,259.23317802499577,52601500
2019-04-11,259.6296691894531,260.19719968513976,259.0621386937665,260.188182537175,55093100
2019-04-12,261.3863220214844,261.66557870970394,259.67474078975937,261.24218510316035,69727800
2019-04-15,261.2150573730469,261.5573789816548,260.4133012380131,261.4582728622337,49596700
2019-04-16,261.3863220214844,262.1520373726342,260.7917675426377,262.09798946467595,52153200
2019-04-17,260.7466125488281,262.53024764423844,260.33220879685194,262.50322370313506,58268300
2019-04-18,261.26019287109375,261.5304599031866,260.03507029778615,261.33227507617437,68708500
2019-04-22,261.4852600097656,261.63841399412115,260.4042749408654,260.49436390276327,40160100
2019-04-23,263.83648681640625,264.0707126493644,261.62044102193187,261.8546393635951,52246600
2019-04-24,263.2509765625,264.08874637015623,263.1068396883929,263.7554418762262,50392900
2019-04-25,263.0888366699219,263.7464560815874,261.89975542696516,263.1519017144585,57770900
2019-04-26,264.3139953613281,264.3860500637135,262.3591713542615,263.13390373424016,50916400
2019-04-29,264.72833251953125,265.2508321267672,264.3139561868012,264.40404516990714,57197700
2019-04-30,264.8634948730469,265.1517686688588,262.97176337987406,264.38605342617814,81111700
2019-05-01,262.8725891113281,265.70122345349637,262.86357196651386,265.494021561834,71671900
2019-05-02,262.3050231933594,263.67430943701567,260.80963439590346,262.755440512185,65030200
2019-05-03,264.8725891113281,265.1518458412666,262.41329896660426,263.78258614959054,56543700
2019-05-06,263.782470703125,264.22387098797896,260.25118595039874,260.56648365013655,107198100
2019-05-07,259.3774719238281,261.97188169229344,257.4677057029602,261.3773271627444,144729900
2019-05-08,259.01702880859375,260.7286094294374,258.4224745419498,259.01702880859375,91568300
2019-05-09,258.2333068847656,258.8368508052138,255.206487663427,256.9451197195856,103471100
2019-05-10,259.5305480957031,260.2872461358025,254.30568902173113,257.2964675787668,112429300
2019-05-13,253.0084991455078,255.3776995401914,252.1707292124887,254.41382700551978,127290500
2019-05-14,255.29661560058594,256.8280459897245,253.90033244501296,254.02643504069349,77003200
2019-05-15,256.79205322265625,257.43163845061366,253.45895233256329,253.66615430389857,73956400
2019-05-16,259.1701965332031,260.5304384583781,257.4225747303499,257.4946294219541,76749600
2019-05-17,257.4947204589844,259.9810343134793,256.84611804004254,256.864152337793,100353000
2019-05-20,255.79208374023438,257.60274321559893,255.04437536966267,255.89116238452957,62877600
2019-05-21,258.09820556640625,258.47654081398997,257.2333843036183,257.48561696577354,46847100
2019-05-22,257.3055725097656,258.26045565933117,256.8281309349829,257.14342876541895,49482500
2019-05-23,254.16152954101562,255.12540183005643,252.74721238571507,255.0803710890779,98733800
2019-05-24,254.73809814453125,256.01729582994847,254.11651984904475,255.6028919720907,55268100
2019-05-28,252.36891174316406,255.97225162881708,252.35090494060438,255.01736875842317,70029400
2019-05-29,250.6753387451172,251.65724556949357,249.2700383825875,251.2518863252841,104972900
2019-05-30,251.35995483398438,252.26980685770957,250.26093518349904,251.4320095280315,62523800
2019-05-31,247.9728546142578,249.63940495701888,247.94583066237755,248.81065210515442,86862800
2019-06-03,247.34226989746094,249.1259055839144,246.00902421487874,248.00887899310095,96428000
2019-06-04,252.71124267578125,252.84636242817595,249.18897450974495,249.6393920119291,77231900
2019-06-05,254.90020751953125,254.92723146390156,252.52201794105454,254.3326771964583,71169700
2019-06-06,256.5578308105469,257.2334571495753,254.54898609027154,255.1975884753911,69430400
2019-06-07,259.1250915527344,260.2061041708792,257.40449400602193,257.57565479541637,74272200
2019-06-10,260.31427001953125,261.9808201331554,260.2241810285488,260.6745984921607,60799100
2019-06-11,260.2511901855469,262.50327737561093,259.60258797515644,262.1339317774846,58641300
2019-06-12,259.79180908203125,260.5755311039681,259.27832655341695,260.0170178235672,47096300
2019-06-13,260.8638000488281,261.22415605961413,259.99900610381013,260.7016563387567,48945200
2019-06-14,260.5755310058594,261.1790750378197,259.8098157866652,260.5755310058594,52324700
2019-06-17,260.6745910644531,261.44030622903506,260.50343023385363,260.80971080142655,39205700
2019-06-18,263.4041748046875,264.4581639561096,262.1339940288938,262.49435005792014,85434800
2019-06-19,263.9986572265625,264.5301464856538,262.5663331233237,263.539222658832,78674400
2019-06-20,266.52093505859375,266.92632166085167,264.0616739781933,266.68310619427257,116570000
2019-06-21,266.13360595703125,267.50952485915224,265.9163628738044,266.251288502116,83309500
2019-06-24,265.8077087402344,266.6585865868795,265.65380982514523,266.34178300435536,47582700
2019-06-25,263.2007141113281,265.8892077691413,263.0920925696,265.8620523837093,82028700
2019-06-26,262.93817138671875,264.60376601063865,262.8295498541817,264.09684710879384,51584900
2019-06-27,263.87054443359375,264.3774633381139,263.3183757652805,263.69855113116637,40355200
2019-06-28,265.22845458984375,265.72631265254813,264.33229902696894,264.8482514760384,59350900
2019-07-01,267.63623046875,268.7768117440282,266.4322774281771,268.5595410665901,78705600
2019-07-02,268.3332824707031,268.38759324301185,266.7491538200057,267.5909984158022,61504500
2019-07-03,270.47857666015625,270.4966986632992,268.867293005705,269.01213090582485,40898900
2019-07-05,270.17083740234375,270.333797324257,267.95307413888946,269.2475267615392,51677300
2019-07-08,268.6863708496094,269.9898848326591,268.14323541916946,268.8583641963323,45841800
2019-07-09,269.02130126953125,269.3200105677684,267.4733887468158,267.5276995283134,41101300
2019-07-10,270.306640625,271.25713436614035,269.5553232105845,270.08939754131563,58448500
2019-07-11,270.9403076171875,271.18470609038985,269.93553071345565,270.9493686208283,50826100
2019-07-12,272.1531982421875,272.2256309957451,271.1212663165027,271.42903645661926,40326000
2019-07-15,272.2438659667969,272.58785266133765,271.73694693011015,272.58785266133765,33900000
2019-07-16,271.36572265625,272.3614660428078,271.05795245040616,272.15325636311616,36650100
2019-07-17,269.51904296875,271.5014685127369,269.51904296875,271.33853623857465,36036300
2019-07-18,270.5057067871094,270.885909692556,268.5776197577081,269.02116679322734,51392600
2019-07-19,269.0030822753906,271.6282034568177,268.8310890053141,271.60104807864786,58678600
2019-07-22,269.66387939453125,270.2070145971142,268.8854067833321,269.4013589820321,43638100
2019-07-23,271.59197998046875,271.59197998046875,269.95354108203077,270.7863520324811,44564500
2019-07-24,272.8683776855469,272.8683776855469,270.7411140582117,270.8316412045889,47213200
2019-07-25,271.5648498535156,272.470066019694,270.75919420561445,272.4157552597237,55394100
2019-07-26,273.38433837890625,273.5834870369628,272.1260746700478,272.2528181910859,45084100
2019-07-29,272.8865051269531,273.38439067984694,272.33433642966406,273.2667081377991,38126500
2019-07-30,272.21661376953125,272.62397210504514,271.10318791079754,271.4833908656109,45849000
2019-07-31,269.23846435546875,272.6511473201297,267.21984978486825,272.46103201638994,104245200
2019-08-01,266.8938903808594,272.3523419247063,266.09729585621824,269.3922954581428,142646600
2019-08-02,264.8844299316406,266.24225458999433,263.32745655172783,265.99785609649547,116749700
2019-08-05,256.91851806640625,260.8924035858546,255.01755815476298,260.7837820409055,178745400
2019-08-06,260.5212707519531,260.73854147453096,257.3349189459399,258.8104261086006,120711700
2019-08-07,260.67510986328125,261.4445491572325,255.30718443460782,257.4434814036897,140572300
2019-08-08,265.78961181640625,265.78961181640625,261.61657783559,262.1687465315291,87713900
2019-08-09,263.9790954589844,265.4455410143081,262.19581876670776,264.8480951167686,93730000
2019-08-12,260.7655944824219,263.97003941346276,259.81510105372206,262.4764384540791,65527600
2019-08-13,264.821044921875,266.26939667676976,260.1229696286607,260.46695627826205,94299800
2019-08-14,256.9908752441406,261.372118364232,256.86415934036023,260.76563897648515,135622100
2019-08-15,257.6697998046875,258.565982676383,255.6240298665411,257.87800948700215,99556600
2019-08-16,261.47174072265625,261.90622687818694,257.72413188114456,259.3263824546937,83018300
2019-08-19,264.62188720703125,265.30079947919467,263.81625900906977,264.4951712812332,53571800
2019-08-20,262.5942077636719,264.6490389340067,262.4674918396257,264.11496460228994,51596400
2019-08-21,264.7304382324219,265.1015524936121,264.0696205874962,264.7575936082407,49524700
2019-08-22,264.6490478515625,266.0702441995334,262.87483148005776,265.4366093079304,51666400
2019-08-23,257.8507995605469,265.0110618919458,256.60159698092207,263.34546766077995,149161500
2019-08-26,260.7023010253906,260.7023010253906,258.5116653687146,260.04148316459356,72423800
2019-08-27,259.67938232421875,262.4674638561055,258.91900398597903,262.0963218770228,66668900
2019-08-28,261.50799560546875,261.670927937777,258.21299444093967,259.0186503479312,59696700
2019-08-29,264.84808349609375,265.3731242428646,263.06480688206153,264.06961100088165,57899400
2019-08-30,264.7304382324219,266.35075503127933,263.798066829308,266.3326606557337,62901200
2019-09-03,263.1825866699219,263.9429650713282,261.8519175612082,263.0287153639879,69101400
2019-09-04,266.1697998046875,266.1878941850872,264.60376571235577,265.35511068657013,46887300
2019-09-05,269.59149169921875,270.505741263956,266.1335592315825,268.65912013072057,83258100
2019-09-06,269.7997131347656,270.4424366119935,269.2294500581553,269.90836229817734,49584300
2019-09-09,269.93548583984375,270.8768908116145,268.9940532430665,270.78639129029517,51260300
2019-09-10,269.8720703125,269.9354420671524,267.91680029395496,269.17503626132765,57947100
2019-09-11,271.79119873046875,271.8726648838631,269.5281579417055,270.1799147938697,68821100
2019-09-12,272.73260498046875,273.7916924968806,271.9360102800866,272.6963885963586,72908700
2019-09-13,272.55157470703125,273.52922378912524,272.1804327059594,273.1761761691998,62104800
2019-09-16,271.709716796875,272.5968386795519,271.06702098519503,271.4200409627346,58191200
2019-09-17,272.39764404296875,272.4881435539882,271.33852903900765,271.5105223099501,41475500
2019-09-18,272.5605773925781,272.6691989062345,269.9716449420855,272.0083811981535,73375800
2019-09-19,272.5424499511719,273.9455514745746,272.20752441574757,272.94980824425716,76560500
2019-09-20,271.2547912597656,273.4282622508574,270.46362073249094,273.1463237989638,89565000
2019-09-23,271.19122314453125,271.9096544168928,270.3363878970603,270.5910179014609,43476800
2019-09-24,269.0632019042969,272.673507976676,268.09924360560893,272.2824740494429,94869400
2019-09-25,270.6546630859375,271.10025862379086,267.66273993263906,269.1450611127477,71854000
2019-09-26,270.0907287597656,270.87279633662166,268.6811754514435,270.6636529278499,56179700
2019-09-27,268.6357116699219,270.95468931981696,267.0806514770453,270.8455384312587,84746600
2019-09-30,269.881591796875,270.5909199632974,269.10862696682705,269.1540856912137,51662400
2019-10-01,266.67144775390625,271.4184990741899,266.4532014526551,270.7637324178549,88242400
2019-10-02,261.9607238769531,265.09815254736196,260.6693965347672,265.08904970256856,122539500
2019-10-03,264.1070556640625,264.1343364605204,259.0144275553998,261.7335153618659,85278800
2019-10-04,267.6809387207031,267.93556870041675,264.70719358868433,264.7617829260246,65091200
2019-10-07,266.52593994140625,268.5084455962607,266.2440292191831,266.88061793215365,59610500
2019-10-08,262.3882141113281,265.4074176476115,262.35183047463295,264.67080858188825,95708100
2019-10-09,264.8799133300781,265.81659063182866,263.7795513160013,264.407037132498,62359400
2019-10-10,266.67144775390625,267.55356355823847,264.63440826867793,264.7980929946163,55296300
2019-10-11,269.43609619140625,271.6732046599202,269.308795064422,269.4269933421255,98720400
2019-10-14,269.1359558105469,269.79072252359276,268.7903806352471,269.1177501154781,40394800
2019-10-15,271.8005065917969,272.54621859156424,270.063555459328,270.1817814778992,46754500
2019-10-16,271.3639831542969,272.0551335613163,270.9274904783572,271.33670236205063,48928200
2019-10-17,272.1641540527344,273.03716682784426,271.4730039064605,272.5279070629822,45736600
2019-10-18,270.9729309082031,272.2733615050628,270.1180958054572,271.62769763046424,64304000
2019-10-21,272.8098449707031,273.009913309205,271.85498975437696,272.29151006181155,39048600
2019-10-22,271.9187316894531,273.6374771193446,271.82778646373816,273.3464634980912,48594700
2019-10-23,272.7098693847656,272.76443096306724,271.45489757866204,271.664068797207,34352200
2019-10-24,273.1553649902344,273.791953507788,272.3278110184438,273.6464467679879,35453100
2019-10-25,274.2740478515625,274.81969141726717,272.5279939918244,272.58255557313646,45205400
2019-10-28,275.8199462890625,276.32013101368767,275.4652960867663,275.4925768715583,42147000
2019-10-29,275.7381286621094,276.66573093338,275.419834309273,275.54716315144003,44284900
2019-10-30,276.5838623046875,276.95669044401245,274.6286376454852,275.9381708137291,49643900
2019-10-31,275.8471984863281,276.5747322596814,274.3921864447731,276.5747322596814,69053800
2019-11-01,278.4026794433594,278.4481381708568,277.1295020424609,277.29321451712957,71141500
2019-11-04,279.5212097167969,280.09413397670744,279.1483538055443,279.9577300463906,60606900
2019-11-05,279.2120056152344,280.0213818195309,278.92099207531345,279.72126543380665,42933200
2019-11-06,279.2756652832031,279.5484731268798,278.3298851708271,279.2120008688192,46487100
2019-11-07,280.2578430175781,281.59465715586936,279.78496676724404,280.6125210197655,54272300
2019-11-08,280.94903564453125,281.0035972296116,279.212084512575,279.9123100228309,49032100
2019-11-11,280.4124450683594,280.5852326412768,279.4302812062415,279.566712897289,35797300
2019-11-12,281.00360107421875,281.9038949929491,280.23060827155547,280.77625188241115,46484600
2019-11-13,281.0945129394531,281.4946496897508,279.78497952985765,280.0123286946821,53917700
2019-11-14,281.503662109375,281.5855322127574,280.1759510531311,280.8125396739401,51219900
2019-11-15,283.54071044921875,283.5861691680478,282.14933507162783,282.84045746173746,62023600
2019-11-18,283.7499084472656,283.9863604368472,282.8496147216759,283.3043130077444,49228000
2019-11-19,283.6679992675781,284.3591493804265,283.02233562417075,284.35004653602346,67804700
2019-11-20,282.6131591796875,283.59532300669514,281.0580988316027,283.0769603064734,79406200
2019-11-21,282.15850830078125,282.8314807405151,281.3582625050897,282.72235757531104,54664700
2019-11-22,282.7859802246094,283.0406101816487,281.77656324396247,282.90420623191045,44850200
2019-11-25,284.9776306152344,284.9776306152344,283.71358367271534,283.71358367271534,48647200
2019-11-26,285.623291015625,285.8051814488202,284.6957164125303,285.0140107943301,37569000
2019-11-27,286.896484375,286.896484375,285.8870395944535,286.10528592426454,44444600
2019-11-29,285.8323974609375,286.5781092144215,285.605048347259,286.33255440999926,36592700
2019-12-02,283.4044189453125,286.1507871631629,282.9770013590079,286.0871227294909,75767800
2019-12-03,281.503662109375,281.5855322127574,279.30293822530007,280.6852108487473,73941700
2019-12-04,283.24066162109375,283.8408667166338,282.2039639124934,282.5495390662209,49080000
2019-12-05,283.7499084472656,283.9590796497863,282.44037516318184,283.9409017092727,40709000
2019-12-06,286.3416748046875,286.7418114894914,285.6505245759209,285.6596274218507,48927000
2019-12-09,285.44146728515625,286.6236720044926,285.36870000091517,285.9507272644938,34838500
2019-12-10,285.1231689453125,286.05074366224494,284.4684021590699,285.38690178003736,52649800
2019-12-11,285.9324645996094,286.1870945138328,285.0412460235377,285.577786637345,53429100
2019-12-12,288.39697265625,289.1790404773349,285.7051662626912,285.9415905269858,96389600
2019-12-13,288.5697937011719,289.79748490813944,287.3875612322972,288.1605540479869,81503900
2019-12-16,290.55224609375,291.1433483991358,288.506103515625,290.2976161274645,82749700
2019-12-17,290.6158752441406,291.2342582653961,290.53403288126106,290.9341696015044,61097700
2019-12-18,290.6340637207031,291.23426882282587,290.5795021434722,291.00691966683615,48133000
2019-12-19,291.8254699707031,291.8982372667252,290.570497763946,290.8251277948393,85310500
2019-12-20,293.1048583984375,294.2380456575413,291.88027877252716,292.8580962191564,147142100
2019-12-23,293.5525817871094,293.945538202169,293.4063596093835,293.89070837165036,52990000
2019-12-24,293.56170654296875,293.82670807350945,293.2601146095581,293.7810258479753,20270000
2019-12-26,295.1245422363281,295.1336898410709,293.93652495939654,293.9456446751005,30911200
2019-12-27,295.05126953125,295.91030727604016,294.52123861313635,295.8554774530982,42528800
2019-12-30,293.4245910644531,295.2706214297429,292.9402423613774,295.13354687019796,49729100
2019-12-31,294.137451171875,294.3842133054212,292.5747451785438,292.922019374624,57077300
2020-01-02,296.8880920410156,296.90638723763493,294.7496457130046,295.67266069366184,59151200
2020-01-03,294.6400451660156,295.76411231173057,293.442880886225,293.49771070903796,77709700
2020-01-06,295.76416015625,295.8464049037738,292.76664728278183,292.8854545477704,55653900
2020-01-07,294.9325256347656,295.67275622250656,294.4847115081981,295.19752718117184,40496400
2020-01-08,296.50433349609375,297.71976504897265,294.8776503960096,295.12438459091834,68296000
2020-01-09,298.5148620605469,298.5879870903448,297.48218715461246,298.0670758368869,48473300
2020-01-10,297.65582275390625,299.2550911321721,297.1897692196359,299.09974925042434,53029300
2020-01-13,299.70294189453125,299.71206160755526,297.84779146443003,298.2773104255387,47086800
2020-01-14,299.2459411621094,300.3151505804677,298.6884674529028,299.264208473107,62832800
2020-01-15,299.9222412109375,300.68073912701385,299.07235094750735,299.15459569341715,72056600
2020-01-16,302.4171142578125,302.4171142578125,301.0737276112458,301.30219453828755,54050300
2020-01-17,303.35833740234375,303.56850908503526,302.353077542655,303.12987052009737,95846000
2020-01-21,302.7643737792969,303.5685818598415,302.3257351092037,302.39883225787577,77742400
2020-01-22,302.801025390625,304.2723674002199,302.64568344560456,303.6235010280752,48914900
2020-01-23,303.1482238769531,303.5594755373367,301.03719151691797,302.1521113343028,51963000
2020-01-24,300.4522705078125,303.8884219479204,299.16371371777205,303.80617720247466,87578400
2020-01-27,295.63616943359375,297.116630487524,294.86852399411237,295.2066505448216,84062500
2020-01-28,298.7341613769531,299.6114663707145,295.72752948381543,297.0617682289767,63834000
2020-01-29,298.48748779296875,300.3243709426531,298.28643576718724,300.0959039992209,53888900
2020-01-30,299.4560852050781,299.6662847627549,295.6726883900491,296.4220385181129,75491800
2020-01-31,294.0185852050781,298.99002637225726,293.10471775359696,298.8346566343361,113845600
2020-02-03,296.2028503417969,298.0671486104335,295.38037483443884,295.49918212009703,69083000
2020-02-04,300.71728515625,301.5854705749679,299.4927058581297,299.81256511181664,62573200
2020-02-05,304.18994140625,304.4001409842499,302.1885971158361,303.6507628947107,65951100
2020-02-06,305.2135009765625,305.4054053572776,304.1351160486289,305.1495235533158,50359700
2020-02-07,303.5868225097656,305.22262540475447,303.038496381652,304.15341594950706,64139400
2020-02-10,305.853271484375,305.9172489243438,302.6638817568983,302.7004442781708,42070000
2020-02-11,306.3833312988281,307.99171968195316,305.85327235048885,307.2058067510786,54864500
2020-02-12,308.3572692871094,308.5674410211826,307.4525212476893,307.81806277084456,43992700
2020-02-13,308.02825927734375,308.9969568539677,306.6574576626084,306.93160682994335,54501900
2020-02-14,308.52178955078125,308.6405968326844,307.24238014765734,308.43954479154826,64582200
2020-02-18,307.7266845703125,308.58572245034776,306.33758779968736,307.52563255819723,57226200
2020-02-19,309.1979675292969,309.8742206443196,308.41205476200304,308.6953514933789,48814700
2020-02-20,307.927734375,309.4721730276708,304.9393691304808,308.6496697818951,74163400
2020-02-21,304.756591796875,306.8858911350751,303.93408860649663,306.5751794829659,113788200
2020-02-24,294.6492614746094,304.8297340268577,293.5708763000979,295.3072473908234,161088400
2020-02-25,285.7207336425781,296.6505836333486,284.8434284508616,296.0383078861717,218913200
2020-02-26,284.6698303222656,290.71048331893326,283.93874721059854,287.1189894242867,194773800
2020-02-27,271.88482666015625,284.72465849868144,271.88482666015625,279.1500591654127,284353500
2020-02-28,270.7424011230469,272.2320096468705,260.9457401669116,263.83356488451,384975800
2020-03-02,282.46734619140625,282.53132361972916,269.0974581232793,272.5244617816566,238703600
2020-03-03,274.3796691894531,286.80827729307117,271.9396576937883,282.84209424548885,300139100
2020-03-04,285.9125671386719,286.131914298969,277.203411147517,279.7531092321764,176613400
2020-03-05,276.4083251953125,281.90067717790726,274.16936680520257,278.71128888562174,186366800
2020-03-06,271.839111328125,273.0454235323544,265.2318649017043,267.90034329272197,228667200
2020-03-09,250.6099395751953,259.71205370103047,249.8971239127328,251.58775678015627,309417300
2020-03-10,263.57769775390625,263.6690622000133,249.94278128953638,260.12327944250404,276444100
2020-03-11,250.7286834716797,257.65581500361225,247.54844229941548,256.5226281848996,255316300
2020-03-12,226.73968505859375,243.69193139870373,226.34671474938688,233.95009968243195,392220700
2020-03-13,246.12286376953125,248.09682141327602,227.1144121941133,240.4294577708272,329566100
2020-03-16,219.191162109375,234.7725944345364,216.9156266338003,220.40659381646842,297240000
2020-03-17,231.02572631835938,234.1054695359692,216.65059323263955,223.93410499439116,262070500
2020-03-18,219.32823181152344,226.977299433706,208.380101478062,215.90122818946838,327597100
2020-03-19,219.7942657470703,226.0725449069811,212.2183103648007,218.64279772577996,289322000
2020-03-20,210.32240295410156,224.72691180558704,210.04662777098238,222.94358151812597,347158800
2020-03-23,204.94488525390625,211.13137648969655,200.6336404665036,209.76171566084122,326025200
2020-03-24,223.5135498046875,224.3868403910806,214.91865078430803,215.48857598678674,235494500
2020-03-25,226.85955810546875,235.64751686488069,220.3881054153029,225.09461646269625,299430300
2020-03-26,240.10586547851562,241.57662927963491,228.93707402575518,229.36911860691484,257632800
2020-03-27,232.9541778564453,239.74737193984004,230.77558000293203,232.8162972428731,224341200
2020-03-30,240.51947021484375,241.23647727595963,233.05523566758163,235.04998751981518,171369500
2020-03-31,236.93446350097656,242.06381801054945,235.52802532472109,239.51752951061562,194881100
2020-04-01,226.27127075195312,236.85174851191033,224.20297754937033,227.95348423990177,189554600
2020-04-02,231.49253845214844,232.27388514188416,224.83722638514368,225.38877677619993,177660400
2020-04-03,228.14649963378906,232.8622119735487,225.41635186092915,230.50894247212545,135561200
2020-04-06,243.4702606201172,245.43745065637108,228.1281336328922,237.0171961738574,188061200
2020-04-07,243.718505859375,252.8189911912203,243.49789687410166,252.06520642083692,201427200
2020-04-08,251.8997802734375,253.71068738887777,243.8288399634052,246.3199769013974,153774500
2020-04-09,255.7330322265625,258.49075711159503,253.22349248209272,255.1630788524454,189999200
2020-04-13,253.39805603027344,255.0986580184009,249.49128056839425,254.75854323137895,114839100
2020-04-14,260.87152099609375,261.8918654699185,253.26020343605688,258.2884549436128,134143400
2020-04-15,255.32858276367188,261.0094897190272,253.214310028522,255.15392459698032,121775000
2020-04-16,256.5603332519531,257.4152211975013,253.49006970924398,256.60628411021946,131798300
2020-04-17,263.4913330078125,264.098007563754,259.5937309187142,262.3330800222529,146684800
2020-04-20,258.8491516113281,263.629217542873,258.628542678586,259.78676762850023,100109300
2020-04-21,250.98963928222656,255.58584554188414,250.0519952513257,254.3816417460952,126385700
2020-04-22,256.5603332519531,258.3068866614787,254.5471919266126,255.87090205979615,92951600
2020-04-23,256.5419006347656,261.00942882801934,256.2385632888214,257.83803449166567,104709700
2020-04-24,260.11773681640625,260.7887931290741,256.00872668784143,258.0586450832086,85063200
2020-04-27,263.8682861328125,264.98976199024764,261.634535810774,262.0941566039355,77896600
2020-04-28,262.6548767089844,267.86696016171067,262.35151131258954,267.51764391278255,105270000
2020-04-29,269.53076171875,271.0659071925588,266.9568970325676,267.98644290704055,118745600
2020-04-30,267.021240234375,269.6318823292637,265.28386059929,268.1518891527446,122901700
2020-05-01,259.9523010253906,267.18672684650835,258.78484641412496,262.26877941171466,125180000
2020-05-04,260.6692810058594,260.97261831344605,256.58784709475344,258.06781222922524,80873200
2020-05-05,263.0777282714844,265.8906050294555,260.7979992424974,263.4913981694902,79569900
2020-05-06,261.2944030761719,265.1644020355753,260.86235843797067,264.7783363053678,73632600
2020-05-07,264.44732666015625,266.3777389730855,263.9417551736114,264.511680282958,75250400
2020-05-08,268.82293701171875,269.29175906737254,266.45127866866704,267.5819556045888,76452400
2020-05-11,268.8781433105469,270.2570055839343,266.4697350281808,266.892578270506,79514200
2020-05-12,263.5188903808594,270.47752502995445,263.38098175675503,270.0638833166879,95870800
2020-05-13,258.8583679199219,263.9969236633219,256.43155730782263,262.95817645676516,144721100
2020-05-14,261.95623779296875,262.08491700872327,250.94371509495167,256.4224143490226,121977900
2020-05-15,263.1604309082031,263.2063817576998,258.61937607827673,259.56619361268525,111146300
2020-05-18,271.1761779785156,272.78485022076103,269.06193425277155,269.3836462588065,119703800
2020-05-19,268.3909606933594,272.28853594964113,268.3725859611599,270.5787601052246,95189300
2020-05-20,272.950439453125,273.81452892134183,271.7002841690001,271.93009460090815,85861700
2020-05-21,271.06585693359375,273.63054780635014,269.9719576315334,272.8216110398165,78293900
2020-05-22,271.5806579589844,271.75531605411203,269.53994110545716,270.78092249867296,63958200
2020-05-26,274.92669677734375,277.7855520274972,271.59904750423533,277.54654029417327,88951400
2020-05-27,279.0173645019531,279.0541420158943,272.8952128963509,277.7212306525081,104817400
2020-05-28,278.5025939941406,282.0600540546706,277.8315376106127,280.0469129571108,90405200
2020-05-29,279.7435607910156,280.3318607230198,275.28523421175083,278.03375713092686,119090800
2020-06-01,280.87420654296875,281.48090925059915,278.58530436878937,279.100077323199,55758300
2020-06-02,283.19989013671875,283.2458690404746,280.46056860288843,281.7934518574034,74267200
2020-06-03,286.9687805175781,287.92479945173847,284.9096887083299,285.18544991384636,92567600
2020-06-04,286.2149353027344,287.7225043821974,284.1190664248825,285.98512499571984,75794400
2020-06-05,293.5505065917969,295.32463552707304,291.5465673368315,291.6109209590687,150524700
2020-06-08,297.09881591796875,297.291848746868,293.8171175615824,294.3594665924078,73641200
2020-06-09,294.8834228515625,297.1723246989423,293.56888647953616,294.4329755410005,77479200
2020-06-10,293.238037109375,296.3542792450485,292.52102986489626,295.46261387215606,95000800
2020-06-11,276.3331298828125,286.9411829598361,275.7816075129834,286.3069041815128,209243600
2020-06-12,279.6424865722656,284.1191887925022,274.48555452726214,283.347029194733,194678900
2020-06-15,282.2530822753906,283.38375938311225,272.7757049594633,273.9523329194972,135782700
2020-06-16,287.6858215332031,290.149410155266,282.82305403498947,290.0023281440216,137627500
2020-06-17,286.49078369140625,289.0003228615567,285.75537372521586,288.7061588750805,83398900
2020-06-18,286.60113525390625,287.0791307706854,284.5144669914152,284.9740877759043,80828700
2020-06-19,284.96319580078125,290.26285198086515,283.01504638164135,290.0689696801593,135549600
2020-06-22,286.79132080078125,287.18832733403883,283.21820564851276,284.36307218217655,74649400
2020-06-23,288.1116638183594,290.37372797780864,287.70541533114005,289.4411991989898,68471200
2020-06-24,280.7622375488281,286.6897503140339,278.92490610868884,286.0711358531049,132813500
2020-06-25,283.7721862792969,284.0399473243526,278.1678289833196,280.1898292059112,89468000
2020-06-26,277.0321350097656,282.88579689027085,276.45048811590635,282.67343082724625,127961000
2020-06-29,281.1038513183594,281.24233868339707,275.9980771665016,278.2878382488589,79773300
2020-06-30,284.70465087890625,286.4035230684894,280.5129498778858,280.66989282570773,113394800
2020-07-01,286.6990051269531,287.9639317029631,285.3602561815504,285.8218995785466,72396500
2020-07-02,288.2777404785156,291.4815456098737,287.61297310272624,290.13352709622495,69344200
2020-07-06,292.7279968261719,293.30967187564966,291.35230884827496,292.1001687186121,61713800
2020-07-07,289.70892333984375,293.1620068643434,289.3303723806456,291.1861878161966,82910000
2020-07-08,291.9247131347656,292.0355030043778,288.7116942101427,290.4751465955823,54638600
2020-07-09,290.2628173828125,292.77415781586666,286.84664602686377,292.534094306912,83354200
2020-07-10,293.2265930175781,293.49435402565143,288.767131059591,290.1982140439162,57550400
2020-07-13,290.6875915527344,297.9538536311134,290.0320658619064,295.5717862583092,102997500
2020-07-14,294.45452880859375,295.23008605009807,288.06537413839186,289.2656352600485,93657000
2020-07-15,297.1598815917969,298.25859520955737,294.77778571364365,297.67691997939255,87196500
2020-07-16,296.18109130859375,296.63349268794474,294.61149295046425,295.2578047865102,54622500
2020-07-17,297.0397644042969,297.8245636451662,295.2116468030746,297.18749364064047,62774900
2020-07-20,299.4403381347656,300.18819807974637,296.02416620162734,296.7720261466081,56308800
2020-07-21,300.0774841308594,301.8501791985264,299.0895603863424,301.4070195198497,57292200
2020-07-22,301.785400390625,302.0993425839799,299.6064578581787,299.71724772573134,57792900
2020-07-23,298.18463134765625,302.1270831480681,296.8181852176336,301.42537631818345,75738000
2020-07-24,296.2641906738281,297.28902521270993,294.7592290992445,296.32882749424476,73766600
2020-07-27,298.4247131347656,298.60013985296814,296.16264956413676,296.95669073754914,48293000
2020-07-28,296.53192138671875,298.8124400440667,296.2364629605237,297.695243153104,57495000
2020-07-29,300.1789855957031,300.7422051686178,297.37218596811334,297.4091253277657,48454200
2020-07-30,299.10791015625,299.5234003844888,295.11933357691976,297.2059420708996,61861700
2020-07-31,301.4715576171875,301.573133804093,296.67969747786157,300.89912438191095,84986800
2020-08-03,303.5674133300781,304.3337288211006,302.58873177456934,303.1334674949773,53077900
2020-08-04,304.7399597167969,304.7399597167969,302.7087180143602,302.7087180143602,41917900
2020-08-05,306.6327209472656,306.89126826301356,305.7740711107244,306.0418321331255,42697700
2020-08-06,308.68243408203125,308.8024658628492,305.72793350897297,306.05108949352723,43679400
2020-08-07,308.9039001464844,309.19011664165487,306.80802223973495,307.71285294552445,57308300
2020-08-10,309.8273010253906,310.0119414454086,307.4175082706169,309.356415827872,44282100
2020-08-11,307.26983642578125,311.64623502713425,306.54046013928667,311.0091648796552,69601100
2020-08-12,311.5538024902344,312.32935977820927,309.679532000178,309.70722946844614,53774400
2020-08-13,310.9906921386719,312.3017718416144,310.06740530395905,310.7875679079759,41816100
2020-08-14,310.9998779296875,311.5353999760587,309.87346706744495,310.6028714247222,47260400
2020-08-17,311.98779296875,312.3847994629521,311.0091113811264,312.0154904409857,35481000
2020-08-18,312.66180419921875,313.0865081681524,310.7875052531915,312.38480129876183,38733900
2020-08-19,311.3599548339844,313.5573533060185,310.79673534794836,313.04031505654325,68054200
2020-08-20,312.3293762207031,312.8094750881142,309.50412160274976,309.63336706931557,42207800
2020-08-21,313.43731689453125,313.65889664211295,311.6553525028336,311.99699218231325,55106600
2020-08-24,316.6134948730469,316.68734541310374,313.40968882300405,315.8748485901053,48588700
2020-08-25,317.72137451171875,317.8044669230327,316.0132886974553,317.17663880879144,38463400
2020-08-26,320.90667724609375,321.1744100287514,317.76750896060923,318.312244583333,50790200
2020-08-27,321.6083984375,323.05796511433385,319.94649388256835,321.7746114341692,58034100
2020-08-28,323.6858215332031,323.81509518897934,321.4422417348515,322.6332894034035,48588900
2020-08-31,322.5132751464844,324.35060666428654,322.28245347132435,323.4735012045628,66099200
2020-09-01,325.5509033203125,325.6524513348711,322.4486452873158,323.3442345333608,54908700
2020-09-02,330.2596130371094,331.2290526523332,326.31716140186785,327.46205589368293,69540000
2020-09-03,318.89398193359375,329.04089295769626,316.30876246960275,328.57000776099846,148011100
2020-09-04,316.290283203125,321.14675134230083,309.18096542994215,319.5771810982591,139156300
2020-09-08,307.6483459472656,316.3549607309717,307.3436737413122,310.8798493187982,114465300
2020-09-09,313.72357177734375,316.1887312996784,310.78749888094603,311.65539056693245,91462300
2020-09-10,308.2761535644531,316.25333454581227,307.3159276821659,315.59780899777945,90569500
2020-09-11,308.43316650390625,311.11993430191217,305.6079113300187,310.05816018485217,84680200
2020-09-14,312.4955749511719,314.2682976219797,308.58084878107974,311.59998582152673,65605700
2020-09-15,314.074462890625,315.7825208192452,312.5048641612994,314.95156838815086,52920900
2020-09-16,312.8279724121094,316.74269857760834,312.55096952637047,315.31161561893896,82096000
2020-09-17,310.0766296386719,311.79395770580686,307.4452566733784,307.9715369017324,91523300
2020-09-18,306.5067443847656,310.9933360912378,304.0224381842765,310.8821027224487,105877900
2020-09-21,303.095458984375,303.2437795741085,298.2380798999571,301.9182014330189,99450800
2020-09-22,306.1822814941406,306.73847660305466,302.0664772931383,304.57862001536944,63612100
2020-09-23,299.0816955566406,307.0166647717101,298.58111700501155,306.7385530033538,93112200
2020-09-24,299.87884521484375,302.93787621508653,296.4489985751981,297.76532620085055,76681300
2020-09-25,304.7269592285156,305.5148717009548,298.1546568746652,299.0259943751535,71069400
2020-09-28,309.78826904296875,310.50203534951567,307.8972169129009,308.8890949296322,64584600
2020-09-29,308.1012268066406,310.3259795662108,307.4059898011958,309.58440474277614,51304000
2020-09-30,310.43719482421875,313.58892978637374,308.5739508757094,308.76860928712824,104081100
2020-10-01,312.4302673339844,314.0061210018967,310.5484935230902,313.0328004508117,88698700
2020-10-02,309.46380615234375,312.40235285633963,307.0073084094654,307.48007849386664,89431100
2020-10-05,314.95159912109375,315.1369786568774,311.47541457094957,311.5217523825799,45713100
2020-10-06,310.47430419921875,317.18567808183934,309.96447503768013,315.090688159139,90128900
2020-10-07,315.8786315917969,316.6851020086094,313.40357535364103,313.43138370286675,56999600
2020-10-08,318.6781005859375,318.74299616214427,316.8982814154723,317.8160134938171,45242500
2020-10-09,321.5238342285156,321.9873254041977,319.7069567408336,320.32801907426403,59528600
2020-10-12,326.69647216796875,328.1703711128486,323.5725453203997,324.063844968693,80388500
2020-10-13,324.564453125,326.73358922053734,323.600383208339,326.55746024664927,73255500
2020-10-14,322.5250549316406,326.2329853972063,321.7927590329618,325.1391526992879,57727900
2020-10-15,322.1264343261719,322.6084550653457,318.07552513157503,318.6131625602973,60357700
2020-10-16,321.9317321777344,325.13908342610574,321.75560325500436,323.4797769752981,89501900
2020-10-19,317.03729248046875,323.82278285072874,316.1381183278607,323.1924415429291,68425600
2020-10-20,318.30718994140625,321.5516280244424,317.6212320849831,318.38133607888915,60051900
2020-10-21,317.7048034667969,320.4301349752656,317.3988833217598,318.2609704772859,63575000
2020-10-22,319.4474792480469,320.03148284713905,315.77663585423755,317.91796352473176,55399300
2020-10-23,320.53204345703125,320.7267018827422,318.0755452159894,320.6710851896819,49143900
2020-10-26,314.6086120605469,317.9364759234132,311.1138698437013,317.14853512100905,91473000
2020-10-27,313.5240783691406,315.28533977636755,313.3108621718636,314.9516395955158,65994100
2020-10-28,302.80816650390625,313.55189240092136,302.3168668136809,307.85095456057604,127094300
2020-10-29,305.8856506347656,309.05591447743296,301.3526932962897,303.0398079880695,90597700
2020-10-30,302.69683837890625,305.61682725753553,299.04452548918334,304.30977868935224,120287300
2020-11-02,306.08966064453125,308.0919181320214,303.34577182679664,306.08966064453125,86068300
2020-11-03,311.49383544921875,313.55173711707835,306.1729665385806,309.3247004408131,93294200
2020-11-04,318.45562744140625,322.5343454427772,314.79403465889675,315.9712924400372,126959700
2020-11-05,324.6663513183594,326.4739785623512,323.3871109043666,323.7393687910326,82039700
2020-11-06,324.59222412109375,325.8436562639265,322.26548878904805,324.3790079432216,74973000
2020-11-09,328.6709289550781,337.77390433814645,328.2074376824893,337.3938380999121,172304200
2020-11-10,328.1888732910156,329.2456185696468,324.9166263863297,327.6790159718678,85552000
2020-11-11,330.6268310546875,331.45183069524353,329.1343746531919,330.3765276970206,58649000
2020-11-12,327.4195251464844,330.67324321370563,325.61192600078954,329.61646944206416,67546200
2020-11-13,331.9524841308594,332.69405891618226,328.8099994489029,329.32910745648184,62892200
2020-11-16,336.0960388183594,336.2906972148393,333.33362089104185,334.622140095063,74541100
2020-11-17,334.2884826660156,335.49357709881195,332.17496333061706,333.68594959425036,66111000
2020-11-18,330.2653503417969,335.1042005097741,330.22826311784223,334.55728418581134,70591300
2020-11-19,331.65582275390625,332.02661012404343,328.29087149861675,329.63500754078495,59940900
2020-11-20,329.38470458984375,331.6002065139429,329.31055843142065,331.39626921670055,70417300
2020-11-23,331.3591613769531,332.6198723058136,328.9582800615384,331.1923113139346,63230600
2020-11-24,336.6986083984375,337.24552471708824,333.05557370732873,333.9083818251607,62415900
2020-11-25,336.1795349121094,336.643026242167,335.08570216259716,336.6152178939342,45330900
2020-11-27,337.1156921386719,337.5884339123508,336.1052564572485,337.27326330014586,28514100
2020-11-30,335.6233215332031,336.6059208367198,332.9443565005629,336.33708795881,83872700
2020-12-01,339.2941589355469,340.8329534365879,338.28375130260855,338.8770337417267,74231400
2020-12-02,340.0079345703125,340.16550576049775,337.6070531807557,338.18177783063066,45927000
2020-12-03,339.9151916503906,341.30566530410596,338.81208028863574,339.90591277346965,62882000
2020-12-04,342.8445739746094,342.8445739746094,340.4066048284182,340.4993087607931,50749900
2020-12-07,342.13995361328125,342.63125318672655,340.8699921662204,342.07505805149833,48944300
2020-12-08,343.1410827636719,343.7065284410971,340.8236267953573,340.86996459902065,42458900
2020-12-09,340.0635070800781,343.95681627791015,339.2292285583469,343.79924510819586,74098300
2020-12-10,339.95233154296875,340.99979809475724,337.82025463669373,338.6916205245105,57735400
2020-12-11,339.55364990234375,339.9615244312118,336.73564370740246,338.2558801692447,57698600
2020-12-14,338.0334167480469,342.79809173388674,337.85728782298236,341.7228170082681,69216200
2020-12-15,342.60345458984375,342.60345458984375,339.2014446984404,340.5733606765333,63865300
2020-12-16,343.1410827636719,344.05878627456207,341.9359886865939,342.8166332702564,58420500
2020-12-17,345.0599670410156,345.2639043286698,343.95685556996756,344.78188359842443,64119500
2020-12-18,343.68212890625,345.5160696043142,341.6713085157447,345.3485083408999,136542300
2020-12-21,342.45330810546875,352.3212124729903,337.0259763287473,339.76292408601836,96386700
2020-12-22,341.8761901855469,342.8909048278069,340.74976800980517,342.7791972943252,47949000
2020-12-23,342.18341064453125,344.0918139440392,341.8575780688017,342.84436581711367,46201400
2020-12-24,343.5146179199219,343.542544801245,342.0716817018129,342.6581462095984,26457900
2020-12-28,346.4656677246094,346.8566440369137,345.4416347950201,346.06534457269254,39000400
2020-12-29,345.8046875,348.16926748527214,345.2181946161471,347.9923877771309,53680500
2020-12-30,346.298095703125,347.3314471151924,345.90711937087656,346.6239282532309,49455300
2020-12-31,348.0576171875,348.7837445893019,345.59064770765076,346.10265005654054,78520700
2021-01-04,343.319091796875,349.5191144538357,339.6232833911593,349.3887700821715,110210800
2021-01-05,345.6837158203125,346.7729211198693,342.63025338281886,342.67681712955124,66426200
2021-01-06,347.7503967285156,350.9435220537929,343.62636577991566,344.17561345030657,107997700
2021-01-07,352.9170227050781,353.6617584095082,349.9473414971712,350.1242211986964,68766800
2021-01-08,354.9278869628906,355.14198358914405,351.05519832067495,354.30414871589034,71677200
2021-01-11,352.53533935546875,354.294789546003,351.6323323911676,351.7533583363595,51034700
2021-01-12,352.60986328125,353.6245779387695,350.3663089172504,352.7215992262628,52547700
2021-01-13,353.55938720703125,354.55546486987174,351.75337320210355,352.5353542542608,45303600
2021-01-14,352.3212585449219,354.8068647184422,351.9861359560516,354.30415242528704,49989100
2021-01-15,349.7519226074219,351.5020547003936,347.8900545677973,350.70146508008384,107160000
2021-01-19,352.49810791015625,353.0380654699637,350.72933922047633,352.20952068020125,51233300
2021-01-20,357.3762512207031,358.21408610198193,354.39725118743416,354.7882275407677,61836100
2021-01-21,357.7020568847656,358.36304045364824,356.78044135246313,357.934790375537,47840100
2021-01-22,356.4359436035156,357.5996108721701,355.46776448123836,355.8494507545385,52860500
2021-01-25,357.8416748046875,358.19540580199936,352.3212155048195,357.1714012989788,70402000
2021-01-26,357.2831726074219,359.2008944003585,357.0504391042999,358.79128116207573,42665300
2021-01-27,348.5509948730469,354.05281810421934,346.3167590029396,353.95971902424606,123351100
2021-01-28,351.54852294921875,355.5515267830559,349.92870728592044,350.3662188829247,94198100
2021-01-29,344.5107116699219,350.6548810290884,342.83501362114134,349.6867018282273,126765100
2021-02-01,350.2452392578125,351.27856215518443,344.7992707610039,347.90858629226074,75817600
2021-02-02,355.19781494140625,356.7524870405597,350.32904887111556,353.4290462295083,64450700
2021-02-03,355.4771423339844,357.19937586145977,354.2017673399159,356.026389967423,52427100
2021-02-04,359.51739501953125,359.563930354463,355.5888524983493,356.5104680448607,47142600
2021-02-05,360.9324035644531,361.6399224767463,359.47085881489795,361.3885805309923,48669800
2021-02-08,363.5390625,363.5855978382445,361.52824155640604,362.38468496710107,38365200
2021-02-09,363.2969055175781,363.89271677001443,362.29150954139715,362.7010942651418,35551100
2021-02-10,363.138671875,365.18673775500156,360.7368749883138,365.0377849264699,59154400
2021-02-11,363.7252197265625,364.6375452854998,361.2954955929545,364.21861361632875,42913300
2021-02-12,365.52191162109375,365.7639351240039,362.8501073798465,362.9245980037026,50593300
2021-02-16,365.2053527832031,366.94622301748575,364.4885439172145,366.75070644597713,50972400
2021-02-17,365.2891845703125,365.54052650809217,362.44050055956217,363.4552435609881,52290600
2021-02-18,363.7345275878906,364.479263411607,360.9603340863235,362.68256763974955,59712800
2021-02-19,363.0921936035156,365.2798942259746,362.645335047699,364.99130695342166,83241000
2021-02-22,360.2993469238281,362.71046232061997,360.02936813751376,360.3272738044918,67414200
2021-02-23,360.7369079589844,362.0867735591579,353.941101443955,358.0930589330605,107284100
2021-02-24,364.71197509765625,365.1402251600415,358.66090455980543,359.6476922516517,72433900
2021-02-25,355.9239807128906,364.81441738369665,354.4810443890207,363.4459432788632,146670500
2021-02-26,354.0899963378906,358.9494723193458,352.1071310412466,357.8044418312601,152701600
2021-03-01,362.67327880859375,363.92075545040086,354.2855822417415,358.9588609981536,105348800
2021-03-02,359.84326171875,363.12945783435276,359.3405493685015,362.8967243179224,79595300
2021-03-03,355.0769348144531,360.1132638322345,354.9745172793995,359.145112720013,119940200
2021-03-04,350.68280029296875,357.47860618196836,346.19569221992555,354.89061115902405,183433000
2021-03-05,357.1342468261719,358.1862068855953,346.90329034460194,354.18317328256677,152039600
2021-03-08,355.3561096191406,360.9044680233819,355.0768407972248,358.09305771331407,123149200
2021-03-09,360.42974853515625,362.9804987402697,358.698196429531,359.2009087711451,113633600
2021-03-10,362.67327880859375,364.3675856171588,361.3606867838893,362.77569632837776,109899400
2021-03-11,366.3504333496094,368.3240087626398,364.6840536373491,365.14023058798864,86245000
2021-03-12,366.84381103515625,366.9834454384432,364.181353712992,364.9912616619042,64653600
2021-03-15,369.03155517578125,369.2922155627964,364.95405965687513,367.0951965209388,73427200
2021-03-16,368.5660400390625,370.35341719951157,367.7933490003447,369.64592676134737,73722500
2021-03-17,369.82281494140625,370.6234044689322,366.13629619510306,367.28135513431295,97959300
2021-03-18,364.4420166015625,369.32010118927036,363.76242462104625,367.23481832610025,115349100
2021-03-19,363.7677001953125,365.7197211971754,361.59150389696646,364.1412876855865,113624500
2021-03-22,366.6724548339844,368.0547602075302,364.2254234520503,364.28146016286524,73778600
2021-03-23,363.7863464355469,367.4849108087404,363.00180420504506,366.0372486874983,90686600
2021-03-24,361.9370422363281,366.8217830520808,361.89035449260405,365.1873129811931,97588600
2021-03-25,363.9731140136719,364.76697660324993,358.5559965907847,360.4986968055075,116128600
2021-03-26,369.8385314941406,370.24013727057377,364.52416690819587,365.1219010982299,114409100
2021-03-29,369.6517639160156,370.55772850073316,366.87783346614003,368.362862908593,108107600
2021-03-30,368.6711120605469,369.34358094645273,367.07398064220894,368.381579616897,76262200
2021-03-31,370.16546630859375,371.7252304449524,369.2128139187483,369.2408322683644,112734200
2021-04-01,374.1629333496094,374.218998554884,371.89336139475535,372.0988388044274,99682900
2021-04-05,379.53326416015625,380.0749901846481,376.75001345829463,376.82471954638225,91684800
2021-04-06,379.3091735839844,380.35522998954474,378.63670467999566,378.9729533834397,62021000
2021-04-07,379.7480773925781,380.0936464810016,378.68335178237857,379.1409942505184,55836300
2021-04-08,381.5507507324219,381.60678743598396,380.0657210822236,380.9997041454603,57863100
2021-04-09,384.3245849609375,384.4927235322592,381.3078386668728,381.42926099503524,61104600
2021-04-12,384.4647521972656,384.7355867285504,383.11981447960585,383.7268976917543,56704900
2021-04-13,385.604248046875,386.2300292636302,383.9791265777558,384.3620630681728,56551000
2021-04-14,384.2873229980469,386.6316009841835,383.7455968876172,385.5761956165632,61659900
2021-04-15,388.41552734375,388.6863904096903,386.3794511307246,386.4261388821726,60229800
2021-04-16,389.71380615234375,390.3208894803555,388.2848131174657,389.70445720020575,82037300
2021-04-19,387.7991027832031,389.22809574117946,386.4728627845068,388.77980210912494,78498500
2021-04-20,384.9598083496094,387.68702290879025,383.4840991609738,386.5849297445035,81851800
2021-04-21,388.6022644042969,388.80774177837327,384.20318450969165,384.343304744254,66793000
2021-04-22,385.05316162109375,389.26543407718646,383.9884358212958,388.43420402767475,97582800
2021-04-23,389.22802734375,390.6383506535276,385.5388119647193,385.6135180559668,73209200
2021-04-26,390.04058837890625,390.61033277407387,389.29341345395136,389.88182724622914,52182400
2021-04-27,389.9565734863281,390.5356668911207,388.8171130815738,390.3395099382348,51303100
2021-04-28,389.8444519042969,391.3481791760754,389.3774604601128,390.2273883088753,51238900
2021-04-29,392.3288879394531,392.94532012603673,388.94787411541165,392.5717326349584,78544300
2021-04-30,389.7510681152344,390.90922633880604,388.8544524767412,390.05929844599274,85527000
2021-05-03,390.5916748046875,392.12339199652814,390.0966649892705,391.7404555728437,68128300
2021-05-04,388.1820373535156,389.0973510192944,384.4928213443372,388.6023411344011,101591200
2021-05-05,388.30340576171875,390.05929824240366,387.7430102993665,389.82580250833166,60162200
2021-05-06,391.404296875,391.5350396849246,386.3701143834206,388.3781723084249,74321400
2021-05-07,394.2528991699219,394.90669867070073,391.48831747234374,392.17013532299035,67733800
2021-05-10,390.3488464355469,394.8319533096077,390.22742408846256,394.60780651677413,81852400
2021-05-11,386.8650817871094,387.85510146471046,382.9890581244751,385.8283743617133,116888000
2021-05-12,378.64605712890625,385.35204832878026,377.3291376588085,384.0818451111226,134811000
2021-05-13,383.19451904296875,385.1278705672436,380.14972554113865,380.1964417898234,106394000
2021-05-14,389.07855224609375,389.9284800362055,385.9030163453545,385.9310346899563,82201600
2021-05-17,388.088623046875,388.90121223521504,386.0712162573868,387.9672291939465,65129200
2021-05-18,384.7449951171875,388.5930008749449,384.5862054511297,388.3501561514101,59810200
2021-05-19,383.7361755371094,383.91363455674485,378.57125157773066,380.0563093742371,106467100
2021-05-20,387.86444091796875,389.1253236094422,384.49277612741383,384.61416996928796,78022200
2021-05-21,387.5469055175781,390.59169919664373,387.0892629717918,389.3494858539395,76578700
2021-05-24,391.4976806640625,392.5717554519268,389.54563104164197,389.7884757512618,51376700
2021-05-25,390.6290283203125,392.9359673967326,390.0499634392748,392.5810493076067,57451400
2021-05-26,391.404296875,391.90862721701114,390.180781318248,391.2174888575059,43088600
2021-05-27,391.6097106933594,392.9452994425397,391.3294987126263,392.4316202322079,56707700
2021-05-28,392.3101501464844,393.4402613734174,392.0766544424052,393.1787473249645,58520200
2021-06-01,391.96466064453125,394.81329741149153,391.525687491623,394.67320566118025,54216600
2021-06-02,392.5810546875,393.42166217448545,391.60973290730567,392.61842198763014,49097100
2021-06-03,391.1239929199219,392.263453151856,388.79838471410426,390.26474464836855,58138800
2021-06-04,394.7012634277344,395.00014486017886,391.18947785376713,392.973388993611,55938800
2021-06-07,394.31829833984375,394.86934490806766,393.38431530836596,394.69188585185486,51555000
2021-06-08,394.4023132324219,395.2709105225555,392.5717146579376,395.17750652833854,47134300
2021-06-09,393.81390380859375,395.3176311744139,393.5897570222941,395.242896577049,48436300
2021-06-10,395.64447021484375,396.5971509849046,393.7204677812437,395.0373870494079,51020100
2021-06-11,396.2983093261719,396.410382721431,394.90668383020704,396.1955848814836,45570800
2021-06-14,397.18560791015625,397.2883323557152,395.1682012696967,396.4103860815458,42358500
2021-06-15,396.4571533203125,397.37243850900103,395.5792069332303,397.3350997073947,51508500
2021-06-16,394.2435607910156,396.8213630595682,392.19816419002484,396.59721625461583,80386100
2021-06-17,394.1127624511719,395.0934330875437,391.63771348560346,393.8325789844645,90949700
2021-06-18,388.7960205078125,391.5227773326563,388.5898708974102,390.8293780050055,118676300
2021-06-21,394.3620910644531,394.5495102417298,389.742497165714,390.5577162541795,72822000
2021-06-22,396.4703674316406,397.3043454678535,393.6311417670724,394.352679752593,57700300
2021-06-23,395.9925231933594,397.3512120232172,395.9081931498081,396.5453725429614,49445400
2021-06-24,398.3350524902344,398.756702636822,397.88526373773,398.13828242182683,45110300
2021-06-25,399.7500305175781,400.19981934817787,398.7567718716343,399.08474110668726,58129500
2021-06-28,400.55584716796875,400.72450723423236,399.075338926079,400.2747470575294,53159600
2021-06-29,400.7713623046875,401.577201657203,400.23724351738144,400.9400223650543,35970500
2021-06-30,401.1087646484375,401.78343362434913,400.28416605608436,400.3122760719077,64827900
2021-07-01,403.3294677734375,403.48877689800884,401.802090469254,401.86769002620366,53441000
2021-07-02,406.4123840332031,406.7684632777236,403.4138490651717,404.4914663355306,57697700
2021-07-06,405.67205810546875,406.68407566728763,402.93592178588835,406.468546524495,68710400
2021-07-07,407.105712890625,407.3868415804875,404.3414666485789,406.35609357661275,63549500
2021-07-08,403.7886962890625,404.5476952865336,400.60274209170535,401.78341990828244,97595200
2021-07-09,408.0990295410156,408.39888874783514,403.59187628680496,405.29729335492465,76238600
2021-07-12,409.5608215332031,409.8138402584851,407.58368379970483,408.0147135517589,52889600
2021-07-13,408.1646423339844,410.2729791942714,407.90227266855015,408.7737117077264,52911300
2021-07-14,408.773681640625,410.3479281135863,407.52743297051677,409.8606497735151,64130400
2021-07-15,407.37750244140625,408.10839135369446,405.4753153622365,407.4337224657248,55126400
2021-07-16,404.18218994140625,408.60501287947545,403.78864977864345,408.55817239214764,75874700
2021-07-19,398.21331787109375,404.24784908958907,395.40220190953943,399.35650617263855,147987000
2021-07-20,403.9198913574219,405.1942788329913,398.08213008287646,398.87861868058843,99608200
2021-07-21,407.1900939941406,407.33067265477706,403.8729980876093,405.1192467876088,64724400
2021-07-22,408.0428161621094,408.28645534613815,406.3842681533673,407.36814723384765,47878500
2021-07-23,412.2407531738281,412.5780733348413,409.28908738037114,409.9731072389194,63766600
2021-07-26,413.2527160644531,413.26209560038063,411.6035477215418,411.6503882088871,43719200
2021-07-27,411.3692932128906,412.24073218061153,408.53941855758904,412.2126221686252,67397100
2021-07-28,411.20068359375,412.57813163816985,409.7763950523972,411.99717221467273,52472400
2021-07-29,412.906005859375,413.98359440615155,412.1188969574822,412.1282764931705,47435300
2021-07-30,410.9007873535156,412.3531856804309,410.207359374989,410.33855849930256,68951200
2021-08-02,410.0386657714844,413.1683708687938,409.6825865730587,412.6155215961337,58783300
2021-08-03,413.3746337890625,413.4964534004576,408.642599597881,410.8352668145335,58053900
2021-08-04,411.3411865234375,413.346434118997,411.10692688961086,412.09080591322396,46732200
2021-08-05,413.9461975097656,414.0305275555735,412.1845602964902,412.5031500015922,38969700
2021-08-06,414.6301574707031,415.0518362349307,413.9835986168319,414.26472732503214,46930000
2021-08-09,414.2928466796875,414.92064647614995,413.5244682278816,414.60205680992107,41222600
2021-08-10,414.8082580566406,415.5204165734043,414.05863858352615,414.7426584888019,43339300
2021-08-11,415.8389892578125,415.9326988371535,414.75202104898426,415.87647880877864,44034300
2021-08-12,417.085205078125,417.2257837341095,414.7894778443805,415.68902682349017,38909400
2021-08-13,417.84423828125,417.86296875743454,417.0477498031309,417.5349995492506,39470300
2021-08-16,418.8281555175781,418.95932605512974,414.9862914344037,416.5417789840265,73740000
2021-08-17,416.0826416015625,416.94470112800127,413.0934860818038,416.2700321700211,92673900
2021-08-18,411.528564453125,416.6354357523996,411.2849538867955,415.07056886412056,89351900
2021-08-19,412.1658020019531,413.36523891211175,408.6612866430519,408.8018367196642,92812200
2021-08-20,415.44537353515625,415.7733427277286,412.02518874666305,412.51246706573465,72008700
2021-08-23,419.0998840332031,420.0088125987634,415.5203897980154,417.1320972978909,54973000
2021-08-24,419.76507568359375,420.2991944123901,419.2497160235463,419.76507568359375,38744700
2021-08-25,420.64599609375,421.16135587884156,419.57775837696613,419.9525966891945,40529700
2021-08-26,418.162841796875,420.5991192042751,418.0691322205563,420.3648595615522,57829600
2021-08-27,421.901611328125,422.27642103261843,418.9124560362428,418.96867606210947,77235100
2021-08-30,423.7569580078125,424.5440669661629,422.33264109600447,422.5762802722132,48357400
2021-08-31,423.12921142578125,424.0006505914793,422.52952150178527,423.66333037101026,59300200
2021-09-01,423.3540344238281,424.5815527206417,423.11977477029654,424.06619292133183,48721400
2021-09-02,424.6564636230469,425.46230297562477,423.4570555334381,424.7782831987027,42501000
2021-09-03,424.553466796875,425.0688552215791,423.11979877975574,423.5227471397682,47170500
2021-09-07,423.0353698730469,424.30037749751193,422.36070104640845,424.20666793345083,51671500
2021-09-08,422.52008056640625,423.23223905655976,420.5991342695839,422.5013500889307,56181900
2021-09-09,420.71160888671875,424.0755740928611,420.4679696953391,422.3233164530745,57970400
2021-09-10,417.3943786621094,423.06344942791185,417.2725590972137,422.64179931420585,89948200
2021-09-13,418.4627380371094,420.6554338015027,416.14825126016297,420.39306410434955,83738600
2021-09-14,416.2044372558594,420.11187210742554,415.3142391694053,419.9057224766755,78197100
2021-09-15,419.68084716796875,420.17747647552517,415.52039355154807,416.62609222178327,78792200
2021-09-16,419.01556396484375,420.1306135920383,416.0638694935535,419.15611403582216,77786700
2021-09-17,414.933837890625,418.66579952568367,414.5766179390553,418.2427985470541,118425000
2021-09-20,408.0151672363281,410.38405885600616,403.14573587535295,408.8047977762208,166445500
2021-09-21,407.6297912597656,411.6531636956014,407.10337084294684,410.3559031370975,92526100
2021-09-22,411.60614013671875,413.64604074631075,407.74258725869817,409.9046690416803,102350100
2021-09-23,416.607177734375,418.21466778281064,413.2418450775607,413.47685522277226,76396000
2021-09-24,417.29339599609375,418.0078359804858,414.7552750846295,414.97149473457984,62094800
2021-09-27,416.09954833984375,417.4249802239827,415.40389884937827,416.25933916263614,61371100
2021-09-28,407.71441650390625,413.655480073126,406.981185972043,413.32646012046985,130436300
2021-09-29,408.40069580078125,410.83539778442844,407.83666564017506,409.0963167424617,82329200
2021-09-30,403.40899658203125,410.58148154628566,403.07056708218,409.8764511666684,140506000
2021-10-01,408.2032775878906,409.8859585278774,401.61361157548265,405.1387643144747,129240100
2021-10-04,402.9389953613281,407.9399892875987,400.79567536580527,407.037558391636,128570000
2021-10-05,407.13153076171875,409.37821255340737,403.6439886722877,404.4430001166101,90682500
2021-10-06,408.8236083984375,409.0304184562949,401.90492407695274,403.53117578451554,113032200
2021-10-07,412.358154296875,415.197066176869,411.9257437150467,412.10435369862415,72437500
2021-10-08,411.60614013671875,413.51444998736724,410.9763290353788,413.1290299205683,74557400
2021-10-11,408.6262512207031,413.8622842543227,408.56044149355773,410.9481526531211,65233300
2021-10-12,407.6203918457031,409.951702812476,406.8307612007708,409.5474922480039,71181200
2021-10-13,409.0868225097656,409.90465316392994,405.6650899688843,408.645002322282,72974000
2021-10-14,415.968017578125,416.11842753548746,412.2830453421605,412.7530657010058,70236800
2021-10-15,419.1358337402344,419.50246328838506,417.46256287521214,418.0829930190192,66260200
2021-10-18,420.37677001953125,420.7151708749127,416.6917981413863,417.34983805497893,62213200
2021-10-19,423.6199035644531,423.6856846027925,421.39198327728565,422.00303260856737,46996800
2021-10-20,425.28375244140625,425.5845723051379,423.96770139728164,424.0805016742407,49571600
2021-10-21,426.3929443359375,426.6185448638883,424.24965325713134,424.682063831623,41305400
2021-10-22,425.95111083984375,427.4081907045908,424.0052202839226,425.96052042413305,58845100
2021-10-25,428.2355041503906,428.56452411353644,425.2650009588396,427.041662859405,45214500
2021-10-26,428.620849609375,430.99915087837957,428.2448391545924,429.78651931328756,56075100
2021-10-27,426.7220458984375,429.74897787469854,426.64682658288626,429.0815570599391,72438000
2021-10-28,430.8393859863281,430.9145766067055,428.1414742340312,428.15085513172806,51437900
2021-10-29,431.7135925292969,432.00500278448646,428.244840846289,428.53625110147857,70162400
2021-11-01,432.45623779296875,433.07666796283195,430.7265667229376,432.70062881424144,48433600
2021-11-02,434.20477294921875,434.5150024306183,432.49389207149477,432.6255115333647,48908400
2021-11-03,436.8556213378906,437.25983186693117,433.19885003088245,433.6406702124122,52509800
2021-11-04,438.914306640625,438.99890684181076,437.1094162853852,437.4572266750685,52847100
2021-11-05,440.43719482421875,442.43007618696566,438.92374331887703,441.1422252320449,66390600
2021-11-08,440.81317138671875,442.0352412122443,440.1269602027339,441.5370209098921,50405200
2021-11-09,439.3561706542969,441.4148618185051,437.9461097849906,441.17985167362065,51149100
2021-11-10,435.8215637207031,439.35612511347824,434.3363123816006,437.6640350330447,69429700
2021-11-11,435.9625244140625,437.3914041770928,435.9437339337223,437.3161848802195,34848500
2021-11-12,439.25274658203125,439.8073670755041,436.2822149398842,437.23166509516153,53466700
2021-11-15,439.4031677246094,440.7004283336517,438.27513622509247,440.54063749790726,46980500
2021-11-16,441.14227294921875,442.27971409763927,439.06479115534836,439.1399817843683,48857500
2021-11-17,440.0705871582031,441.0576182388675,439.4501569663317,440.8790082432791,47858300
2021-11-18,441.5652770996094,441.82848731755604,438.37852572627077,441.1046377023812,50625600
2021-11-19,440.775634765625,442.70270645083684,440.4090051747564,441.4524364328998,57315600
2021-11-22,439.5347595214844,445.1468026589416,439.3279494564215,442.6557009805207,72762000
2021-11-23,440.1175231933594,440.9729634115955,436.6017812293338,439.205682845372,73206500
2021-11-24,441.2926330566406,441.4148429167893,437.2974607646824,438.115291443818,61858800
2021-11-26,431.4503479003906,436.08474023421417,430.32228793387577,434.61827949039883,112669600
2021-11-29,436.7427673339844,438.58523845063576,434.04485602694876,436.2445470788986,86268800
2021-11-30,428.24493408203125,436.20707986716064,428.0005143227515,434.29879841557255,148559600
2021-12-01,423.4882507324219,436.8086374124799,423.290850257439,433.9603158081163,131939200
2021-12-02,429.9745788574219,431.5444593337186,423.3096942265421,423.7045239141556,127637800
2021-12-03,426.23321533203125,432.70067046910617,422.00303269299377,431.63844870413465,137331600
2021-12-06,431.2812194824219,433.16130061518345,426.3647969926562,428.78070813331755,98977500
2021-12-07,440.2021789550781,440.7662090115453,431.1495840464495,436.5642266881175,95484700
2021-12-08,441.3677978515625,441.8190276116101,438.83908665382853,440.5969864571496,72238800
2021-12-09,438.3879089355469,441.4712407407317,438.19050845590453,440.07997042228766,61272600
2021-12-10,442.5146789550781,442.66508888548304,438.53832579208637,441.0952372334483,77159800
2021-12-13,438.59466552734375,442.3454176220599,438.3126361887649,441.9976072567939,87724700
2021-12-14,435.5771179199219,437.8144187233226,432.65360596586527,435.3233173325535,97264100
2021-12-15,442.383056640625,442.6274476583098,433.1142425689226,435.6335728638,116899300
2021-12-16,438.48193359375,444.5169779638093,436.930843709259,444.23497726904446,116568600
2021-12-17,433.815185546875,438.4092618245341,432.1077368438548,435.39999504107936,135511600
2021-12-20,429.2022705078125,429.59845850346267,425.5798363191293,428.7305989396733,107134800
2021-12-21,436.8244934082031,436.96598912839397,430.45692690267214,432.62660471506297,69806300
2021-12-22,441.192138671875,441.30533523820264,436.37164043974565,436.56976321936594,58890200
2021-12-23,443.937255859375,445.4371678906433,442.08831149730497,442.19206541682075,56439700
2021-12-27,450.219970703125,450.26712634622396,445.26741905868244,445.3145747017814,56808600
2021-12-28,449.8520202636719,451.6821081838997,449.0879146544429,450.65386765775884,47274600
2021-12-29,450.4275207519531,451.4463187392995,448.95590766548065,449.9558491527363,54503000
2021-12-30,449.1822814941406,451.8613726077948,448.72005255913206,450.85198851964896,55329000
2021-12-31,448.05029296875,449.842639350075,447.7767441594959,448.6917882451769,65237400
2022-01-03,450.6443786621094,450.7764605012531,447.0030884828913,449.3142615710116,72668200
2022-01-04,450.4934997558594,452.78584543871375,448.635112640116,452.06889544831097,71178700
2022-01-05,441.8429870605469,450.89908537464567,441.7486470053759,450.1255372262037,104538900
2022-01-06,441.42803955078125,444.1448726975174,439.06023879788046,441.3808839040391,86858900
2022-01-07,439.6828308105469,442.6166431471201,438.32441429273644,441.43746414128117,85111600
2022-01-10,439.13568115234375,439.3526316532516,430.7304901894249,436.48488919074714,119362000
2022-01-11,443.1353759765625,443.22971603463884,435.8716233328437,438.87147596382505,74303100
2022-01-12,444.3334655761719,446.38997545502053,442.3713245554861,444.87117806328797,67605400
2022-01-13,438.211181640625,446.0881025089078,437.18294108680465,445.4371934481838,91173100
2022-01-14,438.39044189453125,438.73947426347723,433.8435208770397,435.06044163485194,95890900
2022-01-18,430.6266784667969,433.9000801446297,429.51354052849086,433.6925435130348,109709100
2022-01-19,426.1553039550781,433.56996792093884,425.88172635771065,432.17383836585805,109357600
2022-01-20,421.4385681152344,432.7492436968586,419.31604594789405,428.0419704136264,122379700
2022-01-21,413.1654357910156,422.6743219055185,413.1371366485651,420.31596407281415,202271200
2022-01-24,414.9200134277344,415.4294267475225,396.9210402768621,407.5525063368311,251783900
2022-01-25,409.85430908203125,414.80686073493035,402.9490301538802,408.52419175491247,167997300
2022-01-26,408.8260498046875,418.8820910132849,404.56212043743244,415.7501849161173,186391100
2022-01-27,406.80731201171875,416.57091988117384,405.1187484129023,413.42959969479165,149878300
2022-01-28,416.9104919433594,416.95764758264465,403.5810494178644,408.16568303658295,164457400
2022-01-31,424.4194641113281,424.7684964246404,414.891693794857,416.24066741224294,152251400
2022-02-01,427.2872619628906,427.9287283515847,421.6177608084225,425.14585473478627,123155400
2022-02-02,431.43804931640625,432.1644132687847,427.3816559914496,429.692858513143,117361000
2022-02-03,421.2969665527344,427.3060565284403,420.4573775100793,425.4005141363684,118024400
2022-02-04,423.2780456542969,427.1268727004783,418.68394073588917,421.06118368926354,118454400
2022-02-07,421.9196472167969,425.43829858096694,420.58952998140325,424.04216920738406,84472900
2022-02-08,425.39117431640625,426.31566099325914,419.9952501952537,421.41970760411243,81012000
2022-02-09,431.61724853515625,431.9379817631401,429.2305914308077,429.4286854386847,92589900
2022-02-10,423.86297607421875,431.7776105996194,421.86309308439786,425.7685189857641,140103700
2022-02-11,415.5048828125,426.0231523425291,414.0710117021737,423.94781485036305,153214600
2022-02-14,414.1465148925781,416.58035643251037,410.67501887953995,414.995546790282,123006300
2022-02-15,420.8253479003906,420.9951427431811,418.0707734780917,418.5896294380124,88482700
2022-02-16,421.2969665527344,422.67423919673604,416.90098495815226,418.7782282133112,84863600
2022-02-17,412.29754638671875,421.2687487717077,411.693821753136,418.10854352626,102259100
2022-02-18,409.6278991699219,413.806902341528,407.3544387638589,412.55223985255054,132642900
2022-02-22,405.23187255859375,410.82588982072514,401.7320491873631,407.42043529880675,124391800
2022-02-23,398.043701171875,408.7129111688608,397.4776894566013,408.146899453587,132578000
2022-02-24,404.0339050292969,404.46786365481387,387.3744884622656,387.73293471716227,213942900
2022-02-25,412.94842529296875,413.0333227139032,403.61874859349035,405.26959895160047,121804500
2022-02-28,411.8919372558594,413.37299295759,406.29791910816897,407.55255287050466,145615000
2022-03-01,405.6186828613281,412.4013221597528,402.9112639395008,410.3919967190823,137785900
2022-03-02,413.0805358886719,414.8068411449072,407.1186004140651,407.8732634005898,117726500
2022-03-03,411.0239562988281,416.11800256549805,409.222167776321,415.51427803635465,105501700
2022-03-04,407.6846008300781,408.8165952787163,403.63765086397046,407.2883840604993,113978200
2022-03-07,395.6663818359375,407.80720269087345,395.60034091096946,407.09969537962036,137896600
2022-03-08,392.66656494140625,403.0055972451965,391.60058263341585,395.84562657872834,164772700
2022-03-09,403.19427490234375,405.1753011556901,398.86433355936276,401.05289644474624,116990800
2022-03-10,401.37359619140625,402.2697547820951,396.61913933731984,398.5812801406087,93972700
2022-03-11,396.2701416015625,404.4772092709991,395.7607282684723,403.8640420157582,95636300
2022-03-14,393.3740234375,400.49625143515976,392.23258649023603,397.04364145545367,95729200
2022-03-15,402.0245361328125,402.65655987964084,394.7136272071247,395.9871173439881,106219100
2022-03-16,410.9391174316406,410.99571571466925,400.7321381601262,405.5337798825797,144954800
2022-03-17,416.0802917480469,416.0802917480469,408.64674451932643,409.02407595057997,102676900
2022-03-18,420.6375732421875,420.9593028336933,413.7297868077792,414.4678791360529,106345500
2022-03-21,420.5145568847656,422.4733213729706,417.00386088702027,420.4672258759616,88349800
2022-03-22,425.4351806640625,426.37198236705336,421.90556943878335,421.90556943878335,74650400
2022-03-23,419.9562072753906,424.3942327183388,419.87104611773225,422.8991331539282,79426100
2022-03-24,426.28680419921875,426.2962761766024,420.86467470667094,421.98127067470915,64736900
2022-03-25,428.3686218261719,428.6430492710812,424.33748682777303,426.9208242937579,77101300
2022-03-28,431.4156494140625,431.4156494140625,425.8799424500739,427.77248986490883,68529800
2022-03-29,436.75262451171875,437.24470532869987,432.6174129701443,435.30482687325934,86581500
2022-03-30,434.0558166503906,436.42150122145665,431.94561561692495,435.6076907124575,79666900
2022-03-31,427.37506103515625,434.1125250531456,426.9208392701977,433.2892715675178,121699900
2022-04-01,428.5863037109375,429.0972707248986,425.0093902232998,428.9553354432427,89048800
2022-04-04,432.2578125,432.36191762304253,427.96175071510544,428.78500420961205,59601000
2022-04-05,426.7978820800781,433.23253253806155,425.6528988378104,430.7627717165602,74214500
2022-04-06,422.5301818847656,424.81070528964915,419.64405824278475,422.8803274607899,106898000
2022-04-07,424.6592712402344,426.47612959296237,419.7008059045146,421.65012756907544,78097200
2022-04-08,423.5237121582031,426.4193072695884,421.9812814601947,423.90221584948597,79272700
2022-04-11,416.28472900390625,421.09178658035466,415.7832051098399,420.24958914576314,89770500
2022-04-12,414.7422790527344,421.80147227519615,413.19037643183964,419.27490896658617,84363600
2022-04-13,419.4925842285156,420.24959162395425,414.3164660258067,414.49626033587003,74070400
2022-04-14,414.2691955566406,420.8363377308492,414.1650904269717,419.7197127519559,97869500
2022-04-18,414.4394836425781,416.123849633217,412.2062627473825,413.34180271144544,66002500
2022-04-19,421.1296691894531,421.8488175877449,414.1650795150678,414.33540185587515,77821000
2022-04-20,420.8173828125,423.5237406996165,419.65348460531936,422.9086685500845,65224400
2022-04-21,414.52471923828125,425.83270326471836,413.61630443070874,424.441679554067,85417300
2022-04-22,403.1504821777344,414.54359749502777,402.5827121441921,413.43647336370464,132471800
2022-04-25,405.48773193359375,405.6580542602697,396.33725301076987,400.9077709224342,119647700
2022-04-26,393.74444580078125,403.1504075771343,393.7160587482562,402.95166933148056,103996300
2022-04-27,394.8517150878906,400.19818593151496,392.7131556284297,394.82332802491516,122030000
2022-04-28,404.8253173828125,406.5570142890086,395.1638717530579,399.6018973665393,105449100
2022-04-29,389.86474609375,402.98955707599237,389.1171818200173,400.832054296418,145491100
2022-05-02,392.2115173339844,393.5741537158079,383.25974771045304,389.93099434604335,158312500
2022-05-03,394.0093994140625,396.42238550138336,391.15163470929133,392.7130092248286,100028200
2022-05-04,406.00823974609375,406.57600980928174,391.4829309462933,394.67186907445193,144247900
2022-05-05,391.5774841308594,402.16628824210756,387.44227303458774,401.740453562189,172929100
2022-05-06,389.24029541015625,392.5143949581733,383.9317127901109,389.01319891928415,151770800
2022-05-09,376.7778015136719,384.575087347115,375.1975117716512,383.3354711443122,155586100
2022-05-10,377.6484375,384.2628826486502,373.6078584477752,382.7583106519952,132497200
2022-05-11,371.64898681640625,382.3324247205916,370.9014225253903,376.68316971112745,142361000
2022-05-12,371.26104736328125,374.53514652082424,364.4573366484498,368.45061311196713,125090800
2022-05-13,380.1371765136719,381.5187284099703,374.35542759927614,375.39633473127753,104174400
2022-05-16,378.5946960449219,382.26624315358947,376.2384834313431,378.4906197842672,78622400
2022-05-17,386.3825378417969,386.6191062996921,380.9509064114928,384.68869959743125,83029700
2022-05-18,370.8068542480469,382.1053662434467,369.56723782398416,381.8214956417476,117674500
2022-05-19,368.53570556640625,372.9642879303813,366.31195684652164,367.7408392133795,98510700
2022-05-20,368.6965637207031,375.6989821356005,360.09494071422534,372.12206931233277,131432200
2022-05-23,375.5950012207031,376.3614806717681,369.406362617675,371.72471605038334,76414900
2022-05-24,372.727783203125,373.9200684973476,366.17008413397616,371.46922293735594,91448800
2022-05-25,376.02081298828125,377.98907865192785,370.8352510778718,371.2326698997725,91472900
2022-05-26,383.53424072265625,385.17130483180716,377.04281616113974,377.25099755722835,82168300
2022-05-27,392.9496154785156,393.0631636990263,385.7957888065358,385.9944981924295,84768700
2022-05-31,390.74481201171875,394.08515718858496,388.00062391684565,391.33149711527295,95937000
2022-06-01,387.5841979980469,393.87691162412517,385.0671067720199,392.86442082555544,86585800
2022-06-02,394.96514892578125,395.01245105424977,385.1712114606002,387.4233472328848,79609600
2022-06-03,388.48321533203125,391.795173302903,387.50855457000824,390.24327056369185,71874300
2022-06-06,389.666015625,394.22703245074865,388.4926167185688,392.49536446108146,57508900
2022-06-07,393.4038391113281,393.8580609068562,385.71062891259504,386.17432268656637,59272400
2022-06-08,389.1266784667969,393.47954333395916,388.33181201108613,391.6910721501235,64350000
2022-06-09,379.8721618652344,389.61877058958953,379.8721618652344,387.34771921360226,86289800
2022-06-10,368.8575134277344,374.51624111312117,368.81021128921816,373.6646004739386,132893900
2022-06-13,354.8526306152344,361.2967520769685,353.2439538052529,359.4420637467876,170004900
2022-06-14,353.7833251953125,357.6346658846879,350.679548775885,356.60323107069917,104011800
2022-06-15,358.8269958496094,363.27446487884,352.1273619331276,357.08582684228884,125666800
2022-06-16,346.9512634277344,351.0107858866292,344.51933296816924,350.6038951062925,134473300
2022-06-17,347.6991271972656,351.04441711071945,344.19232112754855,347.36652398663057,111113900
2022-06-21,356.4520263671875,357.83954577017596,353.35383919081494,353.4298843377524,76811900
2022-06-22,355.8057861328125,359.9208378596493,351.8047441204501,352.2229054186672,90059400
2022-06-23,359.2935485839844,360.02531625810855,354.38019748123855,357.9440519379141,79292100
2022-06-24,370.7168884277344,370.72640132071564,362.43925040064084,362.46776007686213,98050300
2022-06-27,369.3009033203125,371.93339374615164,368.20799359853146,371.6387840560035,66009600
2022-06-28,361.7550048828125,373.64403342980467,361.6409661729738,370.85948192125505,86548900
2022-06-29,361.4604187011719,363.2946090766125,359.6357412197438,362.3062541919747,65676000
2022-06-30,358.52386474609375,361.7646008408261,354.0666671292307,357.56399038001507,112508300
2022-07-01,362.31573486328125,362.7529219458162,355.2450444294537,357.86805091376164,74839700
2022-07-05,362.9999694824219,363.01899526887956,354.3896990068369,357.22178593032197,81438000
2022-07-06,364.2259826660156,366.7159247303021,360.75716958402745,363.1425568197513,70426200
2022-07-07,369.6810302734375,370.4793302796413,364.2449625145711,366.0031367080708,64525900
2022-07-08,369.376953125,371.24916611652566,366.5163562235368,368.04642405277673,72397800
2022-07-11,365.1574401855469,367.66637967437134,364.4636657914265,366.69702130412406,58366900
2022-07-12,361.9261474609375,366.9915903599883,360.1774858287248,364.60617377885575,62219200
2022-07-13,360.025390625,362.96203282628903,356.06239989210513,356.48056122161495,84224600
2022-07-14,359.1510925292969,360.2344894812079,352.6221141267699,355.06452096685234,89704800
2022-07-15,366.0126953125,366.12673404152474,361.650539910931,363.56074662755304,79060400
2022-07-18,362.9905700683594,369.77613578928634,361.76459566817937,369.10138727564373,63203600
2022-07-19,372.7982177734375,373.3684403556091,366.2597563730755,366.9154789894388,78506000
2022-07-20,375.17413330078125,376.5901914099878,371.619791193265,372.98831383414614,71843800
2022-07-21,378.9945983886719,379.0421048535145,372.1900078667484,374.59442084284586,64903900
2022-07-22,375.4782409667969,380.3155764832449,373.2543990144218,379.1181409721045,72197300
2022-07-25,375.9344482421875,376.78976766133366,373.6915803624673,376.10550632547137,53631500
2022-07-26,371.4867858886719,374.4994153201888,370.59344384206173,374.2903346496475,52946400
2022-07-27,381.1329040527344,382.8815653652331,374.4898588407444,374.7844685236655,82342100
2022-07-28,385.91326904296875,386.6070143182949,378.38639383024014,381.9407652653173,73966600
2022-07-29,391.5393371582031,392.52772101696127,386.5784500823875,387.3482404042619,87003700
2022-08-01,390.3799743652344,392.8889425916025,388.12762229999475,388.8403934093861,69997500
2022-08-02,387.8044128417969,392.49919977922883,386.62597416207234,388.81179345563703,63435400
2022-08-03,393.8773193359375,395.0462453718832,389.6481992309968,389.9332960683664,67820600
2022-08-04,393.61114501953125,394.48546115765066,391.96700956030446,393.8011998743411,45656600
2022-08-05,392.9458923339844,393.59213106466996,389.2679987016488,389.3250180600784,56814900
2022-08-08,392.4897155761719,396.88989316531894,391.387292955347,394.63754145835884,53886100
2022-08-09,390.9311828613281,392.26168307241494,389.85726979721653,391.75799267097744,44931800
2022-08-10,399.1422119140625,399.28478930367265,396.03454106904235,397.99228292287995,68665700
2022-08-11,399.1422119140625,403.8560245937494,398.4009312995291,401.993295662687,59489700
2022-08-12,405.8993835449219,406.0039093837423,400.1306825479558,401.0810440036907,61694500
2022-08-15,407.572021484375,408.0947377142402,403.6280270355775,403.6850464057109,54048300
2022-08-16,408.3702697753906,410.29950209001703,405.69024389909407,406.4980568196023,59289000
2022-08-17,405.47161865234375,408.1801539962864,403.46637035029323,404.7683606131751,63563400
2022-08-18,406.650146484375,407.3343788381746,404.3787688555106,405.67124641632466,49023200
2022-08-19,401.1855163574219,404.1506388492187,400.31117123671885,403.884538856435,68016900
2022-08-22,392.8318786621094,396.51928542351556,391.92902375820364,396.3481983345936,77695600
2022-08-23,391.88153076171875,394.7991472328157,391.33030490584025,392.40421793285645,49105200
2022-08-24,393.1359558105469,394.50444934461694,390.96913329441026,391.6533655600833,49177800
2022-08-25,398.68609619140625,398.73360265745475,393.5351249523274,394.6280346959815,50942300
2022-08-26,385.1910400390625,399.1138310374191,385.1340206659068,398.5721469924399,103087000
2022-08-29,382.64398193359375,385.69463364222986,381.28497221012304,382.2353335276929,65370800
2022-08-30,378.443359375,384.0410012678557,376.34306905482566,383.8034109464827,85652400
2022-08-31,375.5637512207031,381.3229380663818,375.4307157273297,380.07796715106764,76029700
2022-09-01,376.74224853515625,377.08436469022797,370.678938652205,373.3874742240931,78740100
2022-09-02,372.7696838378906,381.6270575634506,370.9544903875025,380.4105963352462,99632100
2022-09-06,371.3631896972656,374.55638973388335,369.1393477426086,373.6155413307237,76637400
2022-09-07,378.03472900390625,378.80451936163286,370.8310028776724,371.04956742201074,70964200
2022-09-08,380.50567626953125,380.9618311489722,374.5564050265275,375.7633824847431,80821700
2022-09-09,386.4169006347656,387.28173287628084,382.48239103068937,382.7484910278691,76706900
2022-09-12,390.5700378417969,391.2923218090903,388.1846213728781,388.48874399097315,69256300
2022-09-13,373.5870361328125,383.0906492168183,372.46561674955393,381.88367179340526,122947100
2022-09-14,375.0125427246094,376.5331264751755,371.70527524233233,374.8889911257345,85023700
2022-09-15,370.7550048828125,376.305112280204,369.48152401791003,373.45402792521134,87633800
2022-09-16,367.9264831542969,368.58492846304785,364.6342566105422,366.5714428970576,103084800
2022-09-19,370.7796936035156,370.7796936035156,364.7010295654018,364.77738708177657,73278500
2022-09-20,366.5237121582031,368.4608693228223,363.7659009113071,367.44935055441204,77274900
2022-09-21,360.1301574707031,371.50498233585387,360.1206054997159,368.45132204995605,106746600
2022-09-22,357.1051940917969,360.99858405499543,356.36086825522057,359.3572464253826,89472600
2022-09-23,351.12188720703125,353.6697589480902,346.675007940967,353.6315801864885,122346900
2022-09-26,347.6484069824219,353.2785667174396,346.4269485005134,349.652370039799,92581200
2022-09-27,346.76092529296875,353.459857136267,344.3657100991575,351.18870108949443,108294100
2022-09-28,353.58392333984375,355.27296245080464,346.01660643811806,347.71519752115427,110802200
2022-09-29,346.1978759765625,350.32027945929735,343.249200037984,350.0340115514208,112952300
2022-09-30,340.8444519042969,349.17519794486384,340.7108699138818,345.25315265968237,153711200
2022-10-03,349.8431396484375,351.69441640615145,342.7815832218094,344.5660544284427,89756500
2022-10-04,360.68365478515625,360.7122815791371,349.8050362444443,355.3683901017397,103602800
2022-10-05,359.8438720703125,362.10547600581526,353.9846987017383,356.3131081925854,88065700
2022-10-06,356.1317443847656,361.39927721467654,355.6355078983759,358.44104960176855,82333500
2022-10-07,346.1978759765625,356.21766045831674,344.43247955302377,352.09522785371945,107789500
2022-10-10,343.5545959472656,347.5529700367685,341.31209570408595,347.3144037026543,76042800
2022-10-11,341.3788757324219,346.42694756944854,339.4417182439327,341.8560084056642,92482800
2022-10-12,340.2528076171875,343.36372158176107,340.0046893387279,341.7891897787711,76991800
2022-10-13,349.2324523925781,350.7020290219594,332.18925999717504,333.23895758959026,147254500
2022-10-14,341.2738952636719,353.32627035722425,340.6345247152281,351.6944557677686,123737000
2022-10-17,350.0436096191406,351.15056087847387,340.9399103655982,347.362126415413,93168200
2022-10-18,354.1564636230469,358.27889645424324,350.71155095897484,357.97352458781444,97162900
2022-10-19,351.6467590332031,354.8435535760599,348.8316647816131,352.11433970586495,79746900
2022-10-20,348.6981201171875,355.6260961767777,347.9346903310534,351.1982907828058,88283100
2022-10-21,357.17193603515625,357.65859149270045,346.9135849578602,348.4213111862988,131038400
2022-10-24,361.5424499511719,362.67802786353946,356.0458731062238,358.6987583066402,85436900
2022-10-25,367.3158264160156,367.63072116367647,361.35166805839594,361.4661752393635,78846300
2022-10-26,364.5483703613281,369.8540823855379,363.9090290046154,364.1666701170704,104087300
2022-10-27,362.6016845703125,367.3920851710098,361.9813889212359,365.55036040862007,81971800
2022-10-28,371.2283020019531,371.70543468470186,362.3154669828309,362.49677973202483,100302000
2022-10-31,368.54681396484375,370.6366574184391,367.6402793522776,368.7663054799875,96631300
2022-11-01,366.9340515136719,372.53561281137877,365.7603239323339,372.2970465066368,85407600
2022-11-02,357.7253723144531,370.85607010454953,357.6204171263898,366.3423854587386,126990400
2022-11-03,354.0419616699219,357.08607016392386,351.92349163838855,354.4809155332156,87100100
2022-11-04,359.1377868652344,361.5425251743016,353.0781957888094,359.7580535469761,103505200
2022-11-07,362.5730895996094,363.16472938893213,358.3552244250396,360.435515659066,68286900
2022-11-08,364.5293273925781,367.5066303285375,360.4450732662479,363.68001733717375,84641100
2022-11-09,357.019287109375,363.7086962893126,356.52305050737357,362.55401428993724,78495500
2022-11-10,376.638916015625,376.9729146439448,368.0028280194402,370.30258141366954,141455800
2022-11-11,380.2843017578125,381.08588117365133,375.608378149284,377.49783406496215,93839900
2022-11-14,377.0493469238281,381.8779276043328,376.7726017987613,378.5189238202029,71903500
2022-11-15,380.26519775390625,383.910498454461,376.44813627609847,382.8035471312726,93194500
2022-11-16,377.3641662597656,379.58759125179506,376.73434776440064,378.63332609915625,68508500
2022-11-17,376.20953369140625,376.88708300619,372.2970693510568,372.60241210724644,74496300
2022-11-18,377.917724609375,379.61631585385857,375.0644803868105,379.5495102867139,92922500
2022-11-21,376.5435485839844,377.7173054097724,374.70182350827446,376.59127932303574,51243200
2022-11-22,381.61065673828125,381.7728946397623,377.07789693039774,378.49021994388283,60429000
2022-11-23,384.0154113769531,384.5020668220049,381.0476314864747,381.2766458135579,68261600
2022-11-25,383.9295654296875,384.4830556409012,383.17571677097555,383.45243275471506,30545400
2022-11-28,377.8031921386719,382.4790864541177,377.0397623978261,380.837748913633,67881600
2022-11-29,377.154296875,379.12960397556105,375.3125426554069,377.93677231301285,52310000
2022-11-30,389.0348815917969,389.0348815917969,375.4843314190897,377.4023849238339,144566700
2022-12-01,388.7485656738281,391.2487358630156,386.2388435135502,390.07497917155587,76398200
2022-12-02,388.3001403808594,389.20667504467707,383.74830487189024,383.8532600881966,85342700
2022-12-05,381.3148193359375,386.4105918965586,379.9597790901639,385.4754306592434,77289800
2022-12-06,375.8182373046875,381.69651421862574,373.728423384414,381.15260520692095,77972200
2022-12-07,375.17889404296875,377.5454821251701,374.0433161720851,374.96895454275847,65927900
2022-12-08,378.1180725097656,379.18684498444895,375.2839034087124,377.068403979044,60737900
2022-12-09,375.2934875488281,379.43499580414664,375.16942838990695,376.8775715745364,81447700
2022-12-12,380.7041015625,380.7041015625,375.417464361826,376.08543250830934,75405800
2022-12-13,383.58599853515625,391.7163278716569,380.8186351718438,391.45868674150205,123782500
2022-12-14,381.1335754394531,386.9545999060633,378.1848989989114,383.2424937114521,108111300
2022-12-15,371.810302734375,377.1732677517013,370.14989083670196,376.26670428925985,117705900
2022-12-16,367.4207458496094,370.59386612148,365.2829810609633,369.2517657317392,119858000
2022-12-19,364.3051452636719,367.94802264552084,362.63710828294205,367.61249023125134,79878100
2022-12-20,364.8036804199219,366.42379682476735,362.22491663969316,363.54785469861747,74427200
2022-12-21,370.2584228515625,371.3896198447621,366.86480261636484,367.40164285909003,78167400
2022-12-22,364.9761962890625,370.23916053307846,359.2722332289845,367.209831595386,100120900
2022-12-23,367.07562255859375,367.21941379519086,362.39741929068407,363.950423157118,59857300
2022-12-27,365.6280822753906,367.30571508666856,363.95044946411275,366.960616093891,51638200
2022-12-28,361.0841064453125,367.5358135013805,360.854040448147,365.56097308852884,70911500
2022-12-29,367.5837097167969,368.45608223881914,363.40399242752494,363.93126597675223,66970900
2022-12-30,366.61541748046875,366.7592086998613,362.78082893352615,364.89946016973596,84022200
2023-01-03,365.0720520019531,370.45004902050835,362.20567683665195,368.4752380300906,74850700
2023-01-04,367.8905029296875,369.92283055639075,364.28597966385496,367.3344711039099,85934100
2023-01-05,363.6916198730469,366.0498840558089,363.09726322382664,365.9348510599075,76970500
2023-01-06,372.03179931640625,373.15342943340613,363.7203443233328,366.787997866155,104189600
2023-01-09,371.8208923339844,377.4194177778674,371.6387762794701,374.2271061896771,73978100
2023-01-10,374.4284362792969,374.4955486092587,370.29666890331214,371.2361537559992,65358100
2023-01-11,379.1641540527344,379.2408622167289,375.19536960600243,376.0102256287862,68881100
2023-01-12,380.5445861816406,382.0113152345906,376.19234893637963,380.2665995563064,90157700
2023-01-13,382.02093505859375,382.5961292686462,377.07431166109114,377.3427317250366,63903900
2023-01-17,381.32110595703125,383.6793992551705,380.64047460135316,382.00176656830166,62677300
2023-01-18,375.3008117675781,383.57394241937,375.0995040316948,382.5098579883935,99632300
2023-01-19,372.5686950683594,374.9077675297641,371.2457571335137,373.2588930285292,86958900
2023-01-20,379.5093078613281,379.6626949440639,372.31945292080763,373.9683274907241,91806400
2023-01-23,384.0628662109375,385.99932319331543,379.35590453409674,380.314551818449,84178800
2023-01-24,383.650634765625,384.56133208460926,381.19650018692624,382.3852133953482,59524900
2023-01-25,383.79443359375,384.12996598342204,377.2852105542449,379.57639153162364,84800300
2023-01-26,388.0124816894531,388.1754645974599,383.4876654146606,386.4594777963223,72287400
2023-01-27,388.904052734375,391.28150871155356,386.7566920166625,386.967595605409,68346200
2023-01-30,384.02447509765625,388.37674154050546,383.72729680861056,386.14307720021804,74202000
2023-01-31,389.6709899902344,389.71891065606565,384.19709249266276,384.5422207556733,86811800
2023-02-01,393.812255859375,396.56359788271243,385.71170461794947,388.4534215519607,101459200
2023-02-02,399.5450439453125,401.01177323006914,395.80632510726565,397.70442814895335,101654500
2023-02-03,395.2982177734375,399.7271635935274,394.0903128204698,394.56963646776256,94736800
2023-02-06,392.8824768066406,394.282123166359,391.2240354195808,392.8441519721598,60295300
2023-02-07,398.0207824707031,399.2670122823971,390.7158945853212,391.9621243970152,90990700
2023-02-08,393.6684875488281,397.388043561494,392.97826035827575,396.0459432619734,76227500
2023-02-09,390.2557373046875,397.4264298512411,389.02866989488314,397.2730427680662,78694900
2023-02-10,391.1664123535156,391.5498653830581,388.26171250273467,389.0765392196659,70769700
2023-02-13,395.75830078125,395.8925254285683,391.35811375424055,391.8182749307163,64913500
2023-02-14,395.5762023925781,397.8865164448738,391.61698469819703,394.2340728818384,88389300
2023-02-15,396.86083984375,396.9375187591641,392.5373309404456,393.3809452879777,61555700
2023-02-16,391.396484375,395.83502566820573,391.2622889776,391.88540381719497,76431500
2023-02-17,390.4186706542969,390.6583324559055,387.34139205761664,389.2682823043391,89257800
2023-02-21,382.5865173339844,387.44686578378213,382.3276931153695,386.39234798566156,82655900
2023-02-22,382.0592956542969,384.54218860202,380.6021330632425,382.9987512663258,83742300
2023-02-23,384.09161376953125,385.567938737912,379.86397585252666,384.95439045031753,96242400
2023-02-24,379.9886169433594,380.8226354035622,377.36193273433554,379.0683237378521,108194400
2023-02-27,381.2828063964844,384.69558849089844,380.34332149757034,383.33429643374495,80444700
2023-02-28,379.8736572265625,382.7687620646361,379.76819079156155,380.8035464461198,96438600
2023-03-01,378.4164123535156,380.285786224129,377.11266611466596,379.05871889408525,99706800
2023-03-02,381.3595275878906,382.20314199789544,376.10612919733177,376.44166164525603,85127800
2023-03-03,387.4756164550781,387.7248740903768,382.5289933624495,383.18086644105557,90120000
2023-03-06,387.74407958984375,390.60085911261217,387.3031100177366,388.3000821585358,72795900
2023-03-07,381.8004455566406,387.9358116155142,381.1869265041094,387.69614979307676,108310600
2023-03-08,382.423583984375,383.18089426793244,380.18991944950625,381.9155020986243,74746600
2023-03-09,375.367919921875,384.8777136423342,374.3805144113086,383.2096475110798,111945300
2023-03-10,369.9515686035156,376.901761257044,368.4273229667233,374.82148382483746,189253000
2023-03-13,369.42425537109375,374.2462786691214,364.9090354410611,366.02106965683873,157790000
2023-03-14,375.5308837890625,377.17975816787913,371.0443925918974,374.35173718346283,149752400
2023-03-15,373.1822204589844,373.38352820078774,367.84254796683757,369.9324213189262,172996900
2023-03-16,379.72979736328125,380.0749256309138,370.31590238260264,370.8239843207203,143254200
2023-03-17,375.2897033691406,379.5334763060183,373.9039803951704,378.3979622867853,140553400
2023-03-20,378.89837646484375,379.31219038734906,375.3667296908288,376.069194315506,93055800
2023-03-21,383.8735046386719,384.3546576570402,380.66900909067914,382.2664406357319,91524200
2023-03-22,377.329833984375,387.3185760861018,377.2913628844689,383.70032508905524,111746600
2023-03-23,378.34979248046875,384.2390994049272,375.6360830177107,380.19740321072396,119351300
2023-03-24,380.8326110839844,380.91921510254883,374.7219619246639,377.069990985465,107682400
2023-03-27,381.5447082519531,383.8831342228275,380.64977069262744,383.1132717788515,74010400
2023-03-28,380.6882019042969,381.5446388438139,378.85019419817775,380.85177745390115,62871700
2023-03-29,386.22149658203125,386.46207306808367,383.6521267894026,384.8550092196648,77497900
2023-03-30,388.48297119140625,389.1084642618227,386.6160950711014,388.8582552867559,69840000
2023-03-31,393.9584655761719,394.25677808538353,389.3008787149844,389.4067476454537,112062600
2023-04-03,395.45965576171875,395.8638078292274,393.0442583450311,393.43880732243116,67391100
2023-04-04,393.26556396484375,396.39305813101834,391.8894442126204,396.10434874148575,66601500
2023-04-05,392.2358703613281,393.29441266985214,390.5807031245207,392.5341828254698,65200200
2023-04-06,393.7659606933594,394.0450376322365,390.3882575257403,391.437167451645,63743300
2023-04-10,394.170166015625,394.24716694508413,390.66738727373564,391.2832478731585,63681000
2023-04-11,394.2760009765625,395.6809594619992,393.5061679518089,394.7956544202573,59297900
2023-04-12,392.6689147949219,396.63363981226826,392.0819222861502,396.3449304189456,86420400
2023-04-13,397.8846130371094,398.2406615136449,392.6111662470231,393.75631259262076,85814800
2023-04-14,396.9127502441406,399.443619886818,394.6032215680084,397.2495632394048,78161500
2023-04-17,398.33697509765625,398.3562106467558,395.59439693756417,396.8261475266993,66436400
2023-04-18,398.5967102050781,400.04980148093387,397.220619845255,399.9150645614992,63560000
2023-04-19,398.5294494628906,399.4339901497687,396.6240728742949,396.6818088890477,55227300
2023-04-20,396.35455322265625,398.1059569841909,394.805225474454,395.709795357126,75840400
2023-04-21,396.6624755859375,397.124363590132,394.70899592221565,396.6528431301023,73457400
2023-04-24,397.0762634277344,397.49968034668166,395.1227837473728,396.4603735939043,64332100
2023-04-25,390.7732238769531,395.6617550067555,390.71548786392196,395.103601057788,97766700
2023-04-26,389.11798095703125,392.46681590055556,388.55985648339924,391.38903804302885,80447000
2023-04-27,396.8645935058594,397.1340379925136,391.4083059420538,391.65851488224934,92968400
2023-04-28,400.2519226074219,400.26155506482286,395.92154566069996,395.97928167060974,89433100
2023-05-01,399.84771728515625,401.87816855347415,399.61674390903073,399.80921682792797,62122300
2023-05-02,395.3537902832031,399.1837787040956,392.4476367591756,399.13564578414,103998500
2023-05-03,392.6400451660156,398.2695405891648,392.39946868953274,395.8541433677578,91531800
2023-05-04,389.8590087890625,391.91832822239473,388.5213894409254,391.59114772802405,94901900
2023-05-05,397.0762634277344,398.1251732691853,393.2366725239446,393.4964845285171,87891800
2023-05-08,397.1821594238281,397.6633124121759,395.7772009206819,397.4035003706773,50046800
2023-05-09,395.44036865234375,396.55664705489033,395.20942462672946,395.6328415851866,49220100
2023-05-10,397.2880554199219,398.91435498071894,393.4580667995226,398.2792294687583,96142900
2023-05-11,396.5951843261719,396.8838643849846,394.5165998009732,396.4219762908843,70157100
2023-05-12,396.0755310058594,398.04827596600416,393.6505304091499,397.8365674670435,70481500
2023-05-15,397.4420166015625,397.8461686821511,394.76680705489645,396.6817866269805,54289400
2023-05-16,394.7860107421875,397.2591440489676,394.7763782852964,396.3353092048242,57705500
2023-05-17,399.57830810546875,400.18453618231763,395.1613273420889,396.8068622851723,87287000
2023-05-18,403.427490234375,403.8509071558303,399.0393779276958,399.26068947715396,97177200
2023-05-19,402.8405456542969,404.86139419112027,401.6184275681808,404.3321376214222,103793300
2023-05-22,403.00408935546875,404.54378464321184,401.61836653322445,402.8597493463277,60745400
2023-05-23,398.4812316894531,402.93671253841774,398.0866827611539,401.358516825221,86383500
2023-05-24,395.59429931640625,397.2590989710873,394.42991748733095,396.8741825133282,89213700
2023-05-25,399.0201721191406,400.4732635587891,396.8646161031706,399.1067761340057,90961600
2023-05-26,404.187744140625,404.90947362025605,399.59755522238083,399.67452677861917,93830000
2023-05-30,404.3416748046875,406.65120302721357,402.95595199772293,406.12194654378385,72216000
2023-05-31,402.09954833984375,403.41790279671176,400.5309849376734,402.51333285149997,110811800
2023-06-01,405.919921875,406.9784643429913,401.07952389464964,402.33050994129945,88865000
2023-06-02,411.78997802734375,412.5790465929496,407.9696222034908,408.49887873292437,91426200
2023-06-05,411.0008544921875,413.4258547804784,410.298360615152,412.13636840253633,65460200
2023-06-06,411.8958435058594,412.4251000685976,409.93273100728186,410.5871214183071,64022200
2023-06-07,410.4715881347656,413.4258744271593,410.0481711705742,412.2903604628489,85373300
2023-06-08,412.9543762207031,413.40666121291997,409.7691457275,410.53897877639116,61952800
2023-06-09,413.6952819824219,415.7064976991499,412.7041081245656,413.7530179844528,85742800
2023-06-12,417.44830322265625,417.5253041431819,413.9551573440261,414.6768867959098,76104300
2023-06-13,420.2005310058594,420.84525956412307,418.2470510492617,418.91104452208407,95899700
2023-06-14,420.70086669921875,422.5100064056292,417.246192203358,420.5372911495027,100612100
2023-06-15,425.9166564941406,427.1676425913594,419.78677175671936,419.88297886631347,110303100
2023-06-16,424.46588134765625,428.474279953013,423.9926092848296,427.904413934663,114165800
2023-06-20,422.2636413574219,423.41304154167295,420.1870041214196,422.52444796434224,76160400
2023-06-21,420.10009765625,422.08014103507514,419.5108951805997,421.2784731312149,76982300
2023-06-22,421.6165466308594,421.722779347334,418.80583057108225,419.14389467353715,70637200
2023-06-23,418.4290771484375,420.21596194306784,417.71433502111864,418.1586317913709,92074500
2023-06-26,416.719482421875,419.78130707914215,416.47801229853,417.8592143297431,72823600
2023-06-27,421.2880859375,421.9062340935396,417.1444505822348,417.5984155696539,72813700
2023-06-28,421.5005798339844,422.5147425065915,419.5881259491554,420.20627410375766,75636000
2023-06-29,423.161865234375,423.32607787868903,420.67957490667465,421.0852281845511,67882300
2023-06-30,428.155517578125,429.1407051013052,426.0595438710738,426.3783009507995,104964000
2023-07-03,428.6481018066406,428.9281859198321,427.52767692487674,427.8077905144009,32793400
2023-07-05,428.01068115234375,428.7447598513333,426.8226373857692,426.8323056243361,58418400
2023-07-06,424.6590576171875,425.0840474287703,422.1477622241082,424.42725571135543,80658300
2023-07-07,423.5868835449219,427.5373607483118,423.3454134187473,423.66417049204466,86134200
2023-07-10,424.6590576171875,424.83290904656155,422.659677750378,423.2295437531058,62443500
2023-07-11,427.363525390625,427.85613393293494,424.4465765671181,425.422125413234,64463800
2023-07-12,430.8020935058594,432.2123005321763,429.7299800916794,431.1594941202587,91924500
2023-07-13,434.22125244140625,435.0132815571351,432.18325865422753,432.617887210663,72425200
2023-07-14,433.9508361816406,435.9598548665001,433.18778225181745,435.1099046958951,69815800
2023-07-17,435.4576416015625,436.51044800407266,433.75768217480305,433.80599389453636,52680200
2023-07-18,438.69329833984375,439.3404218148386,434.69453863237396,435.12919667930265,80668200
2023-07-19,439.6687927246094,440.85680681351107,438.61595709471186,439.48527308096357,65891700
2023-07-20,436.7518615722656,439.5722457578469,436.0371193951603,438.6739839174844,70591600
2023-07-21,436.7518615722656,438.6739839174844,436.74222281063936,438.47112777830426,71275600
2023-07-24,438.70294189453125,439.5142779903244,436.867745334165,437.9012445599851,54023400
2023-07-25,439.900634765625,441.15626767500714,438.3841952460214,438.4325069587421,55191200
2023-07-26,439.9682312011719,441.39771546076753,437.91090104233945,438.96370723872633,71052900
2023-07-27,437.05133056640625,443.76421294632905,436.14340038757626,443.3585300993958,92194400
2023-07-28,441.3302001953125,442.16084340685165,437.05132650770946,440.325676064509,80011800
2023-07-31,442.17041015625,442.5277811990183,440.48975816470266,441.80337087675883,62040400
2023-08-01,440.9051513671875,441.6488687577706,439.94890960634154,440.70229523457317,55291500
2023-08-02,434.77178955078125,438.0461090832154,434.01840394785836,437.78533196247287,93933400
2023-08-03,433.5258483886719,435.4093273640729,432.1060027164115,432.75315569310766,64276100
2023-08-04,431.5650329589844,437.4472412458238,431.0434492729417,435.34162898084645,100128900
2023-08-07,435.33197021484375,435.4865146243049,432.7047742066685,433.4002093110776,58357500
2023-08-08,433.43890380859375,435.32238270202885,430.07762882885913,432.7917508600607,71361300
2023-08-09,430.5412292480469,433.8735287355085,429.7781754061016,433.70931608230507,78789600
2023-08-10,430.6957702636719,436.2882265207825,429.52706313111736,432.89797658868093,93005500
2023-08-11,430.4447021484375,431.45889450819044,428.2231884627009,428.82202974443834,68690900
2023-08-14,432.8206787109375,432.8206787109375,429.2179634605814,429.5270522820505,47867400
2023-08-15,427.7788391113281,431.40089107368914,427.2089436634091,431.0434905199487,75707500
2023-08-16,424.6398010253906,429.02487813838394,424.5335388217128,427.36356217125825,80107200
2023-08-17,421.404052734375,426.3686636613096,420.8824689600864,426.10788651233355,95711300
2023-08-18,421.60687255859375,422.6403718520157,418.23595877170976,418.5836616313642,98852000
2023-08-21,424.3500061035156,425.09372360106846,420.4671764574395,422.62107146680034,68719000
2023-08-22,423.2005920410156,426.1272091701829,422.64039424533416,426.1272091701829,64994200
2023-08-23,427.9140625,428.5322402058597,424.1181589807745,424.2630351692306,68441000
2023-08-24,421.98358154296875,430.0293538199984,421.95457682823127,429.51743829068363,88517300
2023-08-25,424.9584655761719,426.24307373449807,420.1580380770201,423.71247141677657,102325100
2023-08-28,427.6532897949219,428.27143803085545,424.95847475635645,427.15101303461915,61595400
2023-08-29,433.83489990234375,434.1150135078099,427.3634885979469,427.5470082557006,83081900
2023-08-30,435.621826171875,436.2593109157671,433.4679017861337,434.1730052474849,69053900
2023-08-31,434.984375,437.379740248343,434.8008553106396,436.2400081075127,66084600
2023-09-01,435.7956237792969,438.1910180232257,434.3371347964679,437.7080777747482,58944100
2023-09-05,433.91217041015625,435.6700800917991,433.84458117342785,435.35135247874024,55166200
2023-09-06,430.9952392578125,433.2071140684911,428.6674634922226,433.1008518755981,70758500
2023-09-07,429.67193603515625,430.3480346831722,427.6435811384425,427.9912839614794,70355400
2023-09-08,430.3191223144531,431.8548689598933,429.36290993507305,429.7202810475146,61659700
2023-09-11,433.1491394042969,433.4581987746905,431.23668532604137,432.94628326819304,60180100
2023-09-12,430.7731018066406,433.2264469118444,430.1935969975154,431.70036845391746,67565400
2023-09-13,431.27532958984375,432.4343685526933,429.8940980148542,430.99521597971284,60199300
2023-09-14,434.99395751953125,435.6893927060478,432.4440481531944,433.74799281245487,83430800
2023-09-15,429.75299072265625,433.73677769771734,429.31682909931095,433.4072234999764,111848900
2023-09-18,430.00506591796875,431.30390776198857,428.9679210789831,429.4428625408151,55752200
2023-09-19,429.1132507324219,429.675454034148,426.42833506959016,429.0841732913192,66514600
2023-09-20,425.16827392578125,430.7901294710478,424.96470225740006,430.3733429544115,82562600
2023-09-21,418.14093017578125,422.58025371246634,417.98584063306095,422.31855674804774,104095800
2023-09-22,417.2007751464844,420.7677463582612,416.78395900410345,419.16842775985725,100829700
2023-09-25,418.9552001953125,418.9939504024325,415.5529911707951,415.9891824335371,70874500
2023-09-26,412.8002014160156,416.6191968671865,411.9665987111882,415.91160628125357,96168400
2023-09-27,412.9649658203125,414.5352365633177,409.320464597115,413.9730331962355,104705800
2023-09-28,415.359130859375,417.03600913362396,411.82123687227,412.412517717301,92258300
2023-09-29,414.3509826660156,418.586763812541,412.82919436980524,418.41229918222865,115111300
2023-10-02,414.1862487792969,415.436637965525,411.4237734247356,413.51743802249865,83798600
2023-10-03,408.6419372558594,414.2444181473067,407.27523825202337,412.00536625897985,103760600
2023-10-04,411.61761474609375,412.3639554385422,407.6435302591631,409.10716378388844,87453000
2023-10-05,411.4625549316406,412.3058303467078,408.23484048426144,411.3268404794052,70142700
2023-10-06,416.3477783203125,417.8889419596687,407.68234534407696,409.01026454136644,113273300
2023-10-09,419.0132751464844,419.5851511856649,413.89543865350254,414.44791001251434,80374400
2023-10-10,421.19427490234375,423.7919587740754,419.2459972083888,419.6434087050833,78607300
2023-10-11,422.9195861816406,423.17158085104415,419.8760088222951,422.26047769195304,62451700
2023-10-12,420.34124755859375,423.90821868639375,417.9858858829249,423.5302119190894,81154200
2023-10-13,418.24761962890625,423.045605313089,416.6773783738098,421.8436685163455,95143100
2023-10-16,422.64813232421875,423.71435449669224,420.25399100160854,420.4963128780658,75433200
2023-10-17,422.6287536621094,424.6836681484373,419.1684195342952,419.5173488593283,75324700
2023-10-18,416.9971618652344,421.8145218630585,415.91156461169203,420.85493671578564,93559800
2023-10-19,413.333251953125,419.5270131332278,412.65476846702256,417.714450283055,121323000
2023-10-20,408.25421142578125,413.4399055549237,408.14757441721036,412.8971069121286,123919900
2023-10-23,407.546630859375,411.4141082592817,404.9683224528733,406.72273053416484,92035100
2023-10-24,410.6192932128906,411.7727477741345,407.8180379697815,409.6693807564813,78564200
2023-10-25,404.7259826660156,408.9617938766799,404.21226147565824,408.93271643497314,94223200
2023-10-26,399.8795471191406,404.5127401955018,398.95874174042217,403.65979204119725,115156800
2023-10-27,398.06695556640625,401.8665753160578,396.642101857825,401.46916391920945,107367700
2023-10-30,402.826171875,403.882691656562,399.55967786827136,400.8585195147872,86562700
2023-10-31,405.3560791015625,405.67593098866274,401.48860153022065,403.39809925222016,79665200
2023-11-01,409.67901611328125,410.49321397980304,405.79216417282834,406.32528999111435,98068100
2023-11-02,417.5303649902344,417.6854545666244,413.4593449558553,413.478720060287,94938900
2023-11-03,421.33953857421875,422.89040431666723,419.71114285578454,419.83715494952713,100167800
2023-11-06,422.3088684082031,422.75473237061436,420.3605910898025,422.0956239774314,67831700
2023-11-07,423.51080322265625,424.1505365569555,421.1651439105342,422.308896123232,64256100
2023-11-08,423.82098388671875,424.6351818841711,421.5140747704494,424.11175832141294,61746000
2023-11-09,420.51568603515625,425.0034918992464,420.0891971681386,424.9647121167065,83174400
2023-11-10,427.0777893066406,427.38796843360757,420.5060206531149,422.59001262842264,89462200
2023-11-13,426.6706848144531,427.7756572288507,424.9550565166978,425.7401770580696,52236100
2023-11-14,434.9483642578125,436.2375035396276,432.38943121379657,432.61237797424354,97176900
2023-11-15,435.8692626953125,437.51706352995177,435.01628483174915,436.2860492849091,77327600
2023-11-16,436.4023742675781,436.7222261657172,434.3571620148054,435.42338430911985,66665800
2023-11-17,436.94512939453125,437.55578526494025,435.4911981146269,436.41200351038174,83133200
2023-11-20,440.30859375,441.1518692274426,436.6834380187307,436.69314036041027,69936200
2023-11-21,439.3489685058594,440.18257120218567,438.0792041489343,439.2617361737396,49244600
2023-11-22,441.04522705078125,442.3634735504526,439.9499569252717,441.00647684513626,59394900
2023-11-24,441.31658935546875,441.51045868866237,440.7641179584505,441.09367216063396,29737400
2023-11-27,440.5218200683594,441.5007803874619,440.13408138085987,440.68658238826873,50506000
2023-11-28,440.9580078125,442.25684966761025,439.57193362163355,440.13410742327716,62115000
2023-11-29,440.6477355957031,444.24381318734913,440.2503537879695,443.1097339014553,63146000
2023-11-30,442.3828430175781,442.73180192610516,439.41682540648986,441.4911150141487,79752700
2023-12-01,444.9999084472656,445.53300475365734,441.18091323402564,441.77216442546705,89183400
2023-12-04,442.6639099121094,445.019271433423,440.3860783753154,441.60739008872554,72430900
2023-12-05,442.5767517089844,443.5363370271983,440.8998734073744,441.2779097935265,69793500
2023-12-06,440.7931823730469,444.74786226267736,440.35699117640615,444.7187848215884,69124700
2023-12-07,444.1566162109375,444.8060222628319,442.27619611806483,442.8771496276889,66995400
2023-12-08,446.06610107421875,446.5991973452758,443.1679114532356,443.4102333183171,83194400
2023-12-11,447.8011474609375,447.97564170163525,445.358553474564,445.5717979195869,65002200
2023-12-12,449.8462829589844,449.9432176139037,446.45377709893216,447.45214192596393,68327600
2023-12-13,456.0498046875,456.3018289230582,449.8657452173365,450.2243768877482,93278000
2023-12-14,457.513427734375,459.1806035101216,454.83818462019093,457.98836917003774,119026000
2023-12-15,456.7601013183594,458.0934340813363,454.9109942306135,456.9158196636758,141553700
2023-12-18,459.3294372558594,460.31239637628556,457.3051580447496,458.3659614924249,70375300
2023-12-19,462.1225891113281,462.2004631426164,459.7966147557437,459.8744590867912,55761800
2023-12-20,455.7188415527344,463.1542078983234,455.29062347154826,461.2661635495232,102921000
2023-12-21,460.0398864746094,460.31238616429494,456.28325178797456,458.7065536605437,86667500
2023-12-22,460.9644470214844,462.64812393044707,459.06669078214355,461.16881437336167,67160400
2023-12-26,462.91082763671875,463.8159126462135,461.29528326802847,461.37315728833744,55387000
2023-12-27,463.7477722167969,463.89374886768604,462.17116498672567,462.7064226067306,68000300
2023-12-28,463.9230041503906,464.75995685713684,463.5045277970175,464.1079178321579,77158100
2023-12-29,462.5799560546875,464.25389115635505,460.62377959337147,463.7283454487912,122283100
2024-01-02,459.9912109375,460.9839117212058,457.8890577311239,459.5143439023402,123623700
2024-01-03,456.234619140625,458.570335093064,455.6312290704376,457.83068032303305,103585900
2024-01-04,454.7650146484375,458.34644746704663,454.54116395968543,455.75768568069975,84232200
2024-01-05,455.3879089355469,457.84040614563645,453.93779478135224,454.96940287212124,86118900
2024-01-08,461.8890075683594,462.0349842457667,455.7577198150965,455.884242835596,74879100
2024-01-09,461.1882629394531,462.21012932199153,458.72602412321226,459.2320864754785,65931400
2024-01-10,463.7965087890625,464.66268658164086,461.1785514545196,461.4607928330298,67310600
2024-01-11,463.5921630859375,465.31474737264404,459.61170706620095,464.79894328451786,77940700
2024-01-12,463.91326904296875,465.7818595429952,462.502121615046,465.04220480544996,58026400
2024-01-16,462.21014404296875,463.8451421871986,460.39023221216354,462.53132242501596,85014900
2024-01-17,459.640869140625,460.1274778564824,457.28566988777015,459.18345575970955,68843900
2024-01-18,463.72833251953125,464.2830735453687,459.7673604180853,461.31477246365523,91856200
2024-01-19,469.50933837890625,469.7915797861937,463.777102418609,464.857359649574,110834500
2024-01-22,470.5019836425781,472.22456782073624,469.8499148891261,471.0469830334159,75844900
2024-01-23,471.87420654296875,472.1175109095896,469.9569966462272,471.04699545665005,49945300
2024-01-24,472.3899841308594,475.6794338281553,471.89363377790727,474.745153487513,81765000
2024-01-25,474.9593505859375,475.2318503066767,472.3900717475741,474.52139081678,72525000
2024-01-26,474.3558654785156,476.02005880762255,473.50917114792156,474.5310374710035,76641600
2024-01-29,478.1125183105469,478.2585246858996,474.12235058965683,474.66734997690736,61322800
2024-01-30,477.74273681640625,478.4531665594372,476.9835986796224,477.4215584200377,58618400
2024-01-31,469.9472351074219,475.98116532447904,469.9277517507619,475.5334936248827,126011100
2024-02-01,476.0979919433594,476.1271872790658,470.8425939142762,471.65038103588824,91891600
2024-02-02,481.11004638671875,482.7644982110768,476.1952805049677,476.53591254829524,99228200
2024-02-05,479.3582763671875,481.1392810563577,477.1004342987586,480.47750027251203,75757100
2024-02-06,480.7499084472656,481.0807987761819,478.87157642395977,480.3022070902884,55918600
2024-02-07,484.7596130371094,485.17808940845316,482.0929770540646,482.9980918458816,70556500
2024-02-08,484.97369384765625,485.3532331832338,483.94208579679537,484.7595848352,52343600
2024-02-09,487.77655029296875,488.21448028265473,485.1391098762786,485.4797418906366,63979400
2024-02-12,487.5624694824219,490.01496666720067,486.84226840178366,487.7473831666172,56502300
2024-02-13,480.8472595214844,483.776653518952,477.5772631803255,481.28521924942925,113099200
2024-02-14,485.21697998046875,485.7035886541278,481.158650574048,483.48465429025185,68387800
2024-02-15,488.5648498535156,488.74976352545775,485.4408007855907,485.91769748176387,61683000
2024-02-16,486.1318359375,489.4018321652925,485.39218120492103,488.26318443249403,75532900
2024-02-20,483.45550537109375,485.06130820828355,481.20737545898015,484.3897857981468,71736700
2024-02-21,483.8934020996094,484.0491204434422,480.3411646253707,482.15136438471933,59293400
2024-02-22,493.9078369140625,494.87131264849836,489.54781221335594,490.51131764803023,76402500
2024-02-23,494.2485046386719,496.46743931170954,493.5185915264853,495.63045683227716,61321800
2024-02-26,492.4382629394531,495.12435246871587,492.3117399253592,494.6863927584272,50386700
2024-02-27,493.35308837890625,493.57693907250416,491.23148157958644,493.1292673855463,48854500
2024-02-28,492.7010803222656,493.2849870375032,491.4358798053579,491.7959655131677,56506600
2024-02-29,494.4722595214844,496.08780389109205,491.81539515660484,494.4625475441177,83924800
2024-03-01,499.114501953125,499.5427199698066,494.93942084083443,495.3481852022985,76844800
2024-03-04,498.57928466796875,500.4284215717115,498.2873313148722,498.3165563504212,49799300
2024-03-05,493.59637451171875,497.02211863397577,491.3871817921508,496.57441726330285,72855600
2024-03-06,496.0975646972656,498.3554361707815,494.8031986362925,496.8761267293977,68382400
2024-03-07,501.0220031738281,502.07309450535166,496.1559166025703,499.39674689115986,58652100
2024-03-08,498.01483154296875,504.3407152276024,497.4406368151398,501.6546849790431,86532500
2024-03-11,497.58660888671875,498.17054528765857,494.88106560592894,496.8080468189585,62557200
2024-03-12,502.9393310546875,503.5232377514132,497.17784111143084,499.6985003866654,73114400
2024-03-13,502.1509704589844,503.43562459877114,500.7106276661075,503.2604525888654,55104100
2024-03-14,501.1582946777344,503.27990140830235,498.1121195690471,503.1241533654222,110171800
2024-03-15,497.7170715332031,499.54266772632866,496.0477073102581,498.08804798108406,107646300
2024-03-18,500.675048828125,503.2327960119457,500.2650442068728,501.7879780994152,88893300
2024-03-19,503.4573669433594,503.7404554386333,498.9763936514032,499.9819506807113,60755300
2024-03-20,508.1140441894531,508.2507322695581,502.84237700936313,503.515985878407,69594600
2024-03-21,509.79327392578125,511.65786879307296,509.51012578372485,510.9550035818572,60256100
2024-03-22,508.8266296386719,510.1933313859069,508.59228173040685,509.70521085081737,79070800
2024-03-25,507.4208984375,508.57285588251494,507.26466648069925,507.4501546887545,48512100
2024-03-26,506.4837646484375,509.1879722137105,506.08353191849,508.8462519954212,65463700
2024-03-27,510.7401123046875,510.7792000886694,507.1475516955064,509.31483823022427,82999800
2024-03-28,510.6424865722656,512.1458765547503,510.35939807768415,510.77917463931885,96294900
2024-04-01,509.7540283203125,511.92131455401733,508.59229902389643,511.38439386416735,62477500
2024-04-02,506.51300048828125,506.6496289689748,504.2090260168563,505.927220028753,74230300
2024-04-03,507.0694274902344,508.5728771082824,505.3707772955882,505.41957743973774,59155800
2024-04-04,500.880126953125,511.4235209921689,500.5774945359362,511.08186037390533,96858100
2024-04-05,506.11273193359375,508.0749863325785,501.7977623960231,502.2370828649808,74546500
2024-04-08,506.39581298828125,507.8211466086966,505.5855756833857,506.8156491443553,48401800
2024-04-09,506.98162841796875,508.3776462974431,502.1296782746543,508.13358597756917,68049200
2024-04-10,501.9051513671875,503.89666208515973,499.92341259541246,501.2803426609476,82652800
2024-04-11,505.6929626464844,507.13778061540546,499.9136311857634,503.42807581801776,70099000
2024-04-12,498.7128601074219,503.5647804243456,496.98489398756476,502.1492186619509,92561100
2024-04-15,492.46490478515625,503.05709839116423,491.61554988176164,502.8911540643935,92101400
2024-04-16,491.5667724609375,494.4662102656471,490.2781268160622,492.9432762462562,73484000
2024-04-17,488.65753173828125,494.1928325755386,487.26151394107353,494.0268584590965,75910300
2024-04-18,487.6520080566406,492.15249561510325,486.71482481856754,490.0535829309475,74548100
2024-04-19,483.3955993652344,488.569665842459,482.12646792132756,487.5739105371773,102212600
2024-04-22,487.8472595214844,490.44406471980994,483.6591763812229,486.0021493308909,67961000
2024-04-23,493.63641357421875,494.0659621350047,487.66182151013055,489.8583644626642,64633600
2024-04-24,493.4020690917969,495.3154935043147,491.17624034467946,494.5247405147149,55928100
2024-04-25,491.5276794433594,492.28914639879576,485.6702321576898,487.3200821932215,69122400
2024-04-26,496.18438720703125,497.7658932650639,493.6852119906925,494.3197628446228,64306100
2024-04-29,497.9416198730469,498.61522873285696,495.1983842873063,497.97090591945084,46415400
2024-04-30,490.0535888671875,497.45348436502843,490.0535888671875,496.4772431240589,77483600
2024-05-01,488.4623107910156,496.1160385437577,487.9937042701267,489.4678380773352,80242800
2024-05-02,493.0310974121094,493.8706803453591,487.6812848525579,492.1720003799534,62550200
2024-05-03,499.14239501953125,500.372438730604,496.47724569258963,499.01547889074567,72756700
2024-05-06,504.2969665527344,504.3359947534281,501.1046384911043,501.54395898532556,47264700
2024-05-07,504.8533935546875,506.2494113345479,504.1797847364997,505.2633981790086,52561300
2024-05-08,504.9021911621094,505.439111907815,502.90090860900597,503.01805278679507,42047200
2024-05-09,507.8114013671875,507.8504891521531,504.4336447297941,505.08770969254925,43643700
2024-05-10,508.4656066894531,510.22282932595266,507.24530491618293,509.41253226468797,52233200
2024-05-13,508.5338439941406,510.25203826517287,507.3916583240956,510.14466601949385,36716400
2024-05-14,510.86700439453125,511.38444082765227,508.19211305924,508.72903379839863,57535900
2024-05-15,517.1931762695312,517.4860367605042,512.7024302627835,513.3370109807618,59504900
2024-05-16,516.1290283203125,518.891807952925,515.9825682875961,517.290757880065,50244800
2024-05-17,516.8709106445312,516.9392546781255,514.7915121402848,516.2461019816988,59187600
2024-05-20,517.4664306640625,518.930792527948,516.5975616577482,516.9880819887991,37764200
2024-05-21,518.7355346679688,518.8917666350982,516.4999636631139,516.7049957755823,33437000
2024-05-22,517.2418823242188,518.7550442398426,515.064823969773,518.0424072439434,48390000
2024-05-23,513.4637451171875,520.4048044255534,512.2531562085424,520.2974322144307,57211200
2024-05-24,516.8611450195312,517.6714419020187,514.3619699226733,515.3088952889863,41291100
2024-05-28,517.2223510742188,517.9057318355667,514.5864879004678,517.6714434796838,36269600
2024-05-29,513.6005249023438,514.7817983278129,512.8878878194378,513.1905202395113,45190300
2024-05-30,510.1933898925781,512.7218807717095,508.94383216366884,512.058043918065,46377600
2024-05-31,514.84033203125,514.9672481577884,506.0443890267406,511.15017117084983,90785800
2024-06-03,515.2601318359375,516.7342656913833,510.18366530067414,516.4511771729021,46835700
2024-06-04,515.8361206054688,516.5780734778808,512.4876203186922,513.9519821715993,34632700
2024-06-05,521.966796875,521.9863407636332,516.1679225284454,518.1594924481877,47610400
2024-06-06,521.9572143554688,522.6991673724779,520.0242754001383,522.2696187618435,30808500
2024-06-07,521.3225708007812,524.1341502130953,519.8874652579173,520.9808506310355,43224500
2024-06-10,522.933349609375,523.255525898201,519.916797584573,520.5122904328304,35686100
2024-06-11,524.1927490234375,524.2513211148034,519.4091430834137,521.3811694677967,36383400
2024-06-12,528.4979858398438,531.1924214122917,527.4631724257194,528.7615900630306,63251300
2024-06-13,529.56201171875,530.4211086780596,526.7699763935087,530.2453924252503,44760900
2024-06-14,529.8843383789062,529.9135946368305,527.0238986275654,528.0294558754849,40089900
2024-06-17,534.1015014648438,535.49757872361,528.7419471638832,529.2008114818414,55839500
2024-06-18,535.4585571289062,535.585473259027,533.7403629842298,534.16013957423,41376400
2024-06-20,534.0039672851562,537.0498352385172,532.2272010481894,536.385998334327,70328200
2024-06-21,533.2880859375,534.4046057790133,531.8288032321234,533.180367297688,64338600
2024-06-24,531.5545654296875,535.6778223121559,531.4370433131713,533.111823139434,45528700
2024-06-25,533.6015014648438,533.9638712753774,531.2607431275164,532.7787868983022,37936200
2024-06-26,534.267333984375,534.982269937736,531.8384646150638,532.4848360585163,38550600
2024-06-27,535.1097412109375,535.6876080791019,533.3860038559784,534.1303504208262,35041500
2024-06-28,533.0040283203125,538.9391939081404,531.76024266257,535.883439640916,76144500
2024-07-01,534.1008911132812,534.6297405125247,531.339002473828,534.3848928648134,40297800
2024-07-02,537.6953125,537.6953125,532.4457925507478,532.4947501316359,40434800
2024-07-03,540.0948486328125,540.457218430894,537.3427629954197,537.381917105902,32789900
2024-07-05,543.2091674804688,543.6106912880709,539.7616937523114,540.3983214954949,41488400
2024-07-08,543.8361206054688,544.786100933334,542.7685583933277,543.9927968223914,36110500
2024-07-09,544.3649291992188,545.6968861634513,544.0711239537649,544.795863484972,27289700
2024-07-10,549.7516479492188,550.0944108163902,545.2954317896393,545.5892370725392,38701200
2024-07-11,545.0112915039062,550.7407626908513,544.3747234457534,549.8690906630567,53054200
2024-07-12,548.4489135742188,552.0530636843816,545.6674778416151,546.1375661846453,53084400
2024-07-15,549.9572143554688,553.1989947445371,548.0963483653211,550.4469096394806,40584300
2024-07-16,553.218505859375,553.5123110551864,550.5153785034055,551.269528320365,36475300
2024-07-17,545.4617919921875,548.9582235359038,545.1385763631698,547.2834441243654,57119000
2024-07-18,541.27001953125,547.9886849352189,539.0859974733345,546.9994907975359,56270400
2024-07-19,537.6757202148438,542.6608454522978,536.6179614633988,541.0350233261719,65509100
2024-07-22,543.2191162109375,543.8263337080781,539.6639229224022,541.6030975244146,43346700
2024-07-23,542.3670043945312,545.2659625762393,541.8773090500791,543.111291105197,34439600
2024-07-24,530.0755615234375,537.8519253696913,529.1549319575545,537.5483166712224,74515300
2024-07-25,527.313720703125,536.177254363603,526.3735438881854,530.1931317534066,61158300
2024-07-26,533.219482421875,535.9128068838628,530.3302678617441,531.1040247828195,53763800
2024-07-29,533.5328979492188,535.7756811771844,531.5349026238763,534.7669398202207,39515800
2024-07-30,530.8297729492188,536.059745722708,527.4215123549488,535.0019870020752,46853600
2024-07-31,539.4581909179688,542.0927543010554,536.2947780748914,537.6658891932146,65663400
2024-08-01,531.8189086914062,543.4344670666311,528.3126735436618,541.1818806021787,76428700
2024-08-02,521.9173583984375,525.9230331199286,517.7059303208597,524.7085981454201,82789100
2024-08-05,506.7171630859375,512.7893973566776,499.75367969518885,501.0954700551791,146267400
2024-08-06,511.3888854980469,518.8322310175004,507.19706454680966,508.51921810050686,84826300
2024-08-07,507.97076416015625,520.63433876445,507.3733501679388,517.5785847252098,70698300
2024-08-08,519.713623046875,520.3403875727178,511.08519462973396,513.1124804789883,63276600
2024-08-09,522.0054321289062,523.4941251002426,517.6667385635127,518.8909769209239,45619600
2024-08-12,522.2797241210938,524.6889871074426,520.0075304089534,523.2003538167259,42542100
2024-08-13,530.868896484375,531.1040004577378,525.2276564461794,525.4725041133277,52333100
2024-08-14,532.543701171875,533.728785456597,528.9885080949739,531.6622256176499,42446900
2024-08-15,541.6715698242188,541.9555715802455,537.567920792545,538.1751381862979,60846800
2024-08-16,542.8860473632812,543.5814362683599,539.8989177341498,540.0555939415091,44430700
2024-08-19,548.0767822265625,548.0767822265625,542.4452860411917,543.2973511166235,39121800
2024-08-20,547.185546875,549.2814571312036,545.8437865187526,547.6262846058479,33732300
2024-08-21,549.06591796875,550.5252003042482,543.2972933603506,548.2334599233565,41514600
2024-08-22,544.756591796875,551.5731716544135,543.542157059687,550.9659542858195,56121500
2024-08-23,550.5448608398438,551.4850973665338,545.8045838781815,547.9984691071246,50639400
2024-08-26,549.2325439453125,552.2882384520825,547.5284135216066,551.5733022984582,35788600
2024-08-27,549.9866943359375,550.4763897351174,546.8134777136145,547.9593482100599,32693900
2024-08-28,546.7938232421875,550.0748179978751,543.6009999526875,549.6438836929623,41066000
2024-08-29,546.8427734375,552.0629426061665,545.6969030561269,548.7624007293272,38715200
2024-08-30,552.0629272460938,552.5722295246512,545.657733766081,549.212926690368,62700100
2024-09-03,540.7020874023438,549.25214992284,538.1850458833093,548.9191307501956,60600100
2024-09-04,539.5953369140625,543.0035975400444,538.1360542845994,538.8607938634791,47224900
2024-09-05,538.2828979492188,542.3865472945482,535.8246177750381,539.5365467142444,44264300
2024-09-06,529.2235717773438,540.2319142524223,528.3225490242058,538.6061519080256,68493800
2024-09-09,535.1488037109375,536.4220593419303,531.495695817922,533.4251264283236,40445800
2024-09-10,537.4797973632812,537.8324234437913,532.1813200114981,537.0586665381934,36394600
2024-09-11,542.9937744140625,543.9144040618945,528.8318231688719,537.3916883108078,75248600
2024-09-12,547.5675659179688,547.8711746400817,541.3483991843773,543.5716351743016,51819600
2024-09-13,550.4274291992188,551.4264269369157,547.9201911599521,548.1748423305235,39310500
2024-09-16,551.240234375,551.5046291897925,548.3608236054457,550.1628688432331,36656100
2024-09-17,551.465576171875,554.9032473896473,549.2325364902464,553.4537083801224,49321000
2024-09-18,549.830078125,556.9698163045404,549.2718181357275,552.121819368038,59044900
2024-09-19,559.2125244140625,561.0733907935877,556.3723270388496,559.2419348303403,75315500
2024-09-20,558.245849609375,559.2871857073619,555.2200568119598,557.8430941207945,77503100
2024-09-23,559.6408081054688,560.2892222272916,558.0984411315784,559.3166610051752,44116900
2024-09-24,561.2421264648438,561.3010677532865,557.6072537825559,560.4365555490466,46805700
2024-09-25,560.0042724609375,561.8217386948093,558.8941616149112,561.0849426444706,38428600
2024-09-26,562.2244873046875,564.5920921622151,559.866775948692,564.2678851150425,48336000
2024-09-27,561.4090576171875,564.1106429805404,560.377555197848,563.2952985697877,42100900
2024-09-30,563.6588134765625,564.2678934162012,558.078818569817,560.3775886747461,63557400
2024-10-01,558.6092529296875,563.9534823374194,556.0353836889657,563.3051282373419,72668800
2024-10-02,558.8450927734375,559.866821742494,555.3183290115846,557.715374727311,38097800
2024-10-03,557.8234252929688,559.7685478192003,555.5344286086627,557.3715020969081,40846500
2024-10-04,562.8925170898438,563.2658318866675,558.0984259775333,562.2736036088263,42939100
2024-10-07,557.8037719726562,561.8905680396737,556.6543868115797,561.2421538745174,49964700
2024-10-08,563.0792846679688,563.6785911447381,559.5034126964732,560.3776986132091,37398700
2024-10-09,566.9793701171875,567.5393423690588,562.4701514366566,563.0693978961492,37912200
2024-10-10,565.987060546875,567.411544847049,564.375918856187,565.6334128471475,44138100
2024-10-11,569.3762817382812,570.113077691751,565.7708503676648,565.9084000028585,42268000
2024-10-14,574.0328369140625,574.9661238038994,570.5060138126606,570.9873775872582,36217200
2024-10-15,569.5728149414062,574.6026708937048,568.3545951743074,574.2981309420833,54203600
2024-10-16,572.0484619140625,572.5691599226542,568.767296964022,569.57286786976,30725400
2024-10-17,572.0975952148438,575.801242846272,571.9109378019983,575.594918349773,34393700
2024-10-18,574.298095703125,575.0839994048337,572.3234729286785,573.7872313147403,37416800
2024-10-21,573.3550415039062,574.5535342943244,570.378356688641,573.5711395635755,36439000
2024-10-22,573.050537109375,574.2097557683464,570.1622940232531,570.8204817447413,34183800
2024-10-23,567.8143310546875,571.4688706983893,564.3071746074978,571.0267810694698,49314600
2024-10-24,569.0422973632812,569.84786821387,566.419320298971,569.7692598487698,34979900
2024-10-25,568.8458862304688,574.1705094317597,567.9028255594263,571.2724326633536,47268200
2024-10-28,570.6043701171875,572.4512770786239,570.299830137409,572.3235609618828,30174700
2024-10-29,571.5277709960938,572.6476553589258,568.2465463889694,569.6415300427301,42899700
2024-10-30,569.7987670898438,573.0504911915006,569.0914117169528,571.0562011429839,41435800
2024-10-31,558.6289672851562,565.4958970216722,558.4324763422399,565.4271221936206,60182500
2024-11-01,560.9866943359375,565.4173043933644,560.5741053167588,561.2617936558026,45667500
2024-11-04,559.7783203125,562.4209644478059,557.892139281839,561.1241962515347,38217000
2024-11-05,566.5470581054688,566.586332309216,560.4758658123077,560.6919638738422,39478300
2024-11-06,580.6346435546875,581.5089893813079,575.0841485043231,578.8270705681771,68182000
2024-11-07,585.1240844726562,586.1458133207747,582.5600487330294,582.6386570968723,47233200
2024-11-08,587.6587524414062,589.0832369047557,585.6742957423695,585.6742957423695,46444900
2024-11-11,588.2186279296875,589.6037779981073,586.4896037587446,589.2501303160354,37586800
2024-11-12,586.3914184570312,588.739296212128,583.9059310932324,588.1400498376755,43006100
2024-11-13,586.67626953125,588.6803330522652,584.4855486263699,586.853093374815,47388600
2024-11-14,582.9039916992188,587.2854945523371,582.2163632356335,586.804130643577,38904100
2024-11-15,575.437744140625,579.8094129170865,573.5810036102117,579.3378226480269,75988800
2024-11-18,577.79541015625,579.1117853472807,575.0348837182494,575.8993358057546,37001700
2024-11-19,579.9075927734375,580.6345552744816,573.7480186357969,574.4160398519082,49412000
2024-11-20,580.1040649414062,580.3889378159292,574.3374129030207,579.9861823753545,50032600
2024-11-21,583.2182006835938,584.6426848830619,577.107734892484,582.9529949078541,46750300
2024-11-22,585.0259399414062,585.654687007179,582.7075025920674,583.2084735757152,38226400
2024-11-25,587.0103759765625,590.281707390563,584.7213793724078,588.9653319760873,42441400
2024-11-26,590.0753784179688,590.7433995936517,587.540783398016,588.2579123147351,45621300
2024-11-27,588.2874755859375,590.2718722436573,586.7647756879834,589.8887838542881,34000200
2024-11-29,591.9419555664062,592.7278593888155,588.8277809402925,589.1028202958577,30177400
2024-12-02,593.0029907226562,593.6808455477146,591.8633791521069,592.3545765627109,31746000
2024-12-03,593.2779541015625,593.5235527754064,591.735647195163,592.7671496331845,26906600
2024-12-04,596.9620361328125,597.2076348485892,594.2997844285924,594.9678057402301,42787600
2024-12-05,595.9794921875,597.7674575863759,595.625844515795,596.9618868048642,28762200
2024-12-06,597.109375,598.3472020292826,596.333304701608,596.7458937244957,31241500
2024-12-09,594.0344848632812,597.1584931551176,593.445071963169,596.9915028268559,34742700
2024-12-10,592.1875610351562,595.134745373381,591.529373321926,594.7123228135097,37234500
2024-12-11,596.7655639648438,597.7184581352288,594.8400485801485,595.115147903942,28677700
2024-12-12,593.690673828125,596.4708079758578,593.690673828125,595.9010621562538,31543800
2024-12-13,593.57275390625,596.4413297893211,592.1973772710232,595.7242008087076,35904700
2024-12-16,596.1072998046875,597.0799209921157,594.5551592425911,595.3312295236393,43695200
2024-12-17,593.6513061523438,594.5158183353977,592.2759894688432,593.5530906608857,55773500
2024-12-18,575.9583740234375,595.7339235020439,575.5752257128447,593.3467116570313,108248700
2024-12-19,575.7815551757812,582.5601031255708,575.5359564813775,580.948961299734,85919500
2024-12-20,582.697265625,587.231466902458,572.6036351958548,573.4513839180992,125716700
2024-12-23,586.1866455078125,586.7879087972127,579.2571372355378,582.4409930028329,57635800
2024-12-24,592.7020263671875,592.7414929129372,586.9553724289615,587.5369625170155,33160100
2024-12-26,592.7415771484375,593.8652307760627,589.5281816588665,590.9278604962976,41219100
2024-12-27,586.5020141601562,589.2324254266508,582.31278453499,588.9958066290322,64969300
2024-12-30,579.8091430664062,583.278830614674,576.0536238226567,579.4839049805771,56578800
2024-12-31,577.6998291015625,582.1946245791215,576.0635312685974,581.4750217267025,57052700
2025-01-02,576.2803344726562,582.6775253068124,572.1995172748154,580.9624149327,50204000
2025-01-03,583.4857788085938,584.1264484268344,578.044689478734,579.1289967873591,37888500
2025-01-06,586.8470458984375,591.1250155334773,585.1122021784661,587.7440676720806,47679400
2025-01-07,580.2132568359375,589.2028462645713,578.3897338233832,588.877548048508,60393100
2025-01-08,581.0609741210938,582.1354148697908,576.8323377526707,580.282291853868,47304700
2025-01-10,572.1896362304688,577.5715860296085,570.2773736421228,577.5025797313914,73105000
2025-01-13,573.0768432617188,573.4316812597856,567.1231694250464,567.5372072518853,47910100
2025-01-14,573.8653564453125,576.6351742776535,570.0802375478183,576.0043111010004,48420600
2025-01-15,584.303955078125,585.4473419377294,580.7751281246863,581.8889752343268,56900200
2025-01-16,583.1802368164062,585.8514484014332,582.4803673486446,585.6740294157521,43319700
2025-01-17,589.035400390625,590.7899174222187,587.0935375428814,588.4242703969026,58070600
2025-01-21,594.427001953125,594.4368685895419,590.1096265717592,592.081028657774,42532900
2025-01-22,597.7686767578125,599.1289493146973,596.7041025475482,597.2560928487167,48196000
2025-01-23,601.0313110351562,601.0313110351562,596.8618141810588,597.1377792345874,41152100
2025-01-24,599.2767333984375,602.0466115435261,598.1234798327728,601.0904500891409,34604700
2025-01-27,590.7996826171875,591.115114198888,586.1373355152499,586.3048878621954,70361100
2025-01-28,595.8760986328125,596.7139205737208,588.7100317776161,592.0318399526346,44433300
2025-01-29,593.2048950195312,595.4917292475947,590.651902189354,595.0875580249451,37177400
2025-01-30,596.3885498046875,597.9262410572588,592.130313990855,595.3240359730432,39281300
2025-01-31,593.2146606445312,601.2382822731704,592.4556515232641,598.8134358374799,66566900
2025-02-03,589.2225341796875,591.7064599079472,582.0466016788057,584.1954227420036,65857200
2025-02-04,593.17529296875,593.6878166788046,588.7396375989994,589.281761222817,33457800
2025-02-05,595.580322265625,595.7282015036632,590.021013481686,592.0515554519985,30653100
2025-02-06,597.6503295898438,597.778475552574,594.013089933138,597.3250313642651,35771500
2025-02-07,592.1796264648438,599.4343715995554,591.4698904394826,598.2121119495397,50788500
2025-02-10,596.2013549804688,596.8420848342793,594.1215398587573,595.3931329282537,26048700
2025-02-11,596.6548461914062,597.1969698690995,593.8160216596527,593.9343010016065,30056700
2025-02-12,594.732666015625,595.9056528588447,589.9520392250456,590.6321754646003,45076100
2025-02-13,601.0115966796875,601.2186155981716,594.5749988790903,595.8366651794477,40921300
2025-02-14,600.9820556640625,602.2535886001177,600.3610590723445,601.2186143347305,26910400
2025-02-18,602.7464599609375,602.7464599609375,599.6809434502483,602.1451966252264,26749000
2025-02-19,604.1658935546875,604.4615919136522,600.8440849703791,601.3566689008733,31011100
2025-02-20,601.6522827148438,602.9336821985821,598.3403412349714,602.7956695963146,36554000
2025-02-21,591.361572265625,601.5734221193063,590.8982614234848,601.435409514207,76519800
2025-02-24,588.6705932617188,594.4073810554311,587.9608571639533,593.4118132885562,50737200
2025-02-25,585.7430419921875,589.3408752561445,581.129967827771,588.6114660308307,58266500
2025-02-26,586.038818359375,591.0067913230648,583.3971461439291,587.4089575799121,43321600
2025-02-27,576.6843872070312,589.468961108592,576.2901428845248,588.3156475632774,74196700
2025-02-28,585.6838989257812,586.2161558854355,574.1117771132394,577.1871598716435,88744100
2025-03-03,575.4227905273438,588.798762606637,571.6081318173137,587.6553155599406,74249200
2025-03-04,568.6115112304688,577.0195703305991,564.0674436853699,571.4207954091844,109648200
2025-03-05,574.7229614257812,576.5169448984452,564.8856823224501,568.4440493526719,71230500
2025-03-06,564.5209350585938,571.8742272350298,561.9679425734266,567.2512863712917,80094900
2025-03-07,567.6849975585938,569.1340095542192,557.5421542389136,562.7368186254731,81158800
2025-03-10,552.5643920898438,561.3962362827218,547.6457527585567,559.4741670846696,99326600
2025-03-11,547.9710693359375,555.9552862473097,544.1268702267005,551.4013508923699,88102100
2025-03-12,550.8787841796875,555.0581473332891,545.7728595599632,554.1315858671662,69588200
2025-03-13,543.5353393554688,551.1153839968962,541.8202288918889,550.5042540653316,74079400
2025-03-14,554.7625122070312,555.7679467233177,543.604366956188,548.1583018697701,62660300
2025-03-17,559.0403442382812,561.5637363828623,554.3089313250791,554.7426421700422,49008700
2025-03-18,552.9981079101562,556.9409127203818,551.0661118946721,556.7240271713574,66041400
2025-03-19,559.0206298828125,562.7860150364035,553.5992742185309,554.7821274868575,66556000
2025-03-20,557.4041748046875,562.4115538615378,554.5554838320709,555.2750866351008,62958200
2025-03-21,557.5880737304688,558.4877939738346,551.7055567482902,552.9413897854555,83763000
2025-03-24,567.5736083984375,568.6314886589248,563.7375780431137,564.3307537296456,58766800
2025-03-25,568.9379272460938,569.8771119506348,567.1879685958952,568.7797068467552,38355700
2025-03-26,562.1458129882812,569.7980806984394,560.7616559941828,568.6709866041082,51848300
2025-03-27,560.6528930664062,564.4296055114135,558.5371327368356,560.7517355574175,42164200
2025-03-28,549.3623046875,559.8521002775326,548.7790253468997,559.1204968505267,71662700
2025-03-31,553.0501098632812,554.3551567474991,540.6719872727307,543.5984615291653,95328200
2025-04-01,554.6121215820312,556.559825628618,547.4047657676659,551.1320571376683,54609600
2025-04-02,558.1219482421875,560.9890444564371,548.52197624234,548.7592465118332,76014500
2025-04-03,530.6172485351562,541.7594774009829,530.6172485351562,538.9319060881811,125986000
2025-04-04,499.5533447265625,519.9099817661254,499.3358369172059,517.7349036725598,217965100
2025-04-07,498.66357421875,517.2405945444942,476.3394695378794,483.6457288710085,256611400
2025-04-08,490.85308837890625,519.0300496454024,483.61604333672847,515.9454154101668,165816600
2025-04-09,542.4021606445312,542.4021606445312,487.46196103833506,487.84755542038147,241867300
2025-04-10,518.6346435546875,527.4535310578508,503.5475844453038,526.1385878330984,162331200
2025-04-11,527.8885498046875,530.3503195313269,514.1757514102393,517.0824330937988,97866300
2025-04-14,533.009765625,538.1113174755011,527.8093712828247,537.883883195208,68034000
2025-04-15,531.5169677734375,537.0732685211545,530.726046664157,533.5536182929557,56892900
2025-04-16,519.7023315429688,531.7937621429162,514.3931980244283,525.6541223320015,83484800
2025-04-17,520.44384765625,525.1499093262158,517.9721816819745,521.6599483491107,79868100
2025-04-21,508.05584716796875,515.7872249375157,502.6972625032136,515.2533065114334,69368100
2025-04-22,521.2744140625,523.3011683263503,513.3057644566182,514.2450097037921,75948100
2025-04-23,529.3517456054688,539.2483058984949,527.8292210770832,534.3049739114415,90590700
2025-04-24,540.4940185546875,541.2256220112762,529.3814182452572,530.6369834977514,64150400
2025-04-25,544.3992919921875,544.804618673288,537.5280483044934,540.454522631326,61119600
2025-04-28,544.6068725585938,547.2762839575454,538.8429907853031,545.1407910444296,47613800
2025-04-29,548.0374755859375,549.1546732609154,542.3328520901122,542.6887574529197,47775100
2025-04-30,548.2550659179688,550.2126665027023,535.3826699025942,541.3640897959557,93101500
2025-05-01,552.1405029296875,557.6770710508032,551.5374308999284,554.0189932525213,63186100
2025-05-02,560.3365478515625,561.9381825044319,556.006184429092,558.3295262045715,60717300
2025-05-05,557.1233520507812,560.2277786911415,555.3338684753841,556.1940033222468,38659200
2025-05-06,552.466796875,556.9652171268149,550.64768441023,551.6066618961361,48264700
2025-05-07,554.7901000976562,557.4298221355041,549.7379696101782,553.8014338302406,55588000
2025-05-08,558.6558227539062,563.8463212534109,555.333918196641,558.8337754612519,65130800
2025-05-09,557.9440307617188,561.0681900796083,556.3819209310694,560.0597310271954,37603400
2025-05-12,576.382568359375,576.3924646775216,570.4999916854949,574.8797762427796,78993600
2025-05-13,580.18896484375,582.403567726764,576.2342995973956,576.7977862928067,67947200
2025-05-14,580.930419921875,582.3046201283636,578.9036058641954,581.1478975288738,66283500
2025-05-15,583.7679443359375,584.2721134769878,578.4686469334371,578.9234551699535,71268100
2025-05-16,587.465576171875,587.7621640177526,582.6013544692614,584.5489982766968,76052100
2025-05-19,588.1082153320312,588.7903975982244,581.4347167753893,581.4347167753893,68168500
2025-05-20,586.1307983398438,587.317209981726,582.917632829089,586.3681289429425,60614500
2025-05-21,576.2540893554688,585.8639582409971,575.2258980125081,581.7708648204313,95197700
2025-05-22,576.4815063476562,579.971467292194,574.8204937262445,576.0563267018498,70860400
2025-05-23,572.5465698242188,575.2159811048424,569.0763411937487,569.4520392436427,76029000
2025-05-27,584.4501342773438,584.6082943415249,571.8742669840636,579.4276923460704,72588500
2025-05-28,581.06884765625,586.0517646206928,580.3372442209068,584.8554566278126,68445500
2025-05-29,583.362548828125,586.4768718669775,579.4276761926377,586.3384441000501,69973300
2025-05-30,582.7100830078125,584.430352826958,576.6297607292682,582.2552747565533,90601200
2025-06-02,585.9924926757812,586.0715425417425,578.429170462151,581.0985818518681,61630500
2025-06-03,589.3341064453125,590.3128764026674,585.1421107506463,585.6266079138771,63606200
2025-06-04,589.1759643554688,591.1730898063917,588.7409487228937,590.1943197189499,57314200
2025-06-05,586.3285522460938,592.2111289512687,584.3512195951713,590.8566609128592,92278700
2025-06-06,592.3495483398438,594.0203968199735,590.0953601848463,591.8749474768216,66588700
2025-06-09,592.8834228515625,594.4356362447949,591.7069074945726,592.9229477814916,53016400
2025-06-10,596.2449340820312,596.6304681071312,592.3001649023746,593.4173023897237,66247000
2025-06-11,594.54443359375,598.2025114763902,592.4781545343917,597.3423765043648,73658200
2025-06-12,596.9072265625,596.9072265625,592.7251877881479,593.2096245779508,64129000
2025-06-13,590.2338256835938,595.0288334634262,588.731033484191,591.7168252456129,89506000
2025-06-16,595.8494873046875,597.599446226556,593.4173461203459,593.5953591830877,79984100
2025-06-17,590.7578125,594.9299553868199,589.9965201271316,593.4074309844862,82209400
2025-06-18,590.6688232421875,594.4059506456396,589.7097855095001,591.6574895866379,76605000
2025-06-20,589.2816162109375,594.4180406328666,587.8735160730708,593.3471074282096,94051400
2025-06-23,595.1022338867188,595.4889076465048,586.9116980815279,590.0351674928282,87426000
2025-06-24,601.6764526367188,602.737399696003,598.3347417480489,599.2470472798032,67735300
2025-06-25,602.0136108398438,603.4910690166892,600.4468830082857,602.7969444947229,62114800
2025-06-26,606.7236938476562,607.1599955272326,603.2531315625092,603.8679120398481,78548400
2025-06-27,609.7380981445312,611.2056913389495,605.692457719191,607.7252035075089,86258400
2025-06-30,612.6533813476562,614.0118537505704,609.867018033134,612.1873634601734,92502500
2025-07-01,612.455078125,613.625146088841,610.3429883405835,611.1758893553448,70030100
2025-07-02,615.2315063476562,615.2711481262035,611.4237773441516,612.0484833566157,66510400
2025-07-03,620.0803833007812,621.0124795190609,617.194824993195,617.214676143094,51065800
2025-07-07,615.4595947265625,618.7814549531971,612.6732314169623,618.1170465947881,74814500
2025-07-08,615.1224365234375,616.8775081543645,614.3093261623386,616.1238907210633,59024600
2025-07-09,618.8110961914062,619.4655183729625,615.6875662931247,617.5319680301938,66113300
2025-07-10,620.5563354492188,621.5974919629854,617.7699723301522,618.9499658515675,57529000
2025-07-11,618.3748168945312,619.6043777491163,616.3024294765994,617.5022136064131,63670200
2025-07-14,619.5547485351562,619.901780492049,616.5700558274259,617.9186024028506,51898500
2025-07-15,616.9072875976562,622.5791484786782,616.8279435196437,622.2420420602726,74317300
2025-07-16,618.9697265625,619.4754466932056,612.8516386863737,618.4937831556223,88987500
2025-07-17,622.757568359375,623.1145864157634,618.9300491320286,619.1482301954767,68885700
2025-07-18,622.301513671875,624.175571102461,621.1909387049365,624.007017899032,65621600
2025-07-21,623.4815063476562,626.2281670376054,623.0551302914085,623.4815063476562,63375000
2025-07-22,623.5707397460938,624.4334174667899,620.9232136557434,623.8087114591411,60046300
2025-07-23,628.8757934570312,628.8757934570312,624.4334327911965,626.2381323551606,70511000
2025-07-24,629.083984375,630.7994747941685,628.6576082944551,629.2624631630094,71307100
2025-07-25,631.7413940429688,632.2173979677802,629.5004535059064,629.748350781943,56865400
2025-07-28,631.582763671875,632.6734874729789,630.1945147233831,632.1181999979412,54917100
2025-07-29,629.9169311523438,633.2982235137306,629.0046860832861,632.9809077241022,60556300
2025-07-30,629.1236572265625,632.3165451544952,626.2281734095909,630.5713386132512,80418900
2025-07-31,626.763671875,634.4682782312485,625.4646925404661,634.0816044685715,103385200
2025-08-01,616.4907836914062,621.0719812920488,614.0812292944926,621.0322789916852,140103600
2025-08-04,625.8612670898438,625.9108344398344,620.3183179857707,620.4075271113948,73218000
2025-08-05,622.688232421875,627.2892207726588,621.7660617410078,626.476110377079,68051400
2025-08-06,627.457763671875,628.1121858315174,622.8468502662965,623.7590952688204,64357500
2025-08-07,626.9321899414062,631.6223868787783,623.8185857342208,630.8886206499576,74205800
2025-08-08,631.82080078125,632.2868791777582,628.4097315038053,628.727047311219,64051600
2025-08-11,630.5713500976562,633.5758942477272,629.3219380955197,632.0984361099556,58742300
2025-08-12,637.2844848632812,637.4431125105409,631.434084195598,632.9214680410968,64730800
2025-08-13,639.4659423828125,640.7549961752953,637.2745085703324,639.4857330110176,60092800
2025-08-14,639.5254516601562,640.1897994624859,636.9374184340268,637.3835851461316,59327500
2025-08-15,638.0281372070312,640.6558727131268,637.11589211782,640.5566774831647,68592500
2025-08-18,637.8892822265625,638.5834067295413,636.7787072305159,637.4529805837014,43804900
2025-08-19,634.4286499023438,638.6924711313014,633.1098193903536,637.7108075589789,69750700
2025-08-20,632.742919921875,634.2798709561484,627.6263466835007,634.0221086228163,88890300
2025-08-21,630.2044677734375,632.604096553562,628.4791123479844,630.9283690027011,54805800
2025-08-22,639.8823852539062,641.0623787509013,631.8901792096084,632.3958993542917,84083200
2025-08-25,637.0662231445312,639.8625116828326,636.9472372936925,638.6230253017661,51274300
2025-08-26,639.733642578125,640.0807351008626,636.1738713484165,636.7985773675441,51581600
2025-08-27,641.1912841796875,641.9250504526357,638.9998504138363,639.148612992103,48341100
2025-08-28,643.4619750976562,644.0172625669782,639.9121297324674,641.7961126896905,61519500
2025-08-29,639.6245727539062,642.3911452321481,637.7306640961879,642.0242015644989,74522200
2025-09-02,634.884765625,635.1028861742022,629.5797276837342,632.13804448044,81983500
2025-09-03,638.3256225585938,638.7917009543937,635.0732414506999,637.2646148509236,70820900
2025-09-04,643.6602783203125,643.6900550422279,638.09747828346,638.999797688006,65219200
2025-09-05,641.796142578125,646.7243720544352,637.9190556866993,646.0004708304714,85178900
2025-09-08,643.3727416992188,644.3742563254497,641.7861629025881,643.1644862104067,63133100
2025-09-09,644.8601684570312,645.3856792185645,641.7762803015634,643.5115612591451,66133900
2025-09-10,646.724365234375,649.0446498954948,645.1576374702139,648.122479271532,78034500
2025-09-11,652.0988159179688,652.7929404681626,648.092817304151,648.6778210448584,69934400
2025-09-12,651.8805541992188,653.5662677492645,651.3748946038203,652.0689585463732,72780100
2025-09-15,655.3511352539062,655.4800466805781,653.7943936028013,654.0918582328915,63772400
2025-09-16,654.4487915039062,656.213849113272,653.6654579201036,655.9063983981582,61169000
2025-09-17,653.6357421875,656.1543568928759,648.7967821934204,654.4587781451693,101952200
2025-09-18,656.6898803710938,659.2977648370164,654.7166275252608,656.3229972048737,90459200
2025-09-19,659.9423217773438,660.7874850308027,656.6311583459587,658.5800832029405,97945600
2025-09-22,663.0645751953125,663.5119788762895,658.4209716621773,658.4508309420254,69452200
2025-09-23,659.4551391601562,663.5617612775759,658.2320617574377,662.9452156846509,81708900
2025-09-24,657.3569946289062,660.8471316064555,655.9350982101993,660.7477220570149,68082200
2025-09-25,654.3242797851562,655.6765652531099,650.7048739536411,654.2149171420698,89622100
2025-09-26,658.072998046875,658.619871988132,654.1553026157394,655.7760789419195,69179200
2025-09-29,659.9224243164062,661.5134019828115,658.112721358766,660.5985670660314,73499000
2025-09-30,662.4082641601562,662.8756347075731,657.8641309647478,659.1766647693167,86288000
2025-10-01,664.6654052734375,665.5801794564833,659.3059076216911,659.4152702620313,72545400
2025-10-02,665.4309692382812,666.7733621981591,663.004842335434,666.6540464714482,56896000
2025-10-03,665.421142578125,668.8714672806448,664.377038831869,666.1966948783695,70494400
2025-10-06,667.8074951171875,668.7024238148077,665.669704301124,667.8174482099862,54623300
2025-10-07,665.3316040039062,669.1796881705657,663.8898014056139,668.7322238208072,72020100
2025-10-08,669.2990112304688,669.398481470165,665.6299006256374,666.4552183740389,60702200
2025-10-09,667.3600463867188,670.1243359074817,665.4211353124821,669.7166839203261,66501900
2025-10-10,649.32275390625,670.1342452495495,649.14378031214,668.324542434099,159422600
2025-10-13,659.2860107421875,661.3642043859337,656.0345659370097,656.9095884512618,79560500
2025-10-14,658.4805908203125,662.0602448848334,649.4718888267987,653.4492417720955,88779600
2025-10-15,661.4039306640625,666.4352795829697,655.1992699391986,663.0446129876665,81702600
2025-10-16,656.8995971679688,664.9239136533134,653.3895542222015,663.0445999065358,110563300
2025-10-17,660.62841796875,661.9906565438909,654.4138037793879,655.7660892614911,96500900
2025-10-20,667.499267578125,668.4041493887289,663.4921159142255,663.5418206897375,60493400
2025-10-21,667.4893188476562,669.1797060532549,666.1867381348511,667.638493864759,56249000
2025-10-22,664.0191040039062,668.1953369980629,659.5445816579371,668.1953369980629,80564000
2025-10-23,667.9566650390625,668.9012985038863,664.019063764971,664.3372592841532,65604500
2025-10-24,673.4155883789062,674.628651928334,671.8246714345047,672.6300829996666,74356500
2025-10-27,681.3603515625,681.658640907831,678.2580209918731,678.8645527756448,63339800
2025-10-28,683.1700439453125,685.0095454543999,680.9526890414517,683.1600908523567,61738100
2025-10-29,683.4982299804688,685.795149064121,679.0038013689816,684.8206562449755,85657100
2025-10-30,675.9810180664062,682.0564104652303,675.9810180664062,680.0279821977349,76335800
2025-10-31,678.1983032226562,681.2012239761448,675.3942622450203,681.1614116072222,87164100
2025-11-03,679.4711303710938,681.9171636388411,676.0903560257897,681.7878948104295,57315000
2025-11-04,671.4169921875,676.1103005794487,670.7607556049009,672.2820616639051,78427000
2025-11-05,673.7437133789062,677.0051112074705,670.3529860359731,671.1583975728993,74402400
2025-11-06,666.514892578125,673.5448715272548,664.9338680034818,672.6399897028363,85035300
2025-11-07,667.1710815429688,667.2805048704689,657.4663915648358,664.1284090392404,100592400
2025-11-10,677.5818481445312,678.3176487268574,671.2081667723378,673.4056154266486,75842900
2025-11-11,679.1329956054688,679.6997756663966,674.8871520395073,676.1002762110339,58953400
2025-11-12,679.5109252929688,681.0819968300743,677.0946904605516,680.9129156193362,62312500
2025-11-13,668.235107421875,677.0051787486752,666.7237544337754,676.6472315164618,103457800
2025-11-14,668.1256713867188,671.8345335183507,659.5147291242073,661.612768198211,96846700
2025-11-17,661.901123046875,669.8956413839408,658.4209391867944,665.9083353081996,90456100
2025-11-18,656.3427734375,661.354216097308,652.146634691611,658.3512953245886,114467500
2025-11-19,658.8783569335938,663.5617119214406,655.0203196831769,657.0388554539629,94703000
2025-11-20,648.8355712890625,671.7351497651099,648.1991802397498,669.1001291109939,165293500
2025-11-21,655.2987670898438,660.7874729698119,647.1650267848305,651.3412595795126,123956200
2025-11-24,664.9437866210938,666.2662734630499,657.8442577670318,658.9380055466532,80437900
2025-11-25,671.1982421875,672.3815071629971,660.717877921785,664.8444060411854,81077100
2025-11-26,675.8318481445312,677.8404309302599,672.8885849296569,673.7934667684052,71879600
2025-11-28,679.5208129882812,679.7991961322198,676.6471609574353,677.0051081523229,49212000
2025-12-01,676.41845703125,679.1230277654502,674.8970904760725,674.9667014318244,61201200
2025-12-02,677.67138671875,679.9483994968172,675.4838303983408,678.0591325179204,62953800
2025-12-03,680.0180053710938,681.0321891246488,675.8417725523884,676.7167950740063,57238500
2025-12-04,680.51513671875,681.4895687361658,677.4824173401821,681.4199577792665,61970300
2025-12-05,681.8078002929688,684.4925257185774,680.7040993957534,681.5890143183475,79241000
2025-12-08,679.7594604492188,682.7524282821314,677.7111260885928,682.7027235077143,55231500
2025-12-09,679.1727905273438,681.5095218770947,678.7253868572307,679.2822138612034,58310100
2025-12-10,683.6771850585938,685.0692222502689,677.4526176554032,678.6955405173951,85671300
2025-12-11,685.26806640625,685.3476304583654,678.3076987410943,681.2609148661827,86173700
2025-12-12,677.9000854492188,684.9797692517327,675.3247225627367,684.2737672143002,113160300
2025-12-15,676.8758544921875,681.8774049984522,675.4042533093998,681.8574988128718,90811000
2025-12-16,675.0264282226562,677.2239376857725,671.1584377196804,675.3843754405706,122030600
2025-12-17,667.5986938476562,676.5874893555698,667.3998140691156,676.0406154817738,110625200
2025-12-18,672.6399536132812,676.8857972779194,671.0788959983324,673.7635606688432,108650100
2025-12-19,678.7363891601562,679.2350273728672,674.6275542880097,674.747283458469,103599500
2025-12-22,682.96484375,683.4933686131409,678.7364013691785,682.0772531068674,69556700
2025-12-23,686.0863037109375,686.325640311278,682.0074163952171,682.0572680421344,64840000
2025-12-24,688.4996948242188,688.9484813838191,685.9267046355759,686.0763204450832,39445600
2025-12-26,688.4298706054688,689.7761694005526,687.392725060237,688.758988861415,41613300
2025-12-29,685.9765625,687.322922191004,684.2014421207446,685.6674092439482,62559500
2025-12-30,685.138916015625,686.6846823672308,684.7100944386586,685.5777200962995,47160700
2025-12-31,680.062744140625,685.4879304984822,679.8533550408816,685.2685588951464,74144800
2026-01-02,681.309326171875,684.999261161205,677.9684744567207,683.842447277036,89377200
2026-01-05,685.846923828125,687.5522884526621,684.5106074856512,684.6701449336617,71927200
2026-01-06,689.92578125,690.4344019511112,685.9067890249802,686.0563439630641,69273800
2026-01-07,687.701904296875,692.0699799720542,687.4426026835383,690.3047811958188,75588300
2026-01-08,687.632080078125,688.7390423054183,685.6175622141362,686.9439569075789,64019200
2026-01-09,692.1796264648438,693.4162394407576,687.3029303433501,688.7489932725086,80125500
2026-01-12,693.2666625976562,694.1941832506386,688.7490319805348,688.7988836287034,63976000
2026-01-13,691.8804931640625,694.194181802135,689.467040360938,693.595779418591,78309700
2026-01-14,688.479736328125,689.8360176539858,684.1714948792828,689.1180078469732,94676700
2026-01-15,690.3546142578125,693.5558934557131,689.3673203481677,692.678285342935,77862000
2026-01-16,689.7761840820312,692.359156800422,688.22043529661,691.7707369284135,79289200
2026-01-20,675.7345581054688,682.9049778344743,674.7272992054969,679.6338820353151,111623300
2026-01-21,683.5332641601562,686.8641332264262,676.2830453044572,677.7989248999835,127844500
2026-01-22,687.103515625,689.2476843606095,685.0491285530771,687.9711412752974,77112200
2026-01-23,687.352783203125,689.0781127396581,685.2884137823622,686.2757685331861,63059600
2026-01-26,690.84326171875,692.2394730275811,688.0409174669724,688.609372319757,60473800
2026-01-27,693.5957641601562,694.6329705879123,691.6810104865692,692.2893344912051,55506100
2026-01-28,693.5259399414062,695.9393926651097,692.0499903412962,695.1515053497095,61172200
2026-01-29,692.1497192382812,695.1615135683285,682.9648421722587,694.4933553961189,97486200
2026-01-30,690.0853271484375,692.3192774332931,685.2485609149509,689.9058246991844,101835100
2026-02-02,693.5159912109375,695.0318708971434,687.5423149981101,687.7019133171445,79286500
2026-02-03,687.6520385742188,695.0617950648859,682.1670182684101,694.3138377504575,107904600
2026-02-04,684.3211059570312,689.5667896413613,679.9031787408285,688.4697490630058,105204600
2026-02-05,675.7744750976562,681.8279505601881,673.9494421186707,679.0854402743204,113610800
2026-02-06,688.739013671875,690.4244132010324,678.995603890688,679.6039887472712,89127600
2026-02-09,692.0599975585938,693.9747512796714,686.4652913399738,687.5423060693106,73885200
2026-02-10,690.2349243164062,694.64286887948,689.7761552680904,693.0572335194393,65185700
2026-02-11,690.075439453125,695.2413241987686,687.3029816841566,694.4933668556342,76353900
2026-02-12,679.41455078125,693.4561594586687,678.5169776231163,692.3491972008484,118829000
2026-02-13,679.8931884765625,684.410879804094,675.6747287653898,679.833354327075,96267500
2026-02-17,680.9901733398438,683.074507822494,673.9394826742099,678.287593220413,81354700
2026-02-18,684.4208374023438,687.2730943282486,680.9702998190471,682.157061237011,73570300
2026-02-19,682.61572265625,684.311104689823,679.6937101433548,681.9775120282383,58649400
2026-02-20,687.5523071289062,688.1805961724377,679.8732661615737,680.4616860592505,100034000
2026-02-23,680.531494140625,688.1207533479937,678.5169762252317,685.9566804858357,90558100
2026-02-24,685.4779052734375,686.4751816677359,678.1479481229125,680.0427976196477,73798700
2026-02-25,691.26220703125,691.7907319065998,688.2204651135966,688.3002642742074,56369500
2026-02-26,687.422607421875,691.4117130049051,682.486077089091,691.391808867856,71671000
2026-02-27,684.1216430664062,684.9892686841309,679.7835149777827,681.2295779636313,83308900
2026-03-02,684.5106201171875,686.744509644098,676.1734035367807,676.8515442239554,87477200
2026-03-03,678.4771118164062,680.7508704958498,667.8361281509542,673.221445388408,105003100
2026-03-04,683.2639770507812,685.2186606854194,677.7689744100875,679.7735096903759,79182200
2026-03-05,679.4544067382812,683.6629449535216,673.7699188745959,680.2223290726917,106606500
2026-03-06,670.5487060546875,674.2685275228549,667.9358467743081,671.5758690877306,100687000
2026-03-09,676.4227294921875,678.0681991431876,660.5859743093405,664.5750801817165,102667700
2026-03-10,675.3356323242188,681.4987932365287,672.9222404542279,675.87413967305,81505300
2026-03-11,674.4879760742188,678.2277626375325,671.5061293267642,675.7345715953234,68441700
2026-03-12,664.2459106445312,669.8207124533001,664.0564256954588,669.3319958917509,108882200
2026-03-13,660.4862060546875,670.5088831921612,659.5587462493693,667.4472371497842,97200200
2026-03-16,667.2078857421875,670.239584206393,665.3030536555561,666.5596317087426,82023100
2026-03-17,668.9630126953125,672.60309589337,667.8760155087483,670.5586914524959,87128000
2026-03-18,659.6285400390625,667.8959397089973,659.3892034355257,666.5396583763402,82062600
2026-03-19,658.0029907226562,661.1743225351036,653.3855958813168,655.1806813207687,111272500
2026-03-20,648.5700073242188,656.6900024414062,644.719970703125,656.510009765625,163617500
2026-03-23,655.3800048828125,662.6199951171875,653.9400024414062,658.0700073242188,134802700
2026-03-24,653.1799926757812,657.030029296875,649.8800048828125,651.3200073242188,96457500
2026-03-25,656.8200073242188,660.8900146484375,654.239990234375,658.6699829101562,90653800
2026-03-26,645.0900268554688,654.8499755859375,644.8200073242188,652.0599975585938,96494400
2026-03-27,634.0900268554688,642.6599731445312,633.1099853515625,642.5,103649400
2026-03-30,631.969970703125,640.3699951171875,629.280029296875,640.1099853515625,99275900
2026-03-31,650.3400268554688,651.5399780273438,637.97998046875,638.9400024414062,152534100
2026-04-01,655.239990234375,658.52001953125,653.0,653.9000244140625,97841500
2026-04-02,655.8300170898438,658.2000122070312,645.1099853515625,646.4199829101562,68358700
2026-04-06,658.9299926757812,659.719970703125,655.52001953125,655.8599853515625,39105800
2026-04-07,659.219970703125,659.6099853515625,651.0599975585938,656.6500244140625,69980400
2026-04-08,676.010009765625,677.0800170898438,671.4600219726562,676.3900146484375,93606100
2026-04-09,679.9099731445312,681.1599731445312,673.77001953125,674.8400268554688,57134400
2026-04-10,679.4600219726562,682.030029296875,678.4500122070312,681.3200073242188,42253500
2026-04-13,686.0999755859375,686.2999877929688,676.5800170898438,677.4099731445312,54185800
2026-04-14,694.4600219726562,694.5800170898438,687.6599731445312,687.6900024414062,63480500
2026-04-15,699.9400024414062,700.280029296875,694.2000122070312,695.260009765625,58240400
2026-04-16,701.6599731445312,702.780029296875,698.530029296875,701.0599975585938,49972400
2026-04-17,710.1400146484375,712.3900146484375,705.760009765625,706.1400146484375,70661900
2026-04-20,708.719970703125,709.9099731445312,706.1400146484375,708.780029296875,43546800
2026-04-21,704.0800170898438,711.280029296875,702.6400146484375,710.280029296875,58941400
2026-04-22,711.2100219726562,711.4500122070312,708.219970703125,709.1500244140625,42518500
2026-04-23,708.4500122070312,712.3599853515625,702.280029296875,709.5,56174000
2026-04-24,713.9400024414062,714.469970703125,709.010009765625,710.75,45182000
2026-04-27,715.1699829101562,715.6300048828125,712.2999877929688,713.1699829101562,33135900
2026-04-28,711.6900024414062,712.8800048828125,709.25,711.8200073242188,43117400
2026-04-29,711.5800170898438,712.2000122070312,708.3699951171875,711.0,41859200
2026-04-30,718.6599731445312,719.7899780273438,710.4500122070312,714.6300048828125,67240900
2026-05-01,720.6500244140625,724.8699951171875,720.469970703125,721.25,43049800
2026-05-04,718.010009765625,722.1199951171875,714.989990234375,720.0700073242188,51950600
2026-05-05,723.77001953125,725.0399780273438,721.489990234375,721.77001953125,36933200
2026-05-06,733.8300170898438,734.5900268554688,727.8200073242188,728.1599731445312,53288900
2026-05-07,731.5800170898438,736.1300048828125,729.75,735.0499877929688,51724600
2026-05-08,737.6199951171875,738.0800170898438,734.5700073242188,734.9299926757812,47227100
2026-05-11,739.2999877929688,740.7899780273438,736.4500122070312,736.4500122070312,44024000
2026-05-12,738.1799926757812,738.8400268554688,731.8300170898438,736.8900146484375,54185300
2026-05-13,742.3099975585938,743.9099731445312,735.469970703125,738.469970703125,44200200
2026-05-14,748.1699829101562,749.530029296875,743.5599975585938,743.6500244140625,45307600
2026-05-15,739.1699829101562,743.4600219726562,737.9600219726562,741.7899780273438,60410800
2026-05-18,738.6500244140625,741.4199829101562,733.3900146484375,739.8300170898438,47843900
2026-05-19,733.72998046875,737.6500244140625,731.530029296875,734.780029296875,54255900
2026-05-20,741.25,741.8699951171875,733.8900146484375,735.7100219726562,45768000
2026-05-21,742.719970703125,744.8699951171875,737.030029296875,738.6400146484375,43332200
2026-05-22,745.6400146484375,748.9400024414062,744.47998046875,746.239990234375,41762000
2026-05-26,750.5900268554688,752.1300048828125,748.3699951171875,750.010009765625,41123600
2026-05-27,750.4600219726562,751.3800048828125,748.219970703125,750.8800048828125,42106300
2026-05-28,754.5999755859375,755.1500244140625,749.22998046875,750.25,41562600
2026-05-29,756.47998046875,758.0800170898438,754.6900024414062,755.9000244140625,55075700
2026-06-01,758.5399780273438,760.280029296875,754.6900024414062,755.3599853515625,43634900
2026-06-02,759.5700073242188,760.4000244140625,756.75,757.030029296875,31581900
2026-06-03,754.239990234375,758.7999877929688,753.5700073242188,758.1500244140625,51402500
2026-06-04,757.0900268554688,758.3099975585938,751.469970703125,752.0999755859375,49923000
2026-06-05,737.5499877929688,752.8200073242188,735.530029296875,752.3099975585938,93678100
