Date,HYG,LQD,TLT,HYG_TLT_Ratio
2011-06-06,39.570552825927734,64.96186065673828,62.91513442993164,0.628951256076506
2011-06-07,39.540000915527344,65.18506622314453,63.20469665527344,0.6255864359445249
2011-06-08,39.35234069824219,65.22620391845703,63.698280334472656,0.6177928272412909
2011-06-09,39.37852478027344,65.04998016357422,63.4416389465332,0.6207047206561062
2011-06-10,39.120994567871094,64.97362518310547,63.92864227294922,0.6119478402316196
2011-06-13,38.972591400146484,65.04410552978516,63.606163024902344,0.6127172202619483
2011-06-14,39.21702194213867,64.85028839111328,62.64529037475586,0.626017082968809
2011-06-15,39.05116271972656,65.20853424072266,63.78383255004883,0.6122423372581846
2011-06-16,38.35716247558594,65.0852279663086,64.07341766357422,0.5986439287035568
2011-06-17,38.78053283691406,65.10871124267578,63.77067565917969,0.6081248541912174
2011-06-20,39.05116271972656,65.12045288085938,63.849605560302734,0.6116116517406628
2011-06-21,39.313045501708984,65.10283660888672,63.566646575927734,0.6184539789235409
2011-06-22,39.02933883666992,65.19092559814453,63.606163024902344,0.6136093890994433
2011-06-23,39.238861083984375,65.36124420166016,64.09315490722656,0.6122160960992132
2011-06-24,39.05116271972656,65.39647674560547,63.82331466674805,0.6118635944189251
2011-06-27,39.04243087768555,65.18506622314453,62.94804382324219,0.6202326316496269
2011-06-28,39.199546813964844,64.73285675048828,62.44131851196289,0.6277821760995447
2011-06-29,39.5880012512207,64.58602905273438,62.02671432495117,0.6382411462877672
2011-06-30,39.85427474975586,64.67992401123047,61.927982330322266,0.6435584246419362
2011-07-01,40.06599426269531,64.68354034423828,61.82889938354492,0.6480140300436665
2011-07-05,40.11870574951172,64.9134292602539,61.96760940551758,0.6474141270639296
2011-07-06,40.136260986328125,65.04904174804688,62.28458786010742,0.6444011651241085
2011-07-07,40.294403076171875,65.06671142578125,62.09969711303711,0.648866338314435
2011-07-08,40.18461608886719,65.48534393310547,62.97795867919922,0.6380742871257851
2011-07-11,39.78926086425781,65.70343780517578,63.922279357910156,0.6224631108892714
2011-07-12,39.6794548034668,65.75656127929688,64.14017486572266,0.6186365236224514
2011-07-13,39.986942291259766,65.92164611816406,64.31849670410156,0.6217020661291329
2011-07-14,39.9649658203125,65.51482391357422,63.400550842285156,0.6303567601443892
2011-07-15,39.95176315307617,65.66224670410156,63.50619125366211,0.6291002871436151
2011-07-18,39.88148498535156,65.40873718261719,62.89208984375,0.6341256123692771
2011-07-19,40.061588287353516,65.72709655761719,64.19956970214844,0.6240164610638014
2011-07-20,40.096763610839844,65.57378387451172,63.44016647338867,0.632040643015325
2011-07-21,40.29001998901367,65.47358703613281,62.951560974121094,0.6400162182725952
2011-07-22,40.342735290527344,65.7388916015625,63.42698287963867,0.6360500446171808
2011-07-25,40.12750244140625,65.42640686035156,62.7336311340332,0.6396489684404215
2011-07-26,40.210941314697266,65.71529388427734,63.16282272338867,0.6366235640036949
2011-07-27,39.8946647644043,65.52073669433594,63.169471740722656,0.6315497607475782
2011-07-28,39.9561882019043,65.66224670410156,63.407142639160156,0.6301527957077097
2011-07-29,39.995731353759766,66.25184631347656,64.66182708740234,0.6185369816367574
2011-08-01,40.084571838378906,66.44772338867188,65.31442260742188,0.6137170051905806
2011-08-02,39.5895881652832,67.00403594970703,67.27557373046875,0.5884689787097763
2011-08-03,39.56745529174805,66.98030853271484,67.40817260742188,0.5869830580067013
2011-08-04,38.427249908447266,67.46558380126953,69.80657958984375,0.550481775990613
2011-08-05,38.38747787475586,66.63115692138672,67.79241180419922,0.5662503642093177
2011-08-08,36.75227355957031,65.9979248046875,69.93241119384766,0.5255399167875913
2011-08-09,37.87482833862305,66.58972930908203,70.14447021484375,0.5399545854807539
2011-08-10,37.23397445678711,67.1875,72.23149871826172,0.5154811282819685
2011-08-11,37.91015625,65.80858612060547,68.58744812011719,0.5527273180306687
2011-08-12,37.7333984375,66.56013488769531,69.94570922851562,0.5394669502059573
2011-08-15,38.34769821166992,66.6844711303711,69.23673248291016,0.5538634888804922
2011-08-16,38.104610443115234,66.92709350585938,70.38301849365234,0.541389262049791
2011-08-17,38.52447509765625,67.11051940917969,71.61529541015625,0.5379364125640796
2011-08-18,38.05599594116211,67.19928741455078,73.08621978759766,0.5207000177565623
2011-08-19,37.72455978393555,67.11641693115234,73.67586517333984,0.512034160646497
2011-08-22,37.76876449584961,66.86788940429688,73.49032592773438,0.513928384709968
2011-08-23,38.051597595214844,66.10450744628906,72.47665405273438,0.5250186848792483
2011-08-24,37.87922668457031,65.32324981689453,70.41609191894531,0.5379342370799618
2011-08-25,37.57426452636719,65.68431854248047,71.17808532714844,0.5278909140877912
2011-08-26,37.95433044433594,65.7138900756836,71.88035583496094,0.5280209036733209
2011-08-29,38.338871002197266,65.92693328857422,70.88650512695312,0.5408486556578694
2011-08-30,38.40957260131836,66.27609252929688,72.02609252929688,0.5332730299883355
2011-08-31,38.904544830322266,66.477294921875,70.91304779052734,0.5486232229820925
2011-09-01,38.87919998168945,66.5265884399414,72.41626739501953,0.5368848931360882
2011-09-02,38.69683074951172,66.93643188476562,74.76874542236328,0.5175535650747661
2011-09-06,38.23868179321289,67.32847595214844,75.54627227783203,0.5061623908137355
2011-09-07,38.42552947998047,67.45914459228516,74.10423278808594,0.5185335308694851
2011-09-08,38.545616149902344,67.39974975585938,74.76874542236328,0.5155311344621462
2011-09-09,38.198638916015625,67.47103118896484,75.56626892089844,0.505498544013088
2011-09-12,37.86952209472656,67.06118774414062,75.64598083496094,0.5006151242502574
2011-09-13,38.15862274169922,67.04934692382812,74.56938934326172,0.5117196624213382
2011-09-14,38.41218566894531,67.01962280273438,75.20072174072266,0.5107954389238842
2011-09-15,38.67012023925781,66.78793334960938,74.05104064941406,0.5222090047638486
2011-09-16,38.64787673950195,66.78793334960938,74.58930969238281,0.5181423034868057
2011-09-19,38.59006118774414,67.15623474121094,76.01148986816406,0.5076872095873343
2011-09-20,38.652347564697266,67.18594360351562,76.33041381835938,0.5063819994042847
2011-09-21,38.31874465942383,67.34037017822266,78.85578155517578,0.4859344984439982
2011-09-22,37.79831314086914,67.47103118896484,81.81964111328125,0.4619711431945353
2011-09-23,37.900638580322266,67.05524444580078,80.29783630371094,0.472000745287463
2011-09-26,38.04298782348633,66.93053436279297,79.00862121582031,0.48150426166238147
2011-09-27,38.08744430541992,66.71663665771484,77.7990951538086,0.48956153320448204
2011-09-28,37.66048049926758,66.4494400024414,77.77249908447266,0.4842390426256281
2011-09-29,37.58930587768555,66.37812042236328,78.3108139038086,0.48000147111045943
2011-09-30,36.842037200927734,66.71070861816406,80.27788543701172,0.4589313358264155
2011-10-03,36.397926330566406,66.83474731445312,82.48715209960938,0.4412557035138418
2011-10-04,36.286006927490234,66.2504653930664,81.44117736816406,0.4455486536430488
2011-10-05,36.72924041748047,66.52473449707031,80.85482788085938,0.45426156211230173
2011-10-06,37.29779815673828,66.25640869140625,79.36246490478516,0.4699677385460014
2011-10-07,37.32912826538086,66.19679260253906,78.77620697021484,0.47386298098225194
2011-10-10,38.13051223754883,66.32199096679688,77.66361236572266,0.49097010911609335
2011-10-11,37.709678649902344,66.50084686279297,77.40373229980469,0.4871816581640146
2011-10-12,38.58717346191406,66.60218048095703,76.27781677246094,0.5058767423433314
2011-10-13,38.42599105834961,66.66184997558594,77.03727722167969,0.4987973672508747
2011-10-14,38.694618225097656,66.62007904052734,75.91805267333984,0.509689288153805
2011-10-17,38.47077941894531,66.57237243652344,77.23050689697266,0.49812931398037114
2011-10-18,38.67673873901367,66.8049545288086,76.75083923339844,0.50392593912098
2011-10-19,38.551368713378906,66.97782135009766,76.72413635253906,0.5024672879501642
2011-10-20,38.89162063598633,67.12686920166016,76.17790985107422,0.5105367253055172
2011-10-21,39.36168670654297,67.3474349975586,75.3717041015625,0.5222342678295233
2011-10-24,40.42722702026367,67.69331359863281,75.49830627441406,0.5354719730178136
2011-10-25,39.71089553833008,68.02713012695312,77.41707611083984,0.5129474985786735
2011-10-26,39.881046295166016,67.97945404052734,76.06453704833984,0.5243053838587248
2011-10-27,40.46751403808594,67.9675064086914,73.48622131347656,0.5506816558911112
2011-10-28,40.346614837646484,68.2298812866211,74.25906372070312,0.5433224284835416
2011-10-31,39.970550537109375,68.3848648071289,77.20386505126953,0.5177273250576994
2011-11-01,39.2572135925293,68.72715759277344,79.78821563720703,0.49201769057011946
2011-11-02,39.631004333496094,68.97843170166016,78.79293060302734,0.5029766506993384
2011-11-03,40.022823333740234,69.01431274414062,77.71085357666016,0.5150223101623578
2011-11-04,39.982276916503906,69.15189361572266,77.80442810058594,0.5138817660199831
2011-11-07,39.84717559814453,68.876708984375,78.29859161376953,0.5089130567597213
2011-11-08,39.93722915649414,68.4518814086914,77.29671478271484,0.5166743408016732
2011-11-09,39.09056091308594,68.27238464355469,78.89984893798828,0.49544532010206194
2011-11-10,39.131099700927734,67.93138885498047,77.7242202758789,0.5034608203470361
2011-11-11,39.649017333984375,67.81169128417969,77.2499771118164,0.5132560398897456
2011-11-14,39.38331604003906,67.80570220947266,78.4923324584961,0.5017473020165828
2011-11-15,39.279754638671875,67.73992156982422,78.38542938232422,0.501110409781456
2011-11-16,38.89693832397461,67.52454376220703,79.10025024414062,0.4917422916352393
2011-11-17,38.7077751159668,66.99199676513672,79.73485565185547,0.4854561383415014
2011-11-18,38.680755615234375,67.09966278076172,79.71475982666016,0.4852395679212448
2011-11-21,38.24392318725586,66.8244857788086,80.1889419555664,0.47692265609948126
2011-11-22,37.95119094848633,66.65101623535156,81.0840835571289,0.4680473563192867
2011-11-23,37.266658782958984,66.30994415283203,81.8789291381836,0.45514345601742817
2011-11-25,37.266658782958984,66.04669952392578,80.6899642944336,0.46184998480077194
2011-11-28,38.099788665771484,66.07664489746094,80.64985656738281,0.4724098750744731
2011-11-29,38.347503662109375,65.92703247070312,79.98861694335938,0.47941201045223186
2011-11-30,39.000518798828125,66.22621154785156,78.73954010009766,0.49531047234018266
2011-12-01,39.17226791381836,66.37993621826172,78.3443832397461,0.5000009738278886
2011-12-02,39.39435577392578,66.9442367553711,79.44258117675781,0.49588464008079364
2011-12-05,39.6164436340332,67.44261169433594,79.28195190429688,0.49969056869153716
2011-12-06,39.7932014465332,67.08240509033203,78.52520751953125,0.5067570364157982
2011-12-07,39.66630935668945,67.5026626586914,78.8064956665039,0.5033380690412975
2011-12-08,39.4079475402832,67.27452087402344,79.79080200195312,0.4938908564839162
2011-12-09,39.74787521362305,67.01631164550781,78.1502914428711,0.5086081507793131
2011-12-12,39.53487014770508,67.0223159790039,79.02076721191406,0.5003098747659888
2011-12-13,39.385292053222656,67.2504653930664,79.75727844238281,0.4938143931487689
2011-12-14,39.31731414794922,67.36454772949219,81.26396179199219,0.4838222661182583
2011-12-15,39.457801818847656,67.47258758544922,80.9626235961914,0.4873582409538394
2011-12-16,39.64362716674805,67.85086059570312,81.90677642822266,0.4840091247088565
2011-12-19,39.5937614440918,68.09100341796875,82.94467163085938,0.47735147617801926
2011-12-20,40.08778762817383,68.04298400878906,80.87554931640625,0.4956725236120492
2011-12-21,40.20109558105469,67.75485229492188,79.75064849853516,0.5040848737649211
2011-12-22,40.35519790649414,68.10906219482422,80.08545684814453,0.503901700692229
2011-12-23,40.54098129272461,67.89888000488281,79.19483184814453,0.5119144816225082
2011-12-27,40.702903747558594,68.15673065185547,79.57101440429688,0.5115292805084638
2011-12-28,40.51139831542969,68.28330993652344,81.04222869873047,0.4998801114666816
2011-12-29,40.75302505493164,68.24712371826172,81.18999481201172,0.5019463931398405
2011-12-30,40.77583312988281,68.53628540039062,81.4520034790039,0.5006117883938079
2012-01-03,40.90807342529297,68.48210144042969,80.22936248779297,0.509889050053429
2012-01-04,40.839691162109375,68.53628540039062,79.2754898071289,0.515161637745401
2012-01-05,40.66188049316406,68.24113464355469,79.13442993164062,0.5138329868337885
2012-01-06,40.534175872802734,68.50619506835938,79.7591323852539,0.5082073320082505
2012-01-09,40.588905334472656,68.40376281738281,79.61803436279297,0.5097953706006164
2012-01-10,40.73025131225586,68.59657287597656,79.48370361328125,0.5124352472353852
2012-01-11,40.68918991088867,68.58448791503906,80.51822662353516,0.5053413570710136
2012-01-12,40.634483337402344,68.74114990234375,80.4040298461914,0.5053786907837073
2012-01-13,40.588905334472656,68.98819732666016,81.20339965820312,0.49984243892887786
2012-01-17,40.67095184326172,69.19902801513672,81.57968139648438,0.49854266585814844
2012-01-18,40.784912109375,69.06047058105469,80.59213256835938,0.5060656767554905
2012-01-19,40.84425735473633,69.04242706298828,79.48370361328125,0.5138695795236131
2012-01-20,40.84425735473633,68.86766815185547,78.58354187011719,0.5197558723204877
2012-01-23,40.98556137084961,68.76529693603516,78.08642578125,0.5248743422533626
2012-01-24,41.090431213378906,69.01227569580078,78.22750091552734,0.5252683612857545
2012-01-25,41.450653076171875,69.24720001220703,78.03941345214844,0.5311502386110096
2012-01-26,41.550933837890625,69.7894287109375,79.0739517211914,0.525469297201637
2012-01-27,41.40047073364258,69.891845703125,79.32244873046875,0.5219262818564517
2012-01-30,41.268253326416016,69.80148315429688,80.25624084472656,0.514206158823942
2012-01-31,41.373130798339844,70.00631713867188,81.18329620361328,0.509626151352283
2012-02-01,41.449703216552734,70.28501892089844,80.25335693359375,0.5164856001082996
2012-02-02,41.47720718383789,70.43006134033203,80.21968078613281,0.5170452783827065
2012-02-03,41.596439361572266,70.32730865478516,78.49584197998047,0.5299190162477777
2012-02-06,41.605594635009766,70.50865173339844,79.27690887451172,0.5248135330410992
2012-02-07,41.688133239746094,70.37564086914062,78.2938232421875,0.5324574980939626
2012-02-08,41.72482681274414,70.44818878173828,78.35440063476562,0.5325141469365149
2012-02-09,41.743167877197266,70.22451782226562,77.7685546875,0.5367615232780812
2012-02-10,41.38093566894531,70.1580810546875,78.77864837646484,0.5252811075305004
2012-02-13,41.500144958496094,70.39985656738281,78.87964630126953,0.526119815497045
2012-02-14,41.500144958496094,70.45425415039062,79.29713439941406,0.523349869737572
2012-02-15,41.3671760559082,70.35755157470703,79.15567779541016,0.5226052913453403
2012-02-16,41.54139709472656,70.23663330078125,78.52274322509766,0.5290364980709052
2012-02-17,41.527671813964844,70.12783813476562,78.50255584716797,0.5289977041615389
2012-02-21,41.68355178833008,70.0129623413086,77.63390350341797,0.536924589737973
2012-02-22,41.81650924682617,70.44818878173828,78.61030578613281,0.5319469098694535
2012-02-23,41.96784591674805,70.54496002197266,78.61030578613281,0.5338720603749559
2012-02-24,42.096214294433594,70.59935760498047,79.1220474243164,0.5320415189546303
2012-02-27,42.10538101196289,70.85926818847656,79.82237243652344,0.5274884687929571
2012-02-28,42.18790817260742,71.08287811279297,79.55978393554688,0.5302667514379472
2012-02-29,42.24293899536133,71.14944458007812,79.07494354248047,0.5342139633987556
2012-03-01,42.31535720825195,70.98136901855469,78.33049774169922,0.5402156047544862
2012-03-02,42.14009475708008,71.0057373046875,79.06615447998047,0.532972610521357
2012-03-05,41.904869079589844,70.87828826904297,78.43849182128906,0.5342385875427605
2012-03-06,41.34682846069336,70.76912689208984,79.39009094238281,0.52080590877142
2012-03-07,41.462120056152344,70.73877716064453,78.90422821044922,0.5254739954564507
2012-03-08,41.78493881225586,70.75090026855469,78.11448669433594,0.5349192010409213
2012-03-09,41.83108901977539,70.71453094482422,78.269775390625,0.5344475413530552
2012-03-12,41.83108901977539,70.57498931884766,78.25621795654297,0.5345401312775544
2012-03-13,42.13547897338867,70.38090515136719,76.87942504882812,0.5480722436025937
2012-03-14,42.029396057128906,69.5438232421875,74.94245147705078,0.5608222740084682
2012-03-15,41.88641357421875,69.39217376708984,75.0571517944336,0.5580602590534902
2012-03-16,41.73421096801758,69.49529266357422,75.20565795898438,0.554934457069421
2012-03-19,41.89105224609375,69.3982925415039,74.30796813964844,0.5637491280526883
2012-03-20,41.85874557495117,69.35576629638672,74.60502624511719,0.5610713873006751
2012-03-21,41.724998474121094,69.6712417602539,75.4486312866211,0.553025253905699
2012-03-22,41.82649230957031,69.55595397949219,75.69156646728516,0.5525911836908309
2012-03-23,41.73883819580078,69.61054229736328,76.40701293945312,0.5462697282627147
2012-03-26,41.99251174926758,69.76217651367188,76.01556396484375,0.5524199198033786
2012-03-27,42.0662956237793,70.30201721191406,76.56219482421875,0.5494395206454107
2012-03-28,41.92793273925781,70.1685791015625,76.45425415039062,0.548405490383606
2012-03-29,41.92332458496094,70.30807495117188,77.02790069580078,0.5442615494679632
2012-03-30,41.8403205871582,70.13822174072266,75.72526550292969,0.5525278823293062
2012-04-02,41.9122314453125,70.31903839111328,76.14490509033203,0.5504272596517297
2012-04-03,41.8751220703125,69.64954376220703,74.82538604736328,0.5596379020858805
2012-04-04,41.721981048583984,69.78339385986328,75.85388946533203,0.5500308730727966
2012-04-05,41.61992263793945,69.8990478515625,76.40203094482422,0.5447489042273811
2012-04-09,41.406455993652344,70.35559844970703,78.18838500976562,0.5295729792664311
2012-04-10,41.20233154296875,70.31294250488281,79.07482147216797,0.5210550055743188
2012-04-11,41.4528923034668,70.23992156982422,78.12753295898438,0.5305798190918029
2012-04-12,41.8240966796875,70.27033996582031,77.80266571044922,0.5375663712518574
2012-04-13,41.68950653076172,70.6051254272461,79.06131744384766,0.5273059933559947
2012-04-16,41.754486083984375,70.6051254272461,78.94628143310547,0.5288974391955968
2012-04-17,41.9354133605957,70.69640350341797,78.89888763427734,0.5315082964791636
2012-04-18,41.921504974365234,70.68423461914062,79.12895965576172,0.5297871368047583
2012-04-19,41.84261703491211,70.7329330444336,79.20339965820312,0.5282931946795348
2012-04-20,41.90758514404297,70.71469116210938,79.2169189453125,0.5290231645208762
2012-04-23,41.81945037841797,70.72688293457031,79.79205322265625,0.5241054552352803
2012-04-24,41.91684341430664,70.59906005859375,79.23042297363281,0.5290498503113659
2012-04-25,42.22311019897461,70.72074890136719,78.824462890625,0.5356599797903149
2012-04-26,42.25094223022461,70.8364028930664,79.29816436767578,0.532811100573815
2012-04-27,42.232364654541016,70.93992614746094,79.36577606201172,0.5321231234675151
2012-04-30,42.31589889526367,70.8973159790039,79.3860855102539,0.5330392426239222
2012-05-01,42.34808349609375,70.76232147216797,78.9743881225586,0.5362255346679572
2012-05-02,42.51139450073242,70.99439239501953,79.53057861328125,0.5345289226103179
2012-05-03,42.4833869934082,71.03713989257812,79.51020812988281,0.5343136182464778
2012-05-04,42.39943313598633,71.11649322509766,80.13424682617188,0.5291050308111046
2012-05-07,42.46940612792969,71.23868560791016,80.1478500366211,0.5298882765853931
2012-05-08,42.4600944519043,71.41582489013672,80.57518768310547,0.5269624021093913
2012-05-09,42.31076431274414,71.29364013671875,80.62940216064453,0.5247560217356562
2012-05-10,42.26408004760742,71.14704132080078,80.39202880859375,0.5257247599539306
2012-05-11,42.37144470214844,71.3608169555664,81.0567398071289,0.5227380820271023
2012-05-14,42.058807373046875,71.37914276123047,82.18946838378906,0.5117298870537833
2012-05-15,41.85350799560547,71.28755950927734,82.5218505859375,0.5071809187315741
2012-05-16,41.44289016723633,71.32418060302734,82.75923156738281,0.5007645598242826
2012-05-17,40.868988037109375,70.79285430908203,84.2243881225586,0.4852393581968102
2012-05-18,40.868988037109375,70.51805877685547,84.24473571777344,0.4851221585408462
2012-05-21,41.293582916259766,70.59739685058594,84.068359375,0.4911905409270962
2012-05-22,41.288909912109375,70.4081039428711,83.13233947753906,0.49666483791503224
2012-05-23,41.2469367980957,70.57913208007812,83.70886993408203,0.49274272643480077
2012-05-24,41.256248474121094,70.59130096435547,83.39009857177734,0.49473797466026637
2012-05-25,41.12563705444336,70.76842498779297,83.70210266113281,0.4913333804879445
2012-05-29,41.578216552734375,70.87223052978516,83.4443359375,0.49827488092033656
2012-05-30,41.391571044921875,70.93327331542969,85.56061553955078,0.48376897225322596
2012-05-31,40.952972412109375,71.43406677246094,86.55097961425781,0.47316590285435733
2012-06-01,40.597110748291016,71.87284851074219,88.60570526123047,0.4581771639715657
2012-06-04,40.629974365234375,71.32743835449219,87.90560913085938,0.46220002076034955
2012-06-05,40.88819122314453,71.17424774169922,86.72974395751953,0.47144369806016817
2012-06-06,41.32480239868164,70.9659423828125,84.99645233154297,0.4861944382982868
2012-06-07,41.47976303100586,71.11299133300781,85.1256103515625,0.48727712917061616
2012-06-08,41.63936996459961,71.37648010253906,85.105224609375,0.4892692564495354
2012-06-11,41.36708068847656,71.3642349243164,85.49263763427734,0.48386717070816965
2012-06-12,41.65813064575195,71.15592956542969,84.7110366821289,0.49176745176747877
2012-06-13,41.53607940673828,71.41325378417969,85.54702758789062,0.4855350393567363
2012-06-14,41.845951080322266,71.32743835449219,85.43827819824219,0.48977989681893197
2012-06-15,41.92107391357422,71.62157440185547,85.9140625,0.4879419351584523
2012-06-18,41.93516540527344,71.59092712402344,86.37629699707031,0.485493901257376
2012-06-19,42.230953216552734,71.52357482910156,85.2479476928711,0.49538967634389536
2012-06-20,42.395267486572266,71.55419921875,85.66938781738281,0.4948706716212815
2012-06-21,42.04781723022461,71.66449737548828,86.12479400634766,0.48821965515674337
2012-06-22,42.334228515625,71.60932159423828,84.9760971069336,0.49818984346094136
2012-06-25,42.26850509643555,71.7931900024414,86.21315002441406,0.49027909413431525
2012-06-26,42.20747375488281,71.86671447753906,85.87324523925781,0.49150901002152
2012-06-27,42.46101379394531,71.96475982666016,86.0092544555664,0.4936795936986208
2012-06-28,42.45631408691406,72.07506561279297,86.21997833251953,0.49241851955906657
2012-06-29,42.86006164550781,72.05664825439453,85.0984115600586,0.5036528985650822
2012-07-02,42.90634536743164,72.43909454345703,85.97640228271484,0.4990479274341276
2012-07-03,43.06215286254883,72.50055694580078,85.3156967163086,0.5047389228472098
2012-07-05,43.066864013671875,72.6850357055664,85.75166320800781,0.502227739993854
2012-07-06,43.01021957397461,72.86943817138672,86.54859924316406,0.4969487657811137
2012-07-09,43.02437973022461,72.91866302490234,87.31151580810547,0.49276867240266703
2012-07-10,42.83552932739258,72.90023803710938,87.48863983154297,0.4896124732293386
2012-07-11,42.972415924072266,73.02315521240234,87.59766387939453,0.49056577562658726
2012-07-12,42.87803268432617,73.3921127319336,88.21749114990234,0.48604910574328475
2012-07-13,43.01021957397461,73.41666412353516,87.98588562011719,0.48883089907934857
2012-07-16,42.84492111206055,73.61952209472656,88.39457702636719,0.4847007876883709
2012-07-17,43.04798126220703,73.61952209472656,87.69983673095703,0.4908558882984966
2012-07-18,43.2274169921875,74.0253677368164,87.74748992919922,0.4926342283644397
2012-07-19,43.33599090576172,74.15447998046875,87.522705078125,0.4951399852995735
2012-07-20,43.132965087890625,74.20976257324219,88.59208679199219,0.4868715327720376
2012-07-23,43.06215286254883,73.97000122070312,89.08937072753906,0.48335904172278066
2012-07-24,42.79774475097656,74.08684539794922,89.79096221923828,0.47663755564261984
2012-07-25,42.708011627197266,74.2282943725586,90.02259063720703,0.47441438115585305
2012-07-26,43.147151947021484,74.34504699707031,89.1983642578125,0.4837213362154498
2012-07-27,43.40210723876953,73.99462127685547,87.5158920288086,0.49593400961373246
2012-07-30,43.40210723876953,74.1852035522461,88.1697998046875,0.49225593496767905
2012-07-31,43.29823684692383,74.56640625,88.34691619873047,0.4900933582053656
2012-08-01,43.53324508666992,74.48312377929688,87.9052505493164,0.49522917931104693
2012-08-02,43.357582092285156,74.532470703125,88.40357208251953,0.4904505674478109
2012-08-03,43.538028717041016,74.3536376953125,86.97691345214844,0.5005699442415149
2012-08-06,43.509517669677734,74.4522705078125,87.01105499267578,0.500045858234223
2012-08-07,43.42405319213867,74.06373596191406,85.8916244506836,0.505567958108319
2012-08-08,43.452537536621094,73.8539810180664,85.43424987792969,0.5086079364974472
2012-08-09,43.45729064941406,73.80465698242188,85.37281799316406,0.5090295912792027
2012-08-10,43.4193229675293,74.014404296875,85.80286407470703,0.5060358233464661
2012-08-13,43.44306564331055,73.86019897460938,85.65949249267578,0.5071599700059524
2012-08-14,43.509517669677734,73.52713012695312,84.49908447265625,0.5149111134305524
2012-08-15,43.30060958862305,73.18169403076172,83.3113784790039,0.5197442459739836
2012-08-16,43.462059020996094,72.9658203125,82.60142517089844,0.5261659702732144
2012-08-17,43.462059020996094,73.06451416015625,83.00422668457031,0.5236126009119879
2012-08-20,43.51426696777344,73.2680435180664,83.17481994628906,0.5231663500548988
2012-08-21,43.609256744384766,73.39141082763672,83.54347229003906,0.5219947836616832
2012-08-22,43.56649398803711,73.81085205078125,84.92232513427734,0.5130157931869
2012-08-23,43.557003021240234,73.86637115478516,85.27725982666016,0.510769261462867
2012-08-24,43.75167465209961,73.9465560913086,85.19538879394531,0.5135451022815094
2012-08-27,43.718441009521484,74.03910064697266,85.69368743896484,0.5101710792951915
2012-08-28,43.68041229248047,74.14389038085938,85.89842987060547,0.5085123483430277
2012-08-29,43.74217987060547,73.98970794677734,85.5230484008789,0.511466565896591
2012-08-30,43.723167419433594,74.014404296875,85.96665954589844,0.5086060997413697
2012-08-31,43.837127685546875,74.52631378173828,87.18173217773438,0.5028246926337463
2012-09-04,43.836143493652344,74.3499755859375,87.09417724609375,0.5033188771022972
2012-09-05,43.8409423828125,74.3808822631836,86.68373107910156,0.5057574453366145
2012-09-06,44.098731994628906,74.0529556274414,85.24032592773438,0.5173458866407342
2012-09-07,44.17514419555664,74.20764923095703,84.84358978271484,0.5206656661827908
2012-09-10,44.10353088378906,74.20152282714844,85.0488052368164,0.5185673186235105
2012-09-11,44.404293060302734,74.26333618164062,84.5152816772461,0.5253995748352055
2012-09-12,44.5379638671875,74.11481475830078,83.46180725097656,0.5336328715391718
2012-09-13,44.82440185546875,74.51087188720703,83.13346862792969,0.5391859932620381
2012-09-14,44.81964111328125,74.06532287597656,80.92396545410156,0.5538487994474522
2012-09-17,44.78145980834961,74.31900787353516,81.89533233642578,0.5468133351530647
2012-09-18,44.8005485534668,74.54803466796875,82.30575561523438,0.5443185378541673
2012-09-19,44.743247985839844,74.67170715332031,82.84613037109375,0.5400764982675815
2012-09-20,44.53318786621094,74.60979461669922,83.05136108398438,0.5362126193353708
2012-09-21,44.47113800048828,74.74600219726562,83.14710235595703,0.5348489212541051
2012-09-24,44.413822174072266,74.85733032226562,83.79701232910156,0.5300167743408669
2012-09-25,44.017601013183594,75.0058822631836,84.62467193603516,0.5201509206021497
2012-09-26,43.79795455932617,75.21625518798828,85.53450775146484,0.5120501153357734
2012-09-27,44.27536392211914,75.17908477783203,84.92571258544922,0.5213422716656142
2012-09-28,44.06531524658203,75.34613037109375,84.97355651855469,0.5185768026192948
2012-10-01,43.99090576171875,75.54728698730469,85.28889465332031,0.5157870311314461
2012-10-02,44.101322174072266,75.57206726074219,85.17241668701172,0.5177887852605391
2012-10-03,44.21172332763672,75.62175750732422,85.1998062133789,0.5189181207397413
2012-10-04,44.39887237548828,75.55970001220703,84.1372299194336,0.5276959131885236
2012-10-05,44.37489318847656,75.44174194335938,83.04731750488281,0.5343326494063763
2012-10-08,44.31248474121094,75.6404037475586,83.74655151367188,0.5291260826898262
2012-10-09,44.187705993652344,75.72106170654297,83.5957260131836,0.5285881001462163
2012-10-10,44.08213424682617,75.85762023925781,84.185302734375,0.523632187745597
2012-10-11,44.322086334228516,76.10594177246094,84.76789093017578,0.5228640921447142
2012-10-12,44.39887237548828,76.19281005859375,84.98043060302734,0.5224599600217443
2012-10-15,44.6004638671875,76.4287109375,84.78846740722656,0.5260204038478254
2012-10-16,44.76365661621094,76.37905883789062,83.6163101196289,0.5353459935288711
2012-10-17,44.864410400390625,76.23008728027344,82.84172821044922,0.5415677747139475
2012-10-18,44.84041976928711,76.08731079101562,82.3344497680664,0.5446130981090076
2012-10-19,44.61485290527344,76.2238540649414,83.45179748535156,0.534618237709077
2012-10-22,44.62447738647461,76.04386138916016,82.91710662841797,0.5381817962661588
2012-10-23,44.45647430419922,76.1742172241211,84.10302734375,0.5285954109891259
2012-10-24,44.418087005615234,75.96932983398438,83.27354431152344,0.5333997414526841
2012-10-25,44.49006652832031,75.7520751953125,82.84859466552734,0.5370044803769288
2012-10-26,44.384525299072266,76.12452697753906,84.06876373291016,0.5279550135896335
2012-10-31,44.43726348876953,76.36042022705078,84.56224060058594,0.5254977064605076
2012-11-01,44.41326904296875,76.02523040771484,83.86994171142578,0.5295493014146001
2012-11-02,44.35089874267578,75.87623596191406,83.80823516845703,0.5291949968106257
2012-11-05,44.278907775878906,75.91349029541016,84.28121185302734,0.5253710382462711
2012-11-06,44.3460807800293,75.54728698730469,83.48600769042969,0.5311797989486668
2012-11-07,44.08213424682617,75.7024917602539,85.00098419189453,0.5186073392668991
2012-11-08,43.93812561035156,75.62797546386719,86.26229858398438,0.5093549132309952
2012-11-09,43.86134719848633,75.44174194335938,86.3582534790039,0.5078998871734969
2012-11-12,43.87575149536133,75.45417022705078,86.50221252441406,0.5072211474703956
2012-11-13,43.77494812011719,75.48519134521484,86.7901611328125,0.5043768504258177
2012-11-14,43.53498077392578,75.6404037475586,86.87240600585938,0.501137044264544
2012-11-15,43.515804290771484,75.49140167236328,86.7010269165039,0.5019064460756469
2012-11-16,43.64059066772461,75.51624298095703,86.6256103515625,0.5037839328417205
2012-11-19,44.192481994628906,75.7520751953125,86.13893127441406,0.5130372682921299
2012-11-20,44.19729995727539,75.51624298095703,85.2752456665039,0.5182899165148471
2012-11-21,44.18290328979492,75.57206726074219,85.22720336914062,0.5184131538192983
2012-11-23,44.3316764831543,75.60314178466797,85.1449203491211,0.5206614358364586
2012-11-26,44.34130096435547,75.7272720336914,85.54939270019531,0.5183122821192655
2012-11-27,44.384525299072266,75.77075958251953,85.88528442382812,0.5167884765921339
2012-11-28,44.39407730102539,75.75830078125,85.76187896728516,0.5176434779135379
2012-11-29,44.590858459472656,75.81416320800781,85.77557373046875,0.5198549717614226
2012-11-30,44.658058166503906,75.80797576904297,85.54251098632812,0.5220569007337347
2012-12-03,44.88433074951172,75.89205169677734,85.62149810791016,0.5242180029709743
2012-12-04,44.88433074951172,75.96053314208984,86.11603546142578,0.5212075835703897
2012-12-05,44.95671081542969,76.11617279052734,86.0748062133789,0.5222981356935301
2012-12-06,45.03871154785156,76.10372161865234,86.26031494140625,0.5221255171447595
2012-12-07,44.97117614746094,75.92315673828125,85.46353912353516,0.5262030640043628
2012-12-10,45.009769439697266,75.99160766601562,85.84136962890625,0.5243365714488863
2012-12-11,45.053192138671875,75.71147918701172,85.1888427734375,0.5288625912960493
2012-12-12,45.18830490112305,75.48110961914062,84.19975280761719,0.5366797810484196
2012-12-13,45.02907943725586,75.36277770996094,84.26158905029297,0.5343962764620958
2012-12-14,44.99528884887695,75.41880798339844,84.89350128173828,0.5300204158095673
2012-12-17,45.16899490356445,75.17603302001953,83.62281036376953,0.5401516010652327
2012-12-18,45.1931037902832,74.98926544189453,82.77110290527344,0.5460009858996805
2012-12-19,45.14487075805664,75.28189086914062,83.04585266113281,0.5436137905919217
2012-12-20,45.30409240722656,75.3565673828125,83.05963897705078,0.5454405167802859
2012-12-21,45.1738395690918,75.4873046875,83.96621704101562,0.5380001762735765
2012-12-24,45.009769439697266,75.4375228881836,83.81510925292969,0.537012596426628
2012-12-26,45.11891555786133,75.54496765136719,84.11664581298828,0.5363851009724238
2012-12-27,45.21106719970703,75.7884750366211,84.39885711669922,0.5356834054896407
2012-12-28,45.089813232421875,75.95709991455078,84.88069152832031,0.5312140184128652
2012-12-31,45.28385543823242,75.55745697021484,83.41451263427734,0.5428774203450063
2013-01-02,45.71074295043945,75.73221588134766,82.29940795898438,0.5554200702539726
2013-01-03,45.57003402709961,75.32011413574219,81.18423461914062,0.5613162979349646
2013-01-04,45.599185943603516,75.28260803222656,81.50094604492188,0.5594927194890481
2013-01-07,45.63800048828125,75.40757751464844,81.53529357910156,0.559733073678155
2013-01-08,45.60399627685547,75.47624969482422,82.07222747802734,0.555656860770164
2013-01-09,45.69134521484375,75.45127868652344,81.99651336669922,0.5572352206063449
2013-01-10,45.7689208984375,75.48873901367188,81.76936340332031,0.5597318970515431
2013-01-11,45.851417541503906,75.62608337402344,82.4990234375,0.5557813369298878
2013-01-14,45.78835678100586,75.47624969482422,82.27183532714844,0.5565495968204858
2013-01-15,45.79804992675781,75.41372680664062,82.65046691894531,0.5541172558852162
2013-01-16,45.720436096191406,75.41372680664062,82.822509765625,0.5520291068886131
2013-01-17,45.885372161865234,75.28260803222656,81.99651336669922,0.5596015035012502
2013-01-18,45.94843673706055,75.35755920410156,82.62976837158203,0.5560760684990992
2013-01-22,45.97754669189453,75.35755920410156,82.78812408447266,0.5553640356071053
2013-01-23,45.9241828918457,75.45127868652344,82.6641845703125,0.555551151088698
2013-01-24,46.02605056762695,75.3450927734375,82.37506103515625,0.5587376809102919
2013-01-25,46.01148986816406,75.0016098022461,81.24623107910156,0.5663215297133862
2013-01-28,45.98722457885742,74.93917846679688,80.95024108886719,0.5680924968262002
2013-01-29,45.909603118896484,74.77057647705078,80.50281524658203,0.5702856847710764
2013-01-30,45.57977294921875,74.52078247070312,80.3651123046875,0.5671587040955357
2013-01-31,45.43907165527344,74.57695770263672,80.75747680664062,0.5626608637621157
2013-02-01,45.58978271484375,74.3834228515625,79.70882415771484,0.5719540238686511
2013-02-04,45.399593353271484,74.63398742675781,80.72991180419922,0.5623639657055837
2013-02-05,45.50201416015625,74.48362731933594,80.0124282836914,0.5686868294863479
2013-02-06,45.43373107910156,74.67778778076172,80.66778564453125,0.5632202584475141
2013-02-07,45.345916748046875,74.702880859375,80.4884262084961,0.5633843135481795
2013-02-08,45.35566329956055,74.86575317382812,80.79885864257812,0.5613403959107378
2013-02-11,45.35081100463867,74.82814025878906,80.7367935180664,0.5617118172334966
2013-02-12,45.506858825683594,74.75298309326172,80.53667449951172,0.5650451686574108
2013-02-13,45.575157165527344,74.57755279541016,79.88134002685547,0.570535711471607
2013-02-14,45.555641174316406,74.78427124023438,80.60569763183594,0.5651665144366147
2013-02-15,45.560482025146484,74.75298309326172,80.37114715576172,0.5668760946866777
2013-02-19,45.604427337646484,74.73419189453125,79.97097778320312,0.5702622201428817
2013-02-20,45.560482025146484,74.85942840576172,80.21241760253906,0.5679978660025365
2013-02-21,45.60930633544922,74.97852325439453,80.68157958984375,0.565300116424475
2013-02-22,45.72146987915039,75.02861022949219,80.7367935180664,0.5663027708540262
2013-02-25,45.580013275146484,75.4733657836914,82.32349395751953,0.5536695672643174
2013-02-26,45.80433654785156,75.37940216064453,81.84748840332031,0.5596303251498846
2013-02-27,45.882423400878906,75.35438537597656,81.60603332519531,0.562243029483373
2013-02-28,45.86290740966797,75.37940216064453,81.75782012939453,0.5609604969540865
2013-03-01,45.954063415527344,75.55162048339844,82.20304107666016,0.5590311844141134
2013-03-04,45.95899963378906,75.49508666992188,81.7674560546875,0.5620695794063947
2013-03-05,46.05213928222656,75.36936950683594,81.53236389160156,0.5648326269977102
2013-03-06,46.02275085449219,75.14942169189453,80.79266357421875,0.5696402224963681
2013-03-07,46.09141159057617,74.90436553955078,80.17042541503906,0.574917887138091
2013-03-08,46.145294189453125,74.64045715332031,79.33390045166016,0.581659214115792
2013-03-11,46.115901947021484,74.69074249267578,79.40992736816406,0.5807322015699216
2013-03-12,46.096275329589844,74.84156036376953,79.98374938964844,0.576320511120671
2013-03-13,46.10608673095703,74.77241516113281,79.90081024169922,0.5770415417751903
2013-03-14,46.282630920410156,74.8038101196289,79.65882873535156,0.5810106883968095
2013-03-15,46.27772521972656,74.90436553955078,80.03216552734375,0.578239073187584
2013-03-18,46.287506103515625,75.08658599853516,80.64058685302734,0.5739976345643116
2013-03-19,46.209083557128906,75.2123031616211,81.18672943115234,0.5691704035979791
2013-03-20,46.36105728149414,74.9923324584961,80.28104400634766,0.5774844841059674
2013-03-21,46.27772521972656,75.06779479980469,81.05535888671875,0.5709397361919442
2013-03-22,46.243385314941406,75.07405853271484,81.11756896972656,0.5700785403492509
2013-03-25,46.174739837646484,75.07405853271484,81.04154205322266,0.5697663034018036
2013-03-26,46.25810623168945,75.12429809570312,81.13835144042969,0.5701139524094389
2013-03-27,46.179630279541016,75.38823699951172,81.82968139648438,0.5643383854299721
2013-03-28,46.26298141479492,75.34425354003906,81.41493225097656,0.5682370559761781
2013-04-01,46.34578323364258,75.23580169677734,82.02808380126953,0.564998974569796
2013-04-02,46.311317443847656,75.22954559326172,81.69549560546875,0.566877244585166
2013-04-03,46.311317443847656,75.53206634521484,82.42991638183594,0.5618265731257336
2013-04-04,46.2965202331543,75.93545532226562,83.41378021240234,0.5550224449157709
2013-04-05,46.34087371826172,76.16868591308594,85.09742736816406,0.5445625696505882
2013-04-08,46.39015197753906,76.23804473876953,84.4461669921875,0.549345857010074
2013-04-09,46.53803253173828,76.313720703125,84.23833465576172,0.5524567018319513
2013-04-10,46.6859130859375,76.11198425292969,83.08118438720703,0.5619312414752512
2013-04-11,46.6859130859375,76.16239929199219,83.24056243896484,0.560855329637752
2013-04-12,46.70065689086914,76.54060363769531,84.48081970214844,0.5527959725712923
2013-04-15,46.40495681762695,76.5658187866211,85.2151870727539,0.5445620482885044
2013-04-16,46.72533416748047,76.4271469116211,84.51546478271484,0.5528613525064204
2013-04-17,46.651390075683594,76.53429412841797,85.07669067382812,0.5483451425554193
2013-04-18,46.57746124267578,76.60360717773438,85.28455352783203,0.5461418195438585
2013-04-19,46.55281066894531,76.71710968017578,85.10437774658203,0.547008413686627
2013-04-22,46.661251068115234,76.74230194091797,85.16674041748047,0.5478811427957153
2013-04-23,46.84359359741211,76.84314727783203,84.86878204345703,0.5519531737055666
2013-04-24,46.9273796081543,76.87468719482422,85.08362579345703,0.55154419161769
2013-04-25,47.05556106567383,76.83056640625,84.71640014648438,0.5554480712625816
2013-04-26,47.00625991821289,77.10789489746094,85.49237060546875,0.5498298805531778
2013-04-29,47.094993591308594,77.1142349243164,85.18057250976562,0.5528842106092834
2013-04-30,47.24283218383789,76.98182678222656,85.22911071777344,0.5543039436405384
2013-05-01,47.152679443359375,77.32454681396484,86.10467529296875,0.5476204315610471
2013-05-02,47.4548225402832,77.32454681396484,85.99356079101562,0.551841580971504
2013-05-03,47.529117584228516,76.59746551513672,83.96607971191406,0.5660514072742228
2013-05-06,47.55885314941406,76.58480834960938,83.7577896118164,0.5678140907231456
2013-05-07,47.5241813659668,76.52786254882812,83.43145751953125,0.5696194550459749
2013-05-08,47.69261169433594,76.59746551513672,83.56340789794922,0.5707355993975252
2013-05-09,47.55387496948242,76.43306732177734,83.34814453125,0.5705450941580695
2013-05-10,47.306251525878906,76.0347900390625,82.45243835449219,0.5737398731920165
2013-05-13,47.113094329833984,75.83879089355469,81.82064819335938,0.5758093509415355
2013-05-14,47.162601470947266,75.63652038574219,80.93184661865234,0.5827446603705408
2013-05-15,47.16755294799805,75.90205383300781,81.4734115600586,0.5789318508312152
2013-05-16,47.28150939941406,76.24974060058594,82.3205337524414,0.5743586350108161
2013-05-17,47.28150939941406,75.92101287841797,81.27902221679688,0.5817184817172051
2013-05-20,47.33101272583008,75.83245849609375,81.18181610107422,0.5830248077586895
2013-05-21,47.42015075683594,76.11697387695312,81.82064819335938,0.5795621497005519
2013-05-22,47.12793731689453,75.51640319824219,80.60556030273438,0.5846735279786377
2013-05-23,46.999176025390625,75.59224700927734,80.9874038696289,0.5803269864169062
2013-05-24,46.90998077392578,75.54168701171875,81.0984878540039,0.57843224966629
2013-05-28,46.73666000366211,74.81465911865234,79.04325103759766,0.591279576562854
2013-05-29,46.548458099365234,74.78309631347656,79.93201446533203,0.5823506189695012
2013-05-30,46.64252853393555,74.8779296875,79.73763275146484,0.5849500032101052
2013-05-31,46.023433685302734,74.5049057006836,79.46678161621094,0.5791531096298245
2013-06-03,45.98310470581055,74.30891418457031,79.88787078857422,0.575595572292899
2013-06-04,45.98310470581055,74.0171890258789,79.15010833740234,0.58096072982987
2013-06-05,45.58481216430664,73.90940856933594,80.24285125732422,0.5680856481298807
2013-06-06,45.94326400756836,74.22650146484375,80.19413757324219,0.5729005311093703
2013-06-07,45.97314453125,73.93476867675781,78.76032257080078,0.5837094495127659
2013-06-10,45.87854766845703,73.70649719238281,78.38448333740234,0.585301397866909
2013-06-11,45.59474563598633,73.56697845458984,79.31718444824219,0.5748406975507159
2013-06-12,45.62959671020508,73.3133316040039,78.1826400756836,0.5836282410779937
2013-06-13,46.15234375,74.09966278076172,79.40760040283203,0.5812081402267635
2013-06-14,46.207130432128906,74.04891967773438,79.21973419189453,0.5832780291865287
2013-06-17,46.20215606689453,73.94109344482422,78.80208587646484,0.586306257670945
2013-06-18,46.316654205322266,73.7952880859375,78.84386444091797,0.5874477936077052
2013-06-19,45.6246223449707,72.74897003173828,78.0295639038086,0.5847094365568252
2013-06-20,45.176544189453125,71.74699401855469,76.74890899658203,0.5886278356278007
2013-06-21,44.882789611816406,71.15721893310547,75.4473648071289,0.5948887641941273
2013-06-24,44.33018112182617,70.69430541992188,75.76056671142578,0.5851352893211732
2013-06-25,44.96246337890625,70.92897033691406,75.08543395996094,0.5988173871763508
2013-06-26,45.335853576660156,71.46795654296875,75.57260131835938,0.599898015759402
2013-06-27,45.554954528808594,72.11476135253906,76.34520721435547,0.5966969792996086
2013-06-28,45.24627685546875,72.07038879394531,76.86724853515625,0.5886288076875129
2013-07-01,45.49150085449219,72.25679779052734,77.02207946777344,0.5906293515942548
2013-07-02,45.351341247558594,72.48584747314453,76.97323608398438,0.5891832480328151
2013-07-03,45.456451416015625,72.27586364746094,76.7430191040039,0.5923203432277273
2013-07-05,44.9709587097168,71.35974884033203,74.12705993652344,0.6066739831341804
2013-07-08,45.591590881347656,71.94507598876953,74.84557342529297,0.6091421148219922
2013-07-09,45.616641998291016,72.00865936279297,74.92230987548828,0.6088525844184502
2013-07-10,45.796844482421875,71.79874420166016,74.33633422851562,0.6160761753685464
2013-07-11,46.3724365234375,72.6448745727539,75.20826721191406,0.6165869556969589
2013-07-12,46.32733917236328,72.4413070678711,75.14553833007812,0.6165015275939553
2013-07-15,46.52254867553711,72.90573120117188,75.5431900024414,0.6158404043307357
2013-07-16,46.407432556152344,72.79754638671875,75.80128479003906,0.6122248809462222
2013-07-17,46.747779846191406,73.07112121582031,75.94078063964844,0.615582029213228
2013-07-18,47.028072357177734,72.88028717041016,74.99210357666016,0.6271069901260152
2013-07-19,46.998043060302734,73.28099822998047,76.17798614501953,0.6169504529935048
2013-07-22,47.033077239990234,73.44641876220703,76.2895736694336,0.6165072758669071
2013-07-23,46.91798782348633,73.33193969726562,75.96871185302734,0.6175962008445803
2013-07-24,46.52254867553711,72.97565460205078,75.00601196289062,0.6202509299995077
2013-07-25,46.417415618896484,72.8866195678711,74.9781494140625,0.6190792381732309
2013-07-26,46.43746566772461,72.96292877197266,75.43852233886719,0.6155670104343925
2013-07-29,46.33737564086914,72.84205627441406,74.88740539550781,0.618760596606926
2013-07-30,46.40242004394531,72.86116790771484,74.85948944091797,0.6198602260113986
2013-07-31,46.53757858276367,72.86756134033203,75.1315689086914,0.619414438680517
2013-08-01,46.09646224975586,72.28681945800781,73.68389129638672,0.6255975551608296
2013-08-02,46.37812805175781,72.64418029785156,74.49517822265625,0.6225655023354627
2013-08-05,46.14173889160156,72.36976623535156,73.92167663574219,0.6241976777525007
2013-08-06,46.09646224975586,72.41444396972656,74.13851928710938,0.6217613015879419
2013-08-07,45.950592041015625,72.5739974975586,74.69096374511719,0.6152095211653977
2013-08-08,46.05121612548828,72.72711944580078,74.89376068115234,0.6148872176621445
2013-08-09,46.05625915527344,72.72711944580078,75.0126953125,0.6139795265775324
2013-08-12,46.01598358154297,72.68885803222656,74.50218200683594,0.6176461191072333
2013-08-13,46.01598358154297,72.17195129394531,73.42515563964844,0.6267059726420935
2013-08-14,45.92546463012695,72.05071258544922,73.53705596923828,0.6245213929877517
2013-08-15,45.68907928466797,71.54020690917969,72.5439453125,0.629812441105203
2013-08-16,45.53314208984375,71.18285369873047,72.29222869873047,0.6298483655774104
2013-08-19,45.23135757446289,70.79364013671875,71.66277313232422,0.6311695123902599
2013-08-20,45.64884567260742,71.22750854492188,72.2152328491211,0.632122114291057
2013-08-21,45.482845306396484,70.80000305175781,71.42500305175781,0.6367916466652097
2013-08-22,45.72929763793945,71.12543487548828,72.15232849121094,0.6337882448729268
2013-08-23,45.92042541503906,71.60403442382812,72.93557739257812,0.6296025486693672
2013-08-26,45.92546463012695,71.75080108642578,73.29930877685547,0.6265470356608341
2013-08-27,45.628700256347656,72.05713653564453,74.22235870361328,0.6147568071577112
2013-08-28,45.79970932006836,72.06987762451172,73.62094116210938,0.6221016547346203
2013-08-29,45.9858283996582,72.14002227783203,74.20841217041016,0.6196848450827598
2013-08-30,45.94558334350586,72.14002227783203,74.12454986572266,0.6198429997448447
2013-09-03,45.70290756225586,71.8558349609375,73.0789794921875,0.6253906099926002
2013-09-04,45.87481689453125,71.59336853027344,72.91773986816406,0.6291310863100439
2013-09-05,45.64223098754883,71.00434112548828,71.9009780883789,0.6347929082612274
2013-09-06,45.79387664794922,71.10680389404297,72.25861358642578,0.6337497271958713
2013-09-09,45.91018295288086,71.29242706298828,72.29367065429688,0.6350512090113676
2013-09-10,46.07196807861328,70.97869873046875,71.78882598876953,0.6417707413939415
2013-09-11,46.13266372680664,71.31159210205078,72.42692565917969,0.6369546036496663
2013-09-12,46.077030181884766,71.26042938232422,72.3287353515625,0.6370501289414481
2013-09-13,46.0416374206543,71.30523681640625,72.60919189453125,0.6341020498827786
2013-09-16,46.29446792602539,71.38845825195312,72.12539672851562,0.6418608427247975
2013-09-17,46.446109771728516,71.58051300048828,72.7214584350586,0.6386850700086774
2013-09-18,46.891082763671875,72.63046264648438,73.61893463134766,0.6369432401933347
2013-09-19,46.754554748535156,72.16950988769531,73.1842269897461,0.6388610862158314
2013-09-20,46.69895935058594,72.23352813720703,73.5698471069336,0.634756781303475
2013-09-23,46.693885803222656,72.66249084472656,74.10978698730469,0.6300636893103135
2013-09-24,46.59278106689453,72.84809112548828,74.90919494628906,0.6219901455395723
2013-09-25,46.51188278198242,73.07217407226562,75.0633773803711,0.6196348259989855
2013-09-26,46.48659133911133,72.89289855957031,74.53751373291016,0.6236670504691968
2013-09-27,46.4360466003418,72.83524322509766,74.71984100341797,0.6214687555105696
2013-09-30,46.304588317871094,72.67529296875,74.60761260986328,0.6206416034246555
2013-10-01,46.505271911621094,72.60203552246094,74.38124084472656,0.6252285036317486
2013-10-02,46.52558898925781,72.82040405273438,74.49378204345703,0.6245566772555116
2013-10-03,46.55607604980469,72.85894775390625,74.37422180175781,0.625970597365018
2013-10-04,46.63737869262695,72.78829956054688,74.3179702758789,0.6275383802800635
2013-10-07,46.515438079833984,72.91674041748047,74.62030792236328,0.6233616474516527
2013-10-08,46.4951171875,72.90392303466797,74.64134979248047,0.6229136707303224
2013-10-09,46.5357551574707,72.749755859375,74.04380798339844,0.6284894905446329
2013-10-10,46.749141693115234,72.85253143310547,74.16329193115234,0.630354188383569
2013-10-11,46.83551788330078,72.94888305664062,74.14221954345703,0.6316983517852341
2013-10-14,46.90665817260742,72.72407531738281,73.54460906982422,0.6377987287698222
2013-10-15,46.89137268066406,72.73689270019531,73.49540710449219,0.638017728291459
2013-10-16,47.14036178588867,73.27645111083984,74.4164047241211,0.6334673377550145
2013-10-17,47.368995666503906,73.81596374511719,75.09133911132812,0.6308183637033837
2013-10-18,47.465553283691406,73.9122543334961,75.25304412841797,0.6307459563056651
2013-10-21,47.35886764526367,73.7196044921875,75.01399993896484,0.6313337201562005
2013-10-22,47.5011100769043,74.16920471191406,75.85057067871094,0.6262459155134147
2013-10-23,47.541744232177734,74.14990997314453,76.14590454101562,0.6243506399818207
2013-10-24,47.557010650634766,74.07286834716797,75.85057067871094,0.6269828984158539
2013-10-25,47.572261810302734,74.06640625,76.1318359375,0.624866867119255
2013-10-28,47.56209182739258,74.1370620727539,75.87168884277344,0.6268753543361086
2013-10-29,47.63832092285156,74.23980712890625,75.97008514404297,0.6270668360121882
2013-10-30,47.445220947265625,74.09211730957031,75.5131607055664,0.6283040003087598
2013-10-31,47.470619201660156,73.98931121826172,75.67485046386719,0.627297165579814
2013-11-01,47.38892364501953,73.78956604003906,74.8557357788086,0.6330700400173633
2013-11-04,47.47064208984375,73.80890655517578,74.92623138427734,0.6335650574280062
2013-11-05,47.342994689941406,73.49317169189453,74.03097534179688,0.6395025119061507
2013-11-06,47.4808464050293,73.57695770263672,74.06620025634766,0.641059568881557
2013-11-07,47.511478424072266,73.72513580322266,74.69359588623047,0.6360850332662972
2013-11-08,47.429805755615234,73.00341033935547,72.89605712890625,0.650649810479357
2013-11-11,47.25112533569336,72.88098907470703,72.62114715576172,0.6506524226937178
2013-11-12,47.18470764160156,72.93251037597656,72.9594497680664,0.6467251026645464
2013-11-13,47.363433837890625,73.10005950927734,73.22734832763672,0.6467997943333311
2013-11-14,47.50126647949219,73.49957275390625,73.67852783203125,0.6447097665656849
2013-11-15,47.57276153564453,73.49957275390625,73.82652282714844,0.644385780528058
2013-11-18,47.434913635253906,73.82827758789062,74.2706298828125,0.6386766035254962
2013-11-19,47.4144401550293,73.57049560546875,73.70673370361328,0.643285053787493
2013-11-20,47.36849594116211,73.25471496582031,72.45196533203125,0.6537917325511161
2013-11-21,47.531890869140625,73.396484375,72.57176208496094,0.654963990174226
2013-11-22,47.567626953125,73.65428161621094,73.24848937988281,0.6494007911402623
2013-11-25,47.63911437988281,73.78314971923828,73.45999145507812,0.6485042189123428
2013-11-26,47.67484664916992,73.93138122558594,73.7348861694336,0.6465711025798434
2013-11-27,47.644203186035156,73.94424438476562,73.6080551147461,0.6472688771869272
2013-11-29,47.69529342651367,73.88626098632812,73.6291732788086,0.6477771147301606
2013-12-02,47.71066665649414,73.53585052490234,73.05645751953125,0.6530657011906025
2013-12-03,47.664485931396484,73.72335052490234,73.32514190673828,0.6500428733165031
2013-12-04,47.54134750366211,73.484130859375,72.62519073486328,0.6546123600173923
2013-12-05,47.50543212890625,73.32250213623047,72.42019653320312,0.6559693897975825
2013-12-06,47.63883590698242,73.47766876220703,72.76658630371094,0.6546800987495678
2013-12-09,47.81324005126953,73.5875473022461,72.93630981445312,0.6555478358159932
2013-12-10,47.81324005126953,73.88495635986328,73.45951843261719,0.6508787570548474
2013-12-11,47.66960525512695,73.67806243896484,72.89389038085938,0.6539588572658228
2013-12-12,47.58241653442383,73.55525970458984,72.6181640625,0.6552412491931254
2013-12-13,47.65937423706055,73.7556381225586,72.97167205810547,0.6531215866769589
2013-12-16,47.700408935546875,73.81385803222656,72.7030029296875,0.6560995696653531
2013-12-17,47.70553207397461,74.0335922241211,73.02820587158203,0.6532480362158067
2013-12-18,47.78763198852539,74.0335922241211,72.6605453491211,0.6576833652832395
2013-12-19,47.736324310302734,73.92378997802734,72.58985137939453,0.6576170553209486
2013-12-20,47.767112731933594,74.2663803100586,73.70692443847656,0.6480681848529032
2013-12-23,47.803009033203125,74.15000915527344,73.28978729248047,0.6522465243681737
2013-12-24,47.77736282348633,74.13062286376953,72.7030029296875,0.6571580388459711
2013-12-26,47.82220458984375,74.07744598388672,72.42279052734375,0.660319828076607
2013-12-27,47.81705856323242,74.0125961303711,72.21710205078125,0.6621292907822398
2013-12-30,47.85831832885742,74.2330551147461,72.71360778808594,0.6581755435424698
2013-12-31,47.88924026489258,74.04501342773438,72.25250244140625,0.6628038980896024
2014-01-02,47.971710205078125,74.1876449584961,72.47242736816406,0.6619305016703677
2014-01-03,47.956275939941406,74.29794311523438,72.47242736816406,0.6617175342605925
2014-01-06,48.059364318847656,74.4600601196289,72.77748107910156,0.660360369804667
2014-01-07,48.059364318847656,74.40161895751953,72.96183776855469,0.658691800928847
2014-01-08,48.0284538269043,74.08390808105469,72.7632827758789,0.660064417033501
2014-01-09,48.10064697265625,74.25253295898438,73.18885803222656,0.6572126996636092
2014-01-10,48.244998931884766,74.65455627441406,74.06132507324219,0.6514196023926573
2014-01-13,48.19344711303711,74.79719543457031,74.43018341064453,0.6474987015300676
2014-01-14,48.26566696166992,74.57672119140625,74.08972930908203,0.6514488230928581
2014-01-15,48.36358642578125,74.5961685180664,74.01165771484375,0.6534590349552658
2014-01-16,48.34300231933594,74.77125549316406,74.50820922851562,0.6488278650083863
2014-01-17,48.353275299072266,74.85553741455078,74.82032012939453,0.6462585994747141
2014-01-21,48.41516876220703,74.75182342529297,74.8770751953125,0.6465953515935134
2014-01-22,48.34300231933594,74.57019805908203,74.692626953125,0.6472258948620813
2014-01-23,48.281097412109375,74.85553741455078,75.74952697753906,0.6373782033837054
2014-01-24,47.96142578125,74.80371856689453,76.23896789550781,0.6290933246497427
2014-01-27,47.94597244262695,74.66104888916016,75.70694732666016,0.6333100743812822
2014-01-28,48.15735626220703,75.02415466308594,75.89143371582031,0.6345558899642735
2014-01-29,48.01299285888672,75.17330932617188,76.5156021118164,0.6274928450373131
2014-01-30,48.0954704284668,75.21219635009766,76.29570007324219,0.6303824512036224
2014-01-31,48.08003234863281,75.43917083740234,76.8064956665039,0.6259891423428267
2014-02-03,47.935977935791016,75.9256362915039,77.7423095703125,0.6166008985420772
2014-02-04,47.992958068847656,75.56137084960938,76.91739654541016,0.6239545307609805
2014-02-05,47.992958068847656,75.32075500488281,76.20626068115234,0.6297771028242759
2014-02-06,48.16394805908203,75.24925994873047,75.8791275024414,0.6347456757134214
2014-02-07,48.40747833251953,75.4833984375,75.943115234375,0.637417601096884
2014-02-10,48.43855667114258,75.51590728759766,76.15643310546875,0.6360402489446979
2014-02-11,48.52149200439453,75.35983276367188,75.71553039550781,0.6408393595202669
2014-02-12,48.44374084472656,75.1321792602539,75.32440185546875,0.6431347564854166
2014-02-13,48.58370590209961,75.4443130493164,75.75112915039062,0.641359494531694
2014-02-14,48.661415100097656,75.58744049072266,75.79379272460938,0.6420237509014093
2014-02-18,48.728763580322266,75.74354553222656,75.9644546508789,0.6414679576687842
2014-02-19,48.60438919067383,75.65897369384766,75.64442443847656,0.6425376298580334
2014-02-20,48.75465774536133,75.56137084960938,75.45951080322266,0.6461035491271586
2014-02-21,48.79612731933594,75.63947296142578,75.8577880859375,0.6432579772040803
2014-02-24,48.904937744140625,75.67849731445312,75.665771484375,0.6463284095932268
2014-02-25,48.961936950683594,75.97111511230469,76.34130859375,0.6413557463526642
2014-02-26,49.04481887817383,76.21833801269531,76.74674224853516,0.6390475665970035
2014-02-27,49.13813400268555,76.348388671875,77.1662826538086,0.6367824432224389
2014-02-28,49.18992233276367,76.30281066894531,77.20891571044922,0.6371015818592367
2014-03-03,49.144615173339844,76.5024642944336,77.7243423461914,0.6322937408006
2014-03-04,49.32169723510742,76.09149169921875,76.55522155761719,0.6442630069065478
2014-03-05,49.23311996459961,76.05239868164062,76.71919250488281,0.6417314671484082
2014-03-06,49.16025924682617,75.82406616210938,75.96356201171875,0.6471557934479469
2014-03-07,48.972801208496094,75.55009460449219,75.48591613769531,0.6487673954855878
2014-03-10,48.97798156738281,75.43273162841797,75.59291076660156,0.6479176561755345
2014-03-11,48.925907135009766,75.45879364013672,75.79244995117188,0.6455248137054487
2014-03-12,49.00925827026367,75.72621154785156,76.31999206542969,0.6421549183108887
2014-03-13,48.87907409667969,75.99365234375,77.34654998779297,0.6319489893782452
2014-03-14,48.84261703491211,75.90887451171875,77.36078643798828,0.6313614336646373
2014-03-17,48.91029357910156,75.81098937988281,76.78335571289062,0.6369908312159162
2014-03-18,49.05611801147461,76.04582214355469,77.06139373779297,0.6365848790432164
2014-03-19,48.80617904663086,75.49793243408203,76.46257019042969,0.6383015758570407
2014-03-20,48.972801208496094,75.60228729248047,76.32710266113281,0.6416174530549024
2014-03-21,48.9415283203125,75.86321258544922,77.15406799316406,0.6343350336971055
2014-03-24,48.957191467285156,76.00669860839844,77.70293426513672,0.6300558908140355
2014-03-25,49.05611801147461,76.03284454345703,77.41069030761719,0.6337124474221038
2014-03-26,49.06650924682617,76.32630920410156,78.01661682128906,0.6289238273331147
2014-03-27,48.99362564086914,76.34588623046875,78.40872192382812,0.6248491805345976
2014-03-28,49.07693862915039,76.28722381591797,77.96672058105469,0.629460085834054
2014-03-31,49.14980697631836,76.28068542480469,77.77428436279297,0.6319544741427606
2014-04-01,49.24141311645508,76.09098815917969,77.10958862304688,0.6385900119007712
2014-04-02,49.189083099365234,75.98628234863281,76.66643524169922,0.6415986727997895
2014-04-03,49.20998764038086,76.13021087646484,77.00235748291016,0.6390711823505207
2014-04-04,49.32508087158203,76.43116760253906,77.51696014404297,0.6363134052202971
2014-04-07,49.220481872558594,76.6142807006836,77.9815444946289,0.6311811620498069
2014-04-08,49.33556365966797,76.81712341308594,78.1673583984375,0.6311530115702892
2014-04-09,49.41407012939453,76.88255310058594,77.78141021728516,0.6352940887977546
2014-04-10,49.27275466918945,76.98721313476562,78.50328826904297,0.6276521118494306
2014-04-11,49.06352996826172,77.0395278930664,79.13935852050781,0.6199637056136564
2014-04-14,49.220481872558594,77.09191131591797,78.9321060180664,0.6235799898876732
2014-04-15,49.27275466918945,77.25541687011719,79.42524719238281,0.6203663999917006
2014-04-16,49.29893493652344,77.2881088256836,79.52527618408203,0.6199152936282569
2014-04-17,49.24141311645508,76.84329223632812,78.6533203125,0.6260563816099874
2014-04-21,49.24141311645508,76.94792175292969,78.58898162841797,0.6265689171196648
2014-04-22,49.29370880126953,76.98721313476562,78.85348510742188,0.6251303760907568
2014-04-23,49.30941390991211,77.15731048583984,79.30374908447266,0.6217791022387703
2014-04-24,49.319889068603516,77.1703872680664,79.45381927490234,0.6207365425438088
2014-04-25,49.3041877746582,77.15731048583984,79.56817626953125,0.6196470760828293
2014-04-28,49.29370880126953,77.06575775146484,79.18221282958984,0.6225351255004181
2014-04-29,49.3669548034668,77.07881927490234,79.07505798339844,0.6243050092208752
2014-04-30,49.356468200683594,77.29463958740234,79.40381622314453,0.621588111860765
2014-05-01,49.305484771728516,77.61884307861328,80.25562286376953,0.6143555181849683
2014-05-02,49.42111587524414,77.78286743164062,80.75,0.6120262027894011
2014-05-05,49.40010452270508,77.58600616455078,80.26283264160156,0.6154792062135642
2014-05-06,49.410606384277344,77.71722412109375,80.58523559570312,0.6131471356883638
2014-05-07,49.48420715332031,77.7303695678711,80.29861450195312,0.6162523159364934
2014-05-08,49.47370147705078,77.75003051757812,79.95478057861328,0.6187710243092615
2014-05-09,49.52096939086914,77.66474151611328,79.69682312011719,0.6213669184307672
2014-05-12,49.57352066040039,77.4678955078125,79.37440490722656,0.6245529742029854
2014-05-13,49.65237045288086,77.75657653808594,80.06221008300781,0.6201723684794825
2014-05-14,49.67864990234375,78.14371490478516,80.9291000366211,0.613853976874372
2014-05-15,49.631351470947266,78.28150177001953,81.57389068603516,0.6084220214770727
2014-05-16,49.73118209838867,78.18964385986328,81.3446273803711,0.6113640654574942
2014-05-19,49.80479049682617,78.11748504638672,80.74281311035156,0.6168324904503605
2014-05-20,49.741695404052734,78.11748504638672,80.92196655273438,0.6146871797985481
2014-05-21,49.73641586303711,77.97315216064453,80.4276123046875,0.6183997564744113
2014-05-22,49.77326202392578,77.94688415527344,80.31295776367188,0.6197413644058297
2014-05-23,49.78902053833008,78.03217315673828,80.74281311035156,0.6166371794636781
2014-05-27,49.836299896240234,78.30773162841797,81.21569061279297,0.6136289615985867
2014-05-28,49.852073669433594,78.68170928955078,82.21868133544922,0.6063351158119279
2014-05-29,49.899356842041016,78.45208740234375,81.78164672851562,0.6101534859977588
2014-05-30,49.951927185058594,78.46519470214844,81.74586486816406,0.6110636576616902
2014-06-02,49.79301834106445,78.02964782714844,81.13816833496094,0.613681814155639
2014-06-03,49.79827117919922,77.67436981201172,80.13972473144531,0.621393089957287
2014-06-04,49.79827117919922,77.63482666015625,80.11821746826172,0.6215598992691825
2014-06-05,49.919734954833984,77.79936218261719,80.15406799316406,0.6227972728607035
2014-06-06,50.062255859375,77.9638671875,80.15406799316406,0.6245753598388114
2014-06-09,50.12030029296875,77.8058853149414,80.0391845703125,0.6261970378888514
2014-06-10,50.09395217895508,77.66117095947266,79.74469757080078,0.6281790978576288
2014-06-11,50.09917068481445,77.72039031982422,79.88832092285156,0.6271150789762548
2014-06-12,50.06752014160156,77.97039794921875,80.59950256347656,0.6211889471919585
2014-06-13,50.1255989074707,77.95724487304688,80.55633544921875,0.6222427898184243
2014-06-16,50.09917068481445,77.95065307617188,80.75747680664062,0.6203657254518734
2014-06-17,50.062255859375,77.68746185302734,80.11821746826172,0.6248548387787936
2014-06-18,50.28926086425781,78.13491821289062,80.73590087890625,0.6228859815373264
2014-06-19,50.27869415283203,77.8585433959961,79.70156860351562,0.6308369462958631
2014-06-20,50.32622146606445,78.0099105834961,80.30490112304688,0.6266892899718822
2014-06-23,50.32093048095703,78.00333404541016,80.0535659790039,0.6285907425305074
2014-06-24,50.27869415283203,78.33229064941406,80.865234375,0.6217590852414077
2014-06-25,50.35261917114258,78.41120910644531,81.0735092163086,0.621073636233002
2014-06-26,50.29979705810547,78.55599975585938,81.4614028930664,0.6174678470015245
2014-06-27,50.29979705810547,78.5428695678711,81.33928680419922,0.6183948622415103
2014-06-30,50.25760269165039,78.47050476074219,81.5403823852539,0.6163523057102953
2014-07-01,50.270843505859375,78.1669692993164,80.85771179199219,0.6217198383647309
2014-07-02,50.302677154541016,77.88987731933594,79.9935302734375,0.6288343192579966
2014-07-03,50.22842025756836,77.8106689453125,79.70542907714844,0.6301756459895761
2014-07-07,50.19130325317383,77.94927978515625,80.28876495361328,0.6251348277952934
2014-07-08,50.201908111572266,78.23956298828125,81.18901824951172,0.6183337253480606
2014-07-09,50.16478729248047,78.36490631103516,81.25382232666016,0.6173837224642282
2014-07-10,50.01102066040039,78.30554962158203,81.275390625,0.6153279642930094
2014-07-11,50.095855712890625,78.54967498779297,81.79389190673828,0.6124645073743418
2014-07-14,50.07997512817383,78.38471984863281,81.44100952148438,0.6149233097971678
2014-07-15,50.00043487548828,78.2989730834961,81.275390625,0.6151977184113138
2014-07-16,49.92087936401367,78.48368835449219,81.7074966430664,0.6109706136523753
2014-07-17,49.57093048095703,78.78059387207031,82.73728942871094,0.5991365057187293
2014-07-18,49.77773666381836,78.67501831054688,82.47080993652344,0.6035800630808834
2014-07-21,49.692893981933594,78.67501831054688,82.88128662109375,0.599567115905347
2014-07-22,49.76182174682617,78.73439025878906,83.05415344238281,0.599149105545305
2014-07-23,49.85722732543945,78.8268051147461,82.94609832763672,0.6010798377580537
2014-07-24,49.947391510009766,78.51666259765625,82.3268051147461,0.6066965849141565
2014-07-25,49.86256408691406,78.8201904296875,83.29900360107422,0.5985973652903459
2014-07-28,49.714073181152344,78.7278060913086,83.18376159667969,0.5976415616090233
2014-07-29,49.64517593383789,78.8004150390625,83.4862060546875,0.5946512397666975
2014-07-30,49.43839645385742,78.43749237060547,82.3268051147461,0.6005139685057714
2014-07-31,49.03540802001953,78.2197494506836,82.08197784423828,0.5973955465969751
2014-08-01,49.030582427978516,78.62271118164062,82.71732330322266,0.592748658563862
2014-08-04,49.32892990112305,78.64259338378906,82.50077056884766,0.5979208383266869
2014-08-05,49.23305892944336,78.72196197509766,82.76792907714844,0.5948325574698499
2014-08-06,49.350215911865234,78.58303833007812,82.81842803955078,0.5958844798200895
2014-08-07,49.38221740722656,78.78816986083984,83.59098052978516,0.5907601166328068
2014-08-08,49.53668975830078,78.76829528808594,83.41053771972656,0.5938900660819667
2014-08-11,49.77107238769531,78.80135345458984,83.40328979492188,0.5967519088284896
2014-08-12,49.760459899902344,78.7616958618164,82.86177062988281,0.6005237339444084
2014-08-13,49.90427017211914,78.92048645019531,83.40328979492188,0.5983489415684612
2014-08-14,50.0001335144043,79.0064926147461,84.07481384277344,0.5947100115845455
2014-08-15,50.10137176513672,79.28441619873047,84.99181365966797,0.5894846763213836
2014-08-18,50.24518585205078,79.10578155517578,84.1469955444336,0.597112059996473
2014-08-19,50.229217529296875,79.05282592773438,83.88709259033203,0.5987717058522276
2014-08-20,50.266502380371094,78.87413787841797,83.74987030029297,0.6001979728462368
2014-08-21,50.266502380371094,79.14551544189453,84.21917724609375,0.5968534011379523
2014-08-22,50.143985748291016,79.24471282958984,84.68851470947266,0.5920990103594562
2014-08-25,50.25050735473633,79.3704605102539,85.00626373291016,0.5911388778669713
2014-08-26,50.28778076171875,79.42342376708984,84.73188018798828,0.5934930353268335
2014-08-27,50.2398796081543,79.55571746826172,85.45389556884766,0.5879179559190197
2014-08-28,50.16529846191406,79.72772979736328,85.90159606933594,0.5839856388864169
2014-08-29,50.202571868896484,79.78731536865234,85.95933532714844,0.584026989946269
2014-09-02,50.261436462402344,79.40776824951172,84.47651672363281,0.5949752476991207
2014-09-03,50.133026123046875,79.51397705078125,84.94686889648438,0.5901692054611054
2014-09-04,49.96711730957031,78.94986724853516,83.9119873046875,0.5954705509254343
2014-09-05,49.90824890136719,78.96319580078125,83.75281524658203,0.5958993587789152
2014-09-08,49.86005783081055,78.83045959472656,83.78895568847656,0.5950671830329037
2014-09-09,49.629981994628906,78.6180648803711,83.72380065917969,0.5927822387884795
2014-09-10,49.65139389038086,78.49205780029297,83.19552612304688,0.5968036528424141
2014-09-11,49.65139389038086,78.43231964111328,82.9205322265625,0.5987828654393959
2014-09-12,49.59252166748047,78.05412292480469,82.05209350585938,0.6044028805180827
2014-09-15,49.50154113769531,78.07403564453125,82.17516326904297,0.6023905419649289
2014-09-16,49.60322570800781,78.06073760986328,81.84227752685547,0.6060831541709133
2014-09-17,49.76374435424805,77.848388671875,81.63237762451172,0.6096079252174753
2014-09-18,49.77980422973633,77.98772430419922,81.89289855957031,0.6078647246015555
2014-09-19,49.854713439941406,78.29297637939453,82.93500518798828,0.6011299248964418
2014-09-22,49.76374435424805,78.365966796875,83.03634643554688,0.5993007458833085
2014-09-23,49.5122184753418,78.49205780029297,83.5501480102539,0.592604796693661
2014-09-24,49.36237335205078,78.30628204345703,83.08698272705078,0.5941047770889841
2014-09-25,49.025245666503906,78.5385513305664,84.07123565673828,0.5831393494283029
2014-09-26,48.99311828613281,78.365966796875,83.94821166992188,0.5836112206746
2014-09-29,48.89146423339844,78.33280944824219,84.6211929321289,0.5777685534711408
2014-09-30,49.20720291137695,78.44561767578125,84.14359283447266,0.5848003544153076
2014-10-01,49.26148223876953,78.92137908935547,85.77521514892578,0.5743090489862381
2014-10-02,49.35823059082031,78.91468048095703,85.02796173095703,0.5804941055390481
2014-10-03,49.52482223510742,79.14102172851562,85.39071655273438,0.5799789981212137
2014-10-06,49.57855987548828,79.18091583251953,85.44144439697266,0.5802635971969236
2014-10-07,49.39046096801758,79.46707916259766,86.59500885009766,0.5703615211070202
2014-10-08,49.626956939697266,79.87297821044922,86.6167984008789,0.572948410191916
2014-10-09,49.10025405883789,79.54027557373047,86.23956298828125,0.5693472039684376
2014-10-10,48.70253372192383,79.60681915283203,87.09558868408203,0.5591848503209544
2014-10-13,48.46070098876953,79.8130874633789,87.62521362304688,0.5530451679951576
2014-10-14,48.62193298339844,79.99276733398438,88.1983871459961,0.5512791623152228
2014-10-15,48.632667541503906,80.05270385742188,88.89481353759766,0.5470810456330497
2014-10-16,48.90678405761719,79.87297821044922,88.32899475097656,0.5536889013114968
2014-10-17,49.32059097290039,79.83972930908203,87.83561706542969,0.5615101552273601
2014-10-20,49.67530822753906,79.9861068725586,88.15486145019531,0.563500496856932
2014-10-21,50.078399658203125,79.93949890136719,87.45110321044922,0.5726445730214578
2014-10-22,49.750545501708984,79.80644989013672,87.54542541503906,0.568282640307583
2014-10-23,49.72904968261719,79.65338134765625,86.76917266845703,0.5731188641458035
2014-10-24,49.86878967285156,79.68663024902344,86.85626220703125,0.5741530708975702
2014-10-27,49.6645622253418,79.78645324707031,87.01581573486328,0.570753279802254
2014-10-28,49.74516296386719,79.5202865600586,86.47169494628906,0.5752768347465127
2014-10-29,49.70751190185547,79.3739242553711,86.66756439208984,0.5735422732889477
2014-10-30,49.68606185913086,79.4271011352539,86.74009704589844,0.5728153824042822
2014-10-31,49.72904968261719,79.41387939453125,86.51521301269531,0.5748012164672115
2014-11-03,49.8337516784668,79.25697326660156,86.51519775390625,0.5760115329126292
2014-11-04,49.677207946777344,79.3704605102539,86.78433227539062,0.5724213881042244
2014-11-05,49.66646194458008,79.22359466552734,86.66069030761719,0.5731140816935607
2014-11-06,49.79597473144531,78.98338317871094,86.1006851196289,0.5783458594116694
2014-11-07,49.84455871582031,79.48390197753906,87.08976745605469,0.5723354209318766
2014-11-10,49.866146087646484,79.0835189819336,86.28982543945312,0.5778913775023916
2014-11-11,49.97950744628906,79.07683563232422,86.34796142578125,0.5788151407517362
2014-11-12,49.817596435546875,79.07012939453125,86.27523040771484,0.577426408485049
2014-11-13,49.61245346069336,78.98338317871094,86.47887420654297,0.5736944879994714
2014-11-14,49.36418151855469,79.0835189819336,86.90067291259766,0.5680529259906174
2014-11-17,49.35873794555664,78.89664459228516,86.68252563476562,0.5694197023461025
2014-11-18,49.2615966796875,78.96343231201172,86.92247009277344,0.5667302899596616
2014-11-19,49.25077819824219,78.54298400878906,86.3697738647461,0.5702316446418888
2014-11-20,49.25620651245117,78.84325408935547,86.8206787109375,0.5673326590367459
2014-11-21,49.526084899902344,79.18360900878906,87.34428405761719,0.5670214763822686
2014-11-24,49.52069091796875,79.31038665771484,87.41703796386719,0.5664878617648604
2014-11-25,49.601646423339844,79.6507339477539,88.14430236816406,0.5627323047627291
2014-11-26,49.66646194458008,79.92430114746094,88.38427734375,0.5619377499848075
2014-11-28,49.19140625,80.13787841796875,89.08248138427734,0.5522006738654012
2014-12-01,48.69633102416992,79.86013793945312,88.5627212524414,0.5498513407843993
2014-12-02,48.962039947509766,79.3248062133789,87.7026138305664,0.5582734403115971
2014-12-03,49.04338073730469,79.4051284790039,88.04522705078125,0.5570248652890436
2014-12-04,49.01084518432617,79.53223419189453,88.78143310546875,0.5520393563156755
2014-12-05,48.972862243652344,79.20433807373047,88.26390075683594,0.5548458862992122
2014-12-08,48.72342300415039,79.57909393310547,89.34268188476562,0.5453543813134462
2014-12-09,48.69633102416992,79.64604949951172,89.80189514160156,0.5422639572069665
2014-12-10,48.13776397705078,79.61922454833984,90.4579086303711,0.5321564991486948
2014-12-11,47.96426010131836,79.53888702392578,90.82968139648438,0.528068131076532
2014-12-12,47.313499450683594,79.66606903076172,92.0615005493164,0.5139336114268335
2014-12-15,47.28636932373047,79.85342407226562,91.8719711303711,0.5146985390857529
2014-12-16,47.118289947509766,79.82671356201172,93.0090560913086,0.5065989477546459
2014-12-17,48.078125,79.84678649902344,92.1708755493164,0.5216194889488232
2014-12-18,48.46315002441406,79.92704010009766,90.5307846069336,0.5353223241666499
2014-12-19,48.929508209228516,79.88690185546875,91.74810791015625,0.5333026404985095
2014-12-22,48.81017303466797,80.14122009277344,91.8719711303711,0.5312847045091021
2014-12-23,48.983707427978516,79.53223419189453,90.04969024658203,0.5439630863120904
2014-12-24,49.15034484863281,79.78857421875,90.53985595703125,0.5428586596377928
2014-12-26,48.99785232543945,79.84894561767578,90.87589263916016,0.5391732713976704
2014-12-29,49.025108337402344,80.00328826904297,91.55521392822266,0.5354704143429448
2014-12-30,48.92707824707031,80.07038116455078,91.80353546142578,0.5329541830949267
2014-12-31,48.796363830566406,80.12408447265625,91.9788818359375,0.5305170366998412
2015-01-02,48.796363830566406,80.4059066772461,93.00151062011719,0.5246835616454089
2015-01-05,48.344337463378906,80.73468780517578,94.46243286132812,0.5117837430076454
2015-01-06,48.159217834472656,81.0634765625,96.16434478759766,0.5008011851049784
2015-01-07,48.458736419677734,81.17082977294922,95.97445678710938,0.5049128491257726
2015-01-08,48.8236083984375,80.90911865234375,94.70346069335938,0.5155419669036553
2015-01-09,49.06868362426758,81.1238784790039,95.74073791503906,0.512516246405072
2015-01-12,49.00876235961914,81.2781753540039,96.28852844238281,0.5089782049057384
2015-01-13,49.00876235961914,81.35199737548828,96.28852844238281,0.5089782049057384
2015-01-14,48.8944091796875,81.49286651611328,97.01901245117188,0.5039672940836754
2015-01-15,48.594886779785156,81.91563415527344,98.5456314086914,0.49312065979110714
2015-01-16,48.780059814453125,81.4593505859375,97.28927612304688,0.5013919494349861
2015-01-20,48.692928314208984,81.6472396850586,98.5821762084961,0.49393237385251076
2015-01-21,48.95429611206055,81.6136474609375,97.44266510009766,0.502390775763085
2015-01-22,49.0196533203125,81.57343292236328,97.092041015625,0.5048781837063635
2015-01-23,49.0196533203125,82.04984283447266,98.4433822631836,0.4979476750327497
2015-01-26,49.242950439453125,82.02970123291016,98.14387512207031,0.501742471226098
2015-01-27,49.204856872558594,82.09009552001953,98.2972640991211,0.5005719876693755
2015-01-28,49.10131072998047,82.64704895019531,99.9043197631836,0.4914833597423194
2015-01-29,49.2756462097168,82.45242309570312,99.24690246582031,0.49649555790103234
2015-01-30,49.13949966430664,83.13017272949219,101.00727081298828,0.4864946777473757
2015-02-02,49.32814407348633,83.20750427246094,100.62596130371094,0.49021289768952675
2015-02-03,49.60700225830078,82.53472137451172,98.49598693847656,0.5036449077797124
2015-02-04,49.399200439453125,82.6490707397461,98.66431427001953,0.5006795091512001
2015-02-05,49.689029693603516,82.38672637939453,97.58114624023438,0.5092072762834167
2015-02-06,49.727294921875,81.52547454833984,95.85374450683594,0.5187830186261386
2015-02-09,49.60700225830078,81.57926940917969,95.7000503540039,0.518359207490483
2015-02-10,49.77652359008789,81.35723876953125,94.93879699707031,0.5243011831256291
2015-02-11,49.760108947753906,81.41106414794922,95.114501953125,0.5231600641958577
2015-02-12,49.754642486572266,81.61966705322266,94.79981994628906,0.5248389977403107
2015-02-13,49.82573318481445,81.29674530029297,93.8263168334961,0.5310421944115642
2015-02-17,49.79290771484375,80.91998291015625,92.41371154785156,0.5388043276355275
2015-02-18,49.962406158447266,81.2092514038086,92.96261596679688,0.5374462157593775
2015-02-19,49.84758377075195,81.19578552246094,92.34779357910156,0.539780993555135
2015-02-20,49.98430252075195,81.31689453125,92.61861419677734,0.5396787994965612
2015-02-23,50.022613525390625,81.5927734375,93.67991638183594,0.5339737209147398
2015-02-24,50.07178497314453,82.12427520751953,94.90957641601562,0.5275735796529707
2015-02-25,50.23583984375,82.19827270507812,95.31941986083984,0.527026286113481
2015-02-26,50.224876403808594,81.75425720214844,94.01657104492188,0.5342130205941115
2015-02-27,50.23583984375,81.9493637084961,94.8071060180664,0.5298742040937003
2015-03-02,50.226524353027344,81.23893737792969,93.0411605834961,0.5398312320916671
2015-03-03,50.083717346191406,81.1917495727539,92.70381927490234,0.5402551668089747
2015-03-04,49.99037170410156,81.13777923583984,92.73316192626953,0.5390776143689353
2015-03-05,50.083717346191406,81.2457046508789,92.6158447265625,0.540768347943678
2015-03-06,49.76518630981445,80.38219451904297,90.56977081298828,0.549467950101932
2015-03-09,49.6608772277832,80.70598602294922,91.40579223632812,0.5433012067701996
2015-03-10,49.46864700317383,80.83416748046875,92.60847473144531,0.5341697630441233
2015-03-11,49.60593032836914,81.2457046508789,93.28318786621094,0.5317778204526543
2015-03-12,49.704795837402344,81.16477966308594,93.21717071533203,0.5332150231119069
2015-03-13,49.53453063964844,80.93537902832031,92.93116760253906,0.5330238704360695
2015-03-16,49.48512268066406,81.01634979248047,93.82586669921875,0.5274145011556404
2015-03-17,49.23801803588867,81.15128326416016,94.60321807861328,0.5204687434096895
2015-03-18,49.677364349365234,82.14974212646484,96.42926788330078,0.5151689465223883
2015-03-19,49.28194046020508,81.73143768310547,95.93794250488281,0.5136856094000228
2015-03-20,49.66636657714844,81.9608154296875,96.44392395019531,0.5149766262392713
2015-03-23,49.704795837402344,82.14974212646484,96.32661437988281,0.5160027283984234
2015-03-24,49.78168869018555,82.27116394042969,97.2579574584961,0.5118520889298894
2015-03-25,49.6498908996582,82.00130462646484,96.43659973144531,0.5148448933073357
2015-03-26,49.6444091796875,81.4953384399414,94.93324279785156,0.5229402021523593
2015-03-27,49.68284606933594,81.81916809082031,96.11392211914062,0.516916227887883
2015-03-30,49.82012176513672,81.9608154296875,95.63728332519531,0.5209278226330775
2015-03-31,49.75969696044922,82.1092300415039,95.84255981445312,0.5191816355571236
2015-04-01,49.862308502197266,82.34532165527344,97.10147857666016,0.5135072012609131
2015-04-02,49.900943756103516,82.21006774902344,96.0726089477539,0.5194086462587957
2015-04-06,50.02780532836914,82.31826782226562,95.5361557006836,0.5236531129126349
2015-04-07,50.29258728027344,82.61589813232422,96.3371353149414,0.5220477764452822
2015-04-08,50.281551361083984,82.58885955810547,96.3665771484375,0.5217737606642725
2015-04-09,50.231903076171875,82.1694564819336,95.11723327636719,0.5281051744873712
2015-04-10,50.347747802734375,82.284423828125,95.2568588256836,0.5285472187873508
2015-04-13,50.25395965576172,82.25739288330078,95.38916778564453,0.5268308847047581
2015-04-14,50.27606201171875,82.4468002319336,96.06526184082031,0.5233531981105298
2015-04-15,50.47464370727539,82.5008773803711,95.98443603515625,0.5258627939303412
2015-04-16,50.36982727050781,82.45357513427734,95.50674438476562,0.5273955006526466
2015-04-17,50.215370178222656,82.6767807006836,96.60175323486328,0.5198184142283256
2015-04-20,50.32570266723633,82.4805908203125,95.74921417236328,0.5255991195566612
2015-04-21,50.35878372192383,82.46028900146484,95.31566619873047,0.5283369012700093
2015-04-22,50.30915069580078,81.9259033203125,93.86051940917969,0.535999065554718
2015-04-23,50.29258728027344,82.13557434082031,94.26478576660156,0.5335246547400772
2015-04-24,50.37533950805664,82.29121398925781,94.8526611328125,0.5310904186179994
2015-04-27,50.39191436767578,82.23033142089844,94.8526611328125,0.5312651618399733
2015-04-28,50.314640045166016,81.74324035644531,93.54457092285156,0.5378680937738407
2015-04-29,50.22088623046875,81.06680297851562,92.39815521240234,0.5435269363876623
2015-04-30,50.193302154541016,81.13445281982422,92.55979919433594,0.5422797217737755
2015-05-01,50.30520248413086,80.68677520751953,91.31381225585938,0.5509046357978872
2015-05-04,50.29414367675781,80.4289779663086,90.45225524902344,0.5560297367743168
2015-05-05,50.2276496887207,80.29335021972656,90.32703399658203,0.5560644191042663
2015-05-06,50.078041076660156,79.94734954833984,88.78060150146484,0.5640651249229697
2015-05-07,50.07248306274414,80.26618194580078,89.97357940673828,0.5565242973871741
2015-05-08,50.46588134765625,80.72747802734375,90.21659088134766,0.559385816451751
2015-05-11,50.15009307861328,79.91348266601562,88.0220718383789,0.5697445201096382
2015-05-12,50.14456558227539,79.79817199707031,88.25041961669922,0.5682076731200807
2015-05-13,50.07248306274414,79.7235336303711,87.54344940185547,0.5719729277846215
2015-05-14,50.31629943847656,79.99488067626953,87.77912139892578,0.5732148902448723
2015-05-15,50.4271125793457,80.55107116699219,89.53910064697266,0.5631853817492041
2015-05-18,50.3440055847168,79.93382263183594,88.03688049316406,0.5718513116627972
2015-05-19,50.26644515991211,79.50645446777344,87.25624084472656,0.576078509379768
2015-05-20,50.205474853515625,79.6014633178711,87.40351867675781,0.5744102252815386
2015-05-21,50.27751159667969,79.9813232421875,88.62593841552734,0.5673001888109883
2015-05-22,50.31629943847656,79.92706298828125,88.66278839111328,0.5675018838401409
2015-05-26,50.21101379394531,80.2798080444336,90.17977905273438,0.5567879442749959
2015-05-27,50.32184600830078,80.36116027832031,90.385986328125,0.5567438941875258
2015-05-28,50.29966735839844,80.19163513183594,90.16506958007812,0.5578620145546042
2015-05-29,50.371734619140625,80.22550964355469,90.36384582519531,0.5574323907880417
2015-06-01,50.45632553100586,79.7758560180664,89.39265441894531,0.5644348057340208
2015-06-02,50.3616943359375,79.36775207519531,88.14552307128906,0.5713471607083969
2015-06-03,50.088993072509766,78.85755157470703,86.728515625,0.577537764961716
2015-06-04,49.9276123046875,79.26567840576172,87.857666015625,0.568278382171092
2015-06-05,49.77733612060547,78.86438751220703,86.78759765625,0.573553566003342
2015-06-08,49.77733612060547,78.8099365234375,86.69165802001953,0.5741883043592324
2015-06-09,49.693851470947266,78.45624542236328,86.00534057617188,0.577799601025185
2015-06-10,49.76063919067383,78.2453842163086,85.25252532958984,0.583685222206581
2015-06-11,49.86081314086914,78.939208984375,87.04581451416016,0.5728111503024427
2015-06-12,49.677146911621094,78.80316162109375,87.04581451416016,0.570701155350093
2015-06-15,49.443389892578125,78.78958129882812,87.18611145019531,0.5671016756014224
2015-06-16,49.7216796875,78.98688507080078,87.87240600585938,0.5658395160385677
2015-06-17,49.677146911621094,78.98001861572266,87.1934585571289,0.5697347912753429
2015-06-18,49.86081314086914,78.83721160888672,86.76544952392578,0.5746620736070744
2015-06-19,49.88864517211914,79.25890350341797,87.87979125976562,0.5676918943133615
2015-06-22,49.98881530761719,78.63310241699219,86.08646392822266,0.5806814802998177
2015-06-23,49.9554557800293,78.45624542236328,85.56989288330078,0.5837971054627585
2015-06-24,49.82182693481445,78.67391967773438,86.30787658691406,0.5772570118167917
2015-06-25,49.67157745361328,78.54469299316406,86.00534057617188,0.5775406169064691
2015-06-26,49.52687072753906,78.18415832519531,85.03856658935547,0.582404816001902
2015-06-29,49.1873893737793,78.86438751220703,87.28939819335938,0.5634978633352667
2015-06-30,49.42112731933594,78.71476745605469,86.68428039550781,0.5701279066267366
2015-07-01,49.429508209228516,78.46231079101562,85.51419067382812,0.5780269662817094
2015-07-02,49.614009857177734,78.76245880126953,85.79522705078125,0.5782840323717746
2015-07-06,49.451881408691406,79.07630157470703,87.3853988647461,0.5659055408699609
2015-07-07,49.49100875854492,79.40374755859375,88.20636749267578,0.5610820416412048
2015-07-08,49.24505615234375,79.51285552978516,88.96814727783203,0.5535133377405288
2015-07-09,49.35686492919922,78.9875717163086,87.21527862548828,0.5659199363582024
2015-07-10,49.64194869995117,78.48277282714844,85.83219146728516,0.578360494487341
2015-07-13,49.68666458129883,78.312255859375,85.56592559814453,0.580682838804893
2015-07-14,49.63638687133789,78.38048553466797,85.84703063964844,0.5781957337545154
2015-07-15,49.63638687133789,78.58515167236328,86.75672912597656,0.5721329903904346
2015-07-16,49.71464157104492,78.70792388916016,87.35581970214844,0.5691050892837336
2015-07-17,49.58045959472656,78.76245880126953,87.80699157714844,0.5646527537749029
2015-07-20,49.35124206542969,78.57829284667969,87.43714141845703,0.5644196649710255
2015-07-21,49.26182556152344,78.74201965332031,87.91053771972656,0.5603631468911991
2015-07-22,48.943172454833984,78.84431457519531,88.45789337158203,0.5532934437997532
2015-07-23,48.91518020629883,79.07630157470703,89.55984497070312,0.5461731228130196
2015-07-24,48.77547836303711,79.04214477539062,89.78174591064453,0.5432672072514718
2015-07-27,48.56858444213867,79.04898834228516,90.26250457763672,0.5380815064838333
2015-07-28,48.831363677978516,78.9875717163086,89.604248046875,0.5449670606290138
2015-07-29,49.11647415161133,78.91941833496094,89.27144622802734,0.5501924324845416
2015-07-30,49.26182556152344,78.96033477783203,89.95928192138672,0.5476013648549594
2015-07-31,49.17795181274414,79.36963653564453,90.62493896484375,0.542653626854544
2015-08-03,49.08586120605469,79.55435180664062,91.5788803100586,0.5359954286388379
2015-08-04,49.11395263671875,79.15070343017578,90.85247802734375,0.5405901270181864
2015-08-05,49.04654312133789,78.84288024902344,90.17056274414062,0.5439307644170712
2015-08-06,48.844398498535156,78.99333953857422,90.9710922241211,0.5369221947802887
2015-08-07,48.69276809692383,79.26702880859375,92.16443634033203,0.5283249161001532
2015-08-10,48.8331413269043,78.95231628417969,91.02296447753906,0.5364925390773712
2015-08-11,48.608558654785156,79.28068542480469,92.4683609008789,0.5256777364842761
2015-08-12,48.54115295410156,79.1575698852539,91.96427917480469,0.5278261667427967
2015-08-13,48.47935485839844,78.88389587402344,91.66783142089844,0.5288589694655536
2015-08-14,48.50743865966797,78.95913696289062,91.88276672363281,0.5279274927100291
2015-08-17,48.50743865966797,79.21228790283203,92.29788208007812,0.5255531065987263
2015-08-18,48.445701599121094,78.9112548828125,91.57147216796875,0.5290479715151633
2015-08-19,48.40081024169922,79.29435729980469,92.47576141357422,0.5233891508634242
2015-08-20,48.16490936279297,79.34229278564453,93.40972900390625,0.515630543803192
2015-08-21,47.99081802368164,79.36274719238281,93.69136810302734,0.5122224063470685
2015-08-24,47.59772872924805,79.14383697509766,93.66175079345703,0.5081874759549455
2015-08-25,47.693206787109375,78.740234375,92.15706634521484,0.5175208877467246
2015-08-26,48.09189987182617,78.6923828125,90.37812042236328,0.5321188319371848
2015-08-27,48.451271057128906,78.76759338378906,90.42997741699219,0.5357877159883565
2015-08-28,48.49622344970703,78.9112548828125,90.69682312011719,0.5347069696749966
2015-08-31,48.42884063720703,78.71287536621094,90.00004577636719,0.5380979556115271
2015-09-01,48.272605895996094,79.18971252441406,90.64854431152344,0.532524887880186
2015-09-02,48.469993591308594,79.07307434082031,89.86859130859375,0.5393429771795434
2015-09-03,48.53770446777344,79.45043182373047,90.30685424804688,0.5374753098414254
2015-09-04,48.486942291259766,79.6288070678711,91.13140106201172,0.532055271028546
2015-09-08,48.75205993652344,79.25833892822266,89.78687286376953,0.5429753635644848
2015-09-09,48.69000244140625,79.42984008789062,90.21772766113281,0.5396944004651832
2015-09-10,48.8084602355957,79.27206420898438,89.60859680175781,0.5446850188221924
2015-09-11,48.79150390625,79.32698822021484,90.17314147949219,0.5410868813675135
2015-09-14,48.70692443847656,79.320068359375,90.31431579589844,0.5393045832130254
2015-09-15,48.69563293457031,78.72315979003906,88.58348846435547,0.5497145549214245
2015-09-16,48.52077102661133,78.86721801757812,88.24925231933594,0.5498150947617733
2015-09-17,48.56026077270508,79.51904296875,89.32634735107422,0.5436275210252521
2015-09-18,48.424922943115234,79.75920867919922,90.70056915283203,0.5338987769913373
2015-09-21,48.334651947021484,79.35436248779297,89.2223129272461,0.5417327836640444
2015-09-22,47.984901428222656,79.69740295410156,90.46282196044922,0.5304378128862914
2015-09-23,47.90028381347656,79.64938354492188,90.4554214477539,0.5295457480251005
2015-09-24,47.66341018676758,79.66312408447266,91.072021484375,0.5233595280955202
2015-09-25,47.42083740234375,79.42302703857422,90.28460693359375,0.5252372360354051
2015-09-28,46.69320297241211,79.56021118164062,91.8296890258789,0.5084761090637397
2015-09-29,46.687564849853516,79.66312408447266,92.08966827392578,0.5069794008919523
2015-09-30,46.98088073730469,79.64938354492188,91.77024841308594,0.5119402153716462
2015-10-01,46.67937469482422,79.63153076171875,92.16182708740234,0.5064935903511927
2015-10-02,46.724693298339844,79.98241424560547,92.7200698852539,0.503932895608946
2015-10-05,47.28583526611328,79.76911926269531,91.4620590209961,0.5169994615500435
2015-10-06,47.5464973449707,79.92737579345703,91.85661315917969,0.5176164862792914
2015-10-07,48.03394317626953,80.20948791503906,91.55142211914062,0.5246662702165398
2015-10-08,48.23231887817383,79.89295196533203,90.7846908569336,0.5312825149581939
2015-10-09,48.237979888916016,79.92737579345703,91.02291107177734,0.5299542644914675
2015-10-12,48.14728927612305,80.25074768066406,91.71517181396484,0.5249653718556517
2015-10-13,48.03394317626953,80.18882751464844,91.87146759033203,0.5228385312234233
2015-10-14,47.99995803833008,80.50536346435547,92.67543029785156,0.517936176655042
2015-10-15,48.11326599121094,80.4709701538086,92.22135925292969,0.5217149951049163
2015-10-16,48.3343505859375,80.49848175048828,92.25110626220703,0.523943316718131
2015-10-19,48.46471405029297,80.49159240722656,91.9980239868164,0.5268016849713871
2015-10-20,48.510032653808594,80.34024810791016,91.43230438232422,0.5305568199502428
2015-10-21,48.459041595458984,80.73928833007812,92.3404541015625,0.5247866936214147
2015-10-22,48.47604751586914,80.91133117675781,92.49674987792969,0.5240837929964481
2015-10-23,48.646080017089844,80.61543273925781,91.70777893066406,0.5304466053405225
2015-10-26,48.595062255859375,80.7599868774414,92.31812286376953,0.5263870272532439
2015-10-27,48.43637466430664,80.78060150146484,92.54885864257812,0.5233600432758114
2015-10-28,48.56673812866211,80.46410369873047,92.17668914794922,0.5268874221627718
2015-10-29,48.44202423095703,79.8998794555664,90.71027374267578,0.5340301845894097
2015-10-30,48.498695373535156,80.10625457763672,91.39505004882812,0.5306490378595401
2015-11-02,48.649017333984375,79.76194763183594,90.97509765625,0.5347509218160447
2015-11-03,48.70026779174805,79.76885986328125,90.22905731201172,0.5397404033973525
2015-11-04,48.55793762207031,79.67915344238281,90.3335189819336,0.5375406401668216
2015-11-05,48.369998931884766,79.69986724853516,90.09477233886719,0.5368790849479486
2015-11-06,48.136531829833984,79.18231964111328,88.77438354492188,0.5422344814760194
2015-11-09,47.937278747558594,79.05119323730469,88.27459716796875,0.5430472671129116
2015-11-10,47.82910919189453,79.25133514404297,88.53567504882812,0.5402241431549079
2015-11-11,47.715248107910156,79.24442291259766,88.34915161132812,0.5400759060802583
2015-11-12,47.396366119384766,79.21685028076172,88.77438354492188,0.5338968768552599
2015-11-13,47.25970458984375,79.45140075683594,89.2816390991211,0.5293328512638046
2015-11-16,47.481754302978516,79.4652328491211,89.19962310791016,0.5323089117264204
2015-11-17,47.51591491699219,79.54800415039062,89.34880828857422,0.531802447364801
2015-11-18,47.6070442199707,79.56873321533203,89.53526306152344,0.5317127865839619
2015-11-19,47.18000793457031,79.80339050292969,90.13209533691406,0.5234540233222282
2015-11-20,47.168601989746094,79.7895736694336,89.8561019897461,0.524934878603222
2015-11-23,47.12871170043945,79.81713104248047,90.13209533691406,0.5228849004815895
2015-11-24,47.19136428833008,79.84477233886719,90.12464904785156,0.5236232793902352
2015-11-25,47.242618560791016,79.92069244384766,90.3335189819336,0.5229799424756095
2015-11-27,47.31663513183594,79.9482192993164,90.24398040771484,0.5243190173800324
2015-11-30,47.288185119628906,79.98275756835938,90.6020736694336,0.5219327020280168
2015-12-01,47.62458038330078,80.5841064453125,91.82586669921875,0.5186401402482593
2015-12-02,47.52731704711914,80.3904037475586,91.85582733154297,0.5174121057728303
2015-12-03,47.40147018432617,79.32464599609375,89.35889434814453,0.530461690804374
2015-12-04,47.292747497558594,79.7536849975586,90.14383697509766,0.5246365041086866
2015-12-07,46.9609260559082,79.8921127319336,91.01852416992188,0.5159491046925477
2015-12-08,46.377323150634766,79.788330078125,91.06332397460938,0.509286517627732
2015-12-09,46.617637634277344,79.76753997802734,90.96622467041016,0.5124719400324999
2015-12-10,46.423057556152344,79.58067321777344,91.08577728271484,0.5096630773876258
2015-12-11,45.49623489379883,79.71912384033203,92.52112579345703,0.49173888129467896
2015-12-14,45.10144805908203,79.130859375,91.32500457763672,0.4938565102478657
2015-12-15,45.839508056640625,79.13782501220703,90.78671264648438,0.5049142844849522
2015-12-16,46.18852233886719,79.12399291992188,90.59237670898438,0.5098499897760879
2015-12-17,45.67361068725586,79.21391296386719,91.61652374267578,0.4985302740315685
2015-12-18,45.501953125,79.21391296386719,92.12490844726562,0.4939158571977995
2015-12-21,45.35893249511719,79.2693099975586,92.10247802734375,0.492483301932993
2015-12-22,45.908164978027344,79.16548156738281,91.43714904785156,0.5020734510653033
2015-12-23,46.19997787475586,79.23469543457031,90.74935150146484,0.5090943032690445
2015-12-24,46.294281005859375,79.49286651611328,91.2692642211914,0.5072275031566488
2015-12-28,46.01821517944336,79.39568328857422,91.53897094726562,0.5027172001524229
2015-12-29,46.28277587890625,78.98628234863281,90.01820373535156,0.5141490716141703
2015-12-30,46.31729507446289,78.98628234863281,89.92829895019531,0.5150469386740502
2015-12-31,46.346065521240234,79.11811065673828,90.33284759521484,0.5130588346878959
2016-01-04,46.06999206542969,79.07645416259766,90.98458862304688,0.5063494022740453
2016-01-05,46.156246185302734,79.11811065673828,90.61750793457031,0.5093524114416113
2016-01-06,46.156246185302734,79.43040466308594,91.83860778808594,0.5025799856614388
2016-01-07,45.85715866088867,79.49286651611328,92.00341796875,0.49842885920243285
2016-01-08,45.73640060424805,79.55529022216797,92.41545867919922,0.49489989291739944
2016-01-11,45.667362213134766,79.29857635498047,91.40411376953125,0.4996204254907133
2016-01-12,45.71339797973633,79.47905731201172,92.72262573242188,0.4930123324123245
2016-01-13,45.20723342895508,79.72188568115234,93.63658142089844,0.4827945739042693
2016-01-14,45.40855407714844,79.32632446289062,92.76009368896484,0.4895268242118048
2016-01-15,44.81039047241211,79.2083511352539,94.20597076416016,0.47566401692937954
2016-01-19,44.65510559082031,78.85445404052734,93.91375732421875,0.4754905656330771
2016-01-20,44.35601806640625,78.97237396240234,94.90262603759766,0.46738451735607073
2016-01-21,44.65510559082031,78.74335479736328,94.25837707519531,0.4737521160076454
2016-01-22,45.33951950073242,78.79197692871094,93.89877319335938,0.48285529148892953
2016-01-25,44.89091873168945,78.70873260498047,94.408203125,0.4754980737452676
2016-01-26,45.29350280761719,78.93069458007812,94.45320892333984,0.47953376411359744
2016-01-27,45.224491119384766,78.71562957763672,94.4306869506836,0.4789173157556637
2016-01-28,45.454551696777344,78.80583190917969,94.5655746459961,0.48066700664523365
2016-01-29,45.60411834716797,79.21529388427734,95.36712646484375,0.4781953702251847
2016-02-01,45.33302688598633,78.96261596679688,95.0751953125,0.4768123456068901
2016-02-02,45.009334564208984,79.10881805419922,96.83902740478516,0.46478507447282474
2016-02-03,45.228981018066406,78.91390991210938,96.03588104248047,0.47095919282564647
2016-02-04,45.084468841552734,78.94873809814453,96.5012435913086,0.46719054764195056
2016-02-05,44.737674713134766,78.934814453125,96.61386108398438,0.4630564829020264
2016-02-08,44.217472076416016,79.34546661376953,98.69288635253906,0.4480309950452517
2016-02-09,44.04984664916992,79.07401275634766,98.79802703857422,0.445857553734057
2016-02-10,43.98625564575195,79.17145538330078,99.6686782836914,0.4413247612309246
2016-02-11,43.69148635864258,79.4359130859375,100.36669158935547,0.4353185869412113
2016-02-12,44.34461212158203,78.99044799804688,98.70040130615234,0.44928502351304905
2016-02-16,44.38511276245117,78.6146240234375,97.65718078613281,0.4544992227417832
2016-02-17,44.749244689941406,78.5937271118164,97.0566635131836,0.46106308490465403
2016-02-18,44.7896728515625,79.23406982421875,98.25008392333984,0.4558741434410365
2016-02-19,44.876407623291016,79.17840576171875,98.33265686035156,0.4563733865853218
2016-02-22,45.26365661621094,79.33847045898438,98.28009796142578,0.4605577075633013
2016-02-23,45.17117691040039,79.49856567382812,98.67791748046875,0.45776378407399093
2016-02-24,45.24630355834961,79.57512664794922,98.48278045654297,0.4594336527522721
2016-02-25,45.48907470703125,80.02056121826172,98.83551788330078,0.4602502792644047
2016-02-26,45.79541015625,79.99275207519531,97.88231658935547,0.4678619361694814
2016-02-29,46.28672790527344,80.04839324951172,98.31011962890625,0.47082363524724763
2016-03-01,47.018272399902344,79.6121597290039,96.57901000976562,0.4868373821097159
2016-03-02,46.698699951171875,79.77268981933594,96.97764587402344,0.481540869860202
2016-03-03,46.8555793762207,80.14964294433594,97.33100891113281,0.48140443524017884
2016-03-04,46.98921585083008,80.13565826416016,96.70690155029297,0.4858930965376145
2016-03-07,47.04730987548828,80.22642517089844,96.67678833007812,0.4866453539484296
2016-03-08,46.71611785888672,80.65219116210938,97.74462890625,0.4779405107128049
2016-03-09,46.83231735229492,80.56148529052734,97.1505355834961,0.4820592812074088
2016-03-10,47.157718658447266,80.89649963378906,96.75199127197266,0.4874082490549011
2016-03-11,47.727142333984375,81.12690734863281,95.77436828613281,0.4983289703503562
2016-03-14,47.593505859375,81.36416625976562,96.07521057128906,0.49537758570989543
2016-03-15,47.151912689208984,81.33629608154297,96.16544342041016,0.490320753610766
2016-03-16,47.46566390991211,81.72723388671875,96.45117950439453,0.49212113479389297
2016-03-17,47.767822265625,81.97853088378906,96.84976959228516,0.49321565210445356
2016-03-18,47.87823486328125,82.16693878173828,97.05279541015625,0.49332154381481064
2016-03-21,47.82591247558594,82.06925201416016,96.30833435058594,0.4965916272779456
2016-03-22,47.698097229003906,81.91567993164062,96.28572845458984,0.4953807588577286
2016-03-23,47.477291107177734,82.32756805419922,97.37615966796875,0.4875658607719265
2016-03-24,47.268104553222656,82.29263305664062,97.41371154785156,0.4852305060772027
2016-03-28,47.053131103515625,82.34146881103516,97.54159545898438,0.48239041900130875
2016-03-29,47.23323059082031,82.7114028930664,98.56427001953125,0.47921250349097794
2016-03-30,47.40174865722656,82.61372375488281,97.52653503417969,0.48603950340913765
2016-03-31,47.46566390991211,82.94178009033203,98.21839904785156,0.483266520021234
2016-04-01,47.500118255615234,83.20921325683594,98.47459411621094,0.48235911690643607
2016-04-04,47.38336181640625,83.2161865234375,98.53487396240234,0.4808791031131392
2016-04-05,47.2082405090332,83.48218536376953,99.61249542236328,0.47391886237632413
2016-04-06,47.60518264770508,83.41220092773438,98.88905334472656,0.48139992281808724
2016-04-07,47.37169647216797,83.63619232177734,100.10982513427734,0.4731972751788178
2016-04-08,47.58769226074219,83.44725799560547,99.47684478759766,0.47837959036950894
2016-04-11,47.65190505981445,83.44023895263672,99.34868621826172,0.4796430317671916
2016-04-12,47.93207550048828,83.11125946044922,98.6629867553711,0.48581618169874546
2016-04-13,48.2473258972168,83.39820098876953,99.0096664428711,0.4872991459379945
2016-04-14,48.22980499267578,83.34220123291016,98.53487396240234,0.48946939345635826
2016-04-15,48.15392303466797,83.69221496582031,99.37885284423828,0.4845489926326897
2016-04-18,48.42827606201172,83.783203125,98.94935607910156,0.48942487329879586
2016-04-19,48.63261413574219,83.93721771240234,98.64038848876953,0.4930294261896499
2016-04-20,48.72601318359375,83.70621490478516,97.55525970458984,0.4994708981467788
2016-04-21,48.57421875,83.6712417602539,96.97501373291016,0.5008941672726518
2016-04-22,48.68513488769531,83.76220703125,96.72636413574219,0.5033284908690706
2016-04-25,48.49832534790039,83.56620788574219,96.32697296142578,0.5034760654974758
2016-04-26,48.66178512573242,83.53118896484375,95.88990020751953,0.5074756050472606
2016-04-27,48.94779586791992,84.06317901611328,96.8469009399414,0.5054141680617574
2016-04-28,48.8661003112793,84.14018249511719,97.24629211425781,0.5024983395137054
2016-04-29,48.94779586791992,84.2312240600586,97.4949722290039,0.5020545649569238
2016-05-02,48.966590881347656,84.12240600585938,96.51336669921875,0.5073555358808557
2016-05-03,48.649906158447266,84.26980590820312,97.72903442382812,0.49780401950421327
2016-05-04,48.468135833740234,84.12945556640625,98.26512145996094,0.4932384462933681
2016-05-05,48.427093505859375,84.29788970947266,98.92202758789062,0.4895481288313938
2016-05-06,48.39776611328125,84.1153793334961,98.49916076660156,0.4913520657090882
2016-05-09,48.30978775024414,84.0311508178711,98.80883026123047,0.4889217656207738
2016-05-10,48.72027587890625,84.17155456542969,98.81632232666016,0.49303874837448547
2016-05-11,48.68510055541992,84.26280975341797,99.37508392333984,0.48991254782714644
2016-05-12,48.761329650878906,84.08734130859375,98.92202758789062,0.4929269126388989
2016-05-13,48.544376373291016,84.24168395996094,99.8810043334961,0.48602210898084824
2016-05-16,48.81413650512695,83.96097564697266,99.02018737792969,0.4929715626452853
2016-05-17,48.71442794799805,83.93292999267578,99.18635559082031,0.49114041601611746
2016-05-18,48.72027587890625,83.21697998046875,97.77433013916016,0.49829311854720665
2016-05-19,48.58540725708008,83.41348266601562,98.19715881347656,0.4947740631617157
2016-05-20,48.755455017089844,83.46963500976562,98.27267456054688,0.4961242302106174
2016-05-23,48.7672119140625,83.46963500976562,98.49169921875,0.49514032452369977
2016-05-24,49.06043243408203,83.32926940917969,98.05374145507812,0.5003422786937544
2016-05-25,49.13664245605469,83.4766845703125,97.68374633789062,0.5030175878604181
2016-05-26,48.99592971801758,83.71532440185547,98.18962097167969,0.4989929611007381
2016-05-27,49.0780143737793,83.65214538574219,98.0461654663086,0.5005602630185867
2016-05-31,49.03109359741211,83.7995834350586,98.28023529052734,0.49889068185958985
2016-06-01,49.1088752746582,83.85867309570312,98.67896270751953,0.49766306745861255
2016-06-02,49.12065887451172,84.02762603759766,99.39022064208984,0.4942202417619955
2016-06-03,49.20907211303711,84.70332336425781,100.80510711669922,0.48816050615440704
2016-06-06,49.42708206176758,84.49921417236328,100.0560302734375,0.49399403440943124
2016-06-07,49.645103454589844,84.62586975097656,100.29814910888672,0.4949752701886214
2016-06-08,49.83366394042969,84.907470703125,100.83536529541016,0.49420819565075774
2016-06-09,49.639225006103516,85.0270767211914,101.48603820800781,0.4891236852143343
2016-06-10,49.39762878417969,85.12557983398438,101.97786712646484,0.4843955867690454
2016-06-13,49.067604064941406,84.99895477294922,102.43185424804688,0.4790268068966154
2016-06-14,48.90263748168945,84.80886840820312,102.35619354248047,0.4777692075994756
2016-06-15,48.926212310791016,85.12557983398438,102.74962615966797,0.47616924887650725
2016-06-16,48.955665588378906,85.25230407714844,103.24903869628906,0.474151296772688
2016-06-17,48.985111236572266,84.99895477294922,102.60585021972656,0.47741050955352443
2016-06-20,49.273921966552734,84.89337158203125,101.50874328613281,0.4854155452172176
2016-06-21,49.462440490722656,84.81592559814453,101.03963470458984,0.4895350288561145
2016-06-22,49.50957107543945,84.97077941894531,101.20610046386719,0.48919552130274463
2016-06-23,49.87489318847656,84.8863296508789,100.04845428466797,0.49850738369797776
2016-06-24,49.055843353271484,85.28752136230469,102.73452758789062,0.4775010359716077
2016-06-27,48.3487434387207,85.64651489257812,105.29942321777344,0.45915487436933977
2016-06-28,48.955665588378906,86.1180419921875,105.51887512207031,0.4639517387931228
2016-06-29,49.574424743652344,86.08993530273438,104.70927429199219,0.473448269781807
2016-06-30,49.91025161743164,86.3926010131836,105.09515380859375,0.474905357751619
2016-07-01,50.00916290283203,86.8449935913086,106.55436706542969,0.46933001696799453
2016-07-05,49.72494888305664,87.14140319824219,107.88843536376953,0.46089229782041113
2016-07-06,49.94399642944336,87.29669952392578,108.06275939941406,0.4621758384388819
2016-07-07,50.00916290283203,87.31076049804688,108.05518341064453,0.46281132773409944
2016-07-08,50.67222213745117,87.79780578613281,108.85111236572266,0.4655186431829971
2016-07-11,50.70180130004883,87.57189178466797,107.89604187011719,0.46991345021796543
2016-07-12,50.843902587890625,87.07788848876953,106.12225341796875,0.47910688804956786
2016-07-13,50.695892333984375,87.4166488647461,107.37299346923828,0.47214751769501934
2016-07-14,50.79655838012695,87.20491027832031,105.81145477294922,0.48006672329689143
2016-07-15,50.695892333984375,86.87319946289062,104.90187072753906,0.48326966890472794
2016-07-18,50.86758804321289,86.87319946289062,104.80329895019531,0.48536247000570293
2016-07-19,50.73142623901367,87.02848815917969,105.39452362060547,0.48134783949149396
2016-07-20,50.861671447753906,87.00027465820312,104.8184814453125,0.4852357212815589
2016-07-21,50.79062271118164,87.0990219116211,105.03067016601562,0.4835789644196307
2016-07-22,51.01559066772461,87.0496826171875,105.21260070800781,0.48488099642462096
2016-07-25,50.772850036621094,87.00027465820312,105.13687896728516,0.48292141192834714
2016-07-26,50.57748794555664,86.91558074951172,105.3035888671875,0.48030165438470196
2016-07-27,50.73142623901367,87.27554321289062,106.61500549316406,0.47583758031383744
2016-07-28,50.51828384399414,87.19080352783203,106.41790008544922,0.4747160374657837
2016-07-29,50.565670013427734,87.50843048095703,107.30477905273438,0.4712340909679102
2016-08-01,50.281982421875,87.01522827148438,106.14138793945312,0.4737264454329319
2016-08-02,50.21061325073242,86.5269546508789,105.04782104492188,0.47797862679379827
2016-08-03,50.43661117553711,86.6401596069336,105.10857391357422,0.4798524924998862
2016-08-04,50.757720947265625,87.00814819335938,105.89839935302734,0.4793058370793458
2016-08-05,50.870723724365234,86.65431213378906,104.79725646972656,0.4854203768116828
2016-08-08,51.07886505126953,86.71092224121094,104.99467468261719,0.4864900549068142
2016-08-09,51.257328033447266,87.22039794921875,106.0274887084961,0.4834343306420306
2016-08-10,51.16215896606445,87.46810150146484,106.43753814697266,0.4806777745593661
2016-08-11,51.28697967529297,87.17796325683594,105.48826599121094,0.48618658381934243
2016-08-12,51.32863998413086,87.5742416381836,106.37679290771484,0.4825172726222348
2016-08-15,51.48331069946289,87.30528259277344,105.3743896484375,0.48857517344800383
2016-08-16,51.376243591308594,87.14962005615234,105.0934066772461,0.4888626719380306
2016-08-17,51.44757843017578,87.39028930664062,105.72373962402344,0.4866227643208095
2016-08-18,51.64979553222656,87.60253143310547,105.89076232910156,0.48776488520974454
2016-08-19,51.49515151977539,87.3407211303711,105.33644104003906,0.4888635975483712
2016-08-22,51.41191864013672,87.63790893554688,106.22489929199219,0.4839912203523494
2016-08-23,51.58436584472656,87.73695373535156,106.33881378173828,0.4850944261105273
2016-08-24,51.44165802001953,87.68037414550781,106.08822631835938,0.48489507087854067
2016-08-25,51.536781311035156,87.59545135498047,105.68572235107422,0.4876418513736101
2016-08-26,51.477317810058594,87.31946563720703,105.07062530517578,0.4899306315208807
2016-08-29,51.73307418823242,87.81480407714844,106.47549438476562,0.4858683632995117
2016-08-30,51.7628173828125,87.70157623291016,106.06544494628906,0.4880271553947178
2016-08-31,51.56060028076172,87.66620635986328,106.21735382080078,0.4854253888470011
2016-09-01,51.66272735595703,87.66621398925781,106.33448028564453,0.48585112954120163
2016-09-02,51.90161895751953,87.51013946533203,105.46720886230469,0.49211142986898393
2016-09-06,51.96135330200195,87.815185546875,106.23554992675781,0.48911455099376594
2016-09-07,51.8179931640625,87.694580078125,106.15946960449219,0.48811465766658085
2016-09-08,51.72244644165039,87.07732391357422,104.82815551757812,0.4934022370829305
2016-09-09,51.226707458496094,86.42465209960938,103.10118103027344,0.4968585902372396
2016-09-12,51.40589904785156,86.4317398071289,103.15441131591797,0.49833931862028874
2016-09-13,51.011722564697266,86.14801025390625,101.98284149169922,0.5001990709275277
2016-09-14,50.999778747558594,86.20472717285156,102.1349868774414,0.4993370078830738
2016-09-15,51.29838943481445,86.261474609375,101.69367218017578,0.5044403288331109
2016-09-16,51.31034469604492,86.3608169555664,102.51534271240234,0.5005138093328285
2016-09-19,51.340213775634766,86.33242797851562,102.18063354492188,0.5024456395943558
2016-09-20,51.28048324584961,86.44593811035156,102.5381851196289,0.5001110872600473
2016-09-21,51.70454406738281,86.88581848144531,103.36741638183594,0.5002015710288035
2016-09-22,51.877723693847656,87.2405776977539,104.1890640258789,0.4979190875633747
2016-09-23,51.8179931640625,87.17668151855469,104.09014892578125,0.49781841700514773
2016-09-26,51.591033935546875,87.31149291992188,104.75204467773438,0.49250622357076373
2016-09-27,51.74038314819336,87.52434539794922,105.52041625976562,0.49033528280272426
2016-09-28,52.08675765991211,87.58108520507812,105.29219055175781,0.4946877578191153
2016-09-29,51.88966369628906,87.54561614990234,105.5584945678711,0.49157260065816394
2016-09-30,52.11663055419922,87.38951110839844,104.6151123046875,0.49817497114959386
2016-10-03,52.08422088623047,87.14198303222656,104.26990509033203,0.4995134582803006
2016-10-04,51.99424362182617,86.73655700683594,103.0504379272461,0.5045514086852717
2016-10-05,52.1322135925293,86.6440658569336,102.57022094726562,0.5082587627390606
2016-10-06,52.162208557128906,86.65117645263672,101.99864196777344,0.5114010103547222
2016-10-07,52.28219985961914,86.85747528076172,102.06723022460938,0.5122329639451058
2016-10-10,52.43219757080078,86.85747528076172,101.46513366699219,0.5167508845243615
2016-10-11,52.138214111328125,86.58717346191406,101.23653411865234,0.5150138195191524
2016-10-12,52.120235443115234,86.70098876953125,101.3355941772461,0.5143329534531739
2016-10-13,51.98823165893555,86.91437530517578,101.71664428710938,0.5111084033817664
2016-10-14,52.108238220214844,86.50889587402344,100.29142761230469,0.5195682169531878
2016-10-17,52.0362663269043,86.79346466064453,100.93165588378906,0.515559423564971
2016-10-18,52.2462043762207,87.00685119628906,101.25933837890625,0.5159643072199287
2016-10-19,52.39617919921875,87.1206283569336,101.34321594238281,0.5170171354045823
2016-10-20,52.40217971801758,87.09220886230469,101.44993591308594,0.5165324082896564
2016-10-21,52.4141960144043,87.14198303222656,101.60232543945312,0.5158759485838637
2016-10-24,52.44417953491211,86.89303588867188,101.16024017333984,0.51842679935366
2016-10-25,52.4141960144043,86.82903289794922,101.42703247070312,0.5167675198379088
2016-10-26,52.2042236328125,86.46623992919922,100.74109649658203,0.5182018604947753
2016-10-27,52.01224899291992,86.07499694824219,99.64362335205078,0.5219827144297583
2016-10-28,51.76028060913086,85.97543334960938,99.42255401611328,0.5206090420966468
2016-10-31,51.60431671142578,86.0536880493164,100.03230285644531,0.5158765242611907
2016-11-01,51.403053283691406,85.94525146484375,100.0399169921875,0.5138254291804907
2016-11-02,51.17403030395508,86.07366943359375,100.47517395019531,0.5093201463808523
2016-11-03,51.18607711791992,85.90249633789062,99.7039794921875,0.5133804826910716
2016-11-04,51.210182189941406,86.1592788696289,100.59737396240234,0.5090608250776099
2016-11-07,51.927330017089844,86.1021957397461,99.74214172363281,0.5206157509728532
2016-11-08,51.81281661987305,85.90962219238281,99.33740997314453,0.5215841306299452
2016-11-09,51.45121765136719,84.64732360839844,95.12232208251953,0.5408953074834817
2016-11-10,50.776302337646484,84.57595825195312,93.71726989746094,0.5418030464737444
2016-11-11,50.300254821777344,84.21223449707031,93.19039154052734,0.5397579513323795
2016-11-14,50.67387771606445,83.77722930908203,92.6329574584961,0.5470394026744609
2016-11-15,51.34278106689453,84.03392791748047,93.09115600585938,0.5515323181040194
2016-11-16,51.13789749145508,84.15518951416016,93.93109893798828,0.5444192399496512
2016-11-17,50.99928283691406,83.62030792236328,92.54895782470703,0.5510519408928364
2016-11-18,50.99928283691406,83.14960479736328,92.28169250488281,0.5526478920422443
2016-11-21,51.40907287597656,83.23516845703125,92.51077270507812,0.5557090420146777
2016-11-22,51.788719177246094,83.44917297363281,92.48025512695312,0.559997581171815
2016-11-23,51.59585189819336,83.14248657226562,92.12135314941406,0.5600856927764476
2016-11-25,51.66216278076172,83.14960479736328,92.25881958007812,0.5599699087404905
2016-11-28,51.65615463256836,83.52760314941406,92.93840789794922,0.5558106255627842
2016-11-29,51.58982849121094,83.64173126220703,93.32780456542969,0.5527809073773149
2016-11-30,51.61394500732422,83.32791900634766,91.81592559814453,0.5621458877757832
2016-12-01,51.37241744995117,82.86095428466797,90.846435546875,0.565486330208784
2016-12-02,51.681121826171875,83.23995971679688,91.51213836669922,0.5647460844929656
2016-12-05,51.814292907714844,83.41874694824219,91.4126968383789,0.5668172442097892
2016-12-06,52.0745964050293,83.4115982055664,91.34380340576172,0.5700944614021247
2016-12-07,52.33488845825195,83.761962890625,92.124267578125,0.5680901442594364
2016-12-08,52.328826904296875,83.41874694824219,91.03775787353516,0.574803555432344
2016-12-09,52.35304260253906,83.0969467163086,89.90533447265625,0.5823129729689364
2016-12-12,52.2804069519043,83.01825714111328,90.07364654541016,0.5804184570849744
2016-12-13,52.40752410888672,83.2042007446289,90.39503479003906,0.5797610923057213
2016-12-14,52.01406478881836,82.67499542236328,89.3850326538086,0.5819102286427603
2016-12-15,52.03824234008789,82.73220825195312,89.83647155761719,0.5792551893215534
2016-12-16,52.08670425415039,82.6678466796875,89.62984466552734,0.5811312565420916
2016-12-19,52.21987533569336,83.06832122802734,90.5939712524414,0.576416671151129
2016-12-20,52.2924919128418,83.01825714111328,90.14250946044922,0.5801091208336681
2016-12-21,52.38330078125,83.28285217285156,90.54041290283203,0.5785626451413223
2016-12-22,52.496280670166016,83.28860473632812,90.3785171508789,0.580849103582084
2016-12-23,52.59343338012695,83.41766357421875,90.56266021728516,0.5807408180583542
2016-12-27,52.54485321044922,83.26708221435547,90.2711410522461,0.5820780882789319
2016-12-28,52.47197723388672,83.5754165649414,90.93086242675781,0.5770535529249091
2016-12-29,52.54485321044922,83.89813995361328,91.25305938720703,0.5758147021404479
2016-12-30,52.56307601928711,84.02719116210938,91.39117431640625,0.5751438955944256
2017-01-03,52.78166198730469,84.0988998413086,91.78244018554688,0.5750736402366462
2017-01-04,53.067138671875,84.38572692871094,92.13530731201172,0.5759696279317301
2017-01-05,52.98817443847656,84.8375015258789,93.57757568359375,0.5662486343698534
2017-01-06,52.97603225708008,84.39288330078125,92.71835327148438,0.5713651115218081
2017-01-09,52.96389389038086,84.55781555175781,93.46253204345703,0.5666858443954245
2017-01-10,52.96995162963867,84.50762939453125,93.40110778808594,0.5671233766286808
2017-01-11,53.00032424926758,84.63671112060547,93.71569061279297,0.565543762231344
2017-01-12,53.012481689453125,84.6295394897461,93.50851440429688,0.5669267876532227
2017-01-13,53.03072738647461,84.45738983154297,93.06358337402344,0.5698332845549651
2017-01-17,52.97603225708008,84.82315063476562,94.03791046142578,0.5633476115870394
2017-01-18,53.024620056152344,84.26383972167969,92.83343505859375,0.5711802005676592
2017-01-19,52.85458755493164,83.97701263427734,92.19670867919922,0.5732806334642652
2017-01-20,52.957786560058594,84.12757873535156,92.0125503540039,0.5755496000959845
2017-01-23,52.957786560058594,84.51481628417969,92.9331283569336,0.5698483145500126
2017-01-24,52.994285583496094,84.26383972167969,92.29643249511719,0.5741747990779565
2017-01-25,53.18250274658203,83.94111633300781,91.13800811767578,0.5835381290966303
2017-01-26,53.15821838378906,84.04154968261719,91.44485473632812,0.5813144822315629
2017-01-27,53.2067985534668,84.14192962646484,91.77474212646484,0.5797542692100215
2017-01-30,53.097511291503906,83.9985122680664,91.49858093261719,0.5803096698363749
2017-01-31,53.04283905029297,84.14907836914062,92.13530731201172,0.5757058894986478
2017-02-01,53.239261627197266,84.04559326171875,91.565673828125,0.5814325325354016
2017-02-02,53.26975631713867,84.06713104248047,91.52718353271484,0.5820102210191828
2017-02-03,53.361263275146484,84.16059875488281,91.48878479003906,0.5832546950711739
2017-02-06,53.324642181396484,84.4266357421875,92.04230499267578,0.5793492697259132
2017-02-07,53.245361328125,84.57042694091797,92.7188491821289,0.574266848626803
2017-02-08,53.281951904296875,84.865234375,93.97970581054688,0.566951677968727
2017-02-09,53.355159759521484,84.52729797363281,92.89568328857422,0.5743556414109927
2017-02-10,53.39173889160156,84.50572967529297,92.84184265136719,0.5750827145050779
2017-02-13,53.47103500366211,84.46978759765625,92.54969787597656,0.577754830440584
2017-02-14,53.507633209228516,84.26847076416016,91.880859375,0.5823588674855983
2017-02-15,53.525936126708984,84.20372772216797,91.4579849243164,0.5852516450149534
2017-02-16,53.48323440551758,84.44100189208984,91.95774841308594,0.5816066109542403
2017-02-17,53.53816604614258,84.6567153930664,92.50358581542969,0.5787685479886809
2017-02-21,53.715030670166016,84.69266510009766,92.34213256835938,0.5816957999145369
2017-02-22,53.73944854736328,84.75741577148438,92.49589538574219,0.5809927924179754
2017-02-23,53.78825378417969,84.97305297851562,92.77265167236328,0.5797856675924147
2017-02-24,53.8309326171875,85.40450286865234,93.80286407470703,0.5738730170788298
2017-02-27,53.898040771484375,85.20317840576172,93.24933624267578,0.5779991895193546
2017-02-28,53.8553581237793,85.26068878173828,93.59529876708984,0.5754066585950791
2017-03-01,54.05385971069336,84.75672912597656,92.02696990966797,0.5873697652302544
2017-03-02,53.88232421875,84.6269760131836,91.69576263427734,0.5876206562963676
2017-03-03,53.90682601928711,84.7135009765625,91.93458557128906,0.5863606790013319
2017-03-06,53.73527908325195,84.56204986572266,91.49549102783203,0.5872997508358768
2017-03-07,53.38605880737305,84.14390563964844,91.21815490722656,0.5852569465110246
2017-03-08,53.03076171875,83.8843765258789,90.72517395019531,0.5845209153069454
2017-03-09,52.88982009887695,83.43013763427734,90.00112915039062,0.5876572949490312
2017-03-10,52.87144088745117,83.63922882080078,90.31689453125,0.5853992341284215
2017-03-13,52.91431427001953,83.35806274414062,89.74687194824219,0.5895950813810612
2017-03-14,52.75503158569336,83.43013763427734,90.17827606201172,0.5850082069590241
2017-03-15,53.484066009521484,84.15113067626953,91.27982330322266,0.585935249149778
2017-03-16,53.330909729003906,84.028564453125,90.81763458251953,0.5872307726815533
2017-03-17,53.34931564331055,84.22319793701172,91.38764190673828,0.5837694739706042
2017-03-20,53.2451057434082,84.41787719726562,91.78050231933594,0.5801352618244577
2017-03-21,52.86528396606445,84.6269760131836,92.5430908203125,0.5712504682679231
2017-03-22,52.993988037109375,84.84324645996094,92.91278839111328,0.5703626912372165
2017-03-23,53.012325286865234,84.78555297851562,92.7818603515625,0.5713651901998371
2017-03-24,53.196128845214844,84.87206268310547,93.11309051513672,0.5713066610818501
2017-03-27,53.140995025634766,85.05233001708984,93.53677368164062,0.5681294418653363
2017-03-28,53.43505096435547,84.87206268310547,92.91278839111328,0.5751097549609899
2017-03-29,53.545345306396484,85.14602661132812,93.4673843383789,0.5728773270528988
2017-03-30,53.796504974365234,84.92255401611328,92.71256256103516,0.580250437355235
2017-03-31,53.778133392333984,85.00908660888672,92.982177734375,0.5783703361515538
2017-04-03,53.74921798706055,85.39073181152344,93.91999816894531,0.5722872554828558
2017-04-04,53.76765823364258,85.16668701171875,93.41056060791016,0.5756057760891914
2017-04-05,53.724639892578125,85.27507781982422,93.6961669921875,0.5733920780031242
2017-04-06,53.792320251464844,85.3546371459961,93.5572280883789,0.5749670159172511
2017-04-07,53.76765823364258,85.14497375488281,93.17899322509766,0.5770362650705301
2017-04-10,53.84151840209961,85.30401611328125,93.61128234863281,0.575160568803873
2017-04-11,53.736934661865234,85.70162200927734,94.49896240234375,0.5686510549509743
2017-04-12,53.77384567260742,85.98355102539062,95.01616668701172,0.5659441708455921
2017-04-13,53.663089752197266,86.12813568115234,95.3094711303711,0.5630404734781611
2017-04-17,53.823081970214844,85.9618911743164,95.01616668701172,0.5664623594794234
2017-04-18,53.81075668334961,86.4678955078125,96.25894165039062,0.5590208635244354
2017-04-19,53.76152801513672,86.20767211914062,95.73406219482422,0.5615715742399918
2017-04-20,53.939945220947266,86.08477783203125,95.363525390625,0.5656244879790276
2017-04-21,53.896881103515625,86.08477783203125,95.363525390625,0.5651729094823724
2017-04-24,54.14915466308594,85.96910095214844,94.89266967773438,0.5706358019748231
2017-04-25,54.247562408447266,85.62933349609375,93.75019073486328,0.5786394884450512
2017-04-26,54.1983757019043,85.8389892578125,94.26740264892578,0.5749429195981132
2017-04-27,54.23529052734375,85.91848754882812,94.23651885986328,0.5755230688009143
2017-04-28,54.2168083190918,86.01971435546875,94.44493103027344,0.5740573657861332
2017-05-01,54.24464797973633,85.7529525756836,93.65983581542969,0.5791665926751494
2017-05-02,54.263153076171875,86.00662994384766,94.13937377929688,0.5764129385796427
2017-05-03,54.312618255615234,85.9631576538086,94.2013168334961,0.5765590129872024
2017-05-04,54.02217102050781,85.79644012451172,93.7371597290039,0.576315424711897
2017-05-05,54.11488342285156,85.82543182373047,93.82221984863281,0.5767811027084767
2017-05-08,54.17668533325195,85.67320251464844,93.31169891357422,0.5805990670412151
2017-05-09,54.139591217041016,85.6877212524414,93.3039779663086,0.5802495498808254
2017-05-10,54.37440490722656,85.80367279052734,93.1956558227539,0.5834435567537575
2017-05-11,54.38059616088867,85.84720611572266,93.1956558227539,0.5835099896106052
2017-05-12,54.36204147338867,86.2821044921875,93.89960479736328,0.5789379155610159
2017-05-15,54.48560333251953,86.27483367919922,93.64434814453125,0.5818354701815653
2017-05-16,54.56591796875,86.39810180664062,93.992431640625,0.5805352305106846
2017-05-17,54.32497787475586,86.9272232055664,95.3615951538086,0.5696735440208941
2017-05-18,54.38673782348633,86.91277313232422,95.46988677978516,0.5696742675408955
2017-05-19,54.48560333251953,86.96347045898438,95.6941909790039,0.569372108955643
2017-05-22,54.65243911743164,86.89102172851562,95.43119812011719,0.5726894369348878
2017-05-23,54.64626693725586,86.6227798461914,94.78917694091797,0.5765032327616564
2017-05-24,54.73892593383789,86.76056671142578,95.32293701171875,0.574247160755322
2017-05-25,54.695701599121094,86.7967529296875,95.35383605957031,0.5736077735241936
2017-05-26,54.72659683227539,86.86202239990234,95.51631164550781,0.5729555076978228
2017-05-30,54.78221893310547,87.06492614746094,95.9881362915039,0.5707186434658836
2017-05-31,54.7760124206543,87.16647338867188,96.22789764404297,0.5692321432946242
2017-06-01,54.93548583984375,87.18537139892578,96.23800659179688,0.570829423689729
2017-06-02,54.96651077270508,87.59236907958984,97.37753295898438,0.5644680975421413
2017-06-05,54.91686248779297,87.34528350830078,96.7729263305664,0.5674816766437608
2017-06-06,54.82999801635742,87.59965515136719,97.30000305175781,0.5635148643026365
2017-06-07,54.71831130981445,87.49058532714844,96.83490753173828,0.5650680390424307
2017-06-08,54.76173400878906,87.33796691894531,96.57909393310547,0.5670143690384921
2017-06-09,54.80517578125,87.25078582763672,96.43177795410156,0.568331072432736
2017-06-12,54.898258209228516,87.2725830078125,96.40084075927734,0.5694790395689081
2017-06-13,54.99754333496094,87.36709594726562,96.41629791259766,0.5704174971000936
2017-06-14,55.003761291503906,87.9630355834961,97.90463256835938,0.5618095880508918
2017-06-15,54.79277420043945,87.75226593017578,97.74960327148438,0.5605421645370878
2017-06-16,54.699710845947266,87.82492065429688,97.94341278076172,0.5584827942271939
2017-06-19,54.867218017578125,87.7159194946289,97.80390930175781,0.5609920749516707
2017-06-20,54.67487716674805,87.91217041015625,98.6798324584961,0.5540633359885754
2017-06-21,54.35841369628906,87.95576477050781,98.88136291503906,0.5497336615697233
2017-06-22,54.50733184814453,88.02842712402344,99.09837341308594,0.550032558263432
2017-06-23,54.7307243347168,88.072021484375,99.05192565917969,0.5525457881862451
2017-06-26,54.80517578125,88.23193359375,99.42398071289062,0.5512269312522541
2017-06-27,54.631439208984375,87.83221435546875,98.36201477050781,0.5554119579234634
2017-06-28,54.85486602783203,87.92668151855469,98.03644561767578,0.5595354429898038
2017-06-29,54.71831130981445,87.65777587890625,97.21475219726562,0.5628601634326187
2017-06-30,54.8486328125,87.5851058959961,96.98994445800781,0.5655084464580443
2017-07-03,54.82180404663086,87.3956069946289,96.67768096923828,0.5670574996940041
2017-07-05,54.778221130371094,87.54135131835938,96.70098876953125,0.5664701243223558
2017-07-06,54.64106750488281,87.31544494628906,95.9009017944336,0.5697659404914414
2017-07-07,54.591243743896484,87.24259185791016,95.32611083984375,0.572678810274916
2017-07-10,54.653594970703125,87.38834381103516,95.46589660644531,0.5724933920226045
2017-07-11,54.616180419921875,87.42475891113281,95.6290512084961,0.5711254031041724
2017-07-12,54.971405029296875,87.8110122680664,96.2893295288086,0.5708982012679826
2017-07-13,55.01502227783203,87.65797424316406,95.68341064453125,0.574969285764861
2017-07-14,55.170814514160156,87.86201477050781,95.79993438720703,0.5758961617987035
2017-07-17,55.18950653076172,87.94215393066406,96.06402587890625,0.5745075331355672
2017-07-18,55.214412689208984,88.32108306884766,96.9029312133789,0.5697909443794597
2017-07-19,55.307899475097656,88.29198455810547,96.9417953491211,0.5705268741507694
2017-07-20,55.33909225463867,88.37211608886719,97.22138214111328,0.5692070101854343
2017-07-21,55.295467376708984,88.5761489868164,97.63310241699219,0.5663598309161718
2017-07-24,55.33909225463867,88.47416687011719,97.25247192382812,0.5690250454300264
2017-07-25,55.36396026611328,87.949462890625,95.98639678955078,0.5767896505949506
2017-07-26,55.44501876831055,88.24095153808594,96.14167022705078,0.5767012226578765
2017-07-27,55.401371002197266,88.02235412597656,95.66790008544922,0.5791009414099562
2017-07-28,55.407630920410156,88.2555160522461,96.23490142822266,0.5757540154154598
2017-07-31,55.407630920410156,88.2555160522461,96.35144805908203,0.575057583840718
2017-08-01,55.462703704833984,88.57554626464844,97.02789306640625,0.5716160781402839
2017-08-02,55.47519302368164,88.43669128417969,97.08240509033203,0.5714237607943867
2017-08-03,55.36883544921875,88.56094360351562,98.08658599853516,0.564489373195695
2017-08-04,55.381343841552734,88.21751403808594,97.25369262695312,0.569452350297743
2017-08-07,55.35629653930664,88.23945617675781,97.36268615722656,0.5685576140526185
2017-08-08,55.11850357055664,87.81566619873047,97.01234436035156,0.5681596907484208
2017-08-09,54.90574645996094,87.90337371826172,97.54171752929688,0.5628950140586757
2017-08-10,54.555328369140625,87.87413787841797,98.37467956542969,0.5545667707395733
2017-08-11,54.64921188354492,88.03485870361328,98.4213638305664,0.5552576164014981
2017-08-14,54.93706130981445,87.97637176513672,97.91535949707031,0.5610668396867624
2017-08-15,54.95578384399414,87.87413787841797,97.50279235839844,0.5636329228601883
2017-08-16,54.96205139160156,88.12250518798828,97.86085510253906,0.5616346938110449
2017-08-17,54.655433654785156,88.2101821899414,98.5926284790039,0.5543561876578275
2017-08-18,54.73680114746094,88.15178680419922,98.56929779052734,0.5553128851925455
2017-08-21,54.79310607910156,88.27597045898438,98.81059265136719,0.5545266414141219
2017-08-22,55.01838302612305,88.18826293945312,98.42913055419922,0.5589644317322057
2017-08-23,55.024654388427734,88.52439880371094,99.09862518310547,0.5552514405397467
2017-08-24,55.105987548828125,88.35633850097656,98.73271179199219,0.558133029556852
2017-08-25,55.20612335205078,88.56094360351562,99.11421203613281,0.5569950284417837
2017-08-28,55.21237564086914,88.56094360351562,99.05192565917969,0.557408402445857
2017-08-29,55.14353942871094,88.6266860961914,99.37109375,0.5549253545245489
2017-08-30,55.29371643066406,88.69979858398438,99.3399887084961,0.55661085882462
2017-08-31,55.44389343261719,88.8531494140625,99.63578033447266,0.5564656918076482
2017-09-01,55.50048828125,88.50154876708984,98.87361907958984,0.5613275694558528
2017-09-05,55.374794006347656,89.05095672607422,100.44161224365234,0.5513132731483729
2017-09-06,55.33707046508789,88.7359619140625,99.82536315917969,0.5543387843913817
2017-09-07,55.34333801269531,89.08029174804688,100.84723663330078,0.5487838820406545
2017-09-08,55.167442321777344,88.81657409667969,100.62881469726562,0.5482270906970784
2017-09-11,55.34333801269531,88.54547882080078,99.42752075195312,0.5566199136229409
2017-09-12,55.41250991821289,88.45027923583984,98.90484619140625,0.5602608168559857
2017-09-13,55.431358337402344,88.3624038696289,98.51483917236328,0.5626701398803349
2017-09-14,55.50675582885742,88.58211517333984,98.92044830322266,0.5611251948506294
2017-09-15,55.55702209472656,88.6553955078125,98.95941162109375,0.5614122111745081
2017-09-18,55.531864166259766,88.56746673583984,98.39005279541016,0.5644052685054591
2017-09-19,55.58845138549805,88.61872863769531,98.1482162475586,0.5663725079352198
2017-09-20,55.5821533203125,88.50887298583984,98.21839141845703,0.5659037224862105
2017-09-21,55.513057708740234,88.50887298583984,98.16377258300781,0.5655147133001444
2017-09-22,55.569580078125,88.62611389160156,98.4446029663086,0.5644756381123602
2017-09-25,55.60102844238281,88.95572662353516,99.06085968017578,0.56128150534827
2017-09-26,55.67011642456055,88.94109344482422,98.88146209716797,0.5629985160398936
2017-09-27,55.695289611816406,88.59678649902344,97.39154815673828,0.571869845648028
2017-09-28,55.695289611816406,88.72869110107422,97.10289764404297,0.5735698003161822
2017-09-29,55.77694320678711,88.80924224853516,97.32134246826172,0.5731213913841868
2017-10-02,55.748573303222656,88.89224243164062,97.14308166503906,0.573881045852039
2017-10-03,55.849517822265625,89.09056091308594,97.23689270019531,0.5743655136581041
2017-10-04,55.7927131652832,89.03913879394531,97.2447280883789,0.5737350935320331
2017-10-05,55.862125396728516,88.91424560546875,96.87730407714844,0.5766275798946944
2017-10-06,55.780128479003906,88.84081268310547,96.60377502441406,0.5774114776043374
2017-10-09,55.786441802978516,88.91424560546875,96.9085693359375,0.5756605652653125
2017-10-10,55.83061599731445,88.97301483154297,97.06489562988281,0.5751885440664524
2017-10-11,55.773826599121094,88.92897033691406,97.25251007080078,0.5734949828905928
2017-10-12,55.71070861816406,88.95097351074219,97.66680145263672,0.5704160245810941
2017-10-13,55.7359504699707,89.30353546142578,98.37029266357422,0.5665933175637415
2017-10-16,55.767486572265625,89.17870330810547,98.29993438720703,0.5673196723875263
2017-10-17,55.849517822265625,89.16395568847656,98.42501831054688,0.5674321303761545
2017-10-18,55.90633010864258,89.03179168701172,97.77621459960938,0.571778426252001
2017-10-19,55.91262435913086,89.16395568847656,97.94819641113281,0.5708387332058706
2017-10-20,55.96310806274414,88.92159271240234,96.9085693359375,0.5774835852621635
2017-10-23,55.899993896484375,89.009765625,97.08058166503906,0.5758102489471923
2017-10-24,55.899993896484375,88.78939819335938,96.47869110107422,0.5794024904206228
2017-10-25,55.74227523803711,88.55436706542969,96.0175552368164,0.5805425382947432
2017-10-26,55.6728401184082,88.54701232910156,95.69702911376953,0.5817614259709304
2017-10-27,55.82429504394531,88.81143951416016,96.33019256591797,0.5795098458434536
2017-10-30,55.811668395996094,89.10520935058594,97.25251007080078,0.5738840915814374
2017-10-31,55.82429504394531,88.98040008544922,97.28378295898438,0.5738294024553022
2017-11-01,55.771053314208984,89.12105560302734,97.7168960571289,0.570741146767527
2017-11-02,55.7393798828125,89.1063003540039,98.14781188964844,0.5679126086425904
2017-11-03,55.745723724365234,89.20940399169922,98.41410064697266,0.5664404120740196
2017-11-06,55.75204849243164,89.23151397705078,98.78225708007812,0.5643933449226218
2017-11-07,55.5936393737793,89.1578598022461,99.1973876953125,0.560434510075373
2017-11-08,55.3465461730957,89.04000091552734,98.97808837890625,0.5591797849360253
2017-11-09,55.074066162109375,88.80435180664062,98.69608306884766,0.5580167363246952
2017-11-10,55.19447708129883,88.29618072509766,97.20781707763672,0.5677987505595028
2017-11-13,55.15645217895508,88.31090545654297,97.41148376464844,0.5662212507943738
2017-11-14,54.922027587890625,88.33299255371094,98.06944274902344,0.5600320145434652
2017-11-15,54.922027587890625,88.7086181640625,99.1347885131836,0.5540136657535385
2017-11-16,55.4605598449707,88.60551452636719,98.27307891845703,0.5643515035383149
2017-11-17,55.422584533691406,88.71597290039062,99.00157165527344,0.5598151989614324
2017-11-20,55.43525695800781,88.71597290039062,98.96239471435547,0.5601648698782588
2017-11-21,55.549320220947266,89.01057434082031,99.27574157714844,0.5595457595023774
2017-11-22,55.63799285888672,89.35672760009766,99.59685516357422,0.5586320247512727
2017-11-24,55.676021575927734,89.25360107421875,99.32274627685547,0.560556606245407
2017-11-27,55.504940032958984,89.20201873779297,99.18170166015625,0.5596288337857456
2017-11-28,55.676021575927734,89.3272705078125,99.31487274169922,0.5606010463380587
2017-11-29,55.6063117980957,88.97376251220703,98.33578491210938,0.5654738185879693
2017-11-30,55.6190071105957,88.87064361572266,98.00677490234375,0.5675016565540064
2017-12-01,55.601173400878906,89.14533233642578,99.32929229736328,0.5597661285497234
2017-12-04,55.582096099853516,89.28564453125,99.37641906738281,0.559308703427578
2017-12-05,55.55027389526367,89.45550537109375,99.87092590332031,0.5562206757654266
2017-12-06,55.4993782043457,89.62532043457031,100.21627807617188,0.5537960426165699
2017-12-07,55.524837493896484,89.44805908203125,99.43136596679688,0.5584237625020448
2017-12-08,55.582096099853516,89.33735656738281,99.43922424316406,0.5589554476404164
2017-12-11,55.59479904174805,89.4037857055664,99.23516845703125,0.5602328277985495
2017-12-12,55.56937789916992,89.33735656738281,99.19590759277344,0.5601982909143545
2017-12-13,55.601173400878906,89.64749908447266,99.94155883789062,0.5563368637371999
2017-12-14,55.48663330078125,89.80992889404297,100.36542510986328,0.5528460945593939
2017-12-15,55.493011474609375,89.93551635742188,100.74219512939453,0.5508417937819745
2017-12-18,55.55027389526367,89.6696548461914,99.82380676269531,0.5564832247614013
2017-12-19,55.435752868652344,89.2118148803711,98.52873229980469,0.562635401620429
2017-12-20,55.48030090332031,88.97545623779297,97.43775177001953,0.5693922519299235
2017-12-21,55.53840637207031,89.21525573730469,98.00560760498047,0.5666860063346819
2017-12-22,55.58951950073242,89.2818374633789,98.13932800292969,0.5664346866026324
2017-12-26,55.672603607177734,89.4002685546875,98.43037414550781,0.5656039011380567
2017-12-27,55.69819259643555,89.89607238769531,99.71244812011719,0.5585881567097771
2017-12-28,55.672603607177734,89.83687591552734,99.6259536743164,0.5588162677887634
2017-12-29,55.755706787109375,89.95523834228516,99.78323364257812,0.5587682895387555
2018-01-02,55.8067741394043,89.35587310791016,98.70567321777344,0.5653856796688709
2018-01-03,56.07513427734375,89.51866149902344,99.17764282226562,0.565400958135645
2018-01-04,56.17097473144531,89.48907470703125,99.16184997558594,0.5664575110818812
2018-01-05,56.20932388305664,89.45948028564453,98.87876892089844,0.5684670682745178
2018-01-08,56.16462707519531,89.45207977294922,98.81573486328125,0.5683773657394053
2018-01-09,55.99208068847656,89.12646484375,97.49433898925781,0.5743110961001122
2018-01-10,55.870689392089844,89.18563842773438,97.37638854980469,0.5737601303986941
2018-01-11,56.05597686767578,89.4002685546875,97.77753448486328,0.5733011899206119
2018-01-12,55.96013641357422,89.41503143310547,97.94268798828125,0.5713559384879227
2018-01-16,55.928165435791016,89.49644470214844,98.35169982910156,0.5686547922707308
2018-01-17,55.93457794189453,89.25224304199219,98.21800231933594,0.5694941519990865
2018-01-18,55.8770751953125,88.9044418334961,97.30558776855469,0.5742432318297939
2018-01-19,55.93457794189453,88.63064575195312,96.79431915283203,0.5778704621453808
2018-01-22,55.98569869995117,88.54930114746094,96.88868713378906,0.5778352494615098
2018-01-23,56.151832580566406,88.93402862548828,97.30558776855469,0.5770668865813321
2018-01-24,56.06874465942383,88.87484741210938,96.7785873413086,0.5793507241605671
2018-01-25,56.030426025390625,89.32624053955078,97.5730209350586,0.574240968337781
2018-01-26,56.07513427734375,89.20787048339844,97.21118927001953,0.5768382703516377
2018-01-29,55.8770751953125,88.9710464477539,96.53477478027344,0.5788284617900284
2018-01-30,55.68540573120117,88.66761779785156,95.96849060058594,0.5802467599804179
2018-01-31,55.7812385559082,88.85264587402344,96.53477478027344,0.5778356937473988
2018-02-01,55.67597579956055,88.46012115478516,95.13568115234375,0.585227068594851
2018-02-02,55.323089599609375,88.00750732421875,94.25291442871094,0.586964232723578
2018-02-05,55.01508712768555,88.05943298339844,95.14360809326172,0.5782320875802673
2018-02-06,55.34877014160156,87.88139343261719,94.55243682861328,0.5853764535114765
2018-02-07,55.143402099609375,87.63652038574219,93.65387725830078,0.5887999911367457
2018-02-08,54.66219711303711,87.25811004638672,93.55143737792969,0.5843009861218104
2018-02-09,54.50821304321289,86.97615051269531,92.96028137207031,0.5863602415858193
2018-02-12,54.880367279052734,86.97615051269531,93.37012481689453,0.5877722385685683
2018-02-13,54.70710754394531,86.94647979736328,93.78787994384766,0.5833067937637503
2018-02-14,54.8033561706543,86.62744903564453,92.74746704101562,0.5908879015145359
2018-02-15,55.246097564697266,87.03551483154297,93.0627212524414,0.5936436934273286
2018-02-16,55.47067642211914,87.29523468017578,93.56720733642578,0.5928431338414475
2018-02-20,55.27821350097656,86.92423248291016,93.15733337402344,0.5933855285341463
2018-02-21,55.027931213378906,86.44934844970703,92.01445007324219,0.5980357560098165
2018-02-22,55.06642532348633,86.56804656982422,92.29029083251953,0.5966654219718099
2018-02-23,55.432159423828125,86.96875,93.11002349853516,0.5953404084867426
2018-02-26,55.52840805053711,87.08001708984375,93.14154052734375,0.5961723172727159
2018-02-27,55.380836486816406,86.7016372680664,93.0075454711914,0.5954445545922973
2018-02-28,55.297420501708984,86.86483001708984,93.59872436523438,0.5907924587297928
2018-03-01,54.93085479736328,86.77555084228516,94.23767852783203,0.582896943722357
2018-03-02,55.24008560180664,86.50027465820312,93.4715805053711,0.5909826848239975
2018-03-05,55.24008560180664,86.47047424316406,93.21880340576172,0.5925852251219986
2018-03-06,55.3173942565918,86.54491424560547,93.30571746826172,0.5928617855107133
2018-03-07,55.18212890625,86.51512908935547,93.20304870605469,0.5920635609279725
2018-03-08,55.24653244018555,86.68627166748047,93.74011993408203,0.58935845696629
2018-03-09,55.44623947143555,86.38117980957031,93.12407684326172,0.5954017623686922
2018-03-12,55.356082916259766,86.49285125732422,93.66112518310547,0.5910251751518021
2018-03-13,55.18212890625,86.50027465820312,94.13496398925781,0.5862022628759607
2018-03-14,55.1176872253418,86.6937026977539,94.96429443359375,0.5804043251633304
2018-03-15,55.15633773803711,86.78298950195312,94.96429443359375,0.5808113256357273
2018-03-16,55.27230453491211,86.87973022460938,94.62464904785156,0.584121633116557
2018-03-19,55.04683303833008,86.58950805664062,94.32453155517578,0.5835897844467964
2018-03-20,55.15633773803711,86.28449249267578,93.94546508789062,0.5871101674406064
2018-03-21,55.17567443847656,86.23236846923828,94.04811096191406,0.5866749887280631
2018-03-22,54.84713363647461,86.38117980957031,94.9800796508789,0.5774593350319124
2018-03-23,54.705406188964844,86.10591125488281,94.90894317626953,0.5763988551359516
2018-03-26,55.0597038269043,86.41092681884766,94.545654296875,0.5823610216289357
2018-03-27,55.008174896240234,86.72348022460938,95.55664825439453,0.5756603637854206
2018-03-28,54.98241424560547,86.95414733886719,95.80931854248047,0.5738733463721178
2018-03-29,55.169227600097656,87.3484878540039,96.27529907226562,0.5730361591365906
2018-04-02,54.95512390136719,87.3014907836914,96.46527862548828,0.5696881270070454
2018-04-03,55.110374450683594,87.07015991210938,95.72126770019531,0.575738033717779
2018-04-04,55.23326110839844,87.07015991210938,95.52340698242188,0.5782170344757742
2018-04-05,55.27853775024414,87.10002899169922,94.81108093261719,0.5830387883619946
2018-04-06,55.155635833740234,87.3611831665039,95.8478775024414,0.575449736300476
2018-04-09,55.36263656616211,87.40596771240234,96.00621032714844,0.5766568264439325
2018-04-10,55.56315994262695,87.42837524414062,95.83206939697266,0.5797971419406935
2018-04-11,55.58259582519531,87.48802947998047,96.17240142822266,0.5779474672541981
2018-04-12,55.78307342529297,87.24931335449219,95.468017578125,0.5843116348325095
2018-04-13,55.815406799316406,87.27910614013672,95.68962097167969,0.5832963516057352
2018-04-16,55.899478912353516,87.28656768798828,95.72126770019531,0.5839818073391381
2018-04-17,55.925384521484375,87.29403686523438,95.98247528076172,0.5826624533061381
2018-04-18,55.8671760559082,86.8462905883789,95.21473693847656,0.5867492559687166
2018-04-19,55.692527770996094,86.5179672241211,94.43907165527344,0.5897191363156125
2018-04-20,55.55667495727539,86.1672592163086,93.75841522216797,0.5925513440647376
2018-04-23,55.40792465209961,86.12992095947266,93.78214263916016,0.5908152990840624
2018-04-24,55.297943115234375,85.8761978149414,93.35474395751953,0.5923420789456328
2018-04-25,55.30442810058594,85.6075668334961,92.72949981689453,0.5964059787855119
2018-04-26,55.498470306396484,85.86129760742188,93.37850952148438,0.5943387894152186
2018-04-27,55.47258758544922,86.0552978515625,94.09871673583984,0.5895148149700654
2018-04-30,55.433807373046875,85.98065185546875,94.26496124267578,0.5880637581798611
2018-05-01,55.474693298339844,85.74794006347656,93.92547607421875,0.5906245633985866
2018-05-02,55.45523452758789,85.68061065673828,93.82234191894531,0.5910664069278573
2018-05-03,55.448726654052734,85.69554138183594,94.24272155761719,0.5883608382441825
2018-05-04,55.487701416015625,85.8152847290039,94.38551330566406,0.5878836642686968
2018-05-07,55.539676666259766,85.7179946899414,94.23480224609375,0.5893754254528827
2018-05-08,55.45523452758789,85.68807220458984,94.14753723144531,0.5890248025422148
2018-05-09,55.54615020751953,85.67312622070312,93.58439636230469,0.5935407222425942
2018-05-10,55.708587646484375,86.10713195800781,94.33793640136719,0.5905215841214545
2018-05-11,55.68907928466797,86.25682830810547,94.57588958740234,0.5888295582269187
2018-05-14,55.70206069946289,86.09967041015625,94.076171875,0.5920953158412399
2018-05-15,55.429237365722656,85.4485855102539,93.00533294677734,0.595979129470374
2018-05-16,55.50069808959961,85.33635711669922,92.64835357666016,0.5990467822364117
2018-05-17,55.53316116333008,85.17166137695312,92.18038177490234,0.6024401298200082
2018-05-18,55.474693298339844,85.52340698242188,92.97357940673828,0.596671588340712
2018-05-21,55.55263900756836,85.57577514648438,93.02117156982422,0.5972042500654707
2018-05-22,55.59162139892578,85.48600006103516,92.87837219238281,0.5985421588114891
2018-05-23,55.63711166381836,85.85272979736328,93.55265045166016,0.5947144350823792
2018-05-24,55.66960144042969,86.09215545654297,94.29827117919922,0.5903565435959929
2018-05-25,55.578643798828125,86.34663391113281,94.8852310180664,0.5857459923161888
2018-05-29,55.344791412353516,86.80313873291016,96.96348571777344,0.5707797218990529
2018-05-30,55.513671875,86.46635437011719,96.31307983398438,0.5763876720658229
2018-05-31,55.46171951293945,86.42890930175781,96.1544189453125,0.576798446928197
2018-06-01,55.588294982910156,86.2630386352539,95.64640045166016,0.5811854363615552
2018-06-04,55.70576095581055,86.06784057617188,94.95462799072266,0.5866566183720204
2018-06-05,55.77100372314453,86.12793731689453,95.17725372314453,0.5859698776912968
2018-06-06,55.908042907714844,85.81263732910156,94.40603637695312,0.5922083486746552
2018-06-07,55.9276008605957,86.09788513183594,95.32037353515625,0.5867329174908067
2018-06-08,55.8950080871582,85.95526885986328,95.03417205810547,0.5881569426730321
2018-06-11,55.9993782043457,85.8727035522461,94.8592300415039,0.5903419011502012
2018-06-12,56.045047760009766,85.88019561767578,94.88310241699219,0.5906746968886307
2018-06-13,56.06464385986328,85.7975845336914,94.83540344238281,0.5911784188689124
2018-06-14,56.227806091308594,86.18795776367188,95.62250518798828,0.5880185420865935
2018-06-15,56.195167541503906,86.06784057617188,95.7099609375,0.5871402202138623
2018-06-18,56.18862533569336,85.97777557373047,95.62250518798828,0.5876087980045053
2018-06-19,56.11033630371094,86.02281951904297,96.17909240722656,0.583394320941783
2018-06-20,56.169036865234375,85.5423583984375,95.33627319335938,0.5891675328163217
2018-06-21,56.05158615112305,85.47480010986328,95.8371810913086,0.5848626338218365
2018-06-22,56.05810546875,85.57990264892578,95.8292465209961,0.584979090454058
2018-06-25,55.9276008605957,85.49732208251953,96.04390716552734,0.5823128453552707
2018-06-26,55.92110061645508,85.78258514404297,96.17909240722656,0.5814267863922301
2018-06-27,55.803619384765625,86.07542419433594,97.08541870117188,0.5747888831434997
2018-06-28,55.64705276489258,85.96276092529297,97.10926055908203,0.5730354905857457
2018-06-29,55.516510009765625,86.00779724121094,96.77534484863281,0.573663778688668
2018-07-02,55.56962203979492,86.01905822753906,96.69967651367188,0.5746619228032083
2018-07-03,55.576171875,86.33537292480469,97.2176284790039,0.5716676362559368
2018-07-05,55.78591537475586,86.60641479492188,97.49650573730469,0.5721837408723739
2018-07-06,55.93013381958008,86.72686767578125,97.81531524658203,0.5717932174382523
2018-07-09,56.01532745361328,86.78716278076172,97.18575286865234,0.5763738593384016
2018-07-10,56.02189254760742,86.68923950195312,97.1777572631836,0.5764888398883812
2018-07-11,55.936683654785156,86.8624038696289,97.55229949951172,0.5734020001759685
2018-07-12,56.11363983154297,87.05064392089844,97.5443115234375,0.5752630671657387
2018-07-13,56.11363983154297,87.1184310913086,97.79137420654297,0.573809707521101
2018-07-16,56.074344635009766,86.97540283203125,97.38496398925781,0.5758008458184071
2018-07-17,56.09398651123047,86.91512298583984,97.20165252685547,0.5770888153957309
2018-07-18,56.12021255493164,86.90011596679688,96.81121826171875,0.5796870813382047
2018-07-19,56.09398651123047,87.03560638427734,97.4248046875,0.5757669896404478
2018-07-20,56.12021255493164,86.77963256835938,96.22952270507812,0.583191218010376
2018-07-23,56.10054016113281,86.43323516845703,95.04217529296875,0.5902699510843703
2018-07-24,56.218528747558594,86.70429992675781,95.36891174316406,0.5894848511951094
2018-07-25,56.32338333129883,86.81724548339844,95.217529296875,0.5915232599208741
2018-07-26,56.329925537109375,86.90011596679688,95.03421783447266,0.5927330894144139
2018-07-27,56.31027603149414,87.01302337646484,95.19357299804688,0.5915344309289607
2018-07-30,56.329925537109375,86.89256286621094,94.86685180664062,0.593778801176222
2018-07-31,56.44794464111328,87.16363525390625,95.38481903076172,0.5917917045364289
2018-08-01,56.498626708984375,86.85623168945312,94.60774230957031,0.5971881933733567
2018-08-02,56.53152084350586,86.96196746826172,94.74352264404297,0.5966795329734375
2018-08-03,56.57760238647461,87.23387145996094,95.2147216796875,0.5942106576418688
2018-08-06,56.68296432495117,87.31694793701172,95.27061462402344,0.5949679714846512
2018-08-07,56.70927429199219,87.0450668334961,94.77548217773438,0.5983538462578765
2018-08-08,56.67634582519531,86.90911102294922,94.87129211425781,0.5974024866967914
2018-08-09,56.63686752319336,86.97704315185547,95.66992950439453,0.5920028144328442
2018-08-10,56.5380973815918,87.12055206298828,96.36479949951172,0.5867090231623246
2018-08-13,56.498626708984375,87.09793853759766,96.16508483886719,0.5875170474154174
2018-08-14,56.597354888916016,87.21118927001953,95.949462890625,0.5898663023620324
2018-08-15,56.498626708984375,87.39244079589844,96.50849914550781,0.5854264361090131
2018-08-16,56.571022033691406,87.50569915771484,96.50051879882812,0.5862250559670399
2018-08-17,56.63686752319336,87.58122253417969,96.62033081054688,0.5861796067977341
2018-08-20,56.66318130493164,87.80776977539062,97.26720428466797,0.5825517626588487
2018-08-21,56.748779296875,87.58879089355469,96.93978881835938,0.5854023408613758
2018-08-22,56.76850128173828,87.58122253417969,97.32316589355469,0.583298958275029
2018-08-23,56.76189041137695,87.61143493652344,97.47484588623047,0.5823234691504681
2018-08-24,56.86066818237305,87.78515625,97.66658020019531,0.582191657226259
2018-08-27,56.88042068481445,87.64922332763672,97.10750579833984,0.5857469020256402
2018-08-28,56.85409164428711,87.31694793701172,96.52449798583984,0.58901204181997
2018-08-29,56.8211784362793,87.22627258300781,96.65226745605469,0.5878928651323616
2018-08-30,56.775108337402344,87.30934143066406,96.85991668701172,0.5861568983262971
2018-08-31,56.847503662109375,87.18095397949219,96.63634490966797,0.5882621462478562
2018-09-04,56.729156494140625,87.0203857421875,96.07756805419922,0.590451628231666
2018-09-05,56.66963195800781,86.96736145019531,95.8214340209961,0.5914087232882628
2018-09-06,56.7159423828125,87.20976257324219,96.17364501953125,0.5897243716955352
2018-09-07,56.65644073486328,86.84617614746094,95.35719299316406,0.5941496279040518
2018-09-10,56.76884460449219,87.13406372070312,95.70938873291016,0.5931376780904247
2018-09-11,56.782012939453125,86.93707275390625,94.98097229003906,0.5978251387663256
2018-09-12,56.91426467895508,87.11126708984375,95.20509338378906,0.5978069308700041
2018-09-13,57.020050048828125,87.29312896728516,95.34921264648438,0.5980128043661461
2018-09-14,57.07294845581055,87.18707275390625,94.89295196533203,0.6014456002660918
2018-09-17,57.03325653076172,87.13406372070312,94.89295196533203,0.6010273192006728
2018-09-18,57.026641845703125,86.77802276611328,93.9003677368164,0.6073101013356751
2018-09-19,56.92087936401367,86.64923858642578,93.34004211425781,0.6098227306811868
2018-09-20,57.00021743774414,86.8764877319336,93.77230072021484,0.607857725575207
2018-09-21,57.01345443725586,86.89164733886719,93.7322769165039,0.6082585029705729
2018-09-24,56.98698425292969,86.69466400146484,93.49214935302734,0.6095376419013133
2018-09-25,56.94072341918945,86.69466400146484,93.3961181640625,0.6096690583988258
2018-09-26,57.00021743774414,87.00523376464844,94.0524673461914,0.6060470187128199
2018-09-27,57.10598373413086,87.11884307861328,94.11649322509766,0.6067585157210537
2018-09-28,57.14563751220703,87.05828094482422,93.86833953857422,0.6087850045405738
2018-10-01,57.31100845336914,86.93820190429688,93.17924499511719,0.6150619535109173
2018-10-02,57.26454162597656,87.01416778564453,93.74884796142578,0.6108292834653161
2018-10-03,57.11178207397461,86.50514221191406,92.12033081054688,0.6199693549888541
2018-10-04,56.89927673339844,86.14802551269531,91.47049713134766,0.6220505902760488
2018-10-05,56.64691925048828,85.8136978149414,90.68429565429688,0.6246607402282248
2018-10-08,56.5207405090332,85.72249603271484,90.37948608398438,0.6253713420821156
2018-10-09,56.60707473754883,85.96565246582031,91.29405212402344,0.6200521657275967
2018-10-10,56.20195388793945,85.73009490966797,91.04530334472656,0.617296574598043
2018-10-11,56.24846267700195,86.08719635009766,92.15238189697266,0.6103853369724977
2018-10-12,56.54731369018555,86.1024169921875,91.83149719238281,0.6157725335972852
2018-10-15,56.50745391845703,85.94287109375,91.79133605957031,0.6156077070474831
2018-10-16,56.70004653930664,86.1632080078125,91.99994659423828,0.6163052114516947
2018-10-17,56.587154388427734,85.73773193359375,91.45443725585938,0.6187469529785146
2018-10-18,56.34809112548828,85.73773193359375,91.42232513427734,0.6163493549603615
2018-10-19,56.381263732910156,85.63128662109375,91.22178649902344,0.6180679626737384
2018-10-22,56.407867431640625,85.52494049072266,91.10148620605469,0.6191761493775906
2018-10-23,56.354705810546875,85.64653778076172,91.39029693603516,0.6166377361700665
2018-10-24,56.07582092285156,85.76809692382812,92.08018493652344,0.6089890127990956
2018-10-25,56.18870162963867,85.66172790527344,91.69509887695312,0.6127775891821551
2018-10-26,55.93635177612305,85.80607604980469,92.24864196777344,0.6063650432454508
2018-10-29,55.883201599121094,85.70731353759766,92.04007720947266,0.6071616114786316
2018-10-30,56.01601791381836,85.517333984375,91.58281707763672,0.611643315867128
2018-10-31,56.01601791381836,85.27423095703125,91.11751556396484,0.6147667390524372
2018-11-01,56.27298355102539,85.53263092041016,91.20194244384766,0.6170151867727186
2018-11-02,56.2396240234375,85.18962097167969,90.06806182861328,0.6244125040733475
2018-11-05,56.28633499145508,85.34207153320312,90.42190551757812,0.6224856097565091
2018-11-06,56.43314743041992,85.48693084716797,90.36557006835938,0.6244983281545129
2018-11-07,56.76017379760742,85.70799255371094,90.4862289428711,0.6272796917356698
2018-11-08,56.62001037597656,85.45642852783203,90.47817993164062,0.6257863544420867
2018-11-09,56.29963684082031,85.5174331665039,91.15367889404297,0.6176342800849871
2018-11-12,55.952640533447266,85.50980377197266,91.7488021850586,0.60984600562512
2018-11-13,55.85920715332031,85.39543914794922,91.69247436523438,0.6092016552069358
2018-11-14,55.75242614746094,85.16675567626953,91.7488021850586,0.607663803991768
2018-11-15,55.73908996582031,85.00664520263672,91.7086181640625,0.6077846453438612
2018-11-16,55.57223892211914,85.1743392944336,92.23933410644531,0.6024787522640623
2018-11-19,55.398704528808594,85.09049987792969,92.49669647216797,0.59892630376781
2018-11-20,55.22521209716797,84.88468170166016,92.52885437011719,0.596843141235339
2018-11-21,55.505489349365234,85.06761932373047,92.49669647216797,0.6000807754909031
2018-11-23,55.19850158691406,85.10576629638672,92.59317779541016,0.5961400494200367
2018-11-26,55.45875930786133,85.14386749267578,92.38410949707031,0.6003062605655146
2018-11-27,55.432090759277344,85.03715515136719,92.48866271972656,0.599339304183219
2018-11-28,55.892581939697266,85.26583099365234,92.03825378417969,0.6072755581691028
2018-11-29,55.90593338012695,85.02188873291016,92.40015411376953,0.6050415599014224
2018-11-30,55.7924919128418,84.96851348876953,92.74597930908203,0.6015623785362132
2018-12-03,56.178611755371094,85.28436279296875,93.4045181274414,0.601454971147336
2018-12-04,55.829994201660156,85.2996597290039,94.96823120117188,0.5878807417545251
2018-12-06,55.63557052612305,85.55970764160156,95.2664794921875,0.5839994384455609
2018-12-07,55.52831268310547,85.56733703613281,95.44380950927734,0.5817906155318329
2018-12-10,55.56855010986328,85.82733917236328,95.83876037597656,0.5798129054660893
2018-12-11,55.669097900390625,85.98030090332031,95.82266235351562,0.5809596240919744
2018-12-12,55.85012435913086,86.07203674316406,95.39544677734375,0.5854590155595892
2018-12-13,55.98420715332031,86.30147552490234,95.16973876953125,0.5882563919702988
2018-12-14,55.74955368041992,86.20970153808594,95.50021362304688,0.5837636541889996
2018-12-17,55.38753890991211,86.30147552490234,96.05640411376953,0.5766147444402657
2018-12-18,55.287193298339844,86.60985565185547,96.63165283203125,0.5721437197648074
2018-12-19,54.78874206542969,86.54080200195312,97.90823364257812,0.5595927944675255
2018-12-20,54.31049346923828,86.25698852539062,97.55272674560547,0.5567296300273313
2018-12-21,54.04108810424805,86.17259979248047,97.53656768798828,0.5540597684052323
2018-12-24,53.636924743652344,85.97315979003906,98.02139282226562,0.5471961089239764
2018-12-26,54.539485931396484,85.90413665771484,96.97099304199219,0.5624309313588114
2018-12-27,54.50583267211914,85.90413665771484,96.98716735839844,0.5619901493844309
2018-12-28,54.5866584777832,86.3106689453125,97.80320739746094,0.5581274881502539
2018-12-31,54.627079010009766,86.54850006103516,98.17486572265625,0.5564263175498617
2019-01-02,54.55297088623047,86.8169937133789,98.69197082519531,0.5527599705436576
2019-01-03,54.57990646362305,86.85538482666016,99.81502532958984,0.546810525603734
2019-01-04,55.49599075317383,86.8016128540039,98.65962219238281,0.5624995263508975
2019-01-07,56.034873962402344,86.80929565429688,98.36876678466797,0.5696409113785504
2019-01-08,56.39860534667969,87.00113677978516,98.11021423339844,0.5748494770637308
2019-01-09,56.46595764160156,87.33097076416016,97.95674133300781,0.5764376894658358
2019-01-10,56.68821334838867,87.10086059570312,97.32649993896484,0.5824540426701756
2019-01-11,56.506343841552734,87.26190948486328,97.70623779296875,0.5783289288170618
2019-01-14,56.32448196411133,87.03177642822266,97.34268951416016,0.5786205645768393
2019-01-15,56.513118743896484,87.08550262451172,96.98716735839844,0.5826865582645849
2019-01-16,56.600650787353516,87.2542724609375,97.08414459228516,0.5830061234515045
2019-01-17,56.755592346191406,87.43073272705078,97.1083755493164,0.5844562018995789
2019-01-18,56.9172248840332,87.58414459228516,96.59937286376953,0.5892090517430318
2019-01-22,56.54002380371094,87.72991943359375,97.25379943847656,0.581365706328816
2019-01-23,56.6545295715332,87.95236206054688,97.21336364746094,0.5827854056875125
2019-01-24,56.71516036987305,88.1824951171875,97.85166931152344,0.5796034014433928
2019-01-25,56.85662841796875,88.25920867919922,97.3830337524414,0.5838453191189821
2019-01-28,56.769046783447266,88.24390411376953,97.2861099243164,0.5835267421794402
2019-01-29,56.73537826538086,88.43565368652344,97.77894592285156,0.5802412546985889
2019-01-30,57.1866455078125,88.84224700927734,97.70623779296875,0.5852916538346934
2019-01-31,57.328121185302734,89.46365356445312,98.54649353027344,0.5817367937875086
2019-02-01,57.300392150878906,89.25045013427734,97.9513168334961,0.5849884820668799
2019-02-04,57.43571472167969,89.12735748291016,97.51407623291016,0.5889992187845351
2019-02-05,57.63870620727539,89.48900604248047,97.95941162109375,0.5883937566940629
2019-02-06,57.58457565307617,89.3197250366211,98.00801086425781,0.5875496823706733
2019-02-07,57.38837814331055,89.3043212890625,98.65583801269531,0.5817028094771811
2019-02-08,57.374786376953125,89.5274887084961,99.07696533203125,0.5790930937849794
2019-02-11,57.4018669128418,89.32743072509766,98.68824768066406,0.5816484562435748
2019-02-12,57.6793327331543,89.45053100585938,98.43719482421875,0.5859505935348261
2019-02-13,57.59811782836914,89.2197036743164,98.06470489501953,0.5873480972591435
2019-02-14,57.60488510131836,89.3197250366211,98.62345123291016,0.5840891226294451
2019-02-15,57.7875862121582,89.42745971679688,98.77733612060547,0.5850287979177787
2019-02-19,57.80788803100586,89.48133850097656,99.02836608886719,0.5837508010495656
2019-02-20,57.85525894165039,89.40438842773438,98.74492645263672,0.5859061424224243
2019-02-21,57.801124572753906,89.15043640136719,97.86225891113281,0.5906375472616282
2019-02-22,57.91614532470703,89.55055236816406,98.44527435302734,0.5883080290580349
2019-02-25,57.96349334716797,89.51979064941406,98.15374755859375,0.5905377511191424
2019-02-26,58.03797149658203,89.65829467773438,98.63964080810547,0.5883838487357195
2019-02-27,58.0582275390625,89.40438842773438,97.52214813232422,0.5953337641853974
2019-02-28,58.0244140625,89.28125762939453,97.19011688232422,0.5970196962799701
2019-03-01,58.188907623291016,89.12532806396484,96.29183959960938,0.6042973928553658
2019-03-04,58.10053634643555,89.32604217529297,97.04647827148438,0.5986877358279935
2019-03-05,58.0733528137207,89.3569107055664,97.24937438964844,0.597159140387254
2019-03-06,57.97818374633789,89.4417724609375,97.60645294189453,0.5939994948986878
2019-03-07,57.937408447265625,89.735107421875,98.23941040039062,0.5897572899830357
2019-03-08,57.84225845336914,89.85089111328125,98.65325164794922,0.586318823628674
2019-03-11,58.03256607055664,89.95122528076172,98.36112213134766,0.5899949574900354
2019-03-12,58.13454055786133,90.19821166992188,99.05088806152344,0.5869158944011915
2019-03-13,58.2908821105957,90.05155181884766,98.8642578125,0.5896052162870294
2019-03-14,58.25006866455078,89.87403106689453,98.15013885498047,0.5934792282934704
2019-03-15,58.304447174072266,90.19821166992188,98.7993392944336,0.5901299299210715
2019-03-18,58.2840461730957,90.15189361572266,98.74253845214844,0.5902627893381605
2019-03-19,58.31803512573242,90.1673355102539,98.5234603881836,0.5919202887917119
2019-03-20,58.56951141357422,90.77714538574219,99.55399322509766,0.5883190569879501
2019-03-21,58.555938720703125,90.94686889648438,99.77311706542969,0.5868909426003303
2019-03-22,58.345218658447266,91.50267791748047,101.32306671142578,0.5758335249032481
2019-03-25,58.324851989746094,91.6878662109375,101.48539733886719,0.5747117666100783
2019-03-26,58.46759796142578,91.72647857666016,101.4123306274414,0.5765334215246296
2019-03-27,58.508365631103516,91.84999084472656,102.34558868408203,0.5716745233808345
2019-03-28,58.6239128112793,91.96576690673828,102.70259857177734,0.5708123613864347
2019-03-29,58.773460388183594,91.89627838134766,102.6052474975586,0.5728114479679225
2019-04-01,58.75910186767578,91.55411529541016,101.14784240722656,0.5809229388315426
2019-04-02,58.78641128540039,91.67794036865234,101.33488464355469,0.5801201776878862
2019-04-03,58.8068962097168,91.4843978881836,100.45655059814453,0.5853963316435332
2019-04-04,58.895626068115234,91.63150024414062,100.74120330810547,0.5846230155499501
2019-04-05,59.00486373901367,91.77863311767578,100.87133026123047,0.5849517755561114
2019-04-08,58.97073745727539,91.64695739746094,100.51349639892578,0.5866947183214853
2019-04-09,58.92978286743164,91.84053802490234,100.83061981201172,0.5844433266134844
2019-04-10,59.18919372558594,92.28958129882812,101.07464599609375,0.5855988229518353
2019-04-11,59.2779426574707,92.19664001464844,100.4809341430664,0.589942193143525
2019-04-12,59.36669921875,92.1424560546875,99.76525115966797,0.595063897786789
2019-04-15,59.325740814208984,91.99537658691406,100.01736450195312,0.5931544098330094
2019-04-16,59.29159927368164,91.73988342285156,99.39115142822266,0.596548067123463
2019-04-17,59.148223876953125,91.72438049316406,99.43183898925781,0.5948620127939427
2019-04-18,59.1755256652832,91.80183410644531,99.95233917236328,0.592037426590264
2019-04-22,59.07311248779297,91.65473937988281,99.47246551513672,0.5938639620710298
2019-04-23,59.2779426574707,92.0340576171875,99.68389892578125,0.5946591505374962
2019-04-24,59.19603729248047,92.34373474121094,100.49723052978516,0.5890315283358587
2019-04-25,59.223304748535156,92.29729461669922,100.3508529663086,0.5901624450408863
2019-04-26,59.37355041503906,92.62245178222656,100.6923828125,0.5896528491693257
2019-04-29,59.34622573852539,92.25859832763672,100.04993438720703,0.593166063546302
2019-04-30,59.35303497314453,92.29729461669922,100.56227111816406,0.5902117594719267
2019-05-01,59.15837097167969,92.26781463623047,100.97709655761719,0.5858592986769443
2019-05-02,59.199459075927734,91.93391418457031,100.49624633789062,0.5890713457782896
2019-05-03,59.350284576416016,92.34542846679688,100.781494140625,0.5889006219098306
2019-05-06,59.37771987915039,92.46967315673828,101.0586166381836,0.5875572202985742
2019-05-07,59.02122497558594,92.4619369506836,101.83282470703125,0.5795893921767123
2019-05-08,59.04179763793945,92.15133666992188,101.39279174804688,0.5823076435714847
2019-05-09,58.95270538330078,92.23673248291016,101.80840301513672,0.5790553985463831
2019-05-10,59.117210388183594,92.29109954833984,101.66981506347656,0.5814627512725811
2019-05-13,58.57560729980469,92.34542846679688,102.4685287475586,0.571644855408352
2019-05-14,58.70587158203125,92.4774169921875,102.1669692993164,0.5746071551759737
2019-05-15,58.76071548461914,92.73367309570312,102.79449462890625,0.571632904045577
2019-05-16,58.93896484375,92.58613586425781,102.45226287841797,0.5752822162034037
2019-05-17,58.918392181396484,92.59393310546875,102.68047332763672,0.5738032779942245
2019-05-20,58.86354446411133,92.37649536132812,102.4685287475586,0.5744548612494235
2019-05-21,59.04863357543945,92.45415496826172,102.30554962158203,0.5771791832784675
2019-05-22,59.096641540527344,92.57062530517578,102.89231872558594,0.5743542596035592
2019-05-23,58.80187225341797,92.77249908447266,104.04961395263672,0.5651330170257481
2019-05-24,58.71958541870117,92.96664428710938,104.13922882080078,0.5638565417047963
2019-05-28,58.66472244262695,93.02872467041016,104.8890380859375,0.5593027022953712
2019-05-29,58.50705337524414,93.06755065917969,105.20687103271484,0.5561143754294426
2019-05-30,58.63043212890625,93.60334014892578,106.11156463623047,0.552535742262419
2019-05-31,58.205379486083984,93.82072448730469,107.43999481201172,0.5417477875713436
2019-06-03,58.29907989501953,94.10968780517578,108.15863037109375,0.5390145908375003
2019-06-04,58.88444900512695,94.14081573486328,106.92547607421875,0.5507055116056184
2019-06-05,59.02220153808594,94.07853698730469,106.32112884521484,0.5551314416912564
2019-06-06,59.14619445800781,94.25765991210938,106.66410827636719,0.5545088728887111
2019-06-07,59.29769515991211,94.67825317382812,107.58695220947266,0.5511606560288
2019-06-10,59.387210845947266,94.3355712890625,106.57430267333984,0.5572376206671001
2019-06-11,59.4698371887207,94.42121887207031,106.63961791992188,0.5576711390074368
2019-06-12,59.332115173339844,94.56144714355469,106.72129821777344,0.5559538364335473
2019-06-13,59.4698371887207,94.80289459228516,107.0887680053711,0.5553321631801569
2019-06-14,59.428558349609375,94.8418197631836,107.35826873779297,0.5535536204924748
2019-06-17,59.339012145996094,94.88853454589844,107.54617309570312,0.5517538229202403
2019-06-18,59.7522087097168,95.51941680908203,108.08509063720703,0.552825633558268
2019-06-19,60.034584045410156,96.12692260742188,108.24028015136719,0.554641802122607
2019-06-20,60.33761978149414,96.64877319335938,108.52613830566406,0.5559731574669424
2019-06-21,60.14478302001953,96.29825592041016,107.3337631225586,0.5603528775129544
2019-06-24,60.13789749145508,96.53971099853516,108.13414001464844,0.5561416355954601
2019-06-25,59.883052825927734,96.25157165527344,108.46891784667969,0.552075691495071
2019-06-26,59.85554122924805,96.05686950683594,107.7747802734375,0.5553761378811201
2019-06-27,60.020835876464844,96.61761474609375,108.53428649902344,0.5530126728847561
2019-06-28,60.04145431518555,96.86686706542969,108.4607925415039,0.5535774993734249
2019-07-01,60.05945587158203,97.05042266845703,108.20709228515625,0.5550417685497768
2019-07-02,60.19093322753906,97.31597900390625,109.04173278808594,0.5519990529177983
2019-07-03,60.419193267822266,97.58151245117188,109.81910705566406,0.5501701378540399
2019-07-05,60.17707443237305,96.7223892211914,108.36260986328125,0.555330611806943
2019-07-08,60.05945587158203,96.58958435058594,108.50984954833984,0.5534931263988737
2019-07-09,59.99026870727539,96.38650512695312,108.4689712524414,0.5530638671556972
2019-07-10,60.156314849853516,96.6052017211914,107.87166595458984,0.5576655771236276
2019-07-11,60.03873062133789,96.03499603271484,106.43148803710938,0.5641068421443496
2019-07-12,60.135562896728516,96.12873077392578,106.55420684814453,0.5643659192398717
2019-07-15,60.17707443237305,96.29273223876953,107.16791534423828,0.561521368023964
2019-07-16,60.05256271362305,96.08965301513672,106.84880828857422,0.5620330603167308
2019-07-17,59.9764518737793,96.59739685058594,108.0025405883789,0.5553244539159736
2019-07-18,60.004119873046875,96.82390594482422,108.0107650756836,0.5555383283416402
2019-07-19,59.900360107421875,96.67547607421875,107.75709533691406,0.5558832104757186
2019-07-22,60.10099792480469,96.97228240966797,107.961669921875,0.5566882947280823
2019-07-23,60.20474624633789,97.02699279785156,107.37248229980469,0.5607092707257584
2019-07-24,60.25318145751953,97.30037689208984,107.83889770507812,0.5587332839983417
2019-07-25,60.170143127441406,96.98790740966797,107.32334899902344,0.5606435476402148
2019-07-26,60.30158233642578,97.12069702148438,107.57703399658203,0.5605432692849823
2019-07-29,60.21166229248047,97.0582275390625,107.60974884033203,0.5595372439891171
2019-07-30,60.23933029174805,97.02699279785156,107.87166595458984,0.5584351530929973
2019-07-31,60.135562896728516,97.11293029785156,108.7389907836914,0.5530266785016695
2019-08-01,60.105690002441406,97.90242767333984,110.89862823486328,0.5419876779282463
2019-08-02,60.015384674072266,98.0042953491211,111.92346954345703,0.5362180507705743
2019-08-05,59.390159606933594,98.07478332519531,113.8583984375,0.5216142192579187
2019-08-06,59.77225875854492,98.68572998046875,114.76848602294922,0.5208072427355434
2019-08-07,59.76526641845703,98.67003631591797,114.80945587158203,0.5205604883739398
2019-08-08,60.00151062011719,98.93635559082031,115.05550384521484,0.521500568115696
2019-08-09,59.91814422607422,98.64655303955078,114.82584381103516,0.5218175825006729
2019-08-12,59.70969772338867,99.2653579711914,117.21997833251953,0.5093815795973733
2019-08-13,59.973690032958984,99.18701171875,116.81822204589844,0.5133932787420359
2019-08-14,59.43879318237305,99.47687530517578,119.45004272460938,0.4976037833607851
2019-08-15,59.61245346069336,99.96247100830078,120.77830505371094,0.493569217039296
2019-08-16,59.81393051147461,100.14264678955078,119.8108139038086,0.49923649262158315
2019-08-19,59.98758316040039,99.81365966796875,118.09723663330078,0.507950777431529
2019-08-20,60.03622055053711,100.393310546875,119.31881713867188,0.5031580264558209
2019-08-21,60.29325485229492,100.57343292236328,118.52363586425781,0.5087023732662681
2019-08-22,60.40436553955078,100.20533752441406,117.73646545410156,0.5130472135933013
2019-08-23,60.12651824951172,100.57343292236328,119.67144775390625,0.502429939455204
2019-08-26,60.42526626586914,100.581298828125,119.18766784667969,0.50697582524728
2019-08-27,60.39747619628906,101.12169647216797,121.02424621582031,0.4990526946855207
2019-08-28,60.54336166381836,101.12169647216797,121.18006896972656,0.49961484738008705
2019-08-29,60.60586166381836,100.90242004394531,120.7209701538086,0.5020325929008145
2019-08-30,60.55030059814453,100.88675689697266,120.75366973876953,0.5014365255245247
2019-09-03,60.376590728759766,100.79173278808594,120.9097671508789,0.49935246879946443
2019-09-04,60.50214767456055,100.98021697998047,121.09049987792969,0.49964404916613814
2019-09-05,60.739341735839844,100.24195861816406,118.8974838256836,0.5108547277997085
2019-09-06,60.79521179199219,100.60321807861328,119.74342346191406,0.5077123238532502
2019-09-09,60.85796356201172,99.86487579345703,117.61617279052734,0.517428531452038
2019-09-10,60.89284133911133,99.0245590209961,115.55463409423828,0.5269614829073093
2019-09-11,60.885921478271484,98.94600677490234,115.34932708740234,0.5278394162814412
2019-09-12,60.920745849609375,98.8125,114.59365844726562,0.5316240590891357
2019-09-13,60.80915832519531,97.92497253417969,112.14604187011719,0.5422318729324563
2019-09-16,61.02541732788086,98.41978454589844,113.57514953613281,0.5373131145072032
2019-09-17,61.0602912902832,98.67111206054688,114.19115447998047,0.5347199751885164
2019-09-18,61.02541732788086,98.9145736694336,114.67574310302734,0.5321562841154142
2019-09-19,60.95563888549805,99.19734954833984,115.02075958251953,0.5299533676072322
2019-09-20,61.03236389160156,99.8806381225586,116.54020690917969,0.5237022098232961
2019-09-23,61.004486083984375,99.80997467041016,116.51557922363281,0.52357364131449
2019-09-24,60.920745849609375,100.12410736083984,117.92001342773438,0.5166277044815959
2019-09-25,60.85796356201172,99.55860900878906,116.19527435302734,0.5237559263994812
2019-09-26,60.81614303588867,99.77070617675781,116.94270324707031,0.5200507714226476
2019-09-27,60.746368408203125,99.79423522949219,117.23009490966797,0.5181806638902019
2019-09-30,60.81614303588867,100.12410736083984,117.51760864257812,0.5175066420969888
2019-10-01,60.67601776123047,100.23908996582031,117.8713607788086,0.5147647177425227
2019-10-02,60.318756103515625,100.19970703125,118.15937805175781,0.5104864048716807
2019-10-03,60.35383224487305,100.59345245361328,119.23719787597656,0.506166140432531
2019-10-04,60.54290771484375,101.01083374023438,120.1175308227539,0.5040305715589609
2019-10-07,60.493896484375,100.49893951416016,119.12201690673828,0.5078313653112189
2019-10-08,60.26974868774414,100.41236114501953,119.44287872314453,0.5045905568589216
2019-10-09,60.451873779296875,100.4516830444336,118.76824951171875,0.5089901891105345
2019-10-10,60.52888488769531,99.861083984375,116.99919891357422,0.5173444386777999
2019-10-11,60.78108215332031,99.67997741699219,115.5511703491211,0.5260100955245982
2019-10-14,60.823116302490234,100.0107192993164,116.39034271240234,0.5225787198924454
2019-10-15,60.95622253417969,99.74298095703125,114.98345947265625,0.5301303579987993
2019-10-16,60.90713882446289,99.85321044921875,115.12322998046875,0.5290603715235934
2019-10-17,60.99125671386719,99.9950180053711,114.84355926513672,0.5310812126003345
2019-10-18,61.005226135253906,100.12095642089844,114.84355926513672,0.5312028513015042
2019-10-21,61.02627944946289,99.89259338378906,113.97965240478516,0.5354138055513218
2019-10-22,61.04029846191406,100.06584930419922,114.64606475830078,0.5324238436844779
2019-10-23,61.096309661865234,100.12095642089844,114.76129913330078,0.5323772920250661
2019-10-24,61.16633605957031,100.34146118164062,114.53093719482422,0.5340595087903854
2019-10-25,61.21538543701172,100.16822052001953,113.97139739990234,0.5371118265946976
2019-10-28,61.20839309692383,99.86898040771484,112.93474578857422,0.5419801733251555
2019-10-29,61.096309661865234,99.60908508300781,113.0087661743164,0.5406333661551881
2019-10-30,61.019264221191406,99.96345520019531,114.6625747680664,0.5321637364643002
2019-10-31,60.80912399291992,100.56985473632812,116.20939636230469,0.5232720063645802
2019-11-01,61.07007598876953,100.66854858398438,115.85166931152344,0.5271402332973986
2019-11-04,61.19670867919922,100.19477081298828,114.32685852050781,0.5352784942325851
2019-11-05,61.13340377807617,99.61835479736328,113.04108428955078,0.5408069478658316
2019-11-06,61.06304931640625,100.17899322509766,113.7251968383789,0.5369350945436154
2019-11-07,61.0349006652832,99.39724731445312,111.6646957397461,0.5465908473662581
2019-11-08,61.09115982055664,99.26305389404297,111.19485473632812,0.549406354866146
2019-11-11,61.0560417175293,99.29461669921875,111.26905822753906,0.5487243505977473
2019-11-12,61.07007598876953,99.38935089111328,111.78005981445312,0.5463414144717893
2019-11-13,61.00676727294922,99.62623596191406,112.5053482055664,0.5422565970950952
2019-11-14,60.971595764160156,100.14737701416016,113.6675033569336,0.5364030524423492
2019-11-15,61.154483795166016,100.16317749023438,113.54387664794922,0.5385978143478384
2019-11-18,61.07710647583008,100.27371215820312,113.74991607666016,0.5369419915410577
2019-11-19,60.85906982421875,100.47113037109375,114.69782257080078,0.5306035324833791
2019-11-20,60.73242950439453,100.6132583618164,115.88465118408203,0.5240765613378898
2019-11-21,60.74650955200195,100.37638854980469,115.15931701660156,0.5274997379781666
2019-11-22,60.97863006591797,100.65272521972656,115.3077392578125,0.5288338012557683
2019-11-25,61.14039611816406,101.00019836425781,115.6456527709961,0.5286873708883423
2019-11-26,61.21076583862305,101.26075744628906,116.32150268554688,0.5262205561777752
2019-11-27,61.28814697265625,101.25287628173828,115.98351287841797,0.5284211992863397
2019-11-29,61.154483795166016,101.04755401611328,115.73628997802734,0.5283950592055116
2019-12-02,61.112823486328125,100.60892486572266,114.19317626953125,0.5351705371788849
2019-12-03,61.02808380126953,101.3848648071289,116.58753204345703,0.5234529175771713
2019-12-04,61.21168518066406,101.25025177001953,115.42340087890625,0.530323008285667
2019-12-05,61.303489685058594,101.139404296875,114.8619613647461,0.5337144600063752
2019-12-06,61.38824462890625,101.08396911621094,114.2261962890625,0.5374270230758298
2019-12-09,61.38824462890625,101.06816864013672,114.4738998413086,0.5362641153486232
2019-12-10,61.53653335571289,101.06816864013672,114.4821548461914,0.5375207466909424
2019-12-11,61.663631439208984,101.4640121459961,115.38209533691406,0.5344298113078295
2019-12-12,61.804866790771484,100.99689483642578,113.48316955566406,0.5446170302853225
2019-12-13,61.868446350097656,101.6540298461914,114.79584503173828,0.538943254723135
2019-12-16,61.98846435546875,101.4244613647461,113.76386260986328,0.5448871278927054
2019-12-17,62.17915725708008,101.34528350830078,113.60696411132812,0.5473181837351817
2019-12-18,62.29212188720703,101.27401733398438,112.67400360107422,0.5528526536409784
2019-12-19,62.25954818725586,101.37401580810547,112.85427856445312,0.5516808842271611
2019-12-20,62.16741943359375,101.3422622680664,113.00313568115234,0.5501388882606253
2019-12-23,62.195770263671875,101.38988494873047,112.83772277832031,0.5511966098949105
2019-12-24,62.245357513427734,101.49309539794922,113.16024780273438,0.5500638141225743
2019-12-26,62.337467193603516,101.67569732666016,113.43311309814453,0.5495526437652111
2019-12-27,62.309146881103516,101.81857299804688,113.55720520019531,0.5487027157039996
2019-12-30,62.266605377197266,102.00118255615234,113.14375305175781,0.5503318008968051
2019-12-31,62.323326110839844,101.58042907714844,112.03559875488281,0.5562814569964855
2020-01-02,62.585533142089844,101.79476928710938,113.30087280273438,0.5523835041505472
2020-01-03,62.52174758911133,102.14405059814453,115.04570770263672,0.5434513710908173
2020-01-06,62.457977294921875,101.80270385742188,114.39242553710938,0.5459974906700465
2020-01-07,62.40129470825195,101.54075622558594,113.8301010131836,0.5481967788206105
2020-01-08,62.457977294921875,101.3978500366211,113.07758331298828,0.5523462340192041
2020-01-09,62.620967864990234,101.88208770751953,113.47445678710938,0.5518507833218721
2020-01-10,62.642242431640625,102.16790008544922,114.48338317871094,0.5471732289205219
2020-01-13,62.642242431640625,101.92176055908203,114.13604736328125,0.5488383720899142
2020-01-14,62.63515853881836,102.0488052368164,114.72319030761719,0.5459677190886106
2020-01-15,62.6493034362793,102.27107238769531,115.48397064208984,0.5424935000758091
2020-01-16,62.67058563232422,102.41397094726562,115.12017822265625,0.5443927085581103
2020-01-17,62.620967864990234,102.3980941772461,114.13604736328125,0.5486519755294772
2020-01-21,62.486324310302734,102.8902816772461,115.33511352539062,0.5417805766198565
2020-01-22,62.599693298339844,102.94581604003906,115.74034118652344,0.5408632172377665
2020-01-23,62.40835952758789,103.08081817626953,116.5508041381836,0.5354605657940895
2020-01-24,62.14612579345703,103.25542449951172,117.49348449707031,0.5289325281267544
2020-01-27,61.72801971435547,103.45390319824219,119.32103729248047,0.5173272133316053
2020-01-28,62.25954818725586,103.39830780029297,118.38663482666016,0.5259001430221858
2020-01-29,62.2241325378418,103.73175811767578,119.54434967041016,0.5205108623652802
2020-01-30,62.28788757324219,103.79524993896484,119.56086730957031,0.5209721957935004
2020-01-31,62.032745361328125,104.0651626586914,120.65245056152344,0.514144097965886
2020-02-03,62.02279281616211,103.9831771850586,120.55467224121094,0.5144785487207353
2020-02-04,62.39287567138672,103.72846984863281,118.93118286132812,0.5246132609656782
2020-02-05,62.64905548095703,103.66482543945312,117.63077545166016,0.5325906867518899
2020-02-06,62.69891357421875,103.61707305908203,118.1607894897461,0.5306236852764065
2020-02-07,62.60636520385742,104.0149917602539,119.63526153564453,0.5233103050073934
2020-02-10,62.69176483154297,104.26173400878906,119.96658325195312,0.5225768971004041
2020-02-11,62.73447036743164,104.11053466796875,119.3619384765625,0.5255818661134594
2020-02-12,62.898155212402344,104.06279754638672,118.75727081298828,0.5296362469583065
2020-02-13,62.919517517089844,103.99114990234375,119.21277618408203,0.5277917311474474
2020-02-14,62.91238784790039,104.24581146240234,119.73464965820312,0.5254317612110724
2020-02-18,62.78428649902344,104.44480895996094,120.55467224121094,0.5207951324640654
2020-02-19,62.81272888183594,104.3015365600586,120.54642486572266,0.5210667089613267
2020-02-20,62.919517517089844,104.65174865722656,121.49073028564453,0.5178956235521491
2020-02-21,62.86256408691406,104.85869598388672,122.62554168701172,0.5126384211811589
2020-02-24,62.186492919921875,104.87458038330078,124.45613861083984,0.4996659354374793
2020-02-25,61.75234603881836,104.9780502319336,125.11881256103516,0.4935496491280596
2020-02-26,61.816402435302734,104.58807373046875,124.45613861083984,0.4966922734811465
2020-02-27,60.983734130859375,104.03092193603516,125.80630493164062,0.48474306724131283
2020-02-28,61.23284912109375,105.20086669921875,128.6474609375,0.47597401981250237
2020-03-02,61.69745635986328,105.09635925292969,127.70094299316406,0.4831401782457158
2020-03-03,61.432987213134766,106.29338073730469,129.6835174560547,0.4737146895630149
2020-03-04,62.27649688720703,106.44498443603516,128.30654907226562,0.48537270573874813
2020-03-05,61.49015808105469,106.40509033203125,131.50027465820312,0.46760478820961054
2020-03-06,60.79677963256836,107.14720153808594,138.34410095214844,0.4394605856999803
2020-03-09,58.18045425415039,104.5457534790039,142.09359741210938,0.40945162423758996
2020-03-10,59.07400131225586,102.19164276123047,134.8101348876953,0.4382014850846929
2020-03-11,57.787315368652344,98.83208465576172,129.8494873046875,0.4450330653447736
2020-03-12,55.47841262817383,94.11590576171875,130.65423583984375,0.42462008423652936
2020-03-13,57.22260665893555,98.19367218017578,127.70094299316406,0.4480985442840365
2020-03-16,54.07733917236328,96.7972183227539,135.97157287597656,0.3977106245706867
2020-03-17,54.58484649658203,92.8311538696289,126.90461730957031,0.43012498405340216
2020-03-18,52.17585754394531,88.18681335449219,119.74554443359375,0.4357227468524311
2020-03-19,51.00352096557617,83.82969665527344,123.00570678710938,0.41464353400976667
2020-03-20,49.85979461669922,85.1783218383789,132.2551727294922,0.3769969339398152
2020-03-23,49.05918884277344,91.47450256347656,137.70533752441406,0.3562620717884347
2020-03-24,51.08216094970703,93.34981536865234,135.14195251464844,0.37798892201272644
2020-03-25,52.519004821777344,97.81861114501953,134.8350830078125,0.38950548811346325
2020-03-26,54.92083740234375,97.89839935302734,135.4987335205078,0.40532362167083613
2020-03-27,55.06379699707031,97.69892120361328,139.1155548095703,0.3958133730799904
2020-03-30,55.53558349609375,98.88792419433594,137.97079467773438,0.40251695024161543
2020-03-31,55.09238815307617,98.56076049804688,136.8508758544922,0.4025724191320018
2020-04-01,53.580108642578125,97.12879180908203,138.7681884765625,0.3861123304324725
2020-04-02,53.99679946899414,97.3847885131836,139.6488494873047,0.3866612554792507
2020-04-03,52.84013366699219,96.8807373046875,139.9811248779297,0.3774804189712816
2020-04-06,54.12611389160156,98.79277801513672,139.61557006835938,0.3876796396354649
2020-04-07,54.12611389160156,98.94474792480469,138.1535186767578,0.39178237666347215
2020-04-08,55.53422927856445,100.728759765625,137.1483154296875,0.4049209726315265
2020-04-09,59.16943359375,105.46482849121094,137.39749145507812,0.4306442058521523
2020-04-13,58.321746826171875,104.4407730102539,136.1431427001953,0.42838548948883787
2020-04-14,58.56596755981445,103.92882537841797,136.10986328125,0.4302845227226254
2020-04-15,58.01997756958008,104.62480926513672,139.7152862548828,0.41527293916668606
2020-04-16,57.962501525878906,104.10478973388672,141.30203247070312,0.410202886061788
2020-04-17,58.25702667236328,104.44880676269531,139.40794372558594,0.41788885995648756
2020-04-20,57.38058853149414,103.8568115234375,140.52944946289062,0.4083171801412809
2020-04-21,56.3316650390625,103.4887924194336,142.29893493652344,0.3958684937746784
2020-04-22,56.82741165161133,103.55278778076172,140.84512329101562,0.4034744712757569
2020-04-23,56.79864501953125,103.9927749633789,141.59278869628906,0.4011408034441789
2020-04-24,56.267024993896484,103.92078399658203,141.9250946044922,0.3964557864181655
2020-04-27,56.49691390991211,103.08079528808594,139.2833251953125,0.4056258265710437
2020-04-28,56.6693115234375,103.36080169677734,140.8866729736328,0.402233300903083
2020-04-29,57.66793441772461,104.04078674316406,140.15562438964844,0.4114564411443186
2020-04-30,57.78289794921875,103.33677673339844,138.5189666748047,0.4171479136490622
2020-05-01,56.786170959472656,102.92777252197266,139.70518493652344,0.4064714633553083
2020-05-04,56.70677185058594,103.08819580078125,139.04815673828125,0.407821097242737
2020-05-05,57.197532653808594,102.95182800292969,138.15809631347656,0.4140005846926923
2020-05-06,56.872798919677734,101.7969970703125,135.92877197265625,0.41840147670221284
2020-05-07,57.01713943481445,102.06961059570312,138.1996307373047,0.41257085225643536
2020-05-08,57.55844497680664,101.58042907714844,136.40286254882812,0.4219738787094915
2020-05-11,57.29861068725586,100.69020080566406,135.3380889892578,0.42337387142952654
2020-05-12,57.2264289855957,101.66063690185547,136.72727966308594,0.41854433970023525
2020-05-13,56.923309326171875,101.89320373535156,137.68385314941406,0.4134348946815055
2020-05-14,56.72844314575195,102.73529815673828,139.0314178466797,0.4080260708289017
2020-05-15,56.80782699584961,103.09619140625,138.67373657226562,0.40965094328619267
2020-05-18,57.811031341552734,103.68165588378906,135.62930297851562,0.4262429288655291
2020-05-19,57.883201599121094,103.76189422607422,136.1366729736328,0.42518448802059394
2020-05-20,58.49671173095703,104.90067291259766,136.5443115234375,0.42840826599294995
2020-05-21,58.48222351074219,104.82049560546875,136.8853759765625,0.42723499930887804
2020-05-22,58.6265869140625,104.82049560546875,137.70883178710938,0.42572859092070525
2020-05-26,59.066856384277344,104.67613220214844,135.8621063232422,0.43475592998496493
2020-05-27,59.1895637512207,105.10918426513672,135.61265563964844,0.4364604724539863
2020-05-28,59.247291564941406,105.19743347167969,135.113525390625,0.4385000790531689
2020-05-29,59.48545455932617,105.87911987304688,136.07850646972656,0.43714070724725307
2020-06-01,59.9354248046875,105.83248901367188,135.1622772216797,0.44343307938195947
2020-06-02,60.529541015625,106.17015838623047,134.6708221435547,0.44946292041718205
2020-06-03,60.81214141845703,106.1058578491211,132.8801727294922,0.4576464657541797
2020-06-04,60.62376022338867,105.7842788696289,130.95611572265625,0.46293187522284135
2020-06-05,61.196144104003906,106.3309555053711,130.02330017089844,0.4706552135161134
2020-06-08,61.26858901977539,106.68468475341797,130.5230712890625,0.46940811624089895
2020-06-09,60.79041290283203,106.45956420898438,132.00563049316406,0.46051378775074353
2020-06-10,60.70343780517578,107.15900421142578,133.96292114257812,0.4531361162285233
2020-06-11,59.14564514160156,105.8807144165039,136.4949493408203,0.4333174628602423
2020-06-12,59.732547760009766,106.39527130126953,135.17889404296875,0.44187776636952536
2020-06-15,60.31217956542969,107.90666198730469,135.25381469726562,0.4459185103239014
2020-06-16,60.558509826660156,107.60922241210938,133.17996215820312,0.45471187140542446
2020-06-17,60.27597427368164,107.40016174316406,133.72972106933594,0.4507298287299191
2020-06-18,60.25419616699219,107.64137268066406,135.14561462402344,0.44584647703604746
2020-06-19,60.051326751708984,107.72181701660156,135.25381469726562,0.4439898932693321
2020-06-22,60.00788116455078,107.61729431152344,135.27052307128906,0.4436138768601195
2020-06-23,60.09481430053711,107.41627502441406,134.3460235595703,0.4473136808093951
2020-06-24,59.47893142700195,107.11876678466797,135.7869873046875,0.43803115900597556
2020-06-25,59.500709533691406,107.23133087158203,136.17837524414062,0.43693214452748846
2020-06-26,58.935523986816406,107.32784271240234,137.63600158691406,0.42819846048491855
2020-06-29,58.60221481323242,107.82630920410156,137.20277404785156,0.427121209610485
2020-06-30,59.13838195800781,108.1318130493164,136.53660583496094,0.4331320644479146
2020-07-01,59.322471618652344,108.55889129638672,136.27137756347656,0.43532598465895267
2020-07-02,59.7590446472168,108.82479858398438,136.41314697265625,0.4380739391577513
2020-07-06,60.18836975097656,109.1068344116211,135.85440063476562,0.44303584918672223
2020-07-07,59.788169860839844,109.25186920166016,137.76402282714844,0.4339897212195643
2020-07-08,59.94824981689453,109.07453918457031,137.21365356445312,0.4368971181773478
2020-07-09,59.817237854003906,109.68699645996094,139.39837646484375,0.4291100037961332
2020-07-10,60.02100372314453,109.48554992675781,138.69798278808594,0.4327460466014816
2020-07-13,59.693565368652344,109.19548034667969,139.15663146972656,0.42896673150383524
2020-07-14,60.202880859375,109.83203125,139.356689453125,0.43200567619414687
2020-07-15,60.544921875,110.04963684082031,138.7062530517578,0.4364974220189471
2020-07-16,60.603111267089844,110.3558120727539,139.36500549316406,0.43485171225471275
2020-07-17,60.77044677734375,110.65394592285156,139.07318115234375,0.4369674028724093
2020-07-20,61.13426208496094,110.960205078125,139.4150848388672,0.43850536084827935
2020-07-21,61.41801452636719,111.10523223876953,139.49851989746094,0.4402771769299975
2020-07-22,61.541690826416016,111.46788787841797,139.91539001464844,0.43984933194248976
2020-07-23,61.49808883666992,111.54844665527344,141.54977416992188,0.43446264183258404
2020-07-24,61.556251525878906,111.29859161376953,141.54144287109375,0.4348991382116976
2020-07-27,61.70177459716797,110.960205078125,141.01611328125,0.4375512355393506
2020-07-28,61.541690826416016,110.847412109375,141.9917755126953,0.43341729198191237
2020-07-29,61.883724212646484,111.45171356201172,141.74990844726562,0.4365697649509856
2020-07-30,62.0146598815918,111.3308334350586,142.68386840820312,0.434629790833639
2020-07-31,62.13108444213867,111.48395538330078,142.59217834472656,0.43572575412890063
2020-08-03,62.14641189575195,111.63339233398438,141.87411499023438,0.4380391158741655
2020-08-04,62.12453079223633,112.04521942138672,143.22657775878906,0.43375001877697295
2020-08-05,62.234073638916016,111.89176940917969,141.97439575195312,0.43834716329870255
2020-08-06,62.37288284301758,112.36817932128906,142.7674102783203,0.43688459937337043
2020-08-07,62.219482421875,112.05330657958984,141.81578063964844,0.43873454802589057
2020-08-10,62.248714447021484,111.81101989746094,141.18136596679688,0.4409131050740873
2020-08-11,61.68619918823242,111.10848236083984,139.5033721923828,0.44218428715231173
2020-08-12,61.70078659057617,110.83391571044922,138.23448181152344,0.4463487386215434
2020-08-13,61.5328254699707,109.83258819580078,136.7569122314453,0.44994307392545896
2020-08-14,61.423194885253906,109.34806060791016,136.22262573242188,0.45090303137971877
2020-08-17,61.78845977783203,109.57418823242188,136.5648651123047,0.45244770481060437
2020-08-18,61.8834342956543,109.88909912109375,137.5415802001953,0.44992528227159645
2020-08-19,61.70808410644531,109.59838104248047,136.6817169189453,0.4514728487281097
2020-08-20,61.91265869140625,109.98600769042969,137.91726684570312,0.4489115837879234
2020-08-21,61.905357360839844,110.18790435791016,138.7436981201172,0.4461850029919583
2020-08-24,62.19025421142578,109.9940414428711,138.51828002929688,0.44896784885195246
2020-08-25,62.25601577758789,109.51760864257812,137.45816040039062,0.45290883856038405
2020-08-26,62.248714447021484,109.55801391601562,136.93218994140625,0.4545951866661734
2020-08-27,62.153709411621094,108.68588256835938,134.60304260253906,0.4617556052960178
2020-08-28,62.20487976074219,109.01698303222656,134.50289916992188,0.4624798435174007
2020-08-31,62.11721420288086,109.50150299072266,135.39610290527344,0.4587814041172193
2020-09-01,62.45534133911133,110.19338989257812,136.94479370117188,0.45606218134437104
2020-09-02,62.52869415283203,110.63043975830078,138.24855041503906,0.45229186103661295
2020-09-03,62.13998031616211,110.38766479492188,138.64132690429688,0.4482067627573768
2020-09-04,61.97123718261719,109.21415710449219,136.00872802734375,0.4556416200742517
2020-09-08,61.626502990722656,109.31937408447266,136.84449768066406,0.45033964854423514
2020-09-09,62.1106071472168,109.39221954345703,136.47677612304688,0.45510019295310833
2020-09-10,61.81721115112305,109.4731674194336,137.17044067382812,0.45065985679899956
2020-09-11,61.941890716552734,109.55406188964844,137.46298217773438,0.45060779080483093
2020-09-14,61.87590026855469,109.82923889160156,137.45462036132812,0.4501551137815592
2020-09-15,62.04460906982422,109.95060729980469,137.1202850341797,0.45248308121849723
2020-09-16,62.04460906982422,110.02344512939453,136.7107696533203,0.45383848856356235
2020-09-17,61.97856521606445,110.0477294921875,137.12867736816406,0.4519737694958142
2020-09-18,61.82453918457031,109.84542083740234,136.70240783691406,0.4522564025231141
2020-09-21,61.32579803466797,109.7402114868164,137.39613342285156,0.4463429683711051
2020-09-22,61.53849792480469,109.80493927001953,137.2873992919922,0.44824578396973214
2020-09-23,60.91501998901367,109.01180267333984,137.47134399414062,0.4431106746989396
2020-09-24,60.951690673828125,108.73668670654297,137.9978485107422,0.44168580402964364
2020-09-25,60.8416748046875,108.62335968017578,137.9978485107422,0.44088857515739743
2020-09-28,61.237770080566406,109.17369842529297,137.6050262451172,0.4450256778519337
2020-09-29,61.289119720458984,109.03614807128906,137.76373291015625,0.44488573607706455
2020-09-30,61.53849792480469,109.0199203491211,136.4434356689453,0.45101838445432024
2020-10-01,61.7498893737793,109.32327270507812,136.6684112548828,0.45182269118953505
2020-10-02,61.7498893737793,109.33950805664062,136.15809631347656,0.4535161040413831
2020-10-05,62.21394348144531,108.97451782226562,133.4976348876953,0.4660303048348587
2020-10-06,62.0739860534668,108.88530731201172,134.2171173095703,0.4624893403893769
2020-10-07,62.29500961303711,108.91777038574219,133.23828125,0.4675458811732241
2020-10-08,62.4349479675293,109.1854019165039,133.957763671875,0.46607935409000695
2020-10-09,62.57490158081055,109.43680572509766,133.93264770507812,0.4672117116552605
2020-10-12,62.89161682128906,110.0694580078125,134.35934448242188,0.4680851716236017
2020-10-13,62.61172103881836,109.96402740478516,135.32144165039062,0.4626888412893111
2020-10-14,62.45703887939453,110.0694580078125,135.63099670410156,0.4604923682427366
2020-10-15,62.41284942626953,109.95591735839844,135.39669799804688,0.46096286208670945
2020-10-16,62.33917999267578,109.76937866210938,135.02024841308594,0.46170245370866886
2020-10-19,62.118194580078125,109.55850219726562,134.50990295410156,0.46181131066070685
2020-10-20,62.33917999267578,109.33143615722656,133.22991943359375,0.467906760416137
2020-10-21,62.33183288574219,109.15294647216797,132.76976013183594,0.46947311514194767
2020-10-22,62.44229507446289,108.90962982177734,131.389404296875,0.4752460474923398
2020-10-23,62.51595687866211,109.1854019165039,132.19248962402344,0.4729161017881385
2020-10-26,61.96351623535156,109.4124526977539,133.42233276367188,0.4644163758184787
2020-10-27,61.99296951293945,109.85858917236328,134.31748962402344,0.46154056099818336
2020-10-28,61.47735595703125,109.3151626586914,134.44302368164062,0.4572744220823897
2020-10-29,61.65415954589844,109.03128051757812,133.13792419433594,0.4630848792257299
2020-10-30,61.786712646484375,108.4635009765625,131.82440185546875,0.46870466906595065
2020-11-02,61.933956146240234,108.88864135742188,132.81182861328125,0.466328615402008
2020-11-03,62.46660614013672,108.9942855834961,132.04136657714844,0.47308360826180224
2020-11-04,63.05101776123047,110.62800598144531,134.90562438964844,0.46737130528464826
2020-11-05,63.27292251586914,111.04251098632812,135.14016723632812,0.46820219191544876
2020-11-06,63.05101776123047,110.69300842285156,133.50698852539062,0.4722675453745202
2020-11-09,63.53185272216797,109.85581970214844,130.7013397216797,0.4860841737158553
2020-11-10,63.44307327270508,109.57138061523438,129.94757080078125,0.48822054065148907
2020-11-11,63.42087936401367,109.77460479736328,130.41661071777344,0.48629449128423446
2020-11-12,62.9918212890625,110.21346282958984,132.635986328125,0.47492255331994543
2020-11-13,63.20637130737305,110.34349822998047,132.4601287841797,0.47717280579091564
2020-11-16,63.56144714355469,110.70117950439453,132.14175415039062,0.4810095609236075
2020-11-17,63.58363723754883,111.05876159667969,133.00442504882812,0.47805655499210814
2020-11-18,63.46525573730469,111.29447937011719,133.3897247314453,0.47578819032035513
2020-11-19,63.67982864379883,111.91222381591797,134.07650756835938,0.47495142735077167
2020-11-20,63.56144714355469,111.81461334228516,135.26576232910156,0.46990048367826964
2020-11-23,63.657623291015625,111.95280456542969,134.64602661132812,0.47277758499900613
2020-11-24,63.849952697753906,111.70083618164062,133.30596923828125,0.4789729451921514
2020-11-25,63.82035827636719,111.7658920288086,132.8955841064453,0.4802293372310176
2020-11-27,63.92391586303711,112.16413116455078,134.18540954589844,0.4763849965459306
2020-11-30,63.85734176635742,112.5542984008789,134.01788330078125,0.4764837363013714
2020-12-01,64.02149963378906,112.12749481201172,132.04180908203125,0.4848577892023243
2020-12-02,64.19974517822266,111.75292205810547,130.9938507080078,0.49009739641387645
2020-12-03,64.23689270019531,112.19273376464844,132.05026245117188,0.4864578949545681
2020-12-04,64.50423431396484,111.57377624511719,130.1136474609375,0.49575302493406925
2020-12-07,64.47454833984375,111.67146301269531,131.28726196289062,0.49109523175270414
2020-12-08,64.42257690429688,111.54117584228516,131.90769958496094,0.4883913305060914
2020-12-09,64.32601165771484,111.13397216796875,131.47169494628906,0.489276506886097
2020-12-10,64.44485473632812,111.687744140625,132.6370849609375,0.4858735756693353
2020-12-11,64.37799835205078,111.80180358886719,133.10658264160156,0.4836575102028791
2020-12-14,64.3928451538086,111.72034454345703,132.73768615722656,0.4851135123565124
2020-12-15,64.59336853027344,111.94025421142578,132.29330444335938,0.48825878831931907
2020-12-16,64.496826171875,111.85065460205078,131.9412384033203,0.48882992878026477
2020-12-17,64.5930404663086,112.01380920410156,131.5921173095703,0.49085797680687465
2020-12-18,64.64524841308594,111.93223571777344,131.19764709472656,0.49273176649586675
2020-12-21,64.41404724121094,111.7119140625,131.71803283691406,0.4890298302660261
2020-12-22,64.49610137939453,112.02203369140625,132.3977813720703,0.4871388380606215
2020-12-23,64.78694152832031,112.0464859008789,131.4829559326172,0.4927402268132954
2020-12-24,64.92118072509766,112.43003845214844,132.00332641601562,0.4918147329143437
2020-12-28,65.00321197509766,112.50349426269531,132.06210327148438,0.49221699764593657
2020-12-29,64.92118072509766,112.55248260498047,131.89427185058594,0.49222138167336377
2020-12-30,65.05542755126953,112.6993637084961,132.17958068847656,0.4921745644252984
2020-12-31,65.10765075683594,112.7238540649414,132.37258911132812,0.49185145651324413
2021-01-04,64.97338104248047,112.1525650024414,132.21311950683594,0.4914291507895409
2021-01-05,64.99577331542969,111.79351806640625,131.23123168945312,0.49527671483901275
2021-01-06,64.87643432617188,110.88768768310547,128.53732299804688,0.5047283762643607
2021-01-07,65.06285095214844,110.87135314941406,127.40431213378906,0.5106801321122084
2021-01-08,65.15985107421875,110.78974914550781,126.99320220947266,0.5130971574898862
2021-01-11,64.80931854248047,110.31643676757812,126.7833023071289,0.5111818146642194
2021-01-12,64.89136505126953,110.5531005859375,126.68264770507812,0.512235623637572
2021-01-13,65.08528137207031,111.40994262695312,128.10923767089844,0.508045185151041
2021-01-14,65.07034301757812,110.92847442626953,126.9091567993164,0.5127316630152619
2021-01-15,64.96591186523438,111.09984588623047,127.41272735595703,0.509885575902767
2021-01-19,65.15240478515625,111.29570770263672,127.82395935058594,0.5097041674828827
2021-01-20,65.27172088623047,111.26312255859375,127.94982147216797,0.5101353025367728
2021-01-21,65.23443603515625,110.82239532470703,127.05184936523438,0.5134473552417771
2021-01-22,65.10765075683594,110.74079132080078,127.46304321289062,0.5107962991915406
2021-01-25,65.12256622314453,111.2141342163086,128.96527099609375,0.504962039161047
2021-01-26,65.02559661865234,111.2059097290039,128.72195434570312,0.5051632174882603
2021-01-27,64.8391342163086,111.01006317138672,129.04925537109375,0.5024371045757476
2021-01-28,65.03306579589844,110.8305435180664,128.33590698242188,0.5067409996549601
2021-01-29,64.86150360107422,110.6591796875,127.56383514404297,0.5084631042006043
2021-02-01,65.06962585449219,110.87750244140625,127.7116928100586,0.5095040588904268
2021-02-02,65.22679138183594,110.58313751220703,126.88822174072266,0.514049219754354
2021-02-03,65.27922058105469,110.32148742675781,125.76238250732422,0.5190679381193571
2021-02-04,65.41393280029297,110.50951385498047,125.42625427246094,0.5215330169885771
2021-02-05,65.51123046875,110.21516418457031,124.37608337402344,0.5267188730468767
2021-02-08,65.70584869384766,110.6894302368164,124.92214965820312,0.525974367825274
2021-02-09,65.5860824584961,110.51770782470703,125.01458740234375,0.5246274360560462
2021-02-10,65.57111358642578,110.77938842773438,125.84637451171875,0.521040942505021
2021-02-11,65.60108184814453,110.48502349853516,125.15743255615234,0.5241485104667065
2021-02-12,65.70584869384766,110.1252212524414,123.60305786132812,0.5315875661228697
2021-02-16,65.60108184814453,109.3484115600586,121.7209243774414,0.5389466288041304
2021-02-17,65.5785903930664,109.89627838134766,122.49395751953125,0.5353618392369283
2021-02-18,65.4887924194336,109.68368530273438,121.99821472167969,0.5368012357298529
2021-02-19,65.49626159667969,108.89059448242188,120.3765869140625,0.5440946888071999
2021-02-22,65.29417419433594,108.21185302734375,119.46080017089844,0.5465740569368972
2021-02-23,65.45133972167969,108.29364013671875,119.11634826660156,0.5494740283272372
2021-02-24,65.51876068115234,108.45718383789062,118.33494567871094,0.5536721236940535
2021-02-25,64.89743041992188,106.74002838134766,116.4024429321289,0.5575263610039679
2021-02-26,64.7028579711914,108.15462493896484,120.25065612792969,0.5380665690701656
2021-03-01,65.42923736572266,108.26034545898438,118.66239166259766,0.5513898417938758
2021-03-02,65.33157348632812,108.13741302490234,118.67082214355469,0.5505276891677492
2021-03-03,65.12126159667969,107.33446502685547,117.3837661743164,0.5547722970480754
2021-03-04,64.87336730957031,106.45773315429688,116.62666320800781,0.5562481642286752
2021-03-05,65.06867980957031,106.31846618652344,116.85376739501953,0.5568385278465882
2021-03-08,64.59541320800781,105.3270492553711,115.9452133178711,0.5571201376887843
2021-03-09,64.68557739257812,106.12184143066406,117.55199432373047,0.550272054206399
2021-03-10,64.88838195800781,106.62162017822266,117.78752136230469,0.550893517475561
2021-03-11,65.1287612915039,106.68717956542969,116.93787384033203,0.5569518168290906
2021-03-12,64.94845581054688,105.45818328857422,114.45630645751953,0.5674519632926692
2021-03-15,64.9559555053711,105.81866455078125,115.12925720214844,0.564200248346247
2021-03-16,64.80573272705078,105.74494934082031,114.66658020019531,0.565166699956579
2021-03-17,64.89588928222656,105.84322357177734,113.80853271484375,0.5702198924295802
2021-03-18,64.40007781982422,105.23693084716797,112.65605926513672,0.57165214405608
2021-03-19,64.64801788330078,105.3926010131836,113.35426330566406,0.5703183629624494
2021-03-22,64.880859375,105.76948547363281,114.62455749511719,0.566029311631269
2021-03-23,64.94845581054688,106.08084106445312,115.65922546386719,0.5615501534794323
2021-03-24,64.98603057861328,106.40043640136719,116.28179168701172,0.5588667807383982
2021-03-25,65.09872436523438,106.2774887084961,115.36479187011719,0.5642858909547153
2021-03-26,65.29400634765625,106.20380401611328,114.96100616455078,0.5679665525386661
2021-03-29,65.33157348632812,105.94976043701172,113.98521423339844,0.5731583164159684
2021-03-30,65.173828125,106.2774887084961,114.58247375488281,0.568794039692503
2021-03-31,65.4893569946289,106.55606842041016,113.94315338134766,0.5747546478325694
2021-04-01,65.62804412841797,107.22434997558594,115.8342514038086,0.5665685523328736
2021-04-05,65.65816497802734,106.69889831542969,115.32881927490234,0.569312730251074
2021-04-06,65.77122497558594,107.41316223144531,116.11225128173828,0.5664451791223706
2021-04-07,65.74861145019531,107.19970703125,115.30357360839844,0.5702218013944221
2021-04-08,65.77122497558594,107.59378051757812,116.25545501708984,0.5657474306553392
2021-04-09,65.72602844238281,107.3720703125,115.8342514038086,0.5674144533749002
2021-04-12,65.65816497802734,107.3474349975586,115.78374481201172,0.5670758454447208
2021-04-13,65.7033920288086,107.82359313964844,116.65135192871094,0.5632458685001942
2021-04-14,65.67327117919922,107.67581939697266,116.2807388305664,0.5647820252921876
2021-04-15,65.93706512451172,108.34083557128906,118.22660064697266,0.5577176774404714
2021-04-16,65.8013916015625,107.60200500488281,117.30843353271484,0.5609263513284566
2021-04-19,65.69585418701172,107.32284545898438,116.97147369384766,0.5616399632525714
2021-04-20,65.5827865600586,107.52811431884766,117.51060485839844,0.5581010040675611
2021-04-21,65.8013916015625,107.89749908447266,117.74644470214844,0.558839732002217
2021-04-22,65.68080139160156,108.00424194335938,118.26033020019531,0.5553916624485553
2021-04-23,65.8541488647461,108.09452819824219,117.98233032226562,0.5581695893348371
2021-04-26,65.82398223876953,108.04528045654297,117.81385040283203,0.5587117475042411
2021-04-27,65.7335433959961,107.56092071533203,116.78619384765625,0.5628537178096868
2021-04-28,65.86167907714844,107.57733154296875,116.86195373535156,0.5635852984821768
2021-04-29,65.93706512451172,107.44601440429688,116.5166244506836,0.5659026378027283
2021-04-30,65.9068832397461,107.66764831542969,116.78619384765625,0.5643379672576663
2021-05-03,65.9326400756836,107.92675018310547,116.85618591308594,0.5642203667739274
2021-05-04,65.89481353759766,107.99256134033203,117.64913940429688,0.5600960098071996
2021-05-05,66.02338409423828,108.12417602539062,117.84320068359375,0.5602646882573186
2021-05-06,66.0007095336914,108.32980346679688,118.03717041015625,0.5591519120998221
2021-05-07,66.04608154296875,108.37094116210938,117.45511627197266,0.5623091069956974
2021-05-10,65.89481353759766,107.78691101074219,116.26564025878906,0.5667608537735322
2021-05-11,65.82675170898438,107.39209747314453,115.607666015625,0.5693978087931256
2021-05-12,65.50910949707031,106.80809783935547,114.39287567138672,0.5726677392502706
2021-05-13,65.74353790283203,107.21114349365234,114.5699691772461,0.5738287124885504
2021-05-14,65.95530700683594,107.79511260986328,115.64136505126953,0.5703435529111464
2021-05-17,65.83431243896484,107.6717529296875,115.3967514038086,0.5705040361889427
2021-05-18,65.67549133300781,107.31804656982422,115.1014633178711,0.5705878052274144
2021-05-19,65.50153350830078,107.12887573242188,114.82311248779297,0.570456000443851
2021-05-20,65.78133392333984,107.8609619140625,115.76791381835938,0.5682173216540051
2021-05-21,65.87968444824219,107.93496704101562,116.13909912109375,0.56724810978215
2021-05-24,65.95530700683594,108.23109436035156,116.56932830810547,0.5658032688711121
2021-05-25,65.96284484863281,108.63414764404297,117.64913940429688,0.5606742657245792
2021-05-26,65.98555755615234,108.5765609741211,117.44668579101562,0.5618341387135172
2021-05-27,65.95530700683594,108.24755096435547,116.97428894042969,0.5638444790241411
2021-05-28,65.9326400756836,108.3380355834961,116.78865051269531,0.5645466386180779
2021-06-01,66.13069152832031,108.35205078125,116.76250457763672,0.5663692447120237
2021-06-02,66.21414184570312,108.52510833740234,117.0328140258789,0.5657741582720681
2021-06-03,66.07756805419922,108.09654998779297,116.5935287475586,0.5667344385576188
2021-06-04,66.22174835205078,108.86302947998047,118.19025421142578,0.5602978756064723
2021-06-07,66.24449920654297,108.77235412597656,117.82696533203125,0.562218495739654
2021-06-08,66.29004669189453,109.18444061279297,118.65486145019531,0.5586795676274874
2021-06-09,66.3431396484375,109.58003234863281,119.70246124267578,0.5542337138242998
2021-06-10,66.46455383300781,110.07454681396484,120.42054748535156,0.5519369843513859
2021-06-11,66.4873275756836,110.16517639160156,120.22618865966797,0.5530186751897589
2021-06-14,66.42660522460938,109.76132202148438,119.30542755126953,0.5567777308041048
2021-06-15,66.41900634765625,109.8437728881836,119.16179656982422,0.5573850702119725
2021-06-16,66.3279800415039,109.53057098388672,119.06038665771484,0.5570952850353943
2021-06-17,66.37348937988281,110.14047241210938,120.843017578125,0.5492538229357965
2021-06-18,66.3431396484375,110.71735382080078,123.11553955078125,0.5388689347462353
2021-06-21,66.47212982177734,110.07454681396484,121.05413055419922,0.5491107946293164
2021-06-22,66.51766967773438,110.25585174560547,121.349853515625,0.5481479190180445
2021-06-23,66.44937896728516,110.08272552490234,121.0372543334961,0.548999391412135
2021-06-24,66.65424346923828,110.29704284667969,121.23161315917969,0.5498090946106594
2021-06-25,66.7225570678711,110.00861358642578,119.9727783203125,0.5561474694678663
2021-06-28,66.71495056152344,110.47834014892578,121.20623779296875,0.5504250587785641
2021-06-29,66.79840087890625,110.61023712158203,121.40898895263672,0.5501932060810193
2021-06-30,66.8060302734375,110.73387145996094,121.94972229003906,0.5478161739027942
2021-07-01,66.93696594238281,110.63722229003906,121.95642852783203,0.548859676774701
2021-07-02,67.0435562133789,110.95103454589844,122.69245910644531,0.5464358339677043
2021-07-06,67.0055160522461,111.35567474365234,124.13044738769531,0.5397991988457793
2021-07-07,67.02833557128906,111.7354507446289,125.23013305664062,0.5352412708926266
2021-07-08,66.88365936279297,111.79324340820312,125.7208023071289,0.5320015314522089
2021-07-09,66.99788665771484,111.32257843017578,123.95277404785156,0.5405113937333144
2021-07-12,66.97504425048828,111.26480865478516,123.79206848144531,0.5410285575810286
2021-07-13,66.77708435058594,110.8519515991211,122.84466552734375,0.5435896142818034
2021-07-14,66.88365936279297,111.36385345458984,124.24038696289062,0.5383407199365087
2021-07-15,66.83800506591797,111.60332489013672,125.61084747314453,0.5321037665971314
2021-07-16,66.74663543701172,111.44648742675781,125.37395477294922,0.5323803939812627
2021-07-19,66.29744720458984,112.24739837646484,128.12318420410156,0.5174508237242786
2021-07-20,66.63243865966797,112.09049224853516,126.88811492919922,0.5251275006871007
2021-07-21,66.79231262207031,111.69416046142578,125.28087615966797,0.5331405292611847
2021-07-22,66.83036041259766,112.15654754638672,126.46524810791016,0.5284484189330234
2021-07-23,66.95979309082031,112.1070327758789,125.61933898925781,0.5330372984731777
2021-07-26,66.86087036132812,111.85929107666016,125.24708557128906,0.5338317459153312
2021-07-27,66.76947021484375,112.33824157714844,126.58364868164062,0.5274731050198257
2021-07-28,66.82275390625,112.536376953125,126.59210968017578,0.5278587589311216
2021-07-29,66.9674072265625,112.21432495117188,125.89000701904297,0.5319517316130784
2021-07-30,66.87605285644531,112.30518341064453,126.48210144042969,0.5287392610878028
2021-08-02,66.71031188964844,112.63026428222656,127.61022186279297,0.5227662088180964
2021-08-03,66.78665924072266,112.74608612060547,127.67798614501953,0.5230867219730805
2021-08-04,66.66446685791016,112.77088165283203,127.94058990478516,0.5210579918970407
2021-08-05,66.8172607421875,112.30765533447266,127.2884292602539,0.5249280011584787
2021-08-06,66.74088287353516,111.38948059082031,125.1625747680664,0.5332335404349897
2021-08-09,66.5881118774414,110.90970611572266,124.71369934082031,0.5339278060822169
2021-08-10,66.43534851074219,110.66153717041016,124.13777923583984,0.5351742952040955
2021-08-11,66.54231262207031,110.83525085449219,124.06151580810547,0.5363654650568345
2021-08-12,66.65684509277344,110.99239349365234,123.8582534790039,0.5381703941439229
2021-08-13,66.80197143554688,111.73696899414062,125.81471252441406,0.5309551649023885
2021-08-16,66.82489013671875,111.80307006835938,126.11964416503906,0.5298531452346336
2021-08-17,66.67212677001953,111.60455322265625,126.0688247680664,0.5288549876837415
2021-08-18,66.51937866210938,111.53012084960938,126.49227905273438,0.5258769875936663
2021-08-19,66.51171875,111.78652954101562,127.42390441894531,0.5219720668056305
2021-08-20,66.67212677001953,111.86099243164062,127.50860595703125,0.5228833479089809
2021-08-23,66.87837219238281,111.9437026977539,127.42390441894531,0.5248494974106238
2021-08-24,66.97001647949219,111.68730163574219,126.43296813964844,0.5296879244780689
2021-08-25,67.03874969482422,111.39777374267578,125.38278198242188,0.5346726929716934
2021-08-26,67.00057220458984,111.36470031738281,125.72999572753906,0.532892503629621
2021-08-27,67.18387603759766,111.98506927490234,126.58546447753906,0.5307392623227966
2021-08-30,67.26791381835938,112.17533111572266,126.915771484375,0.530020130923137
2021-08-31,67.28315734863281,111.91888427734375,126.05191040039062,0.5337734044245339
2021-09-01,67.34062194824219,112.06305694580078,126.26307678222656,0.5333358228264037
2021-09-02,67.42491149902344,112.261962890625,126.81421661376953,0.5316825928466321
2021-09-03,67.43256378173828,111.8559341430664,125.660888671875,0.5366233240464964
2021-09-07,67.25635528564453,111.32561492919922,124.60089874267578,0.5397742389045003
2021-09-08,67.33294677734375,111.6818618774414,125.44886016845703,0.5367362181444038
2021-09-09,67.39427947998047,112.41110229492188,126.9669418334961,0.5308017859354369
2021-09-10,67.29467010498047,112.08793640136719,125.84741973876953,0.53473221973616
2021-09-13,67.4632339477539,112.36135864257812,126.61071014404297,0.5328398669512403
2021-09-14,67.43256378173828,112.70111083984375,128.1456756591797,0.5262180205056944
2021-09-15,67.53218078613281,112.56855010986328,127.6961898803711,0.5288503975678414
2021-09-16,67.50921630859375,112.41110229492188,127.11109161376953,0.5311040559208029
2021-09-17,67.42491149902344,112.16252136230469,126.50051879882812,0.5330010670252527
2021-09-20,67.1873779296875,112.51052856445312,128.06932067871094,0.5246172742513509
2021-09-21,67.30233001708984,112.50225067138672,127.95907592773438,0.5259676152639553
2021-09-22,67.42491149902344,112.81707000732422,128.72232055664062,0.5238012429192885
2021-09-23,67.4555435180664,112.03823852539062,125.81359100341797,0.5361546632607748
2021-09-24,67.35594940185547,111.79790496826172,124.58395385742188,0.5406470682327189
2021-09-27,67.29467010498047,111.73993682861328,124.12596893310547,0.5421481957675369
2021-09-28,66.98818969726562,110.54671478271484,122.1924819946289,0.5482185859864125
2021-09-29,67.11078643798828,110.5218505859375,122.40450286865234,0.5482705690165854
2021-09-30,67.0341567993164,110.23182678222656,122.38753509521484,0.5477204581918027
2021-10-01,67.19483947753906,111.03299713134766,123.41748809814453,0.5444515239534297
2021-10-04,66.95650482177734,110.85035705566406,123.1033706665039,0.5439047238045776
2021-10-05,66.9257583618164,110.39369201660156,121.91460418701172,0.5489560402390774
2021-10-06,66.88734436035156,110.42691040039062,122.60238647460938,0.5455631516129072
2021-10-07,66.89501190185547,109.93708801269531,121.32025909423828,0.5513919307565379
2021-10-08,66.6951675415039,109.4306411743164,120.47110748291016,0.5536196100045414
2021-10-11,66.48758697509766,109.22308349609375,120.16541290283203,0.5533005327319995
2021-10-12,66.61056518554688,109.92047882080078,122.22026062011719,0.545004280367104
2021-10-13,66.78739929199219,110.47673797607422,123.40899658203125,0.5411874429073564
2021-10-14,67.16409301757812,110.99980926513672,123.86750793457031,0.5422252706743382
2021-10-15,67.04873657226562,110.60124206542969,123.14578247070312,0.5444663652059444
2021-10-18,67.01799011230469,110.50994873046875,123.72325134277344,0.5416765998707255
2021-10-19,67.06414794921875,109.90388488769531,122.0165023803711,0.5496317845610318
2021-10-20,67.08718872070312,109.63821411132812,121.1928482055664,0.5535573238357294
2021-10-21,66.91809844970703,109.40577697753906,121.0484848022461,0.552820620258316
2021-10-22,66.75662231445312,109.84577941894531,122.38162994384766,0.545479107812856
2021-10-25,66.87196350097656,109.8956069946289,122.19475555419922,0.5472572304571258
2021-10-26,66.88734436035156,110.36878967285156,123.2051773071289,0.5428939418155548
2021-10-27,66.83353424072266,111.04127502441406,125.4468765258789,0.5327636374185476
2021-10-28,67.00260925292969,110.8752670288086,125.02228546142578,0.5359253272777723
2021-10-29,66.82584381103516,110.81710815429688,125.40445709228516,0.5328825255537609
2021-11-01,66.75413513183594,110.61913299560547,124.50149536132812,0.5361713523046623
2021-11-02,66.91605377197266,111.04338836669922,125.05413818359375,0.5350966768787151
2021-11-03,67.04718017578125,110.76053619384766,123.76189422607422,0.5417433257227547
2021-11-04,67.22454833984375,111.34284210205078,125.06266021728516,0.5375269342827598
2021-11-05,67.47900390625,112.1580581665039,126.93309020996094,0.5316108179091243
2021-11-08,67.39421844482422,111.90017700195312,126.69503784179688,0.5319404736985742
2021-11-09,67.44816589355469,112.19963836669922,128.3443145751953,0.5255251556471374
2021-11-10,67.07029724121094,111.05168914794922,125.99784851074219,0.5323130357697555
2021-11-11,66.95463562011719,110.73561096191406,125.81082153320312,0.5321850283160815
2021-11-12,66.97772216796875,110.61913299560547,125.25817108154297,0.5347173888110366
2021-11-15,66.9006576538086,109.7789535522461,123.6853256225586,0.5408940576990063
2021-11-16,66.93146514892578,109.595947265625,123.37080383300781,0.5425227287934578
2021-11-17,66.86206817626953,110.036865234375,124.34846496582031,0.537699184261325
2021-11-18,66.80806732177734,110.28639221191406,124.81609344482422,0.5352520294292842
2021-11-19,66.75413513183594,110.70231628417969,126.13385009765625,0.529232518314101
2021-11-22,66.49964141845703,109.73737335205078,124.65455627441406,0.5334714061479227
2021-11-23,66.40708923339844,108.9554672241211,122.8521499633789,0.5405447869914672
2021-11-24,66.39165496826172,109.47953033447266,124.82454681396484,0.5318797997897806
2021-11-26,65.91352081298828,110.36958312988281,127.97881317138672,0.5150346309644096
2021-11-29,66.32223510742188,110.44445037841797,126.95008850097656,0.5224276397957115
2021-11-30,66.04462432861328,110.6856918334961,128.8799591064453,0.5124506927726855
2021-12-01,66.05390930175781,110.70152282714844,129.67501831054688,0.5093803738170395
2021-12-02,66.5413589477539,110.9598388671875,129.8367462158203,0.5125002041960136
2021-12-03,66.5413589477539,111.88485717773438,131.38595581054688,0.5064571668809397
2021-12-06,66.83538055419922,111.31817626953125,129.5814208984375,0.515779037541061
2021-12-07,67.1912612915039,111.36820220947266,128.5343475341797,0.5227494640966415
2021-12-08,67.17579650878906,110.62651062011719,126.31268310546875,0.5318214676248981
2021-12-09,66.87406158447266,110.53487396240234,127.01921081542969,0.5264877742127265
2021-12-10,67.02880859375,110.65985870361328,126.71272277832031,0.5289824661965056
2021-12-13,67.02880859375,111.15987396240234,128.58543395996094,0.5212783946789922
2021-12-14,66.91272735595703,110.65985870361328,128.27902221679688,0.5216186263321507
2021-12-15,67.16809844970703,110.80155181884766,127.04470825195312,0.5286965460733735
2021-12-16,67.1183853149414,110.79817199707031,127.09416961669922,0.5280996407416833
2021-12-17,67.05628204345703,111.05703735351562,128.53436279296875,0.5216992606985968
2021-12-20,66.9398422241211,110.57271575927734,127.57141876220703,0.5247244474790774
2021-12-21,67.29695892333984,110.78985595703125,127.08566284179688,0.5295401339418967
2021-12-22,67.47552490234375,110.96520233154297,127.67366027832031,0.5284999643250728
2021-12-23,67.66963958740234,110.79817199707031,126.5658950805664,0.5346593530929226
2021-12-27,67.739501953125,111.12382507324219,126.8725814819336,0.5339175822064516
2021-12-28,67.70843505859375,110.98188018798828,126.36982727050781,0.5357958978107707
2021-12-29,67.5997543334961,110.37236785888672,124.98927307128906,0.5408444474666222
2021-12-30,67.5687026977539,110.81488037109375,126.03746795654297,0.5361001279480736
2021-12-31,67.55316925048828,110.64788818359375,126.28462982177734,0.5349278795513321
2022-01-03,67.5221176147461,109.47062683105469,122.96964263916016,0.5490958269504104
2022-01-04,67.351318359375,109.56243896484375,122.45829010009766,0.5499939473621744
2022-01-05,66.83116149902344,108.9195327758789,121.79361724853516,0.5487246623330521
2022-01-06,66.83885192871094,108.77760314941406,122.10884094238281,0.5473711109930928
2022-01-07,66.66810607910156,108.31002807617188,121.231201171875,0.5499253115918826
2022-01-10,66.72240447998047,108.2098159790039,121.52943420410156,0.5490225879594247
2022-01-11,67.03297424316406,108.53546142578125,122.3389892578125,0.5479281351744809
2022-01-12,67.14168548583984,108.46033477783203,121.87033081054688,0.5509272440575773
2022-01-13,66.9010009765625,108.80265045166016,122.95256805419922,0.5441204037891393
2022-01-14,66.83885192871094,107.84246063232422,121.09484100341797,0.5519545785342281
2022-01-18,66.51282501220703,106.8154525756836,119.39044952392578,0.5571033971094806
2022-01-19,66.45069122314453,106.98246002197266,120.21710968017578,0.5527556884367724
2022-01-20,66.32647705078125,106.92400360107422,120.95849609375,0.5483407878961583
2022-01-21,66.33425903320312,107.62532806396484,122.398681640625,0.5419523980492476
2022-01-24,66.26436614990234,107.2913818359375,121.39305114746094,0.5458662215303279
2022-01-25,66.07027435302734,106.99081420898438,121.19712829589844,0.545147193518638
2022-01-26,65.8451156616211,106.26439666748047,119.7313461303711,0.5499404941954361
2022-01-27,65.55782318115234,106.50652313232422,121.9299545288086,0.5376679047777623
2022-01-28,65.74417114257812,106.62339782714844,121.97259521484375,0.5390077256844104
2022-01-31,65.75971984863281,106.67351531982422,121.3419418334961,0.5419372630352948
2022-02-01,66.02073669433594,106.85086059570312,120.93916320800781,0.5459003927518863
2022-02-02,66.1220474243164,106.8592300415039,121.34877014160156,0.5448926045740617
2022-02-03,65.52985382080078,105.99759674072266,120.40153503417969,0.5442609498475091
2022-02-04,65.272705078125,104.94355010986328,118.62654113769531,0.5502369406721549
2022-02-07,65.2259750366211,105.13597106933594,118.703369140625,0.5494871418464076
2022-02-08,65.15585327148438,104.74279022216797,117.90971374511719,0.5525910563427399
2022-02-09,65.49867248535156,105.0941390991211,118.13160705566406,0.5544551040814025
2022-02-10,64.6338119506836,103.66365814208984,116.25418090820312,0.5559697848778435
2022-02-11,64.40779876708984,104.43328094482422,117.97798919677734,0.5459306367704154
2022-02-14,64.29871368408203,103.50469970703125,116.51017761230469,0.5518720767729001
2022-02-15,64.40779876708984,102.9860610961914,115.18746185302734,0.5591563329112202
2022-02-16,64.76624298095703,103.13662719726562,115.87020111083984,0.5589551270304824
2022-02-17,64.4935302734375,103.21192932128906,116.73207092285156,0.5524919566968137
2022-02-18,64.58702087402344,103.462890625,117.96095275878906,0.5475288166423459
2022-02-22,64.4389877319336,103.32904815673828,118.26811218261719,0.5448551307932749
2022-02-23,64.32212829589844,102.39213562011719,116.63816833496094,0.5514672359323961
2022-02-24,64.78182220458984,102.87732696533203,116.71503448486328,0.555042651450284
2022-02-25,65.14807891845703,103.29556274414062,116.80030822753906,0.557773176347633
2022-02-28,65.19481658935547,104.39982604980469,119.36042785644531,0.5462012641892103
2022-03-01,65.01255798339844,104.75692749023438,120.74040985107422,0.5384490417382828
2022-03-02,65.16898345947266,103.16423034667969,116.61322021484375,0.5588473016987937
2022-03-03,64.97349548339844,103.54145050048828,117.80098724365234,0.5515530642286659
2022-03-04,64.55118560791016,103.64205932617188,119.83467102050781,0.5386686929433239
2022-03-07,63.98810958862305,102.38463592529297,118.92035675048828,0.5380753248401293
2022-03-08,63.76127624511719,101.7727279663086,117.72408294677734,0.5416162491912844
2022-03-09,64.2930908203125,101.94876861572266,116.57051849365234,0.5515381732115524
2022-03-10,63.753482818603516,100.78358459472656,114.89569091796875,0.5548814085997458
2022-03-11,63.29206848144531,100.74166107177734,115.28023529052734,0.5490279259227542
2022-03-14,62.541263580322266,99.28308868408203,112.58854675292969,0.5554851304508455
2022-03-15,63.010536193847656,100.06267547607422,112.3919906616211,0.5606319082251481
2022-03-16,63.89421844482422,100.91771697998047,113.49430084228516,0.5629729243727701
2022-03-17,64.33220672607422,101.90684509277344,112.64835357666016,0.5710887437186951
2022-03-18,64.5433578491211,102.10801696777344,114.02410125732422,0.5660501344664203
2022-03-21,63.80039978027344,100.69137573242188,111.38370513916016,0.5727983253974424
2022-03-22,64.12884521484375,100.44828796386719,109.9566650390625,0.5832192636259179
2022-03-23,63.9255256652832,100.73326873779297,112.36637115478516,0.5689026441658912
2022-03-24,64.0584945678711,100.77519989013672,111.48626708984375,0.5745864153496869
2022-03-25,63.597042083740234,99.97885131835938,109.93958282470703,0.5784726524307666
2022-03-28,63.99591827392578,100.53211212158203,110.87950134277344,0.5771663607693227
2022-03-29,64.78578186035156,101.37873840332031,111.71694946289062,0.5799100509978717
2022-03-30,64.59027099609375,101.61347961425781,112.58854675292969,0.5736842055332154
2022-03-31,64.35563659667969,101.37873840332031,112.8619613647461,0.5702154722324542
2022-04-01,64.35094451904297,101.71891784667969,113.29159545898438,0.5680116363295485
2022-04-04,64.83780670166016,102.07176208496094,112.5042495727539,0.5763142898858327
2022-04-05,63.997589111328125,100.2824935913086,109.9625244140625,0.5819945427075319
2022-04-06,63.495025634765625,99.69446563720703,109.07247924804688,0.582136081186608
2022-04-07,63.3929328918457,99.23246002197266,108.25090026855469,0.5856111379635374
2022-04-08,63.0081787109375,98.45125579833984,107.07845306396484,0.5884300427210941
2022-04-11,62.576297760009766,97.49359130859375,105.38395690917969,0.5937933969772863
2022-04-12,63.05531311035156,97.5608139038086,105.23847198486328,0.5991659886454924
2022-04-13,63.43220901489258,98.06483459472656,105.4524154663086,0.6015244765555776
2022-04-14,63.0081787109375,96.92237854003906,103.33856201171875,0.609725715979987
2022-04-18,62.906131744384766,96.18317413330078,102.82508087158203,0.6117780916014846
2022-04-19,62.85111999511719,95.41873931884766,102.05487060546875,0.6158561528933948
2022-04-20,63.04746627807617,96.40998840332031,104.10880279541016,0.6055920785293647
2022-04-21,62.61554718017578,95.38514709472656,103.33856201171875,0.6059262482583712
2022-04-22,62.238624572753906,95.27593231201172,102.68817138671875,0.6060934159433633
2022-04-25,62.76475524902344,96.33439636230469,103.71516418457031,0.6051646906456997
2022-04-26,62.39568328857422,96.28395080566406,104.75920867919922,0.5956104868990232
2022-04-27,62.089439392089844,95.3599624633789,103.41560363769531,0.6003875354207965
2022-04-28,62.43496322631836,95.6455078125,103.56966400146484,0.6028306051609408
2022-04-29,61.66541290283203,94.58710479736328,102.22602081298828,0.6032261885224154
2022-05-02,61.66934585571289,94.0263900756836,100.45405578613281,0.6139059829202639
2022-05-03,61.9925651550293,94.63257598876953,101.13130950927734,0.6129908280218834
2022-05-04,62.62318801879883,95.5586929321289,101.68852996826172,0.6158333495266803
2022-05-05,61.511680603027344,94.09375,98.90241241455078,0.6219431771310119
2022-05-06,61.16484451293945,93.29389953613281,97.44507598876953,0.6276853282970261
2022-05-09,60.5184326171875,93.62225341796875,98.30233001708984,0.615635790185913
2022-05-10,60.865272521972656,94.01795196533203,99.19388580322266,0.6135990341452602
2022-05-11,60.50264358520508,94.45575714111328,101.1056137084961,0.5984103292191473
2022-05-12,60.47901153564453,94.49786376953125,100.9169692993164,0.5992947663367275
2022-05-13,60.54993438720703,94.0010986328125,99.42535400390625,0.6089989318502012
2022-05-16,60.46321487426758,94.1274185180664,99.32247161865234,0.6087566478048946
2022-05-17,60.408042907714844,93.58856201171875,98.12232208251953,0.6156401685735944
2022-05-18,59.91141128540039,93.93380737304688,100.21405792236328,0.5978344009561443
2022-05-19,60.31344985961914,94.18638610839844,100.45405578613281,0.6004083099245567
2022-05-20,60.274051666259766,94.64942932128906,101.59426879882812,0.5932820067400792
2022-05-23,60.510520935058594,94.31263732910156,99.92256164550781,0.6055741560122317
2022-05-24,60.8731575012207,95.55027770996094,101.89427947998047,0.597414867761842
2022-05-25,61.795494079589844,96.53533935546875,102.2972183227539,0.6040779514123378
2022-05-26,62.65475845336914,96.5605697631836,101.8342514038086,0.6152621302720732
2022-05-27,63.21443176269531,97.06574249267578,102.08287811279297,0.6192461745920672
2022-05-31,62.67050552368164,96.35010528564453,99.92256164550781,0.6271907414265044
2022-06-01,62.43863296508789,95.78804016113281,99.80835723876953,0.6255852184373419
2022-06-02,62.699790954589844,95.83023071289062,99.85985565185547,0.6278778448587197
2022-06-03,62.23284912109375,95.52644348144531,99.64518737792969,0.6245444537633299
2022-06-06,61.76596450805664,94.85125732421875,97.80738067626953,0.6315061714257989
2022-06-07,61.90840148925781,95.3576431274414,98.86367797851562,0.6261996595221889
2022-06-08,61.37819290161133,94.8090591430664,97.98772430419922,0.6263865533917803
2022-06-09,60.88755416870117,94.18453216552734,98.3140640258789,0.6193168268649125
2022-06-10,59.85085678100586,93.2730712890625,97.70429992675781,0.6125713691810076
2022-06-13,57.84872055053711,91.12100219726562,94.6384506225586,0.6112602242533749
2022-06-14,58.228553771972656,90.64839172363281,93.4447250366211,0.6231336626990215
2022-06-15,59.360206604003906,92.06623077392578,95.18807983398438,0.6236096652809139
2022-06-16,58.41849136352539,92.16751861572266,95.94380187988281,0.608882389679144
2022-06-17,58.60051727294922,92.35316467285156,96.25298309326172,0.6088176739018035
2022-06-21,58.560935974121094,91.4248275756836,94.62123107910156,0.6188984787691597
2022-06-22,58.54510498046875,92.09152221679688,97.223388671875,0.6021709979484063
2022-06-23,58.964534759521484,92.80047607421875,98.02206420898438,0.6015434916143808
2022-06-24,59.38394546508789,92.91017150878906,96.66517639160156,0.6143261480692572
2022-06-27,59.01993179321289,92.05778503417969,95.84075164794922,0.6158124887209792
2022-06-28,58.37101745605469,92.03247833251953,96.28729248046875,0.606217247908335
2022-06-29,58.2839469909668,92.58101654052734,97.79020690917969,0.5960100590143614
2022-06-30,58.252315521240234,92.85953521728516,98.64898681640625,0.5905009002236639
2022-07-01,58.80794906616211,94.03324890136719,99.66179656982422,0.5900751450427705
2022-07-05,58.752315521240234,94.00786590576172,100.44479370117188,0.5849214613953135
2022-07-06,58.52973175048828,93.54242706298828,98.75827026367188,0.5926565096191077
2022-07-07,59.483646392822266,93.53398132324219,97.88917541503906,0.6076631674607362
2022-07-08,59.53132629394531,93.38165283203125,96.80496215820312,0.61496151609105
2022-07-11,59.19747543334961,93.64398193359375,98.47428131103516,0.601146559743573
2022-07-12,59.435951232910156,93.77937316894531,99.05941772460938,0.6000030345236368
2022-07-13,59.37234115600586,94.48176574707031,100.19524383544922,0.5925664620719236
2022-07-14,59.26106262207031,93.8809585571289,99.37781524658203,0.5963208435909796
2022-07-15,60.016239166259766,94.63408660888672,99.93714141845703,0.600539882514346
2022-07-18,59.435951232910156,93.97402954101562,98.89595031738281,0.6009947934386063
2022-07-19,60.222904205322266,94.2363510131836,98.36243438720703,0.6122551213835637
2022-07-20,60.48523712158203,94.13478088378906,98.62059020996094,0.6133124633792028
2022-07-21,61.20065689086914,95.42109680175781,100.3243408203125,0.6100279990922995
2022-07-22,61.12115478515625,96.15731811523438,102.01092529296875,0.5991628309381595
2022-07-25,61.10525131225586,95.34490203857422,101.01274871826172,0.6049261314795691
2022-07-26,60.6760139465332,95.32799530029297,101.0902099609375,0.6002165191859742
2022-07-27,61.34376525878906,95.9626693725586,100.52228546142578,0.6102504034523667
2022-07-28,61.971744537353516,96.75811767578125,101.322509765625,0.6116285974429964
2022-07-29,62.15458297729492,96.98662567138672,101.04714965820312,0.6151047623563436
2022-08-01,62.17371368408203,97.17829895019531,103.4807357788086,0.6008240395292429
2022-08-02,61.88640594482422,95.99073791503906,101.2911376953125,0.6109755241468491
2022-08-03,62.429073333740234,97.03411865234375,102.88590240478516,0.6067796644104343
2022-08-04,62.596683502197266,97.18679809570312,102.8514175415039,0.6086127444664285
2022-08-05,62.277469635009766,95.87195587158203,100.40319061279297,0.6202738105722571
2022-08-08,62.33330535888672,96.25370788574219,102.02384948730469,0.6109679812330856
2022-08-09,61.87044906616211,95.8210678100586,101.6273422241211,0.6087972755375005
2022-08-10,62.796173095703125,96.72872924804688,100.96353149414062,0.6219688650584442
2022-08-11,62.43705749511719,95.79564666748047,98.6101303100586,0.6331708243240034
2022-08-12,62.995662689208984,96.90686798095703,99.610107421875,0.6324223948720965
2022-08-15,62.88395309448242,96.83901977539062,99.52391815185547,0.6318476428805074
2022-08-16,62.588687896728516,96.46578979492188,99.93770599365234,0.6262770120088998
2022-08-17,61.94228744506836,95.55809783935547,98.89459991455078,0.6263465092996906
2022-08-18,62.03803253173828,95.8041000366211,99.04114532470703,0.6263864611858657
2022-08-19,61.4076042175293,94.66744232177734,97.4464111328125,0.6301679405497563
2022-08-22,60.71333312988281,94.03119659423828,97.11875915527344,0.6251452722209347
2022-08-23,60.864959716796875,94.13299560546875,96.58431243896484,0.630174385258058
2022-08-24,60.93677520751953,93.85306549072266,95.87742614746094,0.6355695772829555
2022-08-25,61.51137161254883,94.82009887695312,97.21360778808594,0.6327444584366859
2022-08-26,60.49785614013672,94.25177001953125,97.94635009765625,0.6176632011281487
2022-08-29,60.266422271728516,93.55620574951172,97.13603973388672,0.6204331825431016
2022-08-30,59.8035888671875,93.67494201660156,97.37739562988281,0.614142414472576
2022-08-31,59.476417541503906,92.69096374511719,96.44638061523438,0.6166785851589458
2022-09-01,59.633567810058594,92.13296508789062,94.68064880371094,0.6298390279695812
2022-09-02,59.59349822998047,92.20099639892578,95.21624755859375,0.6258753076076442
2022-09-06,59.4330940246582,90.95052337646484,92.85784149169922,0.6400438893463948
2022-09-07,60.291194915771484,92.19249725341797,94.3264389038086,0.6391759894302246
2022-09-08,60.55582046508789,91.97979736328125,93.35891723632812,0.6486345628002229
2022-09-09,60.79643249511719,92.19249725341797,93.56620788574219,0.6497691193102363
2022-09-12,60.98088836669922,91.98831939697266,92.79737091064453,0.6571402591288744
2022-09-13,59.59349822998047,91.32482147216797,93.01335144042969,0.6406983224139285
2022-09-14,59.681697845458984,91.75865936279297,93.33299255371094,0.63944909739301
2022-09-15,59.304779052734375,91.31631469726562,93.27250671386719,0.6358227214227674
2022-09-16,59.5052604675293,91.10364532470703,92.49504089355469,0.6433346035925239
2022-09-19,59.72983932495117,91.25676727294922,92.71100616455078,0.6442583442459675
2022-09-20,59.120338439941406,90.3465805053711,91.7866439819336,0.6441061125579239
2022-09-21,58.94390869140625,90.6868667602539,93.32433319091797,0.6316027843544505
2022-09-22,58.59104537963867,89.41087341308594,90.94004821777344,0.6442821015371704
2022-09-23,57.8452262878418,89.15567779541016,91.31150817871094,0.6334932741952922
2022-09-26,57.163578033447266,87.60751342773438,89.56649017333984,0.6382250540667322
2022-09-27,57.043251037597656,86.28902435302734,87.2081069946289,0.6541049106949531
2022-09-28,58.06175994873047,88.02432250976562,90.12799835205078,0.6442144617695188
2022-09-29,57.516414642333984,87.36932373046875,89.66150665283203,0.6414839186791346
2022-09-30,57.25177001953125,87.14820861816406,88.50392150878906,0.6468839916188995
2022-10-03,58.002079010009766,88.76036071777344,89.91024780273438,0.6451108792099869
2022-10-04,59.25126647949219,89.17005157470703,89.65907287597656,0.6608507603179565
2022-10-05,59.017555236816406,88.49579620361328,88.80183410644531,0.6645983816738855
2022-10-06,58.840232849121094,88.29098510742188,88.30823516845703,0.666305160972556
2022-10-07,58.12297058105469,87.41191101074219,87.45095825195312,0.6646350336562101
2022-10-10,57.41375732421875,86.626708984375,86.09142303466797,0.6668928831748887
2022-10-11,57.591068267822266,86.4474868774414,86.47241973876953,0.6660050504172669
2022-10-12,57.68778610229492,86.34507751464844,86.89673614501953,0.663865970823362
2022-10-13,57.816741943359375,86.49868774414062,86.06543731689453,0.6717765428934853
2022-10-14,57.63136291503906,85.67081451416016,85.35536193847656,0.6751932345688988
2022-10-17,58.34055709838867,86.08049011230469,84.9397201538086,0.6868465894724608
2022-10-18,58.7515869140625,86.59253692626953,85.1388931274414,0.690067544407928
2022-10-19,58.18745803833008,85.4062271118164,83.58887481689453,0.6961148617659051
2022-10-20,57.865089416503906,84.66374969482422,82.16006469726562,0.7042970283643133
2022-10-21,58.42115020751953,84.90274047851562,80.6792984008789,0.7241157442549488
2022-10-24,58.461463928222656,84.86003875732422,80.01254272460938,0.7306537442440474
2022-10-25,59.02559280395508,85.99512481689453,82.34190368652344,0.7168354162501049
2022-10-26,59.186798095703125,86.38773345947266,83.52824401855469,0.7085842494492709
2022-10-27,59.62199020385742,86.78886413574219,84.40283203125,0.7063979817855222
2022-10-28,60.081363677978516,86.96807861328125,83.82268524169922,0.716767346509318
2022-10-31,59.1787109375,86.49868774414062,83.22518157958984,0.7110673694464248
2022-11-01,59.53468704223633,87.12104797363281,84.00296783447266,0.7087212342253082
2022-11-02,58.99264144897461,86.70158386230469,83.63838195800781,0.7053297788399703
2022-11-03,58.57198715209961,86.39340209960938,83.1869888305664,0.7041003403957542
2022-11-04,58.97647476196289,86.56460571289062,81.78939056396484,0.7210773225634844
2022-11-07,58.9683837890625,86.24784851074219,80.97340393066406,0.728243854482837
2022-11-08,58.911746978759766,86.60741424560547,81.85884857177734,0.7196747573001033
2022-11-09,58.20790481567383,86.38483428955078,82.1279296875,0.7087467690608688
2022-11-10,60.020076751708984,89.27828979492188,85.28770446777344,0.7037365717163603
2022-11-11,60.23040771484375,89.51801300048828,84.97521209716797,0.7087997338090916
2022-11-14,59.78548049926758,89.06426239013672,84.76688385009766,0.7052928901455506
2022-11-15,60.31134033203125,90.3055648803711,86.13844299316406,0.7001675237712104
2022-11-16,60.181888580322266,91.07601165771484,88.02210235595703,0.6837133739086313
2022-11-17,59.92300796508789,90.58805847167969,87.09330749511719,0.6880322919008148
2022-11-18,60.05247497558594,90.57951354980469,86.49432373046875,0.6942938262945418
2022-11-21,60.02817153930664,90.44255065917969,86.85891723632812,0.6910996987906302
2022-11-22,60.465057373046875,91.24723052978516,88.09156036376953,0.686388765545298
2022-11-23,60.804832458496094,92.16322326660156,89.62804412841797,0.6784130240684006
2022-11-25,60.68348693847656,92.25738525390625,89.32423400878906,0.6793619627625982
2022-11-28,60.04436492919922,91.58968353271484,89.57596588134766,0.6703178061036372
2022-11-29,60.303245544433594,91.13597869873047,88.5256118774414,0.6811954672272692
2022-11-30,61.20933151245117,92.24883270263672,89.17665100097656,0.6863829357281075
2022-12-01,61.43600845336914,93.40304565429688,92.02546691894531,0.6675978999104789
2022-12-02,61.38724136352539,93.96986389160156,93.18278503417969,0.6587830717981695
2022-12-05,60.80228805541992,93.17118835449219,91.8775405883789,0.6617753116381359
2022-12-06,60.58295822143555,93.45459747314453,93.0609359741211,0.6510031044420486
2022-12-07,60.916019439697266,94.49372863769531,95.25366973876953,0.6395136230106169
2022-12-08,60.964759826660156,94.19318389892578,94.99264526367188,0.6417839997764013
2022-12-09,60.964759826660156,93.48893737792969,92.52146911621094,0.6589255489456809
2022-12-12,61.20038604736328,93.36869049072266,92.81729888916016,0.6593640062769666
2022-12-13,61.834102630615234,94.1845703125,93.71353912353516,0.659820376104932
2022-12-14,61.4847526550293,94.27043151855469,94.11380767822266,0.6533021473878426
2022-12-15,61.25279235839844,94.34970092773438,94.48101043701172,0.6483079729469473
2022-12-16,60.92609405517578,93.94483947753906,93.42559051513672,0.6521349634424264
2022-12-19,60.61577224731445,92.99728393554688,91.85557556152344,0.6599030257745754
2022-12-20,60.46062469482422,91.90331268310547,90.2244873046875,0.6701132530756211
2022-12-21,60.97511672973633,92.5321273803711,90.4512710571289,0.6741211706270498
2022-12-22,60.599430084228516,92.50627899169922,90.43380737304688,0.6700970781231281
2022-12-23,60.754600524902344,92.22203826904297,89.1080322265625,0.6818083511307953
2022-12-27,60.1257438659668,91.03328704833984,87.34608459472656,0.6883622104521538
2022-12-28,59.317222595214844,90.7490234375,86.83145141601562,0.683130612559058
2022-12-29,60.08489227294922,91.39505767822266,87.81709289550781,0.6842049798260037
2022-12-30,60.13391876220703,90.81792449951172,86.8402099609375,0.6924662986104766
2023-01-03,60.24826431274414,91.44676971435547,88.49744415283203,0.6807910091583828
2023-01-04,60.942447662353516,92.11005401611328,89.70985412597656,0.679328355352959
2023-01-05,60.81995391845703,92.04112243652344,90.08489990234375,0.6751403840642406
2023-01-06,61.685646057128906,93.54859161376953,91.74217987060547,0.6723804268018403
2023-01-09,61.90616989135742,93.91903686523438,92.2306137084961,0.6712106469010165
2023-01-10,61.832664489746094,93.60027313232422,90.7042236328125,0.6816955375755839
2023-01-11,62.24100112915039,94.40140533447266,92.1783218383789,0.6752238475146121
2023-01-12,62.59219741821289,95.46953582763672,93.99256134033203,0.6659271385485129
2023-01-13,62.59219741821289,95.15941619873047,93.1115951538086,0.6722277425794122
2023-01-17,62.37984848022461,94.81484985351562,92.50975799560547,0.6743056065846358
2023-01-18,62.453338623046875,95.92604064941406,94.75141143798828,0.6591283198342702
2023-01-19,62.08583068847656,95.72793579101562,94.15827941894531,0.6593772854772924
2023-01-20,62.208335876464844,95.22834014892578,92.6318588256836,0.6715652332263966
2023-01-23,62.20016860961914,94.95268249511719,92.19575500488281,0.6746532810141306
2023-01-24,62.24100112915039,95.45230865478516,93.52155303955078,0.6655257435986797
2023-01-25,62.23283767700195,95.49536895751953,93.74835968017578,0.66382855006008
2023-01-26,62.38801574707031,95.4609146118164,93.31224060058594,0.668594123831151
2023-01-27,62.20016860961914,95.18525695800781,93.07672119140625,0.6682677238029101
2023-01-30,61.85716247558594,94.823486328125,92.73653411865234,0.66702042580589
2023-01-31,62.339046478271484,95.50398254394531,93.47793579101562,0.6668851419402334
2023-02-01,62.9939079284668,96.47348022460938,94.60165405273438,0.6658859039964747
2023-02-02,63.354984283447266,96.61173248291016,94.72407531738281,0.6688371891852186
2023-02-03,62.690242767333984,95.51433563232422,93.30741119384766,0.6718677751876964
2023-02-06,62.28812789916992,94.7799072265625,92.61656951904297,0.6725376271506451
2023-02-07,62.50973129272461,94.46884155273438,91.87327575683594,0.6803907967554265
2023-02-08,62.24709701538086,94.5638656616211,92.31050872802734,0.6743229765830699
2023-02-09,61.844993591308594,93.76892852783203,91.43601989746094,0.6763745147772552
2023-02-10,61.36900329589844,93.11225128173828,90.4128646850586,0.6787640620576435
2023-02-13,61.524932861328125,93.45787048339844,91.1736831665039,0.6748102163314998
2023-02-14,61.541343688964844,93.22457122802734,90.96379852294922,0.6765476451979806
2023-02-15,61.44285583496094,92.87030029296875,90.11553192138672,0.6818231499600013
2023-02-16,60.950439453125,92.12721252441406,88.83879089355469,0.686079119718715
2023-02-17,61.18845748901367,92.4900894165039,89.52964782714844,0.6834435181421461
2023-02-21,60.24469757080078,91.17670440673828,87.78942108154297,0.6862409710486945
2023-02-22,60.638633728027344,91.4359359741211,88.59397888183594,0.6844554730847497
2023-02-23,61.23768615722656,92.15314483642578,89.45970153808594,0.6845281741875213
2023-02-24,60.868385314941406,91.46185302734375,88.296630859375,0.6893624900805446
2023-02-27,61.27872085571289,91.48777770996094,88.54147338867188,0.6920905933733081
2023-02-28,61.16383361816406,91.52234649658203,88.94373321533203,0.6876688374445329
2023-03-01,60.990447998046875,90.9517822265625,87.98821258544922,0.6931661208462028
2023-03-02,61.06477355957031,91.02983093261719,87.20800018310547,0.7002198586294403
2023-03-03,61.69223403930664,92.06170654296875,89.32068634033203,0.6906824898797269
2023-03-06,61.69223403930664,91.81023406982422,88.62814331054688,0.6960795040367858
2023-03-07,61.254638671875,91.55009460449219,89.17167663574219,0.6869293141374292
2023-03-08,60.965675354003906,91.40267181396484,89.25931549072266,0.6830175093639441
2023-03-09,60.62717056274414,91.31597900390625,89.47848510742188,0.6775614326724376
2023-03-10,60.63542556762695,92.62531280517578,92.56426239013672,0.6550630232655321
2023-03-13,60.305171966552734,92.70337677001953,92.77466583251953,0.650017668351595
2023-03-14,60.74274826049805,92.42588806152344,91.24929809570312,0.6656790740109637
2023-03-15,60.544612884521484,93.3103256225586,93.01134490966797,0.6509379360477158
2023-03-16,60.940895080566406,93.17160034179688,92.28373718261719,0.6603644037515789
2023-03-17,60.5776252746582,93.63984680175781,93.66881561279297,0.646721375501034
2023-03-20,60.4124870300293,93.36237335205078,92.84477996826172,0.6506826452782897
2023-03-21,61.07301330566406,93.81327056884766,92.04705047607422,0.6634977762979898
2023-03-22,61.13079071044922,94.35952758789062,93.27434539794922,0.6553869710866207
2023-03-23,60.891361236572266,94.62833404541016,93.27434539794922,0.6528200329552896
2023-03-24,60.76750564575195,94.92317962646484,93.66881561279297,0.6487485215672197
2023-03-27,60.618896484375,93.78727722167969,91.4684829711914,0.6627298771694652
2023-03-28,60.585880279541016,93.63119506835938,91.63500213623047,0.6611652629141663
2023-03-29,61.345481872558594,94.0647201538086,91.45091247558594,0.6708022939512561
2023-03-30,61.70878601074219,94.1948013305664,91.8717041015625,0.6716843517186124
2023-03-31,62.3775520324707,95.0445785522461,93.24803924560547,0.6689422376826051
2023-04-03,62.329463958740234,95.61865997314453,93.68659210205078,0.6652975901914129
2023-04-04,62.146942138671875,95.74041748046875,94.15239715576172,0.6600675502277294
2023-04-05,61.79859924316406,96.05355834960938,95.13671112060547,0.6495767881319919
2023-04-06,62.07228469848633,95.96656036376953,95.38280487060547,0.6507701758476534
2023-04-10,62.01426315307617,95.52295684814453,93.84477233886719,0.6608174500029349
2023-04-11,62.146942138671875,95.49686431884766,94.03814697265625,0.6608694890249435
2023-04-12,62.1303825378418,95.29681396484375,93.94149017333984,0.6613731847685136
2023-04-13,62.553367614746094,95.46208953857422,93.20321655273438,0.6711503092745024
2023-04-14,62.437259674072266,95.14894104003906,92.35074615478516,0.6760883076074321
2023-04-17,62.271385192871094,94.54878997802734,91.25216674804688,0.6824099351504322
2023-04-18,62.312843322753906,94.86189270019531,91.57730865478516,0.6804397752903159
2023-04-19,62.06401824951172,94.3922119140625,91.48943328857422,0.6783736221619231
2023-04-20,62.00597381591797,94.74883270263672,92.27162170410156,0.6719939746454217
2023-04-21,62.196712493896484,94.80970001220703,91.75311279296875,0.6778703261461747
2023-04-24,62.37091827392578,95.22724151611328,92.6407699584961,0.6732556119931702
2023-04-25,62.271385192871094,95.64473724365234,94.00299835205078,0.6624404145031463
2023-04-26,62.030853271484375,95.22724151611328,93.00108337402344,0.6669906523778248
2023-04-27,62.2381706237793,94.87931060791016,92.0782699584961,0.6759268028366834
2023-04-28,62.50361251831055,95.61865997314453,93.56354522705078,0.6680338198668396
2023-05-01,62.21704864501953,94.07559967041016,90.86566925048828,0.6847145809657391
2023-05-02,62.15874481201172,95.2101821899414,93.13005065917969,0.6674402555571339
2023-05-03,62.12541961669922,95.3672866821289,93.64991760253906,0.6633793302452928
2023-05-04,61.942142486572266,95.10546112060547,92.72476196289062,0.6680215853383601
2023-05-05,62.275386810302734,94.73014831542969,92.4164047241211,0.6738564110582478
2023-05-08,62.100433349609375,94.04940795898438,91.12120819091797,0.6815145955867485
2023-05-09,61.942142486572266,94.01451110839844,90.7951889038086,0.6822183337510956
2023-05-10,62.3170280456543,94.75633239746094,91.67628479003906,0.6797508012936542
2023-05-11,62.21704864501953,95.12293243408203,92.64546966552734,0.6715606156419541
2023-05-12,61.99214553833008,94.53815460205078,91.87010955810547,0.6747803593193894
2023-05-15,61.9754753112793,94.03197479248047,90.9185562133789,0.6816592551890902
2023-05-16,61.54230499267578,93.56066131591797,90.64541625976562,0.6789345510457133
2023-05-17,61.70891571044922,93.55194091796875,90.3810806274414,0.6827636412626962
2023-05-18,61.74222946166992,93.1591796875,89.71148681640625,0.6882310354305557
2023-05-19,61.808876037597656,93.04574584960938,89.07710266113281,0.693880629152601
2023-05-22,62.08377456665039,93.01082611083984,88.7598876953125,0.6994575610524245
2023-05-23,61.758907318115234,93.20283508300781,89.01543426513672,0.6937999890464319
2023-05-24,61.32572937011719,92.83626556396484,88.57486724853516,0.6923603870389248
2023-05-25,61.284088134765625,92.5307846069336,88.35462951660156,0.6936149069953436
2023-05-26,61.658931732177734,92.92352294921875,89.06826782226562,0.6922659802390813
2023-05-30,61.92547607421875,93.62175750732422,89.95818328857422,0.688380687675404
2023-05-31,61.73392105102539,93.92723083496094,90.74234008789062,0.6803210165313298
2023-06-01,62.10470962524414,94.2153091430664,91.09837341308594,0.6817323657759518
2023-06-02,62.42275619506836,93.96137237548828,90.10008239746094,0.6928157503752457
2023-06-05,62.372520446777344,93.7599868774414,89.9322738647461,0.6935499100198743
2023-06-06,62.47296905517578,93.9438705444336,90.46227264404297,0.6905969442200355
2023-06-07,62.129783630371094,93.10328674316406,89.11947631835938,0.6971515789480893
2023-06-08,62.523162841796875,93.72496795654297,90.16194152832031,0.6934540426035307
2023-06-09,62.53992462158203,93.47979736328125,90.03826141357422,0.6945927613408301
2023-06-12,62.47296905517578,93.77749633789062,90.30326843261719,0.6918129336790515
2023-06-13,62.54831314086914,93.3572006225586,89.4110107421875,0.6995594012601457
2023-06-14,62.57341766357422,93.64615631103516,90.12659454345703,0.6942836127398857
2023-06-15,62.87471008300781,94.46046447753906,90.99234008789062,0.6909890439379441
2023-06-16,62.71567916870117,94.29409790039062,90.63897705078125,0.6919283646986019
2023-06-20,62.54831314086914,94.63558959960938,91.2662124633789,0.6853392011415727
2023-06-21,62.3892707824707,94.530517578125,91.48707580566406,0.6819462774719937
2023-06-22,62.20515441894531,94.0401611328125,90.3827896118164,0.688241142878077
2023-06-23,62.096309661865234,94.30286407470703,91.28387451171875,0.6802549737729799
2023-06-26,62.129783630371094,94.40791320800781,91.38105010986328,0.6798978951946304
2023-06-27,62.33906936645508,94.30286407470703,91.14249420166016,0.6839737041705797
2023-06-28,62.6989631652832,94.71439361572266,91.53125,0.6850006218125854
2023-06-29,62.531551361083984,93.99637603759766,89.87923431396484,0.6957285722155762
2023-06-30,62.8328742980957,94.6881332397461,90.93933868408203,0.6909317266576289
2023-07-03,62.73440933227539,94.42283630371094,90.42377471923828,0.6937822439625296
2023-07-05,62.5408935546875,93.74645233154297,89.56455993652344,0.6982772382180155
2023-07-06,62.086456298828125,92.7977294921875,88.29785919189453,0.7031479230305899
2023-07-07,62.14537048339844,92.70989990234375,87.76634979248047,0.7080774195387906
2023-07-10,62.456729888916016,93.19305419921875,87.88150787353516,0.7106925154128402
2023-07-11,62.793331146240234,93.63224029541016,88.33325958251953,0.7108684932834354
2023-07-12,63.28140640258789,94.4579849243164,89.3165054321289,0.7085074152467269
2023-07-13,63.660099029541016,95.12557983398438,90.25550842285156,0.7053320084497255
2023-07-14,63.197269439697266,94.38770294189453,89.72400665283203,0.7043518429156387
2023-07-17,63.315067291259766,94.54582214355469,89.76829528808594,0.705316582965823
2023-07-18,63.49176788330078,94.78299713134766,90.17578125,0.7040889139322071
2023-07-19,63.542266845703125,95.3188705444336,91.19445037841797,0.6967777817841974
2023-07-20,63.26456832885742,94.67759704589844,90.08715057373047,0.7022596222208126
2023-07-21,63.4244499206543,94.84447479248047,90.11375427246094,0.7038265183014023
2023-07-24,63.315067291259766,94.73030090332031,89.78601837158203,0.7051773587868495
2023-07-25,63.272979736328125,94.58097076416016,89.61769104003906,0.7060322465578728
2023-07-26,63.52545166015625,95.0201644897461,89.70630645751953,0.7081492279501973
2023-07-27,63.0205192565918,93.86064910888672,87.96125030517578,0.7164577474506814
2023-07-28,63.382389068603516,94.4755630493164,88.41300201416016,0.7168899101339443
2023-07-31,63.533878326416016,94.73907470703125,88.62559509277344,0.7168795680289496
2023-08-01,63.219303131103516,93.7950439453125,87.17330932617188,0.7252139860213304
2023-08-02,62.94877624511719,93.22209167480469,86.24060821533203,0.7299203652175313
2023-08-03,62.74581527709961,92.38471221923828,84.25093841552734,0.7447491559991412
2023-08-04,63.11787414550781,93.34549713134766,85.74321746826172,0.7361267282612903
2023-08-07,63.23623275756836,93.11632537841797,84.89938354492188,0.7448373606165098
2023-08-08,63.37150573730469,93.48656463623047,85.88533782958984,0.7378617507803698
2023-08-09,63.379974365234375,93.57469177246094,86.32945251464844,0.7341639790253508
2023-08-10,63.36305618286133,92.91358947753906,84.90824127197266,0.7462533110290299
2023-08-11,63.270042419433594,92.59626007080078,84.71284484863281,0.7468766104182454
2023-08-14,63.261592864990234,92.5610122680664,84.52630615234375,0.7484249075189963
2023-08-15,63.058685302734375,92.07623291015625,84.01112365722656,0.7505992368346346
2023-08-16,62.864219665527344,91.66195678710938,83.35379791259766,0.7541854269369336
2023-08-17,62.60209274291992,91.41513061523438,82.9985122680664,0.7542556008802824
2023-08-18,62.64435577392578,91.75889587402344,83.29161834716797,0.7521087597652109
2023-08-21,62.627437591552734,91.21240234375,82.18132019042969,0.76206414604235
2023-08-22,62.661277770996094,91.49446105957031,82.81196594238281,0.7566693660502306
2023-08-23,63.168582916259766,92.7813720703125,84.86383819580078,0.7443521794349559
2023-08-24,62.821937561035156,92.46406555175781,84.30422973632812,0.7451813243240406
2023-08-25,63.08404541015625,92.51695251464844,84.57958221435547,0.7458543038233305
2023-08-28,63.320770263671875,92.80783081054688,84.66844177246094,0.747867433699098
2023-08-29,63.718162536621094,93.5482406616211,85.54779815673828,0.7448252779092976
2023-08-30,63.69282150268555,93.41604614257812,85.45896911621094,0.7453029466816197
2023-08-31,63.65052032470703,93.57469177246094,85.8409194946289,0.7414939250352469
2023-09-01,63.77030563354492,92.90858459472656,84.50364685058594,0.7546456041867587
2023-09-05,63.35407638549805,92.2451400756836,83.31874084472656,0.7603820670257749
2023-09-06,63.20116424560547,92.15669250488281,83.52364349365234,0.7566859107434489
2023-09-07,63.413543701171875,92.5635757446289,83.75527954101562,0.757128912334628
2023-09-08,63.3880500793457,92.6343765258789,84.07601928710938,0.7539373369103409
2023-09-11,63.498477935791016,92.45745086669922,83.47020721435547,0.7607322427357093
2023-09-12,63.39653778076172,92.430908203125,83.9512710571289,0.7551587603434893
2023-09-13,63.56642150878906,92.6343765258789,83.93347930908203,0.7573428628486613
2023-09-14,63.64289474487305,92.4662857055664,83.32763671875,0.7637669475696581
2023-09-15,63.405033111572266,92.32478332519531,82.81981658935547,0.7655780430661022
2023-09-18,63.447513580322266,92.50165557861328,83.2919921875,0.7617480614162104
2023-09-19,63.25212478637695,92.19206237792969,82.67725372314453,0.7650486916048865
2023-09-20,63.20116424560547,92.22747802734375,82.93563079833984,0.7620508053924465
2023-09-21,62.75093460083008,91.29861450195312,80.80632019042969,0.7765597350918845
2023-09-22,62.86136245727539,91.85591125488281,81.45670318603516,0.7717150338592671
2023-09-25,62.77641677856445,90.96248626708984,79.45214080810547,0.7901161144314968
2023-09-26,62.504600524902344,90.7059326171875,79.17597198486328,0.7894390047633626
2023-09-27,62.419654846191406,90.28135681152344,78.76612091064453,0.792468311560027
2023-09-28,62.716957092285156,90.44058227539062,79.00666046142578,0.7938186062541662
2023-09-29,62.62351989746094,90.24595642089844,79.01557922363281,0.7925464890945308
2023-10-02,62.24351119995117,89.4191665649414,77.6928482055664,0.8011485308823014
2023-10-03,61.611610412597656,88.38905334472656,76.02154541015625,0.810449328281697
2023-10-04,61.92755126953125,89.16165161132812,77.09406280517578,0.8032726388545408
2023-10-05,61.987335205078125,89.05506896972656,76.709716796875,0.8080767051874107
2023-10-06,62.07273483276367,88.78862762451172,75.7802734375,0.8191146853535484
2023-10-09,62.53386306762695,89.88986206054688,77.55878448486328,0.8062769869714931
2023-10-10,62.51676559448242,89.92537689208984,77.45155334472656,0.8071725213338022
2023-10-11,62.50823211669922,90.47599029541016,79.06922149658203,0.7905507469730342
2023-10-12,62.175201416015625,89.53461456298828,76.92423248291016,0.8082654764196543
2023-10-13,62.123966217041016,90.03194427490234,78.30059814453125,0.7934034693115553
2023-10-16,62.106876373291016,89.4103012084961,77.04042053222656,0.8061596230164821
2023-10-17,61.816532135009766,88.69985961914062,76.1913833618164,0.8113323240432113
2023-10-18,61.51765823364258,87.98939514160156,75.52108001708984,0.8145759861977822
2023-10-19,61.2956428527832,87.27896118164062,73.97488403320312,0.8286007292052133
2023-10-20,61.42372512817383,87.62528228759766,74.39494323730469,0.825643820067779
2023-10-23,61.67136001586914,88.3091049194336,75.28868103027344,0.8191318956839103
2023-10-24,61.987335205078125,88.8064193725586,76.28072357177734,0.8126212272586839
2023-10-25,61.654293060302734,87.99828338623047,74.58262634277344,0.8266575754110143
2023-10-26,61.86775207519531,88.63766479492188,75.72660827636719,0.8169882883095273
2023-10-27,61.79092025756836,88.46009826660156,75.40486145019531,0.8194553914588263
2023-10-30,61.80802917480469,88.19365692138672,75.06525421142578,0.8233906595549344
2023-10-31,61.97024154663086,88.06932830810547,74.6988296508789,0.8296012378809969
2023-11-01,62.56092834472656,89.3296890258789,76.31847381591797,0.8197350551797598
2023-11-02,63.26490783691406,90.39037322998047,78.05827331542969,0.8104830551562887
2023-11-03,63.883052825927734,90.83601379394531,78.58738708496094,0.8128919308242641
2023-11-06,63.625484466552734,90.3547134399414,77.82511138916016,0.817544406051628
2023-11-07,63.63409423828125,91.07669830322266,78.97301483154297,0.8057701022813791
2023-11-08,63.668426513671875,91.5401840209961,80.3182373046875,0.7927019896134608
2023-11-09,63.27349090576172,90.61320495605469,78.47078704833984,0.8063317992055281
2023-11-10,63.582584381103516,91.06778717041016,78.91024017333984,0.8057583431685608
2023-11-13,63.52246856689453,91.07669830322266,78.73088073730469,0.806830407230488
2023-11-14,64.16636657714844,92.50281524658203,80.51551818847656,0.7969440925281404
2023-11-15,63.960323333740234,92.0215072631836,79.38554382324219,0.8056923244886077
2023-11-16,64.04615783691406,92.7791519165039,80.37205505371094,0.7968709745459833
2023-11-17,64.19213104248047,93.04653930664062,80.74868774414062,0.794961910042166
2023-11-20,64.26078796386719,93.4208984375,81.24195861816406,0.7909802897034017
2023-11-21,64.34661865234375,93.4476318359375,81.2060775756836,0.7923867347536035
2023-11-22,64.4582748413086,93.82199096679688,81.49305725097656,0.7909664579498417
2023-11-24,64.38960266113281,93.34068298339844,80.53345489501953,0.7995385612733087
2023-11-27,64.48400115966797,94.09830474853516,81.87867736816406,0.7875554812606259
2023-11-28,64.76734161376953,94.4726791381836,82.04012298583984,0.7894593432648608
2023-11-29,65.11933898925781,95.23922729492188,83.07141876220703,0.783895832761238
2023-11-30,64.99911499023438,94.7400894165039,82.11186218261719,0.7915922652646218
2023-12-01,65.53730010986328,95.88075256347656,83.6583251953125,0.7833924472771472
2023-12-04,65.37345123291016,95.44239044189453,83.32546997070312,0.7845554457226005
2023-12-05,65.43379974365234,96.20285034179688,85.11579132080078,0.7687621618535254
2023-12-06,65.44242858886719,96.56069946289062,86.24935913085938,0.7587584330867495
2023-12-07,65.55457305908203,96.5696792602539,85.75453186035156,0.7644444163701517
2023-12-08,65.4251708984375,96.05074310302734,85.05278015136719,0.7692302448197611
2023-12-11,65.382080078125,96.02391815185547,84.87287902832031,0.7703530365254648
2023-12-12,65.52869415283203,96.5696792602539,85.12477111816406,0.7697958337164845
2023-12-13,66.52912902832031,98.18898010253906,87.12198638916016,0.7636319118247051
2023-12-14,66.82291412353516,99.23322296142578,89.38829803466797,0.7475577406968734
2023-12-15,66.67557525634766,99.08956146240234,89.48756408691406,0.7450820226997078
2023-12-18,66.71893310546875,98.67652130126953,88.77457427978516,0.7515545261326171
2023-12-19,66.90958404541016,98.80224609375,89.25292205810547,0.7496626721291059
2023-12-20,66.91825866699219,99.06261444091797,89.85762786865234,0.7447142802924718
2023-12-21,67.22161865234375,99.0267333984375,89.28900146484375,0.7528544115123886
2023-12-22,67.14362335205078,98.85613250732422,88.88286590576172,0.7554169486753496
2023-12-26,67.27364349365234,99.06261444091797,89.13558959960938,0.7547338139102538
2023-12-27,67.55094909667969,99.9874267578125,90.71503448486328,0.7446499853114342
2023-12-28,67.33428955078125,99.72704315185547,90.05616760253906,0.7476921497254877
2023-12-29,67.07425689697266,99.35894012451172,89.24388885498047,0.7515837527650434
2024-01-02,66.84892272949219,98.6855239868164,88.72944641113281,0.7534017784777333
2024-01-03,66.66695404052734,98.46105194091797,89.09949493408203,0.7482304371068452
2024-01-04,66.40692138671875,97.91334533691406,87.74566650390625,0.7568114077036779
2024-01-05,66.45891571044922,97.56317901611328,86.90626525878906,0.7647194999410938
2024-01-08,66.83159637451172,98.30840301513672,87.7636947631836,0.7614947906972943
2024-01-09,66.93559265136719,98.47901153564453,87.2041244506836,0.7675737021959456
2024-01-10,67.05694580078125,98.35330200195312,86.79798126220703,0.7725634263106844
2024-01-11,67.27364349365234,98.94589233398438,87.28534698486328,0.7707323831263305
2024-01-12,67.34293365478516,99.1613998413086,87.11387634277344,0.7730448521175423
2024-01-16,66.91825866699219,98.1557846069336,85.57952880859375,0.7819423593305923
2024-01-17,66.63224792480469,97.94925689697266,85.44416046142578,0.7798338419497511
2024-01-18,66.77091217041016,97.76070404052734,84.64990997314453,0.788788933048995
2024-01-19,66.88359069824219,97.85946655273438,84.9206771850586,0.7876007695097614
2024-01-22,66.93559265136719,98.12882995605469,85.42608642578125,0.7835497966949624
2024-01-23,66.85758972167969,97.76966857910156,84.74919891357422,0.7888875715493183
2024-01-24,66.82291412353516,97.58112335205078,84.25279235839844,0.7931240289257209
2024-01-25,67.33428955078125,98.22760009765625,84.80335998535156,0.7940049729446119
2024-01-26,67.28228759765625,97.94925689697266,84.64087677001953,0.7949148232534398
2024-01-29,67.42962646484375,98.35330200195312,85.61563110351562,0.7875854630250444
2024-01-30,67.34293365478516,98.66757202148438,86.39183044433594,0.7795058086907375
2024-01-31,67.15228271484375,98.9189682006836,87.240234375,0.7697398247028008
2024-02-01,67.53901672363281,99.68396759033203,88.95153045654297,0.7592788609368426
2024-02-02,67.23416900634766,98.77389526367188,86.98670959472656,0.7729246148014274
2024-02-05,66.92060089111328,97.82779693603516,85.2301254272461,0.7851754359817041
2024-02-06,67.16448974609375,98.37742614746094,86.06315612792969,0.780409326916343
2024-02-07,67.27771759033203,98.08910369873047,85.64663696289062,0.7855266707025803
2024-02-08,67.24286651611328,97.58450317382812,85.14864349365234,0.7897115415717233
2024-02-09,67.38220977783203,97.45836639404297,84.97659301757812,0.7929502394134988
2024-02-12,67.23416900634766,97.46736145019531,85.07620239257812,0.7902817370255942
2024-02-13,66.69412231445312,96.39511108398438,83.61842346191406,0.7976008103624496
2024-02-14,66.9554214477539,96.84564208984375,84.04399108886719,0.7966711311574433
2024-02-15,67.19059753417969,97.19703674316406,84.47859954833984,0.795356432201889
2024-02-16,66.99028015136719,96.84564208984375,83.98967742919922,0.7976013505688004
2024-02-20,67.1296157836914,97.17002868652344,84.0621109008789,0.7985716164425932
2024-02-21,67.00767517089844,96.92672729492188,83.46448516845703,0.8028285927320622
2024-02-22,67.32998657226562,97.07994079589844,83.87195587158203,0.8027711512457855
2024-02-23,67.3735122680664,97.36825561523438,84.99470520019531,0.792678933462688
2024-02-26,67.15576171875,97.06189727783203,84.74118041992188,0.7924808385482709
2024-02-27,67.24286651611328,96.92672729492188,84.14356994628906,0.7991444451315303
2024-02-28,67.23416900634766,96.91773223876953,84.67780303955078,0.7939999219741724
2024-02-29,67.3561019897461,97.00782775878906,85.275390625,0.7898656516971668
2024-03-01,67.60838317871094,97.59835052490234,85.80677032470703,0.7879143210130112
2024-03-04,67.59085845947266,97.4175033569336,85.46159362792969,0.790891622659647
2024-03-05,67.53831481933594,97.95106506347656,86.67871856689453,0.7791798948575026
2024-03-06,67.70475006103516,98.21333312988281,87.1873779296875,0.7765430234137313
2024-03-07,67.78356170654297,98.45751190185547,87.10562896728516,0.7781765944426037
2024-03-08,67.80107879638672,98.59315490722656,86.95121002197266,0.7797600376033101
2024-03-11,67.79232025146484,98.61125946044922,86.90579986572266,0.780066697000777
2024-03-12,67.85364532470703,98.29473876953125,86.17915344238281,0.7873556726229882
2024-03-13,67.87995147705078,98.19526672363281,85.76133728027344,0.7914982861707816
2024-03-14,67.5558090209961,97.4717788696289,84.44429779052734,0.8000043909249519
2024-03-15,67.51201629638672,97.49890899658203,84.41704559326172,0.7997438884757134
2024-03-18,67.66968536376953,97.33610534667969,84.1627426147461,0.8040337477299982
2024-03-19,67.94123840332031,97.61647033691406,84.39888000488281,0.805001658782553
2024-03-20,68.16901397705078,97.79733276367188,84.37164306640625,0.8079611999898723
2024-03-21,68.13398742675781,97.94202423095703,84.55331420898438,0.8058109615710144
2024-03-22,68.06388092041016,98.27664184570312,85.3616714477539,0.7973588118183585
2024-03-25,67.95878601074219,97.94202423095703,84.93477630615234,0.8001290986601388
2024-03-26,67.87995147705078,97.91490936279297,85.17095184326172,0.7969847701358181
2024-03-27,68.23910522460938,98.59315490722656,86.0156478881836,0.793333618940092
2024-03-28,68.09016418457031,98.50273895263672,85.94300842285156,0.7922711275076296
2024-04-01,67.8128433227539,97.55953216552734,84.3409194946289,0.8040325352046043
2024-04-02,67.69837951660156,97.41429901123047,83.87615966796875,0.8071230226156232
2024-04-03,67.75118255615234,97.47784423828125,83.8579330444336,0.8079281243463656
2024-04-04,67.69837951660156,97.58675384521484,84.45940399169922,0.8015493398846983
2024-04-05,67.6367416381836,97.16011047363281,83.2838134765625,0.812123494527754
2024-04-08,67.79519653320312,97.15103149414062,83.27472686767578,0.8141149071666154
2024-04-09,67.93609619140625,97.65031433105469,84.04930877685547,0.8082885770276996
2024-04-10,67.3373794555664,96.26139831542969,82.21759033203125,0.8190142666992316
2024-04-11,67.27576446533203,96.06171417236328,81.84396362304688,0.8220003221641076
2024-04-12,67.24053192138672,96.27957153320312,82.28140258789062,0.8172020627572837
2024-04-15,66.85313415527344,95.21746063232422,81.00556945800781,0.8252905893085437
2024-04-16,66.63301849365234,94.89971923828125,80.46791076660156,0.8280694485398342
2024-04-17,66.7210693359375,95.41716766357422,81.36099243164062,0.8200621371721398
2024-04-18,66.77388763427734,95.22653198242188,80.95088958740234,0.8248691024226713
2024-04-19,66.89717102050781,95.32638549804688,81.24252319335938,0.823425570637322
2024-04-22,67.26695251464844,95.56240844726562,81.10581970214844,0.8293726980588865
2024-04-23,67.53990173339844,95.72582244873047,81.13316345214844,0.8324573930022194
2024-04-24,67.39019775390625,95.35360717773438,80.55902862548828,0.8365319059046411
2024-04-25,67.24934387207031,95.07220458984375,79.99402618408203,0.8406795742136582
2024-04-26,67.46063995361328,95.43533325195312,80.41321563720703,0.8389247889049642
2024-04-29,67.66313934326172,95.83475494384766,81.08758544921875,0.8344451122624176
2024-04-30,67.17008972167969,95.3082275390625,80.39500427246094,0.8355007917412176
2024-05-01,67.5241470336914,95.70468139648438,80.98758697509766,0.8337592161432587
2024-05-02,67.94012451171875,96.2970962524414,81.3351058959961,0.8353111951264239
2024-05-03,68.22337341308594,96.9715347290039,82.15814208984375,0.8303908983053744
2024-05-06,68.30303192138672,97.24493408203125,82.47823333740234,0.8281340319447963
2024-05-07,68.31187438964844,97.29049682617188,82.98117065429688,0.8232213868642398
2024-05-08,68.15254974365234,97.04441833496094,82.47823333740234,0.8263095241729241
2024-05-09,68.1702651977539,97.19937133789062,82.8805923461914,0.8225118000243941
2024-05-10,68.06404113769531,96.88949584960938,82.41419219970703,0.8258776713209993
2024-05-13,68.04634094238281,96.92594909667969,82.62451934814453,0.8235611109054023
2024-05-14,68.15254974365234,97.20846557617188,83.09092712402344,0.82021650380584
2024-05-15,68.55083465576172,98.07428741455078,84.22489166259766,0.813902319166812
2024-05-16,68.39151000976562,97.91935729980469,84.1426010131836,0.8128048002586696
2024-05-17,68.40037536621094,97.69151306152344,83.57559967041016,0.8184251819425234
2024-05-20,68.43578338623047,97.64591979980469,83.32868194580078,0.8212752414677931
2024-05-21,68.38267517089844,97.81000518798828,83.75849151611328,0.8164267757585286
2024-05-22,68.23220825195312,97.6641616821289,83.85908508300781,0.8136531442528089
2024-05-23,67.99322509765625,97.2358169555664,83.3195571899414,0.8160536060297809
2024-05-24,68.23220825195312,97.50012969970703,83.56645202636719,0.8165023953682304
2024-05-28,67.95782470703125,96.91683197021484,82.36846923828125,0.8250465904670162
2024-05-29,67.75426483154297,96.3973388671875,81.37166595458984,0.8326518086695412
2024-05-30,68.02864837646484,96.98973846435547,82.15814208984375,0.8280207736693017
2024-05-31,68.2676010131836,97.41807556152344,82.7159652709961,0.8253255679181594
2024-06-03,68.47925567626953,98.09049987792969,84.05386352539062,0.8147068177964671
2024-06-04,68.4437026977539,98.4747543334961,85.03573608398438,0.8048816397632688
2024-06-05,68.66597747802734,98.80409240722656,85.6596908569336,0.8016136503774142
2024-06-06,68.5503921508789,98.74004364013672,85.5312271118164,0.8014662535036686
2024-06-07,68.37254333496094,97.85265350341797,83.96211242675781,0.8143261449573933
2024-06-10,68.43477630615234,97.65138244628906,83.40237426757812,0.8205375075605696
2024-06-11,68.52371215820312,98.07219696044922,84.2649154663086,0.8131938634128313
2024-06-12,68.79936981201172,98.676025390625,84.89806365966797,0.8103761952429056
2024-06-13,68.79048156738281,99.14259338378906,86.14603424072266,0.798533352970814
2024-06-14,68.52371215820312,99.22491455078125,86.87096405029297,0.7887987995451747
2024-06-17,68.56816864013672,98.75835418701172,86.0083999633789,0.7972264182258014
2024-06-18,68.78156280517578,99.21580505371094,86.79753112792969,0.792436857493096
2024-06-20,68.73714447021484,98.88642883300781,86.21943664550781,0.7972349060088202
2024-06-21,68.81715393066406,98.91387939453125,86.21943664550781,0.7981628807621021
2024-06-24,68.74602508544922,99.0145263671875,86.56814575195312,0.7941261128825575
2024-06-25,68.83494567871094,98.97791290283203,86.71498107910156,0.7938068465461531
2024-06-26,68.68378448486328,98.43814849853516,85.47616577148438,0.8035431147962981
2024-06-27,68.76380920410156,98.63027954101562,85.81570434570312,0.8012963329775972
2024-06-28,68.59485626220703,97.99900817871094,84.21903991699219,0.8144815748293422
2024-07-01,68.5814437866211,97.41696166992188,82.7655029296875,0.8286235370898873
2024-07-02,68.76915740966797,98.04124450683594,83.40989685058594,0.8244723948388971
2024-07-03,69.01051330566406,98.76651763916016,84.50532531738281,0.8166409992089403
2024-07-05,69.21612548828125,99.28067016601562,85.2049331665039,0.8123488032438451
2024-07-08,69.19824981689453,99.271484375,85.38905334472656,0.8103878320038556
2024-07-09,69.11779022216797,99.08786010742188,85.01162719726562,0.8130392571098924
2024-07-10,69.27869415283203,99.3265380859375,85.27857971191406,0.8123809564707523
2024-07-11,69.52899169921875,99.85903930664062,86.1070556640625,0.8074714802754225
2024-07-12,69.707763671875,100.22628784179688,86.47530364990234,0.8061002474658986
2024-07-15,69.71670532226562,99.67543029785156,85.4811019897461,0.8155803294467181
2024-07-16,69.98487854003906,100.25381469726562,86.68698120117188,0.8073285927171377
2024-07-17,69.9044418334961,100.29972076416016,86.7054214477539,0.8062291915116107
2024-07-18,69.76139831542969,99.86824035644531,86.04263305664062,0.8107771210291387
2024-07-19,69.707763671875,99.50099182128906,85.53633117675781,0.8149491884077464
2024-07-22,69.96702575683594,99.44590759277344,85.28776550292969,0.8203641559167419
2024-07-23,69.9759521484375,99.37247467041016,85.16810607910156,0.8216215596416568
2024-07-24,69.7524642944336,98.76651763916016,84.24756622314453,0.8279463422086508
2024-07-25,69.76139831542969,99.16130065917969,84.93798828125,0.8213215279414554
2024-07-26,69.98487854003906,99.71216583251953,85.60074615478516,0.8175732301852937
2024-07-29,69.92231750488281,99.92330932617188,86.06103515625,0.8124735820099516
2024-07-30,69.95809936523438,100.00594329833984,86.39241027832031,0.809771357690549
2024-07-31,70.2083740234375,100.58431243896484,87.27615356445312,0.804439370389861
2024-08-01,70.05470275878906,100.91783905029297,88.02889251708984,0.7958148825419871
2024-08-02,69.82107543945312,101.90373992919922,90.77198791503906,0.76919187343131
2024-08-05,69.38975524902344,101.64573669433594,91.25226593017578,0.7604167912073432
2024-08-06,69.65033721923828,100.98236083984375,89.21109771728516,0.7807362424792037
2024-08-07,69.7851333618164,100.52166748046875,88.58305358886719,0.7877932689665912
2024-08-08,70.07269287109375,100.5677261352539,88.03812408447266,0.795935778957068
2024-08-09,70.06369018554688,101.08369445800781,88.90629577636719,0.7880621903513272
2024-08-12,70.10863494873047,101.2956314086914,89.22957611083984,0.7857107251259651
2024-08-13,70.43212890625,102.00508117675781,89.84840393066406,0.7838996111784291
2024-08-14,70.55793762207031,102.45655822753906,90.41180419921875,0.7804062560968118
2024-08-15,70.6208267211914,102.14329528808594,89.68213653564453,0.7874570059236141
2024-08-16,70.84548950195312,102.44734954833984,89.99617004394531,0.7872056051647435
2024-08-19,70.96228790283203,102.68689727783203,90.41180419921875,0.7848785734489879
2024-08-20,70.89939880371094,102.9541015625,91.13219451904297,0.7779841051550208
2024-08-21,71.0611343383789,103.1844253540039,91.1876220703125,0.7792848714004784
2024-08-22,70.9712905883789,102.76058959960938,90.28248596191406,0.7861025295461886
2024-08-23,71.34870910644531,103.35029602050781,90.87358093261719,0.7851424844735724
2024-08-26,71.20491790771484,103.2212905883789,90.64269256591797,0.7855560761937052
2024-08-27,71.24984741210938,103.13838195800781,90.48567199707031,0.7874157956678076
2024-08-28,71.2138900756836,102.92645263671875,90.37483978271484,0.7879835831178316
2024-08-29,71.28579711914062,102.75139617919922,90.07928466796875,0.7913672647590319
2024-08-30,71.2947769165039,102.46576690673828,89.11872863769531,0.7999976885481257
2024-09-03,71.04197692871094,102.77555847167969,90.57630920410156,0.7843328741583782
2024-09-04,71.3038101196289,103.41364288330078,91.74383544921875,0.7772054631299601
2024-09-05,71.5475845336914,103.92222595214844,92.26274108886719,0.7754764674157794
2024-09-06,71.45730590820312,103.87599182128906,92.25345611572266,0.7745759228637151
2024-09-09,71.62885284423828,104.1072006225586,92.65190124511719,0.7730964166049767
2024-09-10,71.49342346191406,104.39386749267578,93.30054473876953,0.766270161252404
2024-09-11,71.60176849365234,104.44009399414062,93.22640991210938,0.7680416800470597
2024-09-12,71.70111083984375,104.36611938476562,92.7908935546875,0.7727171071758866
2024-09-13,71.89972686767578,104.68976593017578,93.04107666015625,0.77277402034263
2024-09-16,72.080322265625,105.15213012695312,93.89356994628906,0.7676811341485671
2024-09-17,72.098388671875,105.16140747070312,93.43952178955078,0.7716048551089403
2024-09-18,72.1615982055664,104.72676086425781,92.28125,0.7819746503820267
2024-09-19,72.37828826904297,104.81922912597656,91.97550201416016,0.7869300703343801
2024-09-20,72.46858215332031,104.91168212890625,91.62337493896484,0.7909398906293885
2024-09-23,72.33314514160156,104.76374053955078,91.42877960205078,0.7911419736371402
2024-09-24,72.3421859741211,104.9394302368164,91.41024017333984,0.7914013335589066
2024-09-25,72.26091766357422,104.31988525390625,90.65042877197266,0.7971381784121895
2024-09-26,72.37828826904297,104.31988525390625,90.86354064941406,0.7965602897679919
2024-09-27,72.55886840820312,104.7359848022461,91.33611297607422,0.7944159877617099
2024-09-30,72.50471496582031,104.4770736694336,90.9006118774414,0.7976262587052358
2024-10-01,72.46842193603516,104.97920227050781,91.5569076538086,0.7915123368959764
2024-10-02,72.47747039794922,104.7471694946289,90.78534698486328,0.7983388597945597
2024-10-03,72.30508422851562,104.06963348388672,89.93010711669922,0.804014212222474
2024-10-04,72.22342681884766,103.50347900390625,88.82386016845703,0.8131083999487732
2024-10-07,71.9149398803711,102.97444915771484,88.15455627441406,0.8157824498203918
2024-10-08,72.08732604980469,103.17863464355469,88.30328369140625,0.8163606497548662
2024-10-09,72.04196166992188,102.97444915771484,87.80130767822266,0.8205112608794372
2024-10-10,72.00566864013672,102.86308288574219,87.45735931396484,0.8233231509042275
2024-10-11,72.19620513916016,102.84452056884766,87.10411071777344,0.8288495748849732
2024-10-14,72.23249816894531,102.85380554199219,87.16918182373047,0.8286471968385635
2024-10-15,72.21434020996094,103.35497283935547,88.22891998291016,0.8184883168007585
2024-10-16,72.34138488769531,103.6798095703125,88.60077667236328,0.8164870287221797
2024-10-17,72.23249816894531,102.90947723388672,87.19706726074219,0.828382197224032
2024-10-18,72.40489196777344,102.7888412475586,87.26212310791016,0.8297402055899562
2024-10-21,72.11453247070312,101.74005889892578,85.73760223388672,0.841107409021998
2024-10-22,72.01473999023438,101.73078918457031,85.82125091552734,0.8391247997668722
2024-10-23,71.7969741821289,101.38738250732422,85.58885955810547,0.8388588719702079
2024-10-24,72.00566864013672,101.69363403320312,86.13731384277344,0.8359404934726519
2024-10-25,71.93307495117188,101.45233917236328,85.65392303466797,0.83981062866271
2024-10-28,72.11453247070312,101.36881256103516,85.4215087890625,0.8442198398623554
2024-10-29,72.13269805908203,101.48948669433594,85.5516586303711,0.8431478619337336
2024-10-30,72.00566864013672,101.35952758789062,85.80265808105469,0.8392009088123534
2024-10-31,71.8060531616211,101.15533447265625,85.94209289550781,0.8355166920233844
2024-11-01,71.81061553955078,100.60114288330078,84.73047637939453,0.8475181376062024
2024-11-04,72.01123046875,101.34626770019531,86.0456314086914,0.8368958341036266
2024-11-05,72.21183776855469,101.83061218261719,86.50267791748047,0.8347930897288686
2024-11-06,72.3395004272461,100.76880645751953,84.13350677490234,0.8598179631426645
2024-11-07,72.64954376220703,101.96102142333984,85.1875,0.8528192958146094
2024-11-08,72.76808166503906,102.31494140625,86.26950073242188,0.843497192486838
2024-11-11,72.68601989746094,102.11933898925781,85.84974670410156,0.846665513737483
2024-11-12,72.39423370361328,101.19725036621094,84.56255340576172,0.8561027403730297
2024-11-13,72.41246795654297,100.8154067993164,83.76040649414062,0.8645190608239051
2024-11-14,72.2574234008789,100.78744506835938,84.24542236328125,0.8577014794856395
2024-11-15,72.2483139038086,100.83402252197266,84.02157592773438,0.8598781099505706
2024-11-18,72.3851089477539,101.02027893066406,84.1707992553711,0.8599788713914924
2024-11-19,72.49452209472656,101.23452758789062,84.5998764038086,0.8569104965200982
2024-11-20,72.47627258300781,100.99234771728516,84.32939147949219,0.8594426132036432
2024-11-21,72.5036392211914,100.87126922607422,84.26408386230469,0.8604334836140752
2024-11-22,72.48540496826172,100.96440887451172,84.31072235107422,0.859741239867792
2024-11-25,72.75898742675781,102.22179412841797,86.49335479736328,0.8412089876409308
2024-11-26,72.6221923828125,101.96102142333984,86.15755462646484,0.8428998791535488
2024-11-27,72.84103393554688,102.33357238769531,86.75450897216797,0.839622456498662
2024-11-29,72.9869613647461,102.96692657470703,87.64995574951172,0.8327096202230848
2024-12-02,72.96038055419922,103.12863159179688,87.86053466796875,0.8304112970621191
2024-12-03,72.96038055419922,102.76412200927734,87.10240173339844,0.8376391362607327
2024-12-04,73.13442993164062,103.25948333740234,88.03838348388672,0.8307107313598744
2024-12-05,73.07030487060547,103.23143005371094,88.21622467041016,0.8283091363704097
2024-12-06,73.18936157226562,103.4651107788086,88.34724426269531,0.8284283475174549
2024-12-09,73.0977783203125,103.20338439941406,87.53295135498047,0.8350886973280762
2024-12-10,73.13442993164062,103.04450988769531,87.12113952636719,0.8394567647902093
2024-12-11,73.15274047851562,102.76412200927734,86.29743957519531,0.8476814704887502
2024-12-12,72.95122528076172,102.18463134765625,85.24916076660156,0.8557412721104715
2024-12-13,72.74053955078125,101.614501953125,84.37870025634766,0.8620722922940391
2024-12-16,72.87794494628906,101.745361328125,84.63139343261719,0.861121883858782
2024-12-17,72.72223663330078,101.75469207763672,84.83733367919922,0.8571961597507293
2024-12-18,71.97547912597656,100.4931411743164,83.77650451660156,0.8591368133736536
2024-12-19,71.90180206298828,99.94912719726562,82.50801086425781,0.8714523754703181
2024-12-20,72.35299682617188,100.34307861328125,82.97782135009766,0.8719558509604894
2024-12-23,72.15962982177734,100.05231475830078,82.21671295166016,0.8776759278153586
2024-12-24,72.38981628417969,100.36181640625,82.56436157226562,0.8767683163251917
2024-12-26,72.573974609375,100.45563507080078,82.51740264892578,0.8794990181422024
2024-12-27,72.32537841796875,100.03353881835938,81.84087371826172,0.8837317483553488
2024-12-30,72.4266586303711,100.46499633789062,82.49861145019531,0.8779136685724136
2024-12-31,72.41744232177734,100.21175384521484,82.0569839477539,0.882526249903188
2025-01-02,72.59236907958984,100.22113800048828,82.28251647949219,0.8822332153353929
2025-01-03,72.70287322998047,99.98664855957031,82.01941680908203,0.8864105117842055
2025-01-06,72.83177947998047,99.7333984375,81.65294647216797,0.8919675605926326
2025-01-07,72.59236907958984,99.2737808227539,80.73211669921875,0.8991758428686452
2025-01-08,72.68446350097656,99.43325805664062,80.83549499511719,0.8991651935250352
2025-01-10,72.30693817138672,98.86109924316406,80.29988098144531,0.9004613367745152
2025-01-13,72.28853607177734,98.57971954345703,80.27172088623047,0.9005479797079754
2025-01-14,72.38060760498047,98.69226837158203,80.1401596069336,0.9031752364855312
2025-01-15,73.01593017578125,99.87409210205078,81.52140045166016,0.8956657978303206
2025-01-16,73.09880065917969,100.07106018066406,81.78450775146484,0.8937976478542834
2025-01-17,73.16325378417969,100.15547180175781,81.92544555664062,0.8930467608332623
2025-01-21,73.35662078857422,100.73701477050781,82.6583480834961,0.887467781408771
2025-01-22,73.25531768798828,100.4181137084961,82.22614288330078,0.8909005715123435
2025-01-23,73.34740447998047,100.27742004394531,81.5871810913086,0.8990064799259757
2025-01-24,73.43026733398438,100.47437286376953,81.95362854003906,0.8959977568059657
2025-01-27,73.48551177978516,101.16848754882812,82.92143249511719,0.88620649171868
2025-01-28,73.4579086303711,101.02779388427734,82.86504364013672,0.8864764369084437
2025-01-29,73.41188049316406,100.896484375,82.6959457397461,0.8877325222714052
2025-01-30,73.54996490478516,101.12158203125,83.00599670410156,0.8860801366794605
2025-01-31,73.40265655517578,100.79328155517578,82.46102905273438,0.8901496549143754
2025-02-03,73.3101577758789,100.95237731933594,83.13243103027344,0.8818478765426978
2025-02-04,73.54139709472656,101.15007019042969,83.38703918457031,0.8819283885586675
2025-02-05,73.73561096191406,101.85608673095703,84.7637710571289,0.8698953579143841
2025-02-06,73.62464141845703,101.66781616210938,84.72604370117188,0.868972965126645
2025-02-07,73.39340209960938,101.22537231445312,84.17912292480469,0.8718717842328917
2025-02-10,73.54139709472656,101.2536392211914,83.92452239990234,0.8762801978699392
2025-02-11,73.5136489868164,101.02769470214844,83.38703918457031,0.8815956257194841
2025-02-12,73.35639953613281,100.48170471191406,82.25547790527344,0.8918117237202253
2025-02-13,73.68937683105469,101.26302337646484,83.62278747558594,0.8812116775295089
2025-02-14,73.77262115478516,101.65840911865234,84.06597137451172,0.877556280485121
2025-02-18,73.70785522460938,101.24422454833984,83.07583618164062,0.887235790963949
2025-02-19,73.76337432861328,101.30070495605469,83.17958068847656,0.8867966599263253
2025-02-20,73.80963134765625,101.54544830322266,83.49075317382812,0.8840455804007932
2025-02-21,73.67089080810547,101.90316009521484,84.4997329711914,0.8718476167637379
2025-02-24,73.76337432861328,102.166748046875,84.74491882324219,0.8704164845855383
2025-02-25,73.9483642578125,102.94810485839844,86.20651245117188,0.8578048473970862
2025-02-26,74.05010223388672,103.16458892822266,86.7157211303711,0.8539409148493098
2025-02-27,73.911376953125,102.73157501220703,86.10277557373047,0.8584087616296889
2025-02-28,74.11483001708984,103.18343353271484,87.15892028808594,0.8503413049647526
2025-03-03,73.96057891845703,103.50945281982422,87.565673828125,0.8446298153729483
2025-03-04,73.95130157470703,103.16925811767578,86.4873046875,0.8550538352641622
2025-03-05,73.98847198486328,102.8385238647461,85.79676818847656,0.8623689860010454
2025-03-06,73.7096939086914,102.5172348022461,85.51297760009766,0.8619708490727053
2025-03-07,73.83048248291016,102.35659790039062,85.23866271972656,0.8661619050227516
2025-03-10,73.55171966552734,102.70622253417969,86.12783813476562,0.8539831169387971
2025-03-11,73.29151916503906,102.03532409667969,85.51297760009766,0.8570806586549661
2025-03-12,73.3751449584961,101.73294067382812,85.0021743774414,0.8632149176876704
2025-03-13,72.96627044677734,102.05420684814453,85.74946594238281,0.8509239054130691
2025-03-14,73.30081176757812,102.0069580078125,85.29541015625,0.8593758050204654
2025-03-17,73.47737121582031,102.21485137939453,85.72108459472656,0.857168006718624
2025-03-18,73.3472671508789,102.46055603027344,85.80620574951172,0.8548014273582571
2025-03-19,73.83048248291016,103.06529998779297,86.25081634521484,0.8559974920980123
2025-03-20,73.728271484375,102.91411590576172,86.30757904052734,0.8542502559335433
2025-03-21,73.61676025390625,102.77238464355469,85.79676818847656,0.8580365182542363
2025-03-24,73.83048248291016,102.32825469970703,84.91703796386719,0.8694425082787928
2025-03-25,73.79332733154297,102.43220520019531,84.9075927734375,0.8691016306215253
2025-03-26,73.49595642089844,102.01641082763672,84.34947967529297,0.8713267314015967
2025-03-27,73.35657501220703,101.89356994628906,84.1035385131836,0.8722174632486844
2025-03-28,73.22647094726562,102.5077896118164,85.26702880859375,0.8587899915176287
2025-03-31,73.31010437011719,102.70622253417969,86.10892486572266,0.8513647625311335
2025-04-01,73.48004150390625,103.07333374023438,86.8551025390625,0.8460071930818238
2025-04-02,73.62946319580078,103.31047058105469,86.79814910888672,0.8482837935107803
2025-04-03,72.71435546875,103.30099487304688,87.19686889648438,0.8339101666032611
2025-04-04,71.6778335571289,103.18714904785156,88.14620971679688,0.8131697753927382
2025-04-07,71.06153869628906,101.17615509033203,85.48805236816406,0.8312452644289337
2025-04-08,70.73469543457031,99.89557647705078,83.87419128417969,0.8433428013023627
2025-04-09,72.63029479980469,101.5650863647461,84.36782836914062,0.8608766659492543
2025-04-10,71.44438934326172,99.83865356445312,82.04195404052734,0.8708274952589427
2025-04-11,71.65914916992188,99.8196792602539,82.48814392089844,0.8687205913935829
2025-04-14,72.01399993896484,100.4362564086914,83.07673645019531,0.8668371317418974
2025-04-15,72.2101058959961,100.97695922851562,83.37101745605469,0.8661295987428537
2025-04-16,72.20075988769531,101.40381622314453,83.83621215820312,0.8612120947383557
2025-04-17,72.62095642089844,101.26152801513672,83.09571075439453,0.873943501555017
2025-04-21,72.1914291381836,100.17066192626953,81.64322662353516,0.8842304759838227
2025-04-22,72.47154998779297,100.41728973388672,82.09890747070312,0.8827346455694838
2025-04-23,72.83572387695312,100.86312103271484,82.89635467529297,0.8786360288368822
2025-04-24,73.48939514160156,101.8970947265625,83.76974487304688,0.8772784882295488
2025-04-25,73.55474853515625,102.43777465820312,84.3868179321289,0.8716378972165447
2025-04-28,73.59210205078125,102.6749267578125,84.91845703125,0.8666208104052026
2025-04-29,73.7882080078125,102.91205596923828,85.63046264648438,0.8617051190350182
2025-04-30,73.39601135253906,102.42829895019531,84.93743133544922,0.8641185658496213
2025-05-01,73.4908218383789,102.06827545166016,84.50675201416016,0.8696443785469901
2025-05-02,73.71607208251953,101.82067108154297,83.59203338623047,0.8818552330449981
2025-05-05,73.68790435791016,101.67780303955078,83.12516021728516,0.8864693212655895
2025-05-06,73.63158416748047,101.87779998779297,83.4014663696289,0.8828571891188451
2025-05-07,73.69730377197266,102.08733367919922,83.75403594970703,0.8799254022364572
2025-05-08,73.67851257324219,101.57303619384766,82.82025909423828,0.8896194406903024
2025-05-09,73.72545623779297,101.5349349975586,82.9441146850586,0.8888569914541958
2025-05-12,74.4575424194336,101.51587677001953,82.17230987548828,0.9061147548639621
2025-05-13,74.58893585205078,101.60160827636719,81.83882141113281,0.9114126348098189
2025-05-14,74.31675720214844,101.08731842041016,81.29570770263672,0.9141535180920514
2025-05-15,74.4575424194336,101.81114196777344,82.01033020019531,0.9079044339618605
2025-05-16,74.54200744628906,102.00161743164062,82.22947692871094,0.9065119982571876
2025-05-19,74.50446319580078,102.01114654541016,81.99130249023438,0.908687396503729
2025-05-20,74.46691131591797,101.7635269165039,81.4005355834961,0.9148209011417867
2025-05-21,73.96949005126953,100.63015747070312,80.00939178466797,0.9245100906446854
2025-05-22,74.1196517944336,101.14446258544922,80.42863464355469,0.9215580013625573
2025-05-23,74.10088348388672,101.22063446044922,80.56202697753906,0.9197991443853103
2025-05-27,74.55139923095703,102.13494873046875,81.6863784790039,0.9126539897973222
2025-05-28,74.50446319580078,101.88732147216797,81.33380889892578,0.9160331257618601
2025-05-29,74.61711120605469,102.344482421875,82.08655548095703,0.9090052660738681
2025-05-30,74.68280029296875,102.63971710205078,82.2104263305664,0.9084346551454529
2025-06-02,74.66960144042969,102.34912872314453,81.44532775878906,0.9168064454424375
2025-06-03,74.8110580444336,102.39692687988281,81.30187225341797,0.9201640253898151
2025-06-04,74.95250701904297,103.14253234863281,82.62165832519531,0.9071774706340692
2025-06-05,74.79218292236328,102.82707977294922,82.67904663085938,0.9046086762017358
2025-06-06,74.78275299072266,102.20574951171875,81.62702941894531,0.9161518374863936
2025-06-09,74.82048034667969,102.51162719726562,81.71311950683594,0.9156483169195416
2025-06-10,74.99967956542969,102.76016235351562,82.1339111328125,0.9131390254161087
2025-06-11,74.9808120727539,103.08516693115234,82.3825912475586,0.9101536008674158
2025-06-12,75.06568145751953,103.65872192382812,83.36764526367188,0.9004174367658434
2025-06-13,74.83934020996094,103.03738403320312,82.56430053710938,0.9064370402595929
2025-06-16,74.99022674560547,102.85576629638672,81.73223114013672,0.9175110687609699
2025-06-17,74.90536499023438,103.20943450927734,82.72687530517578,0.9054538167181077
2025-06-18,75.01852416992188,103.28594207763672,82.8703384399414,0.9052518136424654
2025-06-20,75.25428771972656,103.3719482421875,82.71730041503906,0.9097768827335228
2025-06-23,75.39574432373047,103.63005065917969,82.98509216308594,0.9085456478804584
2025-06-24,75.60321044921875,104.1175537109375,83.58761596679688,0.9044786069655374
2025-06-25,75.58433532714844,103.99330139160156,83.69282531738281,0.9031160680800884
2025-06-26,75.80125427246094,104.37565612792969,84.11360931396484,0.9011770495963742
2025-06-27,75.76351928710938,104.20359802246094,83.57805633544922,0.9065001342340938
2025-06-30,76.05587005615234,104.77714538574219,84.40052795410156,0.901130264226698
2025-07-01,75.96015930175781,104.90377807617188,84.60980987548828,0.8977701216152206
2025-07-02,76.102294921875,104.88459014892578,84.07225036621094,0.9052011167820588
2025-07-03,76.14966583251953,104.6351318359375,83.48666381835938,0.9121177245529557
2025-07-07,75.89383697509766,104.01151275634766,82.6899185180664,0.9178124532619546
2025-07-08,75.78961944580078,103.7140884399414,82.58431243896484,0.917724168277289
2025-07-09,75.9980697631836,104.3089370727539,83.44827270507812,0.9107207051699566
2025-07-10,75.92224884033203,104.328125,83.50587463378906,0.9091845235234688
2025-07-11,75.8275146484375,103.69490814208984,82.35393524169922,0.9207515636732181
2025-07-14,75.88436889648438,103.66613006591797,82.18113708496094,0.923379398097561
2025-07-15,75.65696716308594,103.29195404052734,81.60517120361328,0.9271099618713382
2025-07-16,75.8559341430664,103.45504760742188,81.72037506103516,0.9282377141124386
2025-07-17,75.9317398071289,103.7044906616211,81.701171875,0.9293837293215558
2025-07-18,76.03596496582031,103.89636993408203,81.82594299316406,0.9292403140672946
2025-07-21,76.14019012451172,104.2993392944336,82.55550384521484,0.9222909022185687
2025-07-22,76.27284240722656,104.54878997802734,83.05467987060547,0.9183449087523469
2025-07-23,76.31074523925781,104.38569641113281,82.59391784667969,0.9239269334688128
2025-07-24,76.21598815917969,104.23218536376953,82.44992065429688,0.9243912856962548
2025-07-25,76.26335144042969,104.56797790527344,82.96829986572266,0.9191866238533949
2025-07-28,76.22547149658203,104.35690307617188,82.43071746826172,0.9247216794628909
2025-07-29,76.27284240722656,105.04769134521484,83.82263946533203,0.9099312893716742
2025-07-30,76.11175537109375,104.65432739257812,83.39067840576172,0.9127129893433623
2025-07-31,76.15914154052734,104.68310546875,83.43866729736328,0.9127559680346671
2025-08-01,76.1629409790039,105.61176300048828,84.62487030029297,0.9000065903644904
2025-08-04,76.42005920410156,105.7948226928711,84.85614776611328,0.9005836491038471
2025-08-05,76.38197326660156,105.87187194824219,85.11634063720703,0.8973831898174038
2025-08-06,76.45814514160156,105.84297943115234,84.62487030029297,0.9034949757711696
2025-08-07,76.38197326660156,105.73701477050781,84.48033905029297,0.9041390473247239
2025-08-08,76.39148712158203,105.39984893798828,84.11416625976562,0.9081881271421746
2025-08-11,76.39148712158203,105.56360626220703,84.21051788330078,0.9071490004068804
2025-08-12,76.5628890991211,105.65992736816406,83.78654479980469,0.9137850150290427
2025-08-13,76.76287841796875,106.21868896484375,84.48033905029297,0.9086478496762442
2025-08-14,76.5628890991211,105.85261535644531,83.8539810180664,0.9130501398928879
2025-08-15,76.62002563476562,105.71774291992188,83.25653839111328,0.9202883895415951
2025-08-18,76.5628890991211,105.52507781982422,83.01564025878906,0.9222706571972165
2025-08-19,76.54385375976562,105.6888427734375,83.4974594116211,0.9167207517347806
2025-08-20,76.5152816772461,105.73701477050781,83.6805419921875,0.914373638789166
2025-08-21,76.37244415283203,105.3323974609375,83.26619720458984,0.917208263578803
2025-08-22,76.99142456054688,106.16088104248047,83.88290405273438,0.9178440521342102
2025-08-25,76.83906555175781,105.88151550292969,83.6419906616211,0.9186661501471798
2025-08-26,77.01046752929688,105.95858764648438,83.59381103515625,0.9212460417304018
2025-08-27,77.10570526123047,105.99712371826172,83.4974594116211,0.9234497169682623
2025-08-28,77.1437759399414,106.16088104248047,84.04669952392578,0.9178679993017537
2025-08-29,77.00094604492188,105.77554321289062,83.44927215576172,0.9227275931322234
2025-09-02,76.9177017211914,105.42173767089844,82.82826232910156,0.9286407749998941
2025-09-03,77.12820434570312,106.05008697509766,83.7375259399414,0.921070971227659
2025-09-04,77.33870697021484,106.77513885498047,84.37593078613281,0.9165967859512545
2025-09-05,77.37698364257812,107.47118377685547,85.66240692138672,0.9032781872868432
2025-09-08,77.37698364257812,107.84820556640625,86.80380249023438,0.8914008536813028
2025-09-09,77.2908706665039,107.65486145019531,86.31048583984375,0.8954980372827875
2025-09-10,77.3482666015625,107.97388458251953,86.80380249023438,0.8910700266876483
2025-09-11,77.53962707519531,108.4765853881836,87.38416290283203,0.8873418763697092
2025-09-12,77.46308898925781,108.28324127197266,87.00691986083984,0.8903095192101206
2025-09-15,77.68315124511719,108.62158966064453,87.21005249023438,0.8907591387336455
2025-09-16,77.62574768066406,108.52490997314453,87.39383697509766,0.8882290830505937
2025-09-17,77.54920196533203,108.3315658569336,87.17137145996094,0.8896177800867971
2025-09-18,77.72142791748047,108.10921478271484,86.27178955078125,0.9008904106681609
2025-09-19,77.75013732910156,108.022216796875,86.10734558105469,0.9029443052092889
2025-09-22,77.80754089355469,107.78052520751953,85.79783630371094,0.9068706653408851
2025-09-23,77.75013732910156,107.99321746826172,86.39754486083984,0.899911420565635
2025-09-24,77.64488220214844,107.55818939208984,86.06866455078125,0.9021271865597181
2025-09-25,77.42481994628906,107.36483764648438,86.06866455078125,0.8995703645501291
2025-09-26,77.5779037475586,107.50984191894531,85.99128723144531,0.9021600472005714
2025-09-29,77.71186065673828,107.86754608154297,86.69739532470703,0.8963575014645445
2025-09-30,77.68315124511719,107.76119995117188,86.44590759277344,0.8986330690292992
2025-10-01,77.82831573486328,108.19393920898438,86.66915130615234,0.89799328321493
2025-10-02,77.79946899414062,108.36858367919922,86.92152404785156,0.8950541289555725
2025-10-03,77.71295166015625,108.2327651977539,86.75652313232422,0.8957591758446292
2025-10-06,77.732177734375,107.88346099853516,86.06736755371094,0.9031550510228594
2025-10-07,77.6456527709961,108.08721923828125,86.56237030029297,0.8969908344888899
2025-10-08,77.53031158447266,107.95137786865234,86.63031768798828,0.8949558728817015
2025-10-09,77.30919647216797,107.73792266845703,86.56237030029297,0.8931039688952038
2025-10-10,76.85737609863281,108.03868865966797,87.96012115478516,0.8737752414345289
2025-10-13,77.33804321289062,108.40740203857422,87.91157531738281,0.8797253710183319
2025-10-14,77.42455291748047,108.76639556884766,88.19306945800781,0.8778983812820501
2025-10-15,77.67449951171875,108.76639556884766,87.99893951416016,0.8826754042782519
2025-10-16,77.39572143554688,109.07687377929688,88.65897369384766,0.872959816823569
2025-10-17,77.59760284423828,108.86341094970703,88.5230941772461,0.8765803270372344
2025-10-20,77.75139617919922,109.19330596923828,88.8628158569336,0.8749598516479219
2025-10-21,77.63605499267578,109.21271514892578,89.29960632324219,0.8693885470407644
2025-10-22,77.55913543701172,109.31945037841797,89.35784912109375,0.8679610823208944
2025-10-23,77.732177734375,109.18360137939453,88.74635314941406,0.8758915152660357
2025-10-24,77.94367218017578,109.36795806884766,88.78517150878906,0.8778906528604267
2025-10-27,78.13591766357422,109.55230712890625,89.08606719970703,0.8770834780304588
2025-10-28,78.05901336669922,109.56201934814453,89.31901550292969,0.8739349949971053
2025-10-29,77.81869506835938,108.94103240966797,88.41631317138672,0.8801395610956447
2025-10-30,77.67449951171875,108.35887908935547,87.90187072753906,0.8836501301829957
2025-10-31,77.67449951171875,107.92227172851562,87.63980102539062,0.8862925132522292
2025-11-03,77.43294525146484,107.63207244873047,87.42062377929688,0.8857514611992813
2025-11-04,77.4426040649414,107.77815246582031,87.6154556274414,0.8838920429089929
2025-11-05,77.51991271972656,107.45679473876953,86.66077423095703,0.8945213495684976
2025-11-06,77.54888916015625,108.02159881591797,87.44009399414062,0.8868802127014275
2025-11-07,77.61651611328125,107.80735778808594,87.25501251220703,0.8895364733621768
2025-11-10,77.87739562988281,107.86578369140625,87.23553466796875,0.8927256069019994
2025-11-11,77.96436309814453,108.29425811767578,87.63493347167969,0.889649367091032
2025-11-12,77.80976867675781,108.1871337890625,87.79080200195312,0.8863088945813109
2025-11-13,77.49090576171875,107.65156555175781,87.06993865966797,0.8899846141457504
2025-11-14,77.51024627685547,107.35942077636719,86.57310485839844,0.8953155417451361
2025-11-17,77.38462829589844,107.4275894165039,86.78742980957031,0.8916571036346671
2025-11-18,77.40396118164062,107.47627258300781,86.75819396972656,0.89218041132403
2025-11-19,77.4426040649414,107.48600769042969,86.58283996582031,0.894433632524792
2025-11-20,77.39430236816406,107.63207244873047,86.92381286621094,0.8903693914955819
2025-11-21,77.65518188476562,108.01185607910156,87.18682098388672,0.8906756893810515
2025-11-24,77.86773681640625,108.44032287597656,87.68363189697266,0.8880532789506258
2025-11-25,78.13829803466797,108.74217987060547,87.90768432617188,0.8888676642276725
2025-11-26,78.21558380126953,109.11222839355469,88.29736328125,0.8858201524334607
2025-11-28,78.25422668457031,108.92721557617188,87.87846374511719,0.890482415709257
2025-12-01,78.11347961425781,108.34369659423828,86.78450012207031,0.9000856086557402
2025-12-02,78.25908660888672,108.412109375,86.82360076904297,0.9013573028036642
2025-12-03,78.32703399658203,108.6564712524414,87.0680160522461,0.8996074281695021
2025-12-04,78.3852767944336,108.46099090576172,86.59874725341797,0.9051548582458253
2025-12-05,78.3852767944336,108.35347747802734,86.19791412353516,0.9093639630547808
2025-12-08,78.1911392211914,108.12866973876953,85.9144058227539,0.9101051037064026
2025-12-09,78.10376739501953,107.99183654785156,86.00239562988281,0.9081580440054767
2025-12-10,78.3658676147461,108.49031066894531,86.33478546142578,0.9076974848076713
2025-12-11,78.35615539550781,108.33392333984375,86.21747589111328,0.908819871907016
2025-12-12,78.2105484008789,107.67908477783203,85.386474609375,0.91595945093969
2025-12-15,78.2493896484375,107.80614471435547,85.44514465332031,0.9157850918963458
2025-12-16,78.29792022705078,108.05049133300781,85.9144058227539,0.911347980321061
2025-12-17,78.20085144042969,107.9332046508789,85.83619689941406,0.9110474865524186
2025-12-18,78.4144058227539,108.34369659423828,86.2468032836914,0.9091862287907134
2025-12-19,78.37635803222656,108.06501770019531,85.92488861083984,0.912149661167428
2025-12-22,78.44462585449219,108.04540252685547,85.73841857910156,0.9149297030959327
2025-12-23,78.50315856933594,108.1533432006836,85.87581634521484,0.9141474504738175
2025-12-24,78.64945983886719,108.57527923583984,86.39598083496094,0.9103370212221834
2025-12-26,78.61043548583984,108.56546783447266,86.11136627197266,0.912892674789969
2025-12-29,78.63969421386719,108.71265411376953,86.43523406982422,0.9098106236438299
2025-12-30,78.71772766113281,108.58509826660156,86.2291259765625,0.9128902417789632
2025-12-31,78.63969421386719,108.12390899658203,85.5421371459961,0.9193094402078311
2026-01-02,78.67870330810547,108.09447479248047,85.41453552246094,0.9211395089471137
2026-01-05,78.8835220336914,108.39865112304688,85.83656311035156,0.9189967442228398
2026-01-06,78.90303802490234,108.39865112304688,85.65989685058594,0.9211199280630773
2026-01-07,78.8835220336914,108.47715759277344,86.16043853759766,0.9155422531800272
2026-01-08,78.94205474853516,108.17296600341797,85.72859954833984,0.9208368638288795
2026-01-09,79.00056457519531,108.56546783447266,86.29783630371094,0.9154408494920535
2026-01-12,79.03958129882812,108.43791198730469,86.04266357421875,0.9186091877624186
2026-01-13,79.03958129882812,108.67340850830078,86.18988037109375,0.9170401555092113
2026-01-14,79.03958129882812,108.94816589355469,86.69041442871094,0.9117453390861985
2026-01-15,79.03958129882812,108.81078338623047,86.6707763671875,0.9119519244176466
2026-01-16,79.08834075927734,108.49678039550781,86.17024993896484,0.9178149165784748
2026-01-20,78.8835220336914,107.83934783935547,85.04159545898438,0.927587513003998
2026-01-21,79.11760711669922,108.4869613647461,85.6893539428711,0.9233073127082596
2026-01-22,79.1761245727539,108.69303131103516,86.06228637695312,0.9199863018507571
2026-01-23,79.13711547851562,108.76171112060547,86.29783630371094,0.9170231707780675
2026-01-26,79.1761245727539,108.85002899169922,86.71004486083984,0.913113638677306
2026-01-27,79.16637420654297,108.7322769165039,86.17024993896484,0.9187204895264575
2026-01-28,79.03958129882812,108.57527923583984,85.97396850585938,0.9193431764574337
2026-01-29,79.02982330322266,108.6047134399414,85.99359130859375,0.9190199188171925
2026-01-30,79.11760711669922,108.49678039550781,85.51268768310547,0.9252148337319807
2026-02-02,79.1656265258789,108.39631652832031,85.26835632324219,0.9284291376014268
2026-02-03,79.11662292480469,108.445556640625,85.47525787353516,0.9256084730608432
2026-02-04,79.01860809326172,108.30767059326172,85.25850677490234,0.9268120106992365
2026-02-05,78.9303970336914,108.82966613769531,86.18458557128906,0.9158296290512735
2026-02-06,79.20482635498047,108.88875579833984,86.24369049072266,0.9183840105207538
2026-02-09,79.31265258789062,108.88875579833984,86.2239990234375,0.9198442833338288
2026-02-10,79.23423767089844,109.14482879638672,87.21903991699219,0.9084511563794669
2026-02-11,79.22444152832031,109.02664184570312,86.75598907470703,0.9131870015348315
2026-02-12,79.18524169921875,109.53878021240234,87.90867614746094,0.9007670820385327
2026-02-13,79.24403381347656,109.90318298339844,88.39142608642578,0.8965126746116162
2026-02-17,79.20482635498047,110.01152801513672,88.53919982910156,0.8945735505613523
2026-02-18,79.30284881591797,109.90318298339844,88.20423889160156,0.8990820601419968
2026-02-19,79.33226013183594,109.99182891845703,88.29290008544922,0.8985123385352476
2026-02-20,79.39105224609375,109.90318298339844,88.08601379394531,0.9012901007395885
2026-02-23,79.2636489868164,110.02137756347656,88.41111755371094,0.8965348609993837
2026-02-24,79.20482635498047,109.99182891845703,88.56875610351562,0.8942750224741672
2026-02-25,79.31265258789062,109.9622802734375,88.57861328125,0.8953928002469558
2026-02-26,79.24403381347656,110.0312271118164,88.93327331542969,0.8910504568117357
2026-02-27,79.11662292480469,109.99182891845703,89.47512817382812,0.8842303390848526
2026-03-02,79.0713119506836,109.61924743652344,88.57661437988281,0.8926883523857283
2026-03-03,78.91372680664062,109.56983947753906,88.39868927001953,0.8927024536030566
2026-03-04,79.18951416015625,109.66865539550781,88.1219253540039,0.8986357690442609
2026-03-05,78.87432098388672,109.23382568359375,87.76607513427734,0.8986880279562836
2026-03-06,78.49019622802734,108.86817169189453,87.43987274169922,0.8976476493726201
2026-03-09,78.96296691894531,109.52041625976562,88.20099639892578,0.8952616199685814
2026-03-10,78.83493041992188,108.76933288574219,87.26194763183594,0.903428499585315
2026-03-11,78.65763854980469,107.87989807128906,86.13509368896484,0.9131892145359316
2026-03-12,78.15531158447266,107.29681396484375,85.96705627441406,0.909130950523586
2026-03-13,78.00757598876953,106.90149688720703,85.5420150756836,0.9119211877315733
2026-03-16,78.25381469726562,107.41539764404297,86.20428466796875,0.9077717540221373
2026-03-17,78.60839080810547,108.01824951171875,86.44152069091797,0.9093823220576973
2026-03-18,78.2045669555664,107.43516540527344,85.95716857910156,0.9098085505643329
2026-03-19,78.46064758300781,107.90953826904297,86.4810562133789,0.9072582021826613
2026-03-20,77.7317886352539,106.58525085449219,84.84020233154297,0.9162140883574225
2026-03-23,78.24395751953125,107.28691864013672,85.39374542236328,0.9162726981060652
2026-03-24,77.97802734375,107.06949615478516,85.01812744140625,0.9171929527322484
2026-03-25,78.2242660522461,107.45494079589844,85.83855438232422,0.9112952404095234
2026-03-26,77.7317886352539,106.61489868164062,85.11697387695312,0.9132348707277188
2026-03-27,77.53480529785156,106.35795593261719,84.65239715576172,0.915919783762134
2026-03-30,77.62344360351562,107.03985595703125,85.77925109863281,0.9049209757527578
2026-03-31,78.36215209960938,107.71187591552734,85.6902847290039,0.9144811730691548
2026-04-01,78.55416107177734,107.82699584960938,85.6059341430664,0.9176251840263318
2026-04-02,78.74220275878906,108.28346252441406,86.13191223144531,0.9142047438491864
2026-04-06,78.88076782226562,108.11476135253906,85.99297332763672,0.9172931783824557
2026-04-07,78.90056610107422,108.23384857177734,85.98304748535156,0.9176293282058426
2026-04-08,79.36573791503906,108.65062713623047,86.26092529296875,0.9200659237712614
2026-04-09,79.4548110961914,108.65062713623047,86.04258728027344,0.9234358659785167
2026-04-10,79.13809204101562,108.36284637451172,85.83418273925781,0.9219880648414491
2026-04-13,79.43501281738281,108.77963256835938,86.09220886230469,0.9226736526696702
2026-04-14,79.67254638671875,109.13687133789062,86.54872131347656,0.920551397843851
2026-04-15,79.6329574584961,109.09717559814453,86.1716079711914,0.9241205930045858
2026-04-16,79.52408599853516,108.59107971191406,85.62577819824219,0.928740008813931
2026-04-17,79.82100677490234,109.1964111328125,86.4097900390625,0.9237495744269066
2026-04-20,79.7517318725586,109.18648529052734,86.38993835449219,0.9231599581111587
2026-04-21,79.54388427734375,108.76970672607422,85.91358184814453,0.9258592479352163
2026-04-22,79.67254638671875,108.97809600830078,86.08228302001953,0.92553942102337
2026-04-23,79.54388427734375,108.68038940429688,85.89373016357422,0.9260732317232241
2026-04-24,79.65275573730469,108.75978088378906,86.05252075195312,0.9256295462500652
2026-04-27,79.68244171142578,108.45216369628906,85.62577819824219,0.9305894017914057
2026-04-28,79.57357788085938,108.50177764892578,85.71509552001953,0.9283496378099964
2026-04-29,79.30635070800781,107.8964614868164,85.0501708984375,0.9324655067737764
2026-04-30,79.55377960205078,108.0155258178711,84.97077941894531,0.9362486744980152
2026-05-01,79.65227508544922,108.18987274169922,85.27458953857422,0.9340681147391308
2026-05-04,79.39360046386719,107.84119415283203,84.62712860107422,0.9381577961615892
2026-05-05,79.51298522949219,108.23968505859375,85.09529113769531,0.9343993559036043
2026-05-06,79.75177001953125,108.77764892578125,85.74274444580078,0.9301284969942091
2026-05-07,79.45329284667969,108.329345703125,85.3144302368164,0.9312995776462747
2026-05-08,79.73186492919922,108.78760528564453,85.74274444580078,0.9298963480180982
2026-05-11,79.57268524169922,108.51863098144531,85.22477722167969,0.9336801788841441
2026-05-12,79.46324920654297,108.1500244140625,84.65701293945312,0.9386493386363071
2026-05-13,79.50304412841797,108.20980072021484,84.46776580810547,0.9412234758171965
2026-05-14,79.44334411621094,108.14006805419922,84.58728790283203,0.9391877442325601
2026-05-15,79.05532836914062,107.45266723632812,83.33222961425781,0.9486765052979522
2026-05-18,79.13492584228516,107.25342559814453,83.23261260986328,0.9507682549052588
2026-05-19,78.94589233398438,106.71546173095703,82.69473266601562,0.9546665160987711
2026-05-20,79.45329284667969,107.54232788085938,83.58125305175781,0.9506114104017813
2026-05-21,79.49309539794922,107.7614974975586,83.89002990722656,0.9475869240463988
2026-05-22,79.50304412841797,107.96074676513672,84.34822845458984,0.9425573670610006
2026-05-26,79.77166748046875,108.36919403076172,84.7665786743164,0.9410745216810187
2026-05-27,79.72191619873047,108.51863098144531,84.96580505371094,0.9382823613374162
2026-05-28,79.8214111328125,108.84738159179688,85.4040756225586,0.9346323410323114
2026-05-29,79.9010009765625,108.94700622558594,85.42400360107422,0.9353460105861596
2026-06-01,79.83999633789062,108.93000030517578,85.47000122070312,0.9341288779407579
2026-06-02,79.9000015258789,108.91999816894531,85.6500015258789,0.9328663175999752
2026-06-03,79.68000030517578,108.62000274658203,85.30999755859375,0.9340054224060773
2026-06-04,79.83000183105469,108.8499984741211,85.5,0.9336842319421601
2026-06-05,79.43000030517578,108.16999816894531,85.05999755859375,0.9338114576180215
